Zeit;Verbrauch 
01.01. 00:00;6,4415
01.01. 00:15;6,1563
01.01. 00:30;5,8613
01.01. 00:45;5,6056
01.01. 01:00;5,3892
01.01. 01:15;5,222
01.01. 01:30;5,0843
01.01. 01:45;4,9663
01.01. 02:00;4,8582
01.01. 02:15;4,7696
01.01. 02:30;4,7106
01.01. 02:45;4,691
01.01. 03:00;4,7106
01.01. 03:15;4,7893
01.01. 03:30;4,9368
01.01. 03:45;5,1434
01.01. 04:00;5,4187
01.01. 04:15;5,7236
01.01. 04:30;6,0186
01.01. 04:45;6,2448
01.01. 05:00;6,3923
01.01. 05:15;6,4907
01.01. 05:30;6,5988
01.01. 05:45;6,7955
01.01. 06:00;7,1299
01.01. 06:15;7,5823
01.01. 06:30;8,1527
01.01. 06:45;8,8214
01.01. 07:00;9,5983
01.01. 07:15;10,552
01.01. 07:30;11,791
01.01. 07:45;13,414
01.01. 08:00;15,45
01.01. 08:15;17,653
01.01. 08:30;19,718
01.01. 08:45;21,321
01.01. 09:00;22,245
01.01. 09:15;22,619
01.01. 09:30;22,658
01.01. 09:45;22,609
01.01. 10:00;22,619
01.01. 10:15;22,737
01.01. 10:30;22,914
01.01. 10:45;23,16
01.01. 11:00;23,416
01.01. 11:15;23,602
01.01. 11:30;23,642
01.01. 11:45;23,435
01.01. 12:00;22,914
01.01. 12:15;22,137
01.01. 12:30;21,213
01.01. 12:45;20,219
01.01. 13:00;19,246
01.01. 13:15;18,361
01.01. 13:30;17,623
01.01. 13:45;17,092
01.01. 14:00;16,817
01.01. 14:15;16,787
01.01. 14:30;16,984
01.01. 14:45;17,367
01.01. 15:00;17,908
01.01. 15:15;18,508
01.01. 15:30;19,069
01.01. 15:45;19,482
01.01. 16:00;19,678
01.01. 16:15;19,737
01.01. 16:30;19,757
01.01. 16:45;19,846
01.01. 17:00;20,062
01.01. 17:15;20,239
01.01. 17:30;20,21
01.01. 17:45;19,757
01.01. 18:00;18,754
01.01. 18:15;17,367
01.01. 18:30;15,784
01.01. 18:45;14,24
01.01. 19:00;12,912
01.01. 19:15;11,811
01.01. 19:30;10,946
01.01. 19:45;10,287
01.01. 20:00;9,8343
01.01. 20:15;9,5098
01.01. 20:30;9,2541
01.01. 20:45;9,0082
01.01. 21:00;8,7034
01.01. 21:15;8,3788
01.01. 21:30;8,074
01.01. 21:45;7,8085
01.01. 22:00;7,6314
01.01. 22:15;7,5134
01.01. 22:30;7,4347
01.01. 22:45;7,3462
01.01. 23:00;7,2479
01.01. 23:15;7,1102
01.01. 23:30;6,9332
01.01. 23:45;6,707
02.01. 00:00;6,4415
02.01. 00:15;6,1563
02.01. 00:30;5,8613
02.01. 00:45;5,6056
02.01. 01:00;5,3892
02.01. 01:15;5,222
02.01. 01:30;5,0843
02.01. 01:45;4,9663
02.01. 02:00;4,8582
02.01. 02:15;4,7696
02.01. 02:30;4,7106
02.01. 02:45;4,691
02.01. 03:00;4,7106
02.01. 03:15;4,7893
02.01. 03:30;4,9368
02.01. 03:45;5,1434
02.01. 04:00;5,4187
02.01. 04:15;5,7236
02.01. 04:30;6,0186
02.01. 04:45;6,2448
02.01. 05:00;6,3923
02.01. 05:15;6,4907
02.01. 05:30;6,5988
02.01. 05:45;6,7955
02.01. 06:00;7,1299
02.01. 06:15;7,5823
02.01. 06:30;8,1527
02.01. 06:45;8,8214
02.01. 07:00;9,5983
02.01. 07:15;10,552
02.01. 07:30;11,791
02.01. 07:45;13,414
02.01. 08:00;15,45
02.01. 08:15;17,653
02.01. 08:30;19,718
02.01. 08:45;21,321
02.01. 09:00;22,245
02.01. 09:15;22,619
02.01. 09:30;22,658
02.01. 09:45;22,609
02.01. 10:00;22,619
02.01. 10:15;22,737
02.01. 10:30;22,914
02.01. 10:45;23,16
02.01. 11:00;23,416
02.01. 11:15;23,602
02.01. 11:30;23,642
02.01. 11:45;23,435
02.01. 12:00;22,914
02.01. 12:15;22,137
02.01. 12:30;21,213
02.01. 12:45;20,219
02.01. 13:00;19,246
02.01. 13:15;18,361
02.01. 13:30;17,623
02.01. 13:45;17,092
02.01. 14:00;16,817
02.01. 14:15;16,787
02.01. 14:30;16,984
02.01. 14:45;17,367
02.01. 15:00;17,908
02.01. 15:15;18,508
02.01. 15:30;19,069
02.01. 15:45;19,482
02.01. 16:00;19,678
02.01. 16:15;19,737
02.01. 16:30;19,757
02.01. 16:45;19,846
02.01. 17:00;20,062
02.01. 17:15;20,239
02.01. 17:30;20,21
02.01. 17:45;19,757
02.01. 18:00;18,754
02.01. 18:15;17,367
02.01. 18:30;15,784
02.01. 18:45;14,24
02.01. 19:00;12,912
02.01. 19:15;11,811
02.01. 19:30;10,946
02.01. 19:45;10,287
02.01. 20:00;9,8343
02.01. 20:15;9,5098
02.01. 20:30;9,2541
02.01. 20:45;9,0082
02.01. 21:00;8,7034
02.01. 21:15;8,3788
02.01. 21:30;8,074
02.01. 21:45;7,8085
02.01. 22:00;7,6314
02.01. 22:15;7,5134
02.01. 22:30;7,4347
02.01. 22:45;7,3462
02.01. 23:00;7,2479
02.01. 23:15;7,1102
02.01. 23:30;6,9332
02.01. 23:45;6,707
03.01. 00:00;6,4415
03.01. 00:15;6,1563
03.01. 00:30;5,8613
03.01. 00:45;5,6056
03.01. 01:00;5,3892
03.01. 01:15;5,222
03.01. 01:30;5,0843
03.01. 01:45;4,9663
03.01. 02:00;4,8582
03.01. 02:15;4,7696
03.01. 02:30;4,7106
03.01. 02:45;4,691
03.01. 03:00;4,7106
03.01. 03:15;4,7893
03.01. 03:30;4,9368
03.01. 03:45;5,1434
03.01. 04:00;5,4187
03.01. 04:15;5,7236
03.01. 04:30;6,0186
03.01. 04:45;6,2448
03.01. 05:00;6,3923
03.01. 05:15;6,4907
03.01. 05:30;6,5988
03.01. 05:45;6,7955
03.01. 06:00;7,1299
03.01. 06:15;7,5823
03.01. 06:30;8,1527
03.01. 06:45;8,8214
03.01. 07:00;9,5983
03.01. 07:15;10,552
03.01. 07:30;11,791
03.01. 07:45;13,414
03.01. 08:00;15,45
03.01. 08:15;17,653
03.01. 08:30;19,718
03.01. 08:45;21,321
03.01. 09:00;22,245
03.01. 09:15;22,619
03.01. 09:30;22,658
03.01. 09:45;22,609
03.01. 10:00;22,619
03.01. 10:15;22,737
03.01. 10:30;22,914
03.01. 10:45;23,16
03.01. 11:00;23,416
03.01. 11:15;23,602
03.01. 11:30;23,642
03.01. 11:45;23,435
03.01. 12:00;22,914
03.01. 12:15;22,137
03.01. 12:30;21,213
03.01. 12:45;20,219
03.01. 13:00;19,246
03.01. 13:15;18,361
03.01. 13:30;17,623
03.01. 13:45;17,092
03.01. 14:00;16,817
03.01. 14:15;16,787
03.01. 14:30;16,984
03.01. 14:45;17,367
03.01. 15:00;17,908
03.01. 15:15;18,508
03.01. 15:30;19,069
03.01. 15:45;19,482
03.01. 16:00;19,678
03.01. 16:15;19,737
03.01. 16:30;19,757
03.01. 16:45;19,846
03.01. 17:00;20,062
03.01. 17:15;20,239
03.01. 17:30;20,21
03.01. 17:45;19,757
03.01. 18:00;18,754
03.01. 18:15;17,367
03.01. 18:30;15,784
03.01. 18:45;14,24
03.01. 19:00;12,912
03.01. 19:15;11,811
03.01. 19:30;10,946
03.01. 19:45;10,287
03.01. 20:00;9,8343
03.01. 20:15;9,5098
03.01. 20:30;9,2541
03.01. 20:45;9,0082
03.01. 21:00;8,7034
03.01. 21:15;8,3788
03.01. 21:30;8,074
03.01. 21:45;7,8085
03.01. 22:00;7,6314
03.01. 22:15;7,5134
03.01. 22:30;7,4347
03.01. 22:45;7,3462
03.01. 23:00;7,2479
03.01. 23:15;7,1102
03.01. 23:30;6,9332
03.01. 23:45;6,707
04.01. 00:00;6,4415
04.01. 00:15;6,1563
04.01. 00:30;5,8613
04.01. 00:45;5,6056
04.01. 01:00;5,3892
04.01. 01:15;5,222
04.01. 01:30;5,0843
04.01. 01:45;4,9663
04.01. 02:00;4,8582
04.01. 02:15;4,7696
04.01. 02:30;4,7106
04.01. 02:45;4,691
04.01. 03:00;4,7106
04.01. 03:15;4,7893
04.01. 03:30;4,9368
04.01. 03:45;5,1434
04.01. 04:00;5,4187
04.01. 04:15;5,7236
04.01. 04:30;6,0186
04.01. 04:45;6,2448
04.01. 05:00;6,3923
04.01. 05:15;6,4907
04.01. 05:30;6,5988
04.01. 05:45;6,7955
04.01. 06:00;7,1299
04.01. 06:15;7,5823
04.01. 06:30;8,1527
04.01. 06:45;8,8214
04.01. 07:00;9,5983
04.01. 07:15;10,552
04.01. 07:30;11,791
04.01. 07:45;13,414
04.01. 08:00;15,45
04.01. 08:15;17,653
04.01. 08:30;19,718
04.01. 08:45;21,321
04.01. 09:00;22,245
04.01. 09:15;22,619
04.01. 09:30;22,658
04.01. 09:45;22,609
04.01. 10:00;22,619
04.01. 10:15;22,737
04.01. 10:30;22,914
04.01. 10:45;23,16
04.01. 11:00;23,416
04.01. 11:15;23,602
04.01. 11:30;23,642
04.01. 11:45;23,435
04.01. 12:00;22,914
04.01. 12:15;22,137
04.01. 12:30;21,213
04.01. 12:45;20,219
04.01. 13:00;19,246
04.01. 13:15;18,361
04.01. 13:30;17,623
04.01. 13:45;17,092
04.01. 14:00;16,817
04.01. 14:15;16,787
04.01. 14:30;16,984
04.01. 14:45;17,367
04.01. 15:00;17,908
04.01. 15:15;18,508
04.01. 15:30;19,069
04.01. 15:45;19,482
04.01. 16:00;19,678
04.01. 16:15;19,737
04.01. 16:30;19,757
04.01. 16:45;19,846
04.01. 17:00;20,062
04.01. 17:15;20,239
04.01. 17:30;20,21
04.01. 17:45;19,757
04.01. 18:00;18,754
04.01. 18:15;17,367
04.01. 18:30;15,784
04.01. 18:45;14,24
04.01. 19:00;12,912
04.01. 19:15;11,811
04.01. 19:30;10,946
04.01. 19:45;10,287
04.01. 20:00;9,8343
04.01. 20:15;9,5098
04.01. 20:30;9,2541
04.01. 20:45;9,0082
04.01. 21:00;8,7034
04.01. 21:15;8,3788
04.01. 21:30;8,074
04.01. 21:45;7,8085
04.01. 22:00;7,6314
04.01. 22:15;7,5134
04.01. 22:30;7,4347
04.01. 22:45;7,3462
04.01. 23:00;7,2479
04.01. 23:15;7,1102
04.01. 23:30;6,9332
04.01. 23:45;6,707
05.01. 00:00;6,884
05.01. 00:15;7,1791
05.01. 00:30;7,4643
05.01. 00:45;7,6314
05.01. 01:00;7,5823
05.01. 01:15;7,3757
05.01. 01:30;7,0905
05.01. 01:45;6,7955
05.01. 02:00;6,5693
05.01. 02:15;6,4021
05.01. 02:30;6,3038
05.01. 02:45;6,2448
05.01. 03:00;6,235
05.01. 03:15;6,2546
05.01. 03:30;6,294
05.01. 03:45;6,3431
05.01. 04:00;6,3923
05.01. 04:15;6,4513
05.01. 04:30;6,5202
05.01. 04:45;6,6185
05.01. 05:00;6,7365
05.01. 05:15;6,8742
05.01. 05:30;7,0217
05.01. 05:45;7,1692
05.01. 06:00;7,3167
05.01. 06:15;7,5528
05.01. 06:30;7,9658
05.01. 06:45;8,6345
05.01. 07:00;9,6376
05.01. 07:15;10,887
05.01. 07:30;12,273
05.01. 07:45;13,689
05.01. 08:00;15,047
05.01. 08:15;16,266
05.01. 08:30;17,299
05.01. 08:45;18,105
05.01. 09:00;18,636
05.01. 09:15;18,961
05.01. 09:30;19,187
05.01. 09:45;19,383
05.01. 10:00;19,649
05.01. 10:15;19,934
05.01. 10:30;20,2
05.01. 10:45;20,396
05.01. 11:00;20,495
05.01. 11:15;20,485
05.01. 11:30;20,396
05.01. 11:45;20,219
05.01. 12:00;19,964
05.01. 12:15;19,639
05.01. 12:30;19,236
05.01. 12:45;18,744
05.01. 13:00;18,154
05.01. 13:15;17,456
05.01. 13:30;16,61
05.01. 13:45;15,617
05.01. 14:00;14,476
05.01. 14:15;13,257
05.01. 14:30;12,067
05.01. 14:45;11,024
05.01. 15:00;10,208
05.01. 15:15;9,5786
05.01. 15:30;9,1066
05.01. 15:45;8,7329
05.01. 16:00;8,4182
05.01. 16:15;8,192
05.01. 16:30;8,1035
05.01. 16:45;8,1822
05.01. 17:00;8,4378
05.01. 17:15;8,8017
05.01. 17:30;9,1853
05.01. 17:45;9,4606
05.01. 18:00;9,5786
05.01. 18:15;9,5786
05.01. 18:30;9,5196
05.01. 18:45;9,4606
05.01. 19:00;9,4705
05.01. 19:15;9,5196
05.01. 19:30;9,559
05.01. 19:45;9,559
05.01. 20:00;9,4705
05.01. 20:15;9,3229
05.01. 20:30;9,1263
05.01. 20:45;8,9099
05.01. 21:00;8,7034
05.01. 21:15;8,4969
05.01. 21:30;8,2903
05.01. 21:45;8,0838
05.01. 22:00;7,8773
05.01. 22:15;7,6708
05.01. 22:30;7,4643
05.01. 22:45;7,2577
05.01. 23:00;7,0512
05.01. 23:15;6,8545
05.01. 23:30;6,648
05.01. 23:45;6,4316
06.01. 00:00;6,2153
06.01. 00:15;5,9989
06.01. 00:30;5,7924
06.01. 00:45;5,6056
06.01. 01:00;5,4384
06.01. 01:15;5,281
06.01. 01:30;5,1237
06.01. 01:45;4,9663
06.01. 02:00;4,7893
06.01. 02:15;4,6123
06.01. 02:30;4,4451
06.01. 02:45;4,3173
06.01. 03:00;4,2288
06.01. 03:15;4,1796
06.01. 03:30;4,1501
06.01. 03:45;4,1304
06.01. 04:00;4,1206
06.01. 04:15;4,1107
06.01. 04:30;4,1107
06.01. 04:45;4,1304
06.01. 05:00;4,1894
06.01. 05:15;4,2681
06.01. 05:30;4,3664
06.01. 05:45;4,5041
06.01. 06:00;4,6615
06.01. 06:15;4,8188
06.01. 06:30;4,9565
06.01. 06:45;5,0548
06.01. 07:00;5,0942
06.01. 07:15;5,0843
06.01. 07:30;5,0352
06.01. 07:45;4,9663
06.01. 08:00;4,8778
06.01. 08:15;4,8188
06.01. 08:30;4,7992
06.01. 08:45;4,868
06.01. 09:00;5,045
06.01. 09:15;5,2909
06.01. 09:30;5,5859
06.01. 09:45;5,8809
06.01. 10:00;6,1563
06.01. 10:15;6,4021
06.01. 10:30;6,6087
06.01. 10:45;6,7955
06.01. 11:00;6,9627
06.01. 11:15;7,1004
06.01. 11:30;7,2282
06.01. 11:45;7,3462
06.01. 12:00;7,4741
06.01. 12:15;7,6019
06.01. 12:30;7,7101
06.01. 12:45;7,8085
06.01. 13:00;7,8773
06.01. 13:15;7,9166
06.01. 13:30;7,897
06.01. 13:45;7,8085
06.01. 14:00;7,6511
06.01. 14:15;7,4446
06.01. 14:30;7,2184
06.01. 14:45;6,9824
06.01. 15:00;6,7758
06.01. 15:15;6,589
06.01. 15:30;6,412
06.01. 15:45;6,2448
06.01. 16:00;6,0973
06.01. 16:15;6,0186
06.01. 16:30;6,0776
06.01. 16:45;6,3431
06.01. 17:00;6,8349
06.01. 17:15;7,4741
06.01. 17:30;8,1232
06.01. 17:45;8,6345
06.01. 18:00;8,9296
06.01. 18:15;9,0574
06.01. 18:30;9,0771
06.01. 18:45;9,0967
06.01. 19:00;9,1558
06.01. 19:15;9,2443
06.01. 19:30;9,3033
06.01. 19:45;9,2836
06.01. 20:00;9,1459
06.01. 20:15;8,9296
06.01. 20:30;8,6542
06.01. 20:45;8,3592
06.01. 21:00;8,074
06.01. 21:15;7,8085
06.01. 21:30;7,5626
06.01. 21:45;7,3462
06.01. 22:00;7,1594
06.01. 22:15;6,9922
06.01. 22:30;6,8152
06.01. 22:45;6,6185
06.01. 23:00;6,3923
06.01. 23:15;6,1563
06.01. 23:30;5,9399
06.01. 23:45;5,7924
07.01. 00:00;6,4415
07.01. 00:15;6,1563
07.01. 00:30;5,8613
07.01. 00:45;5,6056
07.01. 01:00;5,3892
07.01. 01:15;5,222
07.01. 01:30;5,0843
07.01. 01:45;4,9663
07.01. 02:00;4,8582
07.01. 02:15;4,7696
07.01. 02:30;4,7106
07.01. 02:45;4,691
07.01. 03:00;4,7106
07.01. 03:15;4,7893
07.01. 03:30;4,9368
07.01. 03:45;5,1434
07.01. 04:00;5,4187
07.01. 04:15;5,7236
07.01. 04:30;6,0186
07.01. 04:45;6,2448
07.01. 05:00;6,3923
07.01. 05:15;6,4907
07.01. 05:30;6,5988
07.01. 05:45;6,7955
07.01. 06:00;7,1299
07.01. 06:15;7,5823
07.01. 06:30;8,1527
07.01. 06:45;8,8214
07.01. 07:00;9,5983
07.01. 07:15;10,552
07.01. 07:30;11,791
07.01. 07:45;13,414
07.01. 08:00;15,45
07.01. 08:15;17,653
07.01. 08:30;19,718
07.01. 08:45;21,321
07.01. 09:00;22,245
07.01. 09:15;22,619
07.01. 09:30;22,658
07.01. 09:45;22,609
07.01. 10:00;22,619
07.01. 10:15;22,737
07.01. 10:30;22,914
07.01. 10:45;23,16
07.01. 11:00;23,416
07.01. 11:15;23,602
07.01. 11:30;23,642
07.01. 11:45;23,435
07.01. 12:00;22,914
07.01. 12:15;22,137
07.01. 12:30;21,213
07.01. 12:45;20,219
07.01. 13:00;19,246
07.01. 13:15;18,361
07.01. 13:30;17,623
07.01. 13:45;17,092
07.01. 14:00;16,817
07.01. 14:15;16,787
07.01. 14:30;16,984
07.01. 14:45;17,367
07.01. 15:00;17,908
07.01. 15:15;18,508
07.01. 15:30;19,069
07.01. 15:45;19,482
07.01. 16:00;19,678
07.01. 16:15;19,737
07.01. 16:30;19,757
07.01. 16:45;19,846
07.01. 17:00;20,062
07.01. 17:15;20,239
07.01. 17:30;20,21
07.01. 17:45;19,757
07.01. 18:00;18,754
07.01. 18:15;17,367
07.01. 18:30;15,784
07.01. 18:45;14,24
07.01. 19:00;12,912
07.01. 19:15;11,811
07.01. 19:30;10,946
07.01. 19:45;10,287
07.01. 20:00;9,8343
07.01. 20:15;9,5098
07.01. 20:30;9,2541
07.01. 20:45;9,0082
07.01. 21:00;8,7034
07.01. 21:15;8,3788
07.01. 21:30;8,074
07.01. 21:45;7,8085
07.01. 22:00;7,6314
07.01. 22:15;7,5134
07.01. 22:30;7,4347
07.01. 22:45;7,3462
07.01. 23:00;7,2479
07.01. 23:15;7,1102
07.01. 23:30;6,9332
07.01. 23:45;6,707
08.01. 00:00;6,4415
08.01. 00:15;6,1563
08.01. 00:30;5,8613
08.01. 00:45;5,6056
08.01. 01:00;5,3892
08.01. 01:15;5,222
08.01. 01:30;5,0843
08.01. 01:45;4,9663
08.01. 02:00;4,8582
08.01. 02:15;4,7696
08.01. 02:30;4,7106
08.01. 02:45;4,691
08.01. 03:00;4,7106
08.01. 03:15;4,7893
08.01. 03:30;4,9368
08.01. 03:45;5,1434
08.01. 04:00;5,4187
08.01. 04:15;5,7236
08.01. 04:30;6,0186
08.01. 04:45;6,2448
08.01. 05:00;6,3923
08.01. 05:15;6,4907
08.01. 05:30;6,5988
08.01. 05:45;6,7955
08.01. 06:00;7,1299
08.01. 06:15;7,5823
08.01. 06:30;8,1527
08.01. 06:45;8,8214
08.01. 07:00;9,5983
08.01. 07:15;10,552
08.01. 07:30;11,791
08.01. 07:45;13,414
08.01. 08:00;15,45
08.01. 08:15;17,653
08.01. 08:30;19,718
08.01. 08:45;21,321
08.01. 09:00;22,245
08.01. 09:15;22,619
08.01. 09:30;22,658
08.01. 09:45;22,609
08.01. 10:00;22,619
08.01. 10:15;22,737
08.01. 10:30;22,914
08.01. 10:45;23,16
08.01. 11:00;23,416
08.01. 11:15;23,602
08.01. 11:30;23,642
08.01. 11:45;23,435
08.01. 12:00;22,914
08.01. 12:15;22,137
08.01. 12:30;21,213
08.01. 12:45;20,219
08.01. 13:00;19,246
08.01. 13:15;18,361
08.01. 13:30;17,623
08.01. 13:45;17,092
08.01. 14:00;16,817
08.01. 14:15;16,787
08.01. 14:30;16,984
08.01. 14:45;17,367
08.01. 15:00;17,908
08.01. 15:15;18,508
08.01. 15:30;19,069
08.01. 15:45;19,482
08.01. 16:00;19,678
08.01. 16:15;19,737
08.01. 16:30;19,757
08.01. 16:45;19,846
08.01. 17:00;20,062
08.01. 17:15;20,239
08.01. 17:30;20,21
08.01. 17:45;19,757
08.01. 18:00;18,754
08.01. 18:15;17,367
08.01. 18:30;15,784
08.01. 18:45;14,24
08.01. 19:00;12,912
08.01. 19:15;11,811
08.01. 19:30;10,946
08.01. 19:45;10,287
08.01. 20:00;9,8343
08.01. 20:15;9,5098
08.01. 20:30;9,2541
08.01. 20:45;9,0082
08.01. 21:00;8,7034
08.01. 21:15;8,3788
08.01. 21:30;8,074
08.01. 21:45;7,8085
08.01. 22:00;7,6314
08.01. 22:15;7,5134
08.01. 22:30;7,4347
08.01. 22:45;7,3462
08.01. 23:00;7,2479
08.01. 23:15;7,1102
08.01. 23:30;6,9332
08.01. 23:45;6,707
09.01. 00:00;6,4415
09.01. 00:15;6,1563
09.01. 00:30;5,8613
09.01. 00:45;5,6056
09.01. 01:00;5,3892
09.01. 01:15;5,222
09.01. 01:30;5,0843
09.01. 01:45;4,9663
09.01. 02:00;4,8582
09.01. 02:15;4,7696
09.01. 02:30;4,7106
09.01. 02:45;4,691
09.01. 03:00;4,7106
09.01. 03:15;4,7893
09.01. 03:30;4,9368
09.01. 03:45;5,1434
09.01. 04:00;5,4187
09.01. 04:15;5,7236
09.01. 04:30;6,0186
09.01. 04:45;6,2448
09.01. 05:00;6,3923
09.01. 05:15;6,4907
09.01. 05:30;6,5988
09.01. 05:45;6,7955
09.01. 06:00;7,1299
09.01. 06:15;7,5823
09.01. 06:30;8,1527
09.01. 06:45;8,8214
09.01. 07:00;9,5983
09.01. 07:15;10,552
09.01. 07:30;11,791
09.01. 07:45;13,414
09.01. 08:00;15,45
09.01. 08:15;17,653
09.01. 08:30;19,718
09.01. 08:45;21,321
09.01. 09:00;22,245
09.01. 09:15;22,619
09.01. 09:30;22,658
09.01. 09:45;22,609
09.01. 10:00;22,619
09.01. 10:15;22,737
09.01. 10:30;22,914
09.01. 10:45;23,16
09.01. 11:00;23,416
09.01. 11:15;23,602
09.01. 11:30;23,642
09.01. 11:45;23,435
09.01. 12:00;22,914
09.01. 12:15;22,137
09.01. 12:30;21,213
09.01. 12:45;20,219
09.01. 13:00;19,246
09.01. 13:15;18,361
09.01. 13:30;17,623
09.01. 13:45;17,092
09.01. 14:00;16,817
09.01. 14:15;16,787
09.01. 14:30;16,984
09.01. 14:45;17,367
09.01. 15:00;17,908
09.01. 15:15;18,508
09.01. 15:30;19,069
09.01. 15:45;19,482
09.01. 16:00;19,678
09.01. 16:15;19,737
09.01. 16:30;19,757
09.01. 16:45;19,846
09.01. 17:00;20,062
09.01. 17:15;20,239
09.01. 17:30;20,21
09.01. 17:45;19,757
09.01. 18:00;18,754
09.01. 18:15;17,367
09.01. 18:30;15,784
09.01. 18:45;14,24
09.01. 19:00;12,912
09.01. 19:15;11,811
09.01. 19:30;10,946
09.01. 19:45;10,287
09.01. 20:00;9,8343
09.01. 20:15;9,5098
09.01. 20:30;9,2541
09.01. 20:45;9,0082
09.01. 21:00;8,7034
09.01. 21:15;8,3788
09.01. 21:30;8,074
09.01. 21:45;7,8085
09.01. 22:00;7,6314
09.01. 22:15;7,5134
09.01. 22:30;7,4347
09.01. 22:45;7,3462
09.01. 23:00;7,2479
09.01. 23:15;7,1102
09.01. 23:30;6,9332
09.01. 23:45;6,707
10.01. 00:00;6,4415
10.01. 00:15;6,1563
10.01. 00:30;5,8613
10.01. 00:45;5,6056
10.01. 01:00;5,3892
10.01. 01:15;5,222
10.01. 01:30;5,0843
10.01. 01:45;4,9663
10.01. 02:00;4,8582
10.01. 02:15;4,7696
10.01. 02:30;4,7106
10.01. 02:45;4,691
10.01. 03:00;4,7106
10.01. 03:15;4,7893
10.01. 03:30;4,9368
10.01. 03:45;5,1434
10.01. 04:00;5,4187
10.01. 04:15;5,7236
10.01. 04:30;6,0186
10.01. 04:45;6,2448
10.01. 05:00;6,3923
10.01. 05:15;6,4907
10.01. 05:30;6,5988
10.01. 05:45;6,7955
10.01. 06:00;7,1299
10.01. 06:15;7,5823
10.01. 06:30;8,1527
10.01. 06:45;8,8214
10.01. 07:00;9,5983
10.01. 07:15;10,552
10.01. 07:30;11,791
10.01. 07:45;13,414
10.01. 08:00;15,45
10.01. 08:15;17,653
10.01. 08:30;19,718
10.01. 08:45;21,321
10.01. 09:00;22,245
10.01. 09:15;22,619
10.01. 09:30;22,658
10.01. 09:45;22,609
10.01. 10:00;22,619
10.01. 10:15;22,737
10.01. 10:30;22,914
10.01. 10:45;23,16
10.01. 11:00;23,416
10.01. 11:15;23,602
10.01. 11:30;23,642
10.01. 11:45;23,435
10.01. 12:00;22,914
10.01. 12:15;22,137
10.01. 12:30;21,213
10.01. 12:45;20,219
10.01. 13:00;19,246
10.01. 13:15;18,361
10.01. 13:30;17,623
10.01. 13:45;17,092
10.01. 14:00;16,817
10.01. 14:15;16,787
10.01. 14:30;16,984
10.01. 14:45;17,367
10.01. 15:00;17,908
10.01. 15:15;18,508
10.01. 15:30;19,069
10.01. 15:45;19,482
10.01. 16:00;19,678
10.01. 16:15;19,737
10.01. 16:30;19,757
10.01. 16:45;19,846
10.01. 17:00;20,062
10.01. 17:15;20,239
10.01. 17:30;20,21
10.01. 17:45;19,757
10.01. 18:00;18,754
10.01. 18:15;17,367
10.01. 18:30;15,784
10.01. 18:45;14,24
10.01. 19:00;12,912
10.01. 19:15;11,811
10.01. 19:30;10,946
10.01. 19:45;10,287
10.01. 20:00;9,8343
10.01. 20:15;9,5098
10.01. 20:30;9,2541
10.01. 20:45;9,0082
10.01. 21:00;8,7034
10.01. 21:15;8,3788
10.01. 21:30;8,074
10.01. 21:45;7,8085
10.01. 22:00;7,6314
10.01. 22:15;7,5134
10.01. 22:30;7,4347
10.01. 22:45;7,3462
10.01. 23:00;7,2479
10.01. 23:15;7,1102
10.01. 23:30;6,9332
10.01. 23:45;6,707
11.01. 00:00;6,4415
11.01. 00:15;6,1563
11.01. 00:30;5,8613
11.01. 00:45;5,6056
11.01. 01:00;5,3892
11.01. 01:15;5,222
11.01. 01:30;5,0843
11.01. 01:45;4,9663
11.01. 02:00;4,8582
11.01. 02:15;4,7696
11.01. 02:30;4,7106
11.01. 02:45;4,691
11.01. 03:00;4,7106
11.01. 03:15;4,7893
11.01. 03:30;4,9368
11.01. 03:45;5,1434
11.01. 04:00;5,4187
11.01. 04:15;5,7236
11.01. 04:30;6,0186
11.01. 04:45;6,2448
11.01. 05:00;6,3923
11.01. 05:15;6,4907
11.01. 05:30;6,5988
11.01. 05:45;6,7955
11.01. 06:00;7,1299
11.01. 06:15;7,5823
11.01. 06:30;8,1527
11.01. 06:45;8,8214
11.01. 07:00;9,5983
11.01. 07:15;10,552
11.01. 07:30;11,791
11.01. 07:45;13,414
11.01. 08:00;15,45
11.01. 08:15;17,653
11.01. 08:30;19,718
11.01. 08:45;21,321
11.01. 09:00;22,245
11.01. 09:15;22,619
11.01. 09:30;22,658
11.01. 09:45;22,609
11.01. 10:00;22,619
11.01. 10:15;22,737
11.01. 10:30;22,914
11.01. 10:45;23,16
11.01. 11:00;23,416
11.01. 11:15;23,602
11.01. 11:30;23,642
11.01. 11:45;23,435
11.01. 12:00;22,914
11.01. 12:15;22,137
11.01. 12:30;21,213
11.01. 12:45;20,219
11.01. 13:00;19,246
11.01. 13:15;18,361
11.01. 13:30;17,623
11.01. 13:45;17,092
11.01. 14:00;16,817
11.01. 14:15;16,787
11.01. 14:30;16,984
11.01. 14:45;17,367
11.01. 15:00;17,908
11.01. 15:15;18,508
11.01. 15:30;19,069
11.01. 15:45;19,482
11.01. 16:00;19,678
11.01. 16:15;19,737
11.01. 16:30;19,757
11.01. 16:45;19,846
11.01. 17:00;20,062
11.01. 17:15;20,239
11.01. 17:30;20,21
11.01. 17:45;19,757
11.01. 18:00;18,754
11.01. 18:15;17,367
11.01. 18:30;15,784
11.01. 18:45;14,24
11.01. 19:00;12,912
11.01. 19:15;11,811
11.01. 19:30;10,946
11.01. 19:45;10,287
11.01. 20:00;9,8343
11.01. 20:15;9,5098
11.01. 20:30;9,2541
11.01. 20:45;9,0082
11.01. 21:00;8,7034
11.01. 21:15;8,3788
11.01. 21:30;8,074
11.01. 21:45;7,8085
11.01. 22:00;7,6314
11.01. 22:15;7,5134
11.01. 22:30;7,4347
11.01. 22:45;7,3462
11.01. 23:00;7,2479
11.01. 23:15;7,1102
11.01. 23:30;6,9332
11.01. 23:45;6,707
12.01. 00:00;6,884
12.01. 00:15;7,1791
12.01. 00:30;7,4643
12.01. 00:45;7,6314
12.01. 01:00;7,5823
12.01. 01:15;7,3757
12.01. 01:30;7,0905
12.01. 01:45;6,7955
12.01. 02:00;6,5693
12.01. 02:15;6,4021
12.01. 02:30;6,3038
12.01. 02:45;6,2448
12.01. 03:00;6,235
12.01. 03:15;6,2546
12.01. 03:30;6,294
12.01. 03:45;6,3431
12.01. 04:00;6,3923
12.01. 04:15;6,4513
12.01. 04:30;6,5202
12.01. 04:45;6,6185
12.01. 05:00;6,7365
12.01. 05:15;6,8742
12.01. 05:30;7,0217
12.01. 05:45;7,1692
12.01. 06:00;7,3167
12.01. 06:15;7,5528
12.01. 06:30;7,9658
12.01. 06:45;8,6345
12.01. 07:00;9,6376
12.01. 07:15;10,887
12.01. 07:30;12,273
12.01. 07:45;13,689
12.01. 08:00;15,047
12.01. 08:15;16,266
12.01. 08:30;17,299
12.01. 08:45;18,105
12.01. 09:00;18,636
12.01. 09:15;18,961
12.01. 09:30;19,187
12.01. 09:45;19,383
12.01. 10:00;19,649
12.01. 10:15;19,934
12.01. 10:30;20,2
12.01. 10:45;20,396
12.01. 11:00;20,495
12.01. 11:15;20,485
12.01. 11:30;20,396
12.01. 11:45;20,219
12.01. 12:00;19,964
12.01. 12:15;19,639
12.01. 12:30;19,236
12.01. 12:45;18,744
12.01. 13:00;18,154
12.01. 13:15;17,456
12.01. 13:30;16,61
12.01. 13:45;15,617
12.01. 14:00;14,476
12.01. 14:15;13,257
12.01. 14:30;12,067
12.01. 14:45;11,024
12.01. 15:00;10,208
12.01. 15:15;9,5786
12.01. 15:30;9,1066
12.01. 15:45;8,7329
12.01. 16:00;8,4182
12.01. 16:15;8,192
12.01. 16:30;8,1035
12.01. 16:45;8,1822
12.01. 17:00;8,4378
12.01. 17:15;8,8017
12.01. 17:30;9,1853
12.01. 17:45;9,4606
12.01. 18:00;9,5786
12.01. 18:15;9,5786
12.01. 18:30;9,5196
12.01. 18:45;9,4606
12.01. 19:00;9,4705
12.01. 19:15;9,5196
12.01. 19:30;9,559
12.01. 19:45;9,559
12.01. 20:00;9,4705
12.01. 20:15;9,3229
12.01. 20:30;9,1263
12.01. 20:45;8,9099
12.01. 21:00;8,7034
12.01. 21:15;8,4969
12.01. 21:30;8,2903
12.01. 21:45;8,0838
12.01. 22:00;7,8773
12.01. 22:15;7,6708
12.01. 22:30;7,4643
12.01. 22:45;7,2577
12.01. 23:00;7,0512
12.01. 23:15;6,8545
12.01. 23:30;6,648
12.01. 23:45;6,4316
13.01. 00:00;6,2153
13.01. 00:15;5,9989
13.01. 00:30;5,7924
13.01. 00:45;5,6056
13.01. 01:00;5,4384
13.01. 01:15;5,281
13.01. 01:30;5,1237
13.01. 01:45;4,9663
13.01. 02:00;4,7893
13.01. 02:15;4,6123
13.01. 02:30;4,4451
13.01. 02:45;4,3173
13.01. 03:00;4,2288
13.01. 03:15;4,1796
13.01. 03:30;4,1501
13.01. 03:45;4,1304
13.01. 04:00;4,1206
13.01. 04:15;4,1107
13.01. 04:30;4,1107
13.01. 04:45;4,1304
13.01. 05:00;4,1894
13.01. 05:15;4,2681
13.01. 05:30;4,3664
13.01. 05:45;4,5041
13.01. 06:00;4,6615
13.01. 06:15;4,8188
13.01. 06:30;4,9565
13.01. 06:45;5,0548
13.01. 07:00;5,0942
13.01. 07:15;5,0843
13.01. 07:30;5,0352
13.01. 07:45;4,9663
13.01. 08:00;4,8778
13.01. 08:15;4,8188
13.01. 08:30;4,7992
13.01. 08:45;4,868
13.01. 09:00;5,045
13.01. 09:15;5,2909
13.01. 09:30;5,5859
13.01. 09:45;5,8809
13.01. 10:00;6,1563
13.01. 10:15;6,4021
13.01. 10:30;6,6087
13.01. 10:45;6,7955
13.01. 11:00;6,9627
13.01. 11:15;7,1004
13.01. 11:30;7,2282
13.01. 11:45;7,3462
13.01. 12:00;7,4741
13.01. 12:15;7,6019
13.01. 12:30;7,7101
13.01. 12:45;7,8085
13.01. 13:00;7,8773
13.01. 13:15;7,9166
13.01. 13:30;7,897
13.01. 13:45;7,8085
13.01. 14:00;7,6511
13.01. 14:15;7,4446
13.01. 14:30;7,2184
13.01. 14:45;6,9824
13.01. 15:00;6,7758
13.01. 15:15;6,589
13.01. 15:30;6,412
13.01. 15:45;6,2448
13.01. 16:00;6,0973
13.01. 16:15;6,0186
13.01. 16:30;6,0776
13.01. 16:45;6,3431
13.01. 17:00;6,8349
13.01. 17:15;7,4741
13.01. 17:30;8,1232
13.01. 17:45;8,6345
13.01. 18:00;8,9296
13.01. 18:15;9,0574
13.01. 18:30;9,0771
13.01. 18:45;9,0967
13.01. 19:00;9,1558
13.01. 19:15;9,2443
13.01. 19:30;9,3033
13.01. 19:45;9,2836
13.01. 20:00;9,1459
13.01. 20:15;8,9296
13.01. 20:30;8,6542
13.01. 20:45;8,3592
13.01. 21:00;8,074
13.01. 21:15;7,8085
13.01. 21:30;7,5626
13.01. 21:45;7,3462
13.01. 22:00;7,1594
13.01. 22:15;6,9922
13.01. 22:30;6,8152
13.01. 22:45;6,6185
13.01. 23:00;6,3923
13.01. 23:15;6,1563
13.01. 23:30;5,9399
13.01. 23:45;5,7924
14.01. 00:00;6,4415
14.01. 00:15;6,1563
14.01. 00:30;5,8613
14.01. 00:45;5,6056
14.01. 01:00;5,3892
14.01. 01:15;5,222
14.01. 01:30;5,0843
14.01. 01:45;4,9663
14.01. 02:00;4,8582
14.01. 02:15;4,7696
14.01. 02:30;4,7106
14.01. 02:45;4,691
14.01. 03:00;4,7106
14.01. 03:15;4,7893
14.01. 03:30;4,9368
14.01. 03:45;5,1434
14.01. 04:00;5,4187
14.01. 04:15;5,7236
14.01. 04:30;6,0186
14.01. 04:45;6,2448
14.01. 05:00;6,3923
14.01. 05:15;6,4907
14.01. 05:30;6,5988
14.01. 05:45;6,7955
14.01. 06:00;7,1299
14.01. 06:15;7,5823
14.01. 06:30;8,1527
14.01. 06:45;8,8214
14.01. 07:00;9,5983
14.01. 07:15;10,552
14.01. 07:30;11,791
14.01. 07:45;13,414
14.01. 08:00;15,45
14.01. 08:15;17,653
14.01. 08:30;19,718
14.01. 08:45;21,321
14.01. 09:00;22,245
14.01. 09:15;22,619
14.01. 09:30;22,658
14.01. 09:45;22,609
14.01. 10:00;22,619
14.01. 10:15;22,737
14.01. 10:30;22,914
14.01. 10:45;23,16
14.01. 11:00;23,416
14.01. 11:15;23,602
14.01. 11:30;23,642
14.01. 11:45;23,435
14.01. 12:00;22,914
14.01. 12:15;22,137
14.01. 12:30;21,213
14.01. 12:45;20,219
14.01. 13:00;19,246
14.01. 13:15;18,361
14.01. 13:30;17,623
14.01. 13:45;17,092
14.01. 14:00;16,817
14.01. 14:15;16,787
14.01. 14:30;16,984
14.01. 14:45;17,367
14.01. 15:00;17,908
14.01. 15:15;18,508
14.01. 15:30;19,069
14.01. 15:45;19,482
14.01. 16:00;19,678
14.01. 16:15;19,737
14.01. 16:30;19,757
14.01. 16:45;19,846
14.01. 17:00;20,062
14.01. 17:15;20,239
14.01. 17:30;20,21
14.01. 17:45;19,757
14.01. 18:00;18,754
14.01. 18:15;17,367
14.01. 18:30;15,784
14.01. 18:45;14,24
14.01. 19:00;12,912
14.01. 19:15;11,811
14.01. 19:30;10,946
14.01. 19:45;10,287
14.01. 20:00;9,8343
14.01. 20:15;9,5098
14.01. 20:30;9,2541
14.01. 20:45;9,0082
14.01. 21:00;8,7034
14.01. 21:15;8,3788
14.01. 21:30;8,074
14.01. 21:45;7,8085
14.01. 22:00;7,6314
14.01. 22:15;7,5134
14.01. 22:30;7,4347
14.01. 22:45;7,3462
14.01. 23:00;7,2479
14.01. 23:15;7,1102
14.01. 23:30;6,9332
14.01. 23:45;6,707
15.01. 00:00;6,4415
15.01. 00:15;6,1563
15.01. 00:30;5,8613
15.01. 00:45;5,6056
15.01. 01:00;5,3892
15.01. 01:15;5,222
15.01. 01:30;5,0843
15.01. 01:45;4,9663
15.01. 02:00;4,8582
15.01. 02:15;4,7696
15.01. 02:30;4,7106
15.01. 02:45;4,691
15.01. 03:00;4,7106
15.01. 03:15;4,7893
15.01. 03:30;4,9368
15.01. 03:45;5,1434
15.01. 04:00;5,4187
15.01. 04:15;5,7236
15.01. 04:30;6,0186
15.01. 04:45;6,2448
15.01. 05:00;6,3923
15.01. 05:15;6,4907
15.01. 05:30;6,5988
15.01. 05:45;6,7955
15.01. 06:00;7,1299
15.01. 06:15;7,5823
15.01. 06:30;8,1527
15.01. 06:45;8,8214
15.01. 07:00;9,5983
15.01. 07:15;10,552
15.01. 07:30;11,791
15.01. 07:45;13,414
15.01. 08:00;15,45
15.01. 08:15;17,653
15.01. 08:30;19,718
15.01. 08:45;21,321
15.01. 09:00;22,245
15.01. 09:15;22,619
15.01. 09:30;22,658
15.01. 09:45;22,609
15.01. 10:00;22,619
15.01. 10:15;22,737
15.01. 10:30;22,914
15.01. 10:45;23,16
15.01. 11:00;23,416
15.01. 11:15;23,602
15.01. 11:30;23,642
15.01. 11:45;23,435
15.01. 12:00;22,914
15.01. 12:15;22,137
15.01. 12:30;21,213
15.01. 12:45;20,219
15.01. 13:00;19,246
15.01. 13:15;18,361
15.01. 13:30;17,623
15.01. 13:45;17,092
15.01. 14:00;16,817
15.01. 14:15;16,787
15.01. 14:30;16,984
15.01. 14:45;17,367
15.01. 15:00;17,908
15.01. 15:15;18,508
15.01. 15:30;19,069
15.01. 15:45;19,482
15.01. 16:00;19,678
15.01. 16:15;19,737
15.01. 16:30;19,757
15.01. 16:45;19,846
15.01. 17:00;20,062
15.01. 17:15;20,239
15.01. 17:30;20,21
15.01. 17:45;19,757
15.01. 18:00;18,754
15.01. 18:15;17,367
15.01. 18:30;15,784
15.01. 18:45;14,24
15.01. 19:00;12,912
15.01. 19:15;11,811
15.01. 19:30;10,946
15.01. 19:45;10,287
15.01. 20:00;9,8343
15.01. 20:15;9,5098
15.01. 20:30;9,2541
15.01. 20:45;9,0082
15.01. 21:00;8,7034
15.01. 21:15;8,3788
15.01. 21:30;8,074
15.01. 21:45;7,8085
15.01. 22:00;7,6314
15.01. 22:15;7,5134
15.01. 22:30;7,4347
15.01. 22:45;7,3462
15.01. 23:00;7,2479
15.01. 23:15;7,1102
15.01. 23:30;6,9332
15.01. 23:45;6,707
16.01. 00:00;6,4415
16.01. 00:15;6,1563
16.01. 00:30;5,8613
16.01. 00:45;5,6056
16.01. 01:00;5,3892
16.01. 01:15;5,222
16.01. 01:30;5,0843
16.01. 01:45;4,9663
16.01. 02:00;4,8582
16.01. 02:15;4,7696
16.01. 02:30;4,7106
16.01. 02:45;4,691
16.01. 03:00;4,7106
16.01. 03:15;4,7893
16.01. 03:30;4,9368
16.01. 03:45;5,1434
16.01. 04:00;5,4187
16.01. 04:15;5,7236
16.01. 04:30;6,0186
16.01. 04:45;6,2448
16.01. 05:00;6,3923
16.01. 05:15;6,4907
16.01. 05:30;6,5988
16.01. 05:45;6,7955
16.01. 06:00;7,1299
16.01. 06:15;7,5823
16.01. 06:30;8,1527
16.01. 06:45;8,8214
16.01. 07:00;9,5983
16.01. 07:15;10,552
16.01. 07:30;11,791
16.01. 07:45;13,414
16.01. 08:00;15,45
16.01. 08:15;17,653
16.01. 08:30;19,718
16.01. 08:45;21,321
16.01. 09:00;22,245
16.01. 09:15;22,619
16.01. 09:30;22,658
16.01. 09:45;22,609
16.01. 10:00;22,619
16.01. 10:15;22,737
16.01. 10:30;22,914
16.01. 10:45;23,16
16.01. 11:00;23,416
16.01. 11:15;23,602
16.01. 11:30;23,642
16.01. 11:45;23,435
16.01. 12:00;22,914
16.01. 12:15;22,137
16.01. 12:30;21,213
16.01. 12:45;20,219
16.01. 13:00;19,246
16.01. 13:15;18,361
16.01. 13:30;17,623
16.01. 13:45;17,092
16.01. 14:00;16,817
16.01. 14:15;16,787
16.01. 14:30;16,984
16.01. 14:45;17,367
16.01. 15:00;17,908
16.01. 15:15;18,508
16.01. 15:30;19,069
16.01. 15:45;19,482
16.01. 16:00;19,678
16.01. 16:15;19,737
16.01. 16:30;19,757
16.01. 16:45;19,846
16.01. 17:00;20,062
16.01. 17:15;20,239
16.01. 17:30;20,21
16.01. 17:45;19,757
16.01. 18:00;18,754
16.01. 18:15;17,367
16.01. 18:30;15,784
16.01. 18:45;14,24
16.01. 19:00;12,912
16.01. 19:15;11,811
16.01. 19:30;10,946
16.01. 19:45;10,287
16.01. 20:00;9,8343
16.01. 20:15;9,5098
16.01. 20:30;9,2541
16.01. 20:45;9,0082
16.01. 21:00;8,7034
16.01. 21:15;8,3788
16.01. 21:30;8,074
16.01. 21:45;7,8085
16.01. 22:00;7,6314
16.01. 22:15;7,5134
16.01. 22:30;7,4347
16.01. 22:45;7,3462
16.01. 23:00;7,2479
16.01. 23:15;7,1102
16.01. 23:30;6,9332
16.01. 23:45;6,707
17.01. 00:00;6,4415
17.01. 00:15;6,1563
17.01. 00:30;5,8613
17.01. 00:45;5,6056
17.01. 01:00;5,3892
17.01. 01:15;5,222
17.01. 01:30;5,0843
17.01. 01:45;4,9663
17.01. 02:00;4,8582
17.01. 02:15;4,7696
17.01. 02:30;4,7106
17.01. 02:45;4,691
17.01. 03:00;4,7106
17.01. 03:15;4,7893
17.01. 03:30;4,9368
17.01. 03:45;5,1434
17.01. 04:00;5,4187
17.01. 04:15;5,7236
17.01. 04:30;6,0186
17.01. 04:45;6,2448
17.01. 05:00;6,3923
17.01. 05:15;6,4907
17.01. 05:30;6,5988
17.01. 05:45;6,7955
17.01. 06:00;7,1299
17.01. 06:15;7,5823
17.01. 06:30;8,1527
17.01. 06:45;8,8214
17.01. 07:00;9,5983
17.01. 07:15;10,552
17.01. 07:30;11,791
17.01. 07:45;13,414
17.01. 08:00;15,45
17.01. 08:15;17,653
17.01. 08:30;19,718
17.01. 08:45;21,321
17.01. 09:00;22,245
17.01. 09:15;22,619
17.01. 09:30;22,658
17.01. 09:45;22,609
17.01. 10:00;22,619
17.01. 10:15;22,737
17.01. 10:30;22,914
17.01. 10:45;23,16
17.01. 11:00;23,416
17.01. 11:15;23,602
17.01. 11:30;23,642
17.01. 11:45;23,435
17.01. 12:00;22,914
17.01. 12:15;22,137
17.01. 12:30;21,213
17.01. 12:45;20,219
17.01. 13:00;19,246
17.01. 13:15;18,361
17.01. 13:30;17,623
17.01. 13:45;17,092
17.01. 14:00;16,817
17.01. 14:15;16,787
17.01. 14:30;16,984
17.01. 14:45;17,367
17.01. 15:00;17,908
17.01. 15:15;18,508
17.01. 15:30;19,069
17.01. 15:45;19,482
17.01. 16:00;19,678
17.01. 16:15;19,737
17.01. 16:30;19,757
17.01. 16:45;19,846
17.01. 17:00;20,062
17.01. 17:15;20,239
17.01. 17:30;20,21
17.01. 17:45;19,757
17.01. 18:00;18,754
17.01. 18:15;17,367
17.01. 18:30;15,784
17.01. 18:45;14,24
17.01. 19:00;12,912
17.01. 19:15;11,811
17.01. 19:30;10,946
17.01. 19:45;10,287
17.01. 20:00;9,8343
17.01. 20:15;9,5098
17.01. 20:30;9,2541
17.01. 20:45;9,0082
17.01. 21:00;8,7034
17.01. 21:15;8,3788
17.01. 21:30;8,074
17.01. 21:45;7,8085
17.01. 22:00;7,6314
17.01. 22:15;7,5134
17.01. 22:30;7,4347
17.01. 22:45;7,3462
17.01. 23:00;7,2479
17.01. 23:15;7,1102
17.01. 23:30;6,9332
17.01. 23:45;6,707
18.01. 00:00;6,4415
18.01. 00:15;6,1563
18.01. 00:30;5,8613
18.01. 00:45;5,6056
18.01. 01:00;5,3892
18.01. 01:15;5,222
18.01. 01:30;5,0843
18.01. 01:45;4,9663
18.01. 02:00;4,8582
18.01. 02:15;4,7696
18.01. 02:30;4,7106
18.01. 02:45;4,691
18.01. 03:00;4,7106
18.01. 03:15;4,7893
18.01. 03:30;4,9368
18.01. 03:45;5,1434
18.01. 04:00;5,4187
18.01. 04:15;5,7236
18.01. 04:30;6,0186
18.01. 04:45;6,2448
18.01. 05:00;6,3923
18.01. 05:15;6,4907
18.01. 05:30;6,5988
18.01. 05:45;6,7955
18.01. 06:00;7,1299
18.01. 06:15;7,5823
18.01. 06:30;8,1527
18.01. 06:45;8,8214
18.01. 07:00;9,5983
18.01. 07:15;10,552
18.01. 07:30;11,791
18.01. 07:45;13,414
18.01. 08:00;15,45
18.01. 08:15;17,653
18.01. 08:30;19,718
18.01. 08:45;21,321
18.01. 09:00;22,245
18.01. 09:15;22,619
18.01. 09:30;22,658
18.01. 09:45;22,609
18.01. 10:00;22,619
18.01. 10:15;22,737
18.01. 10:30;22,914
18.01. 10:45;23,16
18.01. 11:00;23,416
18.01. 11:15;23,602
18.01. 11:30;23,642
18.01. 11:45;23,435
18.01. 12:00;22,914
18.01. 12:15;22,137
18.01. 12:30;21,213
18.01. 12:45;20,219
18.01. 13:00;19,246
18.01. 13:15;18,361
18.01. 13:30;17,623
18.01. 13:45;17,092
18.01. 14:00;16,817
18.01. 14:15;16,787
18.01. 14:30;16,984
18.01. 14:45;17,367
18.01. 15:00;17,908
18.01. 15:15;18,508
18.01. 15:30;19,069
18.01. 15:45;19,482
18.01. 16:00;19,678
18.01. 16:15;19,737
18.01. 16:30;19,757
18.01. 16:45;19,846
18.01. 17:00;20,062
18.01. 17:15;20,239
18.01. 17:30;20,21
18.01. 17:45;19,757
18.01. 18:00;18,754
18.01. 18:15;17,367
18.01. 18:30;15,784
18.01. 18:45;14,24
18.01. 19:00;12,912
18.01. 19:15;11,811
18.01. 19:30;10,946
18.01. 19:45;10,287
18.01. 20:00;9,8343
18.01. 20:15;9,5098
18.01. 20:30;9,2541
18.01. 20:45;9,0082
18.01. 21:00;8,7034
18.01. 21:15;8,3788
18.01. 21:30;8,074
18.01. 21:45;7,8085
18.01. 22:00;7,6314
18.01. 22:15;7,5134
18.01. 22:30;7,4347
18.01. 22:45;7,3462
18.01. 23:00;7,2479
18.01. 23:15;7,1102
18.01. 23:30;6,9332
18.01. 23:45;6,707
19.01. 00:00;6,884
19.01. 00:15;7,1791
19.01. 00:30;7,4643
19.01. 00:45;7,6314
19.01. 01:00;7,5823
19.01. 01:15;7,3757
19.01. 01:30;7,0905
19.01. 01:45;6,7955
19.01. 02:00;6,5693
19.01. 02:15;6,4021
19.01. 02:30;6,3038
19.01. 02:45;6,2448
19.01. 03:00;6,235
19.01. 03:15;6,2546
19.01. 03:30;6,294
19.01. 03:45;6,3431
19.01. 04:00;6,3923
19.01. 04:15;6,4513
19.01. 04:30;6,5202
19.01. 04:45;6,6185
19.01. 05:00;6,7365
19.01. 05:15;6,8742
19.01. 05:30;7,0217
19.01. 05:45;7,1692
19.01. 06:00;7,3167
19.01. 06:15;7,5528
19.01. 06:30;7,9658
19.01. 06:45;8,6345
19.01. 07:00;9,6376
19.01. 07:15;10,887
19.01. 07:30;12,273
19.01. 07:45;13,689
19.01. 08:00;15,047
19.01. 08:15;16,266
19.01. 08:30;17,299
19.01. 08:45;18,105
19.01. 09:00;18,636
19.01. 09:15;18,961
19.01. 09:30;19,187
19.01. 09:45;19,383
19.01. 10:00;19,649
19.01. 10:15;19,934
19.01. 10:30;20,2
19.01. 10:45;20,396
19.01. 11:00;20,495
19.01. 11:15;20,485
19.01. 11:30;20,396
19.01. 11:45;20,219
19.01. 12:00;19,964
19.01. 12:15;19,639
19.01. 12:30;19,236
19.01. 12:45;18,744
19.01. 13:00;18,154
19.01. 13:15;17,456
19.01. 13:30;16,61
19.01. 13:45;15,617
19.01. 14:00;14,476
19.01. 14:15;13,257
19.01. 14:30;12,067
19.01. 14:45;11,024
19.01. 15:00;10,208
19.01. 15:15;9,5786
19.01. 15:30;9,1066
19.01. 15:45;8,7329
19.01. 16:00;8,4182
19.01. 16:15;8,192
19.01. 16:30;8,1035
19.01. 16:45;8,1822
19.01. 17:00;8,4378
19.01. 17:15;8,8017
19.01. 17:30;9,1853
19.01. 17:45;9,4606
19.01. 18:00;9,5786
19.01. 18:15;9,5786
19.01. 18:30;9,5196
19.01. 18:45;9,4606
19.01. 19:00;9,4705
19.01. 19:15;9,5196
19.01. 19:30;9,559
19.01. 19:45;9,559
19.01. 20:00;9,4705
19.01. 20:15;9,3229
19.01. 20:30;9,1263
19.01. 20:45;8,9099
19.01. 21:00;8,7034
19.01. 21:15;8,4969
19.01. 21:30;8,2903
19.01. 21:45;8,0838
19.01. 22:00;7,8773
19.01. 22:15;7,6708
19.01. 22:30;7,4643
19.01. 22:45;7,2577
19.01. 23:00;7,0512
19.01. 23:15;6,8545
19.01. 23:30;6,648
19.01. 23:45;6,4316
20.01. 00:00;6,2153
20.01. 00:15;5,9989
20.01. 00:30;5,7924
20.01. 00:45;5,6056
20.01. 01:00;5,4384
20.01. 01:15;5,281
20.01. 01:30;5,1237
20.01. 01:45;4,9663
20.01. 02:00;4,7893
20.01. 02:15;4,6123
20.01. 02:30;4,4451
20.01. 02:45;4,3173
20.01. 03:00;4,2288
20.01. 03:15;4,1796
20.01. 03:30;4,1501
20.01. 03:45;4,1304
20.01. 04:00;4,1206
20.01. 04:15;4,1107
20.01. 04:30;4,1107
20.01. 04:45;4,1304
20.01. 05:00;4,1894
20.01. 05:15;4,2681
20.01. 05:30;4,3664
20.01. 05:45;4,5041
20.01. 06:00;4,6615
20.01. 06:15;4,8188
20.01. 06:30;4,9565
20.01. 06:45;5,0548
20.01. 07:00;5,0942
20.01. 07:15;5,0843
20.01. 07:30;5,0352
20.01. 07:45;4,9663
20.01. 08:00;4,8778
20.01. 08:15;4,8188
20.01. 08:30;4,7992
20.01. 08:45;4,868
20.01. 09:00;5,045
20.01. 09:15;5,2909
20.01. 09:30;5,5859
20.01. 09:45;5,8809
20.01. 10:00;6,1563
20.01. 10:15;6,4021
20.01. 10:30;6,6087
20.01. 10:45;6,7955
20.01. 11:00;6,9627
20.01. 11:15;7,1004
20.01. 11:30;7,2282
20.01. 11:45;7,3462
20.01. 12:00;7,4741
20.01. 12:15;7,6019
20.01. 12:30;7,7101
20.01. 12:45;7,8085
20.01. 13:00;7,8773
20.01. 13:15;7,9166
20.01. 13:30;7,897
20.01. 13:45;7,8085
20.01. 14:00;7,6511
20.01. 14:15;7,4446
20.01. 14:30;7,2184
20.01. 14:45;6,9824
20.01. 15:00;6,7758
20.01. 15:15;6,589
20.01. 15:30;6,412
20.01. 15:45;6,2448
20.01. 16:00;6,0973
20.01. 16:15;6,0186
20.01. 16:30;6,0776
20.01. 16:45;6,3431
20.01. 17:00;6,8349
20.01. 17:15;7,4741
20.01. 17:30;8,1232
20.01. 17:45;8,6345
20.01. 18:00;8,9296
20.01. 18:15;9,0574
20.01. 18:30;9,0771
20.01. 18:45;9,0967
20.01. 19:00;9,1558
20.01. 19:15;9,2443
20.01. 19:30;9,3033
20.01. 19:45;9,2836
20.01. 20:00;9,1459
20.01. 20:15;8,9296
20.01. 20:30;8,6542
20.01. 20:45;8,3592
20.01. 21:00;8,074
20.01. 21:15;7,8085
20.01. 21:30;7,5626
20.01. 21:45;7,3462
20.01. 22:00;7,1594
20.01. 22:15;6,9922
20.01. 22:30;6,8152
20.01. 22:45;6,6185
20.01. 23:00;6,3923
20.01. 23:15;6,1563
20.01. 23:30;5,9399
20.01. 23:45;5,7924
21.01. 00:00;6,4415
21.01. 00:15;6,1563
21.01. 00:30;5,8613
21.01. 00:45;5,6056
21.01. 01:00;5,3892
21.01. 01:15;5,222
21.01. 01:30;5,0843
21.01. 01:45;4,9663
21.01. 02:00;4,8582
21.01. 02:15;4,7696
21.01. 02:30;4,7106
21.01. 02:45;4,691
21.01. 03:00;4,7106
21.01. 03:15;4,7893
21.01. 03:30;4,9368
21.01. 03:45;5,1434
21.01. 04:00;5,4187
21.01. 04:15;5,7236
21.01. 04:30;6,0186
21.01. 04:45;6,2448
21.01. 05:00;6,3923
21.01. 05:15;6,4907
21.01. 05:30;6,5988
21.01. 05:45;6,7955
21.01. 06:00;7,1299
21.01. 06:15;7,5823
21.01. 06:30;8,1527
21.01. 06:45;8,8214
21.01. 07:00;9,5983
21.01. 07:15;10,552
21.01. 07:30;11,791
21.01. 07:45;13,414
21.01. 08:00;15,45
21.01. 08:15;17,653
21.01. 08:30;19,718
21.01. 08:45;21,321
21.01. 09:00;22,245
21.01. 09:15;22,619
21.01. 09:30;22,658
21.01. 09:45;22,609
21.01. 10:00;22,619
21.01. 10:15;22,737
21.01. 10:30;22,914
21.01. 10:45;23,16
21.01. 11:00;23,416
21.01. 11:15;23,602
21.01. 11:30;23,642
21.01. 11:45;23,435
21.01. 12:00;22,914
21.01. 12:15;22,137
21.01. 12:30;21,213
21.01. 12:45;20,219
21.01. 13:00;19,246
21.01. 13:15;18,361
21.01. 13:30;17,623
21.01. 13:45;17,092
21.01. 14:00;16,817
21.01. 14:15;16,787
21.01. 14:30;16,984
21.01. 14:45;17,367
21.01. 15:00;17,908
21.01. 15:15;18,508
21.01. 15:30;19,069
21.01. 15:45;19,482
21.01. 16:00;19,678
21.01. 16:15;19,737
21.01. 16:30;19,757
21.01. 16:45;19,846
21.01. 17:00;20,062
21.01. 17:15;20,239
21.01. 17:30;20,21
21.01. 17:45;19,757
21.01. 18:00;18,754
21.01. 18:15;17,367
21.01. 18:30;15,784
21.01. 18:45;14,24
21.01. 19:00;12,912
21.01. 19:15;11,811
21.01. 19:30;10,946
21.01. 19:45;10,287
21.01. 20:00;9,8343
21.01. 20:15;9,5098
21.01. 20:30;9,2541
21.01. 20:45;9,0082
21.01. 21:00;8,7034
21.01. 21:15;8,3788
21.01. 21:30;8,074
21.01. 21:45;7,8085
21.01. 22:00;7,6314
21.01. 22:15;7,5134
21.01. 22:30;7,4347
21.01. 22:45;7,3462
21.01. 23:00;7,2479
21.01. 23:15;7,1102
21.01. 23:30;6,9332
21.01. 23:45;6,707
22.01. 00:00;6,4415
22.01. 00:15;6,1563
22.01. 00:30;5,8613
22.01. 00:45;5,6056
22.01. 01:00;5,3892
22.01. 01:15;5,222
22.01. 01:30;5,0843
22.01. 01:45;4,9663
22.01. 02:00;4,8582
22.01. 02:15;4,7696
22.01. 02:30;4,7106
22.01. 02:45;4,691
22.01. 03:00;4,7106
22.01. 03:15;4,7893
22.01. 03:30;4,9368
22.01. 03:45;5,1434
22.01. 04:00;5,4187
22.01. 04:15;5,7236
22.01. 04:30;6,0186
22.01. 04:45;6,2448
22.01. 05:00;6,3923
22.01. 05:15;6,4907
22.01. 05:30;6,5988
22.01. 05:45;6,7955
22.01. 06:00;7,1299
22.01. 06:15;7,5823
22.01. 06:30;8,1527
22.01. 06:45;8,8214
22.01. 07:00;9,5983
22.01. 07:15;10,552
22.01. 07:30;11,791
22.01. 07:45;13,414
22.01. 08:00;15,45
22.01. 08:15;17,653
22.01. 08:30;19,718
22.01. 08:45;21,321
22.01. 09:00;22,245
22.01. 09:15;22,619
22.01. 09:30;22,658
22.01. 09:45;22,609
22.01. 10:00;22,619
22.01. 10:15;22,737
22.01. 10:30;22,914
22.01. 10:45;23,16
22.01. 11:00;23,416
22.01. 11:15;23,602
22.01. 11:30;23,642
22.01. 11:45;23,435
22.01. 12:00;22,914
22.01. 12:15;22,137
22.01. 12:30;21,213
22.01. 12:45;20,219
22.01. 13:00;19,246
22.01. 13:15;18,361
22.01. 13:30;17,623
22.01. 13:45;17,092
22.01. 14:00;16,817
22.01. 14:15;16,787
22.01. 14:30;16,984
22.01. 14:45;17,367
22.01. 15:00;17,908
22.01. 15:15;18,508
22.01. 15:30;19,069
22.01. 15:45;19,482
22.01. 16:00;19,678
22.01. 16:15;19,737
22.01. 16:30;19,757
22.01. 16:45;19,846
22.01. 17:00;20,062
22.01. 17:15;20,239
22.01. 17:30;20,21
22.01. 17:45;19,757
22.01. 18:00;18,754
22.01. 18:15;17,367
22.01. 18:30;15,784
22.01. 18:45;14,24
22.01. 19:00;12,912
22.01. 19:15;11,811
22.01. 19:30;10,946
22.01. 19:45;10,287
22.01. 20:00;9,8343
22.01. 20:15;9,5098
22.01. 20:30;9,2541
22.01. 20:45;9,0082
22.01. 21:00;8,7034
22.01. 21:15;8,3788
22.01. 21:30;8,074
22.01. 21:45;7,8085
22.01. 22:00;7,6314
22.01. 22:15;7,5134
22.01. 22:30;7,4347
22.01. 22:45;7,3462
22.01. 23:00;7,2479
22.01. 23:15;7,1102
22.01. 23:30;6,9332
22.01. 23:45;6,707
23.01. 00:00;6,4415
23.01. 00:15;6,1563
23.01. 00:30;5,8613
23.01. 00:45;5,6056
23.01. 01:00;5,3892
23.01. 01:15;5,222
23.01. 01:30;5,0843
23.01. 01:45;4,9663
23.01. 02:00;4,8582
23.01. 02:15;4,7696
23.01. 02:30;4,7106
23.01. 02:45;4,691
23.01. 03:00;4,7106
23.01. 03:15;4,7893
23.01. 03:30;4,9368
23.01. 03:45;5,1434
23.01. 04:00;5,4187
23.01. 04:15;5,7236
23.01. 04:30;6,0186
23.01. 04:45;6,2448
23.01. 05:00;6,3923
23.01. 05:15;6,4907
23.01. 05:30;6,5988
23.01. 05:45;6,7955
23.01. 06:00;7,1299
23.01. 06:15;7,5823
23.01. 06:30;8,1527
23.01. 06:45;8,8214
23.01. 07:00;9,5983
23.01. 07:15;10,552
23.01. 07:30;11,791
23.01. 07:45;13,414
23.01. 08:00;15,45
23.01. 08:15;17,653
23.01. 08:30;19,718
23.01. 08:45;21,321
23.01. 09:00;22,245
23.01. 09:15;22,619
23.01. 09:30;22,658
23.01. 09:45;22,609
23.01. 10:00;22,619
23.01. 10:15;22,737
23.01. 10:30;22,914
23.01. 10:45;23,16
23.01. 11:00;23,416
23.01. 11:15;23,602
23.01. 11:30;23,642
23.01. 11:45;23,435
23.01. 12:00;22,914
23.01. 12:15;22,137
23.01. 12:30;21,213
23.01. 12:45;20,219
23.01. 13:00;19,246
23.01. 13:15;18,361
23.01. 13:30;17,623
23.01. 13:45;17,092
23.01. 14:00;16,817
23.01. 14:15;16,787
23.01. 14:30;16,984
23.01. 14:45;17,367
23.01. 15:00;17,908
23.01. 15:15;18,508
23.01. 15:30;19,069
23.01. 15:45;19,482
23.01. 16:00;19,678
23.01. 16:15;19,737
23.01. 16:30;19,757
23.01. 16:45;19,846
23.01. 17:00;20,062
23.01. 17:15;20,239
23.01. 17:30;20,21
23.01. 17:45;19,757
23.01. 18:00;18,754
23.01. 18:15;17,367
23.01. 18:30;15,784
23.01. 18:45;14,24
23.01. 19:00;12,912
23.01. 19:15;11,811
23.01. 19:30;10,946
23.01. 19:45;10,287
23.01. 20:00;9,8343
23.01. 20:15;9,5098
23.01. 20:30;9,2541
23.01. 20:45;9,0082
23.01. 21:00;8,7034
23.01. 21:15;8,3788
23.01. 21:30;8,074
23.01. 21:45;7,8085
23.01. 22:00;7,6314
23.01. 22:15;7,5134
23.01. 22:30;7,4347
23.01. 22:45;7,3462
23.01. 23:00;7,2479
23.01. 23:15;7,1102
23.01. 23:30;6,9332
23.01. 23:45;6,707
24.01. 00:00;6,4415
24.01. 00:15;6,1563
24.01. 00:30;5,8613
24.01. 00:45;5,6056
24.01. 01:00;5,3892
24.01. 01:15;5,222
24.01. 01:30;5,0843
24.01. 01:45;4,9663
24.01. 02:00;4,8582
24.01. 02:15;4,7696
24.01. 02:30;4,7106
24.01. 02:45;4,691
24.01. 03:00;4,7106
24.01. 03:15;4,7893
24.01. 03:30;4,9368
24.01. 03:45;5,1434
24.01. 04:00;5,4187
24.01. 04:15;5,7236
24.01. 04:30;6,0186
24.01. 04:45;6,2448
24.01. 05:00;6,3923
24.01. 05:15;6,4907
24.01. 05:30;6,5988
24.01. 05:45;6,7955
24.01. 06:00;7,1299
24.01. 06:15;7,5823
24.01. 06:30;8,1527
24.01. 06:45;8,8214
24.01. 07:00;9,5983
24.01. 07:15;10,552
24.01. 07:30;11,791
24.01. 07:45;13,414
24.01. 08:00;15,45
24.01. 08:15;17,653
24.01. 08:30;19,718
24.01. 08:45;21,321
24.01. 09:00;22,245
24.01. 09:15;22,619
24.01. 09:30;22,658
24.01. 09:45;22,609
24.01. 10:00;22,619
24.01. 10:15;22,737
24.01. 10:30;22,914
24.01. 10:45;23,16
24.01. 11:00;23,416
24.01. 11:15;23,602
24.01. 11:30;23,642
24.01. 11:45;23,435
24.01. 12:00;22,914
24.01. 12:15;22,137
24.01. 12:30;21,213
24.01. 12:45;20,219
24.01. 13:00;19,246
24.01. 13:15;18,361
24.01. 13:30;17,623
24.01. 13:45;17,092
24.01. 14:00;16,817
24.01. 14:15;16,787
24.01. 14:30;16,984
24.01. 14:45;17,367
24.01. 15:00;17,908
24.01. 15:15;18,508
24.01. 15:30;19,069
24.01. 15:45;19,482
24.01. 16:00;19,678
24.01. 16:15;19,737
24.01. 16:30;19,757
24.01. 16:45;19,846
24.01. 17:00;20,062
24.01. 17:15;20,239
24.01. 17:30;20,21
24.01. 17:45;19,757
24.01. 18:00;18,754
24.01. 18:15;17,367
24.01. 18:30;15,784
24.01. 18:45;14,24
24.01. 19:00;12,912
24.01. 19:15;11,811
24.01. 19:30;10,946
24.01. 19:45;10,287
24.01. 20:00;9,8343
24.01. 20:15;9,5098
24.01. 20:30;9,2541
24.01. 20:45;9,0082
24.01. 21:00;8,7034
24.01. 21:15;8,3788
24.01. 21:30;8,074
24.01. 21:45;7,8085
24.01. 22:00;7,6314
24.01. 22:15;7,5134
24.01. 22:30;7,4347
24.01. 22:45;7,3462
24.01. 23:00;7,2479
24.01. 23:15;7,1102
24.01. 23:30;6,9332
24.01. 23:45;6,707
25.01. 00:00;6,4415
25.01. 00:15;6,1563
25.01. 00:30;5,8613
25.01. 00:45;5,6056
25.01. 01:00;5,3892
25.01. 01:15;5,222
25.01. 01:30;5,0843
25.01. 01:45;4,9663
25.01. 02:00;4,8582
25.01. 02:15;4,7696
25.01. 02:30;4,7106
25.01. 02:45;4,691
25.01. 03:00;4,7106
25.01. 03:15;4,7893
25.01. 03:30;4,9368
25.01. 03:45;5,1434
25.01. 04:00;5,4187
25.01. 04:15;5,7236
25.01. 04:30;6,0186
25.01. 04:45;6,2448
25.01. 05:00;6,3923
25.01. 05:15;6,4907
25.01. 05:30;6,5988
25.01. 05:45;6,7955
25.01. 06:00;7,1299
25.01. 06:15;7,5823
25.01. 06:30;8,1527
25.01. 06:45;8,8214
25.01. 07:00;9,5983
25.01. 07:15;10,552
25.01. 07:30;11,791
25.01. 07:45;13,414
25.01. 08:00;15,45
25.01. 08:15;17,653
25.01. 08:30;19,718
25.01. 08:45;21,321
25.01. 09:00;22,245
25.01. 09:15;22,619
25.01. 09:30;22,658
25.01. 09:45;22,609
25.01. 10:00;22,619
25.01. 10:15;22,737
25.01. 10:30;22,914
25.01. 10:45;23,16
25.01. 11:00;23,416
25.01. 11:15;23,602
25.01. 11:30;23,642
25.01. 11:45;23,435
25.01. 12:00;22,914
25.01. 12:15;22,137
25.01. 12:30;21,213
25.01. 12:45;20,219
25.01. 13:00;19,246
25.01. 13:15;18,361
25.01. 13:30;17,623
25.01. 13:45;17,092
25.01. 14:00;16,817
25.01. 14:15;16,787
25.01. 14:30;16,984
25.01. 14:45;17,367
25.01. 15:00;17,908
25.01. 15:15;18,508
25.01. 15:30;19,069
25.01. 15:45;19,482
25.01. 16:00;19,678
25.01. 16:15;19,737
25.01. 16:30;19,757
25.01. 16:45;19,846
25.01. 17:00;20,062
25.01. 17:15;20,239
25.01. 17:30;20,21
25.01. 17:45;19,757
25.01. 18:00;18,754
25.01. 18:15;17,367
25.01. 18:30;15,784
25.01. 18:45;14,24
25.01. 19:00;12,912
25.01. 19:15;11,811
25.01. 19:30;10,946
25.01. 19:45;10,287
25.01. 20:00;9,8343
25.01. 20:15;9,5098
25.01. 20:30;9,2541
25.01. 20:45;9,0082
25.01. 21:00;8,7034
25.01. 21:15;8,3788
25.01. 21:30;8,074
25.01. 21:45;7,8085
25.01. 22:00;7,6314
25.01. 22:15;7,5134
25.01. 22:30;7,4347
25.01. 22:45;7,3462
25.01. 23:00;7,2479
25.01. 23:15;7,1102
25.01. 23:30;6,9332
25.01. 23:45;6,707
26.01. 00:00;6,884
26.01. 00:15;7,1791
26.01. 00:30;7,4643
26.01. 00:45;7,6314
26.01. 01:00;7,5823
26.01. 01:15;7,3757
26.01. 01:30;7,0905
26.01. 01:45;6,7955
26.01. 02:00;6,5693
26.01. 02:15;6,4021
26.01. 02:30;6,3038
26.01. 02:45;6,2448
26.01. 03:00;6,235
26.01. 03:15;6,2546
26.01. 03:30;6,294
26.01. 03:45;6,3431
26.01. 04:00;6,3923
26.01. 04:15;6,4513
26.01. 04:30;6,5202
26.01. 04:45;6,6185
26.01. 05:00;6,7365
26.01. 05:15;6,8742
26.01. 05:30;7,0217
26.01. 05:45;7,1692
26.01. 06:00;7,3167
26.01. 06:15;7,5528
26.01. 06:30;7,9658
26.01. 06:45;8,6345
26.01. 07:00;9,6376
26.01. 07:15;10,887
26.01. 07:30;12,273
26.01. 07:45;13,689
26.01. 08:00;15,047
26.01. 08:15;16,266
26.01. 08:30;17,299
26.01. 08:45;18,105
26.01. 09:00;18,636
26.01. 09:15;18,961
26.01. 09:30;19,187
26.01. 09:45;19,383
26.01. 10:00;19,649
26.01. 10:15;19,934
26.01. 10:30;20,2
26.01. 10:45;20,396
26.01. 11:00;20,495
26.01. 11:15;20,485
26.01. 11:30;20,396
26.01. 11:45;20,219
26.01. 12:00;19,964
26.01. 12:15;19,639
26.01. 12:30;19,236
26.01. 12:45;18,744
26.01. 13:00;18,154
26.01. 13:15;17,456
26.01. 13:30;16,61
26.01. 13:45;15,617
26.01. 14:00;14,476
26.01. 14:15;13,257
26.01. 14:30;12,067
26.01. 14:45;11,024
26.01. 15:00;10,208
26.01. 15:15;9,5786
26.01. 15:30;9,1066
26.01. 15:45;8,7329
26.01. 16:00;8,4182
26.01. 16:15;8,192
26.01. 16:30;8,1035
26.01. 16:45;8,1822
26.01. 17:00;8,4378
26.01. 17:15;8,8017
26.01. 17:30;9,1853
26.01. 17:45;9,4606
26.01. 18:00;9,5786
26.01. 18:15;9,5786
26.01. 18:30;9,5196
26.01. 18:45;9,4606
26.01. 19:00;9,4705
26.01. 19:15;9,5196
26.01. 19:30;9,559
26.01. 19:45;9,559
26.01. 20:00;9,4705
26.01. 20:15;9,3229
26.01. 20:30;9,1263
26.01. 20:45;8,9099
26.01. 21:00;8,7034
26.01. 21:15;8,4969
26.01. 21:30;8,2903
26.01. 21:45;8,0838
26.01. 22:00;7,8773
26.01. 22:15;7,6708
26.01. 22:30;7,4643
26.01. 22:45;7,2577
26.01. 23:00;7,0512
26.01. 23:15;6,8545
26.01. 23:30;6,648
26.01. 23:45;6,4316
27.01. 00:00;6,2153
27.01. 00:15;5,9989
27.01. 00:30;5,7924
27.01. 00:45;5,6056
27.01. 01:00;5,4384
27.01. 01:15;5,281
27.01. 01:30;5,1237
27.01. 01:45;4,9663
27.01. 02:00;4,7893
27.01. 02:15;4,6123
27.01. 02:30;4,4451
27.01. 02:45;4,3173
27.01. 03:00;4,2288
27.01. 03:15;4,1796
27.01. 03:30;4,1501
27.01. 03:45;4,1304
27.01. 04:00;4,1206
27.01. 04:15;4,1107
27.01. 04:30;4,1107
27.01. 04:45;4,1304
27.01. 05:00;4,1894
27.01. 05:15;4,2681
27.01. 05:30;4,3664
27.01. 05:45;4,5041
27.01. 06:00;4,6615
27.01. 06:15;4,8188
27.01. 06:30;4,9565
27.01. 06:45;5,0548
27.01. 07:00;5,0942
27.01. 07:15;5,0843
27.01. 07:30;5,0352
27.01. 07:45;4,9663
27.01. 08:00;4,8778
27.01. 08:15;4,8188
27.01. 08:30;4,7992
27.01. 08:45;4,868
27.01. 09:00;5,045
27.01. 09:15;5,2909
27.01. 09:30;5,5859
27.01. 09:45;5,8809
27.01. 10:00;6,1563
27.01. 10:15;6,4021
27.01. 10:30;6,6087
27.01. 10:45;6,7955
27.01. 11:00;6,9627
27.01. 11:15;7,1004
27.01. 11:30;7,2282
27.01. 11:45;7,3462
27.01. 12:00;7,4741
27.01. 12:15;7,6019
27.01. 12:30;7,7101
27.01. 12:45;7,8085
27.01. 13:00;7,8773
27.01. 13:15;7,9166
27.01. 13:30;7,897
27.01. 13:45;7,8085
27.01. 14:00;7,6511
27.01. 14:15;7,4446
27.01. 14:30;7,2184
27.01. 14:45;6,9824
27.01. 15:00;6,7758
27.01. 15:15;6,589
27.01. 15:30;6,412
27.01. 15:45;6,2448
27.01. 16:00;6,0973
27.01. 16:15;6,0186
27.01. 16:30;6,0776
27.01. 16:45;6,3431
27.01. 17:00;6,8349
27.01. 17:15;7,4741
27.01. 17:30;8,1232
27.01. 17:45;8,6345
27.01. 18:00;8,9296
27.01. 18:15;9,0574
27.01. 18:30;9,0771
27.01. 18:45;9,0967
27.01. 19:00;9,1558
27.01. 19:15;9,2443
27.01. 19:30;9,3033
27.01. 19:45;9,2836
27.01. 20:00;9,1459
27.01. 20:15;8,9296
27.01. 20:30;8,6542
27.01. 20:45;8,3592
27.01. 21:00;8,074
27.01. 21:15;7,8085
27.01. 21:30;7,5626
27.01. 21:45;7,3462
27.01. 22:00;7,1594
27.01. 22:15;6,9922
27.01. 22:30;6,8152
27.01. 22:45;6,6185
27.01. 23:00;6,3923
27.01. 23:15;6,1563
27.01. 23:30;5,9399
27.01. 23:45;5,7924
28.01. 00:00;6,4415
28.01. 00:15;6,1563
28.01. 00:30;5,8613
28.01. 00:45;5,6056
28.01. 01:00;5,3892
28.01. 01:15;5,222
28.01. 01:30;5,0843
28.01. 01:45;4,9663
28.01. 02:00;4,8582
28.01. 02:15;4,7696
28.01. 02:30;4,7106
28.01. 02:45;4,691
28.01. 03:00;4,7106
28.01. 03:15;4,7893
28.01. 03:30;4,9368
28.01. 03:45;5,1434
28.01. 04:00;5,4187
28.01. 04:15;5,7236
28.01. 04:30;6,0186
28.01. 04:45;6,2448
28.01. 05:00;6,3923
28.01. 05:15;6,4907
28.01. 05:30;6,5988
28.01. 05:45;6,7955
28.01. 06:00;7,1299
28.01. 06:15;7,5823
28.01. 06:30;8,1527
28.01. 06:45;8,8214
28.01. 07:00;9,5983
28.01. 07:15;10,552
28.01. 07:30;11,791
28.01. 07:45;13,414
28.01. 08:00;15,45
28.01. 08:15;17,653
28.01. 08:30;19,718
28.01. 08:45;21,321
28.01. 09:00;22,245
28.01. 09:15;22,619
28.01. 09:30;22,658
28.01. 09:45;22,609
28.01. 10:00;22,619
28.01. 10:15;22,737
28.01. 10:30;22,914
28.01. 10:45;23,16
28.01. 11:00;23,416
28.01. 11:15;23,602
28.01. 11:30;23,642
28.01. 11:45;23,435
28.01. 12:00;22,914
28.01. 12:15;22,137
28.01. 12:30;21,213
28.01. 12:45;20,219
28.01. 13:00;19,246
28.01. 13:15;18,361
28.01. 13:30;17,623
28.01. 13:45;17,092
28.01. 14:00;16,817
28.01. 14:15;16,787
28.01. 14:30;16,984
28.01. 14:45;17,367
28.01. 15:00;17,908
28.01. 15:15;18,508
28.01. 15:30;19,069
28.01. 15:45;19,482
28.01. 16:00;19,678
28.01. 16:15;19,737
28.01. 16:30;19,757
28.01. 16:45;19,846
28.01. 17:00;20,062
28.01. 17:15;20,239
28.01. 17:30;20,21
28.01. 17:45;19,757
28.01. 18:00;18,754
28.01. 18:15;17,367
28.01. 18:30;15,784
28.01. 18:45;14,24
28.01. 19:00;12,912
28.01. 19:15;11,811
28.01. 19:30;10,946
28.01. 19:45;10,287
28.01. 20:00;9,8343
28.01. 20:15;9,5098
28.01. 20:30;9,2541
28.01. 20:45;9,0082
28.01. 21:00;8,7034
28.01. 21:15;8,3788
28.01. 21:30;8,074
28.01. 21:45;7,8085
28.01. 22:00;7,6314
28.01. 22:15;7,5134
28.01. 22:30;7,4347
28.01. 22:45;7,3462
28.01. 23:00;7,2479
28.01. 23:15;7,1102
28.01. 23:30;6,9332
28.01. 23:45;6,707
29.01. 00:00;6,4415
29.01. 00:15;6,1563
29.01. 00:30;5,8613
29.01. 00:45;5,6056
29.01. 01:00;5,3892
29.01. 01:15;5,222
29.01. 01:30;5,0843
29.01. 01:45;4,9663
29.01. 02:00;4,8582
29.01. 02:15;4,7696
29.01. 02:30;4,7106
29.01. 02:45;4,691
29.01. 03:00;4,7106
29.01. 03:15;4,7893
29.01. 03:30;4,9368
29.01. 03:45;5,1434
29.01. 04:00;5,4187
29.01. 04:15;5,7236
29.01. 04:30;6,0186
29.01. 04:45;6,2448
29.01. 05:00;6,3923
29.01. 05:15;6,4907
29.01. 05:30;6,5988
29.01. 05:45;6,7955
29.01. 06:00;7,1299
29.01. 06:15;7,5823
29.01. 06:30;8,1527
29.01. 06:45;8,8214
29.01. 07:00;9,5983
29.01. 07:15;10,552
29.01. 07:30;11,791
29.01. 07:45;13,414
29.01. 08:00;15,45
29.01. 08:15;17,653
29.01. 08:30;19,718
29.01. 08:45;21,321
29.01. 09:00;22,245
29.01. 09:15;22,619
29.01. 09:30;22,658
29.01. 09:45;22,609
29.01. 10:00;22,619
29.01. 10:15;22,737
29.01. 10:30;22,914
29.01. 10:45;23,16
29.01. 11:00;23,416
29.01. 11:15;23,602
29.01. 11:30;23,642
29.01. 11:45;23,435
29.01. 12:00;22,914
29.01. 12:15;22,137
29.01. 12:30;21,213
29.01. 12:45;20,219
29.01. 13:00;19,246
29.01. 13:15;18,361
29.01. 13:30;17,623
29.01. 13:45;17,092
29.01. 14:00;16,817
29.01. 14:15;16,787
29.01. 14:30;16,984
29.01. 14:45;17,367
29.01. 15:00;17,908
29.01. 15:15;18,508
29.01. 15:30;19,069
29.01. 15:45;19,482
29.01. 16:00;19,678
29.01. 16:15;19,737
29.01. 16:30;19,757
29.01. 16:45;19,846
29.01. 17:00;20,062
29.01. 17:15;20,239
29.01. 17:30;20,21
29.01. 17:45;19,757
29.01. 18:00;18,754
29.01. 18:15;17,367
29.01. 18:30;15,784
29.01. 18:45;14,24
29.01. 19:00;12,912
29.01. 19:15;11,811
29.01. 19:30;10,946
29.01. 19:45;10,287
29.01. 20:00;9,8343
29.01. 20:15;9,5098
29.01. 20:30;9,2541
29.01. 20:45;9,0082
29.01. 21:00;8,7034
29.01. 21:15;8,3788
29.01. 21:30;8,074
29.01. 21:45;7,8085
29.01. 22:00;7,6314
29.01. 22:15;7,5134
29.01. 22:30;7,4347
29.01. 22:45;7,3462
29.01. 23:00;7,2479
29.01. 23:15;7,1102
29.01. 23:30;6,9332
29.01. 23:45;6,707
30.01. 00:00;6,4415
30.01. 00:15;6,1563
30.01. 00:30;5,8613
30.01. 00:45;5,6056
30.01. 01:00;5,3892
30.01. 01:15;5,222
30.01. 01:30;5,0843
30.01. 01:45;4,9663
30.01. 02:00;4,8582
30.01. 02:15;4,7696
30.01. 02:30;4,7106
30.01. 02:45;4,691
30.01. 03:00;4,7106
30.01. 03:15;4,7893
30.01. 03:30;4,9368
30.01. 03:45;5,1434
30.01. 04:00;5,4187
30.01. 04:15;5,7236
30.01. 04:30;6,0186
30.01. 04:45;6,2448
30.01. 05:00;6,3923
30.01. 05:15;6,4907
30.01. 05:30;6,5988
30.01. 05:45;6,7955
30.01. 06:00;7,1299
30.01. 06:15;7,5823
30.01. 06:30;8,1527
30.01. 06:45;8,8214
30.01. 07:00;9,5983
30.01. 07:15;10,552
30.01. 07:30;11,791
30.01. 07:45;13,414
30.01. 08:00;15,45
30.01. 08:15;17,653
30.01. 08:30;19,718
30.01. 08:45;21,321
30.01. 09:00;22,245
30.01. 09:15;22,619
30.01. 09:30;22,658
30.01. 09:45;22,609
30.01. 10:00;22,619
30.01. 10:15;22,737
30.01. 10:30;22,914
30.01. 10:45;23,16
30.01. 11:00;23,416
30.01. 11:15;23,602
30.01. 11:30;23,642
30.01. 11:45;23,435
30.01. 12:00;22,914
30.01. 12:15;22,137
30.01. 12:30;21,213
30.01. 12:45;20,219
30.01. 13:00;19,246
30.01. 13:15;18,361
30.01. 13:30;17,623
30.01. 13:45;17,092
30.01. 14:00;16,817
30.01. 14:15;16,787
30.01. 14:30;16,984
30.01. 14:45;17,367
30.01. 15:00;17,908
30.01. 15:15;18,508
30.01. 15:30;19,069
30.01. 15:45;19,482
30.01. 16:00;19,678
30.01. 16:15;19,737
30.01. 16:30;19,757
30.01. 16:45;19,846
30.01. 17:00;20,062
30.01. 17:15;20,239
30.01. 17:30;20,21
30.01. 17:45;19,757
30.01. 18:00;18,754
30.01. 18:15;17,367
30.01. 18:30;15,784
30.01. 18:45;14,24
30.01. 19:00;12,912
30.01. 19:15;11,811
30.01. 19:30;10,946
30.01. 19:45;10,287
30.01. 20:00;9,8343
30.01. 20:15;9,5098
30.01. 20:30;9,2541
30.01. 20:45;9,0082
30.01. 21:00;8,7034
30.01. 21:15;8,3788
30.01. 21:30;8,074
30.01. 21:45;7,8085
30.01. 22:00;7,6314
30.01. 22:15;7,5134
30.01. 22:30;7,4347
30.01. 22:45;7,3462
30.01. 23:00;7,2479
30.01. 23:15;7,1102
30.01. 23:30;6,9332
30.01. 23:45;6,707
31.01. 00:00;6,4415
31.01. 00:15;6,1563
31.01. 00:30;5,8613
31.01. 00:45;5,6056
31.01. 01:00;5,3892
31.01. 01:15;5,222
31.01. 01:30;5,0843
31.01. 01:45;4,9663
31.01. 02:00;4,8582
31.01. 02:15;4,7696
31.01. 02:30;4,7106
31.01. 02:45;4,691
31.01. 03:00;4,7106
31.01. 03:15;4,7893
31.01. 03:30;4,9368
31.01. 03:45;5,1434
31.01. 04:00;5,4187
31.01. 04:15;5,7236
31.01. 04:30;6,0186
31.01. 04:45;6,2448
31.01. 05:00;6,3923
31.01. 05:15;6,4907
31.01. 05:30;6,5988
31.01. 05:45;6,7955
31.01. 06:00;7,1299
31.01. 06:15;7,5823
31.01. 06:30;8,1527
31.01. 06:45;8,8214
31.01. 07:00;9,5983
31.01. 07:15;10,552
31.01. 07:30;11,791
31.01. 07:45;13,414
31.01. 08:00;15,45
31.01. 08:15;17,653
31.01. 08:30;19,718
31.01. 08:45;21,321
31.01. 09:00;22,245
31.01. 09:15;22,619
31.01. 09:30;22,658
31.01. 09:45;22,609
31.01. 10:00;22,619
31.01. 10:15;22,737
31.01. 10:30;22,914
31.01. 10:45;23,16
31.01. 11:00;23,416
31.01. 11:15;23,602
31.01. 11:30;23,642
31.01. 11:45;23,435
31.01. 12:00;22,914
31.01. 12:15;22,137
31.01. 12:30;21,213
31.01. 12:45;20,219
31.01. 13:00;19,246
31.01. 13:15;18,361
31.01. 13:30;17,623
31.01. 13:45;17,092
31.01. 14:00;16,817
31.01. 14:15;16,787
31.01. 14:30;16,984
31.01. 14:45;17,367
31.01. 15:00;17,908
31.01. 15:15;18,508
31.01. 15:30;19,069
31.01. 15:45;19,482
31.01. 16:00;19,678
31.01. 16:15;19,737
31.01. 16:30;19,757
31.01. 16:45;19,846
31.01. 17:00;20,062
31.01. 17:15;20,239
31.01. 17:30;20,21
31.01. 17:45;19,757
31.01. 18:00;18,754
31.01. 18:15;17,367
31.01. 18:30;15,784
31.01. 18:45;14,24
31.01. 19:00;12,912
31.01. 19:15;11,811
31.01. 19:30;10,946
31.01. 19:45;10,287
31.01. 20:00;9,8343
31.01. 20:15;9,5098
31.01. 20:30;9,2541
31.01. 20:45;9,0082
31.01. 21:00;8,7034
31.01. 21:15;8,3788
31.01. 21:30;8,074
31.01. 21:45;7,8085
31.01. 22:00;7,6314
31.01. 22:15;7,5134
31.01. 22:30;7,4347
31.01. 22:45;7,3462
31.01. 23:00;7,2479
31.01. 23:15;7,1102
31.01. 23:30;6,9332
31.01. 23:45;6,707
01.02. 00:00;6,4415
01.02. 00:15;6,1563
01.02. 00:30;5,8613
01.02. 00:45;5,6056
01.02. 01:00;5,3892
01.02. 01:15;5,222
01.02. 01:30;5,0843
01.02. 01:45;4,9663
01.02. 02:00;4,8582
01.02. 02:15;4,7696
01.02. 02:30;4,7106
01.02. 02:45;4,691
01.02. 03:00;4,7106
01.02. 03:15;4,7893
01.02. 03:30;4,9368
01.02. 03:45;5,1434
01.02. 04:00;5,4187
01.02. 04:15;5,7236
01.02. 04:30;6,0186
01.02. 04:45;6,2448
01.02. 05:00;6,3923
01.02. 05:15;6,4907
01.02. 05:30;6,5988
01.02. 05:45;6,7955
01.02. 06:00;7,1299
01.02. 06:15;7,5823
01.02. 06:30;8,1527
01.02. 06:45;8,8214
01.02. 07:00;9,5983
01.02. 07:15;10,552
01.02. 07:30;11,791
01.02. 07:45;13,414
01.02. 08:00;15,45
01.02. 08:15;17,653
01.02. 08:30;19,718
01.02. 08:45;21,321
01.02. 09:00;22,245
01.02. 09:15;22,619
01.02. 09:30;22,658
01.02. 09:45;22,609
01.02. 10:00;22,619
01.02. 10:15;22,737
01.02. 10:30;22,914
01.02. 10:45;23,16
01.02. 11:00;23,416
01.02. 11:15;23,602
01.02. 11:30;23,642
01.02. 11:45;23,435
01.02. 12:00;22,914
01.02. 12:15;22,137
01.02. 12:30;21,213
01.02. 12:45;20,219
01.02. 13:00;19,246
01.02. 13:15;18,361
01.02. 13:30;17,623
01.02. 13:45;17,092
01.02. 14:00;16,817
01.02. 14:15;16,787
01.02. 14:30;16,984
01.02. 14:45;17,367
01.02. 15:00;17,908
01.02. 15:15;18,508
01.02. 15:30;19,069
01.02. 15:45;19,482
01.02. 16:00;19,678
01.02. 16:15;19,737
01.02. 16:30;19,757
01.02. 16:45;19,846
01.02. 17:00;20,062
01.02. 17:15;20,239
01.02. 17:30;20,21
01.02. 17:45;19,757
01.02. 18:00;18,754
01.02. 18:15;17,367
01.02. 18:30;15,784
01.02. 18:45;14,24
01.02. 19:00;12,912
01.02. 19:15;11,811
01.02. 19:30;10,946
01.02. 19:45;10,287
01.02. 20:00;9,8343
01.02. 20:15;9,5098
01.02. 20:30;9,2541
01.02. 20:45;9,0082
01.02. 21:00;8,7034
01.02. 21:15;8,3788
01.02. 21:30;8,074
01.02. 21:45;7,8085
01.02. 22:00;7,6314
01.02. 22:15;7,5134
01.02. 22:30;7,4347
01.02. 22:45;7,3462
01.02. 23:00;7,2479
01.02. 23:15;7,1102
01.02. 23:30;6,9332
01.02. 23:45;6,707
02.02. 00:00;6,884
02.02. 00:15;7,1791
02.02. 00:30;7,4643
02.02. 00:45;7,6314
02.02. 01:00;7,5823
02.02. 01:15;7,3757
02.02. 01:30;7,0905
02.02. 01:45;6,7955
02.02. 02:00;6,5693
02.02. 02:15;6,4021
02.02. 02:30;6,3038
02.02. 02:45;6,2448
02.02. 03:00;6,235
02.02. 03:15;6,2546
02.02. 03:30;6,294
02.02. 03:45;6,3431
02.02. 04:00;6,3923
02.02. 04:15;6,4513
02.02. 04:30;6,5202
02.02. 04:45;6,6185
02.02. 05:00;6,7365
02.02. 05:15;6,8742
02.02. 05:30;7,0217
02.02. 05:45;7,1692
02.02. 06:00;7,3167
02.02. 06:15;7,5528
02.02. 06:30;7,9658
02.02. 06:45;8,6345
02.02. 07:00;9,6376
02.02. 07:15;10,887
02.02. 07:30;12,273
02.02. 07:45;13,689
02.02. 08:00;15,047
02.02. 08:15;16,266
02.02. 08:30;17,299
02.02. 08:45;18,105
02.02. 09:00;18,636
02.02. 09:15;18,961
02.02. 09:30;19,187
02.02. 09:45;19,383
02.02. 10:00;19,649
02.02. 10:15;19,934
02.02. 10:30;20,2
02.02. 10:45;20,396
02.02. 11:00;20,495
02.02. 11:15;20,485
02.02. 11:30;20,396
02.02. 11:45;20,219
02.02. 12:00;19,964
02.02. 12:15;19,639
02.02. 12:30;19,236
02.02. 12:45;18,744
02.02. 13:00;18,154
02.02. 13:15;17,456
02.02. 13:30;16,61
02.02. 13:45;15,617
02.02. 14:00;14,476
02.02. 14:15;13,257
02.02. 14:30;12,067
02.02. 14:45;11,024
02.02. 15:00;10,208
02.02. 15:15;9,5786
02.02. 15:30;9,1066
02.02. 15:45;8,7329
02.02. 16:00;8,4182
02.02. 16:15;8,192
02.02. 16:30;8,1035
02.02. 16:45;8,1822
02.02. 17:00;8,4378
02.02. 17:15;8,8017
02.02. 17:30;9,1853
02.02. 17:45;9,4606
02.02. 18:00;9,5786
02.02. 18:15;9,5786
02.02. 18:30;9,5196
02.02. 18:45;9,4606
02.02. 19:00;9,4705
02.02. 19:15;9,5196
02.02. 19:30;9,559
02.02. 19:45;9,559
02.02. 20:00;9,4705
02.02. 20:15;9,3229
02.02. 20:30;9,1263
02.02. 20:45;8,9099
02.02. 21:00;8,7034
02.02. 21:15;8,4969
02.02. 21:30;8,2903
02.02. 21:45;8,0838
02.02. 22:00;7,8773
02.02. 22:15;7,6708
02.02. 22:30;7,4643
02.02. 22:45;7,2577
02.02. 23:00;7,0512
02.02. 23:15;6,8545
02.02. 23:30;6,648
02.02. 23:45;6,4316
03.02. 00:00;6,2153
03.02. 00:15;5,9989
03.02. 00:30;5,7924
03.02. 00:45;5,6056
03.02. 01:00;5,4384
03.02. 01:15;5,281
03.02. 01:30;5,1237
03.02. 01:45;4,9663
03.02. 02:00;4,7893
03.02. 02:15;4,6123
03.02. 02:30;4,4451
03.02. 02:45;4,3173
03.02. 03:00;4,2288
03.02. 03:15;4,1796
03.02. 03:30;4,1501
03.02. 03:45;4,1304
03.02. 04:00;4,1206
03.02. 04:15;4,1107
03.02. 04:30;4,1107
03.02. 04:45;4,1304
03.02. 05:00;4,1894
03.02. 05:15;4,2681
03.02. 05:30;4,3664
03.02. 05:45;4,5041
03.02. 06:00;4,6615
03.02. 06:15;4,8188
03.02. 06:30;4,9565
03.02. 06:45;5,0548
03.02. 07:00;5,0942
03.02. 07:15;5,0843
03.02. 07:30;5,0352
03.02. 07:45;4,9663
03.02. 08:00;4,8778
03.02. 08:15;4,8188
03.02. 08:30;4,7992
03.02. 08:45;4,868
03.02. 09:00;5,045
03.02. 09:15;5,2909
03.02. 09:30;5,5859
03.02. 09:45;5,8809
03.02. 10:00;6,1563
03.02. 10:15;6,4021
03.02. 10:30;6,6087
03.02. 10:45;6,7955
03.02. 11:00;6,9627
03.02. 11:15;7,1004
03.02. 11:30;7,2282
03.02. 11:45;7,3462
03.02. 12:00;7,4741
03.02. 12:15;7,6019
03.02. 12:30;7,7101
03.02. 12:45;7,8085
03.02. 13:00;7,8773
03.02. 13:15;7,9166
03.02. 13:30;7,897
03.02. 13:45;7,8085
03.02. 14:00;7,6511
03.02. 14:15;7,4446
03.02. 14:30;7,2184
03.02. 14:45;6,9824
03.02. 15:00;6,7758
03.02. 15:15;6,589
03.02. 15:30;6,412
03.02. 15:45;6,2448
03.02. 16:00;6,0973
03.02. 16:15;6,0186
03.02. 16:30;6,0776
03.02. 16:45;6,3431
03.02. 17:00;6,8349
03.02. 17:15;7,4741
03.02. 17:30;8,1232
03.02. 17:45;8,6345
03.02. 18:00;8,9296
03.02. 18:15;9,0574
03.02. 18:30;9,0771
03.02. 18:45;9,0967
03.02. 19:00;9,1558
03.02. 19:15;9,2443
03.02. 19:30;9,3033
03.02. 19:45;9,2836
03.02. 20:00;9,1459
03.02. 20:15;8,9296
03.02. 20:30;8,6542
03.02. 20:45;8,3592
03.02. 21:00;8,074
03.02. 21:15;7,8085
03.02. 21:30;7,5626
03.02. 21:45;7,3462
03.02. 22:00;7,1594
03.02. 22:15;6,9922
03.02. 22:30;6,8152
03.02. 22:45;6,6185
03.02. 23:00;6,3923
03.02. 23:15;6,1563
03.02. 23:30;5,9399
03.02. 23:45;5,7924
04.02. 00:00;6,4415
04.02. 00:15;6,1563
04.02. 00:30;5,8613
04.02. 00:45;5,6056
04.02. 01:00;5,3892
04.02. 01:15;5,222
04.02. 01:30;5,0843
04.02. 01:45;4,9663
04.02. 02:00;4,8582
04.02. 02:15;4,7696
04.02. 02:30;4,7106
04.02. 02:45;4,691
04.02. 03:00;4,7106
04.02. 03:15;4,7893
04.02. 03:30;4,9368
04.02. 03:45;5,1434
04.02. 04:00;5,4187
04.02. 04:15;5,7236
04.02. 04:30;6,0186
04.02. 04:45;6,2448
04.02. 05:00;6,3923
04.02. 05:15;6,4907
04.02. 05:30;6,5988
04.02. 05:45;6,7955
04.02. 06:00;7,1299
04.02. 06:15;7,5823
04.02. 06:30;8,1527
04.02. 06:45;8,8214
04.02. 07:00;9,5983
04.02. 07:15;10,552
04.02. 07:30;11,791
04.02. 07:45;13,414
04.02. 08:00;15,45
04.02. 08:15;17,653
04.02. 08:30;19,718
04.02. 08:45;21,321
04.02. 09:00;22,245
04.02. 09:15;22,619
04.02. 09:30;22,658
04.02. 09:45;22,609
04.02. 10:00;22,619
04.02. 10:15;22,737
04.02. 10:30;22,914
04.02. 10:45;23,16
04.02. 11:00;23,416
04.02. 11:15;23,602
04.02. 11:30;23,642
04.02. 11:45;23,435
04.02. 12:00;22,914
04.02. 12:15;22,137
04.02. 12:30;21,213
04.02. 12:45;20,219
04.02. 13:00;19,246
04.02. 13:15;18,361
04.02. 13:30;17,623
04.02. 13:45;17,092
04.02. 14:00;16,817
04.02. 14:15;16,787
04.02. 14:30;16,984
04.02. 14:45;17,367
04.02. 15:00;17,908
04.02. 15:15;18,508
04.02. 15:30;19,069
04.02. 15:45;19,482
04.02. 16:00;19,678
04.02. 16:15;19,737
04.02. 16:30;19,757
04.02. 16:45;19,846
04.02. 17:00;20,062
04.02. 17:15;20,239
04.02. 17:30;20,21
04.02. 17:45;19,757
04.02. 18:00;18,754
04.02. 18:15;17,367
04.02. 18:30;15,784
04.02. 18:45;14,24
04.02. 19:00;12,912
04.02. 19:15;11,811
04.02. 19:30;10,946
04.02. 19:45;10,287
04.02. 20:00;9,8343
04.02. 20:15;9,5098
04.02. 20:30;9,2541
04.02. 20:45;9,0082
04.02. 21:00;8,7034
04.02. 21:15;8,3788
04.02. 21:30;8,074
04.02. 21:45;7,8085
04.02. 22:00;7,6314
04.02. 22:15;7,5134
04.02. 22:30;7,4347
04.02. 22:45;7,3462
04.02. 23:00;7,2479
04.02. 23:15;7,1102
04.02. 23:30;6,9332
04.02. 23:45;6,707
05.02. 00:00;6,4415
05.02. 00:15;6,1563
05.02. 00:30;5,8613
05.02. 00:45;5,6056
05.02. 01:00;5,3892
05.02. 01:15;5,222
05.02. 01:30;5,0843
05.02. 01:45;4,9663
05.02. 02:00;4,8582
05.02. 02:15;4,7696
05.02. 02:30;4,7106
05.02. 02:45;4,691
05.02. 03:00;4,7106
05.02. 03:15;4,7893
05.02. 03:30;4,9368
05.02. 03:45;5,1434
05.02. 04:00;5,4187
05.02. 04:15;5,7236
05.02. 04:30;6,0186
05.02. 04:45;6,2448
05.02. 05:00;6,3923
05.02. 05:15;6,4907
05.02. 05:30;6,5988
05.02. 05:45;6,7955
05.02. 06:00;7,1299
05.02. 06:15;7,5823
05.02. 06:30;8,1527
05.02. 06:45;8,8214
05.02. 07:00;9,5983
05.02. 07:15;10,552
05.02. 07:30;11,791
05.02. 07:45;13,414
05.02. 08:00;15,45
05.02. 08:15;17,653
05.02. 08:30;19,718
05.02. 08:45;21,321
05.02. 09:00;22,245
05.02. 09:15;22,619
05.02. 09:30;22,658
05.02. 09:45;22,609
05.02. 10:00;22,619
05.02. 10:15;22,737
05.02. 10:30;22,914
05.02. 10:45;23,16
05.02. 11:00;23,416
05.02. 11:15;23,602
05.02. 11:30;23,642
05.02. 11:45;23,435
05.02. 12:00;22,914
05.02. 12:15;22,137
05.02. 12:30;21,213
05.02. 12:45;20,219
05.02. 13:00;19,246
05.02. 13:15;18,361
05.02. 13:30;17,623
05.02. 13:45;17,092
05.02. 14:00;16,817
05.02. 14:15;16,787
05.02. 14:30;16,984
05.02. 14:45;17,367
05.02. 15:00;17,908
05.02. 15:15;18,508
05.02. 15:30;19,069
05.02. 15:45;19,482
05.02. 16:00;19,678
05.02. 16:15;19,737
05.02. 16:30;19,757
05.02. 16:45;19,846
05.02. 17:00;20,062
05.02. 17:15;20,239
05.02. 17:30;20,21
05.02. 17:45;19,757
05.02. 18:00;18,754
05.02. 18:15;17,367
05.02. 18:30;15,784
05.02. 18:45;14,24
05.02. 19:00;12,912
05.02. 19:15;11,811
05.02. 19:30;10,946
05.02. 19:45;10,287
05.02. 20:00;9,8343
05.02. 20:15;9,5098
05.02. 20:30;9,2541
05.02. 20:45;9,0082
05.02. 21:00;8,7034
05.02. 21:15;8,3788
05.02. 21:30;8,074
05.02. 21:45;7,8085
05.02. 22:00;7,6314
05.02. 22:15;7,5134
05.02. 22:30;7,4347
05.02. 22:45;7,3462
05.02. 23:00;7,2479
05.02. 23:15;7,1102
05.02. 23:30;6,9332
05.02. 23:45;6,707
06.02. 00:00;6,4415
06.02. 00:15;6,1563
06.02. 00:30;5,8613
06.02. 00:45;5,6056
06.02. 01:00;5,3892
06.02. 01:15;5,222
06.02. 01:30;5,0843
06.02. 01:45;4,9663
06.02. 02:00;4,8582
06.02. 02:15;4,7696
06.02. 02:30;4,7106
06.02. 02:45;4,691
06.02. 03:00;4,7106
06.02. 03:15;4,7893
06.02. 03:30;4,9368
06.02. 03:45;5,1434
06.02. 04:00;5,4187
06.02. 04:15;5,7236
06.02. 04:30;6,0186
06.02. 04:45;6,2448
06.02. 05:00;6,3923
06.02. 05:15;6,4907
06.02. 05:30;6,5988
06.02. 05:45;6,7955
06.02. 06:00;7,1299
06.02. 06:15;7,5823
06.02. 06:30;8,1527
06.02. 06:45;8,8214
06.02. 07:00;9,5983
06.02. 07:15;10,552
06.02. 07:30;11,791
06.02. 07:45;13,414
06.02. 08:00;15,45
06.02. 08:15;17,653
06.02. 08:30;19,718
06.02. 08:45;21,321
06.02. 09:00;22,245
06.02. 09:15;22,619
06.02. 09:30;22,658
06.02. 09:45;22,609
06.02. 10:00;22,619
06.02. 10:15;22,737
06.02. 10:30;22,914
06.02. 10:45;23,16
06.02. 11:00;23,416
06.02. 11:15;23,602
06.02. 11:30;23,642
06.02. 11:45;23,435
06.02. 12:00;22,914
06.02. 12:15;22,137
06.02. 12:30;21,213
06.02. 12:45;20,219
06.02. 13:00;19,246
06.02. 13:15;18,361
06.02. 13:30;17,623
06.02. 13:45;17,092
06.02. 14:00;16,817
06.02. 14:15;16,787
06.02. 14:30;16,984
06.02. 14:45;17,367
06.02. 15:00;17,908
06.02. 15:15;18,508
06.02. 15:30;19,069
06.02. 15:45;19,482
06.02. 16:00;19,678
06.02. 16:15;19,737
06.02. 16:30;19,757
06.02. 16:45;19,846
06.02. 17:00;20,062
06.02. 17:15;20,239
06.02. 17:30;20,21
06.02. 17:45;19,757
06.02. 18:00;18,754
06.02. 18:15;17,367
06.02. 18:30;15,784
06.02. 18:45;14,24
06.02. 19:00;12,912
06.02. 19:15;11,811
06.02. 19:30;10,946
06.02. 19:45;10,287
06.02. 20:00;9,8343
06.02. 20:15;9,5098
06.02. 20:30;9,2541
06.02. 20:45;9,0082
06.02. 21:00;8,7034
06.02. 21:15;8,3788
06.02. 21:30;8,074
06.02. 21:45;7,8085
06.02. 22:00;7,6314
06.02. 22:15;7,5134
06.02. 22:30;7,4347
06.02. 22:45;7,3462
06.02. 23:00;7,2479
06.02. 23:15;7,1102
06.02. 23:30;6,9332
06.02. 23:45;6,707
07.02. 00:00;6,4415
07.02. 00:15;6,1563
07.02. 00:30;5,8613
07.02. 00:45;5,6056
07.02. 01:00;5,3892
07.02. 01:15;5,222
07.02. 01:30;5,0843
07.02. 01:45;4,9663
07.02. 02:00;4,8582
07.02. 02:15;4,7696
07.02. 02:30;4,7106
07.02. 02:45;4,691
07.02. 03:00;4,7106
07.02. 03:15;4,7893
07.02. 03:30;4,9368
07.02. 03:45;5,1434
07.02. 04:00;5,4187
07.02. 04:15;5,7236
07.02. 04:30;6,0186
07.02. 04:45;6,2448
07.02. 05:00;6,3923
07.02. 05:15;6,4907
07.02. 05:30;6,5988
07.02. 05:45;6,7955
07.02. 06:00;7,1299
07.02. 06:15;7,5823
07.02. 06:30;8,1527
07.02. 06:45;8,8214
07.02. 07:00;9,5983
07.02. 07:15;10,552
07.02. 07:30;11,791
07.02. 07:45;13,414
07.02. 08:00;15,45
07.02. 08:15;17,653
07.02. 08:30;19,718
07.02. 08:45;21,321
07.02. 09:00;22,245
07.02. 09:15;22,619
07.02. 09:30;22,658
07.02. 09:45;22,609
07.02. 10:00;22,619
07.02. 10:15;22,737
07.02. 10:30;22,914
07.02. 10:45;23,16
07.02. 11:00;23,416
07.02. 11:15;23,602
07.02. 11:30;23,642
07.02. 11:45;23,435
07.02. 12:00;22,914
07.02. 12:15;22,137
07.02. 12:30;21,213
07.02. 12:45;20,219
07.02. 13:00;19,246
07.02. 13:15;18,361
07.02. 13:30;17,623
07.02. 13:45;17,092
07.02. 14:00;16,817
07.02. 14:15;16,787
07.02. 14:30;16,984
07.02. 14:45;17,367
07.02. 15:00;17,908
07.02. 15:15;18,508
07.02. 15:30;19,069
07.02. 15:45;19,482
07.02. 16:00;19,678
07.02. 16:15;19,737
07.02. 16:30;19,757
07.02. 16:45;19,846
07.02. 17:00;20,062
07.02. 17:15;20,239
07.02. 17:30;20,21
07.02. 17:45;19,757
07.02. 18:00;18,754
07.02. 18:15;17,367
07.02. 18:30;15,784
07.02. 18:45;14,24
07.02. 19:00;12,912
07.02. 19:15;11,811
07.02. 19:30;10,946
07.02. 19:45;10,287
07.02. 20:00;9,8343
07.02. 20:15;9,5098
07.02. 20:30;9,2541
07.02. 20:45;9,0082
07.02. 21:00;8,7034
07.02. 21:15;8,3788
07.02. 21:30;8,074
07.02. 21:45;7,8085
07.02. 22:00;7,6314
07.02. 22:15;7,5134
07.02. 22:30;7,4347
07.02. 22:45;7,3462
07.02. 23:00;7,2479
07.02. 23:15;7,1102
07.02. 23:30;6,9332
07.02. 23:45;6,707
08.02. 00:00;6,4415
08.02. 00:15;6,1563
08.02. 00:30;5,8613
08.02. 00:45;5,6056
08.02. 01:00;5,3892
08.02. 01:15;5,222
08.02. 01:30;5,0843
08.02. 01:45;4,9663
08.02. 02:00;4,8582
08.02. 02:15;4,7696
08.02. 02:30;4,7106
08.02. 02:45;4,691
08.02. 03:00;4,7106
08.02. 03:15;4,7893
08.02. 03:30;4,9368
08.02. 03:45;5,1434
08.02. 04:00;5,4187
08.02. 04:15;5,7236
08.02. 04:30;6,0186
08.02. 04:45;6,2448
08.02. 05:00;6,3923
08.02. 05:15;6,4907
08.02. 05:30;6,5988
08.02. 05:45;6,7955
08.02. 06:00;7,1299
08.02. 06:15;7,5823
08.02. 06:30;8,1527
08.02. 06:45;8,8214
08.02. 07:00;9,5983
08.02. 07:15;10,552
08.02. 07:30;11,791
08.02. 07:45;13,414
08.02. 08:00;15,45
08.02. 08:15;17,653
08.02. 08:30;19,718
08.02. 08:45;21,321
08.02. 09:00;22,245
08.02. 09:15;22,619
08.02. 09:30;22,658
08.02. 09:45;22,609
08.02. 10:00;22,619
08.02. 10:15;22,737
08.02. 10:30;22,914
08.02. 10:45;23,16
08.02. 11:00;23,416
08.02. 11:15;23,602
08.02. 11:30;23,642
08.02. 11:45;23,435
08.02. 12:00;22,914
08.02. 12:15;22,137
08.02. 12:30;21,213
08.02. 12:45;20,219
08.02. 13:00;19,246
08.02. 13:15;18,361
08.02. 13:30;17,623
08.02. 13:45;17,092
08.02. 14:00;16,817
08.02. 14:15;16,787
08.02. 14:30;16,984
08.02. 14:45;17,367
08.02. 15:00;17,908
08.02. 15:15;18,508
08.02. 15:30;19,069
08.02. 15:45;19,482
08.02. 16:00;19,678
08.02. 16:15;19,737
08.02. 16:30;19,757
08.02. 16:45;19,846
08.02. 17:00;20,062
08.02. 17:15;20,239
08.02. 17:30;20,21
08.02. 17:45;19,757
08.02. 18:00;18,754
08.02. 18:15;17,367
08.02. 18:30;15,784
08.02. 18:45;14,24
08.02. 19:00;12,912
08.02. 19:15;11,811
08.02. 19:30;10,946
08.02. 19:45;10,287
08.02. 20:00;9,8343
08.02. 20:15;9,5098
08.02. 20:30;9,2541
08.02. 20:45;9,0082
08.02. 21:00;8,7034
08.02. 21:15;8,3788
08.02. 21:30;8,074
08.02. 21:45;7,8085
08.02. 22:00;7,6314
08.02. 22:15;7,5134
08.02. 22:30;7,4347
08.02. 22:45;7,3462
08.02. 23:00;7,2479
08.02. 23:15;7,1102
08.02. 23:30;6,9332
08.02. 23:45;6,707
09.02. 00:00;6,884
09.02. 00:15;7,1791
09.02. 00:30;7,4643
09.02. 00:45;7,6314
09.02. 01:00;7,5823
09.02. 01:15;7,3757
09.02. 01:30;7,0905
09.02. 01:45;6,7955
09.02. 02:00;6,5693
09.02. 02:15;6,4021
09.02. 02:30;6,3038
09.02. 02:45;6,2448
09.02. 03:00;6,235
09.02. 03:15;6,2546
09.02. 03:30;6,294
09.02. 03:45;6,3431
09.02. 04:00;6,3923
09.02. 04:15;6,4513
09.02. 04:30;6,5202
09.02. 04:45;6,6185
09.02. 05:00;6,7365
09.02. 05:15;6,8742
09.02. 05:30;7,0217
09.02. 05:45;7,1692
09.02. 06:00;7,3167
09.02. 06:15;7,5528
09.02. 06:30;7,9658
09.02. 06:45;8,6345
09.02. 07:00;9,6376
09.02. 07:15;10,887
09.02. 07:30;12,273
09.02. 07:45;13,689
09.02. 08:00;15,047
09.02. 08:15;16,266
09.02. 08:30;17,299
09.02. 08:45;18,105
09.02. 09:00;18,636
09.02. 09:15;18,961
09.02. 09:30;19,187
09.02. 09:45;19,383
09.02. 10:00;19,649
09.02. 10:15;19,934
09.02. 10:30;20,2
09.02. 10:45;20,396
09.02. 11:00;20,495
09.02. 11:15;20,485
09.02. 11:30;20,396
09.02. 11:45;20,219
09.02. 12:00;19,964
09.02. 12:15;19,639
09.02. 12:30;19,236
09.02. 12:45;18,744
09.02. 13:00;18,154
09.02. 13:15;17,456
09.02. 13:30;16,61
09.02. 13:45;15,617
09.02. 14:00;14,476
09.02. 14:15;13,257
09.02. 14:30;12,067
09.02. 14:45;11,024
09.02. 15:00;10,208
09.02. 15:15;9,5786
09.02. 15:30;9,1066
09.02. 15:45;8,7329
09.02. 16:00;8,4182
09.02. 16:15;8,192
09.02. 16:30;8,1035
09.02. 16:45;8,1822
09.02. 17:00;8,4378
09.02. 17:15;8,8017
09.02. 17:30;9,1853
09.02. 17:45;9,4606
09.02. 18:00;9,5786
09.02. 18:15;9,5786
09.02. 18:30;9,5196
09.02. 18:45;9,4606
09.02. 19:00;9,4705
09.02. 19:15;9,5196
09.02. 19:30;9,559
09.02. 19:45;9,559
09.02. 20:00;9,4705
09.02. 20:15;9,3229
09.02. 20:30;9,1263
09.02. 20:45;8,9099
09.02. 21:00;8,7034
09.02. 21:15;8,4969
09.02. 21:30;8,2903
09.02. 21:45;8,0838
09.02. 22:00;7,8773
09.02. 22:15;7,6708
09.02. 22:30;7,4643
09.02. 22:45;7,2577
09.02. 23:00;7,0512
09.02. 23:15;6,8545
09.02. 23:30;6,648
09.02. 23:45;6,4316
10.02. 00:00;6,2153
10.02. 00:15;5,9989
10.02. 00:30;5,7924
10.02. 00:45;5,6056
10.02. 01:00;5,4384
10.02. 01:15;5,281
10.02. 01:30;5,1237
10.02. 01:45;4,9663
10.02. 02:00;4,7893
10.02. 02:15;4,6123
10.02. 02:30;4,4451
10.02. 02:45;4,3173
10.02. 03:00;4,2288
10.02. 03:15;4,1796
10.02. 03:30;4,1501
10.02. 03:45;4,1304
10.02. 04:00;4,1206
10.02. 04:15;4,1107
10.02. 04:30;4,1107
10.02. 04:45;4,1304
10.02. 05:00;4,1894
10.02. 05:15;4,2681
10.02. 05:30;4,3664
10.02. 05:45;4,5041
10.02. 06:00;4,6615
10.02. 06:15;4,8188
10.02. 06:30;4,9565
10.02. 06:45;5,0548
10.02. 07:00;5,0942
10.02. 07:15;5,0843
10.02. 07:30;5,0352
10.02. 07:45;4,9663
10.02. 08:00;4,8778
10.02. 08:15;4,8188
10.02. 08:30;4,7992
10.02. 08:45;4,868
10.02. 09:00;5,045
10.02. 09:15;5,2909
10.02. 09:30;5,5859
10.02. 09:45;5,8809
10.02. 10:00;6,1563
10.02. 10:15;6,4021
10.02. 10:30;6,6087
10.02. 10:45;6,7955
10.02. 11:00;6,9627
10.02. 11:15;7,1004
10.02. 11:30;7,2282
10.02. 11:45;7,3462
10.02. 12:00;7,4741
10.02. 12:15;7,6019
10.02. 12:30;7,7101
10.02. 12:45;7,8085
10.02. 13:00;7,8773
10.02. 13:15;7,9166
10.02. 13:30;7,897
10.02. 13:45;7,8085
10.02. 14:00;7,6511
10.02. 14:15;7,4446
10.02. 14:30;7,2184
10.02. 14:45;6,9824
10.02. 15:00;6,7758
10.02. 15:15;6,589
10.02. 15:30;6,412
10.02. 15:45;6,2448
10.02. 16:00;6,0973
10.02. 16:15;6,0186
10.02. 16:30;6,0776
10.02. 16:45;6,3431
10.02. 17:00;6,8349
10.02. 17:15;7,4741
10.02. 17:30;8,1232
10.02. 17:45;8,6345
10.02. 18:00;8,9296
10.02. 18:15;9,0574
10.02. 18:30;9,0771
10.02. 18:45;9,0967
10.02. 19:00;9,1558
10.02. 19:15;9,2443
10.02. 19:30;9,3033
10.02. 19:45;9,2836
10.02. 20:00;9,1459
10.02. 20:15;8,9296
10.02. 20:30;8,6542
10.02. 20:45;8,3592
10.02. 21:00;8,074
10.02. 21:15;7,8085
10.02. 21:30;7,5626
10.02. 21:45;7,3462
10.02. 22:00;7,1594
10.02. 22:15;6,9922
10.02. 22:30;6,8152
10.02. 22:45;6,6185
10.02. 23:00;6,3923
10.02. 23:15;6,1563
10.02. 23:30;5,9399
10.02. 23:45;5,7924
11.02. 00:00;6,4415
11.02. 00:15;6,1563
11.02. 00:30;5,8613
11.02. 00:45;5,6056
11.02. 01:00;5,3892
11.02. 01:15;5,222
11.02. 01:30;5,0843
11.02. 01:45;4,9663
11.02. 02:00;4,8582
11.02. 02:15;4,7696
11.02. 02:30;4,7106
11.02. 02:45;4,691
11.02. 03:00;4,7106
11.02. 03:15;4,7893
11.02. 03:30;4,9368
11.02. 03:45;5,1434
11.02. 04:00;5,4187
11.02. 04:15;5,7236
11.02. 04:30;6,0186
11.02. 04:45;6,2448
11.02. 05:00;6,3923
11.02. 05:15;6,4907
11.02. 05:30;6,5988
11.02. 05:45;6,7955
11.02. 06:00;7,1299
11.02. 06:15;7,5823
11.02. 06:30;8,1527
11.02. 06:45;8,8214
11.02. 07:00;9,5983
11.02. 07:15;10,552
11.02. 07:30;11,791
11.02. 07:45;13,414
11.02. 08:00;15,45
11.02. 08:15;17,653
11.02. 08:30;19,718
11.02. 08:45;21,321
11.02. 09:00;22,245
11.02. 09:15;22,619
11.02. 09:30;22,658
11.02. 09:45;22,609
11.02. 10:00;22,619
11.02. 10:15;22,737
11.02. 10:30;22,914
11.02. 10:45;23,16
11.02. 11:00;23,416
11.02. 11:15;23,602
11.02. 11:30;23,642
11.02. 11:45;23,435
11.02. 12:00;22,914
11.02. 12:15;22,137
11.02. 12:30;21,213
11.02. 12:45;20,219
11.02. 13:00;19,246
11.02. 13:15;18,361
11.02. 13:30;17,623
11.02. 13:45;17,092
11.02. 14:00;16,817
11.02. 14:15;16,787
11.02. 14:30;16,984
11.02. 14:45;17,367
11.02. 15:00;17,908
11.02. 15:15;18,508
11.02. 15:30;19,069
11.02. 15:45;19,482
11.02. 16:00;19,678
11.02. 16:15;19,737
11.02. 16:30;19,757
11.02. 16:45;19,846
11.02. 17:00;20,062
11.02. 17:15;20,239
11.02. 17:30;20,21
11.02. 17:45;19,757
11.02. 18:00;18,754
11.02. 18:15;17,367
11.02. 18:30;15,784
11.02. 18:45;14,24
11.02. 19:00;12,912
11.02. 19:15;11,811
11.02. 19:30;10,946
11.02. 19:45;10,287
11.02. 20:00;9,8343
11.02. 20:15;9,5098
11.02. 20:30;9,2541
11.02. 20:45;9,0082
11.02. 21:00;8,7034
11.02. 21:15;8,3788
11.02. 21:30;8,074
11.02. 21:45;7,8085
11.02. 22:00;7,6314
11.02. 22:15;7,5134
11.02. 22:30;7,4347
11.02. 22:45;7,3462
11.02. 23:00;7,2479
11.02. 23:15;7,1102
11.02. 23:30;6,9332
11.02. 23:45;6,707
12.02. 00:00;6,4415
12.02. 00:15;6,1563
12.02. 00:30;5,8613
12.02. 00:45;5,6056
12.02. 01:00;5,3892
12.02. 01:15;5,222
12.02. 01:30;5,0843
12.02. 01:45;4,9663
12.02. 02:00;4,8582
12.02. 02:15;4,7696
12.02. 02:30;4,7106
12.02. 02:45;4,691
12.02. 03:00;4,7106
12.02. 03:15;4,7893
12.02. 03:30;4,9368
12.02. 03:45;5,1434
12.02. 04:00;5,4187
12.02. 04:15;5,7236
12.02. 04:30;6,0186
12.02. 04:45;6,2448
12.02. 05:00;6,3923
12.02. 05:15;6,4907
12.02. 05:30;6,5988
12.02. 05:45;6,7955
12.02. 06:00;7,1299
12.02. 06:15;7,5823
12.02. 06:30;8,1527
12.02. 06:45;8,8214
12.02. 07:00;9,5983
12.02. 07:15;10,552
12.02. 07:30;11,791
12.02. 07:45;13,414
12.02. 08:00;15,45
12.02. 08:15;17,653
12.02. 08:30;19,718
12.02. 08:45;21,321
12.02. 09:00;22,245
12.02. 09:15;22,619
12.02. 09:30;22,658
12.02. 09:45;22,609
12.02. 10:00;22,619
12.02. 10:15;22,737
12.02. 10:30;22,914
12.02. 10:45;23,16
12.02. 11:00;23,416
12.02. 11:15;23,602
12.02. 11:30;23,642
12.02. 11:45;23,435
12.02. 12:00;22,914
12.02. 12:15;22,137
12.02. 12:30;21,213
12.02. 12:45;20,219
12.02. 13:00;19,246
12.02. 13:15;18,361
12.02. 13:30;17,623
12.02. 13:45;17,092
12.02. 14:00;16,817
12.02. 14:15;16,787
12.02. 14:30;16,984
12.02. 14:45;17,367
12.02. 15:00;17,908
12.02. 15:15;18,508
12.02. 15:30;19,069
12.02. 15:45;19,482
12.02. 16:00;19,678
12.02. 16:15;19,737
12.02. 16:30;19,757
12.02. 16:45;19,846
12.02. 17:00;20,062
12.02. 17:15;20,239
12.02. 17:30;20,21
12.02. 17:45;19,757
12.02. 18:00;18,754
12.02. 18:15;17,367
12.02. 18:30;15,784
12.02. 18:45;14,24
12.02. 19:00;12,912
12.02. 19:15;11,811
12.02. 19:30;10,946
12.02. 19:45;10,287
12.02. 20:00;9,8343
12.02. 20:15;9,5098
12.02. 20:30;9,2541
12.02. 20:45;9,0082
12.02. 21:00;8,7034
12.02. 21:15;8,3788
12.02. 21:30;8,074
12.02. 21:45;7,8085
12.02. 22:00;7,6314
12.02. 22:15;7,5134
12.02. 22:30;7,4347
12.02. 22:45;7,3462
12.02. 23:00;7,2479
12.02. 23:15;7,1102
12.02. 23:30;6,9332
12.02. 23:45;6,707
13.02. 00:00;6,4415
13.02. 00:15;6,1563
13.02. 00:30;5,8613
13.02. 00:45;5,6056
13.02. 01:00;5,3892
13.02. 01:15;5,222
13.02. 01:30;5,0843
13.02. 01:45;4,9663
13.02. 02:00;4,8582
13.02. 02:15;4,7696
13.02. 02:30;4,7106
13.02. 02:45;4,691
13.02. 03:00;4,7106
13.02. 03:15;4,7893
13.02. 03:30;4,9368
13.02. 03:45;5,1434
13.02. 04:00;5,4187
13.02. 04:15;5,7236
13.02. 04:30;6,0186
13.02. 04:45;6,2448
13.02. 05:00;6,3923
13.02. 05:15;6,4907
13.02. 05:30;6,5988
13.02. 05:45;6,7955
13.02. 06:00;7,1299
13.02. 06:15;7,5823
13.02. 06:30;8,1527
13.02. 06:45;8,8214
13.02. 07:00;9,5983
13.02. 07:15;10,552
13.02. 07:30;11,791
13.02. 07:45;13,414
13.02. 08:00;15,45
13.02. 08:15;17,653
13.02. 08:30;19,718
13.02. 08:45;21,321
13.02. 09:00;22,245
13.02. 09:15;22,619
13.02. 09:30;22,658
13.02. 09:45;22,609
13.02. 10:00;22,619
13.02. 10:15;22,737
13.02. 10:30;22,914
13.02. 10:45;23,16
13.02. 11:00;23,416
13.02. 11:15;23,602
13.02. 11:30;23,642
13.02. 11:45;23,435
13.02. 12:00;22,914
13.02. 12:15;22,137
13.02. 12:30;21,213
13.02. 12:45;20,219
13.02. 13:00;19,246
13.02. 13:15;18,361
13.02. 13:30;17,623
13.02. 13:45;17,092
13.02. 14:00;16,817
13.02. 14:15;16,787
13.02. 14:30;16,984
13.02. 14:45;17,367
13.02. 15:00;17,908
13.02. 15:15;18,508
13.02. 15:30;19,069
13.02. 15:45;19,482
13.02. 16:00;19,678
13.02. 16:15;19,737
13.02. 16:30;19,757
13.02. 16:45;19,846
13.02. 17:00;20,062
13.02. 17:15;20,239
13.02. 17:30;20,21
13.02. 17:45;19,757
13.02. 18:00;18,754
13.02. 18:15;17,367
13.02. 18:30;15,784
13.02. 18:45;14,24
13.02. 19:00;12,912
13.02. 19:15;11,811
13.02. 19:30;10,946
13.02. 19:45;10,287
13.02. 20:00;9,8343
13.02. 20:15;9,5098
13.02. 20:30;9,2541
13.02. 20:45;9,0082
13.02. 21:00;8,7034
13.02. 21:15;8,3788
13.02. 21:30;8,074
13.02. 21:45;7,8085
13.02. 22:00;7,6314
13.02. 22:15;7,5134
13.02. 22:30;7,4347
13.02. 22:45;7,3462
13.02. 23:00;7,2479
13.02. 23:15;7,1102
13.02. 23:30;6,9332
13.02. 23:45;6,707
14.02. 00:00;6,4415
14.02. 00:15;6,1563
14.02. 00:30;5,8613
14.02. 00:45;5,6056
14.02. 01:00;5,3892
14.02. 01:15;5,222
14.02. 01:30;5,0843
14.02. 01:45;4,9663
14.02. 02:00;4,8582
14.02. 02:15;4,7696
14.02. 02:30;4,7106
14.02. 02:45;4,691
14.02. 03:00;4,7106
14.02. 03:15;4,7893
14.02. 03:30;4,9368
14.02. 03:45;5,1434
14.02. 04:00;5,4187
14.02. 04:15;5,7236
14.02. 04:30;6,0186
14.02. 04:45;6,2448
14.02. 05:00;6,3923
14.02. 05:15;6,4907
14.02. 05:30;6,5988
14.02. 05:45;6,7955
14.02. 06:00;7,1299
14.02. 06:15;7,5823
14.02. 06:30;8,1527
14.02. 06:45;8,8214
14.02. 07:00;9,5983
14.02. 07:15;10,552
14.02. 07:30;11,791
14.02. 07:45;13,414
14.02. 08:00;15,45
14.02. 08:15;17,653
14.02. 08:30;19,718
14.02. 08:45;21,321
14.02. 09:00;22,245
14.02. 09:15;22,619
14.02. 09:30;22,658
14.02. 09:45;22,609
14.02. 10:00;22,619
14.02. 10:15;22,737
14.02. 10:30;22,914
14.02. 10:45;23,16
14.02. 11:00;23,416
14.02. 11:15;23,602
14.02. 11:30;23,642
14.02. 11:45;23,435
14.02. 12:00;22,914
14.02. 12:15;22,137
14.02. 12:30;21,213
14.02. 12:45;20,219
14.02. 13:00;19,246
14.02. 13:15;18,361
14.02. 13:30;17,623
14.02. 13:45;17,092
14.02. 14:00;16,817
14.02. 14:15;16,787
14.02. 14:30;16,984
14.02. 14:45;17,367
14.02. 15:00;17,908
14.02. 15:15;18,508
14.02. 15:30;19,069
14.02. 15:45;19,482
14.02. 16:00;19,678
14.02. 16:15;19,737
14.02. 16:30;19,757
14.02. 16:45;19,846
14.02. 17:00;20,062
14.02. 17:15;20,239
14.02. 17:30;20,21
14.02. 17:45;19,757
14.02. 18:00;18,754
14.02. 18:15;17,367
14.02. 18:30;15,784
14.02. 18:45;14,24
14.02. 19:00;12,912
14.02. 19:15;11,811
14.02. 19:30;10,946
14.02. 19:45;10,287
14.02. 20:00;9,8343
14.02. 20:15;9,5098
14.02. 20:30;9,2541
14.02. 20:45;9,0082
14.02. 21:00;8,7034
14.02. 21:15;8,3788
14.02. 21:30;8,074
14.02. 21:45;7,8085
14.02. 22:00;7,6314
14.02. 22:15;7,5134
14.02. 22:30;7,4347
14.02. 22:45;7,3462
14.02. 23:00;7,2479
14.02. 23:15;7,1102
14.02. 23:30;6,9332
14.02. 23:45;6,707
15.02. 00:00;6,4415
15.02. 00:15;6,1563
15.02. 00:30;5,8613
15.02. 00:45;5,6056
15.02. 01:00;5,3892
15.02. 01:15;5,222
15.02. 01:30;5,0843
15.02. 01:45;4,9663
15.02. 02:00;4,8582
15.02. 02:15;4,7696
15.02. 02:30;4,7106
15.02. 02:45;4,691
15.02. 03:00;4,7106
15.02. 03:15;4,7893
15.02. 03:30;4,9368
15.02. 03:45;5,1434
15.02. 04:00;5,4187
15.02. 04:15;5,7236
15.02. 04:30;6,0186
15.02. 04:45;6,2448
15.02. 05:00;6,3923
15.02. 05:15;6,4907
15.02. 05:30;6,5988
15.02. 05:45;6,7955
15.02. 06:00;7,1299
15.02. 06:15;7,5823
15.02. 06:30;8,1527
15.02. 06:45;8,8214
15.02. 07:00;9,5983
15.02. 07:15;10,552
15.02. 07:30;11,791
15.02. 07:45;13,414
15.02. 08:00;15,45
15.02. 08:15;17,653
15.02. 08:30;19,718
15.02. 08:45;21,321
15.02. 09:00;22,245
15.02. 09:15;22,619
15.02. 09:30;22,658
15.02. 09:45;22,609
15.02. 10:00;22,619
15.02. 10:15;22,737
15.02. 10:30;22,914
15.02. 10:45;23,16
15.02. 11:00;23,416
15.02. 11:15;23,602
15.02. 11:30;23,642
15.02. 11:45;23,435
15.02. 12:00;22,914
15.02. 12:15;22,137
15.02. 12:30;21,213
15.02. 12:45;20,219
15.02. 13:00;19,246
15.02. 13:15;18,361
15.02. 13:30;17,623
15.02. 13:45;17,092
15.02. 14:00;16,817
15.02. 14:15;16,787
15.02. 14:30;16,984
15.02. 14:45;17,367
15.02. 15:00;17,908
15.02. 15:15;18,508
15.02. 15:30;19,069
15.02. 15:45;19,482
15.02. 16:00;19,678
15.02. 16:15;19,737
15.02. 16:30;19,757
15.02. 16:45;19,846
15.02. 17:00;20,062
15.02. 17:15;20,239
15.02. 17:30;20,21
15.02. 17:45;19,757
15.02. 18:00;18,754
15.02. 18:15;17,367
15.02. 18:30;15,784
15.02. 18:45;14,24
15.02. 19:00;12,912
15.02. 19:15;11,811
15.02. 19:30;10,946
15.02. 19:45;10,287
15.02. 20:00;9,8343
15.02. 20:15;9,5098
15.02. 20:30;9,2541
15.02. 20:45;9,0082
15.02. 21:00;8,7034
15.02. 21:15;8,3788
15.02. 21:30;8,074
15.02. 21:45;7,8085
15.02. 22:00;7,6314
15.02. 22:15;7,5134
15.02. 22:30;7,4347
15.02. 22:45;7,3462
15.02. 23:00;7,2479
15.02. 23:15;7,1102
15.02. 23:30;6,9332
15.02. 23:45;6,707
16.02. 00:00;6,884
16.02. 00:15;7,1791
16.02. 00:30;7,4643
16.02. 00:45;7,6314
16.02. 01:00;7,5823
16.02. 01:15;7,3757
16.02. 01:30;7,0905
16.02. 01:45;6,7955
16.02. 02:00;6,5693
16.02. 02:15;6,4021
16.02. 02:30;6,3038
16.02. 02:45;6,2448
16.02. 03:00;6,235
16.02. 03:15;6,2546
16.02. 03:30;6,294
16.02. 03:45;6,3431
16.02. 04:00;6,3923
16.02. 04:15;6,4513
16.02. 04:30;6,5202
16.02. 04:45;6,6185
16.02. 05:00;6,7365
16.02. 05:15;6,8742
16.02. 05:30;7,0217
16.02. 05:45;7,1692
16.02. 06:00;7,3167
16.02. 06:15;7,5528
16.02. 06:30;7,9658
16.02. 06:45;8,6345
16.02. 07:00;9,6376
16.02. 07:15;10,887
16.02. 07:30;12,273
16.02. 07:45;13,689
16.02. 08:00;15,047
16.02. 08:15;16,266
16.02. 08:30;17,299
16.02. 08:45;18,105
16.02. 09:00;18,636
16.02. 09:15;18,961
16.02. 09:30;19,187
16.02. 09:45;19,383
16.02. 10:00;19,649
16.02. 10:15;19,934
16.02. 10:30;20,2
16.02. 10:45;20,396
16.02. 11:00;20,495
16.02. 11:15;20,485
16.02. 11:30;20,396
16.02. 11:45;20,219
16.02. 12:00;19,964
16.02. 12:15;19,639
16.02. 12:30;19,236
16.02. 12:45;18,744
16.02. 13:00;18,154
16.02. 13:15;17,456
16.02. 13:30;16,61
16.02. 13:45;15,617
16.02. 14:00;14,476
16.02. 14:15;13,257
16.02. 14:30;12,067
16.02. 14:45;11,024
16.02. 15:00;10,208
16.02. 15:15;9,5786
16.02. 15:30;9,1066
16.02. 15:45;8,7329
16.02. 16:00;8,4182
16.02. 16:15;8,192
16.02. 16:30;8,1035
16.02. 16:45;8,1822
16.02. 17:00;8,4378
16.02. 17:15;8,8017
16.02. 17:30;9,1853
16.02. 17:45;9,4606
16.02. 18:00;9,5786
16.02. 18:15;9,5786
16.02. 18:30;9,5196
16.02. 18:45;9,4606
16.02. 19:00;9,4705
16.02. 19:15;9,5196
16.02. 19:30;9,559
16.02. 19:45;9,559
16.02. 20:00;9,4705
16.02. 20:15;9,3229
16.02. 20:30;9,1263
16.02. 20:45;8,9099
16.02. 21:00;8,7034
16.02. 21:15;8,4969
16.02. 21:30;8,2903
16.02. 21:45;8,0838
16.02. 22:00;7,8773
16.02. 22:15;7,6708
16.02. 22:30;7,4643
16.02. 22:45;7,2577
16.02. 23:00;7,0512
16.02. 23:15;6,8545
16.02. 23:30;6,648
16.02. 23:45;6,4316
17.02. 00:00;6,2153
17.02. 00:15;5,9989
17.02. 00:30;5,7924
17.02. 00:45;5,6056
17.02. 01:00;5,4384
17.02. 01:15;5,281
17.02. 01:30;5,1237
17.02. 01:45;4,9663
17.02. 02:00;4,7893
17.02. 02:15;4,6123
17.02. 02:30;4,4451
17.02. 02:45;4,3173
17.02. 03:00;4,2288
17.02. 03:15;4,1796
17.02. 03:30;4,1501
17.02. 03:45;4,1304
17.02. 04:00;4,1206
17.02. 04:15;4,1107
17.02. 04:30;4,1107
17.02. 04:45;4,1304
17.02. 05:00;4,1894
17.02. 05:15;4,2681
17.02. 05:30;4,3664
17.02. 05:45;4,5041
17.02. 06:00;4,6615
17.02. 06:15;4,8188
17.02. 06:30;4,9565
17.02. 06:45;5,0548
17.02. 07:00;5,0942
17.02. 07:15;5,0843
17.02. 07:30;5,0352
17.02. 07:45;4,9663
17.02. 08:00;4,8778
17.02. 08:15;4,8188
17.02. 08:30;4,7992
17.02. 08:45;4,868
17.02. 09:00;5,045
17.02. 09:15;5,2909
17.02. 09:30;5,5859
17.02. 09:45;5,8809
17.02. 10:00;6,1563
17.02. 10:15;6,4021
17.02. 10:30;6,6087
17.02. 10:45;6,7955
17.02. 11:00;6,9627
17.02. 11:15;7,1004
17.02. 11:30;7,2282
17.02. 11:45;7,3462
17.02. 12:00;7,4741
17.02. 12:15;7,6019
17.02. 12:30;7,7101
17.02. 12:45;7,8085
17.02. 13:00;7,8773
17.02. 13:15;7,9166
17.02. 13:30;7,897
17.02. 13:45;7,8085
17.02. 14:00;7,6511
17.02. 14:15;7,4446
17.02. 14:30;7,2184
17.02. 14:45;6,9824
17.02. 15:00;6,7758
17.02. 15:15;6,589
17.02. 15:30;6,412
17.02. 15:45;6,2448
17.02. 16:00;6,0973
17.02. 16:15;6,0186
17.02. 16:30;6,0776
17.02. 16:45;6,3431
17.02. 17:00;6,8349
17.02. 17:15;7,4741
17.02. 17:30;8,1232
17.02. 17:45;8,6345
17.02. 18:00;8,9296
17.02. 18:15;9,0574
17.02. 18:30;9,0771
17.02. 18:45;9,0967
17.02. 19:00;9,1558
17.02. 19:15;9,2443
17.02. 19:30;9,3033
17.02. 19:45;9,2836
17.02. 20:00;9,1459
17.02. 20:15;8,9296
17.02. 20:30;8,6542
17.02. 20:45;8,3592
17.02. 21:00;8,074
17.02. 21:15;7,8085
17.02. 21:30;7,5626
17.02. 21:45;7,3462
17.02. 22:00;7,1594
17.02. 22:15;6,9922
17.02. 22:30;6,8152
17.02. 22:45;6,6185
17.02. 23:00;6,3923
17.02. 23:15;6,1563
17.02. 23:30;5,9399
17.02. 23:45;5,7924
18.02. 00:00;6,4415
18.02. 00:15;6,1563
18.02. 00:30;5,8613
18.02. 00:45;5,6056
18.02. 01:00;5,3892
18.02. 01:15;5,222
18.02. 01:30;5,0843
18.02. 01:45;4,9663
18.02. 02:00;4,8582
18.02. 02:15;4,7696
18.02. 02:30;4,7106
18.02. 02:45;4,691
18.02. 03:00;4,7106
18.02. 03:15;4,7893
18.02. 03:30;4,9368
18.02. 03:45;5,1434
18.02. 04:00;5,4187
18.02. 04:15;5,7236
18.02. 04:30;6,0186
18.02. 04:45;6,2448
18.02. 05:00;6,3923
18.02. 05:15;6,4907
18.02. 05:30;6,5988
18.02. 05:45;6,7955
18.02. 06:00;7,1299
18.02. 06:15;7,5823
18.02. 06:30;8,1527
18.02. 06:45;8,8214
18.02. 07:00;9,5983
18.02. 07:15;10,552
18.02. 07:30;11,791
18.02. 07:45;13,414
18.02. 08:00;15,45
18.02. 08:15;17,653
18.02. 08:30;19,718
18.02. 08:45;21,321
18.02. 09:00;22,245
18.02. 09:15;22,619
18.02. 09:30;22,658
18.02. 09:45;22,609
18.02. 10:00;22,619
18.02. 10:15;22,737
18.02. 10:30;22,914
18.02. 10:45;23,16
18.02. 11:00;23,416
18.02. 11:15;23,602
18.02. 11:30;23,642
18.02. 11:45;23,435
18.02. 12:00;22,914
18.02. 12:15;22,137
18.02. 12:30;21,213
18.02. 12:45;20,219
18.02. 13:00;19,246
18.02. 13:15;18,361
18.02. 13:30;17,623
18.02. 13:45;17,092
18.02. 14:00;16,817
18.02. 14:15;16,787
18.02. 14:30;16,984
18.02. 14:45;17,367
18.02. 15:00;17,908
18.02. 15:15;18,508
18.02. 15:30;19,069
18.02. 15:45;19,482
18.02. 16:00;19,678
18.02. 16:15;19,737
18.02. 16:30;19,757
18.02. 16:45;19,846
18.02. 17:00;20,062
18.02. 17:15;20,239
18.02. 17:30;20,21
18.02. 17:45;19,757
18.02. 18:00;18,754
18.02. 18:15;17,367
18.02. 18:30;15,784
18.02. 18:45;14,24
18.02. 19:00;12,912
18.02. 19:15;11,811
18.02. 19:30;10,946
18.02. 19:45;10,287
18.02. 20:00;9,8343
18.02. 20:15;9,5098
18.02. 20:30;9,2541
18.02. 20:45;9,0082
18.02. 21:00;8,7034
18.02. 21:15;8,3788
18.02. 21:30;8,074
18.02. 21:45;7,8085
18.02. 22:00;7,6314
18.02. 22:15;7,5134
18.02. 22:30;7,4347
18.02. 22:45;7,3462
18.02. 23:00;7,2479
18.02. 23:15;7,1102
18.02. 23:30;6,9332
18.02. 23:45;6,707
19.02. 00:00;6,4415
19.02. 00:15;6,1563
19.02. 00:30;5,8613
19.02. 00:45;5,6056
19.02. 01:00;5,3892
19.02. 01:15;5,222
19.02. 01:30;5,0843
19.02. 01:45;4,9663
19.02. 02:00;4,8582
19.02. 02:15;4,7696
19.02. 02:30;4,7106
19.02. 02:45;4,691
19.02. 03:00;4,7106
19.02. 03:15;4,7893
19.02. 03:30;4,9368
19.02. 03:45;5,1434
19.02. 04:00;5,4187
19.02. 04:15;5,7236
19.02. 04:30;6,0186
19.02. 04:45;6,2448
19.02. 05:00;6,3923
19.02. 05:15;6,4907
19.02. 05:30;6,5988
19.02. 05:45;6,7955
19.02. 06:00;7,1299
19.02. 06:15;7,5823
19.02. 06:30;8,1527
19.02. 06:45;8,8214
19.02. 07:00;9,5983
19.02. 07:15;10,552
19.02. 07:30;11,791
19.02. 07:45;13,414
19.02. 08:00;15,45
19.02. 08:15;17,653
19.02. 08:30;19,718
19.02. 08:45;21,321
19.02. 09:00;22,245
19.02. 09:15;22,619
19.02. 09:30;22,658
19.02. 09:45;22,609
19.02. 10:00;22,619
19.02. 10:15;22,737
19.02. 10:30;22,914
19.02. 10:45;23,16
19.02. 11:00;23,416
19.02. 11:15;23,602
19.02. 11:30;23,642
19.02. 11:45;23,435
19.02. 12:00;22,914
19.02. 12:15;22,137
19.02. 12:30;21,213
19.02. 12:45;20,219
19.02. 13:00;19,246
19.02. 13:15;18,361
19.02. 13:30;17,623
19.02. 13:45;17,092
19.02. 14:00;16,817
19.02. 14:15;16,787
19.02. 14:30;16,984
19.02. 14:45;17,367
19.02. 15:00;17,908
19.02. 15:15;18,508
19.02. 15:30;19,069
19.02. 15:45;19,482
19.02. 16:00;19,678
19.02. 16:15;19,737
19.02. 16:30;19,757
19.02. 16:45;19,846
19.02. 17:00;20,062
19.02. 17:15;20,239
19.02. 17:30;20,21
19.02. 17:45;19,757
19.02. 18:00;18,754
19.02. 18:15;17,367
19.02. 18:30;15,784
19.02. 18:45;14,24
19.02. 19:00;12,912
19.02. 19:15;11,811
19.02. 19:30;10,946
19.02. 19:45;10,287
19.02. 20:00;9,8343
19.02. 20:15;9,5098
19.02. 20:30;9,2541
19.02. 20:45;9,0082
19.02. 21:00;8,7034
19.02. 21:15;8,3788
19.02. 21:30;8,074
19.02. 21:45;7,8085
19.02. 22:00;7,6314
19.02. 22:15;7,5134
19.02. 22:30;7,4347
19.02. 22:45;7,3462
19.02. 23:00;7,2479
19.02. 23:15;7,1102
19.02. 23:30;6,9332
19.02. 23:45;6,707
20.02. 00:00;6,4415
20.02. 00:15;6,1563
20.02. 00:30;5,8613
20.02. 00:45;5,6056
20.02. 01:00;5,3892
20.02. 01:15;5,222
20.02. 01:30;5,0843
20.02. 01:45;4,9663
20.02. 02:00;4,8582
20.02. 02:15;4,7696
20.02. 02:30;4,7106
20.02. 02:45;4,691
20.02. 03:00;4,7106
20.02. 03:15;4,7893
20.02. 03:30;4,9368
20.02. 03:45;5,1434
20.02. 04:00;5,4187
20.02. 04:15;5,7236
20.02. 04:30;6,0186
20.02. 04:45;6,2448
20.02. 05:00;6,3923
20.02. 05:15;6,4907
20.02. 05:30;6,5988
20.02. 05:45;6,7955
20.02. 06:00;7,1299
20.02. 06:15;7,5823
20.02. 06:30;8,1527
20.02. 06:45;8,8214
20.02. 07:00;9,5983
20.02. 07:15;10,552
20.02. 07:30;11,791
20.02. 07:45;13,414
20.02. 08:00;15,45
20.02. 08:15;17,653
20.02. 08:30;19,718
20.02. 08:45;21,321
20.02. 09:00;22,245
20.02. 09:15;22,619
20.02. 09:30;22,658
20.02. 09:45;22,609
20.02. 10:00;22,619
20.02. 10:15;22,737
20.02. 10:30;22,914
20.02. 10:45;23,16
20.02. 11:00;23,416
20.02. 11:15;23,602
20.02. 11:30;23,642
20.02. 11:45;23,435
20.02. 12:00;22,914
20.02. 12:15;22,137
20.02. 12:30;21,213
20.02. 12:45;20,219
20.02. 13:00;19,246
20.02. 13:15;18,361
20.02. 13:30;17,623
20.02. 13:45;17,092
20.02. 14:00;16,817
20.02. 14:15;16,787
20.02. 14:30;16,984
20.02. 14:45;17,367
20.02. 15:00;17,908
20.02. 15:15;18,508
20.02. 15:30;19,069
20.02. 15:45;19,482
20.02. 16:00;19,678
20.02. 16:15;19,737
20.02. 16:30;19,757
20.02. 16:45;19,846
20.02. 17:00;20,062
20.02. 17:15;20,239
20.02. 17:30;20,21
20.02. 17:45;19,757
20.02. 18:00;18,754
20.02. 18:15;17,367
20.02. 18:30;15,784
20.02. 18:45;14,24
20.02. 19:00;12,912
20.02. 19:15;11,811
20.02. 19:30;10,946
20.02. 19:45;10,287
20.02. 20:00;9,8343
20.02. 20:15;9,5098
20.02. 20:30;9,2541
20.02. 20:45;9,0082
20.02. 21:00;8,7034
20.02. 21:15;8,3788
20.02. 21:30;8,074
20.02. 21:45;7,8085
20.02. 22:00;7,6314
20.02. 22:15;7,5134
20.02. 22:30;7,4347
20.02. 22:45;7,3462
20.02. 23:00;7,2479
20.02. 23:15;7,1102
20.02. 23:30;6,9332
20.02. 23:45;6,707
21.02. 00:00;6,4415
21.02. 00:15;6,1563
21.02. 00:30;5,8613
21.02. 00:45;5,6056
21.02. 01:00;5,3892
21.02. 01:15;5,222
21.02. 01:30;5,0843
21.02. 01:45;4,9663
21.02. 02:00;4,8582
21.02. 02:15;4,7696
21.02. 02:30;4,7106
21.02. 02:45;4,691
21.02. 03:00;4,7106
21.02. 03:15;4,7893
21.02. 03:30;4,9368
21.02. 03:45;5,1434
21.02. 04:00;5,4187
21.02. 04:15;5,7236
21.02. 04:30;6,0186
21.02. 04:45;6,2448
21.02. 05:00;6,3923
21.02. 05:15;6,4907
21.02. 05:30;6,5988
21.02. 05:45;6,7955
21.02. 06:00;7,1299
21.02. 06:15;7,5823
21.02. 06:30;8,1527
21.02. 06:45;8,8214
21.02. 07:00;9,5983
21.02. 07:15;10,552
21.02. 07:30;11,791
21.02. 07:45;13,414
21.02. 08:00;15,45
21.02. 08:15;17,653
21.02. 08:30;19,718
21.02. 08:45;21,321
21.02. 09:00;22,245
21.02. 09:15;22,619
21.02. 09:30;22,658
21.02. 09:45;22,609
21.02. 10:00;22,619
21.02. 10:15;22,737
21.02. 10:30;22,914
21.02. 10:45;23,16
21.02. 11:00;23,416
21.02. 11:15;23,602
21.02. 11:30;23,642
21.02. 11:45;23,435
21.02. 12:00;22,914
21.02. 12:15;22,137
21.02. 12:30;21,213
21.02. 12:45;20,219
21.02. 13:00;19,246
21.02. 13:15;18,361
21.02. 13:30;17,623
21.02. 13:45;17,092
21.02. 14:00;16,817
21.02. 14:15;16,787
21.02. 14:30;16,984
21.02. 14:45;17,367
21.02. 15:00;17,908
21.02. 15:15;18,508
21.02. 15:30;19,069
21.02. 15:45;19,482
21.02. 16:00;19,678
21.02. 16:15;19,737
21.02. 16:30;19,757
21.02. 16:45;19,846
21.02. 17:00;20,062
21.02. 17:15;20,239
21.02. 17:30;20,21
21.02. 17:45;19,757
21.02. 18:00;18,754
21.02. 18:15;17,367
21.02. 18:30;15,784
21.02. 18:45;14,24
21.02. 19:00;12,912
21.02. 19:15;11,811
21.02. 19:30;10,946
21.02. 19:45;10,287
21.02. 20:00;9,8343
21.02. 20:15;9,5098
21.02. 20:30;9,2541
21.02. 20:45;9,0082
21.02. 21:00;8,7034
21.02. 21:15;8,3788
21.02. 21:30;8,074
21.02. 21:45;7,8085
21.02. 22:00;7,6314
21.02. 22:15;7,5134
21.02. 22:30;7,4347
21.02. 22:45;7,3462
21.02. 23:00;7,2479
21.02. 23:15;7,1102
21.02. 23:30;6,9332
21.02. 23:45;6,707
22.02. 00:00;6,4415
22.02. 00:15;6,1563
22.02. 00:30;5,8613
22.02. 00:45;5,6056
22.02. 01:00;5,3892
22.02. 01:15;5,222
22.02. 01:30;5,0843
22.02. 01:45;4,9663
22.02. 02:00;4,8582
22.02. 02:15;4,7696
22.02. 02:30;4,7106
22.02. 02:45;4,691
22.02. 03:00;4,7106
22.02. 03:15;4,7893
22.02. 03:30;4,9368
22.02. 03:45;5,1434
22.02. 04:00;5,4187
22.02. 04:15;5,7236
22.02. 04:30;6,0186
22.02. 04:45;6,2448
22.02. 05:00;6,3923
22.02. 05:15;6,4907
22.02. 05:30;6,5988
22.02. 05:45;6,7955
22.02. 06:00;7,1299
22.02. 06:15;7,5823
22.02. 06:30;8,1527
22.02. 06:45;8,8214
22.02. 07:00;9,5983
22.02. 07:15;10,552
22.02. 07:30;11,791
22.02. 07:45;13,414
22.02. 08:00;15,45
22.02. 08:15;17,653
22.02. 08:30;19,718
22.02. 08:45;21,321
22.02. 09:00;22,245
22.02. 09:15;22,619
22.02. 09:30;22,658
22.02. 09:45;22,609
22.02. 10:00;22,619
22.02. 10:15;22,737
22.02. 10:30;22,914
22.02. 10:45;23,16
22.02. 11:00;23,416
22.02. 11:15;23,602
22.02. 11:30;23,642
22.02. 11:45;23,435
22.02. 12:00;22,914
22.02. 12:15;22,137
22.02. 12:30;21,213
22.02. 12:45;20,219
22.02. 13:00;19,246
22.02. 13:15;18,361
22.02. 13:30;17,623
22.02. 13:45;17,092
22.02. 14:00;16,817
22.02. 14:15;16,787
22.02. 14:30;16,984
22.02. 14:45;17,367
22.02. 15:00;17,908
22.02. 15:15;18,508
22.02. 15:30;19,069
22.02. 15:45;19,482
22.02. 16:00;19,678
22.02. 16:15;19,737
22.02. 16:30;19,757
22.02. 16:45;19,846
22.02. 17:00;20,062
22.02. 17:15;20,239
22.02. 17:30;20,21
22.02. 17:45;19,757
22.02. 18:00;18,754
22.02. 18:15;17,367
22.02. 18:30;15,784
22.02. 18:45;14,24
22.02. 19:00;12,912
22.02. 19:15;11,811
22.02. 19:30;10,946
22.02. 19:45;10,287
22.02. 20:00;9,8343
22.02. 20:15;9,5098
22.02. 20:30;9,2541
22.02. 20:45;9,0082
22.02. 21:00;8,7034
22.02. 21:15;8,3788
22.02. 21:30;8,074
22.02. 21:45;7,8085
22.02. 22:00;7,6314
22.02. 22:15;7,5134
22.02. 22:30;7,4347
22.02. 22:45;7,3462
22.02. 23:00;7,2479
22.02. 23:15;7,1102
22.02. 23:30;6,9332
22.02. 23:45;6,707
23.02. 00:00;6,884
23.02. 00:15;7,1791
23.02. 00:30;7,4643
23.02. 00:45;7,6314
23.02. 01:00;7,5823
23.02. 01:15;7,3757
23.02. 01:30;7,0905
23.02. 01:45;6,7955
23.02. 02:00;6,5693
23.02. 02:15;6,4021
23.02. 02:30;6,3038
23.02. 02:45;6,2448
23.02. 03:00;6,235
23.02. 03:15;6,2546
23.02. 03:30;6,294
23.02. 03:45;6,3431
23.02. 04:00;6,3923
23.02. 04:15;6,4513
23.02. 04:30;6,5202
23.02. 04:45;6,6185
23.02. 05:00;6,7365
23.02. 05:15;6,8742
23.02. 05:30;7,0217
23.02. 05:45;7,1692
23.02. 06:00;7,3167
23.02. 06:15;7,5528
23.02. 06:30;7,9658
23.02. 06:45;8,6345
23.02. 07:00;9,6376
23.02. 07:15;10,887
23.02. 07:30;12,273
23.02. 07:45;13,689
23.02. 08:00;15,047
23.02. 08:15;16,266
23.02. 08:30;17,299
23.02. 08:45;18,105
23.02. 09:00;18,636
23.02. 09:15;18,961
23.02. 09:30;19,187
23.02. 09:45;19,383
23.02. 10:00;19,649
23.02. 10:15;19,934
23.02. 10:30;20,2
23.02. 10:45;20,396
23.02. 11:00;20,495
23.02. 11:15;20,485
23.02. 11:30;20,396
23.02. 11:45;20,219
23.02. 12:00;19,964
23.02. 12:15;19,639
23.02. 12:30;19,236
23.02. 12:45;18,744
23.02. 13:00;18,154
23.02. 13:15;17,456
23.02. 13:30;16,61
23.02. 13:45;15,617
23.02. 14:00;14,476
23.02. 14:15;13,257
23.02. 14:30;12,067
23.02. 14:45;11,024
23.02. 15:00;10,208
23.02. 15:15;9,5786
23.02. 15:30;9,1066
23.02. 15:45;8,7329
23.02. 16:00;8,4182
23.02. 16:15;8,192
23.02. 16:30;8,1035
23.02. 16:45;8,1822
23.02. 17:00;8,4378
23.02. 17:15;8,8017
23.02. 17:30;9,1853
23.02. 17:45;9,4606
23.02. 18:00;9,5786
23.02. 18:15;9,5786
23.02. 18:30;9,5196
23.02. 18:45;9,4606
23.02. 19:00;9,4705
23.02. 19:15;9,5196
23.02. 19:30;9,559
23.02. 19:45;9,559
23.02. 20:00;9,4705
23.02. 20:15;9,3229
23.02. 20:30;9,1263
23.02. 20:45;8,9099
23.02. 21:00;8,7034
23.02. 21:15;8,4969
23.02. 21:30;8,2903
23.02. 21:45;8,0838
23.02. 22:00;7,8773
23.02. 22:15;7,6708
23.02. 22:30;7,4643
23.02. 22:45;7,2577
23.02. 23:00;7,0512
23.02. 23:15;6,8545
23.02. 23:30;6,648
23.02. 23:45;6,4316
24.02. 00:00;6,2153
24.02. 00:15;5,9989
24.02. 00:30;5,7924
24.02. 00:45;5,6056
24.02. 01:00;5,4384
24.02. 01:15;5,281
24.02. 01:30;5,1237
24.02. 01:45;4,9663
24.02. 02:00;4,7893
24.02. 02:15;4,6123
24.02. 02:30;4,4451
24.02. 02:45;4,3173
24.02. 03:00;4,2288
24.02. 03:15;4,1796
24.02. 03:30;4,1501
24.02. 03:45;4,1304
24.02. 04:00;4,1206
24.02. 04:15;4,1107
24.02. 04:30;4,1107
24.02. 04:45;4,1304
24.02. 05:00;4,1894
24.02. 05:15;4,2681
24.02. 05:30;4,3664
24.02. 05:45;4,5041
24.02. 06:00;4,6615
24.02. 06:15;4,8188
24.02. 06:30;4,9565
24.02. 06:45;5,0548
24.02. 07:00;5,0942
24.02. 07:15;5,0843
24.02. 07:30;5,0352
24.02. 07:45;4,9663
24.02. 08:00;4,8778
24.02. 08:15;4,8188
24.02. 08:30;4,7992
24.02. 08:45;4,868
24.02. 09:00;5,045
24.02. 09:15;5,2909
24.02. 09:30;5,5859
24.02. 09:45;5,8809
24.02. 10:00;6,1563
24.02. 10:15;6,4021
24.02. 10:30;6,6087
24.02. 10:45;6,7955
24.02. 11:00;6,9627
24.02. 11:15;7,1004
24.02. 11:30;7,2282
24.02. 11:45;7,3462
24.02. 12:00;7,4741
24.02. 12:15;7,6019
24.02. 12:30;7,7101
24.02. 12:45;7,8085
24.02. 13:00;7,8773
24.02. 13:15;7,9166
24.02. 13:30;7,897
24.02. 13:45;7,8085
24.02. 14:00;7,6511
24.02. 14:15;7,4446
24.02. 14:30;7,2184
24.02. 14:45;6,9824
24.02. 15:00;6,7758
24.02. 15:15;6,589
24.02. 15:30;6,412
24.02. 15:45;6,2448
24.02. 16:00;6,0973
24.02. 16:15;6,0186
24.02. 16:30;6,0776
24.02. 16:45;6,3431
24.02. 17:00;6,8349
24.02. 17:15;7,4741
24.02. 17:30;8,1232
24.02. 17:45;8,6345
24.02. 18:00;8,9296
24.02. 18:15;9,0574
24.02. 18:30;9,0771
24.02. 18:45;9,0967
24.02. 19:00;9,1558
24.02. 19:15;9,2443
24.02. 19:30;9,3033
24.02. 19:45;9,2836
24.02. 20:00;9,1459
24.02. 20:15;8,9296
24.02. 20:30;8,6542
24.02. 20:45;8,3592
24.02. 21:00;8,074
24.02. 21:15;7,8085
24.02. 21:30;7,5626
24.02. 21:45;7,3462
24.02. 22:00;7,1594
24.02. 22:15;6,9922
24.02. 22:30;6,8152
24.02. 22:45;6,6185
24.02. 23:00;6,3923
24.02. 23:15;6,1563
24.02. 23:30;5,9399
24.02. 23:45;5,7924
25.02. 00:00;6,4415
25.02. 00:15;6,1563
25.02. 00:30;5,8613
25.02. 00:45;5,6056
25.02. 01:00;5,3892
25.02. 01:15;5,222
25.02. 01:30;5,0843
25.02. 01:45;4,9663
25.02. 02:00;4,8582
25.02. 02:15;4,7696
25.02. 02:30;4,7106
25.02. 02:45;4,691
25.02. 03:00;4,7106
25.02. 03:15;4,7893
25.02. 03:30;4,9368
25.02. 03:45;5,1434
25.02. 04:00;5,4187
25.02. 04:15;5,7236
25.02. 04:30;6,0186
25.02. 04:45;6,2448
25.02. 05:00;6,3923
25.02. 05:15;6,4907
25.02. 05:30;6,5988
25.02. 05:45;6,7955
25.02. 06:00;7,1299
25.02. 06:15;7,5823
25.02. 06:30;8,1527
25.02. 06:45;8,8214
25.02. 07:00;9,5983
25.02. 07:15;10,552
25.02. 07:30;11,791
25.02. 07:45;13,414
25.02. 08:00;15,45
25.02. 08:15;17,653
25.02. 08:30;19,718
25.02. 08:45;21,321
25.02. 09:00;22,245
25.02. 09:15;22,619
25.02. 09:30;22,658
25.02. 09:45;22,609
25.02. 10:00;22,619
25.02. 10:15;22,737
25.02. 10:30;22,914
25.02. 10:45;23,16
25.02. 11:00;23,416
25.02. 11:15;23,602
25.02. 11:30;23,642
25.02. 11:45;23,435
25.02. 12:00;22,914
25.02. 12:15;22,137
25.02. 12:30;21,213
25.02. 12:45;20,219
25.02. 13:00;19,246
25.02. 13:15;18,361
25.02. 13:30;17,623
25.02. 13:45;17,092
25.02. 14:00;16,817
25.02. 14:15;16,787
25.02. 14:30;16,984
25.02. 14:45;17,367
25.02. 15:00;17,908
25.02. 15:15;18,508
25.02. 15:30;19,069
25.02. 15:45;19,482
25.02. 16:00;19,678
25.02. 16:15;19,737
25.02. 16:30;19,757
25.02. 16:45;19,846
25.02. 17:00;20,062
25.02. 17:15;20,239
25.02. 17:30;20,21
25.02. 17:45;19,757
25.02. 18:00;18,754
25.02. 18:15;17,367
25.02. 18:30;15,784
25.02. 18:45;14,24
25.02. 19:00;12,912
25.02. 19:15;11,811
25.02. 19:30;10,946
25.02. 19:45;10,287
25.02. 20:00;9,8343
25.02. 20:15;9,5098
25.02. 20:30;9,2541
25.02. 20:45;9,0082
25.02. 21:00;8,7034
25.02. 21:15;8,3788
25.02. 21:30;8,074
25.02. 21:45;7,8085
25.02. 22:00;7,6314
25.02. 22:15;7,5134
25.02. 22:30;7,4347
25.02. 22:45;7,3462
25.02. 23:00;7,2479
25.02. 23:15;7,1102
25.02. 23:30;6,9332
25.02. 23:45;6,707
26.02. 00:00;6,4415
26.02. 00:15;6,1563
26.02. 00:30;5,8613
26.02. 00:45;5,6056
26.02. 01:00;5,3892
26.02. 01:15;5,222
26.02. 01:30;5,0843
26.02. 01:45;4,9663
26.02. 02:00;4,8582
26.02. 02:15;4,7696
26.02. 02:30;4,7106
26.02. 02:45;4,691
26.02. 03:00;4,7106
26.02. 03:15;4,7893
26.02. 03:30;4,9368
26.02. 03:45;5,1434
26.02. 04:00;5,4187
26.02. 04:15;5,7236
26.02. 04:30;6,0186
26.02. 04:45;6,2448
26.02. 05:00;6,3923
26.02. 05:15;6,4907
26.02. 05:30;6,5988
26.02. 05:45;6,7955
26.02. 06:00;7,1299
26.02. 06:15;7,5823
26.02. 06:30;8,1527
26.02. 06:45;8,8214
26.02. 07:00;9,5983
26.02. 07:15;10,552
26.02. 07:30;11,791
26.02. 07:45;13,414
26.02. 08:00;15,45
26.02. 08:15;17,653
26.02. 08:30;19,718
26.02. 08:45;21,321
26.02. 09:00;22,245
26.02. 09:15;22,619
26.02. 09:30;22,658
26.02. 09:45;22,609
26.02. 10:00;22,619
26.02. 10:15;22,737
26.02. 10:30;22,914
26.02. 10:45;23,16
26.02. 11:00;23,416
26.02. 11:15;23,602
26.02. 11:30;23,642
26.02. 11:45;23,435
26.02. 12:00;22,914
26.02. 12:15;22,137
26.02. 12:30;21,213
26.02. 12:45;20,219
26.02. 13:00;19,246
26.02. 13:15;18,361
26.02. 13:30;17,623
26.02. 13:45;17,092
26.02. 14:00;16,817
26.02. 14:15;16,787
26.02. 14:30;16,984
26.02. 14:45;17,367
26.02. 15:00;17,908
26.02. 15:15;18,508
26.02. 15:30;19,069
26.02. 15:45;19,482
26.02. 16:00;19,678
26.02. 16:15;19,737
26.02. 16:30;19,757
26.02. 16:45;19,846
26.02. 17:00;20,062
26.02. 17:15;20,239
26.02. 17:30;20,21
26.02. 17:45;19,757
26.02. 18:00;18,754
26.02. 18:15;17,367
26.02. 18:30;15,784
26.02. 18:45;14,24
26.02. 19:00;12,912
26.02. 19:15;11,811
26.02. 19:30;10,946
26.02. 19:45;10,287
26.02. 20:00;9,8343
26.02. 20:15;9,5098
26.02. 20:30;9,2541
26.02. 20:45;9,0082
26.02. 21:00;8,7034
26.02. 21:15;8,3788
26.02. 21:30;8,074
26.02. 21:45;7,8085
26.02. 22:00;7,6314
26.02. 22:15;7,5134
26.02. 22:30;7,4347
26.02. 22:45;7,3462
26.02. 23:00;7,2479
26.02. 23:15;7,1102
26.02. 23:30;6,9332
26.02. 23:45;6,707
27.02. 00:00;6,4415
27.02. 00:15;6,1563
27.02. 00:30;5,8613
27.02. 00:45;5,6056
27.02. 01:00;5,3892
27.02. 01:15;5,222
27.02. 01:30;5,0843
27.02. 01:45;4,9663
27.02. 02:00;4,8582
27.02. 02:15;4,7696
27.02. 02:30;4,7106
27.02. 02:45;4,691
27.02. 03:00;4,7106
27.02. 03:15;4,7893
27.02. 03:30;4,9368
27.02. 03:45;5,1434
27.02. 04:00;5,4187
27.02. 04:15;5,7236
27.02. 04:30;6,0186
27.02. 04:45;6,2448
27.02. 05:00;6,3923
27.02. 05:15;6,4907
27.02. 05:30;6,5988
27.02. 05:45;6,7955
27.02. 06:00;7,1299
27.02. 06:15;7,5823
27.02. 06:30;8,1527
27.02. 06:45;8,8214
27.02. 07:00;9,5983
27.02. 07:15;10,552
27.02. 07:30;11,791
27.02. 07:45;13,414
27.02. 08:00;15,45
27.02. 08:15;17,653
27.02. 08:30;19,718
27.02. 08:45;21,321
27.02. 09:00;22,245
27.02. 09:15;22,619
27.02. 09:30;22,658
27.02. 09:45;22,609
27.02. 10:00;22,619
27.02. 10:15;22,737
27.02. 10:30;22,914
27.02. 10:45;23,16
27.02. 11:00;23,416
27.02. 11:15;23,602
27.02. 11:30;23,642
27.02. 11:45;23,435
27.02. 12:00;22,914
27.02. 12:15;22,137
27.02. 12:30;21,213
27.02. 12:45;20,219
27.02. 13:00;19,246
27.02. 13:15;18,361
27.02. 13:30;17,623
27.02. 13:45;17,092
27.02. 14:00;16,817
27.02. 14:15;16,787
27.02. 14:30;16,984
27.02. 14:45;17,367
27.02. 15:00;17,908
27.02. 15:15;18,508
27.02. 15:30;19,069
27.02. 15:45;19,482
27.02. 16:00;19,678
27.02. 16:15;19,737
27.02. 16:30;19,757
27.02. 16:45;19,846
27.02. 17:00;20,062
27.02. 17:15;20,239
27.02. 17:30;20,21
27.02. 17:45;19,757
27.02. 18:00;18,754
27.02. 18:15;17,367
27.02. 18:30;15,784
27.02. 18:45;14,24
27.02. 19:00;12,912
27.02. 19:15;11,811
27.02. 19:30;10,946
27.02. 19:45;10,287
27.02. 20:00;9,8343
27.02. 20:15;9,5098
27.02. 20:30;9,2541
27.02. 20:45;9,0082
27.02. 21:00;8,7034
27.02. 21:15;8,3788
27.02. 21:30;8,074
27.02. 21:45;7,8085
27.02. 22:00;7,6314
27.02. 22:15;7,5134
27.02. 22:30;7,4347
27.02. 22:45;7,3462
27.02. 23:00;7,2479
27.02. 23:15;7,1102
27.02. 23:30;6,9332
27.02. 23:45;6,707
28.02. 00:00;6,4415
28.02. 00:15;6,1563
28.02. 00:30;5,8613
28.02. 00:45;5,6056
28.02. 01:00;5,3892
28.02. 01:15;5,222
28.02. 01:30;5,0843
28.02. 01:45;4,9663
28.02. 02:00;4,8582
28.02. 02:15;4,7696
28.02. 02:30;4,7106
28.02. 02:45;4,691
28.02. 03:00;4,7106
28.02. 03:15;4,7893
28.02. 03:30;4,9368
28.02. 03:45;5,1434
28.02. 04:00;5,4187
28.02. 04:15;5,7236
28.02. 04:30;6,0186
28.02. 04:45;6,2448
28.02. 05:00;6,3923
28.02. 05:15;6,4907
28.02. 05:30;6,5988
28.02. 05:45;6,7955
28.02. 06:00;7,1299
28.02. 06:15;7,5823
28.02. 06:30;8,1527
28.02. 06:45;8,8214
28.02. 07:00;9,5983
28.02. 07:15;10,552
28.02. 07:30;11,791
28.02. 07:45;13,414
28.02. 08:00;15,45
28.02. 08:15;17,653
28.02. 08:30;19,718
28.02. 08:45;21,321
28.02. 09:00;22,245
28.02. 09:15;22,619
28.02. 09:30;22,658
28.02. 09:45;22,609
28.02. 10:00;22,619
28.02. 10:15;22,737
28.02. 10:30;22,914
28.02. 10:45;23,16
28.02. 11:00;23,416
28.02. 11:15;23,602
28.02. 11:30;23,642
28.02. 11:45;23,435
28.02. 12:00;22,914
28.02. 12:15;22,137
28.02. 12:30;21,213
28.02. 12:45;20,219
28.02. 13:00;19,246
28.02. 13:15;18,361
28.02. 13:30;17,623
28.02. 13:45;17,092
28.02. 14:00;16,817
28.02. 14:15;16,787
28.02. 14:30;16,984
28.02. 14:45;17,367
28.02. 15:00;17,908
28.02. 15:15;18,508
28.02. 15:30;19,069
28.02. 15:45;19,482
28.02. 16:00;19,678
28.02. 16:15;19,737
28.02. 16:30;19,757
28.02. 16:45;19,846
28.02. 17:00;20,062
28.02. 17:15;20,239
28.02. 17:30;20,21
28.02. 17:45;19,757
28.02. 18:00;18,754
28.02. 18:15;17,367
28.02. 18:30;15,784
28.02. 18:45;14,24
28.02. 19:00;12,912
28.02. 19:15;11,811
28.02. 19:30;10,946
28.02. 19:45;10,287
28.02. 20:00;9,8343
28.02. 20:15;9,5098
28.02. 20:30;9,2541
28.02. 20:45;9,0082
28.02. 21:00;8,7034
28.02. 21:15;8,3788
28.02. 21:30;8,074
28.02. 21:45;7,8085
28.02. 22:00;7,6314
28.02. 22:15;7,5134
28.02. 22:30;7,4347
28.02. 22:45;7,3462
28.02. 23:00;7,2479
28.02. 23:15;7,1102
28.02. 23:30;6,9332
28.02. 23:45;6,707
01.03. 00:00;6,4415
01.03. 00:15;6,1563
01.03. 00:30;5,8613
01.03. 00:45;5,6056
01.03. 01:00;5,3892
01.03. 01:15;5,222
01.03. 01:30;5,0843
01.03. 01:45;4,9663
01.03. 02:00;4,8582
01.03. 02:15;4,7696
01.03. 02:30;4,7106
01.03. 02:45;4,691
01.03. 03:00;4,7106
01.03. 03:15;4,7893
01.03. 03:30;4,9368
01.03. 03:45;5,1434
01.03. 04:00;5,4187
01.03. 04:15;5,7236
01.03. 04:30;6,0186
01.03. 04:45;6,2448
01.03. 05:00;6,3923
01.03. 05:15;6,4907
01.03. 05:30;6,5988
01.03. 05:45;6,7955
01.03. 06:00;7,1299
01.03. 06:15;7,5823
01.03. 06:30;8,1527
01.03. 06:45;8,8214
01.03. 07:00;9,5983
01.03. 07:15;10,552
01.03. 07:30;11,791
01.03. 07:45;13,414
01.03. 08:00;15,45
01.03. 08:15;17,653
01.03. 08:30;19,718
01.03. 08:45;21,321
01.03. 09:00;22,245
01.03. 09:15;22,619
01.03. 09:30;22,658
01.03. 09:45;22,609
01.03. 10:00;22,619
01.03. 10:15;22,737
01.03. 10:30;22,914
01.03. 10:45;23,16
01.03. 11:00;23,416
01.03. 11:15;23,602
01.03. 11:30;23,642
01.03. 11:45;23,435
01.03. 12:00;22,914
01.03. 12:15;22,137
01.03. 12:30;21,213
01.03. 12:45;20,219
01.03. 13:00;19,246
01.03. 13:15;18,361
01.03. 13:30;17,623
01.03. 13:45;17,092
01.03. 14:00;16,817
01.03. 14:15;16,787
01.03. 14:30;16,984
01.03. 14:45;17,367
01.03. 15:00;17,908
01.03. 15:15;18,508
01.03. 15:30;19,069
01.03. 15:45;19,482
01.03. 16:00;19,678
01.03. 16:15;19,737
01.03. 16:30;19,757
01.03. 16:45;19,846
01.03. 17:00;20,062
01.03. 17:15;20,239
01.03. 17:30;20,21
01.03. 17:45;19,757
01.03. 18:00;18,754
01.03. 18:15;17,367
01.03. 18:30;15,784
01.03. 18:45;14,24
01.03. 19:00;12,912
01.03. 19:15;11,811
01.03. 19:30;10,946
01.03. 19:45;10,287
01.03. 20:00;9,8343
01.03. 20:15;9,5098
01.03. 20:30;9,2541
01.03. 20:45;9,0082
01.03. 21:00;8,7034
01.03. 21:15;8,3788
01.03. 21:30;8,074
01.03. 21:45;7,8085
01.03. 22:00;7,6314
01.03. 22:15;7,5134
01.03. 22:30;7,4347
01.03. 22:45;7,3462
01.03. 23:00;7,2479
01.03. 23:15;7,1102
01.03. 23:30;6,9332
01.03. 23:45;6,707
02.03. 00:00;6,884
02.03. 00:15;7,1791
02.03. 00:30;7,4643
02.03. 00:45;7,6314
02.03. 01:00;7,5823
02.03. 01:15;7,3757
02.03. 01:30;7,0905
02.03. 01:45;6,7955
02.03. 02:00;6,5693
02.03. 02:15;6,4021
02.03. 02:30;6,3038
02.03. 02:45;6,2448
02.03. 03:00;6,235
02.03. 03:15;6,2546
02.03. 03:30;6,294
02.03. 03:45;6,3431
02.03. 04:00;6,3923
02.03. 04:15;6,4513
02.03. 04:30;6,5202
02.03. 04:45;6,6185
02.03. 05:00;6,7365
02.03. 05:15;6,8742
02.03. 05:30;7,0217
02.03. 05:45;7,1692
02.03. 06:00;7,3167
02.03. 06:15;7,5528
02.03. 06:30;7,9658
02.03. 06:45;8,6345
02.03. 07:00;9,6376
02.03. 07:15;10,887
02.03. 07:30;12,273
02.03. 07:45;13,689
02.03. 08:00;15,047
02.03. 08:15;16,266
02.03. 08:30;17,299
02.03. 08:45;18,105
02.03. 09:00;18,636
02.03. 09:15;18,961
02.03. 09:30;19,187
02.03. 09:45;19,383
02.03. 10:00;19,649
02.03. 10:15;19,934
02.03. 10:30;20,2
02.03. 10:45;20,396
02.03. 11:00;20,495
02.03. 11:15;20,485
02.03. 11:30;20,396
02.03. 11:45;20,219
02.03. 12:00;19,964
02.03. 12:15;19,639
02.03. 12:30;19,236
02.03. 12:45;18,744
02.03. 13:00;18,154
02.03. 13:15;17,456
02.03. 13:30;16,61
02.03. 13:45;15,617
02.03. 14:00;14,476
02.03. 14:15;13,257
02.03. 14:30;12,067
02.03. 14:45;11,024
02.03. 15:00;10,208
02.03. 15:15;9,5786
02.03. 15:30;9,1066
02.03. 15:45;8,7329
02.03. 16:00;8,4182
02.03. 16:15;8,192
02.03. 16:30;8,1035
02.03. 16:45;8,1822
02.03. 17:00;8,4378
02.03. 17:15;8,8017
02.03. 17:30;9,1853
02.03. 17:45;9,4606
02.03. 18:00;9,5786
02.03. 18:15;9,5786
02.03. 18:30;9,5196
02.03. 18:45;9,4606
02.03. 19:00;9,4705
02.03. 19:15;9,5196
02.03. 19:30;9,559
02.03. 19:45;9,559
02.03. 20:00;9,4705
02.03. 20:15;9,3229
02.03. 20:30;9,1263
02.03. 20:45;8,9099
02.03. 21:00;8,7034
02.03. 21:15;8,4969
02.03. 21:30;8,2903
02.03. 21:45;8,0838
02.03. 22:00;7,8773
02.03. 22:15;7,6708
02.03. 22:30;7,4643
02.03. 22:45;7,2577
02.03. 23:00;7,0512
02.03. 23:15;6,8545
02.03. 23:30;6,648
02.03. 23:45;6,4316
03.03. 00:00;6,2153
03.03. 00:15;5,9989
03.03. 00:30;5,7924
03.03. 00:45;5,6056
03.03. 01:00;5,4384
03.03. 01:15;5,281
03.03. 01:30;5,1237
03.03. 01:45;4,9663
03.03. 02:00;4,7893
03.03. 02:15;4,6123
03.03. 02:30;4,4451
03.03. 02:45;4,3173
03.03. 03:00;4,2288
03.03. 03:15;4,1796
03.03. 03:30;4,1501
03.03. 03:45;4,1304
03.03. 04:00;4,1206
03.03. 04:15;4,1107
03.03. 04:30;4,1107
03.03. 04:45;4,1304
03.03. 05:00;4,1894
03.03. 05:15;4,2681
03.03. 05:30;4,3664
03.03. 05:45;4,5041
03.03. 06:00;4,6615
03.03. 06:15;4,8188
03.03. 06:30;4,9565
03.03. 06:45;5,0548
03.03. 07:00;5,0942
03.03. 07:15;5,0843
03.03. 07:30;5,0352
03.03. 07:45;4,9663
03.03. 08:00;4,8778
03.03. 08:15;4,8188
03.03. 08:30;4,7992
03.03. 08:45;4,868
03.03. 09:00;5,045
03.03. 09:15;5,2909
03.03. 09:30;5,5859
03.03. 09:45;5,8809
03.03. 10:00;6,1563
03.03. 10:15;6,4021
03.03. 10:30;6,6087
03.03. 10:45;6,7955
03.03. 11:00;6,9627
03.03. 11:15;7,1004
03.03. 11:30;7,2282
03.03. 11:45;7,3462
03.03. 12:00;7,4741
03.03. 12:15;7,6019
03.03. 12:30;7,7101
03.03. 12:45;7,8085
03.03. 13:00;7,8773
03.03. 13:15;7,9166
03.03. 13:30;7,897
03.03. 13:45;7,8085
03.03. 14:00;7,6511
03.03. 14:15;7,4446
03.03. 14:30;7,2184
03.03. 14:45;6,9824
03.03. 15:00;6,7758
03.03. 15:15;6,589
03.03. 15:30;6,412
03.03. 15:45;6,2448
03.03. 16:00;6,0973
03.03. 16:15;6,0186
03.03. 16:30;6,0776
03.03. 16:45;6,3431
03.03. 17:00;6,8349
03.03. 17:15;7,4741
03.03. 17:30;8,1232
03.03. 17:45;8,6345
03.03. 18:00;8,9296
03.03. 18:15;9,0574
03.03. 18:30;9,0771
03.03. 18:45;9,0967
03.03. 19:00;9,1558
03.03. 19:15;9,2443
03.03. 19:30;9,3033
03.03. 19:45;9,2836
03.03. 20:00;9,1459
03.03. 20:15;8,9296
03.03. 20:30;8,6542
03.03. 20:45;8,3592
03.03. 21:00;8,074
03.03. 21:15;7,8085
03.03. 21:30;7,5626
03.03. 21:45;7,3462
03.03. 22:00;7,1594
03.03. 22:15;6,9922
03.03. 22:30;6,8152
03.03. 22:45;6,6185
03.03. 23:00;6,3923
03.03. 23:15;6,1563
03.03. 23:30;5,9399
03.03. 23:45;5,7924
04.03. 00:00;6,4415
04.03. 00:15;6,1563
04.03. 00:30;5,8613
04.03. 00:45;5,6056
04.03. 01:00;5,3892
04.03. 01:15;5,222
04.03. 01:30;5,0843
04.03. 01:45;4,9663
04.03. 02:00;4,8582
04.03. 02:15;4,7696
04.03. 02:30;4,7106
04.03. 02:45;4,691
04.03. 03:00;4,7106
04.03. 03:15;4,7893
04.03. 03:30;4,9368
04.03. 03:45;5,1434
04.03. 04:00;5,4187
04.03. 04:15;5,7236
04.03. 04:30;6,0186
04.03. 04:45;6,2448
04.03. 05:00;6,3923
04.03. 05:15;6,4907
04.03. 05:30;6,5988
04.03. 05:45;6,7955
04.03. 06:00;7,1299
04.03. 06:15;7,5823
04.03. 06:30;8,1527
04.03. 06:45;8,8214
04.03. 07:00;9,5983
04.03. 07:15;10,552
04.03. 07:30;11,791
04.03. 07:45;13,414
04.03. 08:00;15,45
04.03. 08:15;17,653
04.03. 08:30;19,718
04.03. 08:45;21,321
04.03. 09:00;22,245
04.03. 09:15;22,619
04.03. 09:30;22,658
04.03. 09:45;22,609
04.03. 10:00;22,619
04.03. 10:15;22,737
04.03. 10:30;22,914
04.03. 10:45;23,16
04.03. 11:00;23,416
04.03. 11:15;23,602
04.03. 11:30;23,642
04.03. 11:45;23,435
04.03. 12:00;22,914
04.03. 12:15;22,137
04.03. 12:30;21,213
04.03. 12:45;20,219
04.03. 13:00;19,246
04.03. 13:15;18,361
04.03. 13:30;17,623
04.03. 13:45;17,092
04.03. 14:00;16,817
04.03. 14:15;16,787
04.03. 14:30;16,984
04.03. 14:45;17,367
04.03. 15:00;17,908
04.03. 15:15;18,508
04.03. 15:30;19,069
04.03. 15:45;19,482
04.03. 16:00;19,678
04.03. 16:15;19,737
04.03. 16:30;19,757
04.03. 16:45;19,846
04.03. 17:00;20,062
04.03. 17:15;20,239
04.03. 17:30;20,21
04.03. 17:45;19,757
04.03. 18:00;18,754
04.03. 18:15;17,367
04.03. 18:30;15,784
04.03. 18:45;14,24
04.03. 19:00;12,912
04.03. 19:15;11,811
04.03. 19:30;10,946
04.03. 19:45;10,287
04.03. 20:00;9,8343
04.03. 20:15;9,5098
04.03. 20:30;9,2541
04.03. 20:45;9,0082
04.03. 21:00;8,7034
04.03. 21:15;8,3788
04.03. 21:30;8,074
04.03. 21:45;7,8085
04.03. 22:00;7,6314
04.03. 22:15;7,5134
04.03. 22:30;7,4347
04.03. 22:45;7,3462
04.03. 23:00;7,2479
04.03. 23:15;7,1102
04.03. 23:30;6,9332
04.03. 23:45;6,707
05.03. 00:00;6,4415
05.03. 00:15;6,1563
05.03. 00:30;5,8613
05.03. 00:45;5,6056
05.03. 01:00;5,3892
05.03. 01:15;5,222
05.03. 01:30;5,0843
05.03. 01:45;4,9663
05.03. 02:00;4,8582
05.03. 02:15;4,7696
05.03. 02:30;4,7106
05.03. 02:45;4,691
05.03. 03:00;4,7106
05.03. 03:15;4,7893
05.03. 03:30;4,9368
05.03. 03:45;5,1434
05.03. 04:00;5,4187
05.03. 04:15;5,7236
05.03. 04:30;6,0186
05.03. 04:45;6,2448
05.03. 05:00;6,3923
05.03. 05:15;6,4907
05.03. 05:30;6,5988
05.03. 05:45;6,7955
05.03. 06:00;7,1299
05.03. 06:15;7,5823
05.03. 06:30;8,1527
05.03. 06:45;8,8214
05.03. 07:00;9,5983
05.03. 07:15;10,552
05.03. 07:30;11,791
05.03. 07:45;13,414
05.03. 08:00;15,45
05.03. 08:15;17,653
05.03. 08:30;19,718
05.03. 08:45;21,321
05.03. 09:00;22,245
05.03. 09:15;22,619
05.03. 09:30;22,658
05.03. 09:45;22,609
05.03. 10:00;22,619
05.03. 10:15;22,737
05.03. 10:30;22,914
05.03. 10:45;23,16
05.03. 11:00;23,416
05.03. 11:15;23,602
05.03. 11:30;23,642
05.03. 11:45;23,435
05.03. 12:00;22,914
05.03. 12:15;22,137
05.03. 12:30;21,213
05.03. 12:45;20,219
05.03. 13:00;19,246
05.03. 13:15;18,361
05.03. 13:30;17,623
05.03. 13:45;17,092
05.03. 14:00;16,817
05.03. 14:15;16,787
05.03. 14:30;16,984
05.03. 14:45;17,367
05.03. 15:00;17,908
05.03. 15:15;18,508
05.03. 15:30;19,069
05.03. 15:45;19,482
05.03. 16:00;19,678
05.03. 16:15;19,737
05.03. 16:30;19,757
05.03. 16:45;19,846
05.03. 17:00;20,062
05.03. 17:15;20,239
05.03. 17:30;20,21
05.03. 17:45;19,757
05.03. 18:00;18,754
05.03. 18:15;17,367
05.03. 18:30;15,784
05.03. 18:45;14,24
05.03. 19:00;12,912
05.03. 19:15;11,811
05.03. 19:30;10,946
05.03. 19:45;10,287
05.03. 20:00;9,8343
05.03. 20:15;9,5098
05.03. 20:30;9,2541
05.03. 20:45;9,0082
05.03. 21:00;8,7034
05.03. 21:15;8,3788
05.03. 21:30;8,074
05.03. 21:45;7,8085
05.03. 22:00;7,6314
05.03. 22:15;7,5134
05.03. 22:30;7,4347
05.03. 22:45;7,3462
05.03. 23:00;7,2479
05.03. 23:15;7,1102
05.03. 23:30;6,9332
05.03. 23:45;6,707
06.03. 00:00;6,4415
06.03. 00:15;6,1563
06.03. 00:30;5,8613
06.03. 00:45;5,6056
06.03. 01:00;5,3892
06.03. 01:15;5,222
06.03. 01:30;5,0843
06.03. 01:45;4,9663
06.03. 02:00;4,8582
06.03. 02:15;4,7696
06.03. 02:30;4,7106
06.03. 02:45;4,691
06.03. 03:00;4,7106
06.03. 03:15;4,7893
06.03. 03:30;4,9368
06.03. 03:45;5,1434
06.03. 04:00;5,4187
06.03. 04:15;5,7236
06.03. 04:30;6,0186
06.03. 04:45;6,2448
06.03. 05:00;6,3923
06.03. 05:15;6,4907
06.03. 05:30;6,5988
06.03. 05:45;6,7955
06.03. 06:00;7,1299
06.03. 06:15;7,5823
06.03. 06:30;8,1527
06.03. 06:45;8,8214
06.03. 07:00;9,5983
06.03. 07:15;10,552
06.03. 07:30;11,791
06.03. 07:45;13,414
06.03. 08:00;15,45
06.03. 08:15;17,653
06.03. 08:30;19,718
06.03. 08:45;21,321
06.03. 09:00;22,245
06.03. 09:15;22,619
06.03. 09:30;22,658
06.03. 09:45;22,609
06.03. 10:00;22,619
06.03. 10:15;22,737
06.03. 10:30;22,914
06.03. 10:45;23,16
06.03. 11:00;23,416
06.03. 11:15;23,602
06.03. 11:30;23,642
06.03. 11:45;23,435
06.03. 12:00;22,914
06.03. 12:15;22,137
06.03. 12:30;21,213
06.03. 12:45;20,219
06.03. 13:00;19,246
06.03. 13:15;18,361
06.03. 13:30;17,623
06.03. 13:45;17,092
06.03. 14:00;16,817
06.03. 14:15;16,787
06.03. 14:30;16,984
06.03. 14:45;17,367
06.03. 15:00;17,908
06.03. 15:15;18,508
06.03. 15:30;19,069
06.03. 15:45;19,482
06.03. 16:00;19,678
06.03. 16:15;19,737
06.03. 16:30;19,757
06.03. 16:45;19,846
06.03. 17:00;20,062
06.03. 17:15;20,239
06.03. 17:30;20,21
06.03. 17:45;19,757
06.03. 18:00;18,754
06.03. 18:15;17,367
06.03. 18:30;15,784
06.03. 18:45;14,24
06.03. 19:00;12,912
06.03. 19:15;11,811
06.03. 19:30;10,946
06.03. 19:45;10,287
06.03. 20:00;9,8343
06.03. 20:15;9,5098
06.03. 20:30;9,2541
06.03. 20:45;9,0082
06.03. 21:00;8,7034
06.03. 21:15;8,3788
06.03. 21:30;8,074
06.03. 21:45;7,8085
06.03. 22:00;7,6314
06.03. 22:15;7,5134
06.03. 22:30;7,4347
06.03. 22:45;7,3462
06.03. 23:00;7,2479
06.03. 23:15;7,1102
06.03. 23:30;6,9332
06.03. 23:45;6,707
07.03. 00:00;6,4415
07.03. 00:15;6,1563
07.03. 00:30;5,8613
07.03. 00:45;5,6056
07.03. 01:00;5,3892
07.03. 01:15;5,222
07.03. 01:30;5,0843
07.03. 01:45;4,9663
07.03. 02:00;4,8582
07.03. 02:15;4,7696
07.03. 02:30;4,7106
07.03. 02:45;4,691
07.03. 03:00;4,7106
07.03. 03:15;4,7893
07.03. 03:30;4,9368
07.03. 03:45;5,1434
07.03. 04:00;5,4187
07.03. 04:15;5,7236
07.03. 04:30;6,0186
07.03. 04:45;6,2448
07.03. 05:00;6,3923
07.03. 05:15;6,4907
07.03. 05:30;6,5988
07.03. 05:45;6,7955
07.03. 06:00;7,1299
07.03. 06:15;7,5823
07.03. 06:30;8,1527
07.03. 06:45;8,8214
07.03. 07:00;9,5983
07.03. 07:15;10,552
07.03. 07:30;11,791
07.03. 07:45;13,414
07.03. 08:00;15,45
07.03. 08:15;17,653
07.03. 08:30;19,718
07.03. 08:45;21,321
07.03. 09:00;22,245
07.03. 09:15;22,619
07.03. 09:30;22,658
07.03. 09:45;22,609
07.03. 10:00;22,619
07.03. 10:15;22,737
07.03. 10:30;22,914
07.03. 10:45;23,16
07.03. 11:00;23,416
07.03. 11:15;23,602
07.03. 11:30;23,642
07.03. 11:45;23,435
07.03. 12:00;22,914
07.03. 12:15;22,137
07.03. 12:30;21,213
07.03. 12:45;20,219
07.03. 13:00;19,246
07.03. 13:15;18,361
07.03. 13:30;17,623
07.03. 13:45;17,092
07.03. 14:00;16,817
07.03. 14:15;16,787
07.03. 14:30;16,984
07.03. 14:45;17,367
07.03. 15:00;17,908
07.03. 15:15;18,508
07.03. 15:30;19,069
07.03. 15:45;19,482
07.03. 16:00;19,678
07.03. 16:15;19,737
07.03. 16:30;19,757
07.03. 16:45;19,846
07.03. 17:00;20,062
07.03. 17:15;20,239
07.03. 17:30;20,21
07.03. 17:45;19,757
07.03. 18:00;18,754
07.03. 18:15;17,367
07.03. 18:30;15,784
07.03. 18:45;14,24
07.03. 19:00;12,912
07.03. 19:15;11,811
07.03. 19:30;10,946
07.03. 19:45;10,287
07.03. 20:00;9,8343
07.03. 20:15;9,5098
07.03. 20:30;9,2541
07.03. 20:45;9,0082
07.03. 21:00;8,7034
07.03. 21:15;8,3788
07.03. 21:30;8,074
07.03. 21:45;7,8085
07.03. 22:00;7,6314
07.03. 22:15;7,5134
07.03. 22:30;7,4347
07.03. 22:45;7,3462
07.03. 23:00;7,2479
07.03. 23:15;7,1102
07.03. 23:30;6,9332
07.03. 23:45;6,707
08.03. 00:00;6,4415
08.03. 00:15;6,1563
08.03. 00:30;5,8613
08.03. 00:45;5,6056
08.03. 01:00;5,3892
08.03. 01:15;5,222
08.03. 01:30;5,0843
08.03. 01:45;4,9663
08.03. 02:00;4,8582
08.03. 02:15;4,7696
08.03. 02:30;4,7106
08.03. 02:45;4,691
08.03. 03:00;4,7106
08.03. 03:15;4,7893
08.03. 03:30;4,9368
08.03. 03:45;5,1434
08.03. 04:00;5,4187
08.03. 04:15;5,7236
08.03. 04:30;6,0186
08.03. 04:45;6,2448
08.03. 05:00;6,3923
08.03. 05:15;6,4907
08.03. 05:30;6,5988
08.03. 05:45;6,7955
08.03. 06:00;7,1299
08.03. 06:15;7,5823
08.03. 06:30;8,1527
08.03. 06:45;8,8214
08.03. 07:00;9,5983
08.03. 07:15;10,552
08.03. 07:30;11,791
08.03. 07:45;13,414
08.03. 08:00;15,45
08.03. 08:15;17,653
08.03. 08:30;19,718
08.03. 08:45;21,321
08.03. 09:00;22,245
08.03. 09:15;22,619
08.03. 09:30;22,658
08.03. 09:45;22,609
08.03. 10:00;22,619
08.03. 10:15;22,737
08.03. 10:30;22,914
08.03. 10:45;23,16
08.03. 11:00;23,416
08.03. 11:15;23,602
08.03. 11:30;23,642
08.03. 11:45;23,435
08.03. 12:00;22,914
08.03. 12:15;22,137
08.03. 12:30;21,213
08.03. 12:45;20,219
08.03. 13:00;19,246
08.03. 13:15;18,361
08.03. 13:30;17,623
08.03. 13:45;17,092
08.03. 14:00;16,817
08.03. 14:15;16,787
08.03. 14:30;16,984
08.03. 14:45;17,367
08.03. 15:00;17,908
08.03. 15:15;18,508
08.03. 15:30;19,069
08.03. 15:45;19,482
08.03. 16:00;19,678
08.03. 16:15;19,737
08.03. 16:30;19,757
08.03. 16:45;19,846
08.03. 17:00;20,062
08.03. 17:15;20,239
08.03. 17:30;20,21
08.03. 17:45;19,757
08.03. 18:00;18,754
08.03. 18:15;17,367
08.03. 18:30;15,784
08.03. 18:45;14,24
08.03. 19:00;12,912
08.03. 19:15;11,811
08.03. 19:30;10,946
08.03. 19:45;10,287
08.03. 20:00;9,8343
08.03. 20:15;9,5098
08.03. 20:30;9,2541
08.03. 20:45;9,0082
08.03. 21:00;8,7034
08.03. 21:15;8,3788
08.03. 21:30;8,074
08.03. 21:45;7,8085
08.03. 22:00;7,6314
08.03. 22:15;7,5134
08.03. 22:30;7,4347
08.03. 22:45;7,3462
08.03. 23:00;7,2479
08.03. 23:15;7,1102
08.03. 23:30;6,9332
08.03. 23:45;6,707
09.03. 00:00;6,884
09.03. 00:15;7,1791
09.03. 00:30;7,4643
09.03. 00:45;7,6314
09.03. 01:00;7,5823
09.03. 01:15;7,3757
09.03. 01:30;7,0905
09.03. 01:45;6,7955
09.03. 02:00;6,5693
09.03. 02:15;6,4021
09.03. 02:30;6,3038
09.03. 02:45;6,2448
09.03. 03:00;6,235
09.03. 03:15;6,2546
09.03. 03:30;6,294
09.03. 03:45;6,3431
09.03. 04:00;6,3923
09.03. 04:15;6,4513
09.03. 04:30;6,5202
09.03. 04:45;6,6185
09.03. 05:00;6,7365
09.03. 05:15;6,8742
09.03. 05:30;7,0217
09.03. 05:45;7,1692
09.03. 06:00;7,3167
09.03. 06:15;7,5528
09.03. 06:30;7,9658
09.03. 06:45;8,6345
09.03. 07:00;9,6376
09.03. 07:15;10,887
09.03. 07:30;12,273
09.03. 07:45;13,689
09.03. 08:00;15,047
09.03. 08:15;16,266
09.03. 08:30;17,299
09.03. 08:45;18,105
09.03. 09:00;18,636
09.03. 09:15;18,961
09.03. 09:30;19,187
09.03. 09:45;19,383
09.03. 10:00;19,649
09.03. 10:15;19,934
09.03. 10:30;20,2
09.03. 10:45;20,396
09.03. 11:00;20,495
09.03. 11:15;20,485
09.03. 11:30;20,396
09.03. 11:45;20,219
09.03. 12:00;19,964
09.03. 12:15;19,639
09.03. 12:30;19,236
09.03. 12:45;18,744
09.03. 13:00;18,154
09.03. 13:15;17,456
09.03. 13:30;16,61
09.03. 13:45;15,617
09.03. 14:00;14,476
09.03. 14:15;13,257
09.03. 14:30;12,067
09.03. 14:45;11,024
09.03. 15:00;10,208
09.03. 15:15;9,5786
09.03. 15:30;9,1066
09.03. 15:45;8,7329
09.03. 16:00;8,4182
09.03. 16:15;8,192
09.03. 16:30;8,1035
09.03. 16:45;8,1822
09.03. 17:00;8,4378
09.03. 17:15;8,8017
09.03. 17:30;9,1853
09.03. 17:45;9,4606
09.03. 18:00;9,5786
09.03. 18:15;9,5786
09.03. 18:30;9,5196
09.03. 18:45;9,4606
09.03. 19:00;9,4705
09.03. 19:15;9,5196
09.03. 19:30;9,559
09.03. 19:45;9,559
09.03. 20:00;9,4705
09.03. 20:15;9,3229
09.03. 20:30;9,1263
09.03. 20:45;8,9099
09.03. 21:00;8,7034
09.03. 21:15;8,4969
09.03. 21:30;8,2903
09.03. 21:45;8,0838
09.03. 22:00;7,8773
09.03. 22:15;7,6708
09.03. 22:30;7,4643
09.03. 22:45;7,2577
09.03. 23:00;7,0512
09.03. 23:15;6,8545
09.03. 23:30;6,648
09.03. 23:45;6,4316
10.03. 00:00;6,2153
10.03. 00:15;5,9989
10.03. 00:30;5,7924
10.03. 00:45;5,6056
10.03. 01:00;5,4384
10.03. 01:15;5,281
10.03. 01:30;5,1237
10.03. 01:45;4,9663
10.03. 02:00;4,7893
10.03. 02:15;4,6123
10.03. 02:30;4,4451
10.03. 02:45;4,3173
10.03. 03:00;4,2288
10.03. 03:15;4,1796
10.03. 03:30;4,1501
10.03. 03:45;4,1304
10.03. 04:00;4,1206
10.03. 04:15;4,1107
10.03. 04:30;4,1107
10.03. 04:45;4,1304
10.03. 05:00;4,1894
10.03. 05:15;4,2681
10.03. 05:30;4,3664
10.03. 05:45;4,5041
10.03. 06:00;4,6615
10.03. 06:15;4,8188
10.03. 06:30;4,9565
10.03. 06:45;5,0548
10.03. 07:00;5,0942
10.03. 07:15;5,0843
10.03. 07:30;5,0352
10.03. 07:45;4,9663
10.03. 08:00;4,8778
10.03. 08:15;4,8188
10.03. 08:30;4,7992
10.03. 08:45;4,868
10.03. 09:00;5,045
10.03. 09:15;5,2909
10.03. 09:30;5,5859
10.03. 09:45;5,8809
10.03. 10:00;6,1563
10.03. 10:15;6,4021
10.03. 10:30;6,6087
10.03. 10:45;6,7955
10.03. 11:00;6,9627
10.03. 11:15;7,1004
10.03. 11:30;7,2282
10.03. 11:45;7,3462
10.03. 12:00;7,4741
10.03. 12:15;7,6019
10.03. 12:30;7,7101
10.03. 12:45;7,8085
10.03. 13:00;7,8773
10.03. 13:15;7,9166
10.03. 13:30;7,897
10.03. 13:45;7,8085
10.03. 14:00;7,6511
10.03. 14:15;7,4446
10.03. 14:30;7,2184
10.03. 14:45;6,9824
10.03. 15:00;6,7758
10.03. 15:15;6,589
10.03. 15:30;6,412
10.03. 15:45;6,2448
10.03. 16:00;6,0973
10.03. 16:15;6,0186
10.03. 16:30;6,0776
10.03. 16:45;6,3431
10.03. 17:00;6,8349
10.03. 17:15;7,4741
10.03. 17:30;8,1232
10.03. 17:45;8,6345
10.03. 18:00;8,9296
10.03. 18:15;9,0574
10.03. 18:30;9,0771
10.03. 18:45;9,0967
10.03. 19:00;9,1558
10.03. 19:15;9,2443
10.03. 19:30;9,3033
10.03. 19:45;9,2836
10.03. 20:00;9,1459
10.03. 20:15;8,9296
10.03. 20:30;8,6542
10.03. 20:45;8,3592
10.03. 21:00;8,074
10.03. 21:15;7,8085
10.03. 21:30;7,5626
10.03. 21:45;7,3462
10.03. 22:00;7,1594
10.03. 22:15;6,9922
10.03. 22:30;6,8152
10.03. 22:45;6,6185
10.03. 23:00;6,3923
10.03. 23:15;6,1563
10.03. 23:30;5,9399
10.03. 23:45;5,7924
11.03. 00:00;6,4415
11.03. 00:15;6,1563
11.03. 00:30;5,8613
11.03. 00:45;5,6056
11.03. 01:00;5,3892
11.03. 01:15;5,222
11.03. 01:30;5,0843
11.03. 01:45;4,9663
11.03. 02:00;4,8582
11.03. 02:15;4,7696
11.03. 02:30;4,7106
11.03. 02:45;4,691
11.03. 03:00;4,7106
11.03. 03:15;4,7893
11.03. 03:30;4,9368
11.03. 03:45;5,1434
11.03. 04:00;5,4187
11.03. 04:15;5,7236
11.03. 04:30;6,0186
11.03. 04:45;6,2448
11.03. 05:00;6,3923
11.03. 05:15;6,4907
11.03. 05:30;6,5988
11.03. 05:45;6,7955
11.03. 06:00;7,1299
11.03. 06:15;7,5823
11.03. 06:30;8,1527
11.03. 06:45;8,8214
11.03. 07:00;9,5983
11.03. 07:15;10,552
11.03. 07:30;11,791
11.03. 07:45;13,414
11.03. 08:00;15,45
11.03. 08:15;17,653
11.03. 08:30;19,718
11.03. 08:45;21,321
11.03. 09:00;22,245
11.03. 09:15;22,619
11.03. 09:30;22,658
11.03. 09:45;22,609
11.03. 10:00;22,619
11.03. 10:15;22,737
11.03. 10:30;22,914
11.03. 10:45;23,16
11.03. 11:00;23,416
11.03. 11:15;23,602
11.03. 11:30;23,642
11.03. 11:45;23,435
11.03. 12:00;22,914
11.03. 12:15;22,137
11.03. 12:30;21,213
11.03. 12:45;20,219
11.03. 13:00;19,246
11.03. 13:15;18,361
11.03. 13:30;17,623
11.03. 13:45;17,092
11.03. 14:00;16,817
11.03. 14:15;16,787
11.03. 14:30;16,984
11.03. 14:45;17,367
11.03. 15:00;17,908
11.03. 15:15;18,508
11.03. 15:30;19,069
11.03. 15:45;19,482
11.03. 16:00;19,678
11.03. 16:15;19,737
11.03. 16:30;19,757
11.03. 16:45;19,846
11.03. 17:00;20,062
11.03. 17:15;20,239
11.03. 17:30;20,21
11.03. 17:45;19,757
11.03. 18:00;18,754
11.03. 18:15;17,367
11.03. 18:30;15,784
11.03. 18:45;14,24
11.03. 19:00;12,912
11.03. 19:15;11,811
11.03. 19:30;10,946
11.03. 19:45;10,287
11.03. 20:00;9,8343
11.03. 20:15;9,5098
11.03. 20:30;9,2541
11.03. 20:45;9,0082
11.03. 21:00;8,7034
11.03. 21:15;8,3788
11.03. 21:30;8,074
11.03. 21:45;7,8085
11.03. 22:00;7,6314
11.03. 22:15;7,5134
11.03. 22:30;7,4347
11.03. 22:45;7,3462
11.03. 23:00;7,2479
11.03. 23:15;7,1102
11.03. 23:30;6,9332
11.03. 23:45;6,707
12.03. 00:00;6,4415
12.03. 00:15;6,1563
12.03. 00:30;5,8613
12.03. 00:45;5,6056
12.03. 01:00;5,3892
12.03. 01:15;5,222
12.03. 01:30;5,0843
12.03. 01:45;4,9663
12.03. 02:00;4,8582
12.03. 02:15;4,7696
12.03. 02:30;4,7106
12.03. 02:45;4,691
12.03. 03:00;4,7106
12.03. 03:15;4,7893
12.03. 03:30;4,9368
12.03. 03:45;5,1434
12.03. 04:00;5,4187
12.03. 04:15;5,7236
12.03. 04:30;6,0186
12.03. 04:45;6,2448
12.03. 05:00;6,3923
12.03. 05:15;6,4907
12.03. 05:30;6,5988
12.03. 05:45;6,7955
12.03. 06:00;7,1299
12.03. 06:15;7,5823
12.03. 06:30;8,1527
12.03. 06:45;8,8214
12.03. 07:00;9,5983
12.03. 07:15;10,552
12.03. 07:30;11,791
12.03. 07:45;13,414
12.03. 08:00;15,45
12.03. 08:15;17,653
12.03. 08:30;19,718
12.03. 08:45;21,321
12.03. 09:00;22,245
12.03. 09:15;22,619
12.03. 09:30;22,658
12.03. 09:45;22,609
12.03. 10:00;22,619
12.03. 10:15;22,737
12.03. 10:30;22,914
12.03. 10:45;23,16
12.03. 11:00;23,416
12.03. 11:15;23,602
12.03. 11:30;23,642
12.03. 11:45;23,435
12.03. 12:00;22,914
12.03. 12:15;22,137
12.03. 12:30;21,213
12.03. 12:45;20,219
12.03. 13:00;19,246
12.03. 13:15;18,361
12.03. 13:30;17,623
12.03. 13:45;17,092
12.03. 14:00;16,817
12.03. 14:15;16,787
12.03. 14:30;16,984
12.03. 14:45;17,367
12.03. 15:00;17,908
12.03. 15:15;18,508
12.03. 15:30;19,069
12.03. 15:45;19,482
12.03. 16:00;19,678
12.03. 16:15;19,737
12.03. 16:30;19,757
12.03. 16:45;19,846
12.03. 17:00;20,062
12.03. 17:15;20,239
12.03. 17:30;20,21
12.03. 17:45;19,757
12.03. 18:00;18,754
12.03. 18:15;17,367
12.03. 18:30;15,784
12.03. 18:45;14,24
12.03. 19:00;12,912
12.03. 19:15;11,811
12.03. 19:30;10,946
12.03. 19:45;10,287
12.03. 20:00;9,8343
12.03. 20:15;9,5098
12.03. 20:30;9,2541
12.03. 20:45;9,0082
12.03. 21:00;8,7034
12.03. 21:15;8,3788
12.03. 21:30;8,074
12.03. 21:45;7,8085
12.03. 22:00;7,6314
12.03. 22:15;7,5134
12.03. 22:30;7,4347
12.03. 22:45;7,3462
12.03. 23:00;7,2479
12.03. 23:15;7,1102
12.03. 23:30;6,9332
12.03. 23:45;6,707
13.03. 00:00;6,4415
13.03. 00:15;6,1563
13.03. 00:30;5,8613
13.03. 00:45;5,6056
13.03. 01:00;5,3892
13.03. 01:15;5,222
13.03. 01:30;5,0843
13.03. 01:45;4,9663
13.03. 02:00;4,8582
13.03. 02:15;4,7696
13.03. 02:30;4,7106
13.03. 02:45;4,691
13.03. 03:00;4,7106
13.03. 03:15;4,7893
13.03. 03:30;4,9368
13.03. 03:45;5,1434
13.03. 04:00;5,4187
13.03. 04:15;5,7236
13.03. 04:30;6,0186
13.03. 04:45;6,2448
13.03. 05:00;6,3923
13.03. 05:15;6,4907
13.03. 05:30;6,5988
13.03. 05:45;6,7955
13.03. 06:00;7,1299
13.03. 06:15;7,5823
13.03. 06:30;8,1527
13.03. 06:45;8,8214
13.03. 07:00;9,5983
13.03. 07:15;10,552
13.03. 07:30;11,791
13.03. 07:45;13,414
13.03. 08:00;15,45
13.03. 08:15;17,653
13.03. 08:30;19,718
13.03. 08:45;21,321
13.03. 09:00;22,245
13.03. 09:15;22,619
13.03. 09:30;22,658
13.03. 09:45;22,609
13.03. 10:00;22,619
13.03. 10:15;22,737
13.03. 10:30;22,914
13.03. 10:45;23,16
13.03. 11:00;23,416
13.03. 11:15;23,602
13.03. 11:30;23,642
13.03. 11:45;23,435
13.03. 12:00;22,914
13.03. 12:15;22,137
13.03. 12:30;21,213
13.03. 12:45;20,219
13.03. 13:00;19,246
13.03. 13:15;18,361
13.03. 13:30;17,623
13.03. 13:45;17,092
13.03. 14:00;16,817
13.03. 14:15;16,787
13.03. 14:30;16,984
13.03. 14:45;17,367
13.03. 15:00;17,908
13.03. 15:15;18,508
13.03. 15:30;19,069
13.03. 15:45;19,482
13.03. 16:00;19,678
13.03. 16:15;19,737
13.03. 16:30;19,757
13.03. 16:45;19,846
13.03. 17:00;20,062
13.03. 17:15;20,239
13.03. 17:30;20,21
13.03. 17:45;19,757
13.03. 18:00;18,754
13.03. 18:15;17,367
13.03. 18:30;15,784
13.03. 18:45;14,24
13.03. 19:00;12,912
13.03. 19:15;11,811
13.03. 19:30;10,946
13.03. 19:45;10,287
13.03. 20:00;9,8343
13.03. 20:15;9,5098
13.03. 20:30;9,2541
13.03. 20:45;9,0082
13.03. 21:00;8,7034
13.03. 21:15;8,3788
13.03. 21:30;8,074
13.03. 21:45;7,8085
13.03. 22:00;7,6314
13.03. 22:15;7,5134
13.03. 22:30;7,4347
13.03. 22:45;7,3462
13.03. 23:00;7,2479
13.03. 23:15;7,1102
13.03. 23:30;6,9332
13.03. 23:45;6,707
14.03. 00:00;6,4415
14.03. 00:15;6,1563
14.03. 00:30;5,8613
14.03. 00:45;5,6056
14.03. 01:00;5,3892
14.03. 01:15;5,222
14.03. 01:30;5,0843
14.03. 01:45;4,9663
14.03. 02:00;4,8582
14.03. 02:15;4,7696
14.03. 02:30;4,7106
14.03. 02:45;4,691
14.03. 03:00;4,7106
14.03. 03:15;4,7893
14.03. 03:30;4,9368
14.03. 03:45;5,1434
14.03. 04:00;5,4187
14.03. 04:15;5,7236
14.03. 04:30;6,0186
14.03. 04:45;6,2448
14.03. 05:00;6,3923
14.03. 05:15;6,4907
14.03. 05:30;6,5988
14.03. 05:45;6,7955
14.03. 06:00;7,1299
14.03. 06:15;7,5823
14.03. 06:30;8,1527
14.03. 06:45;8,8214
14.03. 07:00;9,5983
14.03. 07:15;10,552
14.03. 07:30;11,791
14.03. 07:45;13,414
14.03. 08:00;15,45
14.03. 08:15;17,653
14.03. 08:30;19,718
14.03. 08:45;21,321
14.03. 09:00;22,245
14.03. 09:15;22,619
14.03. 09:30;22,658
14.03. 09:45;22,609
14.03. 10:00;22,619
14.03. 10:15;22,737
14.03. 10:30;22,914
14.03. 10:45;23,16
14.03. 11:00;23,416
14.03. 11:15;23,602
14.03. 11:30;23,642
14.03. 11:45;23,435
14.03. 12:00;22,914
14.03. 12:15;22,137
14.03. 12:30;21,213
14.03. 12:45;20,219
14.03. 13:00;19,246
14.03. 13:15;18,361
14.03. 13:30;17,623
14.03. 13:45;17,092
14.03. 14:00;16,817
14.03. 14:15;16,787
14.03. 14:30;16,984
14.03. 14:45;17,367
14.03. 15:00;17,908
14.03. 15:15;18,508
14.03. 15:30;19,069
14.03. 15:45;19,482
14.03. 16:00;19,678
14.03. 16:15;19,737
14.03. 16:30;19,757
14.03. 16:45;19,846
14.03. 17:00;20,062
14.03. 17:15;20,239
14.03. 17:30;20,21
14.03. 17:45;19,757
14.03. 18:00;18,754
14.03. 18:15;17,367
14.03. 18:30;15,784
14.03. 18:45;14,24
14.03. 19:00;12,912
14.03. 19:15;11,811
14.03. 19:30;10,946
14.03. 19:45;10,287
14.03. 20:00;9,8343
14.03. 20:15;9,5098
14.03. 20:30;9,2541
14.03. 20:45;9,0082
14.03. 21:00;8,7034
14.03. 21:15;8,3788
14.03. 21:30;8,074
14.03. 21:45;7,8085
14.03. 22:00;7,6314
14.03. 22:15;7,5134
14.03. 22:30;7,4347
14.03. 22:45;7,3462
14.03. 23:00;7,2479
14.03. 23:15;7,1102
14.03. 23:30;6,9332
14.03. 23:45;6,707
15.03. 00:00;6,4415
15.03. 00:15;6,1563
15.03. 00:30;5,8613
15.03. 00:45;5,6056
15.03. 01:00;5,3892
15.03. 01:15;5,222
15.03. 01:30;5,0843
15.03. 01:45;4,9663
15.03. 02:00;4,8582
15.03. 02:15;4,7696
15.03. 02:30;4,7106
15.03. 02:45;4,691
15.03. 03:00;4,7106
15.03. 03:15;4,7893
15.03. 03:30;4,9368
15.03. 03:45;5,1434
15.03. 04:00;5,4187
15.03. 04:15;5,7236
15.03. 04:30;6,0186
15.03. 04:45;6,2448
15.03. 05:00;6,3923
15.03. 05:15;6,4907
15.03. 05:30;6,5988
15.03. 05:45;6,7955
15.03. 06:00;7,1299
15.03. 06:15;7,5823
15.03. 06:30;8,1527
15.03. 06:45;8,8214
15.03. 07:00;9,5983
15.03. 07:15;10,552
15.03. 07:30;11,791
15.03. 07:45;13,414
15.03. 08:00;15,45
15.03. 08:15;17,653
15.03. 08:30;19,718
15.03. 08:45;21,321
15.03. 09:00;22,245
15.03. 09:15;22,619
15.03. 09:30;22,658
15.03. 09:45;22,609
15.03. 10:00;22,619
15.03. 10:15;22,737
15.03. 10:30;22,914
15.03. 10:45;23,16
15.03. 11:00;23,416
15.03. 11:15;23,602
15.03. 11:30;23,642
15.03. 11:45;23,435
15.03. 12:00;22,914
15.03. 12:15;22,137
15.03. 12:30;21,213
15.03. 12:45;20,219
15.03. 13:00;19,246
15.03. 13:15;18,361
15.03. 13:30;17,623
15.03. 13:45;17,092
15.03. 14:00;16,817
15.03. 14:15;16,787
15.03. 14:30;16,984
15.03. 14:45;17,367
15.03. 15:00;17,908
15.03. 15:15;18,508
15.03. 15:30;19,069
15.03. 15:45;19,482
15.03. 16:00;19,678
15.03. 16:15;19,737
15.03. 16:30;19,757
15.03. 16:45;19,846
15.03. 17:00;20,062
15.03. 17:15;20,239
15.03. 17:30;20,21
15.03. 17:45;19,757
15.03. 18:00;18,754
15.03. 18:15;17,367
15.03. 18:30;15,784
15.03. 18:45;14,24
15.03. 19:00;12,912
15.03. 19:15;11,811
15.03. 19:30;10,946
15.03. 19:45;10,287
15.03. 20:00;9,8343
15.03. 20:15;9,5098
15.03. 20:30;9,2541
15.03. 20:45;9,0082
15.03. 21:00;8,7034
15.03. 21:15;8,3788
15.03. 21:30;8,074
15.03. 21:45;7,8085
15.03. 22:00;7,6314
15.03. 22:15;7,5134
15.03. 22:30;7,4347
15.03. 22:45;7,3462
15.03. 23:00;7,2479
15.03. 23:15;7,1102
15.03. 23:30;6,9332
15.03. 23:45;6,707
16.03. 00:00;6,884
16.03. 00:15;7,1791
16.03. 00:30;7,4643
16.03. 00:45;7,6314
16.03. 01:00;7,5823
16.03. 01:15;7,3757
16.03. 01:30;7,0905
16.03. 01:45;6,7955
16.03. 02:00;6,5693
16.03. 02:15;6,4021
16.03. 02:30;6,3038
16.03. 02:45;6,2448
16.03. 03:00;6,235
16.03. 03:15;6,2546
16.03. 03:30;6,294
16.03. 03:45;6,3431
16.03. 04:00;6,3923
16.03. 04:15;6,4513
16.03. 04:30;6,5202
16.03. 04:45;6,6185
16.03. 05:00;6,7365
16.03. 05:15;6,8742
16.03. 05:30;7,0217
16.03. 05:45;7,1692
16.03. 06:00;7,3167
16.03. 06:15;7,5528
16.03. 06:30;7,9658
16.03. 06:45;8,6345
16.03. 07:00;9,6376
16.03. 07:15;10,887
16.03. 07:30;12,273
16.03. 07:45;13,689
16.03. 08:00;15,047
16.03. 08:15;16,266
16.03. 08:30;17,299
16.03. 08:45;18,105
16.03. 09:00;18,636
16.03. 09:15;18,961
16.03. 09:30;19,187
16.03. 09:45;19,383
16.03. 10:00;19,649
16.03. 10:15;19,934
16.03. 10:30;20,2
16.03. 10:45;20,396
16.03. 11:00;20,495
16.03. 11:15;20,485
16.03. 11:30;20,396
16.03. 11:45;20,219
16.03. 12:00;19,964
16.03. 12:15;19,639
16.03. 12:30;19,236
16.03. 12:45;18,744
16.03. 13:00;18,154
16.03. 13:15;17,456
16.03. 13:30;16,61
16.03. 13:45;15,617
16.03. 14:00;14,476
16.03. 14:15;13,257
16.03. 14:30;12,067
16.03. 14:45;11,024
16.03. 15:00;10,208
16.03. 15:15;9,5786
16.03. 15:30;9,1066
16.03. 15:45;8,7329
16.03. 16:00;8,4182
16.03. 16:15;8,192
16.03. 16:30;8,1035
16.03. 16:45;8,1822
16.03. 17:00;8,4378
16.03. 17:15;8,8017
16.03. 17:30;9,1853
16.03. 17:45;9,4606
16.03. 18:00;9,5786
16.03. 18:15;9,5786
16.03. 18:30;9,5196
16.03. 18:45;9,4606
16.03. 19:00;9,4705
16.03. 19:15;9,5196
16.03. 19:30;9,559
16.03. 19:45;9,559
16.03. 20:00;9,4705
16.03. 20:15;9,3229
16.03. 20:30;9,1263
16.03. 20:45;8,9099
16.03. 21:00;8,7034
16.03. 21:15;8,4969
16.03. 21:30;8,2903
16.03. 21:45;8,0838
16.03. 22:00;7,8773
16.03. 22:15;7,6708
16.03. 22:30;7,4643
16.03. 22:45;7,2577
16.03. 23:00;7,0512
16.03. 23:15;6,8545
16.03. 23:30;6,648
16.03. 23:45;6,4316
17.03. 00:00;6,2153
17.03. 00:15;5,9989
17.03. 00:30;5,7924
17.03. 00:45;5,6056
17.03. 01:00;5,4384
17.03. 01:15;5,281
17.03. 01:30;5,1237
17.03. 01:45;4,9663
17.03. 02:00;4,7893
17.03. 02:15;4,6123
17.03. 02:30;4,4451
17.03. 02:45;4,3173
17.03. 03:00;4,2288
17.03. 03:15;4,1796
17.03. 03:30;4,1501
17.03. 03:45;4,1304
17.03. 04:00;4,1206
17.03. 04:15;4,1107
17.03. 04:30;4,1107
17.03. 04:45;4,1304
17.03. 05:00;4,1894
17.03. 05:15;4,2681
17.03. 05:30;4,3664
17.03. 05:45;4,5041
17.03. 06:00;4,6615
17.03. 06:15;4,8188
17.03. 06:30;4,9565
17.03. 06:45;5,0548
17.03. 07:00;5,0942
17.03. 07:15;5,0843
17.03. 07:30;5,0352
17.03. 07:45;4,9663
17.03. 08:00;4,8778
17.03. 08:15;4,8188
17.03. 08:30;4,7992
17.03. 08:45;4,868
17.03. 09:00;5,045
17.03. 09:15;5,2909
17.03. 09:30;5,5859
17.03. 09:45;5,8809
17.03. 10:00;6,1563
17.03. 10:15;6,4021
17.03. 10:30;6,6087
17.03. 10:45;6,7955
17.03. 11:00;6,9627
17.03. 11:15;7,1004
17.03. 11:30;7,2282
17.03. 11:45;7,3462
17.03. 12:00;7,4741
17.03. 12:15;7,6019
17.03. 12:30;7,7101
17.03. 12:45;7,8085
17.03. 13:00;7,8773
17.03. 13:15;7,9166
17.03. 13:30;7,897
17.03. 13:45;7,8085
17.03. 14:00;7,6511
17.03. 14:15;7,4446
17.03. 14:30;7,2184
17.03. 14:45;6,9824
17.03. 15:00;6,7758
17.03. 15:15;6,589
17.03. 15:30;6,412
17.03. 15:45;6,2448
17.03. 16:00;6,0973
17.03. 16:15;6,0186
17.03. 16:30;6,0776
17.03. 16:45;6,3431
17.03. 17:00;6,8349
17.03. 17:15;7,4741
17.03. 17:30;8,1232
17.03. 17:45;8,6345
17.03. 18:00;8,9296
17.03. 18:15;9,0574
17.03. 18:30;9,0771
17.03. 18:45;9,0967
17.03. 19:00;9,1558
17.03. 19:15;9,2443
17.03. 19:30;9,3033
17.03. 19:45;9,2836
17.03. 20:00;9,1459
17.03. 20:15;8,9296
17.03. 20:30;8,6542
17.03. 20:45;8,3592
17.03. 21:00;8,074
17.03. 21:15;7,8085
17.03. 21:30;7,5626
17.03. 21:45;7,3462
17.03. 22:00;7,1594
17.03. 22:15;6,9922
17.03. 22:30;6,8152
17.03. 22:45;6,6185
17.03. 23:00;6,3923
17.03. 23:15;6,1563
17.03. 23:30;5,9399
17.03. 23:45;5,7924
18.03. 00:00;6,4415
18.03. 00:15;6,1563
18.03. 00:30;5,8613
18.03. 00:45;5,6056
18.03. 01:00;5,3892
18.03. 01:15;5,222
18.03. 01:30;5,0843
18.03. 01:45;4,9663
18.03. 02:00;4,8582
18.03. 02:15;4,7696
18.03. 02:30;4,7106
18.03. 02:45;4,691
18.03. 03:00;4,7106
18.03. 03:15;4,7893
18.03. 03:30;4,9368
18.03. 03:45;5,1434
18.03. 04:00;5,4187
18.03. 04:15;5,7236
18.03. 04:30;6,0186
18.03. 04:45;6,2448
18.03. 05:00;6,3923
18.03. 05:15;6,4907
18.03. 05:30;6,5988
18.03. 05:45;6,7955
18.03. 06:00;7,1299
18.03. 06:15;7,5823
18.03. 06:30;8,1527
18.03. 06:45;8,8214
18.03. 07:00;9,5983
18.03. 07:15;10,552
18.03. 07:30;11,791
18.03. 07:45;13,414
18.03. 08:00;15,45
18.03. 08:15;17,653
18.03. 08:30;19,718
18.03. 08:45;21,321
18.03. 09:00;22,245
18.03. 09:15;22,619
18.03. 09:30;22,658
18.03. 09:45;22,609
18.03. 10:00;22,619
18.03. 10:15;22,737
18.03. 10:30;22,914
18.03. 10:45;23,16
18.03. 11:00;23,416
18.03. 11:15;23,602
18.03. 11:30;23,642
18.03. 11:45;23,435
18.03. 12:00;22,914
18.03. 12:15;22,137
18.03. 12:30;21,213
18.03. 12:45;20,219
18.03. 13:00;19,246
18.03. 13:15;18,361
18.03. 13:30;17,623
18.03. 13:45;17,092
18.03. 14:00;16,817
18.03. 14:15;16,787
18.03. 14:30;16,984
18.03. 14:45;17,367
18.03. 15:00;17,908
18.03. 15:15;18,508
18.03. 15:30;19,069
18.03. 15:45;19,482
18.03. 16:00;19,678
18.03. 16:15;19,737
18.03. 16:30;19,757
18.03. 16:45;19,846
18.03. 17:00;20,062
18.03. 17:15;20,239
18.03. 17:30;20,21
18.03. 17:45;19,757
18.03. 18:00;18,754
18.03. 18:15;17,367
18.03. 18:30;15,784
18.03. 18:45;14,24
18.03. 19:00;12,912
18.03. 19:15;11,811
18.03. 19:30;10,946
18.03. 19:45;10,287
18.03. 20:00;9,8343
18.03. 20:15;9,5098
18.03. 20:30;9,2541
18.03. 20:45;9,0082
18.03. 21:00;8,7034
18.03. 21:15;8,3788
18.03. 21:30;8,074
18.03. 21:45;7,8085
18.03. 22:00;7,6314
18.03. 22:15;7,5134
18.03. 22:30;7,4347
18.03. 22:45;7,3462
18.03. 23:00;7,2479
18.03. 23:15;7,1102
18.03. 23:30;6,9332
18.03. 23:45;6,707
19.03. 00:00;6,4415
19.03. 00:15;6,1563
19.03. 00:30;5,8613
19.03. 00:45;5,6056
19.03. 01:00;5,3892
19.03. 01:15;5,222
19.03. 01:30;5,0843
19.03. 01:45;4,9663
19.03. 02:00;4,8582
19.03. 02:15;4,7696
19.03. 02:30;4,7106
19.03. 02:45;4,691
19.03. 03:00;4,7106
19.03. 03:15;4,7893
19.03. 03:30;4,9368
19.03. 03:45;5,1434
19.03. 04:00;5,4187
19.03. 04:15;5,7236
19.03. 04:30;6,0186
19.03. 04:45;6,2448
19.03. 05:00;6,3923
19.03. 05:15;6,4907
19.03. 05:30;6,5988
19.03. 05:45;6,7955
19.03. 06:00;7,1299
19.03. 06:15;7,5823
19.03. 06:30;8,1527
19.03. 06:45;8,8214
19.03. 07:00;9,5983
19.03. 07:15;10,552
19.03. 07:30;11,791
19.03. 07:45;13,414
19.03. 08:00;15,45
19.03. 08:15;17,653
19.03. 08:30;19,718
19.03. 08:45;21,321
19.03. 09:00;22,245
19.03. 09:15;22,619
19.03. 09:30;22,658
19.03. 09:45;22,609
19.03. 10:00;22,619
19.03. 10:15;22,737
19.03. 10:30;22,914
19.03. 10:45;23,16
19.03. 11:00;23,416
19.03. 11:15;23,602
19.03. 11:30;23,642
19.03. 11:45;23,435
19.03. 12:00;22,914
19.03. 12:15;22,137
19.03. 12:30;21,213
19.03. 12:45;20,219
19.03. 13:00;19,246
19.03. 13:15;18,361
19.03. 13:30;17,623
19.03. 13:45;17,092
19.03. 14:00;16,817
19.03. 14:15;16,787
19.03. 14:30;16,984
19.03. 14:45;17,367
19.03. 15:00;17,908
19.03. 15:15;18,508
19.03. 15:30;19,069
19.03. 15:45;19,482
19.03. 16:00;19,678
19.03. 16:15;19,737
19.03. 16:30;19,757
19.03. 16:45;19,846
19.03. 17:00;20,062
19.03. 17:15;20,239
19.03. 17:30;20,21
19.03. 17:45;19,757
19.03. 18:00;18,754
19.03. 18:15;17,367
19.03. 18:30;15,784
19.03. 18:45;14,24
19.03. 19:00;12,912
19.03. 19:15;11,811
19.03. 19:30;10,946
19.03. 19:45;10,287
19.03. 20:00;9,8343
19.03. 20:15;9,5098
19.03. 20:30;9,2541
19.03. 20:45;9,0082
19.03. 21:00;8,7034
19.03. 21:15;8,3788
19.03. 21:30;8,074
19.03. 21:45;7,8085
19.03. 22:00;7,6314
19.03. 22:15;7,5134
19.03. 22:30;7,4347
19.03. 22:45;7,3462
19.03. 23:00;7,2479
19.03. 23:15;7,1102
19.03. 23:30;6,9332
19.03. 23:45;6,707
20.03. 00:00;6,4415
20.03. 00:15;6,1563
20.03. 00:30;5,8613
20.03. 00:45;5,6056
20.03. 01:00;5,3892
20.03. 01:15;5,222
20.03. 01:30;5,0843
20.03. 01:45;4,9663
20.03. 02:00;4,8582
20.03. 02:15;4,7696
20.03. 02:30;4,7106
20.03. 02:45;4,691
20.03. 03:00;4,7106
20.03. 03:15;4,7893
20.03. 03:30;4,9368
20.03. 03:45;5,1434
20.03. 04:00;5,4187
20.03. 04:15;5,7236
20.03. 04:30;6,0186
20.03. 04:45;6,2448
20.03. 05:00;6,3923
20.03. 05:15;6,4907
20.03. 05:30;6,5988
20.03. 05:45;6,7955
20.03. 06:00;7,1299
20.03. 06:15;7,5823
20.03. 06:30;8,1527
20.03. 06:45;8,8214
20.03. 07:00;9,5983
20.03. 07:15;10,552
20.03. 07:30;11,791
20.03. 07:45;13,414
20.03. 08:00;15,45
20.03. 08:15;17,653
20.03. 08:30;19,718
20.03. 08:45;21,321
20.03. 09:00;22,245
20.03. 09:15;22,619
20.03. 09:30;22,658
20.03. 09:45;22,609
20.03. 10:00;22,619
20.03. 10:15;22,737
20.03. 10:30;22,914
20.03. 10:45;23,16
20.03. 11:00;23,416
20.03. 11:15;23,602
20.03. 11:30;23,642
20.03. 11:45;23,435
20.03. 12:00;22,914
20.03. 12:15;22,137
20.03. 12:30;21,213
20.03. 12:45;20,219
20.03. 13:00;19,246
20.03. 13:15;18,361
20.03. 13:30;17,623
20.03. 13:45;17,092
20.03. 14:00;16,817
20.03. 14:15;16,787
20.03. 14:30;16,984
20.03. 14:45;17,367
20.03. 15:00;17,908
20.03. 15:15;18,508
20.03. 15:30;19,069
20.03. 15:45;19,482
20.03. 16:00;19,678
20.03. 16:15;19,737
20.03. 16:30;19,757
20.03. 16:45;19,846
20.03. 17:00;20,062
20.03. 17:15;20,239
20.03. 17:30;20,21
20.03. 17:45;19,757
20.03. 18:00;18,754
20.03. 18:15;17,367
20.03. 18:30;15,784
20.03. 18:45;14,24
20.03. 19:00;12,912
20.03. 19:15;11,811
20.03. 19:30;10,946
20.03. 19:45;10,287
20.03. 20:00;9,8343
20.03. 20:15;9,5098
20.03. 20:30;9,2541
20.03. 20:45;9,0082
20.03. 21:00;8,7034
20.03. 21:15;8,3788
20.03. 21:30;8,074
20.03. 21:45;7,8085
20.03. 22:00;7,6314
20.03. 22:15;7,5134
20.03. 22:30;7,4347
20.03. 22:45;7,3462
20.03. 23:00;7,2479
20.03. 23:15;7,1102
20.03. 23:30;6,9332
20.03. 23:45;6,707
21.03. 00:00;7,1791
21.03. 00:15;6,8939
21.03. 00:30;6,5988
21.03. 00:45;6,3431
21.03. 01:00;6,1268
21.03. 01:15;5,9596
21.03. 01:30;5,8219
21.03. 01:45;5,6941
21.03. 02:00;5,5761
21.03. 02:15;5,4679
21.03. 02:30;5,3794
21.03. 02:45;5,3302
21.03. 03:00;5,3204
21.03. 03:15;5,3695
21.03. 03:30;5,4876
21.03. 03:45;5,6941
21.03. 04:00;5,9891
21.03. 04:15;6,3333
21.03. 04:30;6,6873
21.03. 04:45;6,9824
21.03. 05:00;7,1987
21.03. 05:15;7,3462
21.03. 05:30;7,4446
21.03. 05:45;7,5331
21.03. 06:00;7,6413
21.03. 06:15;7,7986
21.03. 06:30;8,0543
21.03. 06:45;8,4575
21.03. 07:00;9,0377
21.03. 07:15;9,8737
21.03. 07:30;11,005
21.03. 07:45;12,499
21.03. 08:00;14,348
21.03. 08:15;16,345
21.03. 08:30;18,213
21.03. 08:45;19,669
21.03. 09:00;20,505
21.03. 09:15;20,859
21.03. 09:30;20,908
21.03. 09:45;20,859
21.03. 10:00;20,868
21.03. 10:15;20,957
21.03. 10:30;21,104
21.03. 10:45;21,321
21.03. 11:00;21,557
21.03. 11:15;21,754
21.03. 11:30;21,832
21.03. 11:45;21,685
21.03. 12:00;21,272
21.03. 12:15;20,632
21.03. 12:30;19,855
21.03. 12:45;19,02
21.03. 13:00;18,193
21.03. 13:15;17,446
21.03. 13:30;16,807
21.03. 13:45;16,354
21.03. 14:00;16,118
21.03. 14:15;16,089
21.03. 14:30;16,236
21.03. 14:45;16,541
21.03. 15:00;16,964
21.03. 15:15;17,436
21.03. 15:30;17,839
21.03. 15:45;18,105
21.03. 16:00;18,144
21.03. 16:15;18,056
21.03. 16:30;17,908
21.03. 16:45;17,83
21.03. 17:00;17,849
21.03. 17:15;17,869
21.03. 17:30;17,702
21.03. 17:45;17,181
21.03. 18:00;16,207
21.03. 18:15;14,899
21.03. 18:30;13,473
21.03. 18:45;12,126
21.03. 19:00;11,024
21.03. 19:15;10,169
21.03. 19:30;9,5688
21.03. 19:45;9,1853
21.03. 20:00;9,0082
21.03. 20:15;8,9591
21.03. 20:30;8,9591
21.03. 20:45;8,9099
21.03. 21:00;8,7722
21.03. 21:15;8,5755
21.03. 21:30;8,3592
21.03. 21:45;8,1822
21.03. 22:00;8,074
21.03. 22:15;8,0346
21.03. 22:30;8,0248
21.03. 22:45;7,9953
21.03. 23:00;7,9265
21.03. 23:15;7,8183
21.03. 23:30;7,6609
21.03. 23:45;7,4446
22.03. 00:00;7,1791
22.03. 00:15;6,8939
22.03. 00:30;6,5988
22.03. 00:45;6,3431
22.03. 01:00;6,1268
22.03. 01:15;5,9596
22.03. 01:30;5,8219
22.03. 01:45;5,6941
22.03. 02:00;5,5761
22.03. 02:15;5,4679
22.03. 02:30;5,3794
22.03. 02:45;5,3302
22.03. 03:00;5,3204
22.03. 03:15;5,3695
22.03. 03:30;5,4876
22.03. 03:45;5,6941
22.03. 04:00;5,9891
22.03. 04:15;6,3333
22.03. 04:30;6,6873
22.03. 04:45;6,9824
22.03. 05:00;7,1987
22.03. 05:15;7,3462
22.03. 05:30;7,4446
22.03. 05:45;7,5331
22.03. 06:00;7,6413
22.03. 06:15;7,7986
22.03. 06:30;8,0543
22.03. 06:45;8,4575
22.03. 07:00;9,0377
22.03. 07:15;9,8737
22.03. 07:30;11,005
22.03. 07:45;12,499
22.03. 08:00;14,348
22.03. 08:15;16,345
22.03. 08:30;18,213
22.03. 08:45;19,669
22.03. 09:00;20,505
22.03. 09:15;20,859
22.03. 09:30;20,908
22.03. 09:45;20,859
22.03. 10:00;20,868
22.03. 10:15;20,957
22.03. 10:30;21,104
22.03. 10:45;21,321
22.03. 11:00;21,557
22.03. 11:15;21,754
22.03. 11:30;21,832
22.03. 11:45;21,685
22.03. 12:00;21,272
22.03. 12:15;20,632
22.03. 12:30;19,855
22.03. 12:45;19,02
22.03. 13:00;18,193
22.03. 13:15;17,446
22.03. 13:30;16,807
22.03. 13:45;16,354
22.03. 14:00;16,118
22.03. 14:15;16,089
22.03. 14:30;16,236
22.03. 14:45;16,541
22.03. 15:00;16,964
22.03. 15:15;17,436
22.03. 15:30;17,839
22.03. 15:45;18,105
22.03. 16:00;18,144
22.03. 16:15;18,056
22.03. 16:30;17,908
22.03. 16:45;17,83
22.03. 17:00;17,849
22.03. 17:15;17,869
22.03. 17:30;17,702
22.03. 17:45;17,181
22.03. 18:00;16,207
22.03. 18:15;14,899
22.03. 18:30;13,473
22.03. 18:45;12,126
22.03. 19:00;11,024
22.03. 19:15;10,169
22.03. 19:30;9,5688
22.03. 19:45;9,1853
22.03. 20:00;9,0082
22.03. 20:15;8,9591
22.03. 20:30;8,9591
22.03. 20:45;8,9099
22.03. 21:00;8,7722
22.03. 21:15;8,5755
22.03. 21:30;8,3592
22.03. 21:45;8,1822
22.03. 22:00;8,074
22.03. 22:15;8,0346
22.03. 22:30;8,0248
22.03. 22:45;7,9953
22.03. 23:00;7,9265
22.03. 23:15;7,8183
22.03. 23:30;7,6609
22.03. 23:45;7,4446
23.03. 00:00;7,4544
23.03. 00:15;7,5429
23.03. 00:30;7,6413
23.03. 00:45;7,7199
23.03. 01:00;7,7199
23.03. 01:15;7,6511
23.03. 01:30;7,5331
23.03. 01:45;7,3462
23.03. 02:00;7,1397
23.03. 02:15;6,9234
23.03. 02:30;6,7365
23.03. 02:45;6,6185
23.03. 03:00;6,589
23.03. 03:15;6,6382
23.03. 03:30;6,7168
23.03. 03:45;6,7955
23.03. 04:00;6,8545
23.03. 04:15;6,8939
23.03. 04:30;6,9332
23.03. 04:45;6,9824
23.03. 05:00;7,061
23.03. 05:15;7,1299
23.03. 05:30;7,1791
23.03. 05:45;7,1692
23.03. 06:00;7,1004
23.03. 06:15;7,1004
23.03. 06:30;7,3167
23.03. 06:45;7,9068
23.03. 07:00;8,9492
23.03. 07:15;10,346
23.03. 07:30;11,919
23.03. 07:45;13,512
23.03. 08:00;14,958
23.03. 08:15;16,217
23.03. 08:30;17,22
23.03. 08:45;17,918
23.03. 09:00;18,302
23.03. 09:15;18,439
23.03. 09:30;18,459
23.03. 09:45;18,469
23.03. 10:00;18,557
23.03. 10:15;18,695
23.03. 10:30;18,872
23.03. 10:45;19,02
23.03. 11:00;19,128
23.03. 11:15;19,187
23.03. 11:30;19,206
23.03. 11:45;19,206
23.03. 12:00;19,167
23.03. 12:15;19,069
23.03. 12:30;18,852
23.03. 12:45;18,469
23.03. 13:00;17,889
23.03. 13:15;17,122
23.03. 13:30;16,207
23.03. 13:45;15,165
23.03. 14:00;14,024
23.03. 14:15;12,873
23.03. 14:30;11,782
23.03. 14:45;10,847
23.03. 15:00;10,1
23.03. 15:15;9,5295
23.03. 15:30;9,0574
23.03. 15:45;8,6345
23.03. 16:00;8,2215
23.03. 16:15;7,838
23.03. 16:30;7,5626
23.03. 16:45;7,4446
23.03. 17:00;7,5233
23.03. 17:15;7,7298
23.03. 17:30;7,9756
23.03. 17:45;8,1822
23.03. 18:00;8,2707
23.03. 18:15;8,2903
23.03. 18:30;8,2707
23.03. 18:45;8,2707
23.03. 19:00;8,3297
23.03. 19:15;8,4378
23.03. 19:30;8,5854
23.03. 19:45;8,7329
23.03. 20:00;8,8607
23.03. 20:15;8,9689
23.03. 20:30;9,0181
23.03. 20:45;9,0082
23.03. 21:00;8,9099
23.03. 21:15;8,7525
23.03. 21:30;8,5657
23.03. 21:45;8,3592
23.03. 22:00;8,1723
23.03. 22:15;7,9855
23.03. 22:30;7,8085
23.03. 22:45;7,6314
23.03. 23:00;7,4446
23.03. 23:15;7,2577
23.03. 23:30;7,0709
23.03. 23:45;6,8939
24.03. 00:00;6,7168
24.03. 00:15;6,5398
24.03. 00:30;6,353
24.03. 00:45;6,1563
24.03. 01:00;5,9301
24.03. 01:15;5,6941
24.03. 01:30;5,458
24.03. 01:45;5,2417
24.03. 02:00;5,0352
24.03. 02:15;4,868
24.03. 02:30;4,7205
24.03. 02:45;4,5926
24.03. 03:00;4,4943
24.03. 03:15;4,4156
24.03. 03:30;4,3566
24.03. 03:45;4,3173
24.03. 04:00;4,2878
24.03. 04:15;4,2779
24.03. 04:30;4,2878
24.03. 04:45;4,3173
24.03. 05:00;4,3763
24.03. 05:15;4,4353
24.03. 05:30;4,4845
24.03. 05:45;4,5041
24.03. 06:00;4,4845
24.03. 06:15;4,4549
24.03. 06:30;4,4451
24.03. 06:45;4,5041
24.03. 07:00;4,6418
24.03. 07:15;4,8287
24.03. 07:30;5,0155
24.03. 07:45;5,1434
24.03. 08:00;5,1925
24.03. 08:15;5,2024
24.03. 08:30;5,222
24.03. 08:45;5,3302
24.03. 09:00;5,5466
24.03. 09:15;5,8514
24.03. 09:30;6,1661
24.03. 09:45;6,4316
24.03. 10:00;6,6087
24.03. 10:15;6,7365
24.03. 10:30;6,8447
24.03. 10:45;6,9824
24.03. 11:00;7,1889
24.03. 11:15;7,4347
24.03. 11:30;7,6904
24.03. 11:45;7,9068
24.03. 12:00;8,0543
24.03. 12:15;8,1428
24.03. 12:30;8,1822
24.03. 12:45;8,1822
24.03. 13:00;8,1428
24.03. 13:15;8,074
24.03. 13:30;7,956
24.03. 13:45;7,8085
24.03. 14:00;7,6216
24.03. 14:15;7,4052
24.03. 14:30;7,1889
24.03. 14:45;6,9824
24.03. 15:00;6,8054
24.03. 15:15;6,648
24.03. 15:30;6,5005
24.03. 15:45;6,3431
24.03. 16:00;6,176
24.03. 16:15;6,0481
24.03. 16:30;6,0186
24.03. 16:45;6,1563
24.03. 17:00;6,4808
24.03. 17:15;6,9234
24.03. 17:30;7,3757
24.03. 17:45;7,7199
24.03. 18:00;7,8773
24.03. 18:15;7,9068
24.03. 18:30;7,8871
24.03. 18:45;7,9068
24.03. 19:00;8,0051
24.03. 19:15;8,1723
24.03. 19:30;8,369
24.03. 19:45;8,546
24.03. 20:00;8,664
24.03. 20:15;8,723
24.03. 20:30;8,7132
24.03. 20:45;8,6345
24.03. 21:00;8,4969
24.03. 21:15;8,3002
24.03. 21:30;8,0641
24.03. 21:45;7,8085
24.03. 22:00;7,5429
24.03. 22:15;7,2872
24.03. 22:30;7,0315
24.03. 22:45;6,7955
24.03. 23:00;6,589
24.03. 23:15;6,4218
24.03. 23:30;6,3038
24.03. 23:45;6,2448
25.03. 00:00;7,1791
25.03. 00:15;6,8939
25.03. 00:30;6,5988
25.03. 00:45;6,3431
25.03. 01:00;6,1268
25.03. 01:15;5,9596
25.03. 01:30;5,8219
25.03. 01:45;5,6941
25.03. 02:00;5,5761
25.03. 02:15;5,4679
25.03. 02:30;5,3794
25.03. 02:45;5,3302
25.03. 03:00;5,3204
25.03. 03:15;5,3695
25.03. 03:30;5,4876
25.03. 03:45;5,6941
25.03. 04:00;5,9891
25.03. 04:15;6,3333
25.03. 04:30;6,6873
25.03. 04:45;6,9824
25.03. 05:00;7,1987
25.03. 05:15;7,3462
25.03. 05:30;7,4446
25.03. 05:45;7,5331
25.03. 06:00;7,6413
25.03. 06:15;7,7986
25.03. 06:30;8,0543
25.03. 06:45;8,4575
25.03. 07:00;9,0377
25.03. 07:15;9,8737
25.03. 07:30;11,005
25.03. 07:45;12,499
25.03. 08:00;14,348
25.03. 08:15;16,345
25.03. 08:30;18,213
25.03. 08:45;19,669
25.03. 09:00;20,505
25.03. 09:15;20,859
25.03. 09:30;20,908
25.03. 09:45;20,859
25.03. 10:00;20,868
25.03. 10:15;20,957
25.03. 10:30;21,104
25.03. 10:45;21,321
25.03. 11:00;21,557
25.03. 11:15;21,754
25.03. 11:30;21,832
25.03. 11:45;21,685
25.03. 12:00;21,272
25.03. 12:15;20,632
25.03. 12:30;19,855
25.03. 12:45;19,02
25.03. 13:00;18,193
25.03. 13:15;17,446
25.03. 13:30;16,807
25.03. 13:45;16,354
25.03. 14:00;16,118
25.03. 14:15;16,089
25.03. 14:30;16,236
25.03. 14:45;16,541
25.03. 15:00;16,964
25.03. 15:15;17,436
25.03. 15:30;17,839
25.03. 15:45;18,105
25.03. 16:00;18,144
25.03. 16:15;18,056
25.03. 16:30;17,908
25.03. 16:45;17,83
25.03. 17:00;17,849
25.03. 17:15;17,869
25.03. 17:30;17,702
25.03. 17:45;17,181
25.03. 18:00;16,207
25.03. 18:15;14,899
25.03. 18:30;13,473
25.03. 18:45;12,126
25.03. 19:00;11,024
25.03. 19:15;10,169
25.03. 19:30;9,5688
25.03. 19:45;9,1853
25.03. 20:00;9,0082
25.03. 20:15;8,9591
25.03. 20:30;8,9591
25.03. 20:45;8,9099
25.03. 21:00;8,7722
25.03. 21:15;8,5755
25.03. 21:30;8,3592
25.03. 21:45;8,1822
25.03. 22:00;8,074
25.03. 22:15;8,0346
25.03. 22:30;8,0248
25.03. 22:45;7,9953
25.03. 23:00;7,9265
25.03. 23:15;7,8183
25.03. 23:30;7,6609
25.03. 23:45;7,4446
26.03. 00:00;7,1791
26.03. 00:15;6,8939
26.03. 00:30;6,5988
26.03. 00:45;6,3431
26.03. 01:00;6,1268
26.03. 01:15;5,9596
26.03. 01:30;5,8219
26.03. 01:45;5,6941
26.03. 02:00;5,5761
26.03. 02:15;5,4679
26.03. 02:30;5,3794
26.03. 02:45;5,3302
26.03. 03:00;5,3204
26.03. 03:15;5,3695
26.03. 03:30;5,4876
26.03. 03:45;5,6941
26.03. 04:00;5,9891
26.03. 04:15;6,3333
26.03. 04:30;6,6873
26.03. 04:45;6,9824
26.03. 05:00;7,1987
26.03. 05:15;7,3462
26.03. 05:30;7,4446
26.03. 05:45;7,5331
26.03. 06:00;7,6413
26.03. 06:15;7,7986
26.03. 06:30;8,0543
26.03. 06:45;8,4575
26.03. 07:00;9,0377
26.03. 07:15;9,8737
26.03. 07:30;11,005
26.03. 07:45;12,499
26.03. 08:00;14,348
26.03. 08:15;16,345
26.03. 08:30;18,213
26.03. 08:45;19,669
26.03. 09:00;20,505
26.03. 09:15;20,859
26.03. 09:30;20,908
26.03. 09:45;20,859
26.03. 10:00;20,868
26.03. 10:15;20,957
26.03. 10:30;21,104
26.03. 10:45;21,321
26.03. 11:00;21,557
26.03. 11:15;21,754
26.03. 11:30;21,832
26.03. 11:45;21,685
26.03. 12:00;21,272
26.03. 12:15;20,632
26.03. 12:30;19,855
26.03. 12:45;19,02
26.03. 13:00;18,193
26.03. 13:15;17,446
26.03. 13:30;16,807
26.03. 13:45;16,354
26.03. 14:00;16,118
26.03. 14:15;16,089
26.03. 14:30;16,236
26.03. 14:45;16,541
26.03. 15:00;16,964
26.03. 15:15;17,436
26.03. 15:30;17,839
26.03. 15:45;18,105
26.03. 16:00;18,144
26.03. 16:15;18,056
26.03. 16:30;17,908
26.03. 16:45;17,83
26.03. 17:00;17,849
26.03. 17:15;17,869
26.03. 17:30;17,702
26.03. 17:45;17,181
26.03. 18:00;16,207
26.03. 18:15;14,899
26.03. 18:30;13,473
26.03. 18:45;12,126
26.03. 19:00;11,024
26.03. 19:15;10,169
26.03. 19:30;9,5688
26.03. 19:45;9,1853
26.03. 20:00;9,0082
26.03. 20:15;8,9591
26.03. 20:30;8,9591
26.03. 20:45;8,9099
26.03. 21:00;8,7722
26.03. 21:15;8,5755
26.03. 21:30;8,3592
26.03. 21:45;8,1822
26.03. 22:00;8,074
26.03. 22:15;8,0346
26.03. 22:30;8,0248
26.03. 22:45;7,9953
26.03. 23:00;7,9265
26.03. 23:15;7,8183
26.03. 23:30;7,6609
26.03. 23:45;7,4446
27.03. 00:00;7,1791
27.03. 00:15;6,8939
27.03. 00:30;6,5988
27.03. 00:45;6,3431
27.03. 01:00;6,1268
27.03. 01:15;5,9596
27.03. 01:30;5,8219
27.03. 01:45;5,6941
27.03. 02:00;5,5761
27.03. 02:15;5,4679
27.03. 02:30;5,3794
27.03. 02:45;5,3302
27.03. 03:00;5,3204
27.03. 03:15;5,3695
27.03. 03:30;5,4876
27.03. 03:45;5,6941
27.03. 04:00;5,9891
27.03. 04:15;6,3333
27.03. 04:30;6,6873
27.03. 04:45;6,9824
27.03. 05:00;7,1987
27.03. 05:15;7,3462
27.03. 05:30;7,4446
27.03. 05:45;7,5331
27.03. 06:00;7,6413
27.03. 06:15;7,7986
27.03. 06:30;8,0543
27.03. 06:45;8,4575
27.03. 07:00;9,0377
27.03. 07:15;9,8737
27.03. 07:30;11,005
27.03. 07:45;12,499
27.03. 08:00;14,348
27.03. 08:15;16,345
27.03. 08:30;18,213
27.03. 08:45;19,669
27.03. 09:00;20,505
27.03. 09:15;20,859
27.03. 09:30;20,908
27.03. 09:45;20,859
27.03. 10:00;20,868
27.03. 10:15;20,957
27.03. 10:30;21,104
27.03. 10:45;21,321
27.03. 11:00;21,557
27.03. 11:15;21,754
27.03. 11:30;21,832
27.03. 11:45;21,685
27.03. 12:00;21,272
27.03. 12:15;20,632
27.03. 12:30;19,855
27.03. 12:45;19,02
27.03. 13:00;18,193
27.03. 13:15;17,446
27.03. 13:30;16,807
27.03. 13:45;16,354
27.03. 14:00;16,118
27.03. 14:15;16,089
27.03. 14:30;16,236
27.03. 14:45;16,541
27.03. 15:00;16,964
27.03. 15:15;17,436
27.03. 15:30;17,839
27.03. 15:45;18,105
27.03. 16:00;18,144
27.03. 16:15;18,056
27.03. 16:30;17,908
27.03. 16:45;17,83
27.03. 17:00;17,849
27.03. 17:15;17,869
27.03. 17:30;17,702
27.03. 17:45;17,181
27.03. 18:00;16,207
27.03. 18:15;14,899
27.03. 18:30;13,473
27.03. 18:45;12,126
27.03. 19:00;11,024
27.03. 19:15;10,169
27.03. 19:30;9,5688
27.03. 19:45;9,1853
27.03. 20:00;9,0082
27.03. 20:15;8,9591
27.03. 20:30;8,9591
27.03. 20:45;8,9099
27.03. 21:00;8,7722
27.03. 21:15;8,5755
27.03. 21:30;8,3592
27.03. 21:45;8,1822
27.03. 22:00;8,074
27.03. 22:15;8,0346
27.03. 22:30;8,0248
27.03. 22:45;7,9953
27.03. 23:00;7,9265
27.03. 23:15;7,8183
27.03. 23:30;7,6609
27.03. 23:45;7,4446
28.03. 00:00;7,1791
28.03. 00:15;6,8939
28.03. 00:30;6,5988
28.03. 00:45;6,3431
28.03. 01:00;6,1268
28.03. 01:15;5,9596
28.03. 01:30;5,8219
28.03. 01:45;5,6941
28.03. 02:00;5,5761
28.03. 02:15;5,4679
28.03. 02:30;5,3794
28.03. 02:45;5,3302
28.03. 03:00;5,3204
28.03. 03:15;5,3695
28.03. 03:30;5,4876
28.03. 03:45;5,6941
28.03. 04:00;5,9891
28.03. 04:15;6,3333
28.03. 04:30;6,6873
28.03. 04:45;6,9824
28.03. 05:00;7,1987
28.03. 05:15;7,3462
28.03. 05:30;7,4446
28.03. 05:45;7,5331
28.03. 06:00;7,6413
28.03. 06:15;7,7986
28.03. 06:30;8,0543
28.03. 06:45;8,4575
28.03. 07:00;9,0377
28.03. 07:15;9,8737
28.03. 07:30;11,005
28.03. 07:45;12,499
28.03. 08:00;14,348
28.03. 08:15;16,345
28.03. 08:30;18,213
28.03. 08:45;19,669
28.03. 09:00;20,505
28.03. 09:15;20,859
28.03. 09:30;20,908
28.03. 09:45;20,859
28.03. 10:00;20,868
28.03. 10:15;20,957
28.03. 10:30;21,104
28.03. 10:45;21,321
28.03. 11:00;21,557
28.03. 11:15;21,754
28.03. 11:30;21,832
28.03. 11:45;21,685
28.03. 12:00;21,272
28.03. 12:15;20,632
28.03. 12:30;19,855
28.03. 12:45;19,02
28.03. 13:00;18,193
28.03. 13:15;17,446
28.03. 13:30;16,807
28.03. 13:45;16,354
28.03. 14:00;16,118
28.03. 14:15;16,089
28.03. 14:30;16,236
28.03. 14:45;16,541
28.03. 15:00;16,964
28.03. 15:15;17,436
28.03. 15:30;17,839
28.03. 15:45;18,105
28.03. 16:00;18,144
28.03. 16:15;18,056
28.03. 16:30;17,908
28.03. 16:45;17,83
28.03. 17:00;17,849
28.03. 17:15;17,869
28.03. 17:30;17,702
28.03. 17:45;17,181
28.03. 18:00;16,207
28.03. 18:15;14,899
28.03. 18:30;13,473
28.03. 18:45;12,126
28.03. 19:00;11,024
28.03. 19:15;10,169
28.03. 19:30;9,5688
28.03. 19:45;9,1853
28.03. 20:00;9,0082
28.03. 20:15;8,9591
28.03. 20:30;8,9591
28.03. 20:45;8,9099
28.03. 21:00;8,7722
28.03. 21:15;8,5755
28.03. 21:30;8,3592
28.03. 21:45;8,1822
28.03. 22:00;8,074
28.03. 22:15;8,0346
28.03. 22:30;8,0248
28.03. 22:45;7,9953
28.03. 23:00;7,9265
28.03. 23:15;7,8183
28.03. 23:30;7,6609
28.03. 23:45;7,4446
29.03. 00:00;7,1791
29.03. 00:15;6,8939
29.03. 00:30;6,5988
29.03. 00:45;6,3431
29.03. 01:00;6,1268
29.03. 01:15;5,9596
29.03. 01:30;5,8219
29.03. 01:45;5,6941
29.03. 02:00;5,5761
29.03. 02:15;5,4679
29.03. 02:30;5,3794
29.03. 02:45;5,3302
29.03. 03:00;5,3204
29.03. 03:15;5,3695
29.03. 03:30;5,4876
29.03. 03:45;5,6941
29.03. 04:00;5,9891
29.03. 04:15;6,3333
29.03. 04:30;6,6873
29.03. 04:45;6,9824
29.03. 05:00;7,1987
29.03. 05:15;7,3462
29.03. 05:30;7,4446
29.03. 05:45;7,5331
29.03. 06:00;7,6413
29.03. 06:15;7,7986
29.03. 06:30;8,0543
29.03. 06:45;8,4575
29.03. 07:00;9,0377
29.03. 07:15;9,8737
29.03. 07:30;11,005
29.03. 07:45;12,499
29.03. 08:00;14,348
29.03. 08:15;16,345
29.03. 08:30;18,213
29.03. 08:45;19,669
29.03. 09:00;20,505
29.03. 09:15;20,859
29.03. 09:30;20,908
29.03. 09:45;20,859
29.03. 10:00;20,868
29.03. 10:15;20,957
29.03. 10:30;21,104
29.03. 10:45;21,321
29.03. 11:00;21,557
29.03. 11:15;21,754
29.03. 11:30;21,832
29.03. 11:45;21,685
29.03. 12:00;21,272
29.03. 12:15;20,632
29.03. 12:30;19,855
29.03. 12:45;19,02
29.03. 13:00;18,193
29.03. 13:15;17,446
29.03. 13:30;16,807
29.03. 13:45;16,354
29.03. 14:00;16,118
29.03. 14:15;16,089
29.03. 14:30;16,236
29.03. 14:45;16,541
29.03. 15:00;16,964
29.03. 15:15;17,436
29.03. 15:30;17,839
29.03. 15:45;18,105
29.03. 16:00;18,144
29.03. 16:15;18,056
29.03. 16:30;17,908
29.03. 16:45;17,83
29.03. 17:00;17,849
29.03. 17:15;17,869
29.03. 17:30;17,702
29.03. 17:45;17,181
29.03. 18:00;16,207
29.03. 18:15;14,899
29.03. 18:30;13,473
29.03. 18:45;12,126
29.03. 19:00;11,024
29.03. 19:15;10,169
29.03. 19:30;9,5688
29.03. 19:45;9,1853
29.03. 20:00;9,0082
29.03. 20:15;8,9591
29.03. 20:30;8,9591
29.03. 20:45;8,9099
29.03. 21:00;8,7722
29.03. 21:15;8,5755
29.03. 21:30;8,3592
29.03. 21:45;8,1822
29.03. 22:00;8,074
29.03. 22:15;8,0346
29.03. 22:30;8,0248
29.03. 22:45;7,9953
29.03. 23:00;7,9265
29.03. 23:15;7,8183
29.03. 23:30;7,6609
29.03. 23:45;7,4446
30.03. 00:00;7,4544
30.03. 00:15;7,5429
30.03. 00:30;7,6413
30.03. 00:45;7,7199
30.03. 01:00;7,7199
30.03. 01:15;7,6511
30.03. 01:30;7,5331
30.03. 01:45;7,3462
30.03. 02:00;7,1397
30.03. 02:15;6,9234
30.03. 02:30;6,7365
30.03. 02:45;6,6185
30.03. 03:00;6,589
30.03. 03:15;6,6382
30.03. 03:30;6,7168
30.03. 03:45;6,7955
30.03. 04:00;6,8545
30.03. 04:15;6,8939
30.03. 04:30;6,9332
30.03. 04:45;6,9824
30.03. 05:00;7,061
30.03. 05:15;7,1299
30.03. 05:30;7,1791
30.03. 05:45;7,1692
30.03. 06:00;7,1004
30.03. 06:15;7,1004
30.03. 06:30;7,3167
30.03. 06:45;7,9068
30.03. 07:00;8,9492
30.03. 07:15;10,346
30.03. 07:30;11,919
30.03. 07:45;13,512
30.03. 08:00;14,958
30.03. 08:15;16,217
30.03. 08:30;17,22
30.03. 08:45;17,918
30.03. 09:00;18,302
30.03. 09:15;18,439
30.03. 09:30;18,459
30.03. 09:45;18,469
30.03. 10:00;18,557
30.03. 10:15;18,695
30.03. 10:30;18,872
30.03. 10:45;19,02
30.03. 11:00;19,128
30.03. 11:15;19,187
30.03. 11:30;19,206
30.03. 11:45;19,206
30.03. 12:00;19,167
30.03. 12:15;19,069
30.03. 12:30;18,852
30.03. 12:45;18,469
30.03. 13:00;17,889
30.03. 13:15;17,122
30.03. 13:30;16,207
30.03. 13:45;15,165
30.03. 14:00;14,024
30.03. 14:15;12,873
30.03. 14:30;11,782
30.03. 14:45;10,847
30.03. 15:00;10,1
30.03. 15:15;9,5295
30.03. 15:30;9,0574
30.03. 15:45;8,6345
30.03. 16:00;8,2215
30.03. 16:15;7,838
30.03. 16:30;7,5626
30.03. 16:45;7,4446
30.03. 17:00;7,5233
30.03. 17:15;7,7298
30.03. 17:30;7,9756
30.03. 17:45;8,1822
30.03. 18:00;8,2707
30.03. 18:15;8,2903
30.03. 18:30;8,2707
30.03. 18:45;8,2707
30.03. 19:00;8,3297
30.03. 19:15;8,4378
30.03. 19:30;8,5854
30.03. 19:45;8,7329
30.03. 20:00;8,8607
30.03. 20:15;8,9689
30.03. 20:30;9,0181
30.03. 20:45;9,0082
30.03. 21:00;8,9099
30.03. 21:15;8,7525
30.03. 21:30;8,5657
30.03. 21:45;8,3592
30.03. 22:00;8,1723
30.03. 22:15;7,9855
30.03. 22:30;7,8085
30.03. 22:45;7,6314
30.03. 23:00;7,4446
30.03. 23:15;7,2577
30.03. 23:30;7,0709
30.03. 23:45;6,8939
31.03. 00:00;6,7168
31.03. 00:15;6,5398
31.03. 00:30;6,353
31.03. 00:45;6,1563
31.03. 01:00;5,9301
31.03. 01:15;5,6941
31.03. 01:30;5,458
31.03. 01:45;5,2417
31.03. 02:00;5,0352
31.03. 02:15;4,868
31.03. 02:30;4,7205
31.03. 02:45;4,5926
31.03. 03:00;4,4943
31.03. 03:15;4,4156
31.03. 03:30;4,3566
31.03. 03:45;4,3173
31.03. 04:00;4,2878
31.03. 04:15;4,2779
31.03. 04:30;4,2878
31.03. 04:45;4,3173
31.03. 05:00;4,3763
31.03. 05:15;4,4353
31.03. 05:30;4,4845
31.03. 05:45;4,5041
31.03. 06:00;4,4845
31.03. 06:15;4,4549
31.03. 06:30;4,4451
31.03. 06:45;4,5041
31.03. 07:00;4,6418
31.03. 07:15;4,8287
31.03. 07:30;5,0155
31.03. 07:45;5,1434
31.03. 08:00;5,1925
31.03. 08:15;5,2024
31.03. 08:30;5,222
31.03. 08:45;5,3302
31.03. 09:00;5,5466
31.03. 09:15;5,8514
31.03. 09:30;6,1661
31.03. 09:45;6,4316
31.03. 10:00;6,6087
31.03. 10:15;6,7365
31.03. 10:30;6,8447
31.03. 10:45;6,9824
31.03. 11:00;7,1889
31.03. 11:15;7,4347
31.03. 11:30;7,6904
31.03. 11:45;7,9068
31.03. 12:00;8,0543
31.03. 12:15;8,1428
31.03. 12:30;8,1822
31.03. 12:45;8,1822
31.03. 13:00;8,1428
31.03. 13:15;8,074
31.03. 13:30;7,956
31.03. 13:45;7,8085
31.03. 14:00;7,6216
31.03. 14:15;7,4052
31.03. 14:30;7,1889
31.03. 14:45;6,9824
31.03. 15:00;6,8054
31.03. 15:15;6,648
31.03. 15:30;6,5005
31.03. 15:45;6,3431
31.03. 16:00;6,176
31.03. 16:15;6,0481
31.03. 16:30;6,0186
31.03. 16:45;6,1563
31.03. 17:00;6,4808
31.03. 17:15;6,9234
31.03. 17:30;7,3757
31.03. 17:45;7,7199
31.03. 18:00;7,8773
31.03. 18:15;7,9068
31.03. 18:30;7,8871
31.03. 18:45;7,9068
31.03. 19:00;8,0051
31.03. 19:15;8,1723
31.03. 19:30;8,369
31.03. 19:45;8,546
31.03. 20:00;8,664
31.03. 20:15;8,723
31.03. 20:30;8,7132
31.03. 20:45;8,6345
31.03. 21:00;8,4969
31.03. 21:15;8,3002
31.03. 21:30;8,0641
31.03. 21:45;7,8085
31.03. 22:00;7,5429
31.03. 22:15;7,2872
31.03. 22:30;7,0315
31.03. 22:45;6,7955
31.03. 23:00;6,589
31.03. 23:15;6,4218
31.03. 23:30;6,3038
31.03. 23:45;6,2448
01.04. 00:00;7,1791
01.04. 00:15;6,8939
01.04. 00:30;6,5988
01.04. 00:45;6,3431
01.04. 01:00;6,1268
01.04. 01:15;5,9596
01.04. 01:30;5,8219
01.04. 01:45;5,6941
01.04. 02:00;5,5761
01.04. 02:15;5,4679
01.04. 02:30;5,3794
01.04. 02:45;5,3302
01.04. 03:00;5,3204
01.04. 03:15;5,3695
01.04. 03:30;5,4876
01.04. 03:45;5,6941
01.04. 04:00;5,9891
01.04. 04:15;6,3333
01.04. 04:30;6,6873
01.04. 04:45;6,9824
01.04. 05:00;7,1987
01.04. 05:15;7,3462
01.04. 05:30;7,4446
01.04. 05:45;7,5331
01.04. 06:00;7,6413
01.04. 06:15;7,7986
01.04. 06:30;8,0543
01.04. 06:45;8,4575
01.04. 07:00;9,0377
01.04. 07:15;9,8737
01.04. 07:30;11,005
01.04. 07:45;12,499
01.04. 08:00;14,348
01.04. 08:15;16,345
01.04. 08:30;18,213
01.04. 08:45;19,669
01.04. 09:00;20,505
01.04. 09:15;20,859
01.04. 09:30;20,908
01.04. 09:45;20,859
01.04. 10:00;20,868
01.04. 10:15;20,957
01.04. 10:30;21,104
01.04. 10:45;21,321
01.04. 11:00;21,557
01.04. 11:15;21,754
01.04. 11:30;21,832
01.04. 11:45;21,685
01.04. 12:00;21,272
01.04. 12:15;20,632
01.04. 12:30;19,855
01.04. 12:45;19,02
01.04. 13:00;18,193
01.04. 13:15;17,446
01.04. 13:30;16,807
01.04. 13:45;16,354
01.04. 14:00;16,118
01.04. 14:15;16,089
01.04. 14:30;16,236
01.04. 14:45;16,541
01.04. 15:00;16,964
01.04. 15:15;17,436
01.04. 15:30;17,839
01.04. 15:45;18,105
01.04. 16:00;18,144
01.04. 16:15;18,056
01.04. 16:30;17,908
01.04. 16:45;17,83
01.04. 17:00;17,849
01.04. 17:15;17,869
01.04. 17:30;17,702
01.04. 17:45;17,181
01.04. 18:00;16,207
01.04. 18:15;14,899
01.04. 18:30;13,473
01.04. 18:45;12,126
01.04. 19:00;11,024
01.04. 19:15;10,169
01.04. 19:30;9,5688
01.04. 19:45;9,1853
01.04. 20:00;9,0082
01.04. 20:15;8,9591
01.04. 20:30;8,9591
01.04. 20:45;8,9099
01.04. 21:00;8,7722
01.04. 21:15;8,5755
01.04. 21:30;8,3592
01.04. 21:45;8,1822
01.04. 22:00;8,074
01.04. 22:15;8,0346
01.04. 22:30;8,0248
01.04. 22:45;7,9953
01.04. 23:00;7,9265
01.04. 23:15;7,8183
01.04. 23:30;7,6609
01.04. 23:45;7,4446
02.04. 00:00;7,1791
02.04. 00:15;6,8939
02.04. 00:30;6,5988
02.04. 00:45;6,3431
02.04. 01:00;6,1268
02.04. 01:15;5,9596
02.04. 01:30;5,8219
02.04. 01:45;5,6941
02.04. 02:00;5,5761
02.04. 02:15;5,4679
02.04. 02:30;5,3794
02.04. 02:45;5,3302
02.04. 03:00;5,3204
02.04. 03:15;5,3695
02.04. 03:30;5,4876
02.04. 03:45;5,6941
02.04. 04:00;5,9891
02.04. 04:15;6,3333
02.04. 04:30;6,6873
02.04. 04:45;6,9824
02.04. 05:00;7,1987
02.04. 05:15;7,3462
02.04. 05:30;7,4446
02.04. 05:45;7,5331
02.04. 06:00;7,6413
02.04. 06:15;7,7986
02.04. 06:30;8,0543
02.04. 06:45;8,4575
02.04. 07:00;9,0377
02.04. 07:15;9,8737
02.04. 07:30;11,005
02.04. 07:45;12,499
02.04. 08:00;14,348
02.04. 08:15;16,345
02.04. 08:30;18,213
02.04. 08:45;19,669
02.04. 09:00;20,505
02.04. 09:15;20,859
02.04. 09:30;20,908
02.04. 09:45;20,859
02.04. 10:00;20,868
02.04. 10:15;20,957
02.04. 10:30;21,104
02.04. 10:45;21,321
02.04. 11:00;21,557
02.04. 11:15;21,754
02.04. 11:30;21,832
02.04. 11:45;21,685
02.04. 12:00;21,272
02.04. 12:15;20,632
02.04. 12:30;19,855
02.04. 12:45;19,02
02.04. 13:00;18,193
02.04. 13:15;17,446
02.04. 13:30;16,807
02.04. 13:45;16,354
02.04. 14:00;16,118
02.04. 14:15;16,089
02.04. 14:30;16,236
02.04. 14:45;16,541
02.04. 15:00;16,964
02.04. 15:15;17,436
02.04. 15:30;17,839
02.04. 15:45;18,105
02.04. 16:00;18,144
02.04. 16:15;18,056
02.04. 16:30;17,908
02.04. 16:45;17,83
02.04. 17:00;17,849
02.04. 17:15;17,869
02.04. 17:30;17,702
02.04. 17:45;17,181
02.04. 18:00;16,207
02.04. 18:15;14,899
02.04. 18:30;13,473
02.04. 18:45;12,126
02.04. 19:00;11,024
02.04. 19:15;10,169
02.04. 19:30;9,5688
02.04. 19:45;9,1853
02.04. 20:00;9,0082
02.04. 20:15;8,9591
02.04. 20:30;8,9591
02.04. 20:45;8,9099
02.04. 21:00;8,7722
02.04. 21:15;8,5755
02.04. 21:30;8,3592
02.04. 21:45;8,1822
02.04. 22:00;8,074
02.04. 22:15;8,0346
02.04. 22:30;8,0248
02.04. 22:45;7,9953
02.04. 23:00;7,9265
02.04. 23:15;7,8183
02.04. 23:30;7,6609
02.04. 23:45;7,4446
03.04. 00:00;7,1791
03.04. 00:15;6,8939
03.04. 00:30;6,5988
03.04. 00:45;6,3431
03.04. 01:00;6,1268
03.04. 01:15;5,9596
03.04. 01:30;5,8219
03.04. 01:45;5,6941
03.04. 02:00;5,5761
03.04. 02:15;5,4679
03.04. 02:30;5,3794
03.04. 02:45;5,3302
03.04. 03:00;5,3204
03.04. 03:15;5,3695
03.04. 03:30;5,4876
03.04. 03:45;5,6941
03.04. 04:00;5,9891
03.04. 04:15;6,3333
03.04. 04:30;6,6873
03.04. 04:45;6,9824
03.04. 05:00;7,1987
03.04. 05:15;7,3462
03.04. 05:30;7,4446
03.04. 05:45;7,5331
03.04. 06:00;7,6413
03.04. 06:15;7,7986
03.04. 06:30;8,0543
03.04. 06:45;8,4575
03.04. 07:00;9,0377
03.04. 07:15;9,8737
03.04. 07:30;11,005
03.04. 07:45;12,499
03.04. 08:00;14,348
03.04. 08:15;16,345
03.04. 08:30;18,213
03.04. 08:45;19,669
03.04. 09:00;20,505
03.04. 09:15;20,859
03.04. 09:30;20,908
03.04. 09:45;20,859
03.04. 10:00;20,868
03.04. 10:15;20,957
03.04. 10:30;21,104
03.04. 10:45;21,321
03.04. 11:00;21,557
03.04. 11:15;21,754
03.04. 11:30;21,832
03.04. 11:45;21,685
03.04. 12:00;21,272
03.04. 12:15;20,632
03.04. 12:30;19,855
03.04. 12:45;19,02
03.04. 13:00;18,193
03.04. 13:15;17,446
03.04. 13:30;16,807
03.04. 13:45;16,354
03.04. 14:00;16,118
03.04. 14:15;16,089
03.04. 14:30;16,236
03.04. 14:45;16,541
03.04. 15:00;16,964
03.04. 15:15;17,436
03.04. 15:30;17,839
03.04. 15:45;18,105
03.04. 16:00;18,144
03.04. 16:15;18,056
03.04. 16:30;17,908
03.04. 16:45;17,83
03.04. 17:00;17,849
03.04. 17:15;17,869
03.04. 17:30;17,702
03.04. 17:45;17,181
03.04. 18:00;16,207
03.04. 18:15;14,899
03.04. 18:30;13,473
03.04. 18:45;12,126
03.04. 19:00;11,024
03.04. 19:15;10,169
03.04. 19:30;9,5688
03.04. 19:45;9,1853
03.04. 20:00;9,0082
03.04. 20:15;8,9591
03.04. 20:30;8,9591
03.04. 20:45;8,9099
03.04. 21:00;8,7722
03.04. 21:15;8,5755
03.04. 21:30;8,3592
03.04. 21:45;8,1822
03.04. 22:00;8,074
03.04. 22:15;8,0346
03.04. 22:30;8,0248
03.04. 22:45;7,9953
03.04. 23:00;7,9265
03.04. 23:15;7,8183
03.04. 23:30;7,6609
03.04. 23:45;7,4446
04.04. 00:00;7,1791
04.04. 00:15;6,8939
04.04. 00:30;6,5988
04.04. 00:45;6,3431
04.04. 01:00;6,1268
04.04. 01:15;5,9596
04.04. 01:30;5,8219
04.04. 01:45;5,6941
04.04. 02:00;5,5761
04.04. 02:15;5,4679
04.04. 02:30;5,3794
04.04. 02:45;5,3302
04.04. 03:00;5,3204
04.04. 03:15;5,3695
04.04. 03:30;5,4876
04.04. 03:45;5,6941
04.04. 04:00;5,9891
04.04. 04:15;6,3333
04.04. 04:30;6,6873
04.04. 04:45;6,9824
04.04. 05:00;7,1987
04.04. 05:15;7,3462
04.04. 05:30;7,4446
04.04. 05:45;7,5331
04.04. 06:00;7,6413
04.04. 06:15;7,7986
04.04. 06:30;8,0543
04.04. 06:45;8,4575
04.04. 07:00;9,0377
04.04. 07:15;9,8737
04.04. 07:30;11,005
04.04. 07:45;12,499
04.04. 08:00;14,348
04.04. 08:15;16,345
04.04. 08:30;18,213
04.04. 08:45;19,669
04.04. 09:00;20,505
04.04. 09:15;20,859
04.04. 09:30;20,908
04.04. 09:45;20,859
04.04. 10:00;20,868
04.04. 10:15;20,957
04.04. 10:30;21,104
04.04. 10:45;21,321
04.04. 11:00;21,557
04.04. 11:15;21,754
04.04. 11:30;21,832
04.04. 11:45;21,685
04.04. 12:00;21,272
04.04. 12:15;20,632
04.04. 12:30;19,855
04.04. 12:45;19,02
04.04. 13:00;18,193
04.04. 13:15;17,446
04.04. 13:30;16,807
04.04. 13:45;16,354
04.04. 14:00;16,118
04.04. 14:15;16,089
04.04. 14:30;16,236
04.04. 14:45;16,541
04.04. 15:00;16,964
04.04. 15:15;17,436
04.04. 15:30;17,839
04.04. 15:45;18,105
04.04. 16:00;18,144
04.04. 16:15;18,056
04.04. 16:30;17,908
04.04. 16:45;17,83
04.04. 17:00;17,849
04.04. 17:15;17,869
04.04. 17:30;17,702
04.04. 17:45;17,181
04.04. 18:00;16,207
04.04. 18:15;14,899
04.04. 18:30;13,473
04.04. 18:45;12,126
04.04. 19:00;11,024
04.04. 19:15;10,169
04.04. 19:30;9,5688
04.04. 19:45;9,1853
04.04. 20:00;9,0082
04.04. 20:15;8,9591
04.04. 20:30;8,9591
04.04. 20:45;8,9099
04.04. 21:00;8,7722
04.04. 21:15;8,5755
04.04. 21:30;8,3592
04.04. 21:45;8,1822
04.04. 22:00;8,074
04.04. 22:15;8,0346
04.04. 22:30;8,0248
04.04. 22:45;7,9953
04.04. 23:00;7,9265
04.04. 23:15;7,8183
04.04. 23:30;7,6609
04.04. 23:45;7,4446
05.04. 00:00;7,1791
05.04. 00:15;6,8939
05.04. 00:30;6,5988
05.04. 00:45;6,3431
05.04. 01:00;6,1268
05.04. 01:15;5,9596
05.04. 01:30;5,8219
05.04. 01:45;5,6941
05.04. 02:00;5,5761
05.04. 02:15;5,4679
05.04. 02:30;5,3794
05.04. 02:45;5,3302
05.04. 03:00;5,3204
05.04. 03:15;5,3695
05.04. 03:30;5,4876
05.04. 03:45;5,6941
05.04. 04:00;5,9891
05.04. 04:15;6,3333
05.04. 04:30;6,6873
05.04. 04:45;6,9824
05.04. 05:00;7,1987
05.04. 05:15;7,3462
05.04. 05:30;7,4446
05.04. 05:45;7,5331
05.04. 06:00;7,6413
05.04. 06:15;7,7986
05.04. 06:30;8,0543
05.04. 06:45;8,4575
05.04. 07:00;9,0377
05.04. 07:15;9,8737
05.04. 07:30;11,005
05.04. 07:45;12,499
05.04. 08:00;14,348
05.04. 08:15;16,345
05.04. 08:30;18,213
05.04. 08:45;19,669
05.04. 09:00;20,505
05.04. 09:15;20,859
05.04. 09:30;20,908
05.04. 09:45;20,859
05.04. 10:00;20,868
05.04. 10:15;20,957
05.04. 10:30;21,104
05.04. 10:45;21,321
05.04. 11:00;21,557
05.04. 11:15;21,754
05.04. 11:30;21,832
05.04. 11:45;21,685
05.04. 12:00;21,272
05.04. 12:15;20,632
05.04. 12:30;19,855
05.04. 12:45;19,02
05.04. 13:00;18,193
05.04. 13:15;17,446
05.04. 13:30;16,807
05.04. 13:45;16,354
05.04. 14:00;16,118
05.04. 14:15;16,089
05.04. 14:30;16,236
05.04. 14:45;16,541
05.04. 15:00;16,964
05.04. 15:15;17,436
05.04. 15:30;17,839
05.04. 15:45;18,105
05.04. 16:00;18,144
05.04. 16:15;18,056
05.04. 16:30;17,908
05.04. 16:45;17,83
05.04. 17:00;17,849
05.04. 17:15;17,869
05.04. 17:30;17,702
05.04. 17:45;17,181
05.04. 18:00;16,207
05.04. 18:15;14,899
05.04. 18:30;13,473
05.04. 18:45;12,126
05.04. 19:00;11,024
05.04. 19:15;10,169
05.04. 19:30;9,5688
05.04. 19:45;9,1853
05.04. 20:00;9,0082
05.04. 20:15;8,9591
05.04. 20:30;8,9591
05.04. 20:45;8,9099
05.04. 21:00;8,7722
05.04. 21:15;8,5755
05.04. 21:30;8,3592
05.04. 21:45;8,1822
05.04. 22:00;8,074
05.04. 22:15;8,0346
05.04. 22:30;8,0248
05.04. 22:45;7,9953
05.04. 23:00;7,9265
05.04. 23:15;7,8183
05.04. 23:30;7,6609
05.04. 23:45;7,4446
06.04. 00:00;7,4544
06.04. 00:15;7,5429
06.04. 00:30;7,6413
06.04. 00:45;7,7199
06.04. 01:00;7,7199
06.04. 01:15;7,6511
06.04. 01:30;7,5331
06.04. 01:45;7,3462
06.04. 02:00;7,1397
06.04. 02:15;6,9234
06.04. 02:30;6,7365
06.04. 02:45;6,6185
06.04. 03:00;6,589
06.04. 03:15;6,6382
06.04. 03:30;6,7168
06.04. 03:45;6,7955
06.04. 04:00;6,8545
06.04. 04:15;6,8939
06.04. 04:30;6,9332
06.04. 04:45;6,9824
06.04. 05:00;7,061
06.04. 05:15;7,1299
06.04. 05:30;7,1791
06.04. 05:45;7,1692
06.04. 06:00;7,1004
06.04. 06:15;7,1004
06.04. 06:30;7,3167
06.04. 06:45;7,9068
06.04. 07:00;8,9492
06.04. 07:15;10,346
06.04. 07:30;11,919
06.04. 07:45;13,512
06.04. 08:00;14,958
06.04. 08:15;16,217
06.04. 08:30;17,22
06.04. 08:45;17,918
06.04. 09:00;18,302
06.04. 09:15;18,439
06.04. 09:30;18,459
06.04. 09:45;18,469
06.04. 10:00;18,557
06.04. 10:15;18,695
06.04. 10:30;18,872
06.04. 10:45;19,02
06.04. 11:00;19,128
06.04. 11:15;19,187
06.04. 11:30;19,206
06.04. 11:45;19,206
06.04. 12:00;19,167
06.04. 12:15;19,069
06.04. 12:30;18,852
06.04. 12:45;18,469
06.04. 13:00;17,889
06.04. 13:15;17,122
06.04. 13:30;16,207
06.04. 13:45;15,165
06.04. 14:00;14,024
06.04. 14:15;12,873
06.04. 14:30;11,782
06.04. 14:45;10,847
06.04. 15:00;10,1
06.04. 15:15;9,5295
06.04. 15:30;9,0574
06.04. 15:45;8,6345
06.04. 16:00;8,2215
06.04. 16:15;7,838
06.04. 16:30;7,5626
06.04. 16:45;7,4446
06.04. 17:00;7,5233
06.04. 17:15;7,7298
06.04. 17:30;7,9756
06.04. 17:45;8,1822
06.04. 18:00;8,2707
06.04. 18:15;8,2903
06.04. 18:30;8,2707
06.04. 18:45;8,2707
06.04. 19:00;8,3297
06.04. 19:15;8,4378
06.04. 19:30;8,5854
06.04. 19:45;8,7329
06.04. 20:00;8,8607
06.04. 20:15;8,9689
06.04. 20:30;9,0181
06.04. 20:45;9,0082
06.04. 21:00;8,9099
06.04. 21:15;8,7525
06.04. 21:30;8,5657
06.04. 21:45;8,3592
06.04. 22:00;8,1723
06.04. 22:15;7,9855
06.04. 22:30;7,8085
06.04. 22:45;7,6314
06.04. 23:00;7,4446
06.04. 23:15;7,2577
06.04. 23:30;7,0709
06.04. 23:45;6,8939
07.04. 00:00;6,7168
07.04. 00:15;6,5398
07.04. 00:30;6,353
07.04. 00:45;6,1563
07.04. 01:00;5,9301
07.04. 01:15;5,6941
07.04. 01:30;5,458
07.04. 01:45;5,2417
07.04. 02:00;5,0352
07.04. 02:15;4,868
07.04. 02:30;4,7205
07.04. 02:45;4,5926
07.04. 03:00;4,4943
07.04. 03:15;4,4156
07.04. 03:30;4,3566
07.04. 03:45;4,3173
07.04. 04:00;4,2878
07.04. 04:15;4,2779
07.04. 04:30;4,2878
07.04. 04:45;4,3173
07.04. 05:00;4,3763
07.04. 05:15;4,4353
07.04. 05:30;4,4845
07.04. 05:45;4,5041
07.04. 06:00;4,4845
07.04. 06:15;4,4549
07.04. 06:30;4,4451
07.04. 06:45;4,5041
07.04. 07:00;4,6418
07.04. 07:15;4,8287
07.04. 07:30;5,0155
07.04. 07:45;5,1434
07.04. 08:00;5,1925
07.04. 08:15;5,2024
07.04. 08:30;5,222
07.04. 08:45;5,3302
07.04. 09:00;5,5466
07.04. 09:15;5,8514
07.04. 09:30;6,1661
07.04. 09:45;6,4316
07.04. 10:00;6,6087
07.04. 10:15;6,7365
07.04. 10:30;6,8447
07.04. 10:45;6,9824
07.04. 11:00;7,1889
07.04. 11:15;7,4347
07.04. 11:30;7,6904
07.04. 11:45;7,9068
07.04. 12:00;8,0543
07.04. 12:15;8,1428
07.04. 12:30;8,1822
07.04. 12:45;8,1822
07.04. 13:00;8,1428
07.04. 13:15;8,074
07.04. 13:30;7,956
07.04. 13:45;7,8085
07.04. 14:00;7,6216
07.04. 14:15;7,4052
07.04. 14:30;7,1889
07.04. 14:45;6,9824
07.04. 15:00;6,8054
07.04. 15:15;6,648
07.04. 15:30;6,5005
07.04. 15:45;6,3431
07.04. 16:00;6,176
07.04. 16:15;6,0481
07.04. 16:30;6,0186
07.04. 16:45;6,1563
07.04. 17:00;6,4808
07.04. 17:15;6,9234
07.04. 17:30;7,3757
07.04. 17:45;7,7199
07.04. 18:00;7,8773
07.04. 18:15;7,9068
07.04. 18:30;7,8871
07.04. 18:45;7,9068
07.04. 19:00;8,0051
07.04. 19:15;8,1723
07.04. 19:30;8,369
07.04. 19:45;8,546
07.04. 20:00;8,664
07.04. 20:15;8,723
07.04. 20:30;8,7132
07.04. 20:45;8,6345
07.04. 21:00;8,4969
07.04. 21:15;8,3002
07.04. 21:30;8,0641
07.04. 21:45;7,8085
07.04. 22:00;7,5429
07.04. 22:15;7,2872
07.04. 22:30;7,0315
07.04. 22:45;6,7955
07.04. 23:00;6,589
07.04. 23:15;6,4218
07.04. 23:30;6,3038
07.04. 23:45;6,2448
08.04. 00:00;7,1791
08.04. 00:15;6,8939
08.04. 00:30;6,5988
08.04. 00:45;6,3431
08.04. 01:00;6,1268
08.04. 01:15;5,9596
08.04. 01:30;5,8219
08.04. 01:45;5,6941
08.04. 02:00;5,5761
08.04. 02:15;5,4679
08.04. 02:30;5,3794
08.04. 02:45;5,3302
08.04. 03:00;5,3204
08.04. 03:15;5,3695
08.04. 03:30;5,4876
08.04. 03:45;5,6941
08.04. 04:00;5,9891
08.04. 04:15;6,3333
08.04. 04:30;6,6873
08.04. 04:45;6,9824
08.04. 05:00;7,1987
08.04. 05:15;7,3462
08.04. 05:30;7,4446
08.04. 05:45;7,5331
08.04. 06:00;7,6413
08.04. 06:15;7,7986
08.04. 06:30;8,0543
08.04. 06:45;8,4575
08.04. 07:00;9,0377
08.04. 07:15;9,8737
08.04. 07:30;11,005
08.04. 07:45;12,499
08.04. 08:00;14,348
08.04. 08:15;16,345
08.04. 08:30;18,213
08.04. 08:45;19,669
08.04. 09:00;20,505
08.04. 09:15;20,859
08.04. 09:30;20,908
08.04. 09:45;20,859
08.04. 10:00;20,868
08.04. 10:15;20,957
08.04. 10:30;21,104
08.04. 10:45;21,321
08.04. 11:00;21,557
08.04. 11:15;21,754
08.04. 11:30;21,832
08.04. 11:45;21,685
08.04. 12:00;21,272
08.04. 12:15;20,632
08.04. 12:30;19,855
08.04. 12:45;19,02
08.04. 13:00;18,193
08.04. 13:15;17,446
08.04. 13:30;16,807
08.04. 13:45;16,354
08.04. 14:00;16,118
08.04. 14:15;16,089
08.04. 14:30;16,236
08.04. 14:45;16,541
08.04. 15:00;16,964
08.04. 15:15;17,436
08.04. 15:30;17,839
08.04. 15:45;18,105
08.04. 16:00;18,144
08.04. 16:15;18,056
08.04. 16:30;17,908
08.04. 16:45;17,83
08.04. 17:00;17,849
08.04. 17:15;17,869
08.04. 17:30;17,702
08.04. 17:45;17,181
08.04. 18:00;16,207
08.04. 18:15;14,899
08.04. 18:30;13,473
08.04. 18:45;12,126
08.04. 19:00;11,024
08.04. 19:15;10,169
08.04. 19:30;9,5688
08.04. 19:45;9,1853
08.04. 20:00;9,0082
08.04. 20:15;8,9591
08.04. 20:30;8,9591
08.04. 20:45;8,9099
08.04. 21:00;8,7722
08.04. 21:15;8,5755
08.04. 21:30;8,3592
08.04. 21:45;8,1822
08.04. 22:00;8,074
08.04. 22:15;8,0346
08.04. 22:30;8,0248
08.04. 22:45;7,9953
08.04. 23:00;7,9265
08.04. 23:15;7,8183
08.04. 23:30;7,6609
08.04. 23:45;7,4446
09.04. 00:00;7,1791
09.04. 00:15;6,8939
09.04. 00:30;6,5988
09.04. 00:45;6,3431
09.04. 01:00;6,1268
09.04. 01:15;5,9596
09.04. 01:30;5,8219
09.04. 01:45;5,6941
09.04. 02:00;5,5761
09.04. 02:15;5,4679
09.04. 02:30;5,3794
09.04. 02:45;5,3302
09.04. 03:00;5,3204
09.04. 03:15;5,3695
09.04. 03:30;5,4876
09.04. 03:45;5,6941
09.04. 04:00;5,9891
09.04. 04:15;6,3333
09.04. 04:30;6,6873
09.04. 04:45;6,9824
09.04. 05:00;7,1987
09.04. 05:15;7,3462
09.04. 05:30;7,4446
09.04. 05:45;7,5331
09.04. 06:00;7,6413
09.04. 06:15;7,7986
09.04. 06:30;8,0543
09.04. 06:45;8,4575
09.04. 07:00;9,0377
09.04. 07:15;9,8737
09.04. 07:30;11,005
09.04. 07:45;12,499
09.04. 08:00;14,348
09.04. 08:15;16,345
09.04. 08:30;18,213
09.04. 08:45;19,669
09.04. 09:00;20,505
09.04. 09:15;20,859
09.04. 09:30;20,908
09.04. 09:45;20,859
09.04. 10:00;20,868
09.04. 10:15;20,957
09.04. 10:30;21,104
09.04. 10:45;21,321
09.04. 11:00;21,557
09.04. 11:15;21,754
09.04. 11:30;21,832
09.04. 11:45;21,685
09.04. 12:00;21,272
09.04. 12:15;20,632
09.04. 12:30;19,855
09.04. 12:45;19,02
09.04. 13:00;18,193
09.04. 13:15;17,446
09.04. 13:30;16,807
09.04. 13:45;16,354
09.04. 14:00;16,118
09.04. 14:15;16,089
09.04. 14:30;16,236
09.04. 14:45;16,541
09.04. 15:00;16,964
09.04. 15:15;17,436
09.04. 15:30;17,839
09.04. 15:45;18,105
09.04. 16:00;18,144
09.04. 16:15;18,056
09.04. 16:30;17,908
09.04. 16:45;17,83
09.04. 17:00;17,849
09.04. 17:15;17,869
09.04. 17:30;17,702
09.04. 17:45;17,181
09.04. 18:00;16,207
09.04. 18:15;14,899
09.04. 18:30;13,473
09.04. 18:45;12,126
09.04. 19:00;11,024
09.04. 19:15;10,169
09.04. 19:30;9,5688
09.04. 19:45;9,1853
09.04. 20:00;9,0082
09.04. 20:15;8,9591
09.04. 20:30;8,9591
09.04. 20:45;8,9099
09.04. 21:00;8,7722
09.04. 21:15;8,5755
09.04. 21:30;8,3592
09.04. 21:45;8,1822
09.04. 22:00;8,074
09.04. 22:15;8,0346
09.04. 22:30;8,0248
09.04. 22:45;7,9953
09.04. 23:00;7,9265
09.04. 23:15;7,8183
09.04. 23:30;7,6609
09.04. 23:45;7,4446
10.04. 00:00;7,1791
10.04. 00:15;6,8939
10.04. 00:30;6,5988
10.04. 00:45;6,3431
10.04. 01:00;6,1268
10.04. 01:15;5,9596
10.04. 01:30;5,8219
10.04. 01:45;5,6941
10.04. 02:00;5,5761
10.04. 02:15;5,4679
10.04. 02:30;5,3794
10.04. 02:45;5,3302
10.04. 03:00;5,3204
10.04. 03:15;5,3695
10.04. 03:30;5,4876
10.04. 03:45;5,6941
10.04. 04:00;5,9891
10.04. 04:15;6,3333
10.04. 04:30;6,6873
10.04. 04:45;6,9824
10.04. 05:00;7,1987
10.04. 05:15;7,3462
10.04. 05:30;7,4446
10.04. 05:45;7,5331
10.04. 06:00;7,6413
10.04. 06:15;7,7986
10.04. 06:30;8,0543
10.04. 06:45;8,4575
10.04. 07:00;9,0377
10.04. 07:15;9,8737
10.04. 07:30;11,005
10.04. 07:45;12,499
10.04. 08:00;14,348
10.04. 08:15;16,345
10.04. 08:30;18,213
10.04. 08:45;19,669
10.04. 09:00;20,505
10.04. 09:15;20,859
10.04. 09:30;20,908
10.04. 09:45;20,859
10.04. 10:00;20,868
10.04. 10:15;20,957
10.04. 10:30;21,104
10.04. 10:45;21,321
10.04. 11:00;21,557
10.04. 11:15;21,754
10.04. 11:30;21,832
10.04. 11:45;21,685
10.04. 12:00;21,272
10.04. 12:15;20,632
10.04. 12:30;19,855
10.04. 12:45;19,02
10.04. 13:00;18,193
10.04. 13:15;17,446
10.04. 13:30;16,807
10.04. 13:45;16,354
10.04. 14:00;16,118
10.04. 14:15;16,089
10.04. 14:30;16,236
10.04. 14:45;16,541
10.04. 15:00;16,964
10.04. 15:15;17,436
10.04. 15:30;17,839
10.04. 15:45;18,105
10.04. 16:00;18,144
10.04. 16:15;18,056
10.04. 16:30;17,908
10.04. 16:45;17,83
10.04. 17:00;17,849
10.04. 17:15;17,869
10.04. 17:30;17,702
10.04. 17:45;17,181
10.04. 18:00;16,207
10.04. 18:15;14,899
10.04. 18:30;13,473
10.04. 18:45;12,126
10.04. 19:00;11,024
10.04. 19:15;10,169
10.04. 19:30;9,5688
10.04. 19:45;9,1853
10.04. 20:00;9,0082
10.04. 20:15;8,9591
10.04. 20:30;8,9591
10.04. 20:45;8,9099
10.04. 21:00;8,7722
10.04. 21:15;8,5755
10.04. 21:30;8,3592
10.04. 21:45;8,1822
10.04. 22:00;8,074
10.04. 22:15;8,0346
10.04. 22:30;8,0248
10.04. 22:45;7,9953
10.04. 23:00;7,9265
10.04. 23:15;7,8183
10.04. 23:30;7,6609
10.04. 23:45;7,4446
11.04. 00:00;7,1791
11.04. 00:15;6,8939
11.04. 00:30;6,5988
11.04. 00:45;6,3431
11.04. 01:00;6,1268
11.04. 01:15;5,9596
11.04. 01:30;5,8219
11.04. 01:45;5,6941
11.04. 02:00;5,5761
11.04. 02:15;5,4679
11.04. 02:30;5,3794
11.04. 02:45;5,3302
11.04. 03:00;5,3204
11.04. 03:15;5,3695
11.04. 03:30;5,4876
11.04. 03:45;5,6941
11.04. 04:00;5,9891
11.04. 04:15;6,3333
11.04. 04:30;6,6873
11.04. 04:45;6,9824
11.04. 05:00;7,1987
11.04. 05:15;7,3462
11.04. 05:30;7,4446
11.04. 05:45;7,5331
11.04. 06:00;7,6413
11.04. 06:15;7,7986
11.04. 06:30;8,0543
11.04. 06:45;8,4575
11.04. 07:00;9,0377
11.04. 07:15;9,8737
11.04. 07:30;11,005
11.04. 07:45;12,499
11.04. 08:00;14,348
11.04. 08:15;16,345
11.04. 08:30;18,213
11.04. 08:45;19,669
11.04. 09:00;20,505
11.04. 09:15;20,859
11.04. 09:30;20,908
11.04. 09:45;20,859
11.04. 10:00;20,868
11.04. 10:15;20,957
11.04. 10:30;21,104
11.04. 10:45;21,321
11.04. 11:00;21,557
11.04. 11:15;21,754
11.04. 11:30;21,832
11.04. 11:45;21,685
11.04. 12:00;21,272
11.04. 12:15;20,632
11.04. 12:30;19,855
11.04. 12:45;19,02
11.04. 13:00;18,193
11.04. 13:15;17,446
11.04. 13:30;16,807
11.04. 13:45;16,354
11.04. 14:00;16,118
11.04. 14:15;16,089
11.04. 14:30;16,236
11.04. 14:45;16,541
11.04. 15:00;16,964
11.04. 15:15;17,436
11.04. 15:30;17,839
11.04. 15:45;18,105
11.04. 16:00;18,144
11.04. 16:15;18,056
11.04. 16:30;17,908
11.04. 16:45;17,83
11.04. 17:00;17,849
11.04. 17:15;17,869
11.04. 17:30;17,702
11.04. 17:45;17,181
11.04. 18:00;16,207
11.04. 18:15;14,899
11.04. 18:30;13,473
11.04. 18:45;12,126
11.04. 19:00;11,024
11.04. 19:15;10,169
11.04. 19:30;9,5688
11.04. 19:45;9,1853
11.04. 20:00;9,0082
11.04. 20:15;8,9591
11.04. 20:30;8,9591
11.04. 20:45;8,9099
11.04. 21:00;8,7722
11.04. 21:15;8,5755
11.04. 21:30;8,3592
11.04. 21:45;8,1822
11.04. 22:00;8,074
11.04. 22:15;8,0346
11.04. 22:30;8,0248
11.04. 22:45;7,9953
11.04. 23:00;7,9265
11.04. 23:15;7,8183
11.04. 23:30;7,6609
11.04. 23:45;7,4446
12.04. 00:00;7,1791
12.04. 00:15;6,8939
12.04. 00:30;6,5988
12.04. 00:45;6,3431
12.04. 01:00;6,1268
12.04. 01:15;5,9596
12.04. 01:30;5,8219
12.04. 01:45;5,6941
12.04. 02:00;5,5761
12.04. 02:15;5,4679
12.04. 02:30;5,3794
12.04. 02:45;5,3302
12.04. 03:00;5,3204
12.04. 03:15;5,3695
12.04. 03:30;5,4876
12.04. 03:45;5,6941
12.04. 04:00;5,9891
12.04. 04:15;6,3333
12.04. 04:30;6,6873
12.04. 04:45;6,9824
12.04. 05:00;7,1987
12.04. 05:15;7,3462
12.04. 05:30;7,4446
12.04. 05:45;7,5331
12.04. 06:00;7,6413
12.04. 06:15;7,7986
12.04. 06:30;8,0543
12.04. 06:45;8,4575
12.04. 07:00;9,0377
12.04. 07:15;9,8737
12.04. 07:30;11,005
12.04. 07:45;12,499
12.04. 08:00;14,348
12.04. 08:15;16,345
12.04. 08:30;18,213
12.04. 08:45;19,669
12.04. 09:00;20,505
12.04. 09:15;20,859
12.04. 09:30;20,908
12.04. 09:45;20,859
12.04. 10:00;20,868
12.04. 10:15;20,957
12.04. 10:30;21,104
12.04. 10:45;21,321
12.04. 11:00;21,557
12.04. 11:15;21,754
12.04. 11:30;21,832
12.04. 11:45;21,685
12.04. 12:00;21,272
12.04. 12:15;20,632
12.04. 12:30;19,855
12.04. 12:45;19,02
12.04. 13:00;18,193
12.04. 13:15;17,446
12.04. 13:30;16,807
12.04. 13:45;16,354
12.04. 14:00;16,118
12.04. 14:15;16,089
12.04. 14:30;16,236
12.04. 14:45;16,541
12.04. 15:00;16,964
12.04. 15:15;17,436
12.04. 15:30;17,839
12.04. 15:45;18,105
12.04. 16:00;18,144
12.04. 16:15;18,056
12.04. 16:30;17,908
12.04. 16:45;17,83
12.04. 17:00;17,849
12.04. 17:15;17,869
12.04. 17:30;17,702
12.04. 17:45;17,181
12.04. 18:00;16,207
12.04. 18:15;14,899
12.04. 18:30;13,473
12.04. 18:45;12,126
12.04. 19:00;11,024
12.04. 19:15;10,169
12.04. 19:30;9,5688
12.04. 19:45;9,1853
12.04. 20:00;9,0082
12.04. 20:15;8,9591
12.04. 20:30;8,9591
12.04. 20:45;8,9099
12.04. 21:00;8,7722
12.04. 21:15;8,5755
12.04. 21:30;8,3592
12.04. 21:45;8,1822
12.04. 22:00;8,074
12.04. 22:15;8,0346
12.04. 22:30;8,0248
12.04. 22:45;7,9953
12.04. 23:00;7,9265
12.04. 23:15;7,8183
12.04. 23:30;7,6609
12.04. 23:45;7,4446
13.04. 00:00;7,4544
13.04. 00:15;7,5429
13.04. 00:30;7,6413
13.04. 00:45;7,7199
13.04. 01:00;7,7199
13.04. 01:15;7,6511
13.04. 01:30;7,5331
13.04. 01:45;7,3462
13.04. 02:00;7,1397
13.04. 02:15;6,9234
13.04. 02:30;6,7365
13.04. 02:45;6,6185
13.04. 03:00;6,589
13.04. 03:15;6,6382
13.04. 03:30;6,7168
13.04. 03:45;6,7955
13.04. 04:00;6,8545
13.04. 04:15;6,8939
13.04. 04:30;6,9332
13.04. 04:45;6,9824
13.04. 05:00;7,061
13.04. 05:15;7,1299
13.04. 05:30;7,1791
13.04. 05:45;7,1692
13.04. 06:00;7,1004
13.04. 06:15;7,1004
13.04. 06:30;7,3167
13.04. 06:45;7,9068
13.04. 07:00;8,9492
13.04. 07:15;10,346
13.04. 07:30;11,919
13.04. 07:45;13,512
13.04. 08:00;14,958
13.04. 08:15;16,217
13.04. 08:30;17,22
13.04. 08:45;17,918
13.04. 09:00;18,302
13.04. 09:15;18,439
13.04. 09:30;18,459
13.04. 09:45;18,469
13.04. 10:00;18,557
13.04. 10:15;18,695
13.04. 10:30;18,872
13.04. 10:45;19,02
13.04. 11:00;19,128
13.04. 11:15;19,187
13.04. 11:30;19,206
13.04. 11:45;19,206
13.04. 12:00;19,167
13.04. 12:15;19,069
13.04. 12:30;18,852
13.04. 12:45;18,469
13.04. 13:00;17,889
13.04. 13:15;17,122
13.04. 13:30;16,207
13.04. 13:45;15,165
13.04. 14:00;14,024
13.04. 14:15;12,873
13.04. 14:30;11,782
13.04. 14:45;10,847
13.04. 15:00;10,1
13.04. 15:15;9,5295
13.04. 15:30;9,0574
13.04. 15:45;8,6345
13.04. 16:00;8,2215
13.04. 16:15;7,838
13.04. 16:30;7,5626
13.04. 16:45;7,4446
13.04. 17:00;7,5233
13.04. 17:15;7,7298
13.04. 17:30;7,9756
13.04. 17:45;8,1822
13.04. 18:00;8,2707
13.04. 18:15;8,2903
13.04. 18:30;8,2707
13.04. 18:45;8,2707
13.04. 19:00;8,3297
13.04. 19:15;8,4378
13.04. 19:30;8,5854
13.04. 19:45;8,7329
13.04. 20:00;8,8607
13.04. 20:15;8,9689
13.04. 20:30;9,0181
13.04. 20:45;9,0082
13.04. 21:00;8,9099
13.04. 21:15;8,7525
13.04. 21:30;8,5657
13.04. 21:45;8,3592
13.04. 22:00;8,1723
13.04. 22:15;7,9855
13.04. 22:30;7,8085
13.04. 22:45;7,6314
13.04. 23:00;7,4446
13.04. 23:15;7,2577
13.04. 23:30;7,0709
13.04. 23:45;6,8939
14.04. 00:00;6,7168
14.04. 00:15;6,5398
14.04. 00:30;6,353
14.04. 00:45;6,1563
14.04. 01:00;5,9301
14.04. 01:15;5,6941
14.04. 01:30;5,458
14.04. 01:45;5,2417
14.04. 02:00;5,0352
14.04. 02:15;4,868
14.04. 02:30;4,7205
14.04. 02:45;4,5926
14.04. 03:00;4,4943
14.04. 03:15;4,4156
14.04. 03:30;4,3566
14.04. 03:45;4,3173
14.04. 04:00;4,2878
14.04. 04:15;4,2779
14.04. 04:30;4,2878
14.04. 04:45;4,3173
14.04. 05:00;4,3763
14.04. 05:15;4,4353
14.04. 05:30;4,4845
14.04. 05:45;4,5041
14.04. 06:00;4,4845
14.04. 06:15;4,4549
14.04. 06:30;4,4451
14.04. 06:45;4,5041
14.04. 07:00;4,6418
14.04. 07:15;4,8287
14.04. 07:30;5,0155
14.04. 07:45;5,1434
14.04. 08:00;5,1925
14.04. 08:15;5,2024
14.04. 08:30;5,222
14.04. 08:45;5,3302
14.04. 09:00;5,5466
14.04. 09:15;5,8514
14.04. 09:30;6,1661
14.04. 09:45;6,4316
14.04. 10:00;6,6087
14.04. 10:15;6,7365
14.04. 10:30;6,8447
14.04. 10:45;6,9824
14.04. 11:00;7,1889
14.04. 11:15;7,4347
14.04. 11:30;7,6904
14.04. 11:45;7,9068
14.04. 12:00;8,0543
14.04. 12:15;8,1428
14.04. 12:30;8,1822
14.04. 12:45;8,1822
14.04. 13:00;8,1428
14.04. 13:15;8,074
14.04. 13:30;7,956
14.04. 13:45;7,8085
14.04. 14:00;7,6216
14.04. 14:15;7,4052
14.04. 14:30;7,1889
14.04. 14:45;6,9824
14.04. 15:00;6,8054
14.04. 15:15;6,648
14.04. 15:30;6,5005
14.04. 15:45;6,3431
14.04. 16:00;6,176
14.04. 16:15;6,0481
14.04. 16:30;6,0186
14.04. 16:45;6,1563
14.04. 17:00;6,4808
14.04. 17:15;6,9234
14.04. 17:30;7,3757
14.04. 17:45;7,7199
14.04. 18:00;7,8773
14.04. 18:15;7,9068
14.04. 18:30;7,8871
14.04. 18:45;7,9068
14.04. 19:00;8,0051
14.04. 19:15;8,1723
14.04. 19:30;8,369
14.04. 19:45;8,546
14.04. 20:00;8,664
14.04. 20:15;8,723
14.04. 20:30;8,7132
14.04. 20:45;8,6345
14.04. 21:00;8,4969
14.04. 21:15;8,3002
14.04. 21:30;8,0641
14.04. 21:45;7,8085
14.04. 22:00;7,5429
14.04. 22:15;7,2872
14.04. 22:30;7,0315
14.04. 22:45;6,7955
14.04. 23:00;6,589
14.04. 23:15;6,4218
14.04. 23:30;6,3038
14.04. 23:45;6,2448
15.04. 00:00;7,1791
15.04. 00:15;6,8939
15.04. 00:30;6,5988
15.04. 00:45;6,3431
15.04. 01:00;6,1268
15.04. 01:15;5,9596
15.04. 01:30;5,8219
15.04. 01:45;5,6941
15.04. 02:00;5,5761
15.04. 02:15;5,4679
15.04. 02:30;5,3794
15.04. 02:45;5,3302
15.04. 03:00;5,3204
15.04. 03:15;5,3695
15.04. 03:30;5,4876
15.04. 03:45;5,6941
15.04. 04:00;5,9891
15.04. 04:15;6,3333
15.04. 04:30;6,6873
15.04. 04:45;6,9824
15.04. 05:00;7,1987
15.04. 05:15;7,3462
15.04. 05:30;7,4446
15.04. 05:45;7,5331
15.04. 06:00;7,6413
15.04. 06:15;7,7986
15.04. 06:30;8,0543
15.04. 06:45;8,4575
15.04. 07:00;9,0377
15.04. 07:15;9,8737
15.04. 07:30;11,005
15.04. 07:45;12,499
15.04. 08:00;14,348
15.04. 08:15;16,345
15.04. 08:30;18,213
15.04. 08:45;19,669
15.04. 09:00;20,505
15.04. 09:15;20,859
15.04. 09:30;20,908
15.04. 09:45;20,859
15.04. 10:00;20,868
15.04. 10:15;20,957
15.04. 10:30;21,104
15.04. 10:45;21,321
15.04. 11:00;21,557
15.04. 11:15;21,754
15.04. 11:30;21,832
15.04. 11:45;21,685
15.04. 12:00;21,272
15.04. 12:15;20,632
15.04. 12:30;19,855
15.04. 12:45;19,02
15.04. 13:00;18,193
15.04. 13:15;17,446
15.04. 13:30;16,807
15.04. 13:45;16,354
15.04. 14:00;16,118
15.04. 14:15;16,089
15.04. 14:30;16,236
15.04. 14:45;16,541
15.04. 15:00;16,964
15.04. 15:15;17,436
15.04. 15:30;17,839
15.04. 15:45;18,105
15.04. 16:00;18,144
15.04. 16:15;18,056
15.04. 16:30;17,908
15.04. 16:45;17,83
15.04. 17:00;17,849
15.04. 17:15;17,869
15.04. 17:30;17,702
15.04. 17:45;17,181
15.04. 18:00;16,207
15.04. 18:15;14,899
15.04. 18:30;13,473
15.04. 18:45;12,126
15.04. 19:00;11,024
15.04. 19:15;10,169
15.04. 19:30;9,5688
15.04. 19:45;9,1853
15.04. 20:00;9,0082
15.04. 20:15;8,9591
15.04. 20:30;8,9591
15.04. 20:45;8,9099
15.04. 21:00;8,7722
15.04. 21:15;8,5755
15.04. 21:30;8,3592
15.04. 21:45;8,1822
15.04. 22:00;8,074
15.04. 22:15;8,0346
15.04. 22:30;8,0248
15.04. 22:45;7,9953
15.04. 23:00;7,9265
15.04. 23:15;7,8183
15.04. 23:30;7,6609
15.04. 23:45;7,4446
16.04. 00:00;7,1791
16.04. 00:15;6,8939
16.04. 00:30;6,5988
16.04. 00:45;6,3431
16.04. 01:00;6,1268
16.04. 01:15;5,9596
16.04. 01:30;5,8219
16.04. 01:45;5,6941
16.04. 02:00;5,5761
16.04. 02:15;5,4679
16.04. 02:30;5,3794
16.04. 02:45;5,3302
16.04. 03:00;5,3204
16.04. 03:15;5,3695
16.04. 03:30;5,4876
16.04. 03:45;5,6941
16.04. 04:00;5,9891
16.04. 04:15;6,3333
16.04. 04:30;6,6873
16.04. 04:45;6,9824
16.04. 05:00;7,1987
16.04. 05:15;7,3462
16.04. 05:30;7,4446
16.04. 05:45;7,5331
16.04. 06:00;7,6413
16.04. 06:15;7,7986
16.04. 06:30;8,0543
16.04. 06:45;8,4575
16.04. 07:00;9,0377
16.04. 07:15;9,8737
16.04. 07:30;11,005
16.04. 07:45;12,499
16.04. 08:00;14,348
16.04. 08:15;16,345
16.04. 08:30;18,213
16.04. 08:45;19,669
16.04. 09:00;20,505
16.04. 09:15;20,859
16.04. 09:30;20,908
16.04. 09:45;20,859
16.04. 10:00;20,868
16.04. 10:15;20,957
16.04. 10:30;21,104
16.04. 10:45;21,321
16.04. 11:00;21,557
16.04. 11:15;21,754
16.04. 11:30;21,832
16.04. 11:45;21,685
16.04. 12:00;21,272
16.04. 12:15;20,632
16.04. 12:30;19,855
16.04. 12:45;19,02
16.04. 13:00;18,193
16.04. 13:15;17,446
16.04. 13:30;16,807
16.04. 13:45;16,354
16.04. 14:00;16,118
16.04. 14:15;16,089
16.04. 14:30;16,236
16.04. 14:45;16,541
16.04. 15:00;16,964
16.04. 15:15;17,436
16.04. 15:30;17,839
16.04. 15:45;18,105
16.04. 16:00;18,144
16.04. 16:15;18,056
16.04. 16:30;17,908
16.04. 16:45;17,83
16.04. 17:00;17,849
16.04. 17:15;17,869
16.04. 17:30;17,702
16.04. 17:45;17,181
16.04. 18:00;16,207
16.04. 18:15;14,899
16.04. 18:30;13,473
16.04. 18:45;12,126
16.04. 19:00;11,024
16.04. 19:15;10,169
16.04. 19:30;9,5688
16.04. 19:45;9,1853
16.04. 20:00;9,0082
16.04. 20:15;8,9591
16.04. 20:30;8,9591
16.04. 20:45;8,9099
16.04. 21:00;8,7722
16.04. 21:15;8,5755
16.04. 21:30;8,3592
16.04. 21:45;8,1822
16.04. 22:00;8,074
16.04. 22:15;8,0346
16.04. 22:30;8,0248
16.04. 22:45;7,9953
16.04. 23:00;7,9265
16.04. 23:15;7,8183
16.04. 23:30;7,6609
16.04. 23:45;7,4446
17.04. 00:00;7,1791
17.04. 00:15;6,8939
17.04. 00:30;6,5988
17.04. 00:45;6,3431
17.04. 01:00;6,1268
17.04. 01:15;5,9596
17.04. 01:30;5,8219
17.04. 01:45;5,6941
17.04. 02:00;5,5761
17.04. 02:15;5,4679
17.04. 02:30;5,3794
17.04. 02:45;5,3302
17.04. 03:00;5,3204
17.04. 03:15;5,3695
17.04. 03:30;5,4876
17.04. 03:45;5,6941
17.04. 04:00;5,9891
17.04. 04:15;6,3333
17.04. 04:30;6,6873
17.04. 04:45;6,9824
17.04. 05:00;7,1987
17.04. 05:15;7,3462
17.04. 05:30;7,4446
17.04. 05:45;7,5331
17.04. 06:00;7,6413
17.04. 06:15;7,7986
17.04. 06:30;8,0543
17.04. 06:45;8,4575
17.04. 07:00;9,0377
17.04. 07:15;9,8737
17.04. 07:30;11,005
17.04. 07:45;12,499
17.04. 08:00;14,348
17.04. 08:15;16,345
17.04. 08:30;18,213
17.04. 08:45;19,669
17.04. 09:00;20,505
17.04. 09:15;20,859
17.04. 09:30;20,908
17.04. 09:45;20,859
17.04. 10:00;20,868
17.04. 10:15;20,957
17.04. 10:30;21,104
17.04. 10:45;21,321
17.04. 11:00;21,557
17.04. 11:15;21,754
17.04. 11:30;21,832
17.04. 11:45;21,685
17.04. 12:00;21,272
17.04. 12:15;20,632
17.04. 12:30;19,855
17.04. 12:45;19,02
17.04. 13:00;18,193
17.04. 13:15;17,446
17.04. 13:30;16,807
17.04. 13:45;16,354
17.04. 14:00;16,118
17.04. 14:15;16,089
17.04. 14:30;16,236
17.04. 14:45;16,541
17.04. 15:00;16,964
17.04. 15:15;17,436
17.04. 15:30;17,839
17.04. 15:45;18,105
17.04. 16:00;18,144
17.04. 16:15;18,056
17.04. 16:30;17,908
17.04. 16:45;17,83
17.04. 17:00;17,849
17.04. 17:15;17,869
17.04. 17:30;17,702
17.04. 17:45;17,181
17.04. 18:00;16,207
17.04. 18:15;14,899
17.04. 18:30;13,473
17.04. 18:45;12,126
17.04. 19:00;11,024
17.04. 19:15;10,169
17.04. 19:30;9,5688
17.04. 19:45;9,1853
17.04. 20:00;9,0082
17.04. 20:15;8,9591
17.04. 20:30;8,9591
17.04. 20:45;8,9099
17.04. 21:00;8,7722
17.04. 21:15;8,5755
17.04. 21:30;8,3592
17.04. 21:45;8,1822
17.04. 22:00;8,074
17.04. 22:15;8,0346
17.04. 22:30;8,0248
17.04. 22:45;7,9953
17.04. 23:00;7,9265
17.04. 23:15;7,8183
17.04. 23:30;7,6609
17.04. 23:45;7,4446
18.04. 00:00;7,1791
18.04. 00:15;6,8939
18.04. 00:30;6,5988
18.04. 00:45;6,3431
18.04. 01:00;6,1268
18.04. 01:15;5,9596
18.04. 01:30;5,8219
18.04. 01:45;5,6941
18.04. 02:00;5,5761
18.04. 02:15;5,4679
18.04. 02:30;5,3794
18.04. 02:45;5,3302
18.04. 03:00;5,3204
18.04. 03:15;5,3695
18.04. 03:30;5,4876
18.04. 03:45;5,6941
18.04. 04:00;5,9891
18.04. 04:15;6,3333
18.04. 04:30;6,6873
18.04. 04:45;6,9824
18.04. 05:00;7,1987
18.04. 05:15;7,3462
18.04. 05:30;7,4446
18.04. 05:45;7,5331
18.04. 06:00;7,6413
18.04. 06:15;7,7986
18.04. 06:30;8,0543
18.04. 06:45;8,4575
18.04. 07:00;9,0377
18.04. 07:15;9,8737
18.04. 07:30;11,005
18.04. 07:45;12,499
18.04. 08:00;14,348
18.04. 08:15;16,345
18.04. 08:30;18,213
18.04. 08:45;19,669
18.04. 09:00;20,505
18.04. 09:15;20,859
18.04. 09:30;20,908
18.04. 09:45;20,859
18.04. 10:00;20,868
18.04. 10:15;20,957
18.04. 10:30;21,104
18.04. 10:45;21,321
18.04. 11:00;21,557
18.04. 11:15;21,754
18.04. 11:30;21,832
18.04. 11:45;21,685
18.04. 12:00;21,272
18.04. 12:15;20,632
18.04. 12:30;19,855
18.04. 12:45;19,02
18.04. 13:00;18,193
18.04. 13:15;17,446
18.04. 13:30;16,807
18.04. 13:45;16,354
18.04. 14:00;16,118
18.04. 14:15;16,089
18.04. 14:30;16,236
18.04. 14:45;16,541
18.04. 15:00;16,964
18.04. 15:15;17,436
18.04. 15:30;17,839
18.04. 15:45;18,105
18.04. 16:00;18,144
18.04. 16:15;18,056
18.04. 16:30;17,908
18.04. 16:45;17,83
18.04. 17:00;17,849
18.04. 17:15;17,869
18.04. 17:30;17,702
18.04. 17:45;17,181
18.04. 18:00;16,207
18.04. 18:15;14,899
18.04. 18:30;13,473
18.04. 18:45;12,126
18.04. 19:00;11,024
18.04. 19:15;10,169
18.04. 19:30;9,5688
18.04. 19:45;9,1853
18.04. 20:00;9,0082
18.04. 20:15;8,9591
18.04. 20:30;8,9591
18.04. 20:45;8,9099
18.04. 21:00;8,7722
18.04. 21:15;8,5755
18.04. 21:30;8,3592
18.04. 21:45;8,1822
18.04. 22:00;8,074
18.04. 22:15;8,0346
18.04. 22:30;8,0248
18.04. 22:45;7,9953
18.04. 23:00;7,9265
18.04. 23:15;7,8183
18.04. 23:30;7,6609
18.04. 23:45;7,4446
19.04. 00:00;7,1791
19.04. 00:15;6,8939
19.04. 00:30;6,5988
19.04. 00:45;6,3431
19.04. 01:00;6,1268
19.04. 01:15;5,9596
19.04. 01:30;5,8219
19.04. 01:45;5,6941
19.04. 02:00;5,5761
19.04. 02:15;5,4679
19.04. 02:30;5,3794
19.04. 02:45;5,3302
19.04. 03:00;5,3204
19.04. 03:15;5,3695
19.04. 03:30;5,4876
19.04. 03:45;5,6941
19.04. 04:00;5,9891
19.04. 04:15;6,3333
19.04. 04:30;6,6873
19.04. 04:45;6,9824
19.04. 05:00;7,1987
19.04. 05:15;7,3462
19.04. 05:30;7,4446
19.04. 05:45;7,5331
19.04. 06:00;7,6413
19.04. 06:15;7,7986
19.04. 06:30;8,0543
19.04. 06:45;8,4575
19.04. 07:00;9,0377
19.04. 07:15;9,8737
19.04. 07:30;11,005
19.04. 07:45;12,499
19.04. 08:00;14,348
19.04. 08:15;16,345
19.04. 08:30;18,213
19.04. 08:45;19,669
19.04. 09:00;20,505
19.04. 09:15;20,859
19.04. 09:30;20,908
19.04. 09:45;20,859
19.04. 10:00;20,868
19.04. 10:15;20,957
19.04. 10:30;21,104
19.04. 10:45;21,321
19.04. 11:00;21,557
19.04. 11:15;21,754
19.04. 11:30;21,832
19.04. 11:45;21,685
19.04. 12:00;21,272
19.04. 12:15;20,632
19.04. 12:30;19,855
19.04. 12:45;19,02
19.04. 13:00;18,193
19.04. 13:15;17,446
19.04. 13:30;16,807
19.04. 13:45;16,354
19.04. 14:00;16,118
19.04. 14:15;16,089
19.04. 14:30;16,236
19.04. 14:45;16,541
19.04. 15:00;16,964
19.04. 15:15;17,436
19.04. 15:30;17,839
19.04. 15:45;18,105
19.04. 16:00;18,144
19.04. 16:15;18,056
19.04. 16:30;17,908
19.04. 16:45;17,83
19.04. 17:00;17,849
19.04. 17:15;17,869
19.04. 17:30;17,702
19.04. 17:45;17,181
19.04. 18:00;16,207
19.04. 18:15;14,899
19.04. 18:30;13,473
19.04. 18:45;12,126
19.04. 19:00;11,024
19.04. 19:15;10,169
19.04. 19:30;9,5688
19.04. 19:45;9,1853
19.04. 20:00;9,0082
19.04. 20:15;8,9591
19.04. 20:30;8,9591
19.04. 20:45;8,9099
19.04. 21:00;8,7722
19.04. 21:15;8,5755
19.04. 21:30;8,3592
19.04. 21:45;8,1822
19.04. 22:00;8,074
19.04. 22:15;8,0346
19.04. 22:30;8,0248
19.04. 22:45;7,9953
19.04. 23:00;7,9265
19.04. 23:15;7,8183
19.04. 23:30;7,6609
19.04. 23:45;7,4446
20.04. 00:00;7,4544
20.04. 00:15;7,5429
20.04. 00:30;7,6413
20.04. 00:45;7,7199
20.04. 01:00;7,7199
20.04. 01:15;7,6511
20.04. 01:30;7,5331
20.04. 01:45;7,3462
20.04. 02:00;7,1397
20.04. 02:15;6,9234
20.04. 02:30;6,7365
20.04. 02:45;6,6185
20.04. 03:00;6,589
20.04. 03:15;6,6382
20.04. 03:30;6,7168
20.04. 03:45;6,7955
20.04. 04:00;6,8545
20.04. 04:15;6,8939
20.04. 04:30;6,9332
20.04. 04:45;6,9824
20.04. 05:00;7,061
20.04. 05:15;7,1299
20.04. 05:30;7,1791
20.04. 05:45;7,1692
20.04. 06:00;7,1004
20.04. 06:15;7,1004
20.04. 06:30;7,3167
20.04. 06:45;7,9068
20.04. 07:00;8,9492
20.04. 07:15;10,346
20.04. 07:30;11,919
20.04. 07:45;13,512
20.04. 08:00;14,958
20.04. 08:15;16,217
20.04. 08:30;17,22
20.04. 08:45;17,918
20.04. 09:00;18,302
20.04. 09:15;18,439
20.04. 09:30;18,459
20.04. 09:45;18,469
20.04. 10:00;18,557
20.04. 10:15;18,695
20.04. 10:30;18,872
20.04. 10:45;19,02
20.04. 11:00;19,128
20.04. 11:15;19,187
20.04. 11:30;19,206
20.04. 11:45;19,206
20.04. 12:00;19,167
20.04. 12:15;19,069
20.04. 12:30;18,852
20.04. 12:45;18,469
20.04. 13:00;17,889
20.04. 13:15;17,122
20.04. 13:30;16,207
20.04. 13:45;15,165
20.04. 14:00;14,024
20.04. 14:15;12,873
20.04. 14:30;11,782
20.04. 14:45;10,847
20.04. 15:00;10,1
20.04. 15:15;9,5295
20.04. 15:30;9,0574
20.04. 15:45;8,6345
20.04. 16:00;8,2215
20.04. 16:15;7,838
20.04. 16:30;7,5626
20.04. 16:45;7,4446
20.04. 17:00;7,5233
20.04. 17:15;7,7298
20.04. 17:30;7,9756
20.04. 17:45;8,1822
20.04. 18:00;8,2707
20.04. 18:15;8,2903
20.04. 18:30;8,2707
20.04. 18:45;8,2707
20.04. 19:00;8,3297
20.04. 19:15;8,4378
20.04. 19:30;8,5854
20.04. 19:45;8,7329
20.04. 20:00;8,8607
20.04. 20:15;8,9689
20.04. 20:30;9,0181
20.04. 20:45;9,0082
20.04. 21:00;8,9099
20.04. 21:15;8,7525
20.04. 21:30;8,5657
20.04. 21:45;8,3592
20.04. 22:00;8,1723
20.04. 22:15;7,9855
20.04. 22:30;7,8085
20.04. 22:45;7,6314
20.04. 23:00;7,4446
20.04. 23:15;7,2577
20.04. 23:30;7,0709
20.04. 23:45;6,8939
21.04. 00:00;6,7168
21.04. 00:15;6,5398
21.04. 00:30;6,353
21.04. 00:45;6,1563
21.04. 01:00;5,9301
21.04. 01:15;5,6941
21.04. 01:30;5,458
21.04. 01:45;5,2417
21.04. 02:00;5,0352
21.04. 02:15;4,868
21.04. 02:30;4,7205
21.04. 02:45;4,5926
21.04. 03:00;4,4943
21.04. 03:15;4,4156
21.04. 03:30;4,3566
21.04. 03:45;4,3173
21.04. 04:00;4,2878
21.04. 04:15;4,2779
21.04. 04:30;4,2878
21.04. 04:45;4,3173
21.04. 05:00;4,3763
21.04. 05:15;4,4353
21.04. 05:30;4,4845
21.04. 05:45;4,5041
21.04. 06:00;4,4845
21.04. 06:15;4,4549
21.04. 06:30;4,4451
21.04. 06:45;4,5041
21.04. 07:00;4,6418
21.04. 07:15;4,8287
21.04. 07:30;5,0155
21.04. 07:45;5,1434
21.04. 08:00;5,1925
21.04. 08:15;5,2024
21.04. 08:30;5,222
21.04. 08:45;5,3302
21.04. 09:00;5,5466
21.04. 09:15;5,8514
21.04. 09:30;6,1661
21.04. 09:45;6,4316
21.04. 10:00;6,6087
21.04. 10:15;6,7365
21.04. 10:30;6,8447
21.04. 10:45;6,9824
21.04. 11:00;7,1889
21.04. 11:15;7,4347
21.04. 11:30;7,6904
21.04. 11:45;7,9068
21.04. 12:00;8,0543
21.04. 12:15;8,1428
21.04. 12:30;8,1822
21.04. 12:45;8,1822
21.04. 13:00;8,1428
21.04. 13:15;8,074
21.04. 13:30;7,956
21.04. 13:45;7,8085
21.04. 14:00;7,6216
21.04. 14:15;7,4052
21.04. 14:30;7,1889
21.04. 14:45;6,9824
21.04. 15:00;6,8054
21.04. 15:15;6,648
21.04. 15:30;6,5005
21.04. 15:45;6,3431
21.04. 16:00;6,176
21.04. 16:15;6,0481
21.04. 16:30;6,0186
21.04. 16:45;6,1563
21.04. 17:00;6,4808
21.04. 17:15;6,9234
21.04. 17:30;7,3757
21.04. 17:45;7,7199
21.04. 18:00;7,8773
21.04. 18:15;7,9068
21.04. 18:30;7,8871
21.04. 18:45;7,9068
21.04. 19:00;8,0051
21.04. 19:15;8,1723
21.04. 19:30;8,369
21.04. 19:45;8,546
21.04. 20:00;8,664
21.04. 20:15;8,723
21.04. 20:30;8,7132
21.04. 20:45;8,6345
21.04. 21:00;8,4969
21.04. 21:15;8,3002
21.04. 21:30;8,0641
21.04. 21:45;7,8085
21.04. 22:00;7,5429
21.04. 22:15;7,2872
21.04. 22:30;7,0315
21.04. 22:45;6,7955
21.04. 23:00;6,589
21.04. 23:15;6,4218
21.04. 23:30;6,3038
21.04. 23:45;6,2448
22.04. 00:00;7,1791
22.04. 00:15;6,8939
22.04. 00:30;6,5988
22.04. 00:45;6,3431
22.04. 01:00;6,1268
22.04. 01:15;5,9596
22.04. 01:30;5,8219
22.04. 01:45;5,6941
22.04. 02:00;5,5761
22.04. 02:15;5,4679
22.04. 02:30;5,3794
22.04. 02:45;5,3302
22.04. 03:00;5,3204
22.04. 03:15;5,3695
22.04. 03:30;5,4876
22.04. 03:45;5,6941
22.04. 04:00;5,9891
22.04. 04:15;6,3333
22.04. 04:30;6,6873
22.04. 04:45;6,9824
22.04. 05:00;7,1987
22.04. 05:15;7,3462
22.04. 05:30;7,4446
22.04. 05:45;7,5331
22.04. 06:00;7,6413
22.04. 06:15;7,7986
22.04. 06:30;8,0543
22.04. 06:45;8,4575
22.04. 07:00;9,0377
22.04. 07:15;9,8737
22.04. 07:30;11,005
22.04. 07:45;12,499
22.04. 08:00;14,348
22.04. 08:15;16,345
22.04. 08:30;18,213
22.04. 08:45;19,669
22.04. 09:00;20,505
22.04. 09:15;20,859
22.04. 09:30;20,908
22.04. 09:45;20,859
22.04. 10:00;20,868
22.04. 10:15;20,957
22.04. 10:30;21,104
22.04. 10:45;21,321
22.04. 11:00;21,557
22.04. 11:15;21,754
22.04. 11:30;21,832
22.04. 11:45;21,685
22.04. 12:00;21,272
22.04. 12:15;20,632
22.04. 12:30;19,855
22.04. 12:45;19,02
22.04. 13:00;18,193
22.04. 13:15;17,446
22.04. 13:30;16,807
22.04. 13:45;16,354
22.04. 14:00;16,118
22.04. 14:15;16,089
22.04. 14:30;16,236
22.04. 14:45;16,541
22.04. 15:00;16,964
22.04. 15:15;17,436
22.04. 15:30;17,839
22.04. 15:45;18,105
22.04. 16:00;18,144
22.04. 16:15;18,056
22.04. 16:30;17,908
22.04. 16:45;17,83
22.04. 17:00;17,849
22.04. 17:15;17,869
22.04. 17:30;17,702
22.04. 17:45;17,181
22.04. 18:00;16,207
22.04. 18:15;14,899
22.04. 18:30;13,473
22.04. 18:45;12,126
22.04. 19:00;11,024
22.04. 19:15;10,169
22.04. 19:30;9,5688
22.04. 19:45;9,1853
22.04. 20:00;9,0082
22.04. 20:15;8,9591
22.04. 20:30;8,9591
22.04. 20:45;8,9099
22.04. 21:00;8,7722
22.04. 21:15;8,5755
22.04. 21:30;8,3592
22.04. 21:45;8,1822
22.04. 22:00;8,074
22.04. 22:15;8,0346
22.04. 22:30;8,0248
22.04. 22:45;7,9953
22.04. 23:00;7,9265
22.04. 23:15;7,8183
22.04. 23:30;7,6609
22.04. 23:45;7,4446
23.04. 00:00;7,1791
23.04. 00:15;6,8939
23.04. 00:30;6,5988
23.04. 00:45;6,3431
23.04. 01:00;6,1268
23.04. 01:15;5,9596
23.04. 01:30;5,8219
23.04. 01:45;5,6941
23.04. 02:00;5,5761
23.04. 02:15;5,4679
23.04. 02:30;5,3794
23.04. 02:45;5,3302
23.04. 03:00;5,3204
23.04. 03:15;5,3695
23.04. 03:30;5,4876
23.04. 03:45;5,6941
23.04. 04:00;5,9891
23.04. 04:15;6,3333
23.04. 04:30;6,6873
23.04. 04:45;6,9824
23.04. 05:00;7,1987
23.04. 05:15;7,3462
23.04. 05:30;7,4446
23.04. 05:45;7,5331
23.04. 06:00;7,6413
23.04. 06:15;7,7986
23.04. 06:30;8,0543
23.04. 06:45;8,4575
23.04. 07:00;9,0377
23.04. 07:15;9,8737
23.04. 07:30;11,005
23.04. 07:45;12,499
23.04. 08:00;14,348
23.04. 08:15;16,345
23.04. 08:30;18,213
23.04. 08:45;19,669
23.04. 09:00;20,505
23.04. 09:15;20,859
23.04. 09:30;20,908
23.04. 09:45;20,859
23.04. 10:00;20,868
23.04. 10:15;20,957
23.04. 10:30;21,104
23.04. 10:45;21,321
23.04. 11:00;21,557
23.04. 11:15;21,754
23.04. 11:30;21,832
23.04. 11:45;21,685
23.04. 12:00;21,272
23.04. 12:15;20,632
23.04. 12:30;19,855
23.04. 12:45;19,02
23.04. 13:00;18,193
23.04. 13:15;17,446
23.04. 13:30;16,807
23.04. 13:45;16,354
23.04. 14:00;16,118
23.04. 14:15;16,089
23.04. 14:30;16,236
23.04. 14:45;16,541
23.04. 15:00;16,964
23.04. 15:15;17,436
23.04. 15:30;17,839
23.04. 15:45;18,105
23.04. 16:00;18,144
23.04. 16:15;18,056
23.04. 16:30;17,908
23.04. 16:45;17,83
23.04. 17:00;17,849
23.04. 17:15;17,869
23.04. 17:30;17,702
23.04. 17:45;17,181
23.04. 18:00;16,207
23.04. 18:15;14,899
23.04. 18:30;13,473
23.04. 18:45;12,126
23.04. 19:00;11,024
23.04. 19:15;10,169
23.04. 19:30;9,5688
23.04. 19:45;9,1853
23.04. 20:00;9,0082
23.04. 20:15;8,9591
23.04. 20:30;8,9591
23.04. 20:45;8,9099
23.04. 21:00;8,7722
23.04. 21:15;8,5755
23.04. 21:30;8,3592
23.04. 21:45;8,1822
23.04. 22:00;8,074
23.04. 22:15;8,0346
23.04. 22:30;8,0248
23.04. 22:45;7,9953
23.04. 23:00;7,9265
23.04. 23:15;7,8183
23.04. 23:30;7,6609
23.04. 23:45;7,4446
24.04. 00:00;7,1791
24.04. 00:15;6,8939
24.04. 00:30;6,5988
24.04. 00:45;6,3431
24.04. 01:00;6,1268
24.04. 01:15;5,9596
24.04. 01:30;5,8219
24.04. 01:45;5,6941
24.04. 02:00;5,5761
24.04. 02:15;5,4679
24.04. 02:30;5,3794
24.04. 02:45;5,3302
24.04. 03:00;5,3204
24.04. 03:15;5,3695
24.04. 03:30;5,4876
24.04. 03:45;5,6941
24.04. 04:00;5,9891
24.04. 04:15;6,3333
24.04. 04:30;6,6873
24.04. 04:45;6,9824
24.04. 05:00;7,1987
24.04. 05:15;7,3462
24.04. 05:30;7,4446
24.04. 05:45;7,5331
24.04. 06:00;7,6413
24.04. 06:15;7,7986
24.04. 06:30;8,0543
24.04. 06:45;8,4575
24.04. 07:00;9,0377
24.04. 07:15;9,8737
24.04. 07:30;11,005
24.04. 07:45;12,499
24.04. 08:00;14,348
24.04. 08:15;16,345
24.04. 08:30;18,213
24.04. 08:45;19,669
24.04. 09:00;20,505
24.04. 09:15;20,859
24.04. 09:30;20,908
24.04. 09:45;20,859
24.04. 10:00;20,868
24.04. 10:15;20,957
24.04. 10:30;21,104
24.04. 10:45;21,321
24.04. 11:00;21,557
24.04. 11:15;21,754
24.04. 11:30;21,832
24.04. 11:45;21,685
24.04. 12:00;21,272
24.04. 12:15;20,632
24.04. 12:30;19,855
24.04. 12:45;19,02
24.04. 13:00;18,193
24.04. 13:15;17,446
24.04. 13:30;16,807
24.04. 13:45;16,354
24.04. 14:00;16,118
24.04. 14:15;16,089
24.04. 14:30;16,236
24.04. 14:45;16,541
24.04. 15:00;16,964
24.04. 15:15;17,436
24.04. 15:30;17,839
24.04. 15:45;18,105
24.04. 16:00;18,144
24.04. 16:15;18,056
24.04. 16:30;17,908
24.04. 16:45;17,83
24.04. 17:00;17,849
24.04. 17:15;17,869
24.04. 17:30;17,702
24.04. 17:45;17,181
24.04. 18:00;16,207
24.04. 18:15;14,899
24.04. 18:30;13,473
24.04. 18:45;12,126
24.04. 19:00;11,024
24.04. 19:15;10,169
24.04. 19:30;9,5688
24.04. 19:45;9,1853
24.04. 20:00;9,0082
24.04. 20:15;8,9591
24.04. 20:30;8,9591
24.04. 20:45;8,9099
24.04. 21:00;8,7722
24.04. 21:15;8,5755
24.04. 21:30;8,3592
24.04. 21:45;8,1822
24.04. 22:00;8,074
24.04. 22:15;8,0346
24.04. 22:30;8,0248
24.04. 22:45;7,9953
24.04. 23:00;7,9265
24.04. 23:15;7,8183
24.04. 23:30;7,6609
24.04. 23:45;7,4446
25.04. 00:00;7,1791
25.04. 00:15;6,8939
25.04. 00:30;6,5988
25.04. 00:45;6,3431
25.04. 01:00;6,1268
25.04. 01:15;5,9596
25.04. 01:30;5,8219
25.04. 01:45;5,6941
25.04. 02:00;5,5761
25.04. 02:15;5,4679
25.04. 02:30;5,3794
25.04. 02:45;5,3302
25.04. 03:00;5,3204
25.04. 03:15;5,3695
25.04. 03:30;5,4876
25.04. 03:45;5,6941
25.04. 04:00;5,9891
25.04. 04:15;6,3333
25.04. 04:30;6,6873
25.04. 04:45;6,9824
25.04. 05:00;7,1987
25.04. 05:15;7,3462
25.04. 05:30;7,4446
25.04. 05:45;7,5331
25.04. 06:00;7,6413
25.04. 06:15;7,7986
25.04. 06:30;8,0543
25.04. 06:45;8,4575
25.04. 07:00;9,0377
25.04. 07:15;9,8737
25.04. 07:30;11,005
25.04. 07:45;12,499
25.04. 08:00;14,348
25.04. 08:15;16,345
25.04. 08:30;18,213
25.04. 08:45;19,669
25.04. 09:00;20,505
25.04. 09:15;20,859
25.04. 09:30;20,908
25.04. 09:45;20,859
25.04. 10:00;20,868
25.04. 10:15;20,957
25.04. 10:30;21,104
25.04. 10:45;21,321
25.04. 11:00;21,557
25.04. 11:15;21,754
25.04. 11:30;21,832
25.04. 11:45;21,685
25.04. 12:00;21,272
25.04. 12:15;20,632
25.04. 12:30;19,855
25.04. 12:45;19,02
25.04. 13:00;18,193
25.04. 13:15;17,446
25.04. 13:30;16,807
25.04. 13:45;16,354
25.04. 14:00;16,118
25.04. 14:15;16,089
25.04. 14:30;16,236
25.04. 14:45;16,541
25.04. 15:00;16,964
25.04. 15:15;17,436
25.04. 15:30;17,839
25.04. 15:45;18,105
25.04. 16:00;18,144
25.04. 16:15;18,056
25.04. 16:30;17,908
25.04. 16:45;17,83
25.04. 17:00;17,849
25.04. 17:15;17,869
25.04. 17:30;17,702
25.04. 17:45;17,181
25.04. 18:00;16,207
25.04. 18:15;14,899
25.04. 18:30;13,473
25.04. 18:45;12,126
25.04. 19:00;11,024
25.04. 19:15;10,169
25.04. 19:30;9,5688
25.04. 19:45;9,1853
25.04. 20:00;9,0082
25.04. 20:15;8,9591
25.04. 20:30;8,9591
25.04. 20:45;8,9099
25.04. 21:00;8,7722
25.04. 21:15;8,5755
25.04. 21:30;8,3592
25.04. 21:45;8,1822
25.04. 22:00;8,074
25.04. 22:15;8,0346
25.04. 22:30;8,0248
25.04. 22:45;7,9953
25.04. 23:00;7,9265
25.04. 23:15;7,8183
25.04. 23:30;7,6609
25.04. 23:45;7,4446
26.04. 00:00;7,1791
26.04. 00:15;6,8939
26.04. 00:30;6,5988
26.04. 00:45;6,3431
26.04. 01:00;6,1268
26.04. 01:15;5,9596
26.04. 01:30;5,8219
26.04. 01:45;5,6941
26.04. 02:00;5,5761
26.04. 02:15;5,4679
26.04. 02:30;5,3794
26.04. 02:45;5,3302
26.04. 03:00;5,3204
26.04. 03:15;5,3695
26.04. 03:30;5,4876
26.04. 03:45;5,6941
26.04. 04:00;5,9891
26.04. 04:15;6,3333
26.04. 04:30;6,6873
26.04. 04:45;6,9824
26.04. 05:00;7,1987
26.04. 05:15;7,3462
26.04. 05:30;7,4446
26.04. 05:45;7,5331
26.04. 06:00;7,6413
26.04. 06:15;7,7986
26.04. 06:30;8,0543
26.04. 06:45;8,4575
26.04. 07:00;9,0377
26.04. 07:15;9,8737
26.04. 07:30;11,005
26.04. 07:45;12,499
26.04. 08:00;14,348
26.04. 08:15;16,345
26.04. 08:30;18,213
26.04. 08:45;19,669
26.04. 09:00;20,505
26.04. 09:15;20,859
26.04. 09:30;20,908
26.04. 09:45;20,859
26.04. 10:00;20,868
26.04. 10:15;20,957
26.04. 10:30;21,104
26.04. 10:45;21,321
26.04. 11:00;21,557
26.04. 11:15;21,754
26.04. 11:30;21,832
26.04. 11:45;21,685
26.04. 12:00;21,272
26.04. 12:15;20,632
26.04. 12:30;19,855
26.04. 12:45;19,02
26.04. 13:00;18,193
26.04. 13:15;17,446
26.04. 13:30;16,807
26.04. 13:45;16,354
26.04. 14:00;16,118
26.04. 14:15;16,089
26.04. 14:30;16,236
26.04. 14:45;16,541
26.04. 15:00;16,964
26.04. 15:15;17,436
26.04. 15:30;17,839
26.04. 15:45;18,105
26.04. 16:00;18,144
26.04. 16:15;18,056
26.04. 16:30;17,908
26.04. 16:45;17,83
26.04. 17:00;17,849
26.04. 17:15;17,869
26.04. 17:30;17,702
26.04. 17:45;17,181
26.04. 18:00;16,207
26.04. 18:15;14,899
26.04. 18:30;13,473
26.04. 18:45;12,126
26.04. 19:00;11,024
26.04. 19:15;10,169
26.04. 19:30;9,5688
26.04. 19:45;9,1853
26.04. 20:00;9,0082
26.04. 20:15;8,9591
26.04. 20:30;8,9591
26.04. 20:45;8,9099
26.04. 21:00;8,7722
26.04. 21:15;8,5755
26.04. 21:30;8,3592
26.04. 21:45;8,1822
26.04. 22:00;8,074
26.04. 22:15;8,0346
26.04. 22:30;8,0248
26.04. 22:45;7,9953
26.04. 23:00;7,9265
26.04. 23:15;7,8183
26.04. 23:30;7,6609
26.04. 23:45;7,4446
27.04. 00:00;7,4544
27.04. 00:15;7,5429
27.04. 00:30;7,6413
27.04. 00:45;7,7199
27.04. 01:00;7,7199
27.04. 01:15;7,6511
27.04. 01:30;7,5331
27.04. 01:45;7,3462
27.04. 02:00;7,1397
27.04. 02:15;6,9234
27.04. 02:30;6,7365
27.04. 02:45;6,6185
27.04. 03:00;6,589
27.04. 03:15;6,6382
27.04. 03:30;6,7168
27.04. 03:45;6,7955
27.04. 04:00;6,8545
27.04. 04:15;6,8939
27.04. 04:30;6,9332
27.04. 04:45;6,9824
27.04. 05:00;7,061
27.04. 05:15;7,1299
27.04. 05:30;7,1791
27.04. 05:45;7,1692
27.04. 06:00;7,1004
27.04. 06:15;7,1004
27.04. 06:30;7,3167
27.04. 06:45;7,9068
27.04. 07:00;8,9492
27.04. 07:15;10,346
27.04. 07:30;11,919
27.04. 07:45;13,512
27.04. 08:00;14,958
27.04. 08:15;16,217
27.04. 08:30;17,22
27.04. 08:45;17,918
27.04. 09:00;18,302
27.04. 09:15;18,439
27.04. 09:30;18,459
27.04. 09:45;18,469
27.04. 10:00;18,557
27.04. 10:15;18,695
27.04. 10:30;18,872
27.04. 10:45;19,02
27.04. 11:00;19,128
27.04. 11:15;19,187
27.04. 11:30;19,206
27.04. 11:45;19,206
27.04. 12:00;19,167
27.04. 12:15;19,069
27.04. 12:30;18,852
27.04. 12:45;18,469
27.04. 13:00;17,889
27.04. 13:15;17,122
27.04. 13:30;16,207
27.04. 13:45;15,165
27.04. 14:00;14,024
27.04. 14:15;12,873
27.04. 14:30;11,782
27.04. 14:45;10,847
27.04. 15:00;10,1
27.04. 15:15;9,5295
27.04. 15:30;9,0574
27.04. 15:45;8,6345
27.04. 16:00;8,2215
27.04. 16:15;7,838
27.04. 16:30;7,5626
27.04. 16:45;7,4446
27.04. 17:00;7,5233
27.04. 17:15;7,7298
27.04. 17:30;7,9756
27.04. 17:45;8,1822
27.04. 18:00;8,2707
27.04. 18:15;8,2903
27.04. 18:30;8,2707
27.04. 18:45;8,2707
27.04. 19:00;8,3297
27.04. 19:15;8,4378
27.04. 19:30;8,5854
27.04. 19:45;8,7329
27.04. 20:00;8,8607
27.04. 20:15;8,9689
27.04. 20:30;9,0181
27.04. 20:45;9,0082
27.04. 21:00;8,9099
27.04. 21:15;8,7525
27.04. 21:30;8,5657
27.04. 21:45;8,3592
27.04. 22:00;8,1723
27.04. 22:15;7,9855
27.04. 22:30;7,8085
27.04. 22:45;7,6314
27.04. 23:00;7,4446
27.04. 23:15;7,2577
27.04. 23:30;7,0709
27.04. 23:45;6,8939
28.04. 00:00;6,7168
28.04. 00:15;6,5398
28.04. 00:30;6,353
28.04. 00:45;6,1563
28.04. 01:00;5,9301
28.04. 01:15;5,6941
28.04. 01:30;5,458
28.04. 01:45;5,2417
28.04. 02:00;5,0352
28.04. 02:15;4,868
28.04. 02:30;4,7205
28.04. 02:45;4,5926
28.04. 03:00;4,4943
28.04. 03:15;4,4156
28.04. 03:30;4,3566
28.04. 03:45;4,3173
28.04. 04:00;4,2878
28.04. 04:15;4,2779
28.04. 04:30;4,2878
28.04. 04:45;4,3173
28.04. 05:00;4,3763
28.04. 05:15;4,4353
28.04. 05:30;4,4845
28.04. 05:45;4,5041
28.04. 06:00;4,4845
28.04. 06:15;4,4549
28.04. 06:30;4,4451
28.04. 06:45;4,5041
28.04. 07:00;4,6418
28.04. 07:15;4,8287
28.04. 07:30;5,0155
28.04. 07:45;5,1434
28.04. 08:00;5,1925
28.04. 08:15;5,2024
28.04. 08:30;5,222
28.04. 08:45;5,3302
28.04. 09:00;5,5466
28.04. 09:15;5,8514
28.04. 09:30;6,1661
28.04. 09:45;6,4316
28.04. 10:00;6,6087
28.04. 10:15;6,7365
28.04. 10:30;6,8447
28.04. 10:45;6,9824
28.04. 11:00;7,1889
28.04. 11:15;7,4347
28.04. 11:30;7,6904
28.04. 11:45;7,9068
28.04. 12:00;8,0543
28.04. 12:15;8,1428
28.04. 12:30;8,1822
28.04. 12:45;8,1822
28.04. 13:00;8,1428
28.04. 13:15;8,074
28.04. 13:30;7,956
28.04. 13:45;7,8085
28.04. 14:00;7,6216
28.04. 14:15;7,4052
28.04. 14:30;7,1889
28.04. 14:45;6,9824
28.04. 15:00;6,8054
28.04. 15:15;6,648
28.04. 15:30;6,5005
28.04. 15:45;6,3431
28.04. 16:00;6,176
28.04. 16:15;6,0481
28.04. 16:30;6,0186
28.04. 16:45;6,1563
28.04. 17:00;6,4808
28.04. 17:15;6,9234
28.04. 17:30;7,3757
28.04. 17:45;7,7199
28.04. 18:00;7,8773
28.04. 18:15;7,9068
28.04. 18:30;7,8871
28.04. 18:45;7,9068
28.04. 19:00;8,0051
28.04. 19:15;8,1723
28.04. 19:30;8,369
28.04. 19:45;8,546
28.04. 20:00;8,664
28.04. 20:15;8,723
28.04. 20:30;8,7132
28.04. 20:45;8,6345
28.04. 21:00;8,4969
28.04. 21:15;8,3002
28.04. 21:30;8,0641
28.04. 21:45;7,8085
28.04. 22:00;7,5429
28.04. 22:15;7,2872
28.04. 22:30;7,0315
28.04. 22:45;6,7955
28.04. 23:00;6,589
28.04. 23:15;6,4218
28.04. 23:30;6,3038
28.04. 23:45;6,2448
29.04. 00:00;7,1791
29.04. 00:15;6,8939
29.04. 00:30;6,5988
29.04. 00:45;6,3431
29.04. 01:00;6,1268
29.04. 01:15;5,9596
29.04. 01:30;5,8219
29.04. 01:45;5,6941
29.04. 02:00;5,5761
29.04. 02:15;5,4679
29.04. 02:30;5,3794
29.04. 02:45;5,3302
29.04. 03:00;5,3204
29.04. 03:15;5,3695
29.04. 03:30;5,4876
29.04. 03:45;5,6941
29.04. 04:00;5,9891
29.04. 04:15;6,3333
29.04. 04:30;6,6873
29.04. 04:45;6,9824
29.04. 05:00;7,1987
29.04. 05:15;7,3462
29.04. 05:30;7,4446
29.04. 05:45;7,5331
29.04. 06:00;7,6413
29.04. 06:15;7,7986
29.04. 06:30;8,0543
29.04. 06:45;8,4575
29.04. 07:00;9,0377
29.04. 07:15;9,8737
29.04. 07:30;11,005
29.04. 07:45;12,499
29.04. 08:00;14,348
29.04. 08:15;16,345
29.04. 08:30;18,213
29.04. 08:45;19,669
29.04. 09:00;20,505
29.04. 09:15;20,859
29.04. 09:30;20,908
29.04. 09:45;20,859
29.04. 10:00;20,868
29.04. 10:15;20,957
29.04. 10:30;21,104
29.04. 10:45;21,321
29.04. 11:00;21,557
29.04. 11:15;21,754
29.04. 11:30;21,832
29.04. 11:45;21,685
29.04. 12:00;21,272
29.04. 12:15;20,632
29.04. 12:30;19,855
29.04. 12:45;19,02
29.04. 13:00;18,193
29.04. 13:15;17,446
29.04. 13:30;16,807
29.04. 13:45;16,354
29.04. 14:00;16,118
29.04. 14:15;16,089
29.04. 14:30;16,236
29.04. 14:45;16,541
29.04. 15:00;16,964
29.04. 15:15;17,436
29.04. 15:30;17,839
29.04. 15:45;18,105
29.04. 16:00;18,144
29.04. 16:15;18,056
29.04. 16:30;17,908
29.04. 16:45;17,83
29.04. 17:00;17,849
29.04. 17:15;17,869
29.04. 17:30;17,702
29.04. 17:45;17,181
29.04. 18:00;16,207
29.04. 18:15;14,899
29.04. 18:30;13,473
29.04. 18:45;12,126
29.04. 19:00;11,024
29.04. 19:15;10,169
29.04. 19:30;9,5688
29.04. 19:45;9,1853
29.04. 20:00;9,0082
29.04. 20:15;8,9591
29.04. 20:30;8,9591
29.04. 20:45;8,9099
29.04. 21:00;8,7722
29.04. 21:15;8,5755
29.04. 21:30;8,3592
29.04. 21:45;8,1822
29.04. 22:00;8,074
29.04. 22:15;8,0346
29.04. 22:30;8,0248
29.04. 22:45;7,9953
29.04. 23:00;7,9265
29.04. 23:15;7,8183
29.04. 23:30;7,6609
29.04. 23:45;7,4446
30.04. 00:00;7,1791
30.04. 00:15;6,8939
30.04. 00:30;6,5988
30.04. 00:45;6,3431
30.04. 01:00;6,1268
30.04. 01:15;5,9596
30.04. 01:30;5,8219
30.04. 01:45;5,6941
30.04. 02:00;5,5761
30.04. 02:15;5,4679
30.04. 02:30;5,3794
30.04. 02:45;5,3302
30.04. 03:00;5,3204
30.04. 03:15;5,3695
30.04. 03:30;5,4876
30.04. 03:45;5,6941
30.04. 04:00;5,9891
30.04. 04:15;6,3333
30.04. 04:30;6,6873
30.04. 04:45;6,9824
30.04. 05:00;7,1987
30.04. 05:15;7,3462
30.04. 05:30;7,4446
30.04. 05:45;7,5331
30.04. 06:00;7,6413
30.04. 06:15;7,7986
30.04. 06:30;8,0543
30.04. 06:45;8,4575
30.04. 07:00;9,0377
30.04. 07:15;9,8737
30.04. 07:30;11,005
30.04. 07:45;12,499
30.04. 08:00;14,348
30.04. 08:15;16,345
30.04. 08:30;18,213
30.04. 08:45;19,669
30.04. 09:00;20,505
30.04. 09:15;20,859
30.04. 09:30;20,908
30.04. 09:45;20,859
30.04. 10:00;20,868
30.04. 10:15;20,957
30.04. 10:30;21,104
30.04. 10:45;21,321
30.04. 11:00;21,557
30.04. 11:15;21,754
30.04. 11:30;21,832
30.04. 11:45;21,685
30.04. 12:00;21,272
30.04. 12:15;20,632
30.04. 12:30;19,855
30.04. 12:45;19,02
30.04. 13:00;18,193
30.04. 13:15;17,446
30.04. 13:30;16,807
30.04. 13:45;16,354
30.04. 14:00;16,118
30.04. 14:15;16,089
30.04. 14:30;16,236
30.04. 14:45;16,541
30.04. 15:00;16,964
30.04. 15:15;17,436
30.04. 15:30;17,839
30.04. 15:45;18,105
30.04. 16:00;18,144
30.04. 16:15;18,056
30.04. 16:30;17,908
30.04. 16:45;17,83
30.04. 17:00;17,849
30.04. 17:15;17,869
30.04. 17:30;17,702
30.04. 17:45;17,181
30.04. 18:00;16,207
30.04. 18:15;14,899
30.04. 18:30;13,473
30.04. 18:45;12,126
30.04. 19:00;11,024
30.04. 19:15;10,169
30.04. 19:30;9,5688
30.04. 19:45;9,1853
30.04. 20:00;9,0082
30.04. 20:15;8,9591
30.04. 20:30;8,9591
30.04. 20:45;8,9099
30.04. 21:00;8,7722
30.04. 21:15;8,5755
30.04. 21:30;8,3592
30.04. 21:45;8,1822
30.04. 22:00;8,074
30.04. 22:15;8,0346
30.04. 22:30;8,0248
30.04. 22:45;7,9953
30.04. 23:00;7,9265
30.04. 23:15;7,8183
30.04. 23:30;7,6609
30.04. 23:45;7,4446
01.05. 00:00;7,1791
01.05. 00:15;6,8939
01.05. 00:30;6,5988
01.05. 00:45;6,3431
01.05. 01:00;6,1268
01.05. 01:15;5,9596
01.05. 01:30;5,8219
01.05. 01:45;5,6941
01.05. 02:00;5,5761
01.05. 02:15;5,4679
01.05. 02:30;5,3794
01.05. 02:45;5,3302
01.05. 03:00;5,3204
01.05. 03:15;5,3695
01.05. 03:30;5,4876
01.05. 03:45;5,6941
01.05. 04:00;5,9891
01.05. 04:15;6,3333
01.05. 04:30;6,6873
01.05. 04:45;6,9824
01.05. 05:00;7,1987
01.05. 05:15;7,3462
01.05. 05:30;7,4446
01.05. 05:45;7,5331
01.05. 06:00;7,6413
01.05. 06:15;7,7986
01.05. 06:30;8,0543
01.05. 06:45;8,4575
01.05. 07:00;9,0377
01.05. 07:15;9,8737
01.05. 07:30;11,005
01.05. 07:45;12,499
01.05. 08:00;14,348
01.05. 08:15;16,345
01.05. 08:30;18,213
01.05. 08:45;19,669
01.05. 09:00;20,505
01.05. 09:15;20,859
01.05. 09:30;20,908
01.05. 09:45;20,859
01.05. 10:00;20,868
01.05. 10:15;20,957
01.05. 10:30;21,104
01.05. 10:45;21,321
01.05. 11:00;21,557
01.05. 11:15;21,754
01.05. 11:30;21,832
01.05. 11:45;21,685
01.05. 12:00;21,272
01.05. 12:15;20,632
01.05. 12:30;19,855
01.05. 12:45;19,02
01.05. 13:00;18,193
01.05. 13:15;17,446
01.05. 13:30;16,807
01.05. 13:45;16,354
01.05. 14:00;16,118
01.05. 14:15;16,089
01.05. 14:30;16,236
01.05. 14:45;16,541
01.05. 15:00;16,964
01.05. 15:15;17,436
01.05. 15:30;17,839
01.05. 15:45;18,105
01.05. 16:00;18,144
01.05. 16:15;18,056
01.05. 16:30;17,908
01.05. 16:45;17,83
01.05. 17:00;17,849
01.05. 17:15;17,869
01.05. 17:30;17,702
01.05. 17:45;17,181
01.05. 18:00;16,207
01.05. 18:15;14,899
01.05. 18:30;13,473
01.05. 18:45;12,126
01.05. 19:00;11,024
01.05. 19:15;10,169
01.05. 19:30;9,5688
01.05. 19:45;9,1853
01.05. 20:00;9,0082
01.05. 20:15;8,9591
01.05. 20:30;8,9591
01.05. 20:45;8,9099
01.05. 21:00;8,7722
01.05. 21:15;8,5755
01.05. 21:30;8,3592
01.05. 21:45;8,1822
01.05. 22:00;8,074
01.05. 22:15;8,0346
01.05. 22:30;8,0248
01.05. 22:45;7,9953
01.05. 23:00;7,9265
01.05. 23:15;7,8183
01.05. 23:30;7,6609
01.05. 23:45;7,4446
02.05. 00:00;7,1791
02.05. 00:15;6,8939
02.05. 00:30;6,5988
02.05. 00:45;6,3431
02.05. 01:00;6,1268
02.05. 01:15;5,9596
02.05. 01:30;5,8219
02.05. 01:45;5,6941
02.05. 02:00;5,5761
02.05. 02:15;5,4679
02.05. 02:30;5,3794
02.05. 02:45;5,3302
02.05. 03:00;5,3204
02.05. 03:15;5,3695
02.05. 03:30;5,4876
02.05. 03:45;5,6941
02.05. 04:00;5,9891
02.05. 04:15;6,3333
02.05. 04:30;6,6873
02.05. 04:45;6,9824
02.05. 05:00;7,1987
02.05. 05:15;7,3462
02.05. 05:30;7,4446
02.05. 05:45;7,5331
02.05. 06:00;7,6413
02.05. 06:15;7,7986
02.05. 06:30;8,0543
02.05. 06:45;8,4575
02.05. 07:00;9,0377
02.05. 07:15;9,8737
02.05. 07:30;11,005
02.05. 07:45;12,499
02.05. 08:00;14,348
02.05. 08:15;16,345
02.05. 08:30;18,213
02.05. 08:45;19,669
02.05. 09:00;20,505
02.05. 09:15;20,859
02.05. 09:30;20,908
02.05. 09:45;20,859
02.05. 10:00;20,868
02.05. 10:15;20,957
02.05. 10:30;21,104
02.05. 10:45;21,321
02.05. 11:00;21,557
02.05. 11:15;21,754
02.05. 11:30;21,832
02.05. 11:45;21,685
02.05. 12:00;21,272
02.05. 12:15;20,632
02.05. 12:30;19,855
02.05. 12:45;19,02
02.05. 13:00;18,193
02.05. 13:15;17,446
02.05. 13:30;16,807
02.05. 13:45;16,354
02.05. 14:00;16,118
02.05. 14:15;16,089
02.05. 14:30;16,236
02.05. 14:45;16,541
02.05. 15:00;16,964
02.05. 15:15;17,436
02.05. 15:30;17,839
02.05. 15:45;18,105
02.05. 16:00;18,144
02.05. 16:15;18,056
02.05. 16:30;17,908
02.05. 16:45;17,83
02.05. 17:00;17,849
02.05. 17:15;17,869
02.05. 17:30;17,702
02.05. 17:45;17,181
02.05. 18:00;16,207
02.05. 18:15;14,899
02.05. 18:30;13,473
02.05. 18:45;12,126
02.05. 19:00;11,024
02.05. 19:15;10,169
02.05. 19:30;9,5688
02.05. 19:45;9,1853
02.05. 20:00;9,0082
02.05. 20:15;8,9591
02.05. 20:30;8,9591
02.05. 20:45;8,9099
02.05. 21:00;8,7722
02.05. 21:15;8,5755
02.05. 21:30;8,3592
02.05. 21:45;8,1822
02.05. 22:00;8,074
02.05. 22:15;8,0346
02.05. 22:30;8,0248
02.05. 22:45;7,9953
02.05. 23:00;7,9265
02.05. 23:15;7,8183
02.05. 23:30;7,6609
02.05. 23:45;7,4446
03.05. 00:00;7,1791
03.05. 00:15;6,8939
03.05. 00:30;6,5988
03.05. 00:45;6,3431
03.05. 01:00;6,1268
03.05. 01:15;5,9596
03.05. 01:30;5,8219
03.05. 01:45;5,6941
03.05. 02:00;5,5761
03.05. 02:15;5,4679
03.05. 02:30;5,3794
03.05. 02:45;5,3302
03.05. 03:00;5,3204
03.05. 03:15;5,3695
03.05. 03:30;5,4876
03.05. 03:45;5,6941
03.05. 04:00;5,9891
03.05. 04:15;6,3333
03.05. 04:30;6,6873
03.05. 04:45;6,9824
03.05. 05:00;7,1987
03.05. 05:15;7,3462
03.05. 05:30;7,4446
03.05. 05:45;7,5331
03.05. 06:00;7,6413
03.05. 06:15;7,7986
03.05. 06:30;8,0543
03.05. 06:45;8,4575
03.05. 07:00;9,0377
03.05. 07:15;9,8737
03.05. 07:30;11,005
03.05. 07:45;12,499
03.05. 08:00;14,348
03.05. 08:15;16,345
03.05. 08:30;18,213
03.05. 08:45;19,669
03.05. 09:00;20,505
03.05. 09:15;20,859
03.05. 09:30;20,908
03.05. 09:45;20,859
03.05. 10:00;20,868
03.05. 10:15;20,957
03.05. 10:30;21,104
03.05. 10:45;21,321
03.05. 11:00;21,557
03.05. 11:15;21,754
03.05. 11:30;21,832
03.05. 11:45;21,685
03.05. 12:00;21,272
03.05. 12:15;20,632
03.05. 12:30;19,855
03.05. 12:45;19,02
03.05. 13:00;18,193
03.05. 13:15;17,446
03.05. 13:30;16,807
03.05. 13:45;16,354
03.05. 14:00;16,118
03.05. 14:15;16,089
03.05. 14:30;16,236
03.05. 14:45;16,541
03.05. 15:00;16,964
03.05. 15:15;17,436
03.05. 15:30;17,839
03.05. 15:45;18,105
03.05. 16:00;18,144
03.05. 16:15;18,056
03.05. 16:30;17,908
03.05. 16:45;17,83
03.05. 17:00;17,849
03.05. 17:15;17,869
03.05. 17:30;17,702
03.05. 17:45;17,181
03.05. 18:00;16,207
03.05. 18:15;14,899
03.05. 18:30;13,473
03.05. 18:45;12,126
03.05. 19:00;11,024
03.05. 19:15;10,169
03.05. 19:30;9,5688
03.05. 19:45;9,1853
03.05. 20:00;9,0082
03.05. 20:15;8,9591
03.05. 20:30;8,9591
03.05. 20:45;8,9099
03.05. 21:00;8,7722
03.05. 21:15;8,5755
03.05. 21:30;8,3592
03.05. 21:45;8,1822
03.05. 22:00;8,074
03.05. 22:15;8,0346
03.05. 22:30;8,0248
03.05. 22:45;7,9953
03.05. 23:00;7,9265
03.05. 23:15;7,8183
03.05. 23:30;7,6609
03.05. 23:45;7,4446
04.05. 00:00;7,4544
04.05. 00:15;7,5429
04.05. 00:30;7,6413
04.05. 00:45;7,7199
04.05. 01:00;7,7199
04.05. 01:15;7,6511
04.05. 01:30;7,5331
04.05. 01:45;7,3462
04.05. 02:00;7,1397
04.05. 02:15;6,9234
04.05. 02:30;6,7365
04.05. 02:45;6,6185
04.05. 03:00;6,589
04.05. 03:15;6,6382
04.05. 03:30;6,7168
04.05. 03:45;6,7955
04.05. 04:00;6,8545
04.05. 04:15;6,8939
04.05. 04:30;6,9332
04.05. 04:45;6,9824
04.05. 05:00;7,061
04.05. 05:15;7,1299
04.05. 05:30;7,1791
04.05. 05:45;7,1692
04.05. 06:00;7,1004
04.05. 06:15;7,1004
04.05. 06:30;7,3167
04.05. 06:45;7,9068
04.05. 07:00;8,9492
04.05. 07:15;10,346
04.05. 07:30;11,919
04.05. 07:45;13,512
04.05. 08:00;14,958
04.05. 08:15;16,217
04.05. 08:30;17,22
04.05. 08:45;17,918
04.05. 09:00;18,302
04.05. 09:15;18,439
04.05. 09:30;18,459
04.05. 09:45;18,469
04.05. 10:00;18,557
04.05. 10:15;18,695
04.05. 10:30;18,872
04.05. 10:45;19,02
04.05. 11:00;19,128
04.05. 11:15;19,187
04.05. 11:30;19,206
04.05. 11:45;19,206
04.05. 12:00;19,167
04.05. 12:15;19,069
04.05. 12:30;18,852
04.05. 12:45;18,469
04.05. 13:00;17,889
04.05. 13:15;17,122
04.05. 13:30;16,207
04.05. 13:45;15,165
04.05. 14:00;14,024
04.05. 14:15;12,873
04.05. 14:30;11,782
04.05. 14:45;10,847
04.05. 15:00;10,1
04.05. 15:15;9,5295
04.05. 15:30;9,0574
04.05. 15:45;8,6345
04.05. 16:00;8,2215
04.05. 16:15;7,838
04.05. 16:30;7,5626
04.05. 16:45;7,4446
04.05. 17:00;7,5233
04.05. 17:15;7,7298
04.05. 17:30;7,9756
04.05. 17:45;8,1822
04.05. 18:00;8,2707
04.05. 18:15;8,2903
04.05. 18:30;8,2707
04.05. 18:45;8,2707
04.05. 19:00;8,3297
04.05. 19:15;8,4378
04.05. 19:30;8,5854
04.05. 19:45;8,7329
04.05. 20:00;8,8607
04.05. 20:15;8,9689
04.05. 20:30;9,0181
04.05. 20:45;9,0082
04.05. 21:00;8,9099
04.05. 21:15;8,7525
04.05. 21:30;8,5657
04.05. 21:45;8,3592
04.05. 22:00;8,1723
04.05. 22:15;7,9855
04.05. 22:30;7,8085
04.05. 22:45;7,6314
04.05. 23:00;7,4446
04.05. 23:15;7,2577
04.05. 23:30;7,0709
04.05. 23:45;6,8939
05.05. 00:00;6,7168
05.05. 00:15;6,5398
05.05. 00:30;6,353
05.05. 00:45;6,1563
05.05. 01:00;5,9301
05.05. 01:15;5,6941
05.05. 01:30;5,458
05.05. 01:45;5,2417
05.05. 02:00;5,0352
05.05. 02:15;4,868
05.05. 02:30;4,7205
05.05. 02:45;4,5926
05.05. 03:00;4,4943
05.05. 03:15;4,4156
05.05. 03:30;4,3566
05.05. 03:45;4,3173
05.05. 04:00;4,2878
05.05. 04:15;4,2779
05.05. 04:30;4,2878
05.05. 04:45;4,3173
05.05. 05:00;4,3763
05.05. 05:15;4,4353
05.05. 05:30;4,4845
05.05. 05:45;4,5041
05.05. 06:00;4,4845
05.05. 06:15;4,4549
05.05. 06:30;4,4451
05.05. 06:45;4,5041
05.05. 07:00;4,6418
05.05. 07:15;4,8287
05.05. 07:30;5,0155
05.05. 07:45;5,1434
05.05. 08:00;5,1925
05.05. 08:15;5,2024
05.05. 08:30;5,222
05.05. 08:45;5,3302
05.05. 09:00;5,5466
05.05. 09:15;5,8514
05.05. 09:30;6,1661
05.05. 09:45;6,4316
05.05. 10:00;6,6087
05.05. 10:15;6,7365
05.05. 10:30;6,8447
05.05. 10:45;6,9824
05.05. 11:00;7,1889
05.05. 11:15;7,4347
05.05. 11:30;7,6904
05.05. 11:45;7,9068
05.05. 12:00;8,0543
05.05. 12:15;8,1428
05.05. 12:30;8,1822
05.05. 12:45;8,1822
05.05. 13:00;8,1428
05.05. 13:15;8,074
05.05. 13:30;7,956
05.05. 13:45;7,8085
05.05. 14:00;7,6216
05.05. 14:15;7,4052
05.05. 14:30;7,1889
05.05. 14:45;6,9824
05.05. 15:00;6,8054
05.05. 15:15;6,648
05.05. 15:30;6,5005
05.05. 15:45;6,3431
05.05. 16:00;6,176
05.05. 16:15;6,0481
05.05. 16:30;6,0186
05.05. 16:45;6,1563
05.05. 17:00;6,4808
05.05. 17:15;6,9234
05.05. 17:30;7,3757
05.05. 17:45;7,7199
05.05. 18:00;7,8773
05.05. 18:15;7,9068
05.05. 18:30;7,8871
05.05. 18:45;7,9068
05.05. 19:00;8,0051
05.05. 19:15;8,1723
05.05. 19:30;8,369
05.05. 19:45;8,546
05.05. 20:00;8,664
05.05. 20:15;8,723
05.05. 20:30;8,7132
05.05. 20:45;8,6345
05.05. 21:00;8,4969
05.05. 21:15;8,3002
05.05. 21:30;8,0641
05.05. 21:45;7,8085
05.05. 22:00;7,5429
05.05. 22:15;7,2872
05.05. 22:30;7,0315
05.05. 22:45;6,7955
05.05. 23:00;6,589
05.05. 23:15;6,4218
05.05. 23:30;6,3038
05.05. 23:45;6,2448
06.05. 00:00;7,1791
06.05. 00:15;6,8939
06.05. 00:30;6,5988
06.05. 00:45;6,3431
06.05. 01:00;6,1268
06.05. 01:15;5,9596
06.05. 01:30;5,8219
06.05. 01:45;5,6941
06.05. 02:00;5,5761
06.05. 02:15;5,4679
06.05. 02:30;5,3794
06.05. 02:45;5,3302
06.05. 03:00;5,3204
06.05. 03:15;5,3695
06.05. 03:30;5,4876
06.05. 03:45;5,6941
06.05. 04:00;5,9891
06.05. 04:15;6,3333
06.05. 04:30;6,6873
06.05. 04:45;6,9824
06.05. 05:00;7,1987
06.05. 05:15;7,3462
06.05. 05:30;7,4446
06.05. 05:45;7,5331
06.05. 06:00;7,6413
06.05. 06:15;7,7986
06.05. 06:30;8,0543
06.05. 06:45;8,4575
06.05. 07:00;9,0377
06.05. 07:15;9,8737
06.05. 07:30;11,005
06.05. 07:45;12,499
06.05. 08:00;14,348
06.05. 08:15;16,345
06.05. 08:30;18,213
06.05. 08:45;19,669
06.05. 09:00;20,505
06.05. 09:15;20,859
06.05. 09:30;20,908
06.05. 09:45;20,859
06.05. 10:00;20,868
06.05. 10:15;20,957
06.05. 10:30;21,104
06.05. 10:45;21,321
06.05. 11:00;21,557
06.05. 11:15;21,754
06.05. 11:30;21,832
06.05. 11:45;21,685
06.05. 12:00;21,272
06.05. 12:15;20,632
06.05. 12:30;19,855
06.05. 12:45;19,02
06.05. 13:00;18,193
06.05. 13:15;17,446
06.05. 13:30;16,807
06.05. 13:45;16,354
06.05. 14:00;16,118
06.05. 14:15;16,089
06.05. 14:30;16,236
06.05. 14:45;16,541
06.05. 15:00;16,964
06.05. 15:15;17,436
06.05. 15:30;17,839
06.05. 15:45;18,105
06.05. 16:00;18,144
06.05. 16:15;18,056
06.05. 16:30;17,908
06.05. 16:45;17,83
06.05. 17:00;17,849
06.05. 17:15;17,869
06.05. 17:30;17,702
06.05. 17:45;17,181
06.05. 18:00;16,207
06.05. 18:15;14,899
06.05. 18:30;13,473
06.05. 18:45;12,126
06.05. 19:00;11,024
06.05. 19:15;10,169
06.05. 19:30;9,5688
06.05. 19:45;9,1853
06.05. 20:00;9,0082
06.05. 20:15;8,9591
06.05. 20:30;8,9591
06.05. 20:45;8,9099
06.05. 21:00;8,7722
06.05. 21:15;8,5755
06.05. 21:30;8,3592
06.05. 21:45;8,1822
06.05. 22:00;8,074
06.05. 22:15;8,0346
06.05. 22:30;8,0248
06.05. 22:45;7,9953
06.05. 23:00;7,9265
06.05. 23:15;7,8183
06.05. 23:30;7,6609
06.05. 23:45;7,4446
07.05. 00:00;7,1791
07.05. 00:15;6,8939
07.05. 00:30;6,5988
07.05. 00:45;6,3431
07.05. 01:00;6,1268
07.05. 01:15;5,9596
07.05. 01:30;5,8219
07.05. 01:45;5,6941
07.05. 02:00;5,5761
07.05. 02:15;5,4679
07.05. 02:30;5,3794
07.05. 02:45;5,3302
07.05. 03:00;5,3204
07.05. 03:15;5,3695
07.05. 03:30;5,4876
07.05. 03:45;5,6941
07.05. 04:00;5,9891
07.05. 04:15;6,3333
07.05. 04:30;6,6873
07.05. 04:45;6,9824
07.05. 05:00;7,1987
07.05. 05:15;7,3462
07.05. 05:30;7,4446
07.05. 05:45;7,5331
07.05. 06:00;7,6413
07.05. 06:15;7,7986
07.05. 06:30;8,0543
07.05. 06:45;8,4575
07.05. 07:00;9,0377
07.05. 07:15;9,8737
07.05. 07:30;11,005
07.05. 07:45;12,499
07.05. 08:00;14,348
07.05. 08:15;16,345
07.05. 08:30;18,213
07.05. 08:45;19,669
07.05. 09:00;20,505
07.05. 09:15;20,859
07.05. 09:30;20,908
07.05. 09:45;20,859
07.05. 10:00;20,868
07.05. 10:15;20,957
07.05. 10:30;21,104
07.05. 10:45;21,321
07.05. 11:00;21,557
07.05. 11:15;21,754
07.05. 11:30;21,832
07.05. 11:45;21,685
07.05. 12:00;21,272
07.05. 12:15;20,632
07.05. 12:30;19,855
07.05. 12:45;19,02
07.05. 13:00;18,193
07.05. 13:15;17,446
07.05. 13:30;16,807
07.05. 13:45;16,354
07.05. 14:00;16,118
07.05. 14:15;16,089
07.05. 14:30;16,236
07.05. 14:45;16,541
07.05. 15:00;16,964
07.05. 15:15;17,436
07.05. 15:30;17,839
07.05. 15:45;18,105
07.05. 16:00;18,144
07.05. 16:15;18,056
07.05. 16:30;17,908
07.05. 16:45;17,83
07.05. 17:00;17,849
07.05. 17:15;17,869
07.05. 17:30;17,702
07.05. 17:45;17,181
07.05. 18:00;16,207
07.05. 18:15;14,899
07.05. 18:30;13,473
07.05. 18:45;12,126
07.05. 19:00;11,024
07.05. 19:15;10,169
07.05. 19:30;9,5688
07.05. 19:45;9,1853
07.05. 20:00;9,0082
07.05. 20:15;8,9591
07.05. 20:30;8,9591
07.05. 20:45;8,9099
07.05. 21:00;8,7722
07.05. 21:15;8,5755
07.05. 21:30;8,3592
07.05. 21:45;8,1822
07.05. 22:00;8,074
07.05. 22:15;8,0346
07.05. 22:30;8,0248
07.05. 22:45;7,9953
07.05. 23:00;7,9265
07.05. 23:15;7,8183
07.05. 23:30;7,6609
07.05. 23:45;7,4446
08.05. 00:00;7,1791
08.05. 00:15;6,8939
08.05. 00:30;6,5988
08.05. 00:45;6,3431
08.05. 01:00;6,1268
08.05. 01:15;5,9596
08.05. 01:30;5,8219
08.05. 01:45;5,6941
08.05. 02:00;5,5761
08.05. 02:15;5,4679
08.05. 02:30;5,3794
08.05. 02:45;5,3302
08.05. 03:00;5,3204
08.05. 03:15;5,3695
08.05. 03:30;5,4876
08.05. 03:45;5,6941
08.05. 04:00;5,9891
08.05. 04:15;6,3333
08.05. 04:30;6,6873
08.05. 04:45;6,9824
08.05. 05:00;7,1987
08.05. 05:15;7,3462
08.05. 05:30;7,4446
08.05. 05:45;7,5331
08.05. 06:00;7,6413
08.05. 06:15;7,7986
08.05. 06:30;8,0543
08.05. 06:45;8,4575
08.05. 07:00;9,0377
08.05. 07:15;9,8737
08.05. 07:30;11,005
08.05. 07:45;12,499
08.05. 08:00;14,348
08.05. 08:15;16,345
08.05. 08:30;18,213
08.05. 08:45;19,669
08.05. 09:00;20,505
08.05. 09:15;20,859
08.05. 09:30;20,908
08.05. 09:45;20,859
08.05. 10:00;20,868
08.05. 10:15;20,957
08.05. 10:30;21,104
08.05. 10:45;21,321
08.05. 11:00;21,557
08.05. 11:15;21,754
08.05. 11:30;21,832
08.05. 11:45;21,685
08.05. 12:00;21,272
08.05. 12:15;20,632
08.05. 12:30;19,855
08.05. 12:45;19,02
08.05. 13:00;18,193
08.05. 13:15;17,446
08.05. 13:30;16,807
08.05. 13:45;16,354
08.05. 14:00;16,118
08.05. 14:15;16,089
08.05. 14:30;16,236
08.05. 14:45;16,541
08.05. 15:00;16,964
08.05. 15:15;17,436
08.05. 15:30;17,839
08.05. 15:45;18,105
08.05. 16:00;18,144
08.05. 16:15;18,056
08.05. 16:30;17,908
08.05. 16:45;17,83
08.05. 17:00;17,849
08.05. 17:15;17,869
08.05. 17:30;17,702
08.05. 17:45;17,181
08.05. 18:00;16,207
08.05. 18:15;14,899
08.05. 18:30;13,473
08.05. 18:45;12,126
08.05. 19:00;11,024
08.05. 19:15;10,169
08.05. 19:30;9,5688
08.05. 19:45;9,1853
08.05. 20:00;9,0082
08.05. 20:15;8,9591
08.05. 20:30;8,9591
08.05. 20:45;8,9099
08.05. 21:00;8,7722
08.05. 21:15;8,5755
08.05. 21:30;8,3592
08.05. 21:45;8,1822
08.05. 22:00;8,074
08.05. 22:15;8,0346
08.05. 22:30;8,0248
08.05. 22:45;7,9953
08.05. 23:00;7,9265
08.05. 23:15;7,8183
08.05. 23:30;7,6609
08.05. 23:45;7,4446
09.05. 00:00;7,1791
09.05. 00:15;6,8939
09.05. 00:30;6,5988
09.05. 00:45;6,3431
09.05. 01:00;6,1268
09.05. 01:15;5,9596
09.05. 01:30;5,8219
09.05. 01:45;5,6941
09.05. 02:00;5,5761
09.05. 02:15;5,4679
09.05. 02:30;5,3794
09.05. 02:45;5,3302
09.05. 03:00;5,3204
09.05. 03:15;5,3695
09.05. 03:30;5,4876
09.05. 03:45;5,6941
09.05. 04:00;5,9891
09.05. 04:15;6,3333
09.05. 04:30;6,6873
09.05. 04:45;6,9824
09.05. 05:00;7,1987
09.05. 05:15;7,3462
09.05. 05:30;7,4446
09.05. 05:45;7,5331
09.05. 06:00;7,6413
09.05. 06:15;7,7986
09.05. 06:30;8,0543
09.05. 06:45;8,4575
09.05. 07:00;9,0377
09.05. 07:15;9,8737
09.05. 07:30;11,005
09.05. 07:45;12,499
09.05. 08:00;14,348
09.05. 08:15;16,345
09.05. 08:30;18,213
09.05. 08:45;19,669
09.05. 09:00;20,505
09.05. 09:15;20,859
09.05. 09:30;20,908
09.05. 09:45;20,859
09.05. 10:00;20,868
09.05. 10:15;20,957
09.05. 10:30;21,104
09.05. 10:45;21,321
09.05. 11:00;21,557
09.05. 11:15;21,754
09.05. 11:30;21,832
09.05. 11:45;21,685
09.05. 12:00;21,272
09.05. 12:15;20,632
09.05. 12:30;19,855
09.05. 12:45;19,02
09.05. 13:00;18,193
09.05. 13:15;17,446
09.05. 13:30;16,807
09.05. 13:45;16,354
09.05. 14:00;16,118
09.05. 14:15;16,089
09.05. 14:30;16,236
09.05. 14:45;16,541
09.05. 15:00;16,964
09.05. 15:15;17,436
09.05. 15:30;17,839
09.05. 15:45;18,105
09.05. 16:00;18,144
09.05. 16:15;18,056
09.05. 16:30;17,908
09.05. 16:45;17,83
09.05. 17:00;17,849
09.05. 17:15;17,869
09.05. 17:30;17,702
09.05. 17:45;17,181
09.05. 18:00;16,207
09.05. 18:15;14,899
09.05. 18:30;13,473
09.05. 18:45;12,126
09.05. 19:00;11,024
09.05. 19:15;10,169
09.05. 19:30;9,5688
09.05. 19:45;9,1853
09.05. 20:00;9,0082
09.05. 20:15;8,9591
09.05. 20:30;8,9591
09.05. 20:45;8,9099
09.05. 21:00;8,7722
09.05. 21:15;8,5755
09.05. 21:30;8,3592
09.05. 21:45;8,1822
09.05. 22:00;8,074
09.05. 22:15;8,0346
09.05. 22:30;8,0248
09.05. 22:45;7,9953
09.05. 23:00;7,9265
09.05. 23:15;7,8183
09.05. 23:30;7,6609
09.05. 23:45;7,4446
10.05. 00:00;7,1791
10.05. 00:15;6,8939
10.05. 00:30;6,5988
10.05. 00:45;6,3431
10.05. 01:00;6,1268
10.05. 01:15;5,9596
10.05. 01:30;5,8219
10.05. 01:45;5,6941
10.05. 02:00;5,5761
10.05. 02:15;5,4679
10.05. 02:30;5,3794
10.05. 02:45;5,3302
10.05. 03:00;5,3204
10.05. 03:15;5,3695
10.05. 03:30;5,4876
10.05. 03:45;5,6941
10.05. 04:00;5,9891
10.05. 04:15;6,3333
10.05. 04:30;6,6873
10.05. 04:45;6,9824
10.05. 05:00;7,1987
10.05. 05:15;7,3462
10.05. 05:30;7,4446
10.05. 05:45;7,5331
10.05. 06:00;7,6413
10.05. 06:15;7,7986
10.05. 06:30;8,0543
10.05. 06:45;8,4575
10.05. 07:00;9,0377
10.05. 07:15;9,8737
10.05. 07:30;11,005
10.05. 07:45;12,499
10.05. 08:00;14,348
10.05. 08:15;16,345
10.05. 08:30;18,213
10.05. 08:45;19,669
10.05. 09:00;20,505
10.05. 09:15;20,859
10.05. 09:30;20,908
10.05. 09:45;20,859
10.05. 10:00;20,868
10.05. 10:15;20,957
10.05. 10:30;21,104
10.05. 10:45;21,321
10.05. 11:00;21,557
10.05. 11:15;21,754
10.05. 11:30;21,832
10.05. 11:45;21,685
10.05. 12:00;21,272
10.05. 12:15;20,632
10.05. 12:30;19,855
10.05. 12:45;19,02
10.05. 13:00;18,193
10.05. 13:15;17,446
10.05. 13:30;16,807
10.05. 13:45;16,354
10.05. 14:00;16,118
10.05. 14:15;16,089
10.05. 14:30;16,236
10.05. 14:45;16,541
10.05. 15:00;16,964
10.05. 15:15;17,436
10.05. 15:30;17,839
10.05. 15:45;18,105
10.05. 16:00;18,144
10.05. 16:15;18,056
10.05. 16:30;17,908
10.05. 16:45;17,83
10.05. 17:00;17,849
10.05. 17:15;17,869
10.05. 17:30;17,702
10.05. 17:45;17,181
10.05. 18:00;16,207
10.05. 18:15;14,899
10.05. 18:30;13,473
10.05. 18:45;12,126
10.05. 19:00;11,024
10.05. 19:15;10,169
10.05. 19:30;9,5688
10.05. 19:45;9,1853
10.05. 20:00;9,0082
10.05. 20:15;8,9591
10.05. 20:30;8,9591
10.05. 20:45;8,9099
10.05. 21:00;8,7722
10.05. 21:15;8,5755
10.05. 21:30;8,3592
10.05. 21:45;8,1822
10.05. 22:00;8,074
10.05. 22:15;8,0346
10.05. 22:30;8,0248
10.05. 22:45;7,9953
10.05. 23:00;7,9265
10.05. 23:15;7,8183
10.05. 23:30;7,6609
10.05. 23:45;7,4446
11.05. 00:00;7,4544
11.05. 00:15;7,5429
11.05. 00:30;7,6413
11.05. 00:45;7,7199
11.05. 01:00;7,7199
11.05. 01:15;7,6511
11.05. 01:30;7,5331
11.05. 01:45;7,3462
11.05. 02:00;7,1397
11.05. 02:15;6,9234
11.05. 02:30;6,7365
11.05. 02:45;6,6185
11.05. 03:00;6,589
11.05. 03:15;6,6382
11.05. 03:30;6,7168
11.05. 03:45;6,7955
11.05. 04:00;6,8545
11.05. 04:15;6,8939
11.05. 04:30;6,9332
11.05. 04:45;6,9824
11.05. 05:00;7,061
11.05. 05:15;7,1299
11.05. 05:30;7,1791
11.05. 05:45;7,1692
11.05. 06:00;7,1004
11.05. 06:15;7,1004
11.05. 06:30;7,3167
11.05. 06:45;7,9068
11.05. 07:00;8,9492
11.05. 07:15;10,346
11.05. 07:30;11,919
11.05. 07:45;13,512
11.05. 08:00;14,958
11.05. 08:15;16,217
11.05. 08:30;17,22
11.05. 08:45;17,918
11.05. 09:00;18,302
11.05. 09:15;18,439
11.05. 09:30;18,459
11.05. 09:45;18,469
11.05. 10:00;18,557
11.05. 10:15;18,695
11.05. 10:30;18,872
11.05. 10:45;19,02
11.05. 11:00;19,128
11.05. 11:15;19,187
11.05. 11:30;19,206
11.05. 11:45;19,206
11.05. 12:00;19,167
11.05. 12:15;19,069
11.05. 12:30;18,852
11.05. 12:45;18,469
11.05. 13:00;17,889
11.05. 13:15;17,122
11.05. 13:30;16,207
11.05. 13:45;15,165
11.05. 14:00;14,024
11.05. 14:15;12,873
11.05. 14:30;11,782
11.05. 14:45;10,847
11.05. 15:00;10,1
11.05. 15:15;9,5295
11.05. 15:30;9,0574
11.05. 15:45;8,6345
11.05. 16:00;8,2215
11.05. 16:15;7,838
11.05. 16:30;7,5626
11.05. 16:45;7,4446
11.05. 17:00;7,5233
11.05. 17:15;7,7298
11.05. 17:30;7,9756
11.05. 17:45;8,1822
11.05. 18:00;8,2707
11.05. 18:15;8,2903
11.05. 18:30;8,2707
11.05. 18:45;8,2707
11.05. 19:00;8,3297
11.05. 19:15;8,4378
11.05. 19:30;8,5854
11.05. 19:45;8,7329
11.05. 20:00;8,8607
11.05. 20:15;8,9689
11.05. 20:30;9,0181
11.05. 20:45;9,0082
11.05. 21:00;8,9099
11.05. 21:15;8,7525
11.05. 21:30;8,5657
11.05. 21:45;8,3592
11.05. 22:00;8,1723
11.05. 22:15;7,9855
11.05. 22:30;7,8085
11.05. 22:45;7,6314
11.05. 23:00;7,4446
11.05. 23:15;7,2577
11.05. 23:30;7,0709
11.05. 23:45;6,8939
12.05. 00:00;6,7168
12.05. 00:15;6,5398
12.05. 00:30;6,353
12.05. 00:45;6,1563
12.05. 01:00;5,9301
12.05. 01:15;5,6941
12.05. 01:30;5,458
12.05. 01:45;5,2417
12.05. 02:00;5,0352
12.05. 02:15;4,868
12.05. 02:30;4,7205
12.05. 02:45;4,5926
12.05. 03:00;4,4943
12.05. 03:15;4,4156
12.05. 03:30;4,3566
12.05. 03:45;4,3173
12.05. 04:00;4,2878
12.05. 04:15;4,2779
12.05. 04:30;4,2878
12.05. 04:45;4,3173
12.05. 05:00;4,3763
12.05. 05:15;4,4353
12.05. 05:30;4,4845
12.05. 05:45;4,5041
12.05. 06:00;4,4845
12.05. 06:15;4,4549
12.05. 06:30;4,4451
12.05. 06:45;4,5041
12.05. 07:00;4,6418
12.05. 07:15;4,8287
12.05. 07:30;5,0155
12.05. 07:45;5,1434
12.05. 08:00;5,1925
12.05. 08:15;5,2024
12.05. 08:30;5,222
12.05. 08:45;5,3302
12.05. 09:00;5,5466
12.05. 09:15;5,8514
12.05. 09:30;6,1661
12.05. 09:45;6,4316
12.05. 10:00;6,6087
12.05. 10:15;6,7365
12.05. 10:30;6,8447
12.05. 10:45;6,9824
12.05. 11:00;7,1889
12.05. 11:15;7,4347
12.05. 11:30;7,6904
12.05. 11:45;7,9068
12.05. 12:00;8,0543
12.05. 12:15;8,1428
12.05. 12:30;8,1822
12.05. 12:45;8,1822
12.05. 13:00;8,1428
12.05. 13:15;8,074
12.05. 13:30;7,956
12.05. 13:45;7,8085
12.05. 14:00;7,6216
12.05. 14:15;7,4052
12.05. 14:30;7,1889
12.05. 14:45;6,9824
12.05. 15:00;6,8054
12.05. 15:15;6,648
12.05. 15:30;6,5005
12.05. 15:45;6,3431
12.05. 16:00;6,176
12.05. 16:15;6,0481
12.05. 16:30;6,0186
12.05. 16:45;6,1563
12.05. 17:00;6,4808
12.05. 17:15;6,9234
12.05. 17:30;7,3757
12.05. 17:45;7,7199
12.05. 18:00;7,8773
12.05. 18:15;7,9068
12.05. 18:30;7,8871
12.05. 18:45;7,9068
12.05. 19:00;8,0051
12.05. 19:15;8,1723
12.05. 19:30;8,369
12.05. 19:45;8,546
12.05. 20:00;8,664
12.05. 20:15;8,723
12.05. 20:30;8,7132
12.05. 20:45;8,6345
12.05. 21:00;8,4969
12.05. 21:15;8,3002
12.05. 21:30;8,0641
12.05. 21:45;7,8085
12.05. 22:00;7,5429
12.05. 22:15;7,2872
12.05. 22:30;7,0315
12.05. 22:45;6,7955
12.05. 23:00;6,589
12.05. 23:15;6,4218
12.05. 23:30;6,3038
12.05. 23:45;6,2448
13.05. 00:00;7,1791
13.05. 00:15;6,8939
13.05. 00:30;6,5988
13.05. 00:45;6,3431
13.05. 01:00;6,1268
13.05. 01:15;5,9596
13.05. 01:30;5,8219
13.05. 01:45;5,6941
13.05. 02:00;5,5761
13.05. 02:15;5,4679
13.05. 02:30;5,3794
13.05. 02:45;5,3302
13.05. 03:00;5,3204
13.05. 03:15;5,3695
13.05. 03:30;5,4876
13.05. 03:45;5,6941
13.05. 04:00;5,9891
13.05. 04:15;6,3333
13.05. 04:30;6,6873
13.05. 04:45;6,9824
13.05. 05:00;7,1987
13.05. 05:15;7,3462
13.05. 05:30;7,4446
13.05. 05:45;7,5331
13.05. 06:00;7,6413
13.05. 06:15;7,7986
13.05. 06:30;8,0543
13.05. 06:45;8,4575
13.05. 07:00;9,0377
13.05. 07:15;9,8737
13.05. 07:30;11,005
13.05. 07:45;12,499
13.05. 08:00;14,348
13.05. 08:15;16,345
13.05. 08:30;18,213
13.05. 08:45;19,669
13.05. 09:00;20,505
13.05. 09:15;20,859
13.05. 09:30;20,908
13.05. 09:45;20,859
13.05. 10:00;20,868
13.05. 10:15;20,957
13.05. 10:30;21,104
13.05. 10:45;21,321
13.05. 11:00;21,557
13.05. 11:15;21,754
13.05. 11:30;21,832
13.05. 11:45;21,685
13.05. 12:00;21,272
13.05. 12:15;20,632
13.05. 12:30;19,855
13.05. 12:45;19,02
13.05. 13:00;18,193
13.05. 13:15;17,446
13.05. 13:30;16,807
13.05. 13:45;16,354
13.05. 14:00;16,118
13.05. 14:15;16,089
13.05. 14:30;16,236
13.05. 14:45;16,541
13.05. 15:00;16,964
13.05. 15:15;17,436
13.05. 15:30;17,839
13.05. 15:45;18,105
13.05. 16:00;18,144
13.05. 16:15;18,056
13.05. 16:30;17,908
13.05. 16:45;17,83
13.05. 17:00;17,849
13.05. 17:15;17,869
13.05. 17:30;17,702
13.05. 17:45;17,181
13.05. 18:00;16,207
13.05. 18:15;14,899
13.05. 18:30;13,473
13.05. 18:45;12,126
13.05. 19:00;11,024
13.05. 19:15;10,169
13.05. 19:30;9,5688
13.05. 19:45;9,1853
13.05. 20:00;9,0082
13.05. 20:15;8,9591
13.05. 20:30;8,9591
13.05. 20:45;8,9099
13.05. 21:00;8,7722
13.05. 21:15;8,5755
13.05. 21:30;8,3592
13.05. 21:45;8,1822
13.05. 22:00;8,074
13.05. 22:15;8,0346
13.05. 22:30;8,0248
13.05. 22:45;7,9953
13.05. 23:00;7,9265
13.05. 23:15;7,8183
13.05. 23:30;7,6609
13.05. 23:45;7,4446
14.05. 00:00;7,1791
14.05. 00:15;6,8939
14.05. 00:30;6,5988
14.05. 00:45;6,3431
14.05. 01:00;6,1268
14.05. 01:15;5,9596
14.05. 01:30;5,8219
14.05. 01:45;5,6941
14.05. 02:00;5,5761
14.05. 02:15;5,4679
14.05. 02:30;5,3794
14.05. 02:45;5,3302
14.05. 03:00;5,3204
14.05. 03:15;5,3695
14.05. 03:30;5,4876
14.05. 03:45;5,6941
14.05. 04:00;5,9891
14.05. 04:15;6,3333
14.05. 04:30;6,6873
14.05. 04:45;6,9824
14.05. 05:00;7,1987
14.05. 05:15;7,3462
14.05. 05:30;7,4446
14.05. 05:45;7,5331
14.05. 06:00;7,6413
14.05. 06:15;7,7986
14.05. 06:30;8,0543
14.05. 06:45;8,4575
14.05. 07:00;9,0377
14.05. 07:15;9,8737
14.05. 07:30;11,005
14.05. 07:45;12,499
14.05. 08:00;14,348
14.05. 08:15;16,345
14.05. 08:30;18,213
14.05. 08:45;19,669
14.05. 09:00;20,505
14.05. 09:15;20,859
14.05. 09:30;20,908
14.05. 09:45;20,859
14.05. 10:00;20,868
14.05. 10:15;20,957
14.05. 10:30;21,104
14.05. 10:45;21,321
14.05. 11:00;21,557
14.05. 11:15;21,754
14.05. 11:30;21,832
14.05. 11:45;21,685
14.05. 12:00;21,272
14.05. 12:15;20,632
14.05. 12:30;19,855
14.05. 12:45;19,02
14.05. 13:00;18,193
14.05. 13:15;17,446
14.05. 13:30;16,807
14.05. 13:45;16,354
14.05. 14:00;16,118
14.05. 14:15;16,089
14.05. 14:30;16,236
14.05. 14:45;16,541
14.05. 15:00;16,964
14.05. 15:15;17,436
14.05. 15:30;17,839
14.05. 15:45;18,105
14.05. 16:00;18,144
14.05. 16:15;18,056
14.05. 16:30;17,908
14.05. 16:45;17,83
14.05. 17:00;17,849
14.05. 17:15;17,869
14.05. 17:30;17,702
14.05. 17:45;17,181
14.05. 18:00;16,207
14.05. 18:15;14,899
14.05. 18:30;13,473
14.05. 18:45;12,126
14.05. 19:00;11,024
14.05. 19:15;10,169
14.05. 19:30;9,5688
14.05. 19:45;9,1853
14.05. 20:00;9,0082
14.05. 20:15;8,9591
14.05. 20:30;8,9591
14.05. 20:45;8,9099
14.05. 21:00;8,7722
14.05. 21:15;8,5755
14.05. 21:30;8,3592
14.05. 21:45;8,1822
14.05. 22:00;8,074
14.05. 22:15;8,0346
14.05. 22:30;8,0248
14.05. 22:45;7,9953
14.05. 23:00;7,9265
14.05. 23:15;7,8183
14.05. 23:30;7,6609
14.05. 23:45;7,4446
15.05. 00:00;7,1791
15.05. 00:15;6,8939
15.05. 00:30;6,5988
15.05. 00:45;6,3431
15.05. 01:00;6,1268
15.05. 01:15;5,9596
15.05. 01:30;5,8219
15.05. 01:45;5,6941
15.05. 02:00;5,5761
15.05. 02:15;5,4679
15.05. 02:30;5,3794
15.05. 02:45;5,3302
15.05. 03:00;5,3204
15.05. 03:15;5,3695
15.05. 03:30;5,4876
15.05. 03:45;5,6941
15.05. 04:00;5,9891
15.05. 04:15;6,3333
15.05. 04:30;6,6873
15.05. 04:45;6,9824
15.05. 05:00;7,1987
15.05. 05:15;7,3462
15.05. 05:30;7,4446
15.05. 05:45;7,5331
15.05. 06:00;7,6413
15.05. 06:15;7,7986
15.05. 06:30;8,0543
15.05. 06:45;8,4575
15.05. 07:00;9,0377
15.05. 07:15;9,8737
15.05. 07:30;11,005
15.05. 07:45;12,499
15.05. 08:00;14,348
15.05. 08:15;16,345
15.05. 08:30;18,213
15.05. 08:45;19,669
15.05. 09:00;20,505
15.05. 09:15;20,859
15.05. 09:30;20,908
15.05. 09:45;20,859
15.05. 10:00;20,868
15.05. 10:15;20,957
15.05. 10:30;21,104
15.05. 10:45;21,321
15.05. 11:00;21,557
15.05. 11:15;21,754
15.05. 11:30;21,832
15.05. 11:45;21,685
15.05. 12:00;21,272
15.05. 12:15;20,632
15.05. 12:30;19,855
15.05. 12:45;19,02
15.05. 13:00;18,193
15.05. 13:15;17,446
15.05. 13:30;16,807
15.05. 13:45;16,354
15.05. 14:00;16,118
15.05. 14:15;16,089
15.05. 14:30;16,236
15.05. 14:45;16,541
15.05. 15:00;16,964
15.05. 15:15;17,436
15.05. 15:30;17,839
15.05. 15:45;18,105
15.05. 16:00;18,144
15.05. 16:15;18,056
15.05. 16:30;17,908
15.05. 16:45;17,83
15.05. 17:00;17,849
15.05. 17:15;17,869
15.05. 17:30;17,702
15.05. 17:45;17,181
15.05. 18:00;16,207
15.05. 18:15;14,899
15.05. 18:30;13,473
15.05. 18:45;12,126
15.05. 19:00;11,024
15.05. 19:15;10,169
15.05. 19:30;9,5688
15.05. 19:45;9,1853
15.05. 20:00;9,0082
15.05. 20:15;8,9591
15.05. 20:30;8,9591
15.05. 20:45;8,9099
15.05. 21:00;8,7722
15.05. 21:15;8,5755
15.05. 21:30;8,3592
15.05. 21:45;8,1822
15.05. 22:00;8,074
15.05. 22:15;8,0346
15.05. 22:30;8,0248
15.05. 22:45;7,9953
15.05. 23:00;7,9265
15.05. 23:15;7,8183
15.05. 23:30;7,6609
15.05. 23:45;7,4446
16.05. 00:00;7,1791
16.05. 00:15;6,8939
16.05. 00:30;6,5988
16.05. 00:45;6,3431
16.05. 01:00;6,1268
16.05. 01:15;5,9596
16.05. 01:30;5,8219
16.05. 01:45;5,6941
16.05. 02:00;5,5761
16.05. 02:15;5,4679
16.05. 02:30;5,3794
16.05. 02:45;5,3302
16.05. 03:00;5,3204
16.05. 03:15;5,3695
16.05. 03:30;5,4876
16.05. 03:45;5,6941
16.05. 04:00;5,9891
16.05. 04:15;6,3333
16.05. 04:30;6,6873
16.05. 04:45;6,9824
16.05. 05:00;7,1987
16.05. 05:15;7,3462
16.05. 05:30;7,4446
16.05. 05:45;7,5331
16.05. 06:00;7,6413
16.05. 06:15;7,7986
16.05. 06:30;8,0543
16.05. 06:45;8,4575
16.05. 07:00;9,0377
16.05. 07:15;9,8737
16.05. 07:30;11,005
16.05. 07:45;12,499
16.05. 08:00;14,348
16.05. 08:15;16,345
16.05. 08:30;18,213
16.05. 08:45;19,669
16.05. 09:00;20,505
16.05. 09:15;20,859
16.05. 09:30;20,908
16.05. 09:45;20,859
16.05. 10:00;20,868
16.05. 10:15;20,957
16.05. 10:30;21,104
16.05. 10:45;21,321
16.05. 11:00;21,557
16.05. 11:15;21,754
16.05. 11:30;21,832
16.05. 11:45;21,685
16.05. 12:00;21,272
16.05. 12:15;20,632
16.05. 12:30;19,855
16.05. 12:45;19,02
16.05. 13:00;18,193
16.05. 13:15;17,446
16.05. 13:30;16,807
16.05. 13:45;16,354
16.05. 14:00;16,118
16.05. 14:15;16,089
16.05. 14:30;16,236
16.05. 14:45;16,541
16.05. 15:00;16,964
16.05. 15:15;17,436
16.05. 15:30;17,839
16.05. 15:45;18,105
16.05. 16:00;18,144
16.05. 16:15;18,056
16.05. 16:30;17,908
16.05. 16:45;17,83
16.05. 17:00;17,849
16.05. 17:15;17,869
16.05. 17:30;17,702
16.05. 17:45;17,181
16.05. 18:00;16,207
16.05. 18:15;14,899
16.05. 18:30;13,473
16.05. 18:45;12,126
16.05. 19:00;11,024
16.05. 19:15;10,169
16.05. 19:30;9,5688
16.05. 19:45;9,1853
16.05. 20:00;9,0082
16.05. 20:15;8,9591
16.05. 20:30;8,9591
16.05. 20:45;8,9099
16.05. 21:00;8,7722
16.05. 21:15;8,5755
16.05. 21:30;8,3592
16.05. 21:45;8,1822
16.05. 22:00;8,074
16.05. 22:15;8,0346
16.05. 22:30;8,0248
16.05. 22:45;7,9953
16.05. 23:00;7,9265
16.05. 23:15;7,8183
16.05. 23:30;7,6609
16.05. 23:45;7,4446
17.05. 00:00;7,1791
17.05. 00:15;6,8939
17.05. 00:30;6,5988
17.05. 00:45;6,3431
17.05. 01:00;6,1268
17.05. 01:15;5,9596
17.05. 01:30;5,8219
17.05. 01:45;5,6941
17.05. 02:00;5,5761
17.05. 02:15;5,4679
17.05. 02:30;5,3794
17.05. 02:45;5,3302
17.05. 03:00;5,3204
17.05. 03:15;5,3695
17.05. 03:30;5,4876
17.05. 03:45;5,6941
17.05. 04:00;5,9891
17.05. 04:15;6,3333
17.05. 04:30;6,6873
17.05. 04:45;6,9824
17.05. 05:00;7,1987
17.05. 05:15;7,3462
17.05. 05:30;7,4446
17.05. 05:45;7,5331
17.05. 06:00;7,6413
17.05. 06:15;7,7986
17.05. 06:30;8,0543
17.05. 06:45;8,4575
17.05. 07:00;9,0377
17.05. 07:15;9,8737
17.05. 07:30;11,005
17.05. 07:45;12,499
17.05. 08:00;14,348
17.05. 08:15;16,345
17.05. 08:30;18,213
17.05. 08:45;19,669
17.05. 09:00;20,505
17.05. 09:15;20,859
17.05. 09:30;20,908
17.05. 09:45;20,859
17.05. 10:00;20,868
17.05. 10:15;20,957
17.05. 10:30;21,104
17.05. 10:45;21,321
17.05. 11:00;21,557
17.05. 11:15;21,754
17.05. 11:30;21,832
17.05. 11:45;21,685
17.05. 12:00;21,272
17.05. 12:15;20,632
17.05. 12:30;19,855
17.05. 12:45;19,02
17.05. 13:00;18,193
17.05. 13:15;17,446
17.05. 13:30;16,807
17.05. 13:45;16,354
17.05. 14:00;16,118
17.05. 14:15;16,089
17.05. 14:30;16,236
17.05. 14:45;16,541
17.05. 15:00;16,964
17.05. 15:15;17,436
17.05. 15:30;17,839
17.05. 15:45;18,105
17.05. 16:00;18,144
17.05. 16:15;18,056
17.05. 16:30;17,908
17.05. 16:45;17,83
17.05. 17:00;17,849
17.05. 17:15;17,869
17.05. 17:30;17,702
17.05. 17:45;17,181
17.05. 18:00;16,207
17.05. 18:15;14,899
17.05. 18:30;13,473
17.05. 18:45;12,126
17.05. 19:00;11,024
17.05. 19:15;10,169
17.05. 19:30;9,5688
17.05. 19:45;9,1853
17.05. 20:00;9,0082
17.05. 20:15;8,9591
17.05. 20:30;8,9591
17.05. 20:45;8,9099
17.05. 21:00;8,7722
17.05. 21:15;8,5755
17.05. 21:30;8,3592
17.05. 21:45;8,1822
17.05. 22:00;8,074
17.05. 22:15;8,0346
17.05. 22:30;8,0248
17.05. 22:45;7,9953
17.05. 23:00;7,9265
17.05. 23:15;7,8183
17.05. 23:30;7,6609
17.05. 23:45;7,4446
18.05. 00:00;7,4544
18.05. 00:15;7,5429
18.05. 00:30;7,6413
18.05. 00:45;7,7199
18.05. 01:00;7,7199
18.05. 01:15;7,6511
18.05. 01:30;7,5331
18.05. 01:45;7,3462
18.05. 02:00;7,1397
18.05. 02:15;6,9234
18.05. 02:30;6,7365
18.05. 02:45;6,6185
18.05. 03:00;6,589
18.05. 03:15;6,6382
18.05. 03:30;6,7168
18.05. 03:45;6,7955
18.05. 04:00;6,8545
18.05. 04:15;6,8939
18.05. 04:30;6,9332
18.05. 04:45;6,9824
18.05. 05:00;7,061
18.05. 05:15;7,1299
18.05. 05:30;7,1791
18.05. 05:45;7,1692
18.05. 06:00;7,1004
18.05. 06:15;7,1004
18.05. 06:30;7,3167
18.05. 06:45;7,9068
18.05. 07:00;8,9492
18.05. 07:15;10,346
18.05. 07:30;11,919
18.05. 07:45;13,512
18.05. 08:00;14,958
18.05. 08:15;16,217
18.05. 08:30;17,22
18.05. 08:45;17,918
18.05. 09:00;18,302
18.05. 09:15;18,439
18.05. 09:30;18,459
18.05. 09:45;18,469
18.05. 10:00;18,557
18.05. 10:15;18,695
18.05. 10:30;18,872
18.05. 10:45;19,02
18.05. 11:00;19,128
18.05. 11:15;19,187
18.05. 11:30;19,206
18.05. 11:45;19,206
18.05. 12:00;19,167
18.05. 12:15;19,069
18.05. 12:30;18,852
18.05. 12:45;18,469
18.05. 13:00;17,889
18.05. 13:15;17,122
18.05. 13:30;16,207
18.05. 13:45;15,165
18.05. 14:00;14,024
18.05. 14:15;12,873
18.05. 14:30;11,782
18.05. 14:45;10,847
18.05. 15:00;10,1
18.05. 15:15;9,5295
18.05. 15:30;9,0574
18.05. 15:45;8,6345
18.05. 16:00;8,2215
18.05. 16:15;7,838
18.05. 16:30;7,5626
18.05. 16:45;7,4446
18.05. 17:00;7,5233
18.05. 17:15;7,7298
18.05. 17:30;7,9756
18.05. 17:45;8,1822
18.05. 18:00;8,2707
18.05. 18:15;8,2903
18.05. 18:30;8,2707
18.05. 18:45;8,2707
18.05. 19:00;8,3297
18.05. 19:15;8,4378
18.05. 19:30;8,5854
18.05. 19:45;8,7329
18.05. 20:00;8,8607
18.05. 20:15;8,9689
18.05. 20:30;9,0181
18.05. 20:45;9,0082
18.05. 21:00;8,9099
18.05. 21:15;8,7525
18.05. 21:30;8,5657
18.05. 21:45;8,3592
18.05. 22:00;8,1723
18.05. 22:15;7,9855
18.05. 22:30;7,8085
18.05. 22:45;7,6314
18.05. 23:00;7,4446
18.05. 23:15;7,2577
18.05. 23:30;7,0709
18.05. 23:45;6,8939
19.05. 00:00;6,7168
19.05. 00:15;6,5398
19.05. 00:30;6,353
19.05. 00:45;6,1563
19.05. 01:00;5,9301
19.05. 01:15;5,6941
19.05. 01:30;5,458
19.05. 01:45;5,2417
19.05. 02:00;5,0352
19.05. 02:15;4,868
19.05. 02:30;4,7205
19.05. 02:45;4,5926
19.05. 03:00;4,4943
19.05. 03:15;4,4156
19.05. 03:30;4,3566
19.05. 03:45;4,3173
19.05. 04:00;4,2878
19.05. 04:15;4,2779
19.05. 04:30;4,2878
19.05. 04:45;4,3173
19.05. 05:00;4,3763
19.05. 05:15;4,4353
19.05. 05:30;4,4845
19.05. 05:45;4,5041
19.05. 06:00;4,4845
19.05. 06:15;4,4549
19.05. 06:30;4,4451
19.05. 06:45;4,5041
19.05. 07:00;4,6418
19.05. 07:15;4,8287
19.05. 07:30;5,0155
19.05. 07:45;5,1434
19.05. 08:00;5,1925
19.05. 08:15;5,2024
19.05. 08:30;5,222
19.05. 08:45;5,3302
19.05. 09:00;5,5466
19.05. 09:15;5,8514
19.05. 09:30;6,1661
19.05. 09:45;6,4316
19.05. 10:00;6,6087
19.05. 10:15;6,7365
19.05. 10:30;6,8447
19.05. 10:45;6,9824
19.05. 11:00;7,1889
19.05. 11:15;7,4347
19.05. 11:30;7,6904
19.05. 11:45;7,9068
19.05. 12:00;8,0543
19.05. 12:15;8,1428
19.05. 12:30;8,1822
19.05. 12:45;8,1822
19.05. 13:00;8,1428
19.05. 13:15;8,074
19.05. 13:30;7,956
19.05. 13:45;7,8085
19.05. 14:00;7,6216
19.05. 14:15;7,4052
19.05. 14:30;7,1889
19.05. 14:45;6,9824
19.05. 15:00;6,8054
19.05. 15:15;6,648
19.05. 15:30;6,5005
19.05. 15:45;6,3431
19.05. 16:00;6,176
19.05. 16:15;6,0481
19.05. 16:30;6,0186
19.05. 16:45;6,1563
19.05. 17:00;6,4808
19.05. 17:15;6,9234
19.05. 17:30;7,3757
19.05. 17:45;7,7199
19.05. 18:00;7,8773
19.05. 18:15;7,9068
19.05. 18:30;7,8871
19.05. 18:45;7,9068
19.05. 19:00;8,0051
19.05. 19:15;8,1723
19.05. 19:30;8,369
19.05. 19:45;8,546
19.05. 20:00;8,664
19.05. 20:15;8,723
19.05. 20:30;8,7132
19.05. 20:45;8,6345
19.05. 21:00;8,4969
19.05. 21:15;8,3002
19.05. 21:30;8,0641
19.05. 21:45;7,8085
19.05. 22:00;7,5429
19.05. 22:15;7,2872
19.05. 22:30;7,0315
19.05. 22:45;6,7955
19.05. 23:00;6,589
19.05. 23:15;6,4218
19.05. 23:30;6,3038
19.05. 23:45;6,2448
20.05. 00:00;7,1791
20.05. 00:15;6,8939
20.05. 00:30;6,5988
20.05. 00:45;6,3431
20.05. 01:00;6,1268
20.05. 01:15;5,9596
20.05. 01:30;5,8219
20.05. 01:45;5,6941
20.05. 02:00;5,5761
20.05. 02:15;5,4679
20.05. 02:30;5,3794
20.05. 02:45;5,3302
20.05. 03:00;5,3204
20.05. 03:15;5,3695
20.05. 03:30;5,4876
20.05. 03:45;5,6941
20.05. 04:00;5,9891
20.05. 04:15;6,3333
20.05. 04:30;6,6873
20.05. 04:45;6,9824
20.05. 05:00;7,1987
20.05. 05:15;7,3462
20.05. 05:30;7,4446
20.05. 05:45;7,5331
20.05. 06:00;7,6413
20.05. 06:15;7,7986
20.05. 06:30;8,0543
20.05. 06:45;8,4575
20.05. 07:00;9,0377
20.05. 07:15;9,8737
20.05. 07:30;11,005
20.05. 07:45;12,499
20.05. 08:00;14,348
20.05. 08:15;16,345
20.05. 08:30;18,213
20.05. 08:45;19,669
20.05. 09:00;20,505
20.05. 09:15;20,859
20.05. 09:30;20,908
20.05. 09:45;20,859
20.05. 10:00;20,868
20.05. 10:15;20,957
20.05. 10:30;21,104
20.05. 10:45;21,321
20.05. 11:00;21,557
20.05. 11:15;21,754
20.05. 11:30;21,832
20.05. 11:45;21,685
20.05. 12:00;21,272
20.05. 12:15;20,632
20.05. 12:30;19,855
20.05. 12:45;19,02
20.05. 13:00;18,193
20.05. 13:15;17,446
20.05. 13:30;16,807
20.05. 13:45;16,354
20.05. 14:00;16,118
20.05. 14:15;16,089
20.05. 14:30;16,236
20.05. 14:45;16,541
20.05. 15:00;16,964
20.05. 15:15;17,436
20.05. 15:30;17,839
20.05. 15:45;18,105
20.05. 16:00;18,144
20.05. 16:15;18,056
20.05. 16:30;17,908
20.05. 16:45;17,83
20.05. 17:00;17,849
20.05. 17:15;17,869
20.05. 17:30;17,702
20.05. 17:45;17,181
20.05. 18:00;16,207
20.05. 18:15;14,899
20.05. 18:30;13,473
20.05. 18:45;12,126
20.05. 19:00;11,024
20.05. 19:15;10,169
20.05. 19:30;9,5688
20.05. 19:45;9,1853
20.05. 20:00;9,0082
20.05. 20:15;8,9591
20.05. 20:30;8,9591
20.05. 20:45;8,9099
20.05. 21:00;8,7722
20.05. 21:15;8,5755
20.05. 21:30;8,3592
20.05. 21:45;8,1822
20.05. 22:00;8,074
20.05. 22:15;8,0346
20.05. 22:30;8,0248
20.05. 22:45;7,9953
20.05. 23:00;7,9265
20.05. 23:15;7,8183
20.05. 23:30;7,6609
20.05. 23:45;7,4446
21.05. 00:00;7,1791
21.05. 00:15;6,8939
21.05. 00:30;6,5988
21.05. 00:45;6,3431
21.05. 01:00;6,1268
21.05. 01:15;5,9596
21.05. 01:30;5,8219
21.05. 01:45;5,6941
21.05. 02:00;5,5761
21.05. 02:15;5,4679
21.05. 02:30;5,3794
21.05. 02:45;5,3302
21.05. 03:00;5,3204
21.05. 03:15;5,3695
21.05. 03:30;5,4876
21.05. 03:45;5,6941
21.05. 04:00;5,9891
21.05. 04:15;6,3333
21.05. 04:30;6,6873
21.05. 04:45;6,9824
21.05. 05:00;7,1987
21.05. 05:15;7,3462
21.05. 05:30;7,4446
21.05. 05:45;7,5331
21.05. 06:00;7,6413
21.05. 06:15;7,7986
21.05. 06:30;8,0543
21.05. 06:45;8,4575
21.05. 07:00;9,0377
21.05. 07:15;9,8737
21.05. 07:30;11,005
21.05. 07:45;12,499
21.05. 08:00;14,348
21.05. 08:15;16,345
21.05. 08:30;18,213
21.05. 08:45;19,669
21.05. 09:00;20,505
21.05. 09:15;20,859
21.05. 09:30;20,908
21.05. 09:45;20,859
21.05. 10:00;20,868
21.05. 10:15;20,957
21.05. 10:30;21,104
21.05. 10:45;21,321
21.05. 11:00;21,557
21.05. 11:15;21,754
21.05. 11:30;21,832
21.05. 11:45;21,685
21.05. 12:00;21,272
21.05. 12:15;20,632
21.05. 12:30;19,855
21.05. 12:45;19,02
21.05. 13:00;18,193
21.05. 13:15;17,446
21.05. 13:30;16,807
21.05. 13:45;16,354
21.05. 14:00;16,118
21.05. 14:15;16,089
21.05. 14:30;16,236
21.05. 14:45;16,541
21.05. 15:00;16,964
21.05. 15:15;17,436
21.05. 15:30;17,839
21.05. 15:45;18,105
21.05. 16:00;18,144
21.05. 16:15;18,056
21.05. 16:30;17,908
21.05. 16:45;17,83
21.05. 17:00;17,849
21.05. 17:15;17,869
21.05. 17:30;17,702
21.05. 17:45;17,181
21.05. 18:00;16,207
21.05. 18:15;14,899
21.05. 18:30;13,473
21.05. 18:45;12,126
21.05. 19:00;11,024
21.05. 19:15;10,169
21.05. 19:30;9,5688
21.05. 19:45;9,1853
21.05. 20:00;9,0082
21.05. 20:15;8,9591
21.05. 20:30;8,9591
21.05. 20:45;8,9099
21.05. 21:00;8,7722
21.05. 21:15;8,5755
21.05. 21:30;8,3592
21.05. 21:45;8,1822
21.05. 22:00;8,074
21.05. 22:15;8,0346
21.05. 22:30;8,0248
21.05. 22:45;7,9953
21.05. 23:00;7,9265
21.05. 23:15;7,8183
21.05. 23:30;7,6609
21.05. 23:45;7,4446
22.05. 00:00;7,1791
22.05. 00:15;6,8939
22.05. 00:30;6,5988
22.05. 00:45;6,3431
22.05. 01:00;6,1268
22.05. 01:15;5,9596
22.05. 01:30;5,8219
22.05. 01:45;5,6941
22.05. 02:00;5,5761
22.05. 02:15;5,4679
22.05. 02:30;5,3794
22.05. 02:45;5,3302
22.05. 03:00;5,3204
22.05. 03:15;5,3695
22.05. 03:30;5,4876
22.05. 03:45;5,6941
22.05. 04:00;5,9891
22.05. 04:15;6,3333
22.05. 04:30;6,6873
22.05. 04:45;6,9824
22.05. 05:00;7,1987
22.05. 05:15;7,3462
22.05. 05:30;7,4446
22.05. 05:45;7,5331
22.05. 06:00;7,6413
22.05. 06:15;7,7986
22.05. 06:30;8,0543
22.05. 06:45;8,4575
22.05. 07:00;9,0377
22.05. 07:15;9,8737
22.05. 07:30;11,005
22.05. 07:45;12,499
22.05. 08:00;14,348
22.05. 08:15;16,345
22.05. 08:30;18,213
22.05. 08:45;19,669
22.05. 09:00;20,505
22.05. 09:15;20,859
22.05. 09:30;20,908
22.05. 09:45;20,859
22.05. 10:00;20,868
22.05. 10:15;20,957
22.05. 10:30;21,104
22.05. 10:45;21,321
22.05. 11:00;21,557
22.05. 11:15;21,754
22.05. 11:30;21,832
22.05. 11:45;21,685
22.05. 12:00;21,272
22.05. 12:15;20,632
22.05. 12:30;19,855
22.05. 12:45;19,02
22.05. 13:00;18,193
22.05. 13:15;17,446
22.05. 13:30;16,807
22.05. 13:45;16,354
22.05. 14:00;16,118
22.05. 14:15;16,089
22.05. 14:30;16,236
22.05. 14:45;16,541
22.05. 15:00;16,964
22.05. 15:15;17,436
22.05. 15:30;17,839
22.05. 15:45;18,105
22.05. 16:00;18,144
22.05. 16:15;18,056
22.05. 16:30;17,908
22.05. 16:45;17,83
22.05. 17:00;17,849
22.05. 17:15;17,869
22.05. 17:30;17,702
22.05. 17:45;17,181
22.05. 18:00;16,207
22.05. 18:15;14,899
22.05. 18:30;13,473
22.05. 18:45;12,126
22.05. 19:00;11,024
22.05. 19:15;10,169
22.05. 19:30;9,5688
22.05. 19:45;9,1853
22.05. 20:00;9,0082
22.05. 20:15;8,9591
22.05. 20:30;8,9591
22.05. 20:45;8,9099
22.05. 21:00;8,7722
22.05. 21:15;8,5755
22.05. 21:30;8,3592
22.05. 21:45;8,1822
22.05. 22:00;8,074
22.05. 22:15;8,0346
22.05. 22:30;8,0248
22.05. 22:45;7,9953
22.05. 23:00;7,9265
22.05. 23:15;7,8183
22.05. 23:30;7,6609
22.05. 23:45;7,4446
23.05. 00:00;7,1791
23.05. 00:15;6,8939
23.05. 00:30;6,5988
23.05. 00:45;6,3431
23.05. 01:00;6,1268
23.05. 01:15;5,9596
23.05. 01:30;5,8219
23.05. 01:45;5,6941
23.05. 02:00;5,5761
23.05. 02:15;5,4679
23.05. 02:30;5,3794
23.05. 02:45;5,3302
23.05. 03:00;5,3204
23.05. 03:15;5,3695
23.05. 03:30;5,4876
23.05. 03:45;5,6941
23.05. 04:00;5,9891
23.05. 04:15;6,3333
23.05. 04:30;6,6873
23.05. 04:45;6,9824
23.05. 05:00;7,1987
23.05. 05:15;7,3462
23.05. 05:30;7,4446
23.05. 05:45;7,5331
23.05. 06:00;7,6413
23.05. 06:15;7,7986
23.05. 06:30;8,0543
23.05. 06:45;8,4575
23.05. 07:00;9,0377
23.05. 07:15;9,8737
23.05. 07:30;11,005
23.05. 07:45;12,499
23.05. 08:00;14,348
23.05. 08:15;16,345
23.05. 08:30;18,213
23.05. 08:45;19,669
23.05. 09:00;20,505
23.05. 09:15;20,859
23.05. 09:30;20,908
23.05. 09:45;20,859
23.05. 10:00;20,868
23.05. 10:15;20,957
23.05. 10:30;21,104
23.05. 10:45;21,321
23.05. 11:00;21,557
23.05. 11:15;21,754
23.05. 11:30;21,832
23.05. 11:45;21,685
23.05. 12:00;21,272
23.05. 12:15;20,632
23.05. 12:30;19,855
23.05. 12:45;19,02
23.05. 13:00;18,193
23.05. 13:15;17,446
23.05. 13:30;16,807
23.05. 13:45;16,354
23.05. 14:00;16,118
23.05. 14:15;16,089
23.05. 14:30;16,236
23.05. 14:45;16,541
23.05. 15:00;16,964
23.05. 15:15;17,436
23.05. 15:30;17,839
23.05. 15:45;18,105
23.05. 16:00;18,144
23.05. 16:15;18,056
23.05. 16:30;17,908
23.05. 16:45;17,83
23.05. 17:00;17,849
23.05. 17:15;17,869
23.05. 17:30;17,702
23.05. 17:45;17,181
23.05. 18:00;16,207
23.05. 18:15;14,899
23.05. 18:30;13,473
23.05. 18:45;12,126
23.05. 19:00;11,024
23.05. 19:15;10,169
23.05. 19:30;9,5688
23.05. 19:45;9,1853
23.05. 20:00;9,0082
23.05. 20:15;8,9591
23.05. 20:30;8,9591
23.05. 20:45;8,9099
23.05. 21:00;8,7722
23.05. 21:15;8,5755
23.05. 21:30;8,3592
23.05. 21:45;8,1822
23.05. 22:00;8,074
23.05. 22:15;8,0346
23.05. 22:30;8,0248
23.05. 22:45;7,9953
23.05. 23:00;7,9265
23.05. 23:15;7,8183
23.05. 23:30;7,6609
23.05. 23:45;7,4446
24.05. 00:00;7,1791
24.05. 00:15;6,8939
24.05. 00:30;6,5988
24.05. 00:45;6,3431
24.05. 01:00;6,1268
24.05. 01:15;5,9596
24.05. 01:30;5,8219
24.05. 01:45;5,6941
24.05. 02:00;5,5761
24.05. 02:15;5,4679
24.05. 02:30;5,3794
24.05. 02:45;5,3302
24.05. 03:00;5,3204
24.05. 03:15;5,3695
24.05. 03:30;5,4876
24.05. 03:45;5,6941
24.05. 04:00;5,9891
24.05. 04:15;6,3333
24.05. 04:30;6,6873
24.05. 04:45;6,9824
24.05. 05:00;7,1987
24.05. 05:15;7,3462
24.05. 05:30;7,4446
24.05. 05:45;7,5331
24.05. 06:00;7,6413
24.05. 06:15;7,7986
24.05. 06:30;8,0543
24.05. 06:45;8,4575
24.05. 07:00;9,0377
24.05. 07:15;9,8737
24.05. 07:30;11,005
24.05. 07:45;12,499
24.05. 08:00;14,348
24.05. 08:15;16,345
24.05. 08:30;18,213
24.05. 08:45;19,669
24.05. 09:00;20,505
24.05. 09:15;20,859
24.05. 09:30;20,908
24.05. 09:45;20,859
24.05. 10:00;20,868
24.05. 10:15;20,957
24.05. 10:30;21,104
24.05. 10:45;21,321
24.05. 11:00;21,557
24.05. 11:15;21,754
24.05. 11:30;21,832
24.05. 11:45;21,685
24.05. 12:00;21,272
24.05. 12:15;20,632
24.05. 12:30;19,855
24.05. 12:45;19,02
24.05. 13:00;18,193
24.05. 13:15;17,446
24.05. 13:30;16,807
24.05. 13:45;16,354
24.05. 14:00;16,118
24.05. 14:15;16,089
24.05. 14:30;16,236
24.05. 14:45;16,541
24.05. 15:00;16,964
24.05. 15:15;17,436
24.05. 15:30;17,839
24.05. 15:45;18,105
24.05. 16:00;18,144
24.05. 16:15;18,056
24.05. 16:30;17,908
24.05. 16:45;17,83
24.05. 17:00;17,849
24.05. 17:15;17,869
24.05. 17:30;17,702
24.05. 17:45;17,181
24.05. 18:00;16,207
24.05. 18:15;14,899
24.05. 18:30;13,473
24.05. 18:45;12,126
24.05. 19:00;11,024
24.05. 19:15;10,169
24.05. 19:30;9,5688
24.05. 19:45;9,1853
24.05. 20:00;9,0082
24.05. 20:15;8,9591
24.05. 20:30;8,9591
24.05. 20:45;8,9099
24.05. 21:00;8,7722
24.05. 21:15;8,5755
24.05. 21:30;8,3592
24.05. 21:45;8,1822
24.05. 22:00;8,074
24.05. 22:15;8,0346
24.05. 22:30;8,0248
24.05. 22:45;7,9953
24.05. 23:00;7,9265
24.05. 23:15;7,8183
24.05. 23:30;7,6609
24.05. 23:45;7,4446
25.05. 00:00;7,4544
25.05. 00:15;7,5429
25.05. 00:30;7,6413
25.05. 00:45;7,7199
25.05. 01:00;7,7199
25.05. 01:15;7,6511
25.05. 01:30;7,5331
25.05. 01:45;7,3462
25.05. 02:00;7,1397
25.05. 02:15;6,9234
25.05. 02:30;6,7365
25.05. 02:45;6,6185
25.05. 03:00;6,589
25.05. 03:15;6,6382
25.05. 03:30;6,7168
25.05. 03:45;6,7955
25.05. 04:00;6,8545
25.05. 04:15;6,8939
25.05. 04:30;6,9332
25.05. 04:45;6,9824
25.05. 05:00;7,061
25.05. 05:15;7,1299
25.05. 05:30;7,1791
25.05. 05:45;7,1692
25.05. 06:00;7,1004
25.05. 06:15;7,1004
25.05. 06:30;7,3167
25.05. 06:45;7,9068
25.05. 07:00;8,9492
25.05. 07:15;10,346
25.05. 07:30;11,919
25.05. 07:45;13,512
25.05. 08:00;14,958
25.05. 08:15;16,217
25.05. 08:30;17,22
25.05. 08:45;17,918
25.05. 09:00;18,302
25.05. 09:15;18,439
25.05. 09:30;18,459
25.05. 09:45;18,469
25.05. 10:00;18,557
25.05. 10:15;18,695
25.05. 10:30;18,872
25.05. 10:45;19,02
25.05. 11:00;19,128
25.05. 11:15;19,187
25.05. 11:30;19,206
25.05. 11:45;19,206
25.05. 12:00;19,167
25.05. 12:15;19,069
25.05. 12:30;18,852
25.05. 12:45;18,469
25.05. 13:00;17,889
25.05. 13:15;17,122
25.05. 13:30;16,207
25.05. 13:45;15,165
25.05. 14:00;14,024
25.05. 14:15;12,873
25.05. 14:30;11,782
25.05. 14:45;10,847
25.05. 15:00;10,1
25.05. 15:15;9,5295
25.05. 15:30;9,0574
25.05. 15:45;8,6345
25.05. 16:00;8,2215
25.05. 16:15;7,838
25.05. 16:30;7,5626
25.05. 16:45;7,4446
25.05. 17:00;7,5233
25.05. 17:15;7,7298
25.05. 17:30;7,9756
25.05. 17:45;8,1822
25.05. 18:00;8,2707
25.05. 18:15;8,2903
25.05. 18:30;8,2707
25.05. 18:45;8,2707
25.05. 19:00;8,3297
25.05. 19:15;8,4378
25.05. 19:30;8,5854
25.05. 19:45;8,7329
25.05. 20:00;8,8607
25.05. 20:15;8,9689
25.05. 20:30;9,0181
25.05. 20:45;9,0082
25.05. 21:00;8,9099
25.05. 21:15;8,7525
25.05. 21:30;8,5657
25.05. 21:45;8,3592
25.05. 22:00;8,1723
25.05. 22:15;7,9855
25.05. 22:30;7,8085
25.05. 22:45;7,6314
25.05. 23:00;7,4446
25.05. 23:15;7,2577
25.05. 23:30;7,0709
25.05. 23:45;6,8939
26.05. 00:00;6,7168
26.05. 00:15;6,5398
26.05. 00:30;6,353
26.05. 00:45;6,1563
26.05. 01:00;5,9301
26.05. 01:15;5,6941
26.05. 01:30;5,458
26.05. 01:45;5,2417
26.05. 02:00;5,0352
26.05. 02:15;4,868
26.05. 02:30;4,7205
26.05. 02:45;4,5926
26.05. 03:00;4,4943
26.05. 03:15;4,4156
26.05. 03:30;4,3566
26.05. 03:45;4,3173
26.05. 04:00;4,2878
26.05. 04:15;4,2779
26.05. 04:30;4,2878
26.05. 04:45;4,3173
26.05. 05:00;4,3763
26.05. 05:15;4,4353
26.05. 05:30;4,4845
26.05. 05:45;4,5041
26.05. 06:00;4,4845
26.05. 06:15;4,4549
26.05. 06:30;4,4451
26.05. 06:45;4,5041
26.05. 07:00;4,6418
26.05. 07:15;4,8287
26.05. 07:30;5,0155
26.05. 07:45;5,1434
26.05. 08:00;5,1925
26.05. 08:15;5,2024
26.05. 08:30;5,222
26.05. 08:45;5,3302
26.05. 09:00;5,5466
26.05. 09:15;5,8514
26.05. 09:30;6,1661
26.05. 09:45;6,4316
26.05. 10:00;6,6087
26.05. 10:15;6,7365
26.05. 10:30;6,8447
26.05. 10:45;6,9824
26.05. 11:00;7,1889
26.05. 11:15;7,4347
26.05. 11:30;7,6904
26.05. 11:45;7,9068
26.05. 12:00;8,0543
26.05. 12:15;8,1428
26.05. 12:30;8,1822
26.05. 12:45;8,1822
26.05. 13:00;8,1428
26.05. 13:15;8,074
26.05. 13:30;7,956
26.05. 13:45;7,8085
26.05. 14:00;7,6216
26.05. 14:15;7,4052
26.05. 14:30;7,1889
26.05. 14:45;6,9824
26.05. 15:00;6,8054
26.05. 15:15;6,648
26.05. 15:30;6,5005
26.05. 15:45;6,3431
26.05. 16:00;6,176
26.05. 16:15;6,0481
26.05. 16:30;6,0186
26.05. 16:45;6,1563
26.05. 17:00;6,4808
26.05. 17:15;6,9234
26.05. 17:30;7,3757
26.05. 17:45;7,7199
26.05. 18:00;7,8773
26.05. 18:15;7,9068
26.05. 18:30;7,8871
26.05. 18:45;7,9068
26.05. 19:00;8,0051
26.05. 19:15;8,1723
26.05. 19:30;8,369
26.05. 19:45;8,546
26.05. 20:00;8,664
26.05. 20:15;8,723
26.05. 20:30;8,7132
26.05. 20:45;8,6345
26.05. 21:00;8,4969
26.05. 21:15;8,3002
26.05. 21:30;8,0641
26.05. 21:45;7,8085
26.05. 22:00;7,5429
26.05. 22:15;7,2872
26.05. 22:30;7,0315
26.05. 22:45;6,7955
26.05. 23:00;6,589
26.05. 23:15;6,4218
26.05. 23:30;6,3038
26.05. 23:45;6,2448
27.05. 00:00;7,1791
27.05. 00:15;6,8939
27.05. 00:30;6,5988
27.05. 00:45;6,3431
27.05. 01:00;6,1268
27.05. 01:15;5,9596
27.05. 01:30;5,8219
27.05. 01:45;5,6941
27.05. 02:00;5,5761
27.05. 02:15;5,4679
27.05. 02:30;5,3794
27.05. 02:45;5,3302
27.05. 03:00;5,3204
27.05. 03:15;5,3695
27.05. 03:30;5,4876
27.05. 03:45;5,6941
27.05. 04:00;5,9891
27.05. 04:15;6,3333
27.05. 04:30;6,6873
27.05. 04:45;6,9824
27.05. 05:00;7,1987
27.05. 05:15;7,3462
27.05. 05:30;7,4446
27.05. 05:45;7,5331
27.05. 06:00;7,6413
27.05. 06:15;7,7986
27.05. 06:30;8,0543
27.05. 06:45;8,4575
27.05. 07:00;9,0377
27.05. 07:15;9,8737
27.05. 07:30;11,005
27.05. 07:45;12,499
27.05. 08:00;14,348
27.05. 08:15;16,345
27.05. 08:30;18,213
27.05. 08:45;19,669
27.05. 09:00;20,505
27.05. 09:15;20,859
27.05. 09:30;20,908
27.05. 09:45;20,859
27.05. 10:00;20,868
27.05. 10:15;20,957
27.05. 10:30;21,104
27.05. 10:45;21,321
27.05. 11:00;21,557
27.05. 11:15;21,754
27.05. 11:30;21,832
27.05. 11:45;21,685
27.05. 12:00;21,272
27.05. 12:15;20,632
27.05. 12:30;19,855
27.05. 12:45;19,02
27.05. 13:00;18,193
27.05. 13:15;17,446
27.05. 13:30;16,807
27.05. 13:45;16,354
27.05. 14:00;16,118
27.05. 14:15;16,089
27.05. 14:30;16,236
27.05. 14:45;16,541
27.05. 15:00;16,964
27.05. 15:15;17,436
27.05. 15:30;17,839
27.05. 15:45;18,105
27.05. 16:00;18,144
27.05. 16:15;18,056
27.05. 16:30;17,908
27.05. 16:45;17,83
27.05. 17:00;17,849
27.05. 17:15;17,869
27.05. 17:30;17,702
27.05. 17:45;17,181
27.05. 18:00;16,207
27.05. 18:15;14,899
27.05. 18:30;13,473
27.05. 18:45;12,126
27.05. 19:00;11,024
27.05. 19:15;10,169
27.05. 19:30;9,5688
27.05. 19:45;9,1853
27.05. 20:00;9,0082
27.05. 20:15;8,9591
27.05. 20:30;8,9591
27.05. 20:45;8,9099
27.05. 21:00;8,7722
27.05. 21:15;8,5755
27.05. 21:30;8,3592
27.05. 21:45;8,1822
27.05. 22:00;8,074
27.05. 22:15;8,0346
27.05. 22:30;8,0248
27.05. 22:45;7,9953
27.05. 23:00;7,9265
27.05. 23:15;7,8183
27.05. 23:30;7,6609
27.05. 23:45;7,4446
28.05. 00:00;7,1791
28.05. 00:15;6,8939
28.05. 00:30;6,5988
28.05. 00:45;6,3431
28.05. 01:00;6,1268
28.05. 01:15;5,9596
28.05. 01:30;5,8219
28.05. 01:45;5,6941
28.05. 02:00;5,5761
28.05. 02:15;5,4679
28.05. 02:30;5,3794
28.05. 02:45;5,3302
28.05. 03:00;5,3204
28.05. 03:15;5,3695
28.05. 03:30;5,4876
28.05. 03:45;5,6941
28.05. 04:00;5,9891
28.05. 04:15;6,3333
28.05. 04:30;6,6873
28.05. 04:45;6,9824
28.05. 05:00;7,1987
28.05. 05:15;7,3462
28.05. 05:30;7,4446
28.05. 05:45;7,5331
28.05. 06:00;7,6413
28.05. 06:15;7,7986
28.05. 06:30;8,0543
28.05. 06:45;8,4575
28.05. 07:00;9,0377
28.05. 07:15;9,8737
28.05. 07:30;11,005
28.05. 07:45;12,499
28.05. 08:00;14,348
28.05. 08:15;16,345
28.05. 08:30;18,213
28.05. 08:45;19,669
28.05. 09:00;20,505
28.05. 09:15;20,859
28.05. 09:30;20,908
28.05. 09:45;20,859
28.05. 10:00;20,868
28.05. 10:15;20,957
28.05. 10:30;21,104
28.05. 10:45;21,321
28.05. 11:00;21,557
28.05. 11:15;21,754
28.05. 11:30;21,832
28.05. 11:45;21,685
28.05. 12:00;21,272
28.05. 12:15;20,632
28.05. 12:30;19,855
28.05. 12:45;19,02
28.05. 13:00;18,193
28.05. 13:15;17,446
28.05. 13:30;16,807
28.05. 13:45;16,354
28.05. 14:00;16,118
28.05. 14:15;16,089
28.05. 14:30;16,236
28.05. 14:45;16,541
28.05. 15:00;16,964
28.05. 15:15;17,436
28.05. 15:30;17,839
28.05. 15:45;18,105
28.05. 16:00;18,144
28.05. 16:15;18,056
28.05. 16:30;17,908
28.05. 16:45;17,83
28.05. 17:00;17,849
28.05. 17:15;17,869
28.05. 17:30;17,702
28.05. 17:45;17,181
28.05. 18:00;16,207
28.05. 18:15;14,899
28.05. 18:30;13,473
28.05. 18:45;12,126
28.05. 19:00;11,024
28.05. 19:15;10,169
28.05. 19:30;9,5688
28.05. 19:45;9,1853
28.05. 20:00;9,0082
28.05. 20:15;8,9591
28.05. 20:30;8,9591
28.05. 20:45;8,9099
28.05. 21:00;8,7722
28.05. 21:15;8,5755
28.05. 21:30;8,3592
28.05. 21:45;8,1822
28.05. 22:00;8,074
28.05. 22:15;8,0346
28.05. 22:30;8,0248
28.05. 22:45;7,9953
28.05. 23:00;7,9265
28.05. 23:15;7,8183
28.05. 23:30;7,6609
28.05. 23:45;7,4446
29.05. 00:00;7,1791
29.05. 00:15;6,8939
29.05. 00:30;6,5988
29.05. 00:45;6,3431
29.05. 01:00;6,1268
29.05. 01:15;5,9596
29.05. 01:30;5,8219
29.05. 01:45;5,6941
29.05. 02:00;5,5761
29.05. 02:15;5,4679
29.05. 02:30;5,3794
29.05. 02:45;5,3302
29.05. 03:00;5,3204
29.05. 03:15;5,3695
29.05. 03:30;5,4876
29.05. 03:45;5,6941
29.05. 04:00;5,9891
29.05. 04:15;6,3333
29.05. 04:30;6,6873
29.05. 04:45;6,9824
29.05. 05:00;7,1987
29.05. 05:15;7,3462
29.05. 05:30;7,4446
29.05. 05:45;7,5331
29.05. 06:00;7,6413
29.05. 06:15;7,7986
29.05. 06:30;8,0543
29.05. 06:45;8,4575
29.05. 07:00;9,0377
29.05. 07:15;9,8737
29.05. 07:30;11,005
29.05. 07:45;12,499
29.05. 08:00;14,348
29.05. 08:15;16,345
29.05. 08:30;18,213
29.05. 08:45;19,669
29.05. 09:00;20,505
29.05. 09:15;20,859
29.05. 09:30;20,908
29.05. 09:45;20,859
29.05. 10:00;20,868
29.05. 10:15;20,957
29.05. 10:30;21,104
29.05. 10:45;21,321
29.05. 11:00;21,557
29.05. 11:15;21,754
29.05. 11:30;21,832
29.05. 11:45;21,685
29.05. 12:00;21,272
29.05. 12:15;20,632
29.05. 12:30;19,855
29.05. 12:45;19,02
29.05. 13:00;18,193
29.05. 13:15;17,446
29.05. 13:30;16,807
29.05. 13:45;16,354
29.05. 14:00;16,118
29.05. 14:15;16,089
29.05. 14:30;16,236
29.05. 14:45;16,541
29.05. 15:00;16,964
29.05. 15:15;17,436
29.05. 15:30;17,839
29.05. 15:45;18,105
29.05. 16:00;18,144
29.05. 16:15;18,056
29.05. 16:30;17,908
29.05. 16:45;17,83
29.05. 17:00;17,849
29.05. 17:15;17,869
29.05. 17:30;17,702
29.05. 17:45;17,181
29.05. 18:00;16,207
29.05. 18:15;14,899
29.05. 18:30;13,473
29.05. 18:45;12,126
29.05. 19:00;11,024
29.05. 19:15;10,169
29.05. 19:30;9,5688
29.05. 19:45;9,1853
29.05. 20:00;9,0082
29.05. 20:15;8,9591
29.05. 20:30;8,9591
29.05. 20:45;8,9099
29.05. 21:00;8,7722
29.05. 21:15;8,5755
29.05. 21:30;8,3592
29.05. 21:45;8,1822
29.05. 22:00;8,074
29.05. 22:15;8,0346
29.05. 22:30;8,0248
29.05. 22:45;7,9953
29.05. 23:00;7,9265
29.05. 23:15;7,8183
29.05. 23:30;7,6609
29.05. 23:45;7,4446
30.05. 00:00;7,1791
30.05. 00:15;6,8939
30.05. 00:30;6,5988
30.05. 00:45;6,3431
30.05. 01:00;6,1268
30.05. 01:15;5,9596
30.05. 01:30;5,8219
30.05. 01:45;5,6941
30.05. 02:00;5,5761
30.05. 02:15;5,4679
30.05. 02:30;5,3794
30.05. 02:45;5,3302
30.05. 03:00;5,3204
30.05. 03:15;5,3695
30.05. 03:30;5,4876
30.05. 03:45;5,6941
30.05. 04:00;5,9891
30.05. 04:15;6,3333
30.05. 04:30;6,6873
30.05. 04:45;6,9824
30.05. 05:00;7,1987
30.05. 05:15;7,3462
30.05. 05:30;7,4446
30.05. 05:45;7,5331
30.05. 06:00;7,6413
30.05. 06:15;7,7986
30.05. 06:30;8,0543
30.05. 06:45;8,4575
30.05. 07:00;9,0377
30.05. 07:15;9,8737
30.05. 07:30;11,005
30.05. 07:45;12,499
30.05. 08:00;14,348
30.05. 08:15;16,345
30.05. 08:30;18,213
30.05. 08:45;19,669
30.05. 09:00;20,505
30.05. 09:15;20,859
30.05. 09:30;20,908
30.05. 09:45;20,859
30.05. 10:00;20,868
30.05. 10:15;20,957
30.05. 10:30;21,104
30.05. 10:45;21,321
30.05. 11:00;21,557
30.05. 11:15;21,754
30.05. 11:30;21,832
30.05. 11:45;21,685
30.05. 12:00;21,272
30.05. 12:15;20,632
30.05. 12:30;19,855
30.05. 12:45;19,02
30.05. 13:00;18,193
30.05. 13:15;17,446
30.05. 13:30;16,807
30.05. 13:45;16,354
30.05. 14:00;16,118
30.05. 14:15;16,089
30.05. 14:30;16,236
30.05. 14:45;16,541
30.05. 15:00;16,964
30.05. 15:15;17,436
30.05. 15:30;17,839
30.05. 15:45;18,105
30.05. 16:00;18,144
30.05. 16:15;18,056
30.05. 16:30;17,908
30.05. 16:45;17,83
30.05. 17:00;17,849
30.05. 17:15;17,869
30.05. 17:30;17,702
30.05. 17:45;17,181
30.05. 18:00;16,207
30.05. 18:15;14,899
30.05. 18:30;13,473
30.05. 18:45;12,126
30.05. 19:00;11,024
30.05. 19:15;10,169
30.05. 19:30;9,5688
30.05. 19:45;9,1853
30.05. 20:00;9,0082
30.05. 20:15;8,9591
30.05. 20:30;8,9591
30.05. 20:45;8,9099
30.05. 21:00;8,7722
30.05. 21:15;8,5755
30.05. 21:30;8,3592
30.05. 21:45;8,1822
30.05. 22:00;8,074
30.05. 22:15;8,0346
30.05. 22:30;8,0248
30.05. 22:45;7,9953
30.05. 23:00;7,9265
30.05. 23:15;7,8183
30.05. 23:30;7,6609
30.05. 23:45;7,4446
31.05. 00:00;7,1791
31.05. 00:15;6,8939
31.05. 00:30;6,5988
31.05. 00:45;6,3431
31.05. 01:00;6,1268
31.05. 01:15;5,9596
31.05. 01:30;5,8219
31.05. 01:45;5,6941
31.05. 02:00;5,5761
31.05. 02:15;5,4679
31.05. 02:30;5,3794
31.05. 02:45;5,3302
31.05. 03:00;5,3204
31.05. 03:15;5,3695
31.05. 03:30;5,4876
31.05. 03:45;5,6941
31.05. 04:00;5,9891
31.05. 04:15;6,3333
31.05. 04:30;6,6873
31.05. 04:45;6,9824
31.05. 05:00;7,1987
31.05. 05:15;7,3462
31.05. 05:30;7,4446
31.05. 05:45;7,5331
31.05. 06:00;7,6413
31.05. 06:15;7,7986
31.05. 06:30;8,0543
31.05. 06:45;8,4575
31.05. 07:00;9,0377
31.05. 07:15;9,8737
31.05. 07:30;11,005
31.05. 07:45;12,499
31.05. 08:00;14,348
31.05. 08:15;16,345
31.05. 08:30;18,213
31.05. 08:45;19,669
31.05. 09:00;20,505
31.05. 09:15;20,859
31.05. 09:30;20,908
31.05. 09:45;20,859
31.05. 10:00;20,868
31.05. 10:15;20,957
31.05. 10:30;21,104
31.05. 10:45;21,321
31.05. 11:00;21,557
31.05. 11:15;21,754
31.05. 11:30;21,832
31.05. 11:45;21,685
31.05. 12:00;21,272
31.05. 12:15;20,632
31.05. 12:30;19,855
31.05. 12:45;19,02
31.05. 13:00;18,193
31.05. 13:15;17,446
31.05. 13:30;16,807
31.05. 13:45;16,354
31.05. 14:00;16,118
31.05. 14:15;16,089
31.05. 14:30;16,236
31.05. 14:45;16,541
31.05. 15:00;16,964
31.05. 15:15;17,436
31.05. 15:30;17,839
31.05. 15:45;18,105
31.05. 16:00;18,144
31.05. 16:15;18,056
31.05. 16:30;17,908
31.05. 16:45;17,83
31.05. 17:00;17,849
31.05. 17:15;17,869
31.05. 17:30;17,702
31.05. 17:45;17,181
31.05. 18:00;16,207
31.05. 18:15;14,899
31.05. 18:30;13,473
31.05. 18:45;12,126
31.05. 19:00;11,024
31.05. 19:15;10,169
31.05. 19:30;9,5688
31.05. 19:45;9,1853
31.05. 20:00;9,0082
31.05. 20:15;8,9591
31.05. 20:30;8,9591
31.05. 20:45;8,9099
31.05. 21:00;8,7722
31.05. 21:15;8,5755
31.05. 21:30;8,3592
31.05. 21:45;8,1822
31.05. 22:00;8,074
31.05. 22:15;8,0346
31.05. 22:30;8,0248
31.05. 22:45;7,9953
31.05. 23:00;7,9265
31.05. 23:15;7,8183
31.05. 23:30;7,6609
31.05. 23:45;7,4446
01.06. 00:00;7,4544
01.06. 00:15;7,5429
01.06. 00:30;7,6413
01.06. 00:45;7,7199
01.06. 01:00;7,7199
01.06. 01:15;7,6511
01.06. 01:30;7,5331
01.06. 01:45;7,3462
01.06. 02:00;7,1397
01.06. 02:15;6,9234
01.06. 02:30;6,7365
01.06. 02:45;6,6185
01.06. 03:00;6,589
01.06. 03:15;6,6382
01.06. 03:30;6,7168
01.06. 03:45;6,7955
01.06. 04:00;6,8545
01.06. 04:15;6,8939
01.06. 04:30;6,9332
01.06. 04:45;6,9824
01.06. 05:00;7,061
01.06. 05:15;7,1299
01.06. 05:30;7,1791
01.06. 05:45;7,1692
01.06. 06:00;7,1004
01.06. 06:15;7,1004
01.06. 06:30;7,3167
01.06. 06:45;7,9068
01.06. 07:00;8,9492
01.06. 07:15;10,346
01.06. 07:30;11,919
01.06. 07:45;13,512
01.06. 08:00;14,958
01.06. 08:15;16,217
01.06. 08:30;17,22
01.06. 08:45;17,918
01.06. 09:00;18,302
01.06. 09:15;18,439
01.06. 09:30;18,459
01.06. 09:45;18,469
01.06. 10:00;18,557
01.06. 10:15;18,695
01.06. 10:30;18,872
01.06. 10:45;19,02
01.06. 11:00;19,128
01.06. 11:15;19,187
01.06. 11:30;19,206
01.06. 11:45;19,206
01.06. 12:00;19,167
01.06. 12:15;19,069
01.06. 12:30;18,852
01.06. 12:45;18,469
01.06. 13:00;17,889
01.06. 13:15;17,122
01.06. 13:30;16,207
01.06. 13:45;15,165
01.06. 14:00;14,024
01.06. 14:15;12,873
01.06. 14:30;11,782
01.06. 14:45;10,847
01.06. 15:00;10,1
01.06. 15:15;9,5295
01.06. 15:30;9,0574
01.06. 15:45;8,6345
01.06. 16:00;8,2215
01.06. 16:15;7,838
01.06. 16:30;7,5626
01.06. 16:45;7,4446
01.06. 17:00;7,5233
01.06. 17:15;7,7298
01.06. 17:30;7,9756
01.06. 17:45;8,1822
01.06. 18:00;8,2707
01.06. 18:15;8,2903
01.06. 18:30;8,2707
01.06. 18:45;8,2707
01.06. 19:00;8,3297
01.06. 19:15;8,4378
01.06. 19:30;8,5854
01.06. 19:45;8,7329
01.06. 20:00;8,8607
01.06. 20:15;8,9689
01.06. 20:30;9,0181
01.06. 20:45;9,0082
01.06. 21:00;8,9099
01.06. 21:15;8,7525
01.06. 21:30;8,5657
01.06. 21:45;8,3592
01.06. 22:00;8,1723
01.06. 22:15;7,9855
01.06. 22:30;7,8085
01.06. 22:45;7,6314
01.06. 23:00;7,4446
01.06. 23:15;7,2577
01.06. 23:30;7,0709
01.06. 23:45;6,8939
02.06. 00:00;6,7168
02.06. 00:15;6,5398
02.06. 00:30;6,353
02.06. 00:45;6,1563
02.06. 01:00;5,9301
02.06. 01:15;5,6941
02.06. 01:30;5,458
02.06. 01:45;5,2417
02.06. 02:00;5,0352
02.06. 02:15;4,868
02.06. 02:30;4,7205
02.06. 02:45;4,5926
02.06. 03:00;4,4943
02.06. 03:15;4,4156
02.06. 03:30;4,3566
02.06. 03:45;4,3173
02.06. 04:00;4,2878
02.06. 04:15;4,2779
02.06. 04:30;4,2878
02.06. 04:45;4,3173
02.06. 05:00;4,3763
02.06. 05:15;4,4353
02.06. 05:30;4,4845
02.06. 05:45;4,5041
02.06. 06:00;4,4845
02.06. 06:15;4,4549
02.06. 06:30;4,4451
02.06. 06:45;4,5041
02.06. 07:00;4,6418
02.06. 07:15;4,8287
02.06. 07:30;5,0155
02.06. 07:45;5,1434
02.06. 08:00;5,1925
02.06. 08:15;5,2024
02.06. 08:30;5,222
02.06. 08:45;5,3302
02.06. 09:00;5,5466
02.06. 09:15;5,8514
02.06. 09:30;6,1661
02.06. 09:45;6,4316
02.06. 10:00;6,6087
02.06. 10:15;6,7365
02.06. 10:30;6,8447
02.06. 10:45;6,9824
02.06. 11:00;7,1889
02.06. 11:15;7,4347
02.06. 11:30;7,6904
02.06. 11:45;7,9068
02.06. 12:00;8,0543
02.06. 12:15;8,1428
02.06. 12:30;8,1822
02.06. 12:45;8,1822
02.06. 13:00;8,1428
02.06. 13:15;8,074
02.06. 13:30;7,956
02.06. 13:45;7,8085
02.06. 14:00;7,6216
02.06. 14:15;7,4052
02.06. 14:30;7,1889
02.06. 14:45;6,9824
02.06. 15:00;6,8054
02.06. 15:15;6,648
02.06. 15:30;6,5005
02.06. 15:45;6,3431
02.06. 16:00;6,176
02.06. 16:15;6,0481
02.06. 16:30;6,0186
02.06. 16:45;6,1563
02.06. 17:00;6,4808
02.06. 17:15;6,9234
02.06. 17:30;7,3757
02.06. 17:45;7,7199
02.06. 18:00;7,8773
02.06. 18:15;7,9068
02.06. 18:30;7,8871
02.06. 18:45;7,9068
02.06. 19:00;8,0051
02.06. 19:15;8,1723
02.06. 19:30;8,369
02.06. 19:45;8,546
02.06. 20:00;8,664
02.06. 20:15;8,723
02.06. 20:30;8,7132
02.06. 20:45;8,6345
02.06. 21:00;8,4969
02.06. 21:15;8,3002
02.06. 21:30;8,0641
02.06. 21:45;7,8085
02.06. 22:00;7,5429
02.06. 22:15;7,2872
02.06. 22:30;7,0315
02.06. 22:45;6,7955
02.06. 23:00;6,589
02.06. 23:15;6,4218
02.06. 23:30;6,3038
02.06. 23:45;6,2448
03.06. 00:00;7,1791
03.06. 00:15;6,8939
03.06. 00:30;6,5988
03.06. 00:45;6,3431
03.06. 01:00;6,1268
03.06. 01:15;5,9596
03.06. 01:30;5,8219
03.06. 01:45;5,6941
03.06. 02:00;5,5761
03.06. 02:15;5,4679
03.06. 02:30;5,3794
03.06. 02:45;5,3302
03.06. 03:00;5,3204
03.06. 03:15;5,3695
03.06. 03:30;5,4876
03.06. 03:45;5,6941
03.06. 04:00;5,9891
03.06. 04:15;6,3333
03.06. 04:30;6,6873
03.06. 04:45;6,9824
03.06. 05:00;7,1987
03.06. 05:15;7,3462
03.06. 05:30;7,4446
03.06. 05:45;7,5331
03.06. 06:00;7,6413
03.06. 06:15;7,7986
03.06. 06:30;8,0543
03.06. 06:45;8,4575
03.06. 07:00;9,0377
03.06. 07:15;9,8737
03.06. 07:30;11,005
03.06. 07:45;12,499
03.06. 08:00;14,348
03.06. 08:15;16,345
03.06. 08:30;18,213
03.06. 08:45;19,669
03.06. 09:00;20,505
03.06. 09:15;20,859
03.06. 09:30;20,908
03.06. 09:45;20,859
03.06. 10:00;20,868
03.06. 10:15;20,957
03.06. 10:30;21,104
03.06. 10:45;21,321
03.06. 11:00;21,557
03.06. 11:15;21,754
03.06. 11:30;21,832
03.06. 11:45;21,685
03.06. 12:00;21,272
03.06. 12:15;20,632
03.06. 12:30;19,855
03.06. 12:45;19,02
03.06. 13:00;18,193
03.06. 13:15;17,446
03.06. 13:30;16,807
03.06. 13:45;16,354
03.06. 14:00;16,118
03.06. 14:15;16,089
03.06. 14:30;16,236
03.06. 14:45;16,541
03.06. 15:00;16,964
03.06. 15:15;17,436
03.06. 15:30;17,839
03.06. 15:45;18,105
03.06. 16:00;18,144
03.06. 16:15;18,056
03.06. 16:30;17,908
03.06. 16:45;17,83
03.06. 17:00;17,849
03.06. 17:15;17,869
03.06. 17:30;17,702
03.06. 17:45;17,181
03.06. 18:00;16,207
03.06. 18:15;14,899
03.06. 18:30;13,473
03.06. 18:45;12,126
03.06. 19:00;11,024
03.06. 19:15;10,169
03.06. 19:30;9,5688
03.06. 19:45;9,1853
03.06. 20:00;9,0082
03.06. 20:15;8,9591
03.06. 20:30;8,9591
03.06. 20:45;8,9099
03.06. 21:00;8,7722
03.06. 21:15;8,5755
03.06. 21:30;8,3592
03.06. 21:45;8,1822
03.06. 22:00;8,074
03.06. 22:15;8,0346
03.06. 22:30;8,0248
03.06. 22:45;7,9953
03.06. 23:00;7,9265
03.06. 23:15;7,8183
03.06. 23:30;7,6609
03.06. 23:45;7,4446
04.06. 00:00;7,1791
04.06. 00:15;6,8939
04.06. 00:30;6,5988
04.06. 00:45;6,3431
04.06. 01:00;6,1268
04.06. 01:15;5,9596
04.06. 01:30;5,8219
04.06. 01:45;5,6941
04.06. 02:00;5,5761
04.06. 02:15;5,4679
04.06. 02:30;5,3794
04.06. 02:45;5,3302
04.06. 03:00;5,3204
04.06. 03:15;5,3695
04.06. 03:30;5,4876
04.06. 03:45;5,6941
04.06. 04:00;5,9891
04.06. 04:15;6,3333
04.06. 04:30;6,6873
04.06. 04:45;6,9824
04.06. 05:00;7,1987
04.06. 05:15;7,3462
04.06. 05:30;7,4446
04.06. 05:45;7,5331
04.06. 06:00;7,6413
04.06. 06:15;7,7986
04.06. 06:30;8,0543
04.06. 06:45;8,4575
04.06. 07:00;9,0377
04.06. 07:15;9,8737
04.06. 07:30;11,005
04.06. 07:45;12,499
04.06. 08:00;14,348
04.06. 08:15;16,345
04.06. 08:30;18,213
04.06. 08:45;19,669
04.06. 09:00;20,505
04.06. 09:15;20,859
04.06. 09:30;20,908
04.06. 09:45;20,859
04.06. 10:00;20,868
04.06. 10:15;20,957
04.06. 10:30;21,104
04.06. 10:45;21,321
04.06. 11:00;21,557
04.06. 11:15;21,754
04.06. 11:30;21,832
04.06. 11:45;21,685
04.06. 12:00;21,272
04.06. 12:15;20,632
04.06. 12:30;19,855
04.06. 12:45;19,02
04.06. 13:00;18,193
04.06. 13:15;17,446
04.06. 13:30;16,807
04.06. 13:45;16,354
04.06. 14:00;16,118
04.06. 14:15;16,089
04.06. 14:30;16,236
04.06. 14:45;16,541
04.06. 15:00;16,964
04.06. 15:15;17,436
04.06. 15:30;17,839
04.06. 15:45;18,105
04.06. 16:00;18,144
04.06. 16:15;18,056
04.06. 16:30;17,908
04.06. 16:45;17,83
04.06. 17:00;17,849
04.06. 17:15;17,869
04.06. 17:30;17,702
04.06. 17:45;17,181
04.06. 18:00;16,207
04.06. 18:15;14,899
04.06. 18:30;13,473
04.06. 18:45;12,126
04.06. 19:00;11,024
04.06. 19:15;10,169
04.06. 19:30;9,5688
04.06. 19:45;9,1853
04.06. 20:00;9,0082
04.06. 20:15;8,9591
04.06. 20:30;8,9591
04.06. 20:45;8,9099
04.06. 21:00;8,7722
04.06. 21:15;8,5755
04.06. 21:30;8,3592
04.06. 21:45;8,1822
04.06. 22:00;8,074
04.06. 22:15;8,0346
04.06. 22:30;8,0248
04.06. 22:45;7,9953
04.06. 23:00;7,9265
04.06. 23:15;7,8183
04.06. 23:30;7,6609
04.06. 23:45;7,4446
05.06. 00:00;7,1791
05.06. 00:15;6,8939
05.06. 00:30;6,5988
05.06. 00:45;6,3431
05.06. 01:00;6,1268
05.06. 01:15;5,9596
05.06. 01:30;5,8219
05.06. 01:45;5,6941
05.06. 02:00;5,5761
05.06. 02:15;5,4679
05.06. 02:30;5,3794
05.06. 02:45;5,3302
05.06. 03:00;5,3204
05.06. 03:15;5,3695
05.06. 03:30;5,4876
05.06. 03:45;5,6941
05.06. 04:00;5,9891
05.06. 04:15;6,3333
05.06. 04:30;6,6873
05.06. 04:45;6,9824
05.06. 05:00;7,1987
05.06. 05:15;7,3462
05.06. 05:30;7,4446
05.06. 05:45;7,5331
05.06. 06:00;7,6413
05.06. 06:15;7,7986
05.06. 06:30;8,0543
05.06. 06:45;8,4575
05.06. 07:00;9,0377
05.06. 07:15;9,8737
05.06. 07:30;11,005
05.06. 07:45;12,499
05.06. 08:00;14,348
05.06. 08:15;16,345
05.06. 08:30;18,213
05.06. 08:45;19,669
05.06. 09:00;20,505
05.06. 09:15;20,859
05.06. 09:30;20,908
05.06. 09:45;20,859
05.06. 10:00;20,868
05.06. 10:15;20,957
05.06. 10:30;21,104
05.06. 10:45;21,321
05.06. 11:00;21,557
05.06. 11:15;21,754
05.06. 11:30;21,832
05.06. 11:45;21,685
05.06. 12:00;21,272
05.06. 12:15;20,632
05.06. 12:30;19,855
05.06. 12:45;19,02
05.06. 13:00;18,193
05.06. 13:15;17,446
05.06. 13:30;16,807
05.06. 13:45;16,354
05.06. 14:00;16,118
05.06. 14:15;16,089
05.06. 14:30;16,236
05.06. 14:45;16,541
05.06. 15:00;16,964
05.06. 15:15;17,436
05.06. 15:30;17,839
05.06. 15:45;18,105
05.06. 16:00;18,144
05.06. 16:15;18,056
05.06. 16:30;17,908
05.06. 16:45;17,83
05.06. 17:00;17,849
05.06. 17:15;17,869
05.06. 17:30;17,702
05.06. 17:45;17,181
05.06. 18:00;16,207
05.06. 18:15;14,899
05.06. 18:30;13,473
05.06. 18:45;12,126
05.06. 19:00;11,024
05.06. 19:15;10,169
05.06. 19:30;9,5688
05.06. 19:45;9,1853
05.06. 20:00;9,0082
05.06. 20:15;8,9591
05.06. 20:30;8,9591
05.06. 20:45;8,9099
05.06. 21:00;8,7722
05.06. 21:15;8,5755
05.06. 21:30;8,3592
05.06. 21:45;8,1822
05.06. 22:00;8,074
05.06. 22:15;8,0346
05.06. 22:30;8,0248
05.06. 22:45;7,9953
05.06. 23:00;7,9265
05.06. 23:15;7,8183
05.06. 23:30;7,6609
05.06. 23:45;7,4446
06.06. 00:00;7,1791
06.06. 00:15;6,8939
06.06. 00:30;6,5988
06.06. 00:45;6,3431
06.06. 01:00;6,1268
06.06. 01:15;5,9596
06.06. 01:30;5,8219
06.06. 01:45;5,6941
06.06. 02:00;5,5761
06.06. 02:15;5,4679
06.06. 02:30;5,3794
06.06. 02:45;5,3302
06.06. 03:00;5,3204
06.06. 03:15;5,3695
06.06. 03:30;5,4876
06.06. 03:45;5,6941
06.06. 04:00;5,9891
06.06. 04:15;6,3333
06.06. 04:30;6,6873
06.06. 04:45;6,9824
06.06. 05:00;7,1987
06.06. 05:15;7,3462
06.06. 05:30;7,4446
06.06. 05:45;7,5331
06.06. 06:00;7,6413
06.06. 06:15;7,7986
06.06. 06:30;8,0543
06.06. 06:45;8,4575
06.06. 07:00;9,0377
06.06. 07:15;9,8737
06.06. 07:30;11,005
06.06. 07:45;12,499
06.06. 08:00;14,348
06.06. 08:15;16,345
06.06. 08:30;18,213
06.06. 08:45;19,669
06.06. 09:00;20,505
06.06. 09:15;20,859
06.06. 09:30;20,908
06.06. 09:45;20,859
06.06. 10:00;20,868
06.06. 10:15;20,957
06.06. 10:30;21,104
06.06. 10:45;21,321
06.06. 11:00;21,557
06.06. 11:15;21,754
06.06. 11:30;21,832
06.06. 11:45;21,685
06.06. 12:00;21,272
06.06. 12:15;20,632
06.06. 12:30;19,855
06.06. 12:45;19,02
06.06. 13:00;18,193
06.06. 13:15;17,446
06.06. 13:30;16,807
06.06. 13:45;16,354
06.06. 14:00;16,118
06.06. 14:15;16,089
06.06. 14:30;16,236
06.06. 14:45;16,541
06.06. 15:00;16,964
06.06. 15:15;17,436
06.06. 15:30;17,839
06.06. 15:45;18,105
06.06. 16:00;18,144
06.06. 16:15;18,056
06.06. 16:30;17,908
06.06. 16:45;17,83
06.06. 17:00;17,849
06.06. 17:15;17,869
06.06. 17:30;17,702
06.06. 17:45;17,181
06.06. 18:00;16,207
06.06. 18:15;14,899
06.06. 18:30;13,473
06.06. 18:45;12,126
06.06. 19:00;11,024
06.06. 19:15;10,169
06.06. 19:30;9,5688
06.06. 19:45;9,1853
06.06. 20:00;9,0082
06.06. 20:15;8,9591
06.06. 20:30;8,9591
06.06. 20:45;8,9099
06.06. 21:00;8,7722
06.06. 21:15;8,5755
06.06. 21:30;8,3592
06.06. 21:45;8,1822
06.06. 22:00;8,074
06.06. 22:15;8,0346
06.06. 22:30;8,0248
06.06. 22:45;7,9953
06.06. 23:00;7,9265
06.06. 23:15;7,8183
06.06. 23:30;7,6609
06.06. 23:45;7,4446
07.06. 00:00;7,1791
07.06. 00:15;6,8939
07.06. 00:30;6,5988
07.06. 00:45;6,3431
07.06. 01:00;6,1268
07.06. 01:15;5,9596
07.06. 01:30;5,8219
07.06. 01:45;5,6941
07.06. 02:00;5,5761
07.06. 02:15;5,4679
07.06. 02:30;5,3794
07.06. 02:45;5,3302
07.06. 03:00;5,3204
07.06. 03:15;5,3695
07.06. 03:30;5,4876
07.06. 03:45;5,6941
07.06. 04:00;5,9891
07.06. 04:15;6,3333
07.06. 04:30;6,6873
07.06. 04:45;6,9824
07.06. 05:00;7,1987
07.06. 05:15;7,3462
07.06. 05:30;7,4446
07.06. 05:45;7,5331
07.06. 06:00;7,6413
07.06. 06:15;7,7986
07.06. 06:30;8,0543
07.06. 06:45;8,4575
07.06. 07:00;9,0377
07.06. 07:15;9,8737
07.06. 07:30;11,005
07.06. 07:45;12,499
07.06. 08:00;14,348
07.06. 08:15;16,345
07.06. 08:30;18,213
07.06. 08:45;19,669
07.06. 09:00;20,505
07.06. 09:15;20,859
07.06. 09:30;20,908
07.06. 09:45;20,859
07.06. 10:00;20,868
07.06. 10:15;20,957
07.06. 10:30;21,104
07.06. 10:45;21,321
07.06. 11:00;21,557
07.06. 11:15;21,754
07.06. 11:30;21,832
07.06. 11:45;21,685
07.06. 12:00;21,272
07.06. 12:15;20,632
07.06. 12:30;19,855
07.06. 12:45;19,02
07.06. 13:00;18,193
07.06. 13:15;17,446
07.06. 13:30;16,807
07.06. 13:45;16,354
07.06. 14:00;16,118
07.06. 14:15;16,089
07.06. 14:30;16,236
07.06. 14:45;16,541
07.06. 15:00;16,964
07.06. 15:15;17,436
07.06. 15:30;17,839
07.06. 15:45;18,105
07.06. 16:00;18,144
07.06. 16:15;18,056
07.06. 16:30;17,908
07.06. 16:45;17,83
07.06. 17:00;17,849
07.06. 17:15;17,869
07.06. 17:30;17,702
07.06. 17:45;17,181
07.06. 18:00;16,207
07.06. 18:15;14,899
07.06. 18:30;13,473
07.06. 18:45;12,126
07.06. 19:00;11,024
07.06. 19:15;10,169
07.06. 19:30;9,5688
07.06. 19:45;9,1853
07.06. 20:00;9,0082
07.06. 20:15;8,9591
07.06. 20:30;8,9591
07.06. 20:45;8,9099
07.06. 21:00;8,7722
07.06. 21:15;8,5755
07.06. 21:30;8,3592
07.06. 21:45;8,1822
07.06. 22:00;8,074
07.06. 22:15;8,0346
07.06. 22:30;8,0248
07.06. 22:45;7,9953
07.06. 23:00;7,9265
07.06. 23:15;7,8183
07.06. 23:30;7,6609
07.06. 23:45;7,4446
08.06. 00:00;7,4544
08.06. 00:15;7,5429
08.06. 00:30;7,6413
08.06. 00:45;7,7199
08.06. 01:00;7,7199
08.06. 01:15;7,6511
08.06. 01:30;7,5331
08.06. 01:45;7,3462
08.06. 02:00;7,1397
08.06. 02:15;6,9234
08.06. 02:30;6,7365
08.06. 02:45;6,6185
08.06. 03:00;6,589
08.06. 03:15;6,6382
08.06. 03:30;6,7168
08.06. 03:45;6,7955
08.06. 04:00;6,8545
08.06. 04:15;6,8939
08.06. 04:30;6,9332
08.06. 04:45;6,9824
08.06. 05:00;7,061
08.06. 05:15;7,1299
08.06. 05:30;7,1791
08.06. 05:45;7,1692
08.06. 06:00;7,1004
08.06. 06:15;7,1004
08.06. 06:30;7,3167
08.06. 06:45;7,9068
08.06. 07:00;8,9492
08.06. 07:15;10,346
08.06. 07:30;11,919
08.06. 07:45;13,512
08.06. 08:00;14,958
08.06. 08:15;16,217
08.06. 08:30;17,22
08.06. 08:45;17,918
08.06. 09:00;18,302
08.06. 09:15;18,439
08.06. 09:30;18,459
08.06. 09:45;18,469
08.06. 10:00;18,557
08.06. 10:15;18,695
08.06. 10:30;18,872
08.06. 10:45;19,02
08.06. 11:00;19,128
08.06. 11:15;19,187
08.06. 11:30;19,206
08.06. 11:45;19,206
08.06. 12:00;19,167
08.06. 12:15;19,069
08.06. 12:30;18,852
08.06. 12:45;18,469
08.06. 13:00;17,889
08.06. 13:15;17,122
08.06. 13:30;16,207
08.06. 13:45;15,165
08.06. 14:00;14,024
08.06. 14:15;12,873
08.06. 14:30;11,782
08.06. 14:45;10,847
08.06. 15:00;10,1
08.06. 15:15;9,5295
08.06. 15:30;9,0574
08.06. 15:45;8,6345
08.06. 16:00;8,2215
08.06. 16:15;7,838
08.06. 16:30;7,5626
08.06. 16:45;7,4446
08.06. 17:00;7,5233
08.06. 17:15;7,7298
08.06. 17:30;7,9756
08.06. 17:45;8,1822
08.06. 18:00;8,2707
08.06. 18:15;8,2903
08.06. 18:30;8,2707
08.06. 18:45;8,2707
08.06. 19:00;8,3297
08.06. 19:15;8,4378
08.06. 19:30;8,5854
08.06. 19:45;8,7329
08.06. 20:00;8,8607
08.06. 20:15;8,9689
08.06. 20:30;9,0181
08.06. 20:45;9,0082
08.06. 21:00;8,9099
08.06. 21:15;8,7525
08.06. 21:30;8,5657
08.06. 21:45;8,3592
08.06. 22:00;8,1723
08.06. 22:15;7,9855
08.06. 22:30;7,8085
08.06. 22:45;7,6314
08.06. 23:00;7,4446
08.06. 23:15;7,2577
08.06. 23:30;7,0709
08.06. 23:45;6,8939
09.06. 00:00;6,7168
09.06. 00:15;6,5398
09.06. 00:30;6,353
09.06. 00:45;6,1563
09.06. 01:00;5,9301
09.06. 01:15;5,6941
09.06. 01:30;5,458
09.06. 01:45;5,2417
09.06. 02:00;5,0352
09.06. 02:15;4,868
09.06. 02:30;4,7205
09.06. 02:45;4,5926
09.06. 03:00;4,4943
09.06. 03:15;4,4156
09.06. 03:30;4,3566
09.06. 03:45;4,3173
09.06. 04:00;4,2878
09.06. 04:15;4,2779
09.06. 04:30;4,2878
09.06. 04:45;4,3173
09.06. 05:00;4,3763
09.06. 05:15;4,4353
09.06. 05:30;4,4845
09.06. 05:45;4,5041
09.06. 06:00;4,4845
09.06. 06:15;4,4549
09.06. 06:30;4,4451
09.06. 06:45;4,5041
09.06. 07:00;4,6418
09.06. 07:15;4,8287
09.06. 07:30;5,0155
09.06. 07:45;5,1434
09.06. 08:00;5,1925
09.06. 08:15;5,2024
09.06. 08:30;5,222
09.06. 08:45;5,3302
09.06. 09:00;5,5466
09.06. 09:15;5,8514
09.06. 09:30;6,1661
09.06. 09:45;6,4316
09.06. 10:00;6,6087
09.06. 10:15;6,7365
09.06. 10:30;6,8447
09.06. 10:45;6,9824
09.06. 11:00;7,1889
09.06. 11:15;7,4347
09.06. 11:30;7,6904
09.06. 11:45;7,9068
09.06. 12:00;8,0543
09.06. 12:15;8,1428
09.06. 12:30;8,1822
09.06. 12:45;8,1822
09.06. 13:00;8,1428
09.06. 13:15;8,074
09.06. 13:30;7,956
09.06. 13:45;7,8085
09.06. 14:00;7,6216
09.06. 14:15;7,4052
09.06. 14:30;7,1889
09.06. 14:45;6,9824
09.06. 15:00;6,8054
09.06. 15:15;6,648
09.06. 15:30;6,5005
09.06. 15:45;6,3431
09.06. 16:00;6,176
09.06. 16:15;6,0481
09.06. 16:30;6,0186
09.06. 16:45;6,1563
09.06. 17:00;6,4808
09.06. 17:15;6,9234
09.06. 17:30;7,3757
09.06. 17:45;7,7199
09.06. 18:00;7,8773
09.06. 18:15;7,9068
09.06. 18:30;7,8871
09.06. 18:45;7,9068
09.06. 19:00;8,0051
09.06. 19:15;8,1723
09.06. 19:30;8,369
09.06. 19:45;8,546
09.06. 20:00;8,664
09.06. 20:15;8,723
09.06. 20:30;8,7132
09.06. 20:45;8,6345
09.06. 21:00;8,4969
09.06. 21:15;8,3002
09.06. 21:30;8,0641
09.06. 21:45;7,8085
09.06. 22:00;7,5429
09.06. 22:15;7,2872
09.06. 22:30;7,0315
09.06. 22:45;6,7955
09.06. 23:00;6,589
09.06. 23:15;6,4218
09.06. 23:30;6,3038
09.06. 23:45;6,2448
10.06. 00:00;7,1791
10.06. 00:15;6,8939
10.06. 00:30;6,5988
10.06. 00:45;6,3431
10.06. 01:00;6,1268
10.06. 01:15;5,9596
10.06. 01:30;5,8219
10.06. 01:45;5,6941
10.06. 02:00;5,5761
10.06. 02:15;5,4679
10.06. 02:30;5,3794
10.06. 02:45;5,3302
10.06. 03:00;5,3204
10.06. 03:15;5,3695
10.06. 03:30;5,4876
10.06. 03:45;5,6941
10.06. 04:00;5,9891
10.06. 04:15;6,3333
10.06. 04:30;6,6873
10.06. 04:45;6,9824
10.06. 05:00;7,1987
10.06. 05:15;7,3462
10.06. 05:30;7,4446
10.06. 05:45;7,5331
10.06. 06:00;7,6413
10.06. 06:15;7,7986
10.06. 06:30;8,0543
10.06. 06:45;8,4575
10.06. 07:00;9,0377
10.06. 07:15;9,8737
10.06. 07:30;11,005
10.06. 07:45;12,499
10.06. 08:00;14,348
10.06. 08:15;16,345
10.06. 08:30;18,213
10.06. 08:45;19,669
10.06. 09:00;20,505
10.06. 09:15;20,859
10.06. 09:30;20,908
10.06. 09:45;20,859
10.06. 10:00;20,868
10.06. 10:15;20,957
10.06. 10:30;21,104
10.06. 10:45;21,321
10.06. 11:00;21,557
10.06. 11:15;21,754
10.06. 11:30;21,832
10.06. 11:45;21,685
10.06. 12:00;21,272
10.06. 12:15;20,632
10.06. 12:30;19,855
10.06. 12:45;19,02
10.06. 13:00;18,193
10.06. 13:15;17,446
10.06. 13:30;16,807
10.06. 13:45;16,354
10.06. 14:00;16,118
10.06. 14:15;16,089
10.06. 14:30;16,236
10.06. 14:45;16,541
10.06. 15:00;16,964
10.06. 15:15;17,436
10.06. 15:30;17,839
10.06. 15:45;18,105
10.06. 16:00;18,144
10.06. 16:15;18,056
10.06. 16:30;17,908
10.06. 16:45;17,83
10.06. 17:00;17,849
10.06. 17:15;17,869
10.06. 17:30;17,702
10.06. 17:45;17,181
10.06. 18:00;16,207
10.06. 18:15;14,899
10.06. 18:30;13,473
10.06. 18:45;12,126
10.06. 19:00;11,024
10.06. 19:15;10,169
10.06. 19:30;9,5688
10.06. 19:45;9,1853
10.06. 20:00;9,0082
10.06. 20:15;8,9591
10.06. 20:30;8,9591
10.06. 20:45;8,9099
10.06. 21:00;8,7722
10.06. 21:15;8,5755
10.06. 21:30;8,3592
10.06. 21:45;8,1822
10.06. 22:00;8,074
10.06. 22:15;8,0346
10.06. 22:30;8,0248
10.06. 22:45;7,9953
10.06. 23:00;7,9265
10.06. 23:15;7,8183
10.06. 23:30;7,6609
10.06. 23:45;7,4446
11.06. 00:00;7,1791
11.06. 00:15;6,8939
11.06. 00:30;6,5988
11.06. 00:45;6,3431
11.06. 01:00;6,1268
11.06. 01:15;5,9596
11.06. 01:30;5,8219
11.06. 01:45;5,6941
11.06. 02:00;5,5761
11.06. 02:15;5,4679
11.06. 02:30;5,3794
11.06. 02:45;5,3302
11.06. 03:00;5,3204
11.06. 03:15;5,3695
11.06. 03:30;5,4876
11.06. 03:45;5,6941
11.06. 04:00;5,9891
11.06. 04:15;6,3333
11.06. 04:30;6,6873
11.06. 04:45;6,9824
11.06. 05:00;7,1987
11.06. 05:15;7,3462
11.06. 05:30;7,4446
11.06. 05:45;7,5331
11.06. 06:00;7,6413
11.06. 06:15;7,7986
11.06. 06:30;8,0543
11.06. 06:45;8,4575
11.06. 07:00;9,0377
11.06. 07:15;9,8737
11.06. 07:30;11,005
11.06. 07:45;12,499
11.06. 08:00;14,348
11.06. 08:15;16,345
11.06. 08:30;18,213
11.06. 08:45;19,669
11.06. 09:00;20,505
11.06. 09:15;20,859
11.06. 09:30;20,908
11.06. 09:45;20,859
11.06. 10:00;20,868
11.06. 10:15;20,957
11.06. 10:30;21,104
11.06. 10:45;21,321
11.06. 11:00;21,557
11.06. 11:15;21,754
11.06. 11:30;21,832
11.06. 11:45;21,685
11.06. 12:00;21,272
11.06. 12:15;20,632
11.06. 12:30;19,855
11.06. 12:45;19,02
11.06. 13:00;18,193
11.06. 13:15;17,446
11.06. 13:30;16,807
11.06. 13:45;16,354
11.06. 14:00;16,118
11.06. 14:15;16,089
11.06. 14:30;16,236
11.06. 14:45;16,541
11.06. 15:00;16,964
11.06. 15:15;17,436
11.06. 15:30;17,839
11.06. 15:45;18,105
11.06. 16:00;18,144
11.06. 16:15;18,056
11.06. 16:30;17,908
11.06. 16:45;17,83
11.06. 17:00;17,849
11.06. 17:15;17,869
11.06. 17:30;17,702
11.06. 17:45;17,181
11.06. 18:00;16,207
11.06. 18:15;14,899
11.06. 18:30;13,473
11.06. 18:45;12,126
11.06. 19:00;11,024
11.06. 19:15;10,169
11.06. 19:30;9,5688
11.06. 19:45;9,1853
11.06. 20:00;9,0082
11.06. 20:15;8,9591
11.06. 20:30;8,9591
11.06. 20:45;8,9099
11.06. 21:00;8,7722
11.06. 21:15;8,5755
11.06. 21:30;8,3592
11.06. 21:45;8,1822
11.06. 22:00;8,074
11.06. 22:15;8,0346
11.06. 22:30;8,0248
11.06. 22:45;7,9953
11.06. 23:00;7,9265
11.06. 23:15;7,8183
11.06. 23:30;7,6609
11.06. 23:45;7,4446
12.06. 00:00;7,1791
12.06. 00:15;6,8939
12.06. 00:30;6,5988
12.06. 00:45;6,3431
12.06. 01:00;6,1268
12.06. 01:15;5,9596
12.06. 01:30;5,8219
12.06. 01:45;5,6941
12.06. 02:00;5,5761
12.06. 02:15;5,4679
12.06. 02:30;5,3794
12.06. 02:45;5,3302
12.06. 03:00;5,3204
12.06. 03:15;5,3695
12.06. 03:30;5,4876
12.06. 03:45;5,6941
12.06. 04:00;5,9891
12.06. 04:15;6,3333
12.06. 04:30;6,6873
12.06. 04:45;6,9824
12.06. 05:00;7,1987
12.06. 05:15;7,3462
12.06. 05:30;7,4446
12.06. 05:45;7,5331
12.06. 06:00;7,6413
12.06. 06:15;7,7986
12.06. 06:30;8,0543
12.06. 06:45;8,4575
12.06. 07:00;9,0377
12.06. 07:15;9,8737
12.06. 07:30;11,005
12.06. 07:45;12,499
12.06. 08:00;14,348
12.06. 08:15;16,345
12.06. 08:30;18,213
12.06. 08:45;19,669
12.06. 09:00;20,505
12.06. 09:15;20,859
12.06. 09:30;20,908
12.06. 09:45;20,859
12.06. 10:00;20,868
12.06. 10:15;20,957
12.06. 10:30;21,104
12.06. 10:45;21,321
12.06. 11:00;21,557
12.06. 11:15;21,754
12.06. 11:30;21,832
12.06. 11:45;21,685
12.06. 12:00;21,272
12.06. 12:15;20,632
12.06. 12:30;19,855
12.06. 12:45;19,02
12.06. 13:00;18,193
12.06. 13:15;17,446
12.06. 13:30;16,807
12.06. 13:45;16,354
12.06. 14:00;16,118
12.06. 14:15;16,089
12.06. 14:30;16,236
12.06. 14:45;16,541
12.06. 15:00;16,964
12.06. 15:15;17,436
12.06. 15:30;17,839
12.06. 15:45;18,105
12.06. 16:00;18,144
12.06. 16:15;18,056
12.06. 16:30;17,908
12.06. 16:45;17,83
12.06. 17:00;17,849
12.06. 17:15;17,869
12.06. 17:30;17,702
12.06. 17:45;17,181
12.06. 18:00;16,207
12.06. 18:15;14,899
12.06. 18:30;13,473
12.06. 18:45;12,126
12.06. 19:00;11,024
12.06. 19:15;10,169
12.06. 19:30;9,5688
12.06. 19:45;9,1853
12.06. 20:00;9,0082
12.06. 20:15;8,9591
12.06. 20:30;8,9591
12.06. 20:45;8,9099
12.06. 21:00;8,7722
12.06. 21:15;8,5755
12.06. 21:30;8,3592
12.06. 21:45;8,1822
12.06. 22:00;8,074
12.06. 22:15;8,0346
12.06. 22:30;8,0248
12.06. 22:45;7,9953
12.06. 23:00;7,9265
12.06. 23:15;7,8183
12.06. 23:30;7,6609
12.06. 23:45;7,4446
13.06. 00:00;7,1791
13.06. 00:15;6,8939
13.06. 00:30;6,5988
13.06. 00:45;6,3431
13.06. 01:00;6,1268
13.06. 01:15;5,9596
13.06. 01:30;5,8219
13.06. 01:45;5,6941
13.06. 02:00;5,5761
13.06. 02:15;5,4679
13.06. 02:30;5,3794
13.06. 02:45;5,3302
13.06. 03:00;5,3204
13.06. 03:15;5,3695
13.06. 03:30;5,4876
13.06. 03:45;5,6941
13.06. 04:00;5,9891
13.06. 04:15;6,3333
13.06. 04:30;6,6873
13.06. 04:45;6,9824
13.06. 05:00;7,1987
13.06. 05:15;7,3462
13.06. 05:30;7,4446
13.06. 05:45;7,5331
13.06. 06:00;7,6413
13.06. 06:15;7,7986
13.06. 06:30;8,0543
13.06. 06:45;8,4575
13.06. 07:00;9,0377
13.06. 07:15;9,8737
13.06. 07:30;11,005
13.06. 07:45;12,499
13.06. 08:00;14,348
13.06. 08:15;16,345
13.06. 08:30;18,213
13.06. 08:45;19,669
13.06. 09:00;20,505
13.06. 09:15;20,859
13.06. 09:30;20,908
13.06. 09:45;20,859
13.06. 10:00;20,868
13.06. 10:15;20,957
13.06. 10:30;21,104
13.06. 10:45;21,321
13.06. 11:00;21,557
13.06. 11:15;21,754
13.06. 11:30;21,832
13.06. 11:45;21,685
13.06. 12:00;21,272
13.06. 12:15;20,632
13.06. 12:30;19,855
13.06. 12:45;19,02
13.06. 13:00;18,193
13.06. 13:15;17,446
13.06. 13:30;16,807
13.06. 13:45;16,354
13.06. 14:00;16,118
13.06. 14:15;16,089
13.06. 14:30;16,236
13.06. 14:45;16,541
13.06. 15:00;16,964
13.06. 15:15;17,436
13.06. 15:30;17,839
13.06. 15:45;18,105
13.06. 16:00;18,144
13.06. 16:15;18,056
13.06. 16:30;17,908
13.06. 16:45;17,83
13.06. 17:00;17,849
13.06. 17:15;17,869
13.06. 17:30;17,702
13.06. 17:45;17,181
13.06. 18:00;16,207
13.06. 18:15;14,899
13.06. 18:30;13,473
13.06. 18:45;12,126
13.06. 19:00;11,024
13.06. 19:15;10,169
13.06. 19:30;9,5688
13.06. 19:45;9,1853
13.06. 20:00;9,0082
13.06. 20:15;8,9591
13.06. 20:30;8,9591
13.06. 20:45;8,9099
13.06. 21:00;8,7722
13.06. 21:15;8,5755
13.06. 21:30;8,3592
13.06. 21:45;8,1822
13.06. 22:00;8,074
13.06. 22:15;8,0346
13.06. 22:30;8,0248
13.06. 22:45;7,9953
13.06. 23:00;7,9265
13.06. 23:15;7,8183
13.06. 23:30;7,6609
13.06. 23:45;7,4446
14.06. 00:00;7,1791
14.06. 00:15;6,8939
14.06. 00:30;6,5988
14.06. 00:45;6,3431
14.06. 01:00;6,1268
14.06. 01:15;5,9596
14.06. 01:30;5,8219
14.06. 01:45;5,6941
14.06. 02:00;5,5761
14.06. 02:15;5,4679
14.06. 02:30;5,3794
14.06. 02:45;5,3302
14.06. 03:00;5,3204
14.06. 03:15;5,3695
14.06. 03:30;5,4876
14.06. 03:45;5,6941
14.06. 04:00;5,9891
14.06. 04:15;6,3333
14.06. 04:30;6,6873
14.06. 04:45;6,9824
14.06. 05:00;7,1987
14.06. 05:15;7,3462
14.06. 05:30;7,4446
14.06. 05:45;7,5331
14.06. 06:00;7,6413
14.06. 06:15;7,7986
14.06. 06:30;8,0543
14.06. 06:45;8,4575
14.06. 07:00;9,0377
14.06. 07:15;9,8737
14.06. 07:30;11,005
14.06. 07:45;12,499
14.06. 08:00;14,348
14.06. 08:15;16,345
14.06. 08:30;18,213
14.06. 08:45;19,669
14.06. 09:00;20,505
14.06. 09:15;20,859
14.06. 09:30;20,908
14.06. 09:45;20,859
14.06. 10:00;20,868
14.06. 10:15;20,957
14.06. 10:30;21,104
14.06. 10:45;21,321
14.06. 11:00;21,557
14.06. 11:15;21,754
14.06. 11:30;21,832
14.06. 11:45;21,685
14.06. 12:00;21,272
14.06. 12:15;20,632
14.06. 12:30;19,855
14.06. 12:45;19,02
14.06. 13:00;18,193
14.06. 13:15;17,446
14.06. 13:30;16,807
14.06. 13:45;16,354
14.06. 14:00;16,118
14.06. 14:15;16,089
14.06. 14:30;16,236
14.06. 14:45;16,541
14.06. 15:00;16,964
14.06. 15:15;17,436
14.06. 15:30;17,839
14.06. 15:45;18,105
14.06. 16:00;18,144
14.06. 16:15;18,056
14.06. 16:30;17,908
14.06. 16:45;17,83
14.06. 17:00;17,849
14.06. 17:15;17,869
14.06. 17:30;17,702
14.06. 17:45;17,181
14.06. 18:00;16,207
14.06. 18:15;14,899
14.06. 18:30;13,473
14.06. 18:45;12,126
14.06. 19:00;11,024
14.06. 19:15;10,169
14.06. 19:30;9,5688
14.06. 19:45;9,1853
14.06. 20:00;9,0082
14.06. 20:15;8,9591
14.06. 20:30;8,9591
14.06. 20:45;8,9099
14.06. 21:00;8,7722
14.06. 21:15;8,5755
14.06. 21:30;8,3592
14.06. 21:45;8,1822
14.06. 22:00;8,074
14.06. 22:15;8,0346
14.06. 22:30;8,0248
14.06. 22:45;7,9953
14.06. 23:00;7,9265
14.06. 23:15;7,8183
14.06. 23:30;7,6609
14.06. 23:45;7,4446
15.06. 00:00;7,4544
15.06. 00:15;7,5429
15.06. 00:30;7,6413
15.06. 00:45;7,7199
15.06. 01:00;7,7199
15.06. 01:15;7,6511
15.06. 01:30;7,5331
15.06. 01:45;7,3462
15.06. 02:00;7,1397
15.06. 02:15;6,9234
15.06. 02:30;6,7365
15.06. 02:45;6,6185
15.06. 03:00;6,589
15.06. 03:15;6,6382
15.06. 03:30;6,7168
15.06. 03:45;6,7955
15.06. 04:00;6,8545
15.06. 04:15;6,8939
15.06. 04:30;6,9332
15.06. 04:45;6,9824
15.06. 05:00;7,061
15.06. 05:15;7,1299
15.06. 05:30;7,1791
15.06. 05:45;7,1692
15.06. 06:00;7,1004
15.06. 06:15;7,1004
15.06. 06:30;7,3167
15.06. 06:45;7,9068
15.06. 07:00;8,9492
15.06. 07:15;10,346
15.06. 07:30;11,919
15.06. 07:45;13,512
15.06. 08:00;14,958
15.06. 08:15;16,217
15.06. 08:30;17,22
15.06. 08:45;17,918
15.06. 09:00;18,302
15.06. 09:15;18,439
15.06. 09:30;18,459
15.06. 09:45;18,469
15.06. 10:00;18,557
15.06. 10:15;18,695
15.06. 10:30;18,872
15.06. 10:45;19,02
15.06. 11:00;19,128
15.06. 11:15;19,187
15.06. 11:30;19,206
15.06. 11:45;19,206
15.06. 12:00;19,167
15.06. 12:15;19,069
15.06. 12:30;18,852
15.06. 12:45;18,469
15.06. 13:00;17,889
15.06. 13:15;17,122
15.06. 13:30;16,207
15.06. 13:45;15,165
15.06. 14:00;14,024
15.06. 14:15;12,873
15.06. 14:30;11,782
15.06. 14:45;10,847
15.06. 15:00;10,1
15.06. 15:15;9,5295
15.06. 15:30;9,0574
15.06. 15:45;8,6345
15.06. 16:00;8,2215
15.06. 16:15;7,838
15.06. 16:30;7,5626
15.06. 16:45;7,4446
15.06. 17:00;7,5233
15.06. 17:15;7,7298
15.06. 17:30;7,9756
15.06. 17:45;8,1822
15.06. 18:00;8,2707
15.06. 18:15;8,2903
15.06. 18:30;8,2707
15.06. 18:45;8,2707
15.06. 19:00;8,3297
15.06. 19:15;8,4378
15.06. 19:30;8,5854
15.06. 19:45;8,7329
15.06. 20:00;8,8607
15.06. 20:15;8,9689
15.06. 20:30;9,0181
15.06. 20:45;9,0082
15.06. 21:00;8,9099
15.06. 21:15;8,7525
15.06. 21:30;8,5657
15.06. 21:45;8,3592
15.06. 22:00;8,1723
15.06. 22:15;7,9855
15.06. 22:30;7,8085
15.06. 22:45;7,6314
15.06. 23:00;7,4446
15.06. 23:15;7,2577
15.06. 23:30;7,0709
15.06. 23:45;6,8939
16.06. 00:00;6,7168
16.06. 00:15;6,5398
16.06. 00:30;6,353
16.06. 00:45;6,1563
16.06. 01:00;5,9301
16.06. 01:15;5,6941
16.06. 01:30;5,458
16.06. 01:45;5,2417
16.06. 02:00;5,0352
16.06. 02:15;4,868
16.06. 02:30;4,7205
16.06. 02:45;4,5926
16.06. 03:00;4,4943
16.06. 03:15;4,4156
16.06. 03:30;4,3566
16.06. 03:45;4,3173
16.06. 04:00;4,2878
16.06. 04:15;4,2779
16.06. 04:30;4,2878
16.06. 04:45;4,3173
16.06. 05:00;4,3763
16.06. 05:15;4,4353
16.06. 05:30;4,4845
16.06. 05:45;4,5041
16.06. 06:00;4,4845
16.06. 06:15;4,4549
16.06. 06:30;4,4451
16.06. 06:45;4,5041
16.06. 07:00;4,6418
16.06. 07:15;4,8287
16.06. 07:30;5,0155
16.06. 07:45;5,1434
16.06. 08:00;5,1925
16.06. 08:15;5,2024
16.06. 08:30;5,222
16.06. 08:45;5,3302
16.06. 09:00;5,5466
16.06. 09:15;5,8514
16.06. 09:30;6,1661
16.06. 09:45;6,4316
16.06. 10:00;6,6087
16.06. 10:15;6,7365
16.06. 10:30;6,8447
16.06. 10:45;6,9824
16.06. 11:00;7,1889
16.06. 11:15;7,4347
16.06. 11:30;7,6904
16.06. 11:45;7,9068
16.06. 12:00;8,0543
16.06. 12:15;8,1428
16.06. 12:30;8,1822
16.06. 12:45;8,1822
16.06. 13:00;8,1428
16.06. 13:15;8,074
16.06. 13:30;7,956
16.06. 13:45;7,8085
16.06. 14:00;7,6216
16.06. 14:15;7,4052
16.06. 14:30;7,1889
16.06. 14:45;6,9824
16.06. 15:00;6,8054
16.06. 15:15;6,648
16.06. 15:30;6,5005
16.06. 15:45;6,3431
16.06. 16:00;6,176
16.06. 16:15;6,0481
16.06. 16:30;6,0186
16.06. 16:45;6,1563
16.06. 17:00;6,4808
16.06. 17:15;6,9234
16.06. 17:30;7,3757
16.06. 17:45;7,7199
16.06. 18:00;7,8773
16.06. 18:15;7,9068
16.06. 18:30;7,8871
16.06. 18:45;7,9068
16.06. 19:00;8,0051
16.06. 19:15;8,1723
16.06. 19:30;8,369
16.06. 19:45;8,546
16.06. 20:00;8,664
16.06. 20:15;8,723
16.06. 20:30;8,7132
16.06. 20:45;8,6345
16.06. 21:00;8,4969
16.06. 21:15;8,3002
16.06. 21:30;8,0641
16.06. 21:45;7,8085
16.06. 22:00;7,5429
16.06. 22:15;7,2872
16.06. 22:30;7,0315
16.06. 22:45;6,7955
16.06. 23:00;6,589
16.06. 23:15;6,4218
16.06. 23:30;6,3038
16.06. 23:45;6,2448
17.06. 00:00;7,1791
17.06. 00:15;6,8939
17.06. 00:30;6,5988
17.06. 00:45;6,3431
17.06. 01:00;6,1268
17.06. 01:15;5,9596
17.06. 01:30;5,8219
17.06. 01:45;5,6941
17.06. 02:00;5,5761
17.06. 02:15;5,4679
17.06. 02:30;5,3794
17.06. 02:45;5,3302
17.06. 03:00;5,3204
17.06. 03:15;5,3695
17.06. 03:30;5,4876
17.06. 03:45;5,6941
17.06. 04:00;5,9891
17.06. 04:15;6,3333
17.06. 04:30;6,6873
17.06. 04:45;6,9824
17.06. 05:00;7,1987
17.06. 05:15;7,3462
17.06. 05:30;7,4446
17.06. 05:45;7,5331
17.06. 06:00;7,6413
17.06. 06:15;7,7986
17.06. 06:30;8,0543
17.06. 06:45;8,4575
17.06. 07:00;9,0377
17.06. 07:15;9,8737
17.06. 07:30;11,005
17.06. 07:45;12,499
17.06. 08:00;14,348
17.06. 08:15;16,345
17.06. 08:30;18,213
17.06. 08:45;19,669
17.06. 09:00;20,505
17.06. 09:15;20,859
17.06. 09:30;20,908
17.06. 09:45;20,859
17.06. 10:00;20,868
17.06. 10:15;20,957
17.06. 10:30;21,104
17.06. 10:45;21,321
17.06. 11:00;21,557
17.06. 11:15;21,754
17.06. 11:30;21,832
17.06. 11:45;21,685
17.06. 12:00;21,272
17.06. 12:15;20,632
17.06. 12:30;19,855
17.06. 12:45;19,02
17.06. 13:00;18,193
17.06. 13:15;17,446
17.06. 13:30;16,807
17.06. 13:45;16,354
17.06. 14:00;16,118
17.06. 14:15;16,089
17.06. 14:30;16,236
17.06. 14:45;16,541
17.06. 15:00;16,964
17.06. 15:15;17,436
17.06. 15:30;17,839
17.06. 15:45;18,105
17.06. 16:00;18,144
17.06. 16:15;18,056
17.06. 16:30;17,908
17.06. 16:45;17,83
17.06. 17:00;17,849
17.06. 17:15;17,869
17.06. 17:30;17,702
17.06. 17:45;17,181
17.06. 18:00;16,207
17.06. 18:15;14,899
17.06. 18:30;13,473
17.06. 18:45;12,126
17.06. 19:00;11,024
17.06. 19:15;10,169
17.06. 19:30;9,5688
17.06. 19:45;9,1853
17.06. 20:00;9,0082
17.06. 20:15;8,9591
17.06. 20:30;8,9591
17.06. 20:45;8,9099
17.06. 21:00;8,7722
17.06. 21:15;8,5755
17.06. 21:30;8,3592
17.06. 21:45;8,1822
17.06. 22:00;8,074
17.06. 22:15;8,0346
17.06. 22:30;8,0248
17.06. 22:45;7,9953
17.06. 23:00;7,9265
17.06. 23:15;7,8183
17.06. 23:30;7,6609
17.06. 23:45;7,4446
18.06. 00:00;7,1791
18.06. 00:15;6,8939
18.06. 00:30;6,5988
18.06. 00:45;6,3431
18.06. 01:00;6,1268
18.06. 01:15;5,9596
18.06. 01:30;5,8219
18.06. 01:45;5,6941
18.06. 02:00;5,5761
18.06. 02:15;5,4679
18.06. 02:30;5,3794
18.06. 02:45;5,3302
18.06. 03:00;5,3204
18.06. 03:15;5,3695
18.06. 03:30;5,4876
18.06. 03:45;5,6941
18.06. 04:00;5,9891
18.06. 04:15;6,3333
18.06. 04:30;6,6873
18.06. 04:45;6,9824
18.06. 05:00;7,1987
18.06. 05:15;7,3462
18.06. 05:30;7,4446
18.06. 05:45;7,5331
18.06. 06:00;7,6413
18.06. 06:15;7,7986
18.06. 06:30;8,0543
18.06. 06:45;8,4575
18.06. 07:00;9,0377
18.06. 07:15;9,8737
18.06. 07:30;11,005
18.06. 07:45;12,499
18.06. 08:00;14,348
18.06. 08:15;16,345
18.06. 08:30;18,213
18.06. 08:45;19,669
18.06. 09:00;20,505
18.06. 09:15;20,859
18.06. 09:30;20,908
18.06. 09:45;20,859
18.06. 10:00;20,868
18.06. 10:15;20,957
18.06. 10:30;21,104
18.06. 10:45;21,321
18.06. 11:00;21,557
18.06. 11:15;21,754
18.06. 11:30;21,832
18.06. 11:45;21,685
18.06. 12:00;21,272
18.06. 12:15;20,632
18.06. 12:30;19,855
18.06. 12:45;19,02
18.06. 13:00;18,193
18.06. 13:15;17,446
18.06. 13:30;16,807
18.06. 13:45;16,354
18.06. 14:00;16,118
18.06. 14:15;16,089
18.06. 14:30;16,236
18.06. 14:45;16,541
18.06. 15:00;16,964
18.06. 15:15;17,436
18.06. 15:30;17,839
18.06. 15:45;18,105
18.06. 16:00;18,144
18.06. 16:15;18,056
18.06. 16:30;17,908
18.06. 16:45;17,83
18.06. 17:00;17,849
18.06. 17:15;17,869
18.06. 17:30;17,702
18.06. 17:45;17,181
18.06. 18:00;16,207
18.06. 18:15;14,899
18.06. 18:30;13,473
18.06. 18:45;12,126
18.06. 19:00;11,024
18.06. 19:15;10,169
18.06. 19:30;9,5688
18.06. 19:45;9,1853
18.06. 20:00;9,0082
18.06. 20:15;8,9591
18.06. 20:30;8,9591
18.06. 20:45;8,9099
18.06. 21:00;8,7722
18.06. 21:15;8,5755
18.06. 21:30;8,3592
18.06. 21:45;8,1822
18.06. 22:00;8,074
18.06. 22:15;8,0346
18.06. 22:30;8,0248
18.06. 22:45;7,9953
18.06. 23:00;7,9265
18.06. 23:15;7,8183
18.06. 23:30;7,6609
18.06. 23:45;7,4446
19.06. 00:00;7,1791
19.06. 00:15;6,8939
19.06. 00:30;6,5988
19.06. 00:45;6,3431
19.06. 01:00;6,1268
19.06. 01:15;5,9596
19.06. 01:30;5,8219
19.06. 01:45;5,6941
19.06. 02:00;5,5761
19.06. 02:15;5,4679
19.06. 02:30;5,3794
19.06. 02:45;5,3302
19.06. 03:00;5,3204
19.06. 03:15;5,3695
19.06. 03:30;5,4876
19.06. 03:45;5,6941
19.06. 04:00;5,9891
19.06. 04:15;6,3333
19.06. 04:30;6,6873
19.06. 04:45;6,9824
19.06. 05:00;7,1987
19.06. 05:15;7,3462
19.06. 05:30;7,4446
19.06. 05:45;7,5331
19.06. 06:00;7,6413
19.06. 06:15;7,7986
19.06. 06:30;8,0543
19.06. 06:45;8,4575
19.06. 07:00;9,0377
19.06. 07:15;9,8737
19.06. 07:30;11,005
19.06. 07:45;12,499
19.06. 08:00;14,348
19.06. 08:15;16,345
19.06. 08:30;18,213
19.06. 08:45;19,669
19.06. 09:00;20,505
19.06. 09:15;20,859
19.06. 09:30;20,908
19.06. 09:45;20,859
19.06. 10:00;20,868
19.06. 10:15;20,957
19.06. 10:30;21,104
19.06. 10:45;21,321
19.06. 11:00;21,557
19.06. 11:15;21,754
19.06. 11:30;21,832
19.06. 11:45;21,685
19.06. 12:00;21,272
19.06. 12:15;20,632
19.06. 12:30;19,855
19.06. 12:45;19,02
19.06. 13:00;18,193
19.06. 13:15;17,446
19.06. 13:30;16,807
19.06. 13:45;16,354
19.06. 14:00;16,118
19.06. 14:15;16,089
19.06. 14:30;16,236
19.06. 14:45;16,541
19.06. 15:00;16,964
19.06. 15:15;17,436
19.06. 15:30;17,839
19.06. 15:45;18,105
19.06. 16:00;18,144
19.06. 16:15;18,056
19.06. 16:30;17,908
19.06. 16:45;17,83
19.06. 17:00;17,849
19.06. 17:15;17,869
19.06. 17:30;17,702
19.06. 17:45;17,181
19.06. 18:00;16,207
19.06. 18:15;14,899
19.06. 18:30;13,473
19.06. 18:45;12,126
19.06. 19:00;11,024
19.06. 19:15;10,169
19.06. 19:30;9,5688
19.06. 19:45;9,1853
19.06. 20:00;9,0082
19.06. 20:15;8,9591
19.06. 20:30;8,9591
19.06. 20:45;8,9099
19.06. 21:00;8,7722
19.06. 21:15;8,5755
19.06. 21:30;8,3592
19.06. 21:45;8,1822
19.06. 22:00;8,074
19.06. 22:15;8,0346
19.06. 22:30;8,0248
19.06. 22:45;7,9953
19.06. 23:00;7,9265
19.06. 23:15;7,8183
19.06. 23:30;7,6609
19.06. 23:45;7,4446
20.06. 00:00;7,1791
20.06. 00:15;6,8939
20.06. 00:30;6,5988
20.06. 00:45;6,3431
20.06. 01:00;6,1268
20.06. 01:15;5,9596
20.06. 01:30;5,8219
20.06. 01:45;5,6941
20.06. 02:00;5,5761
20.06. 02:15;5,4679
20.06. 02:30;5,3794
20.06. 02:45;5,3302
20.06. 03:00;5,3204
20.06. 03:15;5,3695
20.06. 03:30;5,4876
20.06. 03:45;5,6941
20.06. 04:00;5,9891
20.06. 04:15;6,3333
20.06. 04:30;6,6873
20.06. 04:45;6,9824
20.06. 05:00;7,1987
20.06. 05:15;7,3462
20.06. 05:30;7,4446
20.06. 05:45;7,5331
20.06. 06:00;7,6413
20.06. 06:15;7,7986
20.06. 06:30;8,0543
20.06. 06:45;8,4575
20.06. 07:00;9,0377
20.06. 07:15;9,8737
20.06. 07:30;11,005
20.06. 07:45;12,499
20.06. 08:00;14,348
20.06. 08:15;16,345
20.06. 08:30;18,213
20.06. 08:45;19,669
20.06. 09:00;20,505
20.06. 09:15;20,859
20.06. 09:30;20,908
20.06. 09:45;20,859
20.06. 10:00;20,868
20.06. 10:15;20,957
20.06. 10:30;21,104
20.06. 10:45;21,321
20.06. 11:00;21,557
20.06. 11:15;21,754
20.06. 11:30;21,832
20.06. 11:45;21,685
20.06. 12:00;21,272
20.06. 12:15;20,632
20.06. 12:30;19,855
20.06. 12:45;19,02
20.06. 13:00;18,193
20.06. 13:15;17,446
20.06. 13:30;16,807
20.06. 13:45;16,354
20.06. 14:00;16,118
20.06. 14:15;16,089
20.06. 14:30;16,236
20.06. 14:45;16,541
20.06. 15:00;16,964
20.06. 15:15;17,436
20.06. 15:30;17,839
20.06. 15:45;18,105
20.06. 16:00;18,144
20.06. 16:15;18,056
20.06. 16:30;17,908
20.06. 16:45;17,83
20.06. 17:00;17,849
20.06. 17:15;17,869
20.06. 17:30;17,702
20.06. 17:45;17,181
20.06. 18:00;16,207
20.06. 18:15;14,899
20.06. 18:30;13,473
20.06. 18:45;12,126
20.06. 19:00;11,024
20.06. 19:15;10,169
20.06. 19:30;9,5688
20.06. 19:45;9,1853
20.06. 20:00;9,0082
20.06. 20:15;8,9591
20.06. 20:30;8,9591
20.06. 20:45;8,9099
20.06. 21:00;8,7722
20.06. 21:15;8,5755
20.06. 21:30;8,3592
20.06. 21:45;8,1822
20.06. 22:00;8,074
20.06. 22:15;8,0346
20.06. 22:30;8,0248
20.06. 22:45;7,9953
20.06. 23:00;7,9265
20.06. 23:15;7,8183
20.06. 23:30;7,6609
20.06. 23:45;7,4446
21.06. 00:00;7,0315
21.06. 00:15;6,7857
21.06. 00:30;6,5202
21.06. 00:45;6,2448
21.06. 01:00;5,9891
21.06. 01:15;5,7629
21.06. 01:30;5,5662
21.06. 01:45;5,4187
21.06. 02:00;5,3302
21.06. 02:15;5,281
21.06. 02:30;5,2515
21.06. 02:45;5,2417
21.06. 03:00;5,222
21.06. 03:15;5,2319
21.06. 03:30;5,3204
21.06. 03:45;5,5171
21.06. 04:00;5,8416
21.06. 04:15;6,2251
21.06. 04:30;6,6087
21.06. 04:45;6,8939
21.06. 05:00;7,0217
21.06. 05:15;7,0414
21.06. 05:30;7,002
21.06. 05:45;6,9824
21.06. 06:00;7,0315
21.06. 06:15;7,1889
21.06. 06:30;7,4643
21.06. 06:45;7,9068
21.06. 07:00;8,5165
21.06. 07:15;9,3524
21.06. 07:30;10,454
21.06. 07:45;11,85
21.06. 08:00;13,552
21.06. 08:15;15,371
21.06. 08:30;17,053
21.06. 08:45;18,38
21.06. 09:00;19,177
21.06. 09:15;19,541
21.06. 09:30;19,649
21.06. 09:45;19,669
21.06. 10:00;19,728
21.06. 10:15;19,855
21.06. 10:30;20,023
21.06. 10:45;20,219
21.06. 11:00;20,416
21.06. 11:15;20,564
21.06. 11:30;20,613
21.06. 11:45;20,495
21.06. 12:00;20,17
21.06. 12:15;19,669
21.06. 12:30;19,059
21.06. 12:45;18,38
21.06. 13:00;17,692
21.06. 13:15;17,053
21.06. 13:30;16,531
21.06. 13:45;16,168
21.06. 14:00;16,03
21.06. 14:15;16,079
21.06. 14:30;16,266
21.06. 14:45;16,541
21.06. 15:00;16,866
21.06. 15:15;17,171
21.06. 15:30;17,426
21.06. 15:45;17,554
21.06. 16:00;17,525
21.06. 16:15;17,387
21.06. 16:30;17,22
21.06. 16:45;17,092
21.06. 17:00;17,033
21.06. 17:15;16,954
21.06. 17:30;16,738
21.06. 17:45;16,266
21.06. 18:00;15,45
21.06. 18:15;14,368
21.06. 18:30;13,158
21.06. 18:45;11,949
21.06. 19:00;10,828
21.06. 19:15;9,8835
21.06. 19:30;9,1656
21.06. 19:45;8,7329
21.06. 20:00;8,5952
21.06. 20:15;8,664
21.06. 20:30;8,8116
21.06. 20:45;8,9099
21.06. 21:00;8,8706
21.06. 21:15;8,7034
21.06. 21:30;8,487
21.06. 21:45;8,2707
21.06. 22:00;8,1035
21.06. 22:15;7,9855
21.06. 22:30;7,897
21.06. 22:45;7,8085
21.06. 23:00;7,7101
21.06. 23:15;7,5921
21.06. 23:30;7,4446
21.06. 23:45;7,2577
22.06. 00:00;7,3364
22.06. 00:15;7,4938
22.06. 00:30;7,6413
22.06. 00:45;7,7199
22.06. 01:00;7,6609
22.06. 01:15;7,5036
22.06. 01:30;7,2872
22.06. 01:45;7,0709
22.06. 02:00;6,9037
22.06. 02:15;6,7758
22.06. 02:30;6,6775
22.06. 02:45;6,6185
22.06. 03:00;6,5792
22.06. 03:15;6,5595
22.06. 03:30;6,5693
22.06. 03:45;6,6185
22.06. 04:00;6,6873
22.06. 04:15;6,7857
22.06. 04:30;6,884
22.06. 04:45;6,9824
22.06. 05:00;7,061
22.06. 05:15;7,1201
22.06. 05:30;7,1594
22.06. 05:45;7,1692
22.06. 06:00;7,1791
22.06. 06:15;7,2676
22.06. 06:30;7,5724
22.06. 06:45;8,1822
22.06. 07:00;9,1754
22.06. 07:15;10,444
22.06. 07:30;11,85
22.06. 07:45;13,227
22.06. 08:00;14,476
22.06. 08:15;15,519
22.06. 08:30;16,345
22.06. 08:45;16,905
22.06. 09:00;17,21
22.06. 09:15;17,318
22.06. 09:30;17,338
22.06. 09:45;17,367
22.06. 10:00;17,476
22.06. 10:15;17,643
22.06. 10:30;17,83
22.06. 10:45;18,007
22.06. 11:00;18,134
22.06. 11:15;18,213
22.06. 11:30;18,223
22.06. 11:45;18,193
22.06. 12:00;18,105
22.06. 12:15;17,938
22.06. 12:30;17,672
22.06. 12:45;17,279
22.06. 13:00;16,728
22.06. 13:15;16,04
22.06. 13:30;15,204
22.06. 13:45;14,24
22.06. 14:00;13,168
22.06. 14:15;12,067
22.06. 14:30;11,014
22.06. 14:45;10,11
22.06. 15:00;9,4114
22.06. 15:15;8,8902
22.06. 15:30;8,4969
22.06. 15:45;8,1822
22.06. 16:00;7,897
22.06. 16:15;7,6511
22.06. 16:30;7,4643
22.06. 16:45;7,3462
22.06. 17:00;7,3167
22.06. 17:15;7,3561
22.06. 17:30;7,4347
22.06. 17:45;7,5331
22.06. 18:00;7,6314
22.06. 18:15;7,7199
22.06. 18:30;7,779
22.06. 18:45;7,8085
22.06. 19:00;7,8085
22.06. 19:15;7,8085
22.06. 19:30;7,8281
22.06. 19:45;7,9068
22.06. 20:00;8,0543
22.06. 20:15;8,251
22.06. 20:30;8,428
22.06. 20:45;8,546
22.06. 21:00;8,5559
22.06. 21:15;8,487
22.06. 21:30;8,3493
22.06. 21:45;8,1822
22.06. 22:00;7,9953
22.06. 22:15;7,7986
22.06. 22:30;7,6118
22.06. 22:45;7,4446
22.06. 23:00;7,2872
22.06. 23:15;7,1496
22.06. 23:30;7,0119
22.06. 23:45;6,8939
23.06. 00:00;6,766
23.06. 00:15;6,6283
23.06. 00:30;6,4612
23.06. 00:45;6,2448
23.06. 01:00;5,9891
23.06. 01:15;5,7039
23.06. 01:30;5,4482
23.06. 01:45;5,2417
23.06. 02:00;5,1138
23.06. 02:15;5,0548
23.06. 02:30;5,0155
23.06. 02:45;4,9663
23.06. 03:00;4,8778
23.06. 03:15;4,7696
23.06. 03:30;4,6713
23.06. 03:45;4,5926
23.06. 04:00;4,5631
23.06. 04:15;4,573
23.06. 04:30;4,5828
23.06. 04:45;4,5926
23.06. 05:00;4,5828
23.06. 05:15;4,5533
23.06. 05:30;4,5238
23.06. 05:45;4,5041
23.06. 06:00;4,514
23.06. 06:15;4,5533
23.06. 06:30;4,6418
23.06. 06:45;4,7795
23.06. 07:00;4,9663
23.06. 07:15;5,1729
23.06. 07:30;5,34
23.06. 07:45;5,4187
23.06. 08:00;5,3892
23.06. 08:15;5,3007
23.06. 08:30;5,2319
23.06. 08:45;5,2417
23.06. 09:00;5,3794
23.06. 09:15;5,6252
23.06. 09:30;5,9006
23.06. 09:45;6,1563
23.06. 10:00;6,3431
23.06. 10:15;6,4808
23.06. 10:30;6,589
23.06. 10:45;6,707
23.06. 11:00;6,8545
23.06. 11:15;7,0217
23.06. 11:30;7,1987
23.06. 11:45;7,3462
23.06. 12:00;7,4741
23.06. 12:15;7,5724
23.06. 12:30;7,6511
23.06. 12:45;7,7199
23.06. 13:00;7,779
23.06. 13:15;7,8183
23.06. 13:30;7,7986
23.06. 13:45;7,7199
23.06. 14:00;7,5528
23.06. 14:15;7,3167
23.06. 14:30;7,061
23.06. 14:45;6,7955
23.06. 15:00;6,5693
23.06. 15:15;6,3726
23.06. 15:30;6,2055
23.06. 15:45;6,0678
23.06. 16:00;5,9399
23.06. 16:15;5,8711
23.06. 16:30;5,8711
23.06. 16:45;5,9694
23.06. 17:00;6,1956
23.06. 17:15;6,4907
23.06. 17:30;6,8054
23.06. 17:45;7,0709
23.06. 18:00;7,2676
23.06. 18:15;7,3856
23.06. 18:30;7,4741
23.06. 18:45;7,5331
23.06. 19:00;7,6019
23.06. 19:15;7,6904
23.06. 19:30;7,7888
23.06. 19:45;7,9068
23.06. 20:00;8,0248
23.06. 20:15;8,1527
23.06. 20:30;8,2412
23.06. 20:45;8,2707
23.06. 21:00;8,2313
23.06. 21:15;8,133
23.06. 21:30;7,9855
23.06. 21:45;7,8085
23.06. 22:00;7,6216
23.06. 22:15;7,4249
23.06. 22:30;7,2086
23.06. 22:45;6,9824
23.06. 23:00;6,7463
23.06. 23:15;6,53
23.06. 23:30;6,353
23.06. 23:45;6,2448
24.06. 00:00;7,0315
24.06. 00:15;6,7857
24.06. 00:30;6,5202
24.06. 00:45;6,2448
24.06. 01:00;5,9891
24.06. 01:15;5,7629
24.06. 01:30;5,5662
24.06. 01:45;5,4187
24.06. 02:00;5,3302
24.06. 02:15;5,281
24.06. 02:30;5,2515
24.06. 02:45;5,2417
24.06. 03:00;5,222
24.06. 03:15;5,2319
24.06. 03:30;5,3204
24.06. 03:45;5,5171
24.06. 04:00;5,8416
24.06. 04:15;6,2251
24.06. 04:30;6,6087
24.06. 04:45;6,8939
24.06. 05:00;7,0217
24.06. 05:15;7,0414
24.06. 05:30;7,002
24.06. 05:45;6,9824
24.06. 06:00;7,0315
24.06. 06:15;7,1889
24.06. 06:30;7,4643
24.06. 06:45;7,9068
24.06. 07:00;8,5165
24.06. 07:15;9,3524
24.06. 07:30;10,454
24.06. 07:45;11,85
24.06. 08:00;13,552
24.06. 08:15;15,371
24.06. 08:30;17,053
24.06. 08:45;18,38
24.06. 09:00;19,177
24.06. 09:15;19,541
24.06. 09:30;19,649
24.06. 09:45;19,669
24.06. 10:00;19,728
24.06. 10:15;19,855
24.06. 10:30;20,023
24.06. 10:45;20,219
24.06. 11:00;20,416
24.06. 11:15;20,564
24.06. 11:30;20,613
24.06. 11:45;20,495
24.06. 12:00;20,17
24.06. 12:15;19,669
24.06. 12:30;19,059
24.06. 12:45;18,38
24.06. 13:00;17,692
24.06. 13:15;17,053
24.06. 13:30;16,531
24.06. 13:45;16,168
24.06. 14:00;16,03
24.06. 14:15;16,079
24.06. 14:30;16,266
24.06. 14:45;16,541
24.06. 15:00;16,866
24.06. 15:15;17,171
24.06. 15:30;17,426
24.06. 15:45;17,554
24.06. 16:00;17,525
24.06. 16:15;17,387
24.06. 16:30;17,22
24.06. 16:45;17,092
24.06. 17:00;17,033
24.06. 17:15;16,954
24.06. 17:30;16,738
24.06. 17:45;16,266
24.06. 18:00;15,45
24.06. 18:15;14,368
24.06. 18:30;13,158
24.06. 18:45;11,949
24.06. 19:00;10,828
24.06. 19:15;9,8835
24.06. 19:30;9,1656
24.06. 19:45;8,7329
24.06. 20:00;8,5952
24.06. 20:15;8,664
24.06. 20:30;8,8116
24.06. 20:45;8,9099
24.06. 21:00;8,8706
24.06. 21:15;8,7034
24.06. 21:30;8,487
24.06. 21:45;8,2707
24.06. 22:00;8,1035
24.06. 22:15;7,9855
24.06. 22:30;7,897
24.06. 22:45;7,8085
24.06. 23:00;7,7101
24.06. 23:15;7,5921
24.06. 23:30;7,4446
24.06. 23:45;7,2577
25.06. 00:00;7,0315
25.06. 00:15;6,7857
25.06. 00:30;6,5202
25.06. 00:45;6,2448
25.06. 01:00;5,9891
25.06. 01:15;5,7629
25.06. 01:30;5,5662
25.06. 01:45;5,4187
25.06. 02:00;5,3302
25.06. 02:15;5,281
25.06. 02:30;5,2515
25.06. 02:45;5,2417
25.06. 03:00;5,222
25.06. 03:15;5,2319
25.06. 03:30;5,3204
25.06. 03:45;5,5171
25.06. 04:00;5,8416
25.06. 04:15;6,2251
25.06. 04:30;6,6087
25.06. 04:45;6,8939
25.06. 05:00;7,0217
25.06. 05:15;7,0414
25.06. 05:30;7,002
25.06. 05:45;6,9824
25.06. 06:00;7,0315
25.06. 06:15;7,1889
25.06. 06:30;7,4643
25.06. 06:45;7,9068
25.06. 07:00;8,5165
25.06. 07:15;9,3524
25.06. 07:30;10,454
25.06. 07:45;11,85
25.06. 08:00;13,552
25.06. 08:15;15,371
25.06. 08:30;17,053
25.06. 08:45;18,38
25.06. 09:00;19,177
25.06. 09:15;19,541
25.06. 09:30;19,649
25.06. 09:45;19,669
25.06. 10:00;19,728
25.06. 10:15;19,855
25.06. 10:30;20,023
25.06. 10:45;20,219
25.06. 11:00;20,416
25.06. 11:15;20,564
25.06. 11:30;20,613
25.06. 11:45;20,495
25.06. 12:00;20,17
25.06. 12:15;19,669
25.06. 12:30;19,059
25.06. 12:45;18,38
25.06. 13:00;17,692
25.06. 13:15;17,053
25.06. 13:30;16,531
25.06. 13:45;16,168
25.06. 14:00;16,03
25.06. 14:15;16,079
25.06. 14:30;16,266
25.06. 14:45;16,541
25.06. 15:00;16,866
25.06. 15:15;17,171
25.06. 15:30;17,426
25.06. 15:45;17,554
25.06. 16:00;17,525
25.06. 16:15;17,387
25.06. 16:30;17,22
25.06. 16:45;17,092
25.06. 17:00;17,033
25.06. 17:15;16,954
25.06. 17:30;16,738
25.06. 17:45;16,266
25.06. 18:00;15,45
25.06. 18:15;14,368
25.06. 18:30;13,158
25.06. 18:45;11,949
25.06. 19:00;10,828
25.06. 19:15;9,8835
25.06. 19:30;9,1656
25.06. 19:45;8,7329
25.06. 20:00;8,5952
25.06. 20:15;8,664
25.06. 20:30;8,8116
25.06. 20:45;8,9099
25.06. 21:00;8,8706
25.06. 21:15;8,7034
25.06. 21:30;8,487
25.06. 21:45;8,2707
25.06. 22:00;8,1035
25.06. 22:15;7,9855
25.06. 22:30;7,897
25.06. 22:45;7,8085
25.06. 23:00;7,7101
25.06. 23:15;7,5921
25.06. 23:30;7,4446
25.06. 23:45;7,2577
26.06. 00:00;7,0315
26.06. 00:15;6,7857
26.06. 00:30;6,5202
26.06. 00:45;6,2448
26.06. 01:00;5,9891
26.06. 01:15;5,7629
26.06. 01:30;5,5662
26.06. 01:45;5,4187
26.06. 02:00;5,3302
26.06. 02:15;5,281
26.06. 02:30;5,2515
26.06. 02:45;5,2417
26.06. 03:00;5,222
26.06. 03:15;5,2319
26.06. 03:30;5,3204
26.06. 03:45;5,5171
26.06. 04:00;5,8416
26.06. 04:15;6,2251
26.06. 04:30;6,6087
26.06. 04:45;6,8939
26.06. 05:00;7,0217
26.06. 05:15;7,0414
26.06. 05:30;7,002
26.06. 05:45;6,9824
26.06. 06:00;7,0315
26.06. 06:15;7,1889
26.06. 06:30;7,4643
26.06. 06:45;7,9068
26.06. 07:00;8,5165
26.06. 07:15;9,3524
26.06. 07:30;10,454
26.06. 07:45;11,85
26.06. 08:00;13,552
26.06. 08:15;15,371
26.06. 08:30;17,053
26.06. 08:45;18,38
26.06. 09:00;19,177
26.06. 09:15;19,541
26.06. 09:30;19,649
26.06. 09:45;19,669
26.06. 10:00;19,728
26.06. 10:15;19,855
26.06. 10:30;20,023
26.06. 10:45;20,219
26.06. 11:00;20,416
26.06. 11:15;20,564
26.06. 11:30;20,613
26.06. 11:45;20,495
26.06. 12:00;20,17
26.06. 12:15;19,669
26.06. 12:30;19,059
26.06. 12:45;18,38
26.06. 13:00;17,692
26.06. 13:15;17,053
26.06. 13:30;16,531
26.06. 13:45;16,168
26.06. 14:00;16,03
26.06. 14:15;16,079
26.06. 14:30;16,266
26.06. 14:45;16,541
26.06. 15:00;16,866
26.06. 15:15;17,171
26.06. 15:30;17,426
26.06. 15:45;17,554
26.06. 16:00;17,525
26.06. 16:15;17,387
26.06. 16:30;17,22
26.06. 16:45;17,092
26.06. 17:00;17,033
26.06. 17:15;16,954
26.06. 17:30;16,738
26.06. 17:45;16,266
26.06. 18:00;15,45
26.06. 18:15;14,368
26.06. 18:30;13,158
26.06. 18:45;11,949
26.06. 19:00;10,828
26.06. 19:15;9,8835
26.06. 19:30;9,1656
26.06. 19:45;8,7329
26.06. 20:00;8,5952
26.06. 20:15;8,664
26.06. 20:30;8,8116
26.06. 20:45;8,9099
26.06. 21:00;8,8706
26.06. 21:15;8,7034
26.06. 21:30;8,487
26.06. 21:45;8,2707
26.06. 22:00;8,1035
26.06. 22:15;7,9855
26.06. 22:30;7,897
26.06. 22:45;7,8085
26.06. 23:00;7,7101
26.06. 23:15;7,5921
26.06. 23:30;7,4446
26.06. 23:45;7,2577
27.06. 00:00;7,0315
27.06. 00:15;6,7857
27.06. 00:30;6,5202
27.06. 00:45;6,2448
27.06. 01:00;5,9891
27.06. 01:15;5,7629
27.06. 01:30;5,5662
27.06. 01:45;5,4187
27.06. 02:00;5,3302
27.06. 02:15;5,281
27.06. 02:30;5,2515
27.06. 02:45;5,2417
27.06. 03:00;5,222
27.06. 03:15;5,2319
27.06. 03:30;5,3204
27.06. 03:45;5,5171
27.06. 04:00;5,8416
27.06. 04:15;6,2251
27.06. 04:30;6,6087
27.06. 04:45;6,8939
27.06. 05:00;7,0217
27.06. 05:15;7,0414
27.06. 05:30;7,002
27.06. 05:45;6,9824
27.06. 06:00;7,0315
27.06. 06:15;7,1889
27.06. 06:30;7,4643
27.06. 06:45;7,9068
27.06. 07:00;8,5165
27.06. 07:15;9,3524
27.06. 07:30;10,454
27.06. 07:45;11,85
27.06. 08:00;13,552
27.06. 08:15;15,371
27.06. 08:30;17,053
27.06. 08:45;18,38
27.06. 09:00;19,177
27.06. 09:15;19,541
27.06. 09:30;19,649
27.06. 09:45;19,669
27.06. 10:00;19,728
27.06. 10:15;19,855
27.06. 10:30;20,023
27.06. 10:45;20,219
27.06. 11:00;20,416
27.06. 11:15;20,564
27.06. 11:30;20,613
27.06. 11:45;20,495
27.06. 12:00;20,17
27.06. 12:15;19,669
27.06. 12:30;19,059
27.06. 12:45;18,38
27.06. 13:00;17,692
27.06. 13:15;17,053
27.06. 13:30;16,531
27.06. 13:45;16,168
27.06. 14:00;16,03
27.06. 14:15;16,079
27.06. 14:30;16,266
27.06. 14:45;16,541
27.06. 15:00;16,866
27.06. 15:15;17,171
27.06. 15:30;17,426
27.06. 15:45;17,554
27.06. 16:00;17,525
27.06. 16:15;17,387
27.06. 16:30;17,22
27.06. 16:45;17,092
27.06. 17:00;17,033
27.06. 17:15;16,954
27.06. 17:30;16,738
27.06. 17:45;16,266
27.06. 18:00;15,45
27.06. 18:15;14,368
27.06. 18:30;13,158
27.06. 18:45;11,949
27.06. 19:00;10,828
27.06. 19:15;9,8835
27.06. 19:30;9,1656
27.06. 19:45;8,7329
27.06. 20:00;8,5952
27.06. 20:15;8,664
27.06. 20:30;8,8116
27.06. 20:45;8,9099
27.06. 21:00;8,8706
27.06. 21:15;8,7034
27.06. 21:30;8,487
27.06. 21:45;8,2707
27.06. 22:00;8,1035
27.06. 22:15;7,9855
27.06. 22:30;7,897
27.06. 22:45;7,8085
27.06. 23:00;7,7101
27.06. 23:15;7,5921
27.06. 23:30;7,4446
27.06. 23:45;7,2577
28.06. 00:00;7,0315
28.06. 00:15;6,7857
28.06. 00:30;6,5202
28.06. 00:45;6,2448
28.06. 01:00;5,9891
28.06. 01:15;5,7629
28.06. 01:30;5,5662
28.06. 01:45;5,4187
28.06. 02:00;5,3302
28.06. 02:15;5,281
28.06. 02:30;5,2515
28.06. 02:45;5,2417
28.06. 03:00;5,222
28.06. 03:15;5,2319
28.06. 03:30;5,3204
28.06. 03:45;5,5171
28.06. 04:00;5,8416
28.06. 04:15;6,2251
28.06. 04:30;6,6087
28.06. 04:45;6,8939
28.06. 05:00;7,0217
28.06. 05:15;7,0414
28.06. 05:30;7,002
28.06. 05:45;6,9824
28.06. 06:00;7,0315
28.06. 06:15;7,1889
28.06. 06:30;7,4643
28.06. 06:45;7,9068
28.06. 07:00;8,5165
28.06. 07:15;9,3524
28.06. 07:30;10,454
28.06. 07:45;11,85
28.06. 08:00;13,552
28.06. 08:15;15,371
28.06. 08:30;17,053
28.06. 08:45;18,38
28.06. 09:00;19,177
28.06. 09:15;19,541
28.06. 09:30;19,649
28.06. 09:45;19,669
28.06. 10:00;19,728
28.06. 10:15;19,855
28.06. 10:30;20,023
28.06. 10:45;20,219
28.06. 11:00;20,416
28.06. 11:15;20,564
28.06. 11:30;20,613
28.06. 11:45;20,495
28.06. 12:00;20,17
28.06. 12:15;19,669
28.06. 12:30;19,059
28.06. 12:45;18,38
28.06. 13:00;17,692
28.06. 13:15;17,053
28.06. 13:30;16,531
28.06. 13:45;16,168
28.06. 14:00;16,03
28.06. 14:15;16,079
28.06. 14:30;16,266
28.06. 14:45;16,541
28.06. 15:00;16,866
28.06. 15:15;17,171
28.06. 15:30;17,426
28.06. 15:45;17,554
28.06. 16:00;17,525
28.06. 16:15;17,387
28.06. 16:30;17,22
28.06. 16:45;17,092
28.06. 17:00;17,033
28.06. 17:15;16,954
28.06. 17:30;16,738
28.06. 17:45;16,266
28.06. 18:00;15,45
28.06. 18:15;14,368
28.06. 18:30;13,158
28.06. 18:45;11,949
28.06. 19:00;10,828
28.06. 19:15;9,8835
28.06. 19:30;9,1656
28.06. 19:45;8,7329
28.06. 20:00;8,5952
28.06. 20:15;8,664
28.06. 20:30;8,8116
28.06. 20:45;8,9099
28.06. 21:00;8,8706
28.06. 21:15;8,7034
28.06. 21:30;8,487
28.06. 21:45;8,2707
28.06. 22:00;8,1035
28.06. 22:15;7,9855
28.06. 22:30;7,897
28.06. 22:45;7,8085
28.06. 23:00;7,7101
28.06. 23:15;7,5921
28.06. 23:30;7,4446
28.06. 23:45;7,2577
29.06. 00:00;7,3364
29.06. 00:15;7,4938
29.06. 00:30;7,6413
29.06. 00:45;7,7199
29.06. 01:00;7,6609
29.06. 01:15;7,5036
29.06. 01:30;7,2872
29.06. 01:45;7,0709
29.06. 02:00;6,9037
29.06. 02:15;6,7758
29.06. 02:30;6,6775
29.06. 02:45;6,6185
29.06. 03:00;6,5792
29.06. 03:15;6,5595
29.06. 03:30;6,5693
29.06. 03:45;6,6185
29.06. 04:00;6,6873
29.06. 04:15;6,7857
29.06. 04:30;6,884
29.06. 04:45;6,9824
29.06. 05:00;7,061
29.06. 05:15;7,1201
29.06. 05:30;7,1594
29.06. 05:45;7,1692
29.06. 06:00;7,1791
29.06. 06:15;7,2676
29.06. 06:30;7,5724
29.06. 06:45;8,1822
29.06. 07:00;9,1754
29.06. 07:15;10,444
29.06. 07:30;11,85
29.06. 07:45;13,227
29.06. 08:00;14,476
29.06. 08:15;15,519
29.06. 08:30;16,345
29.06. 08:45;16,905
29.06. 09:00;17,21
29.06. 09:15;17,318
29.06. 09:30;17,338
29.06. 09:45;17,367
29.06. 10:00;17,476
29.06. 10:15;17,643
29.06. 10:30;17,83
29.06. 10:45;18,007
29.06. 11:00;18,134
29.06. 11:15;18,213
29.06. 11:30;18,223
29.06. 11:45;18,193
29.06. 12:00;18,105
29.06. 12:15;17,938
29.06. 12:30;17,672
29.06. 12:45;17,279
29.06. 13:00;16,728
29.06. 13:15;16,04
29.06. 13:30;15,204
29.06. 13:45;14,24
29.06. 14:00;13,168
29.06. 14:15;12,067
29.06. 14:30;11,014
29.06. 14:45;10,11
29.06. 15:00;9,4114
29.06. 15:15;8,8902
29.06. 15:30;8,4969
29.06. 15:45;8,1822
29.06. 16:00;7,897
29.06. 16:15;7,6511
29.06. 16:30;7,4643
29.06. 16:45;7,3462
29.06. 17:00;7,3167
29.06. 17:15;7,3561
29.06. 17:30;7,4347
29.06. 17:45;7,5331
29.06. 18:00;7,6314
29.06. 18:15;7,7199
29.06. 18:30;7,779
29.06. 18:45;7,8085
29.06. 19:00;7,8085
29.06. 19:15;7,8085
29.06. 19:30;7,8281
29.06. 19:45;7,9068
29.06. 20:00;8,0543
29.06. 20:15;8,251
29.06. 20:30;8,428
29.06. 20:45;8,546
29.06. 21:00;8,5559
29.06. 21:15;8,487
29.06. 21:30;8,3493
29.06. 21:45;8,1822
29.06. 22:00;7,9953
29.06. 22:15;7,7986
29.06. 22:30;7,6118
29.06. 22:45;7,4446
29.06. 23:00;7,2872
29.06. 23:15;7,1496
29.06. 23:30;7,0119
29.06. 23:45;6,8939
30.06. 00:00;6,766
30.06. 00:15;6,6283
30.06. 00:30;6,4612
30.06. 00:45;6,2448
30.06. 01:00;5,9891
30.06. 01:15;5,7039
30.06. 01:30;5,4482
30.06. 01:45;5,2417
30.06. 02:00;5,1138
30.06. 02:15;5,0548
30.06. 02:30;5,0155
30.06. 02:45;4,9663
30.06. 03:00;4,8778
30.06. 03:15;4,7696
30.06. 03:30;4,6713
30.06. 03:45;4,5926
30.06. 04:00;4,5631
30.06. 04:15;4,573
30.06. 04:30;4,5828
30.06. 04:45;4,5926
30.06. 05:00;4,5828
30.06. 05:15;4,5533
30.06. 05:30;4,5238
30.06. 05:45;4,5041
30.06. 06:00;4,514
30.06. 06:15;4,5533
30.06. 06:30;4,6418
30.06. 06:45;4,7795
30.06. 07:00;4,9663
30.06. 07:15;5,1729
30.06. 07:30;5,34
30.06. 07:45;5,4187
30.06. 08:00;5,3892
30.06. 08:15;5,3007
30.06. 08:30;5,2319
30.06. 08:45;5,2417
30.06. 09:00;5,3794
30.06. 09:15;5,6252
30.06. 09:30;5,9006
30.06. 09:45;6,1563
30.06. 10:00;6,3431
30.06. 10:15;6,4808
30.06. 10:30;6,589
30.06. 10:45;6,707
30.06. 11:00;6,8545
30.06. 11:15;7,0217
30.06. 11:30;7,1987
30.06. 11:45;7,3462
30.06. 12:00;7,4741
30.06. 12:15;7,5724
30.06. 12:30;7,6511
30.06. 12:45;7,7199
30.06. 13:00;7,779
30.06. 13:15;7,8183
30.06. 13:30;7,7986
30.06. 13:45;7,7199
30.06. 14:00;7,5528
30.06. 14:15;7,3167
30.06. 14:30;7,061
30.06. 14:45;6,7955
30.06. 15:00;6,5693
30.06. 15:15;6,3726
30.06. 15:30;6,2055
30.06. 15:45;6,0678
30.06. 16:00;5,9399
30.06. 16:15;5,8711
30.06. 16:30;5,8711
30.06. 16:45;5,9694
30.06. 17:00;6,1956
30.06. 17:15;6,4907
30.06. 17:30;6,8054
30.06. 17:45;7,0709
30.06. 18:00;7,2676
30.06. 18:15;7,3856
30.06. 18:30;7,4741
30.06. 18:45;7,5331
30.06. 19:00;7,6019
30.06. 19:15;7,6904
30.06. 19:30;7,7888
30.06. 19:45;7,9068
30.06. 20:00;8,0248
30.06. 20:15;8,1527
30.06. 20:30;8,2412
30.06. 20:45;8,2707
30.06. 21:00;8,2313
30.06. 21:15;8,133
30.06. 21:30;7,9855
30.06. 21:45;7,8085
30.06. 22:00;7,6216
30.06. 22:15;7,4249
30.06. 22:30;7,2086
30.06. 22:45;6,9824
30.06. 23:00;6,7463
30.06. 23:15;6,53
30.06. 23:30;6,353
30.06. 23:45;6,2448
01.07. 00:00;7,0315
01.07. 00:15;6,7857
01.07. 00:30;6,5202
01.07. 00:45;6,2448
01.07. 01:00;5,9891
01.07. 01:15;5,7629
01.07. 01:30;5,5662
01.07. 01:45;5,4187
01.07. 02:00;5,3302
01.07. 02:15;5,281
01.07. 02:30;5,2515
01.07. 02:45;5,2417
01.07. 03:00;5,222
01.07. 03:15;5,2319
01.07. 03:30;5,3204
01.07. 03:45;5,5171
01.07. 04:00;5,8416
01.07. 04:15;6,2251
01.07. 04:30;6,6087
01.07. 04:45;6,8939
01.07. 05:00;7,0217
01.07. 05:15;7,0414
01.07. 05:30;7,002
01.07. 05:45;6,9824
01.07. 06:00;7,0315
01.07. 06:15;7,1889
01.07. 06:30;7,4643
01.07. 06:45;7,9068
01.07. 07:00;8,5165
01.07. 07:15;9,3524
01.07. 07:30;10,454
01.07. 07:45;11,85
01.07. 08:00;13,552
01.07. 08:15;15,371
01.07. 08:30;17,053
01.07. 08:45;18,38
01.07. 09:00;19,177
01.07. 09:15;19,541
01.07. 09:30;19,649
01.07. 09:45;19,669
01.07. 10:00;19,728
01.07. 10:15;19,855
01.07. 10:30;20,023
01.07. 10:45;20,219
01.07. 11:00;20,416
01.07. 11:15;20,564
01.07. 11:30;20,613
01.07. 11:45;20,495
01.07. 12:00;20,17
01.07. 12:15;19,669
01.07. 12:30;19,059
01.07. 12:45;18,38
01.07. 13:00;17,692
01.07. 13:15;17,053
01.07. 13:30;16,531
01.07. 13:45;16,168
01.07. 14:00;16,03
01.07. 14:15;16,079
01.07. 14:30;16,266
01.07. 14:45;16,541
01.07. 15:00;16,866
01.07. 15:15;17,171
01.07. 15:30;17,426
01.07. 15:45;17,554
01.07. 16:00;17,525
01.07. 16:15;17,387
01.07. 16:30;17,22
01.07. 16:45;17,092
01.07. 17:00;17,033
01.07. 17:15;16,954
01.07. 17:30;16,738
01.07. 17:45;16,266
01.07. 18:00;15,45
01.07. 18:15;14,368
01.07. 18:30;13,158
01.07. 18:45;11,949
01.07. 19:00;10,828
01.07. 19:15;9,8835
01.07. 19:30;9,1656
01.07. 19:45;8,7329
01.07. 20:00;8,5952
01.07. 20:15;8,664
01.07. 20:30;8,8116
01.07. 20:45;8,9099
01.07. 21:00;8,8706
01.07. 21:15;8,7034
01.07. 21:30;8,487
01.07. 21:45;8,2707
01.07. 22:00;8,1035
01.07. 22:15;7,9855
01.07. 22:30;7,897
01.07. 22:45;7,8085
01.07. 23:00;7,7101
01.07. 23:15;7,5921
01.07. 23:30;7,4446
01.07. 23:45;7,2577
02.07. 00:00;7,0315
02.07. 00:15;6,7857
02.07. 00:30;6,5202
02.07. 00:45;6,2448
02.07. 01:00;5,9891
02.07. 01:15;5,7629
02.07. 01:30;5,5662
02.07. 01:45;5,4187
02.07. 02:00;5,3302
02.07. 02:15;5,281
02.07. 02:30;5,2515
02.07. 02:45;5,2417
02.07. 03:00;5,222
02.07. 03:15;5,2319
02.07. 03:30;5,3204
02.07. 03:45;5,5171
02.07. 04:00;5,8416
02.07. 04:15;6,2251
02.07. 04:30;6,6087
02.07. 04:45;6,8939
02.07. 05:00;7,0217
02.07. 05:15;7,0414
02.07. 05:30;7,002
02.07. 05:45;6,9824
02.07. 06:00;7,0315
02.07. 06:15;7,1889
02.07. 06:30;7,4643
02.07. 06:45;7,9068
02.07. 07:00;8,5165
02.07. 07:15;9,3524
02.07. 07:30;10,454
02.07. 07:45;11,85
02.07. 08:00;13,552
02.07. 08:15;15,371
02.07. 08:30;17,053
02.07. 08:45;18,38
02.07. 09:00;19,177
02.07. 09:15;19,541
02.07. 09:30;19,649
02.07. 09:45;19,669
02.07. 10:00;19,728
02.07. 10:15;19,855
02.07. 10:30;20,023
02.07. 10:45;20,219
02.07. 11:00;20,416
02.07. 11:15;20,564
02.07. 11:30;20,613
02.07. 11:45;20,495
02.07. 12:00;20,17
02.07. 12:15;19,669
02.07. 12:30;19,059
02.07. 12:45;18,38
02.07. 13:00;17,692
02.07. 13:15;17,053
02.07. 13:30;16,531
02.07. 13:45;16,168
02.07. 14:00;16,03
02.07. 14:15;16,079
02.07. 14:30;16,266
02.07. 14:45;16,541
02.07. 15:00;16,866
02.07. 15:15;17,171
02.07. 15:30;17,426
02.07. 15:45;17,554
02.07. 16:00;17,525
02.07. 16:15;17,387
02.07. 16:30;17,22
02.07. 16:45;17,092
02.07. 17:00;17,033
02.07. 17:15;16,954
02.07. 17:30;16,738
02.07. 17:45;16,266
02.07. 18:00;15,45
02.07. 18:15;14,368
02.07. 18:30;13,158
02.07. 18:45;11,949
02.07. 19:00;10,828
02.07. 19:15;9,8835
02.07. 19:30;9,1656
02.07. 19:45;8,7329
02.07. 20:00;8,5952
02.07. 20:15;8,664
02.07. 20:30;8,8116
02.07. 20:45;8,9099
02.07. 21:00;8,8706
02.07. 21:15;8,7034
02.07. 21:30;8,487
02.07. 21:45;8,2707
02.07. 22:00;8,1035
02.07. 22:15;7,9855
02.07. 22:30;7,897
02.07. 22:45;7,8085
02.07. 23:00;7,7101
02.07. 23:15;7,5921
02.07. 23:30;7,4446
02.07. 23:45;7,2577
03.07. 00:00;7,0315
03.07. 00:15;6,7857
03.07. 00:30;6,5202
03.07. 00:45;6,2448
03.07. 01:00;5,9891
03.07. 01:15;5,7629
03.07. 01:30;5,5662
03.07. 01:45;5,4187
03.07. 02:00;5,3302
03.07. 02:15;5,281
03.07. 02:30;5,2515
03.07. 02:45;5,2417
03.07. 03:00;5,222
03.07. 03:15;5,2319
03.07. 03:30;5,3204
03.07. 03:45;5,5171
03.07. 04:00;5,8416
03.07. 04:15;6,2251
03.07. 04:30;6,6087
03.07. 04:45;6,8939
03.07. 05:00;7,0217
03.07. 05:15;7,0414
03.07. 05:30;7,002
03.07. 05:45;6,9824
03.07. 06:00;7,0315
03.07. 06:15;7,1889
03.07. 06:30;7,4643
03.07. 06:45;7,9068
03.07. 07:00;8,5165
03.07. 07:15;9,3524
03.07. 07:30;10,454
03.07. 07:45;11,85
03.07. 08:00;13,552
03.07. 08:15;15,371
03.07. 08:30;17,053
03.07. 08:45;18,38
03.07. 09:00;19,177
03.07. 09:15;19,541
03.07. 09:30;19,649
03.07. 09:45;19,669
03.07. 10:00;19,728
03.07. 10:15;19,855
03.07. 10:30;20,023
03.07. 10:45;20,219
03.07. 11:00;20,416
03.07. 11:15;20,564
03.07. 11:30;20,613
03.07. 11:45;20,495
03.07. 12:00;20,17
03.07. 12:15;19,669
03.07. 12:30;19,059
03.07. 12:45;18,38
03.07. 13:00;17,692
03.07. 13:15;17,053
03.07. 13:30;16,531
03.07. 13:45;16,168
03.07. 14:00;16,03
03.07. 14:15;16,079
03.07. 14:30;16,266
03.07. 14:45;16,541
03.07. 15:00;16,866
03.07. 15:15;17,171
03.07. 15:30;17,426
03.07. 15:45;17,554
03.07. 16:00;17,525
03.07. 16:15;17,387
03.07. 16:30;17,22
03.07. 16:45;17,092
03.07. 17:00;17,033
03.07. 17:15;16,954
03.07. 17:30;16,738
03.07. 17:45;16,266
03.07. 18:00;15,45
03.07. 18:15;14,368
03.07. 18:30;13,158
03.07. 18:45;11,949
03.07. 19:00;10,828
03.07. 19:15;9,8835
03.07. 19:30;9,1656
03.07. 19:45;8,7329
03.07. 20:00;8,5952
03.07. 20:15;8,664
03.07. 20:30;8,8116
03.07. 20:45;8,9099
03.07. 21:00;8,8706
03.07. 21:15;8,7034
03.07. 21:30;8,487
03.07. 21:45;8,2707
03.07. 22:00;8,1035
03.07. 22:15;7,9855
03.07. 22:30;7,897
03.07. 22:45;7,8085
03.07. 23:00;7,7101
03.07. 23:15;7,5921
03.07. 23:30;7,4446
03.07. 23:45;7,2577
04.07. 00:00;7,0315
04.07. 00:15;6,7857
04.07. 00:30;6,5202
04.07. 00:45;6,2448
04.07. 01:00;5,9891
04.07. 01:15;5,7629
04.07. 01:30;5,5662
04.07. 01:45;5,4187
04.07. 02:00;5,3302
04.07. 02:15;5,281
04.07. 02:30;5,2515
04.07. 02:45;5,2417
04.07. 03:00;5,222
04.07. 03:15;5,2319
04.07. 03:30;5,3204
04.07. 03:45;5,5171
04.07. 04:00;5,8416
04.07. 04:15;6,2251
04.07. 04:30;6,6087
04.07. 04:45;6,8939
04.07. 05:00;7,0217
04.07. 05:15;7,0414
04.07. 05:30;7,002
04.07. 05:45;6,9824
04.07. 06:00;7,0315
04.07. 06:15;7,1889
04.07. 06:30;7,4643
04.07. 06:45;7,9068
04.07. 07:00;8,5165
04.07. 07:15;9,3524
04.07. 07:30;10,454
04.07. 07:45;11,85
04.07. 08:00;13,552
04.07. 08:15;15,371
04.07. 08:30;17,053
04.07. 08:45;18,38
04.07. 09:00;19,177
04.07. 09:15;19,541
04.07. 09:30;19,649
04.07. 09:45;19,669
04.07. 10:00;19,728
04.07. 10:15;19,855
04.07. 10:30;20,023
04.07. 10:45;20,219
04.07. 11:00;20,416
04.07. 11:15;20,564
04.07. 11:30;20,613
04.07. 11:45;20,495
04.07. 12:00;20,17
04.07. 12:15;19,669
04.07. 12:30;19,059
04.07. 12:45;18,38
04.07. 13:00;17,692
04.07. 13:15;17,053
04.07. 13:30;16,531
04.07. 13:45;16,168
04.07. 14:00;16,03
04.07. 14:15;16,079
04.07. 14:30;16,266
04.07. 14:45;16,541
04.07. 15:00;16,866
04.07. 15:15;17,171
04.07. 15:30;17,426
04.07. 15:45;17,554
04.07. 16:00;17,525
04.07. 16:15;17,387
04.07. 16:30;17,22
04.07. 16:45;17,092
04.07. 17:00;17,033
04.07. 17:15;16,954
04.07. 17:30;16,738
04.07. 17:45;16,266
04.07. 18:00;15,45
04.07. 18:15;14,368
04.07. 18:30;13,158
04.07. 18:45;11,949
04.07. 19:00;10,828
04.07. 19:15;9,8835
04.07. 19:30;9,1656
04.07. 19:45;8,7329
04.07. 20:00;8,5952
04.07. 20:15;8,664
04.07. 20:30;8,8116
04.07. 20:45;8,9099
04.07. 21:00;8,8706
04.07. 21:15;8,7034
04.07. 21:30;8,487
04.07. 21:45;8,2707
04.07. 22:00;8,1035
04.07. 22:15;7,9855
04.07. 22:30;7,897
04.07. 22:45;7,8085
04.07. 23:00;7,7101
04.07. 23:15;7,5921
04.07. 23:30;7,4446
04.07. 23:45;7,2577
05.07. 00:00;7,0315
05.07. 00:15;6,7857
05.07. 00:30;6,5202
05.07. 00:45;6,2448
05.07. 01:00;5,9891
05.07. 01:15;5,7629
05.07. 01:30;5,5662
05.07. 01:45;5,4187
05.07. 02:00;5,3302
05.07. 02:15;5,281
05.07. 02:30;5,2515
05.07. 02:45;5,2417
05.07. 03:00;5,222
05.07. 03:15;5,2319
05.07. 03:30;5,3204
05.07. 03:45;5,5171
05.07. 04:00;5,8416
05.07. 04:15;6,2251
05.07. 04:30;6,6087
05.07. 04:45;6,8939
05.07. 05:00;7,0217
05.07. 05:15;7,0414
05.07. 05:30;7,002
05.07. 05:45;6,9824
05.07. 06:00;7,0315
05.07. 06:15;7,1889
05.07. 06:30;7,4643
05.07. 06:45;7,9068
05.07. 07:00;8,5165
05.07. 07:15;9,3524
05.07. 07:30;10,454
05.07. 07:45;11,85
05.07. 08:00;13,552
05.07. 08:15;15,371
05.07. 08:30;17,053
05.07. 08:45;18,38
05.07. 09:00;19,177
05.07. 09:15;19,541
05.07. 09:30;19,649
05.07. 09:45;19,669
05.07. 10:00;19,728
05.07. 10:15;19,855
05.07. 10:30;20,023
05.07. 10:45;20,219
05.07. 11:00;20,416
05.07. 11:15;20,564
05.07. 11:30;20,613
05.07. 11:45;20,495
05.07. 12:00;20,17
05.07. 12:15;19,669
05.07. 12:30;19,059
05.07. 12:45;18,38
05.07. 13:00;17,692
05.07. 13:15;17,053
05.07. 13:30;16,531
05.07. 13:45;16,168
05.07. 14:00;16,03
05.07. 14:15;16,079
05.07. 14:30;16,266
05.07. 14:45;16,541
05.07. 15:00;16,866
05.07. 15:15;17,171
05.07. 15:30;17,426
05.07. 15:45;17,554
05.07. 16:00;17,525
05.07. 16:15;17,387
05.07. 16:30;17,22
05.07. 16:45;17,092
05.07. 17:00;17,033
05.07. 17:15;16,954
05.07. 17:30;16,738
05.07. 17:45;16,266
05.07. 18:00;15,45
05.07. 18:15;14,368
05.07. 18:30;13,158
05.07. 18:45;11,949
05.07. 19:00;10,828
05.07. 19:15;9,8835
05.07. 19:30;9,1656
05.07. 19:45;8,7329
05.07. 20:00;8,5952
05.07. 20:15;8,664
05.07. 20:30;8,8116
05.07. 20:45;8,9099
05.07. 21:00;8,8706
05.07. 21:15;8,7034
05.07. 21:30;8,487
05.07. 21:45;8,2707
05.07. 22:00;8,1035
05.07. 22:15;7,9855
05.07. 22:30;7,897
05.07. 22:45;7,8085
05.07. 23:00;7,7101
05.07. 23:15;7,5921
05.07. 23:30;7,4446
05.07. 23:45;7,2577
06.07. 00:00;7,3364
06.07. 00:15;7,4938
06.07. 00:30;7,6413
06.07. 00:45;7,7199
06.07. 01:00;7,6609
06.07. 01:15;7,5036
06.07. 01:30;7,2872
06.07. 01:45;7,0709
06.07. 02:00;6,9037
06.07. 02:15;6,7758
06.07. 02:30;6,6775
06.07. 02:45;6,6185
06.07. 03:00;6,5792
06.07. 03:15;6,5595
06.07. 03:30;6,5693
06.07. 03:45;6,6185
06.07. 04:00;6,6873
06.07. 04:15;6,7857
06.07. 04:30;6,884
06.07. 04:45;6,9824
06.07. 05:00;7,061
06.07. 05:15;7,1201
06.07. 05:30;7,1594
06.07. 05:45;7,1692
06.07. 06:00;7,1791
06.07. 06:15;7,2676
06.07. 06:30;7,5724
06.07. 06:45;8,1822
06.07. 07:00;9,1754
06.07. 07:15;10,444
06.07. 07:30;11,85
06.07. 07:45;13,227
06.07. 08:00;14,476
06.07. 08:15;15,519
06.07. 08:30;16,345
06.07. 08:45;16,905
06.07. 09:00;17,21
06.07. 09:15;17,318
06.07. 09:30;17,338
06.07. 09:45;17,367
06.07. 10:00;17,476
06.07. 10:15;17,643
06.07. 10:30;17,83
06.07. 10:45;18,007
06.07. 11:00;18,134
06.07. 11:15;18,213
06.07. 11:30;18,223
06.07. 11:45;18,193
06.07. 12:00;18,105
06.07. 12:15;17,938
06.07. 12:30;17,672
06.07. 12:45;17,279
06.07. 13:00;16,728
06.07. 13:15;16,04
06.07. 13:30;15,204
06.07. 13:45;14,24
06.07. 14:00;13,168
06.07. 14:15;12,067
06.07. 14:30;11,014
06.07. 14:45;10,11
06.07. 15:00;9,4114
06.07. 15:15;8,8902
06.07. 15:30;8,4969
06.07. 15:45;8,1822
06.07. 16:00;7,897
06.07. 16:15;7,6511
06.07. 16:30;7,4643
06.07. 16:45;7,3462
06.07. 17:00;7,3167
06.07. 17:15;7,3561
06.07. 17:30;7,4347
06.07. 17:45;7,5331
06.07. 18:00;7,6314
06.07. 18:15;7,7199
06.07. 18:30;7,779
06.07. 18:45;7,8085
06.07. 19:00;7,8085
06.07. 19:15;7,8085
06.07. 19:30;7,8281
06.07. 19:45;7,9068
06.07. 20:00;8,0543
06.07. 20:15;8,251
06.07. 20:30;8,428
06.07. 20:45;8,546
06.07. 21:00;8,5559
06.07. 21:15;8,487
06.07. 21:30;8,3493
06.07. 21:45;8,1822
06.07. 22:00;7,9953
06.07. 22:15;7,7986
06.07. 22:30;7,6118
06.07. 22:45;7,4446
06.07. 23:00;7,2872
06.07. 23:15;7,1496
06.07. 23:30;7,0119
06.07. 23:45;6,8939
07.07. 00:00;6,766
07.07. 00:15;6,6283
07.07. 00:30;6,4612
07.07. 00:45;6,2448
07.07. 01:00;5,9891
07.07. 01:15;5,7039
07.07. 01:30;5,4482
07.07. 01:45;5,2417
07.07. 02:00;5,1138
07.07. 02:15;5,0548
07.07. 02:30;5,0155
07.07. 02:45;4,9663
07.07. 03:00;4,8778
07.07. 03:15;4,7696
07.07. 03:30;4,6713
07.07. 03:45;4,5926
07.07. 04:00;4,5631
07.07. 04:15;4,573
07.07. 04:30;4,5828
07.07. 04:45;4,5926
07.07. 05:00;4,5828
07.07. 05:15;4,5533
07.07. 05:30;4,5238
07.07. 05:45;4,5041
07.07. 06:00;4,514
07.07. 06:15;4,5533
07.07. 06:30;4,6418
07.07. 06:45;4,7795
07.07. 07:00;4,9663
07.07. 07:15;5,1729
07.07. 07:30;5,34
07.07. 07:45;5,4187
07.07. 08:00;5,3892
07.07. 08:15;5,3007
07.07. 08:30;5,2319
07.07. 08:45;5,2417
07.07. 09:00;5,3794
07.07. 09:15;5,6252
07.07. 09:30;5,9006
07.07. 09:45;6,1563
07.07. 10:00;6,3431
07.07. 10:15;6,4808
07.07. 10:30;6,589
07.07. 10:45;6,707
07.07. 11:00;6,8545
07.07. 11:15;7,0217
07.07. 11:30;7,1987
07.07. 11:45;7,3462
07.07. 12:00;7,4741
07.07. 12:15;7,5724
07.07. 12:30;7,6511
07.07. 12:45;7,7199
07.07. 13:00;7,779
07.07. 13:15;7,8183
07.07. 13:30;7,7986
07.07. 13:45;7,7199
07.07. 14:00;7,5528
07.07. 14:15;7,3167
07.07. 14:30;7,061
07.07. 14:45;6,7955
07.07. 15:00;6,5693
07.07. 15:15;6,3726
07.07. 15:30;6,2055
07.07. 15:45;6,0678
07.07. 16:00;5,9399
07.07. 16:15;5,8711
07.07. 16:30;5,8711
07.07. 16:45;5,9694
07.07. 17:00;6,1956
07.07. 17:15;6,4907
07.07. 17:30;6,8054
07.07. 17:45;7,0709
07.07. 18:00;7,2676
07.07. 18:15;7,3856
07.07. 18:30;7,4741
07.07. 18:45;7,5331
07.07. 19:00;7,6019
07.07. 19:15;7,6904
07.07. 19:30;7,7888
07.07. 19:45;7,9068
07.07. 20:00;8,0248
07.07. 20:15;8,1527
07.07. 20:30;8,2412
07.07. 20:45;8,2707
07.07. 21:00;8,2313
07.07. 21:15;8,133
07.07. 21:30;7,9855
07.07. 21:45;7,8085
07.07. 22:00;7,6216
07.07. 22:15;7,4249
07.07. 22:30;7,2086
07.07. 22:45;6,9824
07.07. 23:00;6,7463
07.07. 23:15;6,53
07.07. 23:30;6,353
07.07. 23:45;6,2448
08.07. 00:00;7,0315
08.07. 00:15;6,7857
08.07. 00:30;6,5202
08.07. 00:45;6,2448
08.07. 01:00;5,9891
08.07. 01:15;5,7629
08.07. 01:30;5,5662
08.07. 01:45;5,4187
08.07. 02:00;5,3302
08.07. 02:15;5,281
08.07. 02:30;5,2515
08.07. 02:45;5,2417
08.07. 03:00;5,222
08.07. 03:15;5,2319
08.07. 03:30;5,3204
08.07. 03:45;5,5171
08.07. 04:00;5,8416
08.07. 04:15;6,2251
08.07. 04:30;6,6087
08.07. 04:45;6,8939
08.07. 05:00;7,0217
08.07. 05:15;7,0414
08.07. 05:30;7,002
08.07. 05:45;6,9824
08.07. 06:00;7,0315
08.07. 06:15;7,1889
08.07. 06:30;7,4643
08.07. 06:45;7,9068
08.07. 07:00;8,5165
08.07. 07:15;9,3524
08.07. 07:30;10,454
08.07. 07:45;11,85
08.07. 08:00;13,552
08.07. 08:15;15,371
08.07. 08:30;17,053
08.07. 08:45;18,38
08.07. 09:00;19,177
08.07. 09:15;19,541
08.07. 09:30;19,649
08.07. 09:45;19,669
08.07. 10:00;19,728
08.07. 10:15;19,855
08.07. 10:30;20,023
08.07. 10:45;20,219
08.07. 11:00;20,416
08.07. 11:15;20,564
08.07. 11:30;20,613
08.07. 11:45;20,495
08.07. 12:00;20,17
08.07. 12:15;19,669
08.07. 12:30;19,059
08.07. 12:45;18,38
08.07. 13:00;17,692
08.07. 13:15;17,053
08.07. 13:30;16,531
08.07. 13:45;16,168
08.07. 14:00;16,03
08.07. 14:15;16,079
08.07. 14:30;16,266
08.07. 14:45;16,541
08.07. 15:00;16,866
08.07. 15:15;17,171
08.07. 15:30;17,426
08.07. 15:45;17,554
08.07. 16:00;17,525
08.07. 16:15;17,387
08.07. 16:30;17,22
08.07. 16:45;17,092
08.07. 17:00;17,033
08.07. 17:15;16,954
08.07. 17:30;16,738
08.07. 17:45;16,266
08.07. 18:00;15,45
08.07. 18:15;14,368
08.07. 18:30;13,158
08.07. 18:45;11,949
08.07. 19:00;10,828
08.07. 19:15;9,8835
08.07. 19:30;9,1656
08.07. 19:45;8,7329
08.07. 20:00;8,5952
08.07. 20:15;8,664
08.07. 20:30;8,8116
08.07. 20:45;8,9099
08.07. 21:00;8,8706
08.07. 21:15;8,7034
08.07. 21:30;8,487
08.07. 21:45;8,2707
08.07. 22:00;8,1035
08.07. 22:15;7,9855
08.07. 22:30;7,897
08.07. 22:45;7,8085
08.07. 23:00;7,7101
08.07. 23:15;7,5921
08.07. 23:30;7,4446
08.07. 23:45;7,2577
09.07. 00:00;7,0315
09.07. 00:15;6,7857
09.07. 00:30;6,5202
09.07. 00:45;6,2448
09.07. 01:00;5,9891
09.07. 01:15;5,7629
09.07. 01:30;5,5662
09.07. 01:45;5,4187
09.07. 02:00;5,3302
09.07. 02:15;5,281
09.07. 02:30;5,2515
09.07. 02:45;5,2417
09.07. 03:00;5,222
09.07. 03:15;5,2319
09.07. 03:30;5,3204
09.07. 03:45;5,5171
09.07. 04:00;5,8416
09.07. 04:15;6,2251
09.07. 04:30;6,6087
09.07. 04:45;6,8939
09.07. 05:00;7,0217
09.07. 05:15;7,0414
09.07. 05:30;7,002
09.07. 05:45;6,9824
09.07. 06:00;7,0315
09.07. 06:15;7,1889
09.07. 06:30;7,4643
09.07. 06:45;7,9068
09.07. 07:00;8,5165
09.07. 07:15;9,3524
09.07. 07:30;10,454
09.07. 07:45;11,85
09.07. 08:00;13,552
09.07. 08:15;15,371
09.07. 08:30;17,053
09.07. 08:45;18,38
09.07. 09:00;19,177
09.07. 09:15;19,541
09.07. 09:30;19,649
09.07. 09:45;19,669
09.07. 10:00;19,728
09.07. 10:15;19,855
09.07. 10:30;20,023
09.07. 10:45;20,219
09.07. 11:00;20,416
09.07. 11:15;20,564
09.07. 11:30;20,613
09.07. 11:45;20,495
09.07. 12:00;20,17
09.07. 12:15;19,669
09.07. 12:30;19,059
09.07. 12:45;18,38
09.07. 13:00;17,692
09.07. 13:15;17,053
09.07. 13:30;16,531
09.07. 13:45;16,168
09.07. 14:00;16,03
09.07. 14:15;16,079
09.07. 14:30;16,266
09.07. 14:45;16,541
09.07. 15:00;16,866
09.07. 15:15;17,171
09.07. 15:30;17,426
09.07. 15:45;17,554
09.07. 16:00;17,525
09.07. 16:15;17,387
09.07. 16:30;17,22
09.07. 16:45;17,092
09.07. 17:00;17,033
09.07. 17:15;16,954
09.07. 17:30;16,738
09.07. 17:45;16,266
09.07. 18:00;15,45
09.07. 18:15;14,368
09.07. 18:30;13,158
09.07. 18:45;11,949
09.07. 19:00;10,828
09.07. 19:15;9,8835
09.07. 19:30;9,1656
09.07. 19:45;8,7329
09.07. 20:00;8,5952
09.07. 20:15;8,664
09.07. 20:30;8,8116
09.07. 20:45;8,9099
09.07. 21:00;8,8706
09.07. 21:15;8,7034
09.07. 21:30;8,487
09.07. 21:45;8,2707
09.07. 22:00;8,1035
09.07. 22:15;7,9855
09.07. 22:30;7,897
09.07. 22:45;7,8085
09.07. 23:00;7,7101
09.07. 23:15;7,5921
09.07. 23:30;7,4446
09.07. 23:45;7,2577
10.07. 00:00;7,0315
10.07. 00:15;6,7857
10.07. 00:30;6,5202
10.07. 00:45;6,2448
10.07. 01:00;5,9891
10.07. 01:15;5,7629
10.07. 01:30;5,5662
10.07. 01:45;5,4187
10.07. 02:00;5,3302
10.07. 02:15;5,281
10.07. 02:30;5,2515
10.07. 02:45;5,2417
10.07. 03:00;5,222
10.07. 03:15;5,2319
10.07. 03:30;5,3204
10.07. 03:45;5,5171
10.07. 04:00;5,8416
10.07. 04:15;6,2251
10.07. 04:30;6,6087
10.07. 04:45;6,8939
10.07. 05:00;7,0217
10.07. 05:15;7,0414
10.07. 05:30;7,002
10.07. 05:45;6,9824
10.07. 06:00;7,0315
10.07. 06:15;7,1889
10.07. 06:30;7,4643
10.07. 06:45;7,9068
10.07. 07:00;8,5165
10.07. 07:15;9,3524
10.07. 07:30;10,454
10.07. 07:45;11,85
10.07. 08:00;13,552
10.07. 08:15;15,371
10.07. 08:30;17,053
10.07. 08:45;18,38
10.07. 09:00;19,177
10.07. 09:15;19,541
10.07. 09:30;19,649
10.07. 09:45;19,669
10.07. 10:00;19,728
10.07. 10:15;19,855
10.07. 10:30;20,023
10.07. 10:45;20,219
10.07. 11:00;20,416
10.07. 11:15;20,564
10.07. 11:30;20,613
10.07. 11:45;20,495
10.07. 12:00;20,17
10.07. 12:15;19,669
10.07. 12:30;19,059
10.07. 12:45;18,38
10.07. 13:00;17,692
10.07. 13:15;17,053
10.07. 13:30;16,531
10.07. 13:45;16,168
10.07. 14:00;16,03
10.07. 14:15;16,079
10.07. 14:30;16,266
10.07. 14:45;16,541
10.07. 15:00;16,866
10.07. 15:15;17,171
10.07. 15:30;17,426
10.07. 15:45;17,554
10.07. 16:00;17,525
10.07. 16:15;17,387
10.07. 16:30;17,22
10.07. 16:45;17,092
10.07. 17:00;17,033
10.07. 17:15;16,954
10.07. 17:30;16,738
10.07. 17:45;16,266
10.07. 18:00;15,45
10.07. 18:15;14,368
10.07. 18:30;13,158
10.07. 18:45;11,949
10.07. 19:00;10,828
10.07. 19:15;9,8835
10.07. 19:30;9,1656
10.07. 19:45;8,7329
10.07. 20:00;8,5952
10.07. 20:15;8,664
10.07. 20:30;8,8116
10.07. 20:45;8,9099
10.07. 21:00;8,8706
10.07. 21:15;8,7034
10.07. 21:30;8,487
10.07. 21:45;8,2707
10.07. 22:00;8,1035
10.07. 22:15;7,9855
10.07. 22:30;7,897
10.07. 22:45;7,8085
10.07. 23:00;7,7101
10.07. 23:15;7,5921
10.07. 23:30;7,4446
10.07. 23:45;7,2577
11.07. 00:00;7,0315
11.07. 00:15;6,7857
11.07. 00:30;6,5202
11.07. 00:45;6,2448
11.07. 01:00;5,9891
11.07. 01:15;5,7629
11.07. 01:30;5,5662
11.07. 01:45;5,4187
11.07. 02:00;5,3302
11.07. 02:15;5,281
11.07. 02:30;5,2515
11.07. 02:45;5,2417
11.07. 03:00;5,222
11.07. 03:15;5,2319
11.07. 03:30;5,3204
11.07. 03:45;5,5171
11.07. 04:00;5,8416
11.07. 04:15;6,2251
11.07. 04:30;6,6087
11.07. 04:45;6,8939
11.07. 05:00;7,0217
11.07. 05:15;7,0414
11.07. 05:30;7,002
11.07. 05:45;6,9824
11.07. 06:00;7,0315
11.07. 06:15;7,1889
11.07. 06:30;7,4643
11.07. 06:45;7,9068
11.07. 07:00;8,5165
11.07. 07:15;9,3524
11.07. 07:30;10,454
11.07. 07:45;11,85
11.07. 08:00;13,552
11.07. 08:15;15,371
11.07. 08:30;17,053
11.07. 08:45;18,38
11.07. 09:00;19,177
11.07. 09:15;19,541
11.07. 09:30;19,649
11.07. 09:45;19,669
11.07. 10:00;19,728
11.07. 10:15;19,855
11.07. 10:30;20,023
11.07. 10:45;20,219
11.07. 11:00;20,416
11.07. 11:15;20,564
11.07. 11:30;20,613
11.07. 11:45;20,495
11.07. 12:00;20,17
11.07. 12:15;19,669
11.07. 12:30;19,059
11.07. 12:45;18,38
11.07. 13:00;17,692
11.07. 13:15;17,053
11.07. 13:30;16,531
11.07. 13:45;16,168
11.07. 14:00;16,03
11.07. 14:15;16,079
11.07. 14:30;16,266
11.07. 14:45;16,541
11.07. 15:00;16,866
11.07. 15:15;17,171
11.07. 15:30;17,426
11.07. 15:45;17,554
11.07. 16:00;17,525
11.07. 16:15;17,387
11.07. 16:30;17,22
11.07. 16:45;17,092
11.07. 17:00;17,033
11.07. 17:15;16,954
11.07. 17:30;16,738
11.07. 17:45;16,266
11.07. 18:00;15,45
11.07. 18:15;14,368
11.07. 18:30;13,158
11.07. 18:45;11,949
11.07. 19:00;10,828
11.07. 19:15;9,8835
11.07. 19:30;9,1656
11.07. 19:45;8,7329
11.07. 20:00;8,5952
11.07. 20:15;8,664
11.07. 20:30;8,8116
11.07. 20:45;8,9099
11.07. 21:00;8,8706
11.07. 21:15;8,7034
11.07. 21:30;8,487
11.07. 21:45;8,2707
11.07. 22:00;8,1035
11.07. 22:15;7,9855
11.07. 22:30;7,897
11.07. 22:45;7,8085
11.07. 23:00;7,7101
11.07. 23:15;7,5921
11.07. 23:30;7,4446
11.07. 23:45;7,2577
12.07. 00:00;7,0315
12.07. 00:15;6,7857
12.07. 00:30;6,5202
12.07. 00:45;6,2448
12.07. 01:00;5,9891
12.07. 01:15;5,7629
12.07. 01:30;5,5662
12.07. 01:45;5,4187
12.07. 02:00;5,3302
12.07. 02:15;5,281
12.07. 02:30;5,2515
12.07. 02:45;5,2417
12.07. 03:00;5,222
12.07. 03:15;5,2319
12.07. 03:30;5,3204
12.07. 03:45;5,5171
12.07. 04:00;5,8416
12.07. 04:15;6,2251
12.07. 04:30;6,6087
12.07. 04:45;6,8939
12.07. 05:00;7,0217
12.07. 05:15;7,0414
12.07. 05:30;7,002
12.07. 05:45;6,9824
12.07. 06:00;7,0315
12.07. 06:15;7,1889
12.07. 06:30;7,4643
12.07. 06:45;7,9068
12.07. 07:00;8,5165
12.07. 07:15;9,3524
12.07. 07:30;10,454
12.07. 07:45;11,85
12.07. 08:00;13,552
12.07. 08:15;15,371
12.07. 08:30;17,053
12.07. 08:45;18,38
12.07. 09:00;19,177
12.07. 09:15;19,541
12.07. 09:30;19,649
12.07. 09:45;19,669
12.07. 10:00;19,728
12.07. 10:15;19,855
12.07. 10:30;20,023
12.07. 10:45;20,219
12.07. 11:00;20,416
12.07. 11:15;20,564
12.07. 11:30;20,613
12.07. 11:45;20,495
12.07. 12:00;20,17
12.07. 12:15;19,669
12.07. 12:30;19,059
12.07. 12:45;18,38
12.07. 13:00;17,692
12.07. 13:15;17,053
12.07. 13:30;16,531
12.07. 13:45;16,168
12.07. 14:00;16,03
12.07. 14:15;16,079
12.07. 14:30;16,266
12.07. 14:45;16,541
12.07. 15:00;16,866
12.07. 15:15;17,171
12.07. 15:30;17,426
12.07. 15:45;17,554
12.07. 16:00;17,525
12.07. 16:15;17,387
12.07. 16:30;17,22
12.07. 16:45;17,092
12.07. 17:00;17,033
12.07. 17:15;16,954
12.07. 17:30;16,738
12.07. 17:45;16,266
12.07. 18:00;15,45
12.07. 18:15;14,368
12.07. 18:30;13,158
12.07. 18:45;11,949
12.07. 19:00;10,828
12.07. 19:15;9,8835
12.07. 19:30;9,1656
12.07. 19:45;8,7329
12.07. 20:00;8,5952
12.07. 20:15;8,664
12.07. 20:30;8,8116
12.07. 20:45;8,9099
12.07. 21:00;8,8706
12.07. 21:15;8,7034
12.07. 21:30;8,487
12.07. 21:45;8,2707
12.07. 22:00;8,1035
12.07. 22:15;7,9855
12.07. 22:30;7,897
12.07. 22:45;7,8085
12.07. 23:00;7,7101
12.07. 23:15;7,5921
12.07. 23:30;7,4446
12.07. 23:45;7,2577
13.07. 00:00;7,3364
13.07. 00:15;7,4938
13.07. 00:30;7,6413
13.07. 00:45;7,7199
13.07. 01:00;7,6609
13.07. 01:15;7,5036
13.07. 01:30;7,2872
13.07. 01:45;7,0709
13.07. 02:00;6,9037
13.07. 02:15;6,7758
13.07. 02:30;6,6775
13.07. 02:45;6,6185
13.07. 03:00;6,5792
13.07. 03:15;6,5595
13.07. 03:30;6,5693
13.07. 03:45;6,6185
13.07. 04:00;6,6873
13.07. 04:15;6,7857
13.07. 04:30;6,884
13.07. 04:45;6,9824
13.07. 05:00;7,061
13.07. 05:15;7,1201
13.07. 05:30;7,1594
13.07. 05:45;7,1692
13.07. 06:00;7,1791
13.07. 06:15;7,2676
13.07. 06:30;7,5724
13.07. 06:45;8,1822
13.07. 07:00;9,1754
13.07. 07:15;10,444
13.07. 07:30;11,85
13.07. 07:45;13,227
13.07. 08:00;14,476
13.07. 08:15;15,519
13.07. 08:30;16,345
13.07. 08:45;16,905
13.07. 09:00;17,21
13.07. 09:15;17,318
13.07. 09:30;17,338
13.07. 09:45;17,367
13.07. 10:00;17,476
13.07. 10:15;17,643
13.07. 10:30;17,83
13.07. 10:45;18,007
13.07. 11:00;18,134
13.07. 11:15;18,213
13.07. 11:30;18,223
13.07. 11:45;18,193
13.07. 12:00;18,105
13.07. 12:15;17,938
13.07. 12:30;17,672
13.07. 12:45;17,279
13.07. 13:00;16,728
13.07. 13:15;16,04
13.07. 13:30;15,204
13.07. 13:45;14,24
13.07. 14:00;13,168
13.07. 14:15;12,067
13.07. 14:30;11,014
13.07. 14:45;10,11
13.07. 15:00;9,4114
13.07. 15:15;8,8902
13.07. 15:30;8,4969
13.07. 15:45;8,1822
13.07. 16:00;7,897
13.07. 16:15;7,6511
13.07. 16:30;7,4643
13.07. 16:45;7,3462
13.07. 17:00;7,3167
13.07. 17:15;7,3561
13.07. 17:30;7,4347
13.07. 17:45;7,5331
13.07. 18:00;7,6314
13.07. 18:15;7,7199
13.07. 18:30;7,779
13.07. 18:45;7,8085
13.07. 19:00;7,8085
13.07. 19:15;7,8085
13.07. 19:30;7,8281
13.07. 19:45;7,9068
13.07. 20:00;8,0543
13.07. 20:15;8,251
13.07. 20:30;8,428
13.07. 20:45;8,546
13.07. 21:00;8,5559
13.07. 21:15;8,487
13.07. 21:30;8,3493
13.07. 21:45;8,1822
13.07. 22:00;7,9953
13.07. 22:15;7,7986
13.07. 22:30;7,6118
13.07. 22:45;7,4446
13.07. 23:00;7,2872
13.07. 23:15;7,1496
13.07. 23:30;7,0119
13.07. 23:45;6,8939
14.07. 00:00;6,766
14.07. 00:15;6,6283
14.07. 00:30;6,4612
14.07. 00:45;6,2448
14.07. 01:00;5,9891
14.07. 01:15;5,7039
14.07. 01:30;5,4482
14.07. 01:45;5,2417
14.07. 02:00;5,1138
14.07. 02:15;5,0548
14.07. 02:30;5,0155
14.07. 02:45;4,9663
14.07. 03:00;4,8778
14.07. 03:15;4,7696
14.07. 03:30;4,6713
14.07. 03:45;4,5926
14.07. 04:00;4,5631
14.07. 04:15;4,573
14.07. 04:30;4,5828
14.07. 04:45;4,5926
14.07. 05:00;4,5828
14.07. 05:15;4,5533
14.07. 05:30;4,5238
14.07. 05:45;4,5041
14.07. 06:00;4,514
14.07. 06:15;4,5533
14.07. 06:30;4,6418
14.07. 06:45;4,7795
14.07. 07:00;4,9663
14.07. 07:15;5,1729
14.07. 07:30;5,34
14.07. 07:45;5,4187
14.07. 08:00;5,3892
14.07. 08:15;5,3007
14.07. 08:30;5,2319
14.07. 08:45;5,2417
14.07. 09:00;5,3794
14.07. 09:15;5,6252
14.07. 09:30;5,9006
14.07. 09:45;6,1563
14.07. 10:00;6,3431
14.07. 10:15;6,4808
14.07. 10:30;6,589
14.07. 10:45;6,707
14.07. 11:00;6,8545
14.07. 11:15;7,0217
14.07. 11:30;7,1987
14.07. 11:45;7,3462
14.07. 12:00;7,4741
14.07. 12:15;7,5724
14.07. 12:30;7,6511
14.07. 12:45;7,7199
14.07. 13:00;7,779
14.07. 13:15;7,8183
14.07. 13:30;7,7986
14.07. 13:45;7,7199
14.07. 14:00;7,5528
14.07. 14:15;7,3167
14.07. 14:30;7,061
14.07. 14:45;6,7955
14.07. 15:00;6,5693
14.07. 15:15;6,3726
14.07. 15:30;6,2055
14.07. 15:45;6,0678
14.07. 16:00;5,9399
14.07. 16:15;5,8711
14.07. 16:30;5,8711
14.07. 16:45;5,9694
14.07. 17:00;6,1956
14.07. 17:15;6,4907
14.07. 17:30;6,8054
14.07. 17:45;7,0709
14.07. 18:00;7,2676
14.07. 18:15;7,3856
14.07. 18:30;7,4741
14.07. 18:45;7,5331
14.07. 19:00;7,6019
14.07. 19:15;7,6904
14.07. 19:30;7,7888
14.07. 19:45;7,9068
14.07. 20:00;8,0248
14.07. 20:15;8,1527
14.07. 20:30;8,2412
14.07. 20:45;8,2707
14.07. 21:00;8,2313
14.07. 21:15;8,133
14.07. 21:30;7,9855
14.07. 21:45;7,8085
14.07. 22:00;7,6216
14.07. 22:15;7,4249
14.07. 22:30;7,2086
14.07. 22:45;6,9824
14.07. 23:00;6,7463
14.07. 23:15;6,53
14.07. 23:30;6,353
14.07. 23:45;6,2448
15.07. 00:00;7,0315
15.07. 00:15;6,7857
15.07. 00:30;6,5202
15.07. 00:45;6,2448
15.07. 01:00;5,9891
15.07. 01:15;5,7629
15.07. 01:30;5,5662
15.07. 01:45;5,4187
15.07. 02:00;5,3302
15.07. 02:15;5,281
15.07. 02:30;5,2515
15.07. 02:45;5,2417
15.07. 03:00;5,222
15.07. 03:15;5,2319
15.07. 03:30;5,3204
15.07. 03:45;5,5171
15.07. 04:00;5,8416
15.07. 04:15;6,2251
15.07. 04:30;6,6087
15.07. 04:45;6,8939
15.07. 05:00;7,0217
15.07. 05:15;7,0414
15.07. 05:30;7,002
15.07. 05:45;6,9824
15.07. 06:00;7,0315
15.07. 06:15;7,1889
15.07. 06:30;7,4643
15.07. 06:45;7,9068
15.07. 07:00;8,5165
15.07. 07:15;9,3524
15.07. 07:30;10,454
15.07. 07:45;11,85
15.07. 08:00;13,552
15.07. 08:15;15,371
15.07. 08:30;17,053
15.07. 08:45;18,38
15.07. 09:00;19,177
15.07. 09:15;19,541
15.07. 09:30;19,649
15.07. 09:45;19,669
15.07. 10:00;19,728
15.07. 10:15;19,855
15.07. 10:30;20,023
15.07. 10:45;20,219
15.07. 11:00;20,416
15.07. 11:15;20,564
15.07. 11:30;20,613
15.07. 11:45;20,495
15.07. 12:00;20,17
15.07. 12:15;19,669
15.07. 12:30;19,059
15.07. 12:45;18,38
15.07. 13:00;17,692
15.07. 13:15;17,053
15.07. 13:30;16,531
15.07. 13:45;16,168
15.07. 14:00;16,03
15.07. 14:15;16,079
15.07. 14:30;16,266
15.07. 14:45;16,541
15.07. 15:00;16,866
15.07. 15:15;17,171
15.07. 15:30;17,426
15.07. 15:45;17,554
15.07. 16:00;17,525
15.07. 16:15;17,387
15.07. 16:30;17,22
15.07. 16:45;17,092
15.07. 17:00;17,033
15.07. 17:15;16,954
15.07. 17:30;16,738
15.07. 17:45;16,266
15.07. 18:00;15,45
15.07. 18:15;14,368
15.07. 18:30;13,158
15.07. 18:45;11,949
15.07. 19:00;10,828
15.07. 19:15;9,8835
15.07. 19:30;9,1656
15.07. 19:45;8,7329
15.07. 20:00;8,5952
15.07. 20:15;8,664
15.07. 20:30;8,8116
15.07. 20:45;8,9099
15.07. 21:00;8,8706
15.07. 21:15;8,7034
15.07. 21:30;8,487
15.07. 21:45;8,2707
15.07. 22:00;8,1035
15.07. 22:15;7,9855
15.07. 22:30;7,897
15.07. 22:45;7,8085
15.07. 23:00;7,7101
15.07. 23:15;7,5921
15.07. 23:30;7,4446
15.07. 23:45;7,2577
16.07. 00:00;7,0315
16.07. 00:15;6,7857
16.07. 00:30;6,5202
16.07. 00:45;6,2448
16.07. 01:00;5,9891
16.07. 01:15;5,7629
16.07. 01:30;5,5662
16.07. 01:45;5,4187
16.07. 02:00;5,3302
16.07. 02:15;5,281
16.07. 02:30;5,2515
16.07. 02:45;5,2417
16.07. 03:00;5,222
16.07. 03:15;5,2319
16.07. 03:30;5,3204
16.07. 03:45;5,5171
16.07. 04:00;5,8416
16.07. 04:15;6,2251
16.07. 04:30;6,6087
16.07. 04:45;6,8939
16.07. 05:00;7,0217
16.07. 05:15;7,0414
16.07. 05:30;7,002
16.07. 05:45;6,9824
16.07. 06:00;7,0315
16.07. 06:15;7,1889
16.07. 06:30;7,4643
16.07. 06:45;7,9068
16.07. 07:00;8,5165
16.07. 07:15;9,3524
16.07. 07:30;10,454
16.07. 07:45;11,85
16.07. 08:00;13,552
16.07. 08:15;15,371
16.07. 08:30;17,053
16.07. 08:45;18,38
16.07. 09:00;19,177
16.07. 09:15;19,541
16.07. 09:30;19,649
16.07. 09:45;19,669
16.07. 10:00;19,728
16.07. 10:15;19,855
16.07. 10:30;20,023
16.07. 10:45;20,219
16.07. 11:00;20,416
16.07. 11:15;20,564
16.07. 11:30;20,613
16.07. 11:45;20,495
16.07. 12:00;20,17
16.07. 12:15;19,669
16.07. 12:30;19,059
16.07. 12:45;18,38
16.07. 13:00;17,692
16.07. 13:15;17,053
16.07. 13:30;16,531
16.07. 13:45;16,168
16.07. 14:00;16,03
16.07. 14:15;16,079
16.07. 14:30;16,266
16.07. 14:45;16,541
16.07. 15:00;16,866
16.07. 15:15;17,171
16.07. 15:30;17,426
16.07. 15:45;17,554
16.07. 16:00;17,525
16.07. 16:15;17,387
16.07. 16:30;17,22
16.07. 16:45;17,092
16.07. 17:00;17,033
16.07. 17:15;16,954
16.07. 17:30;16,738
16.07. 17:45;16,266
16.07. 18:00;15,45
16.07. 18:15;14,368
16.07. 18:30;13,158
16.07. 18:45;11,949
16.07. 19:00;10,828
16.07. 19:15;9,8835
16.07. 19:30;9,1656
16.07. 19:45;8,7329
16.07. 20:00;8,5952
16.07. 20:15;8,664
16.07. 20:30;8,8116
16.07. 20:45;8,9099
16.07. 21:00;8,8706
16.07. 21:15;8,7034
16.07. 21:30;8,487
16.07. 21:45;8,2707
16.07. 22:00;8,1035
16.07. 22:15;7,9855
16.07. 22:30;7,897
16.07. 22:45;7,8085
16.07. 23:00;7,7101
16.07. 23:15;7,5921
16.07. 23:30;7,4446
16.07. 23:45;7,2577
17.07. 00:00;7,0315
17.07. 00:15;6,7857
17.07. 00:30;6,5202
17.07. 00:45;6,2448
17.07. 01:00;5,9891
17.07. 01:15;5,7629
17.07. 01:30;5,5662
17.07. 01:45;5,4187
17.07. 02:00;5,3302
17.07. 02:15;5,281
17.07. 02:30;5,2515
17.07. 02:45;5,2417
17.07. 03:00;5,222
17.07. 03:15;5,2319
17.07. 03:30;5,3204
17.07. 03:45;5,5171
17.07. 04:00;5,8416
17.07. 04:15;6,2251
17.07. 04:30;6,6087
17.07. 04:45;6,8939
17.07. 05:00;7,0217
17.07. 05:15;7,0414
17.07. 05:30;7,002
17.07. 05:45;6,9824
17.07. 06:00;7,0315
17.07. 06:15;7,1889
17.07. 06:30;7,4643
17.07. 06:45;7,9068
17.07. 07:00;8,5165
17.07. 07:15;9,3524
17.07. 07:30;10,454
17.07. 07:45;11,85
17.07. 08:00;13,552
17.07. 08:15;15,371
17.07. 08:30;17,053
17.07. 08:45;18,38
17.07. 09:00;19,177
17.07. 09:15;19,541
17.07. 09:30;19,649
17.07. 09:45;19,669
17.07. 10:00;19,728
17.07. 10:15;19,855
17.07. 10:30;20,023
17.07. 10:45;20,219
17.07. 11:00;20,416
17.07. 11:15;20,564
17.07. 11:30;20,613
17.07. 11:45;20,495
17.07. 12:00;20,17
17.07. 12:15;19,669
17.07. 12:30;19,059
17.07. 12:45;18,38
17.07. 13:00;17,692
17.07. 13:15;17,053
17.07. 13:30;16,531
17.07. 13:45;16,168
17.07. 14:00;16,03
17.07. 14:15;16,079
17.07. 14:30;16,266
17.07. 14:45;16,541
17.07. 15:00;16,866
17.07. 15:15;17,171
17.07. 15:30;17,426
17.07. 15:45;17,554
17.07. 16:00;17,525
17.07. 16:15;17,387
17.07. 16:30;17,22
17.07. 16:45;17,092
17.07. 17:00;17,033
17.07. 17:15;16,954
17.07. 17:30;16,738
17.07. 17:45;16,266
17.07. 18:00;15,45
17.07. 18:15;14,368
17.07. 18:30;13,158
17.07. 18:45;11,949
17.07. 19:00;10,828
17.07. 19:15;9,8835
17.07. 19:30;9,1656
17.07. 19:45;8,7329
17.07. 20:00;8,5952
17.07. 20:15;8,664
17.07. 20:30;8,8116
17.07. 20:45;8,9099
17.07. 21:00;8,8706
17.07. 21:15;8,7034
17.07. 21:30;8,487
17.07. 21:45;8,2707
17.07. 22:00;8,1035
17.07. 22:15;7,9855
17.07. 22:30;7,897
17.07. 22:45;7,8085
17.07. 23:00;7,7101
17.07. 23:15;7,5921
17.07. 23:30;7,4446
17.07. 23:45;7,2577
18.07. 00:00;7,0315
18.07. 00:15;6,7857
18.07. 00:30;6,5202
18.07. 00:45;6,2448
18.07. 01:00;5,9891
18.07. 01:15;5,7629
18.07. 01:30;5,5662
18.07. 01:45;5,4187
18.07. 02:00;5,3302
18.07. 02:15;5,281
18.07. 02:30;5,2515
18.07. 02:45;5,2417
18.07. 03:00;5,222
18.07. 03:15;5,2319
18.07. 03:30;5,3204
18.07. 03:45;5,5171
18.07. 04:00;5,8416
18.07. 04:15;6,2251
18.07. 04:30;6,6087
18.07. 04:45;6,8939
18.07. 05:00;7,0217
18.07. 05:15;7,0414
18.07. 05:30;7,002
18.07. 05:45;6,9824
18.07. 06:00;7,0315
18.07. 06:15;7,1889
18.07. 06:30;7,4643
18.07. 06:45;7,9068
18.07. 07:00;8,5165
18.07. 07:15;9,3524
18.07. 07:30;10,454
18.07. 07:45;11,85
18.07. 08:00;13,552
18.07. 08:15;15,371
18.07. 08:30;17,053
18.07. 08:45;18,38
18.07. 09:00;19,177
18.07. 09:15;19,541
18.07. 09:30;19,649
18.07. 09:45;19,669
18.07. 10:00;19,728
18.07. 10:15;19,855
18.07. 10:30;20,023
18.07. 10:45;20,219
18.07. 11:00;20,416
18.07. 11:15;20,564
18.07. 11:30;20,613
18.07. 11:45;20,495
18.07. 12:00;20,17
18.07. 12:15;19,669
18.07. 12:30;19,059
18.07. 12:45;18,38
18.07. 13:00;17,692
18.07. 13:15;17,053
18.07. 13:30;16,531
18.07. 13:45;16,168
18.07. 14:00;16,03
18.07. 14:15;16,079
18.07. 14:30;16,266
18.07. 14:45;16,541
18.07. 15:00;16,866
18.07. 15:15;17,171
18.07. 15:30;17,426
18.07. 15:45;17,554
18.07. 16:00;17,525
18.07. 16:15;17,387
18.07. 16:30;17,22
18.07. 16:45;17,092
18.07. 17:00;17,033
18.07. 17:15;16,954
18.07. 17:30;16,738
18.07. 17:45;16,266
18.07. 18:00;15,45
18.07. 18:15;14,368
18.07. 18:30;13,158
18.07. 18:45;11,949
18.07. 19:00;10,828
18.07. 19:15;9,8835
18.07. 19:30;9,1656
18.07. 19:45;8,7329
18.07. 20:00;8,5952
18.07. 20:15;8,664
18.07. 20:30;8,8116
18.07. 20:45;8,9099
18.07. 21:00;8,8706
18.07. 21:15;8,7034
18.07. 21:30;8,487
18.07. 21:45;8,2707
18.07. 22:00;8,1035
18.07. 22:15;7,9855
18.07. 22:30;7,897
18.07. 22:45;7,8085
18.07. 23:00;7,7101
18.07. 23:15;7,5921
18.07. 23:30;7,4446
18.07. 23:45;7,2577
19.07. 00:00;7,0315
19.07. 00:15;6,7857
19.07. 00:30;6,5202
19.07. 00:45;6,2448
19.07. 01:00;5,9891
19.07. 01:15;5,7629
19.07. 01:30;5,5662
19.07. 01:45;5,4187
19.07. 02:00;5,3302
19.07. 02:15;5,281
19.07. 02:30;5,2515
19.07. 02:45;5,2417
19.07. 03:00;5,222
19.07. 03:15;5,2319
19.07. 03:30;5,3204
19.07. 03:45;5,5171
19.07. 04:00;5,8416
19.07. 04:15;6,2251
19.07. 04:30;6,6087
19.07. 04:45;6,8939
19.07. 05:00;7,0217
19.07. 05:15;7,0414
19.07. 05:30;7,002
19.07. 05:45;6,9824
19.07. 06:00;7,0315
19.07. 06:15;7,1889
19.07. 06:30;7,4643
19.07. 06:45;7,9068
19.07. 07:00;8,5165
19.07. 07:15;9,3524
19.07. 07:30;10,454
19.07. 07:45;11,85
19.07. 08:00;13,552
19.07. 08:15;15,371
19.07. 08:30;17,053
19.07. 08:45;18,38
19.07. 09:00;19,177
19.07. 09:15;19,541
19.07. 09:30;19,649
19.07. 09:45;19,669
19.07. 10:00;19,728
19.07. 10:15;19,855
19.07. 10:30;20,023
19.07. 10:45;20,219
19.07. 11:00;20,416
19.07. 11:15;20,564
19.07. 11:30;20,613
19.07. 11:45;20,495
19.07. 12:00;20,17
19.07. 12:15;19,669
19.07. 12:30;19,059
19.07. 12:45;18,38
19.07. 13:00;17,692
19.07. 13:15;17,053
19.07. 13:30;16,531
19.07. 13:45;16,168
19.07. 14:00;16,03
19.07. 14:15;16,079
19.07. 14:30;16,266
19.07. 14:45;16,541
19.07. 15:00;16,866
19.07. 15:15;17,171
19.07. 15:30;17,426
19.07. 15:45;17,554
19.07. 16:00;17,525
19.07. 16:15;17,387
19.07. 16:30;17,22
19.07. 16:45;17,092
19.07. 17:00;17,033
19.07. 17:15;16,954
19.07. 17:30;16,738
19.07. 17:45;16,266
19.07. 18:00;15,45
19.07. 18:15;14,368
19.07. 18:30;13,158
19.07. 18:45;11,949
19.07. 19:00;10,828
19.07. 19:15;9,8835
19.07. 19:30;9,1656
19.07. 19:45;8,7329
19.07. 20:00;8,5952
19.07. 20:15;8,664
19.07. 20:30;8,8116
19.07. 20:45;8,9099
19.07. 21:00;8,8706
19.07. 21:15;8,7034
19.07. 21:30;8,487
19.07. 21:45;8,2707
19.07. 22:00;8,1035
19.07. 22:15;7,9855
19.07. 22:30;7,897
19.07. 22:45;7,8085
19.07. 23:00;7,7101
19.07. 23:15;7,5921
19.07. 23:30;7,4446
19.07. 23:45;7,2577
20.07. 00:00;7,3364
20.07. 00:15;7,4938
20.07. 00:30;7,6413
20.07. 00:45;7,7199
20.07. 01:00;7,6609
20.07. 01:15;7,5036
20.07. 01:30;7,2872
20.07. 01:45;7,0709
20.07. 02:00;6,9037
20.07. 02:15;6,7758
20.07. 02:30;6,6775
20.07. 02:45;6,6185
20.07. 03:00;6,5792
20.07. 03:15;6,5595
20.07. 03:30;6,5693
20.07. 03:45;6,6185
20.07. 04:00;6,6873
20.07. 04:15;6,7857
20.07. 04:30;6,884
20.07. 04:45;6,9824
20.07. 05:00;7,061
20.07. 05:15;7,1201
20.07. 05:30;7,1594
20.07. 05:45;7,1692
20.07. 06:00;7,1791
20.07. 06:15;7,2676
20.07. 06:30;7,5724
20.07. 06:45;8,1822
20.07. 07:00;9,1754
20.07. 07:15;10,444
20.07. 07:30;11,85
20.07. 07:45;13,227
20.07. 08:00;14,476
20.07. 08:15;15,519
20.07. 08:30;16,345
20.07. 08:45;16,905
20.07. 09:00;17,21
20.07. 09:15;17,318
20.07. 09:30;17,338
20.07. 09:45;17,367
20.07. 10:00;17,476
20.07. 10:15;17,643
20.07. 10:30;17,83
20.07. 10:45;18,007
20.07. 11:00;18,134
20.07. 11:15;18,213
20.07. 11:30;18,223
20.07. 11:45;18,193
20.07. 12:00;18,105
20.07. 12:15;17,938
20.07. 12:30;17,672
20.07. 12:45;17,279
20.07. 13:00;16,728
20.07. 13:15;16,04
20.07. 13:30;15,204
20.07. 13:45;14,24
20.07. 14:00;13,168
20.07. 14:15;12,067
20.07. 14:30;11,014
20.07. 14:45;10,11
20.07. 15:00;9,4114
20.07. 15:15;8,8902
20.07. 15:30;8,4969
20.07. 15:45;8,1822
20.07. 16:00;7,897
20.07. 16:15;7,6511
20.07. 16:30;7,4643
20.07. 16:45;7,3462
20.07. 17:00;7,3167
20.07. 17:15;7,3561
20.07. 17:30;7,4347
20.07. 17:45;7,5331
20.07. 18:00;7,6314
20.07. 18:15;7,7199
20.07. 18:30;7,779
20.07. 18:45;7,8085
20.07. 19:00;7,8085
20.07. 19:15;7,8085
20.07. 19:30;7,8281
20.07. 19:45;7,9068
20.07. 20:00;8,0543
20.07. 20:15;8,251
20.07. 20:30;8,428
20.07. 20:45;8,546
20.07. 21:00;8,5559
20.07. 21:15;8,487
20.07. 21:30;8,3493
20.07. 21:45;8,1822
20.07. 22:00;7,9953
20.07. 22:15;7,7986
20.07. 22:30;7,6118
20.07. 22:45;7,4446
20.07. 23:00;7,2872
20.07. 23:15;7,1496
20.07. 23:30;7,0119
20.07. 23:45;6,8939
21.07. 00:00;6,766
21.07. 00:15;6,6283
21.07. 00:30;6,4612
21.07. 00:45;6,2448
21.07. 01:00;5,9891
21.07. 01:15;5,7039
21.07. 01:30;5,4482
21.07. 01:45;5,2417
21.07. 02:00;5,1138
21.07. 02:15;5,0548
21.07. 02:30;5,0155
21.07. 02:45;4,9663
21.07. 03:00;4,8778
21.07. 03:15;4,7696
21.07. 03:30;4,6713
21.07. 03:45;4,5926
21.07. 04:00;4,5631
21.07. 04:15;4,573
21.07. 04:30;4,5828
21.07. 04:45;4,5926
21.07. 05:00;4,5828
21.07. 05:15;4,5533
21.07. 05:30;4,5238
21.07. 05:45;4,5041
21.07. 06:00;4,514
21.07. 06:15;4,5533
21.07. 06:30;4,6418
21.07. 06:45;4,7795
21.07. 07:00;4,9663
21.07. 07:15;5,1729
21.07. 07:30;5,34
21.07. 07:45;5,4187
21.07. 08:00;5,3892
21.07. 08:15;5,3007
21.07. 08:30;5,2319
21.07. 08:45;5,2417
21.07. 09:00;5,3794
21.07. 09:15;5,6252
21.07. 09:30;5,9006
21.07. 09:45;6,1563
21.07. 10:00;6,3431
21.07. 10:15;6,4808
21.07. 10:30;6,589
21.07. 10:45;6,707
21.07. 11:00;6,8545
21.07. 11:15;7,0217
21.07. 11:30;7,1987
21.07. 11:45;7,3462
21.07. 12:00;7,4741
21.07. 12:15;7,5724
21.07. 12:30;7,6511
21.07. 12:45;7,7199
21.07. 13:00;7,779
21.07. 13:15;7,8183
21.07. 13:30;7,7986
21.07. 13:45;7,7199
21.07. 14:00;7,5528
21.07. 14:15;7,3167
21.07. 14:30;7,061
21.07. 14:45;6,7955
21.07. 15:00;6,5693
21.07. 15:15;6,3726
21.07. 15:30;6,2055
21.07. 15:45;6,0678
21.07. 16:00;5,9399
21.07. 16:15;5,8711
21.07. 16:30;5,8711
21.07. 16:45;5,9694
21.07. 17:00;6,1956
21.07. 17:15;6,4907
21.07. 17:30;6,8054
21.07. 17:45;7,0709
21.07. 18:00;7,2676
21.07. 18:15;7,3856
21.07. 18:30;7,4741
21.07. 18:45;7,5331
21.07. 19:00;7,6019
21.07. 19:15;7,6904
21.07. 19:30;7,7888
21.07. 19:45;7,9068
21.07. 20:00;8,0248
21.07. 20:15;8,1527
21.07. 20:30;8,2412
21.07. 20:45;8,2707
21.07. 21:00;8,2313
21.07. 21:15;8,133
21.07. 21:30;7,9855
21.07. 21:45;7,8085
21.07. 22:00;7,6216
21.07. 22:15;7,4249
21.07. 22:30;7,2086
21.07. 22:45;6,9824
21.07. 23:00;6,7463
21.07. 23:15;6,53
21.07. 23:30;6,353
21.07. 23:45;6,2448
22.07. 00:00;7,0315
22.07. 00:15;6,7857
22.07. 00:30;6,5202
22.07. 00:45;6,2448
22.07. 01:00;5,9891
22.07. 01:15;5,7629
22.07. 01:30;5,5662
22.07. 01:45;5,4187
22.07. 02:00;5,3302
22.07. 02:15;5,281
22.07. 02:30;5,2515
22.07. 02:45;5,2417
22.07. 03:00;5,222
22.07. 03:15;5,2319
22.07. 03:30;5,3204
22.07. 03:45;5,5171
22.07. 04:00;5,8416
22.07. 04:15;6,2251
22.07. 04:30;6,6087
22.07. 04:45;6,8939
22.07. 05:00;7,0217
22.07. 05:15;7,0414
22.07. 05:30;7,002
22.07. 05:45;6,9824
22.07. 06:00;7,0315
22.07. 06:15;7,1889
22.07. 06:30;7,4643
22.07. 06:45;7,9068
22.07. 07:00;8,5165
22.07. 07:15;9,3524
22.07. 07:30;10,454
22.07. 07:45;11,85
22.07. 08:00;13,552
22.07. 08:15;15,371
22.07. 08:30;17,053
22.07. 08:45;18,38
22.07. 09:00;19,177
22.07. 09:15;19,541
22.07. 09:30;19,649
22.07. 09:45;19,669
22.07. 10:00;19,728
22.07. 10:15;19,855
22.07. 10:30;20,023
22.07. 10:45;20,219
22.07. 11:00;20,416
22.07. 11:15;20,564
22.07. 11:30;20,613
22.07. 11:45;20,495
22.07. 12:00;20,17
22.07. 12:15;19,669
22.07. 12:30;19,059
22.07. 12:45;18,38
22.07. 13:00;17,692
22.07. 13:15;17,053
22.07. 13:30;16,531
22.07. 13:45;16,168
22.07. 14:00;16,03
22.07. 14:15;16,079
22.07. 14:30;16,266
22.07. 14:45;16,541
22.07. 15:00;16,866
22.07. 15:15;17,171
22.07. 15:30;17,426
22.07. 15:45;17,554
22.07. 16:00;17,525
22.07. 16:15;17,387
22.07. 16:30;17,22
22.07. 16:45;17,092
22.07. 17:00;17,033
22.07. 17:15;16,954
22.07. 17:30;16,738
22.07. 17:45;16,266
22.07. 18:00;15,45
22.07. 18:15;14,368
22.07. 18:30;13,158
22.07. 18:45;11,949
22.07. 19:00;10,828
22.07. 19:15;9,8835
22.07. 19:30;9,1656
22.07. 19:45;8,7329
22.07. 20:00;8,5952
22.07. 20:15;8,664
22.07. 20:30;8,8116
22.07. 20:45;8,9099
22.07. 21:00;8,8706
22.07. 21:15;8,7034
22.07. 21:30;8,487
22.07. 21:45;8,2707
22.07. 22:00;8,1035
22.07. 22:15;7,9855
22.07. 22:30;7,897
22.07. 22:45;7,8085
22.07. 23:00;7,7101
22.07. 23:15;7,5921
22.07. 23:30;7,4446
22.07. 23:45;7,2577
23.07. 00:00;7,0315
23.07. 00:15;6,7857
23.07. 00:30;6,5202
23.07. 00:45;6,2448
23.07. 01:00;5,9891
23.07. 01:15;5,7629
23.07. 01:30;5,5662
23.07. 01:45;5,4187
23.07. 02:00;5,3302
23.07. 02:15;5,281
23.07. 02:30;5,2515
23.07. 02:45;5,2417
23.07. 03:00;5,222
23.07. 03:15;5,2319
23.07. 03:30;5,3204
23.07. 03:45;5,5171
23.07. 04:00;5,8416
23.07. 04:15;6,2251
23.07. 04:30;6,6087
23.07. 04:45;6,8939
23.07. 05:00;7,0217
23.07. 05:15;7,0414
23.07. 05:30;7,002
23.07. 05:45;6,9824
23.07. 06:00;7,0315
23.07. 06:15;7,1889
23.07. 06:30;7,4643
23.07. 06:45;7,9068
23.07. 07:00;8,5165
23.07. 07:15;9,3524
23.07. 07:30;10,454
23.07. 07:45;11,85
23.07. 08:00;13,552
23.07. 08:15;15,371
23.07. 08:30;17,053
23.07. 08:45;18,38
23.07. 09:00;19,177
23.07. 09:15;19,541
23.07. 09:30;19,649
23.07. 09:45;19,669
23.07. 10:00;19,728
23.07. 10:15;19,855
23.07. 10:30;20,023
23.07. 10:45;20,219
23.07. 11:00;20,416
23.07. 11:15;20,564
23.07. 11:30;20,613
23.07. 11:45;20,495
23.07. 12:00;20,17
23.07. 12:15;19,669
23.07. 12:30;19,059
23.07. 12:45;18,38
23.07. 13:00;17,692
23.07. 13:15;17,053
23.07. 13:30;16,531
23.07. 13:45;16,168
23.07. 14:00;16,03
23.07. 14:15;16,079
23.07. 14:30;16,266
23.07. 14:45;16,541
23.07. 15:00;16,866
23.07. 15:15;17,171
23.07. 15:30;17,426
23.07. 15:45;17,554
23.07. 16:00;17,525
23.07. 16:15;17,387
23.07. 16:30;17,22
23.07. 16:45;17,092
23.07. 17:00;17,033
23.07. 17:15;16,954
23.07. 17:30;16,738
23.07. 17:45;16,266
23.07. 18:00;15,45
23.07. 18:15;14,368
23.07. 18:30;13,158
23.07. 18:45;11,949
23.07. 19:00;10,828
23.07. 19:15;9,8835
23.07. 19:30;9,1656
23.07. 19:45;8,7329
23.07. 20:00;8,5952
23.07. 20:15;8,664
23.07. 20:30;8,8116
23.07. 20:45;8,9099
23.07. 21:00;8,8706
23.07. 21:15;8,7034
23.07. 21:30;8,487
23.07. 21:45;8,2707
23.07. 22:00;8,1035
23.07. 22:15;7,9855
23.07. 22:30;7,897
23.07. 22:45;7,8085
23.07. 23:00;7,7101
23.07. 23:15;7,5921
23.07. 23:30;7,4446
23.07. 23:45;7,2577
24.07. 00:00;7,0315
24.07. 00:15;6,7857
24.07. 00:30;6,5202
24.07. 00:45;6,2448
24.07. 01:00;5,9891
24.07. 01:15;5,7629
24.07. 01:30;5,5662
24.07. 01:45;5,4187
24.07. 02:00;5,3302
24.07. 02:15;5,281
24.07. 02:30;5,2515
24.07. 02:45;5,2417
24.07. 03:00;5,222
24.07. 03:15;5,2319
24.07. 03:30;5,3204
24.07. 03:45;5,5171
24.07. 04:00;5,8416
24.07. 04:15;6,2251
24.07. 04:30;6,6087
24.07. 04:45;6,8939
24.07. 05:00;7,0217
24.07. 05:15;7,0414
24.07. 05:30;7,002
24.07. 05:45;6,9824
24.07. 06:00;7,0315
24.07. 06:15;7,1889
24.07. 06:30;7,4643
24.07. 06:45;7,9068
24.07. 07:00;8,5165
24.07. 07:15;9,3524
24.07. 07:30;10,454
24.07. 07:45;11,85
24.07. 08:00;13,552
24.07. 08:15;15,371
24.07. 08:30;17,053
24.07. 08:45;18,38
24.07. 09:00;19,177
24.07. 09:15;19,541
24.07. 09:30;19,649
24.07. 09:45;19,669
24.07. 10:00;19,728
24.07. 10:15;19,855
24.07. 10:30;20,023
24.07. 10:45;20,219
24.07. 11:00;20,416
24.07. 11:15;20,564
24.07. 11:30;20,613
24.07. 11:45;20,495
24.07. 12:00;20,17
24.07. 12:15;19,669
24.07. 12:30;19,059
24.07. 12:45;18,38
24.07. 13:00;17,692
24.07. 13:15;17,053
24.07. 13:30;16,531
24.07. 13:45;16,168
24.07. 14:00;16,03
24.07. 14:15;16,079
24.07. 14:30;16,266
24.07. 14:45;16,541
24.07. 15:00;16,866
24.07. 15:15;17,171
24.07. 15:30;17,426
24.07. 15:45;17,554
24.07. 16:00;17,525
24.07. 16:15;17,387
24.07. 16:30;17,22
24.07. 16:45;17,092
24.07. 17:00;17,033
24.07. 17:15;16,954
24.07. 17:30;16,738
24.07. 17:45;16,266
24.07. 18:00;15,45
24.07. 18:15;14,368
24.07. 18:30;13,158
24.07. 18:45;11,949
24.07. 19:00;10,828
24.07. 19:15;9,8835
24.07. 19:30;9,1656
24.07. 19:45;8,7329
24.07. 20:00;8,5952
24.07. 20:15;8,664
24.07. 20:30;8,8116
24.07. 20:45;8,9099
24.07. 21:00;8,8706
24.07. 21:15;8,7034
24.07. 21:30;8,487
24.07. 21:45;8,2707
24.07. 22:00;8,1035
24.07. 22:15;7,9855
24.07. 22:30;7,897
24.07. 22:45;7,8085
24.07. 23:00;7,7101
24.07. 23:15;7,5921
24.07. 23:30;7,4446
24.07. 23:45;7,2577
25.07. 00:00;7,0315
25.07. 00:15;6,7857
25.07. 00:30;6,5202
25.07. 00:45;6,2448
25.07. 01:00;5,9891
25.07. 01:15;5,7629
25.07. 01:30;5,5662
25.07. 01:45;5,4187
25.07. 02:00;5,3302
25.07. 02:15;5,281
25.07. 02:30;5,2515
25.07. 02:45;5,2417
25.07. 03:00;5,222
25.07. 03:15;5,2319
25.07. 03:30;5,3204
25.07. 03:45;5,5171
25.07. 04:00;5,8416
25.07. 04:15;6,2251
25.07. 04:30;6,6087
25.07. 04:45;6,8939
25.07. 05:00;7,0217
25.07. 05:15;7,0414
25.07. 05:30;7,002
25.07. 05:45;6,9824
25.07. 06:00;7,0315
25.07. 06:15;7,1889
25.07. 06:30;7,4643
25.07. 06:45;7,9068
25.07. 07:00;8,5165
25.07. 07:15;9,3524
25.07. 07:30;10,454
25.07. 07:45;11,85
25.07. 08:00;13,552
25.07. 08:15;15,371
25.07. 08:30;17,053
25.07. 08:45;18,38
25.07. 09:00;19,177
25.07. 09:15;19,541
25.07. 09:30;19,649
25.07. 09:45;19,669
25.07. 10:00;19,728
25.07. 10:15;19,855
25.07. 10:30;20,023
25.07. 10:45;20,219
25.07. 11:00;20,416
25.07. 11:15;20,564
25.07. 11:30;20,613
25.07. 11:45;20,495
25.07. 12:00;20,17
25.07. 12:15;19,669
25.07. 12:30;19,059
25.07. 12:45;18,38
25.07. 13:00;17,692
25.07. 13:15;17,053
25.07. 13:30;16,531
25.07. 13:45;16,168
25.07. 14:00;16,03
25.07. 14:15;16,079
25.07. 14:30;16,266
25.07. 14:45;16,541
25.07. 15:00;16,866
25.07. 15:15;17,171
25.07. 15:30;17,426
25.07. 15:45;17,554
25.07. 16:00;17,525
25.07. 16:15;17,387
25.07. 16:30;17,22
25.07. 16:45;17,092
25.07. 17:00;17,033
25.07. 17:15;16,954
25.07. 17:30;16,738
25.07. 17:45;16,266
25.07. 18:00;15,45
25.07. 18:15;14,368
25.07. 18:30;13,158
25.07. 18:45;11,949
25.07. 19:00;10,828
25.07. 19:15;9,8835
25.07. 19:30;9,1656
25.07. 19:45;8,7329
25.07. 20:00;8,5952
25.07. 20:15;8,664
25.07. 20:30;8,8116
25.07. 20:45;8,9099
25.07. 21:00;8,8706
25.07. 21:15;8,7034
25.07. 21:30;8,487
25.07. 21:45;8,2707
25.07. 22:00;8,1035
25.07. 22:15;7,9855
25.07. 22:30;7,897
25.07. 22:45;7,8085
25.07. 23:00;7,7101
25.07. 23:15;7,5921
25.07. 23:30;7,4446
25.07. 23:45;7,2577
26.07. 00:00;7,0315
26.07. 00:15;6,7857
26.07. 00:30;6,5202
26.07. 00:45;6,2448
26.07. 01:00;5,9891
26.07. 01:15;5,7629
26.07. 01:30;5,5662
26.07. 01:45;5,4187
26.07. 02:00;5,3302
26.07. 02:15;5,281
26.07. 02:30;5,2515
26.07. 02:45;5,2417
26.07. 03:00;5,222
26.07. 03:15;5,2319
26.07. 03:30;5,3204
26.07. 03:45;5,5171
26.07. 04:00;5,8416
26.07. 04:15;6,2251
26.07. 04:30;6,6087
26.07. 04:45;6,8939
26.07. 05:00;7,0217
26.07. 05:15;7,0414
26.07. 05:30;7,002
26.07. 05:45;6,9824
26.07. 06:00;7,0315
26.07. 06:15;7,1889
26.07. 06:30;7,4643
26.07. 06:45;7,9068
26.07. 07:00;8,5165
26.07. 07:15;9,3524
26.07. 07:30;10,454
26.07. 07:45;11,85
26.07. 08:00;13,552
26.07. 08:15;15,371
26.07. 08:30;17,053
26.07. 08:45;18,38
26.07. 09:00;19,177
26.07. 09:15;19,541
26.07. 09:30;19,649
26.07. 09:45;19,669
26.07. 10:00;19,728
26.07. 10:15;19,855
26.07. 10:30;20,023
26.07. 10:45;20,219
26.07. 11:00;20,416
26.07. 11:15;20,564
26.07. 11:30;20,613
26.07. 11:45;20,495
26.07. 12:00;20,17
26.07. 12:15;19,669
26.07. 12:30;19,059
26.07. 12:45;18,38
26.07. 13:00;17,692
26.07. 13:15;17,053
26.07. 13:30;16,531
26.07. 13:45;16,168
26.07. 14:00;16,03
26.07. 14:15;16,079
26.07. 14:30;16,266
26.07. 14:45;16,541
26.07. 15:00;16,866
26.07. 15:15;17,171
26.07. 15:30;17,426
26.07. 15:45;17,554
26.07. 16:00;17,525
26.07. 16:15;17,387
26.07. 16:30;17,22
26.07. 16:45;17,092
26.07. 17:00;17,033
26.07. 17:15;16,954
26.07. 17:30;16,738
26.07. 17:45;16,266
26.07. 18:00;15,45
26.07. 18:15;14,368
26.07. 18:30;13,158
26.07. 18:45;11,949
26.07. 19:00;10,828
26.07. 19:15;9,8835
26.07. 19:30;9,1656
26.07. 19:45;8,7329
26.07. 20:00;8,5952
26.07. 20:15;8,664
26.07. 20:30;8,8116
26.07. 20:45;8,9099
26.07. 21:00;8,8706
26.07. 21:15;8,7034
26.07. 21:30;8,487
26.07. 21:45;8,2707
26.07. 22:00;8,1035
26.07. 22:15;7,9855
26.07. 22:30;7,897
26.07. 22:45;7,8085
26.07. 23:00;7,7101
26.07. 23:15;7,5921
26.07. 23:30;7,4446
26.07. 23:45;7,2577
27.07. 00:00;7,3364
27.07. 00:15;7,4938
27.07. 00:30;7,6413
27.07. 00:45;7,7199
27.07. 01:00;7,6609
27.07. 01:15;7,5036
27.07. 01:30;7,2872
27.07. 01:45;7,0709
27.07. 02:00;6,9037
27.07. 02:15;6,7758
27.07. 02:30;6,6775
27.07. 02:45;6,6185
27.07. 03:00;6,5792
27.07. 03:15;6,5595
27.07. 03:30;6,5693
27.07. 03:45;6,6185
27.07. 04:00;6,6873
27.07. 04:15;6,7857
27.07. 04:30;6,884
27.07. 04:45;6,9824
27.07. 05:00;7,061
27.07. 05:15;7,1201
27.07. 05:30;7,1594
27.07. 05:45;7,1692
27.07. 06:00;7,1791
27.07. 06:15;7,2676
27.07. 06:30;7,5724
27.07. 06:45;8,1822
27.07. 07:00;9,1754
27.07. 07:15;10,444
27.07. 07:30;11,85
27.07. 07:45;13,227
27.07. 08:00;14,476
27.07. 08:15;15,519
27.07. 08:30;16,345
27.07. 08:45;16,905
27.07. 09:00;17,21
27.07. 09:15;17,318
27.07. 09:30;17,338
27.07. 09:45;17,367
27.07. 10:00;17,476
27.07. 10:15;17,643
27.07. 10:30;17,83
27.07. 10:45;18,007
27.07. 11:00;18,134
27.07. 11:15;18,213
27.07. 11:30;18,223
27.07. 11:45;18,193
27.07. 12:00;18,105
27.07. 12:15;17,938
27.07. 12:30;17,672
27.07. 12:45;17,279
27.07. 13:00;16,728
27.07. 13:15;16,04
27.07. 13:30;15,204
27.07. 13:45;14,24
27.07. 14:00;13,168
27.07. 14:15;12,067
27.07. 14:30;11,014
27.07. 14:45;10,11
27.07. 15:00;9,4114
27.07. 15:15;8,8902
27.07. 15:30;8,4969
27.07. 15:45;8,1822
27.07. 16:00;7,897
27.07. 16:15;7,6511
27.07. 16:30;7,4643
27.07. 16:45;7,3462
27.07. 17:00;7,3167
27.07. 17:15;7,3561
27.07. 17:30;7,4347
27.07. 17:45;7,5331
27.07. 18:00;7,6314
27.07. 18:15;7,7199
27.07. 18:30;7,779
27.07. 18:45;7,8085
27.07. 19:00;7,8085
27.07. 19:15;7,8085
27.07. 19:30;7,8281
27.07. 19:45;7,9068
27.07. 20:00;8,0543
27.07. 20:15;8,251
27.07. 20:30;8,428
27.07. 20:45;8,546
27.07. 21:00;8,5559
27.07. 21:15;8,487
27.07. 21:30;8,3493
27.07. 21:45;8,1822
27.07. 22:00;7,9953
27.07. 22:15;7,7986
27.07. 22:30;7,6118
27.07. 22:45;7,4446
27.07. 23:00;7,2872
27.07. 23:15;7,1496
27.07. 23:30;7,0119
27.07. 23:45;6,8939
28.07. 00:00;6,766
28.07. 00:15;6,6283
28.07. 00:30;6,4612
28.07. 00:45;6,2448
28.07. 01:00;5,9891
28.07. 01:15;5,7039
28.07. 01:30;5,4482
28.07. 01:45;5,2417
28.07. 02:00;5,1138
28.07. 02:15;5,0548
28.07. 02:30;5,0155
28.07. 02:45;4,9663
28.07. 03:00;4,8778
28.07. 03:15;4,7696
28.07. 03:30;4,6713
28.07. 03:45;4,5926
28.07. 04:00;4,5631
28.07. 04:15;4,573
28.07. 04:30;4,5828
28.07. 04:45;4,5926
28.07. 05:00;4,5828
28.07. 05:15;4,5533
28.07. 05:30;4,5238
28.07. 05:45;4,5041
28.07. 06:00;4,514
28.07. 06:15;4,5533
28.07. 06:30;4,6418
28.07. 06:45;4,7795
28.07. 07:00;4,9663
28.07. 07:15;5,1729
28.07. 07:30;5,34
28.07. 07:45;5,4187
28.07. 08:00;5,3892
28.07. 08:15;5,3007
28.07. 08:30;5,2319
28.07. 08:45;5,2417
28.07. 09:00;5,3794
28.07. 09:15;5,6252
28.07. 09:30;5,9006
28.07. 09:45;6,1563
28.07. 10:00;6,3431
28.07. 10:15;6,4808
28.07. 10:30;6,589
28.07. 10:45;6,707
28.07. 11:00;6,8545
28.07. 11:15;7,0217
28.07. 11:30;7,1987
28.07. 11:45;7,3462
28.07. 12:00;7,4741
28.07. 12:15;7,5724
28.07. 12:30;7,6511
28.07. 12:45;7,7199
28.07. 13:00;7,779
28.07. 13:15;7,8183
28.07. 13:30;7,7986
28.07. 13:45;7,7199
28.07. 14:00;7,5528
28.07. 14:15;7,3167
28.07. 14:30;7,061
28.07. 14:45;6,7955
28.07. 15:00;6,5693
28.07. 15:15;6,3726
28.07. 15:30;6,2055
28.07. 15:45;6,0678
28.07. 16:00;5,9399
28.07. 16:15;5,8711
28.07. 16:30;5,8711
28.07. 16:45;5,9694
28.07. 17:00;6,1956
28.07. 17:15;6,4907
28.07. 17:30;6,8054
28.07. 17:45;7,0709
28.07. 18:00;7,2676
28.07. 18:15;7,3856
28.07. 18:30;7,4741
28.07. 18:45;7,5331
28.07. 19:00;7,6019
28.07. 19:15;7,6904
28.07. 19:30;7,7888
28.07. 19:45;7,9068
28.07. 20:00;8,0248
28.07. 20:15;8,1527
28.07. 20:30;8,2412
28.07. 20:45;8,2707
28.07. 21:00;8,2313
28.07. 21:15;8,133
28.07. 21:30;7,9855
28.07. 21:45;7,8085
28.07. 22:00;7,6216
28.07. 22:15;7,4249
28.07. 22:30;7,2086
28.07. 22:45;6,9824
28.07. 23:00;6,7463
28.07. 23:15;6,53
28.07. 23:30;6,353
28.07. 23:45;6,2448
29.07. 00:00;7,0315
29.07. 00:15;6,7857
29.07. 00:30;6,5202
29.07. 00:45;6,2448
29.07. 01:00;5,9891
29.07. 01:15;5,7629
29.07. 01:30;5,5662
29.07. 01:45;5,4187
29.07. 02:00;5,3302
29.07. 02:15;5,281
29.07. 02:30;5,2515
29.07. 02:45;5,2417
29.07. 03:00;5,222
29.07. 03:15;5,2319
29.07. 03:30;5,3204
29.07. 03:45;5,5171
29.07. 04:00;5,8416
29.07. 04:15;6,2251
29.07. 04:30;6,6087
29.07. 04:45;6,8939
29.07. 05:00;7,0217
29.07. 05:15;7,0414
29.07. 05:30;7,002
29.07. 05:45;6,9824
29.07. 06:00;7,0315
29.07. 06:15;7,1889
29.07. 06:30;7,4643
29.07. 06:45;7,9068
29.07. 07:00;8,5165
29.07. 07:15;9,3524
29.07. 07:30;10,454
29.07. 07:45;11,85
29.07. 08:00;13,552
29.07. 08:15;15,371
29.07. 08:30;17,053
29.07. 08:45;18,38
29.07. 09:00;19,177
29.07. 09:15;19,541
29.07. 09:30;19,649
29.07. 09:45;19,669
29.07. 10:00;19,728
29.07. 10:15;19,855
29.07. 10:30;20,023
29.07. 10:45;20,219
29.07. 11:00;20,416
29.07. 11:15;20,564
29.07. 11:30;20,613
29.07. 11:45;20,495
29.07. 12:00;20,17
29.07. 12:15;19,669
29.07. 12:30;19,059
29.07. 12:45;18,38
29.07. 13:00;17,692
29.07. 13:15;17,053
29.07. 13:30;16,531
29.07. 13:45;16,168
29.07. 14:00;16,03
29.07. 14:15;16,079
29.07. 14:30;16,266
29.07. 14:45;16,541
29.07. 15:00;16,866
29.07. 15:15;17,171
29.07. 15:30;17,426
29.07. 15:45;17,554
29.07. 16:00;17,525
29.07. 16:15;17,387
29.07. 16:30;17,22
29.07. 16:45;17,092
29.07. 17:00;17,033
29.07. 17:15;16,954
29.07. 17:30;16,738
29.07. 17:45;16,266
29.07. 18:00;15,45
29.07. 18:15;14,368
29.07. 18:30;13,158
29.07. 18:45;11,949
29.07. 19:00;10,828
29.07. 19:15;9,8835
29.07. 19:30;9,1656
29.07. 19:45;8,7329
29.07. 20:00;8,5952
29.07. 20:15;8,664
29.07. 20:30;8,8116
29.07. 20:45;8,9099
29.07. 21:00;8,8706
29.07. 21:15;8,7034
29.07. 21:30;8,487
29.07. 21:45;8,2707
29.07. 22:00;8,1035
29.07. 22:15;7,9855
29.07. 22:30;7,897
29.07. 22:45;7,8085
29.07. 23:00;7,7101
29.07. 23:15;7,5921
29.07. 23:30;7,4446
29.07. 23:45;7,2577
30.07. 00:00;7,0315
30.07. 00:15;6,7857
30.07. 00:30;6,5202
30.07. 00:45;6,2448
30.07. 01:00;5,9891
30.07. 01:15;5,7629
30.07. 01:30;5,5662
30.07. 01:45;5,4187
30.07. 02:00;5,3302
30.07. 02:15;5,281
30.07. 02:30;5,2515
30.07. 02:45;5,2417
30.07. 03:00;5,222
30.07. 03:15;5,2319
30.07. 03:30;5,3204
30.07. 03:45;5,5171
30.07. 04:00;5,8416
30.07. 04:15;6,2251
30.07. 04:30;6,6087
30.07. 04:45;6,8939
30.07. 05:00;7,0217
30.07. 05:15;7,0414
30.07. 05:30;7,002
30.07. 05:45;6,9824
30.07. 06:00;7,0315
30.07. 06:15;7,1889
30.07. 06:30;7,4643
30.07. 06:45;7,9068
30.07. 07:00;8,5165
30.07. 07:15;9,3524
30.07. 07:30;10,454
30.07. 07:45;11,85
30.07. 08:00;13,552
30.07. 08:15;15,371
30.07. 08:30;17,053
30.07. 08:45;18,38
30.07. 09:00;19,177
30.07. 09:15;19,541
30.07. 09:30;19,649
30.07. 09:45;19,669
30.07. 10:00;19,728
30.07. 10:15;19,855
30.07. 10:30;20,023
30.07. 10:45;20,219
30.07. 11:00;20,416
30.07. 11:15;20,564
30.07. 11:30;20,613
30.07. 11:45;20,495
30.07. 12:00;20,17
30.07. 12:15;19,669
30.07. 12:30;19,059
30.07. 12:45;18,38
30.07. 13:00;17,692
30.07. 13:15;17,053
30.07. 13:30;16,531
30.07. 13:45;16,168
30.07. 14:00;16,03
30.07. 14:15;16,079
30.07. 14:30;16,266
30.07. 14:45;16,541
30.07. 15:00;16,866
30.07. 15:15;17,171
30.07. 15:30;17,426
30.07. 15:45;17,554
30.07. 16:00;17,525
30.07. 16:15;17,387
30.07. 16:30;17,22
30.07. 16:45;17,092
30.07. 17:00;17,033
30.07. 17:15;16,954
30.07. 17:30;16,738
30.07. 17:45;16,266
30.07. 18:00;15,45
30.07. 18:15;14,368
30.07. 18:30;13,158
30.07. 18:45;11,949
30.07. 19:00;10,828
30.07. 19:15;9,8835
30.07. 19:30;9,1656
30.07. 19:45;8,7329
30.07. 20:00;8,5952
30.07. 20:15;8,664
30.07. 20:30;8,8116
30.07. 20:45;8,9099
30.07. 21:00;8,8706
30.07. 21:15;8,7034
30.07. 21:30;8,487
30.07. 21:45;8,2707
30.07. 22:00;8,1035
30.07. 22:15;7,9855
30.07. 22:30;7,897
30.07. 22:45;7,8085
30.07. 23:00;7,7101
30.07. 23:15;7,5921
30.07. 23:30;7,4446
30.07. 23:45;7,2577
31.07. 00:00;7,0315
31.07. 00:15;6,7857
31.07. 00:30;6,5202
31.07. 00:45;6,2448
31.07. 01:00;5,9891
31.07. 01:15;5,7629
31.07. 01:30;5,5662
31.07. 01:45;5,4187
31.07. 02:00;5,3302
31.07. 02:15;5,281
31.07. 02:30;5,2515
31.07. 02:45;5,2417
31.07. 03:00;5,222
31.07. 03:15;5,2319
31.07. 03:30;5,3204
31.07. 03:45;5,5171
31.07. 04:00;5,8416
31.07. 04:15;6,2251
31.07. 04:30;6,6087
31.07. 04:45;6,8939
31.07. 05:00;7,0217
31.07. 05:15;7,0414
31.07. 05:30;7,002
31.07. 05:45;6,9824
31.07. 06:00;7,0315
31.07. 06:15;7,1889
31.07. 06:30;7,4643
31.07. 06:45;7,9068
31.07. 07:00;8,5165
31.07. 07:15;9,3524
31.07. 07:30;10,454
31.07. 07:45;11,85
31.07. 08:00;13,552
31.07. 08:15;15,371
31.07. 08:30;17,053
31.07. 08:45;18,38
31.07. 09:00;19,177
31.07. 09:15;19,541
31.07. 09:30;19,649
31.07. 09:45;19,669
31.07. 10:00;19,728
31.07. 10:15;19,855
31.07. 10:30;20,023
31.07. 10:45;20,219
31.07. 11:00;20,416
31.07. 11:15;20,564
31.07. 11:30;20,613
31.07. 11:45;20,495
31.07. 12:00;20,17
31.07. 12:15;19,669
31.07. 12:30;19,059
31.07. 12:45;18,38
31.07. 13:00;17,692
31.07. 13:15;17,053
31.07. 13:30;16,531
31.07. 13:45;16,168
31.07. 14:00;16,03
31.07. 14:15;16,079
31.07. 14:30;16,266
31.07. 14:45;16,541
31.07. 15:00;16,866
31.07. 15:15;17,171
31.07. 15:30;17,426
31.07. 15:45;17,554
31.07. 16:00;17,525
31.07. 16:15;17,387
31.07. 16:30;17,22
31.07. 16:45;17,092
31.07. 17:00;17,033
31.07. 17:15;16,954
31.07. 17:30;16,738
31.07. 17:45;16,266
31.07. 18:00;15,45
31.07. 18:15;14,368
31.07. 18:30;13,158
31.07. 18:45;11,949
31.07. 19:00;10,828
31.07. 19:15;9,8835
31.07. 19:30;9,1656
31.07. 19:45;8,7329
31.07. 20:00;8,5952
31.07. 20:15;8,664
31.07. 20:30;8,8116
31.07. 20:45;8,9099
31.07. 21:00;8,8706
31.07. 21:15;8,7034
31.07. 21:30;8,487
31.07. 21:45;8,2707
31.07. 22:00;8,1035
31.07. 22:15;7,9855
31.07. 22:30;7,897
31.07. 22:45;7,8085
31.07. 23:00;7,7101
31.07. 23:15;7,5921
31.07. 23:30;7,4446
31.07. 23:45;7,2577
01.08. 00:00;7,0315
01.08. 00:15;6,7857
01.08. 00:30;6,5202
01.08. 00:45;6,2448
01.08. 01:00;5,9891
01.08. 01:15;5,7629
01.08. 01:30;5,5662
01.08. 01:45;5,4187
01.08. 02:00;5,3302
01.08. 02:15;5,281
01.08. 02:30;5,2515
01.08. 02:45;5,2417
01.08. 03:00;5,222
01.08. 03:15;5,2319
01.08. 03:30;5,3204
01.08. 03:45;5,5171
01.08. 04:00;5,8416
01.08. 04:15;6,2251
01.08. 04:30;6,6087
01.08. 04:45;6,8939
01.08. 05:00;7,0217
01.08. 05:15;7,0414
01.08. 05:30;7,002
01.08. 05:45;6,9824
01.08. 06:00;7,0315
01.08. 06:15;7,1889
01.08. 06:30;7,4643
01.08. 06:45;7,9068
01.08. 07:00;8,5165
01.08. 07:15;9,3524
01.08. 07:30;10,454
01.08. 07:45;11,85
01.08. 08:00;13,552
01.08. 08:15;15,371
01.08. 08:30;17,053
01.08. 08:45;18,38
01.08. 09:00;19,177
01.08. 09:15;19,541
01.08. 09:30;19,649
01.08. 09:45;19,669
01.08. 10:00;19,728
01.08. 10:15;19,855
01.08. 10:30;20,023
01.08. 10:45;20,219
01.08. 11:00;20,416
01.08. 11:15;20,564
01.08. 11:30;20,613
01.08. 11:45;20,495
01.08. 12:00;20,17
01.08. 12:15;19,669
01.08. 12:30;19,059
01.08. 12:45;18,38
01.08. 13:00;17,692
01.08. 13:15;17,053
01.08. 13:30;16,531
01.08. 13:45;16,168
01.08. 14:00;16,03
01.08. 14:15;16,079
01.08. 14:30;16,266
01.08. 14:45;16,541
01.08. 15:00;16,866
01.08. 15:15;17,171
01.08. 15:30;17,426
01.08. 15:45;17,554
01.08. 16:00;17,525
01.08. 16:15;17,387
01.08. 16:30;17,22
01.08. 16:45;17,092
01.08. 17:00;17,033
01.08. 17:15;16,954
01.08. 17:30;16,738
01.08. 17:45;16,266
01.08. 18:00;15,45
01.08. 18:15;14,368
01.08. 18:30;13,158
01.08. 18:45;11,949
01.08. 19:00;10,828
01.08. 19:15;9,8835
01.08. 19:30;9,1656
01.08. 19:45;8,7329
01.08. 20:00;8,5952
01.08. 20:15;8,664
01.08. 20:30;8,8116
01.08. 20:45;8,9099
01.08. 21:00;8,8706
01.08. 21:15;8,7034
01.08. 21:30;8,487
01.08. 21:45;8,2707
01.08. 22:00;8,1035
01.08. 22:15;7,9855
01.08. 22:30;7,897
01.08. 22:45;7,8085
01.08. 23:00;7,7101
01.08. 23:15;7,5921
01.08. 23:30;7,4446
01.08. 23:45;7,2577
02.08. 00:00;7,0315
02.08. 00:15;6,7857
02.08. 00:30;6,5202
02.08. 00:45;6,2448
02.08. 01:00;5,9891
02.08. 01:15;5,7629
02.08. 01:30;5,5662
02.08. 01:45;5,4187
02.08. 02:00;5,3302
02.08. 02:15;5,281
02.08. 02:30;5,2515
02.08. 02:45;5,2417
02.08. 03:00;5,222
02.08. 03:15;5,2319
02.08. 03:30;5,3204
02.08. 03:45;5,5171
02.08. 04:00;5,8416
02.08. 04:15;6,2251
02.08. 04:30;6,6087
02.08. 04:45;6,8939
02.08. 05:00;7,0217
02.08. 05:15;7,0414
02.08. 05:30;7,002
02.08. 05:45;6,9824
02.08. 06:00;7,0315
02.08. 06:15;7,1889
02.08. 06:30;7,4643
02.08. 06:45;7,9068
02.08. 07:00;8,5165
02.08. 07:15;9,3524
02.08. 07:30;10,454
02.08. 07:45;11,85
02.08. 08:00;13,552
02.08. 08:15;15,371
02.08. 08:30;17,053
02.08. 08:45;18,38
02.08. 09:00;19,177
02.08. 09:15;19,541
02.08. 09:30;19,649
02.08. 09:45;19,669
02.08. 10:00;19,728
02.08. 10:15;19,855
02.08. 10:30;20,023
02.08. 10:45;20,219
02.08. 11:00;20,416
02.08. 11:15;20,564
02.08. 11:30;20,613
02.08. 11:45;20,495
02.08. 12:00;20,17
02.08. 12:15;19,669
02.08. 12:30;19,059
02.08. 12:45;18,38
02.08. 13:00;17,692
02.08. 13:15;17,053
02.08. 13:30;16,531
02.08. 13:45;16,168
02.08. 14:00;16,03
02.08. 14:15;16,079
02.08. 14:30;16,266
02.08. 14:45;16,541
02.08. 15:00;16,866
02.08. 15:15;17,171
02.08. 15:30;17,426
02.08. 15:45;17,554
02.08. 16:00;17,525
02.08. 16:15;17,387
02.08. 16:30;17,22
02.08. 16:45;17,092
02.08. 17:00;17,033
02.08. 17:15;16,954
02.08. 17:30;16,738
02.08. 17:45;16,266
02.08. 18:00;15,45
02.08. 18:15;14,368
02.08. 18:30;13,158
02.08. 18:45;11,949
02.08. 19:00;10,828
02.08. 19:15;9,8835
02.08. 19:30;9,1656
02.08. 19:45;8,7329
02.08. 20:00;8,5952
02.08. 20:15;8,664
02.08. 20:30;8,8116
02.08. 20:45;8,9099
02.08. 21:00;8,8706
02.08. 21:15;8,7034
02.08. 21:30;8,487
02.08. 21:45;8,2707
02.08. 22:00;8,1035
02.08. 22:15;7,9855
02.08. 22:30;7,897
02.08. 22:45;7,8085
02.08. 23:00;7,7101
02.08. 23:15;7,5921
02.08. 23:30;7,4446
02.08. 23:45;7,2577
03.08. 00:00;7,3364
03.08. 00:15;7,4938
03.08. 00:30;7,6413
03.08. 00:45;7,7199
03.08. 01:00;7,6609
03.08. 01:15;7,5036
03.08. 01:30;7,2872
03.08. 01:45;7,0709
03.08. 02:00;6,9037
03.08. 02:15;6,7758
03.08. 02:30;6,6775
03.08. 02:45;6,6185
03.08. 03:00;6,5792
03.08. 03:15;6,5595
03.08. 03:30;6,5693
03.08. 03:45;6,6185
03.08. 04:00;6,6873
03.08. 04:15;6,7857
03.08. 04:30;6,884
03.08. 04:45;6,9824
03.08. 05:00;7,061
03.08. 05:15;7,1201
03.08. 05:30;7,1594
03.08. 05:45;7,1692
03.08. 06:00;7,1791
03.08. 06:15;7,2676
03.08. 06:30;7,5724
03.08. 06:45;8,1822
03.08. 07:00;9,1754
03.08. 07:15;10,444
03.08. 07:30;11,85
03.08. 07:45;13,227
03.08. 08:00;14,476
03.08. 08:15;15,519
03.08. 08:30;16,345
03.08. 08:45;16,905
03.08. 09:00;17,21
03.08. 09:15;17,318
03.08. 09:30;17,338
03.08. 09:45;17,367
03.08. 10:00;17,476
03.08. 10:15;17,643
03.08. 10:30;17,83
03.08. 10:45;18,007
03.08. 11:00;18,134
03.08. 11:15;18,213
03.08. 11:30;18,223
03.08. 11:45;18,193
03.08. 12:00;18,105
03.08. 12:15;17,938
03.08. 12:30;17,672
03.08. 12:45;17,279
03.08. 13:00;16,728
03.08. 13:15;16,04
03.08. 13:30;15,204
03.08. 13:45;14,24
03.08. 14:00;13,168
03.08. 14:15;12,067
03.08. 14:30;11,014
03.08. 14:45;10,11
03.08. 15:00;9,4114
03.08. 15:15;8,8902
03.08. 15:30;8,4969
03.08. 15:45;8,1822
03.08. 16:00;7,897
03.08. 16:15;7,6511
03.08. 16:30;7,4643
03.08. 16:45;7,3462
03.08. 17:00;7,3167
03.08. 17:15;7,3561
03.08. 17:30;7,4347
03.08. 17:45;7,5331
03.08. 18:00;7,6314
03.08. 18:15;7,7199
03.08. 18:30;7,779
03.08. 18:45;7,8085
03.08. 19:00;7,8085
03.08. 19:15;7,8085
03.08. 19:30;7,8281
03.08. 19:45;7,9068
03.08. 20:00;8,0543
03.08. 20:15;8,251
03.08. 20:30;8,428
03.08. 20:45;8,546
03.08. 21:00;8,5559
03.08. 21:15;8,487
03.08. 21:30;8,3493
03.08. 21:45;8,1822
03.08. 22:00;7,9953
03.08. 22:15;7,7986
03.08. 22:30;7,6118
03.08. 22:45;7,4446
03.08. 23:00;7,2872
03.08. 23:15;7,1496
03.08. 23:30;7,0119
03.08. 23:45;6,8939
04.08. 00:00;6,766
04.08. 00:15;6,6283
04.08. 00:30;6,4612
04.08. 00:45;6,2448
04.08. 01:00;5,9891
04.08. 01:15;5,7039
04.08. 01:30;5,4482
04.08. 01:45;5,2417
04.08. 02:00;5,1138
04.08. 02:15;5,0548
04.08. 02:30;5,0155
04.08. 02:45;4,9663
04.08. 03:00;4,8778
04.08. 03:15;4,7696
04.08. 03:30;4,6713
04.08. 03:45;4,5926
04.08. 04:00;4,5631
04.08. 04:15;4,573
04.08. 04:30;4,5828
04.08. 04:45;4,5926
04.08. 05:00;4,5828
04.08. 05:15;4,5533
04.08. 05:30;4,5238
04.08. 05:45;4,5041
04.08. 06:00;4,514
04.08. 06:15;4,5533
04.08. 06:30;4,6418
04.08. 06:45;4,7795
04.08. 07:00;4,9663
04.08. 07:15;5,1729
04.08. 07:30;5,34
04.08. 07:45;5,4187
04.08. 08:00;5,3892
04.08. 08:15;5,3007
04.08. 08:30;5,2319
04.08. 08:45;5,2417
04.08. 09:00;5,3794
04.08. 09:15;5,6252
04.08. 09:30;5,9006
04.08. 09:45;6,1563
04.08. 10:00;6,3431
04.08. 10:15;6,4808
04.08. 10:30;6,589
04.08. 10:45;6,707
04.08. 11:00;6,8545
04.08. 11:15;7,0217
04.08. 11:30;7,1987
04.08. 11:45;7,3462
04.08. 12:00;7,4741
04.08. 12:15;7,5724
04.08. 12:30;7,6511
04.08. 12:45;7,7199
04.08. 13:00;7,779
04.08. 13:15;7,8183
04.08. 13:30;7,7986
04.08. 13:45;7,7199
04.08. 14:00;7,5528
04.08. 14:15;7,3167
04.08. 14:30;7,061
04.08. 14:45;6,7955
04.08. 15:00;6,5693
04.08. 15:15;6,3726
04.08. 15:30;6,2055
04.08. 15:45;6,0678
04.08. 16:00;5,9399
04.08. 16:15;5,8711
04.08. 16:30;5,8711
04.08. 16:45;5,9694
04.08. 17:00;6,1956
04.08. 17:15;6,4907
04.08. 17:30;6,8054
04.08. 17:45;7,0709
04.08. 18:00;7,2676
04.08. 18:15;7,3856
04.08. 18:30;7,4741
04.08. 18:45;7,5331
04.08. 19:00;7,6019
04.08. 19:15;7,6904
04.08. 19:30;7,7888
04.08. 19:45;7,9068
04.08. 20:00;8,0248
04.08. 20:15;8,1527
04.08. 20:30;8,2412
04.08. 20:45;8,2707
04.08. 21:00;8,2313
04.08. 21:15;8,133
04.08. 21:30;7,9855
04.08. 21:45;7,8085
04.08. 22:00;7,6216
04.08. 22:15;7,4249
04.08. 22:30;7,2086
04.08. 22:45;6,9824
04.08. 23:00;6,7463
04.08. 23:15;6,53
04.08. 23:30;6,353
04.08. 23:45;6,2448
05.08. 00:00;7,0315
05.08. 00:15;6,7857
05.08. 00:30;6,5202
05.08. 00:45;6,2448
05.08. 01:00;5,9891
05.08. 01:15;5,7629
05.08. 01:30;5,5662
05.08. 01:45;5,4187
05.08. 02:00;5,3302
05.08. 02:15;5,281
05.08. 02:30;5,2515
05.08. 02:45;5,2417
05.08. 03:00;5,222
05.08. 03:15;5,2319
05.08. 03:30;5,3204
05.08. 03:45;5,5171
05.08. 04:00;5,8416
05.08. 04:15;6,2251
05.08. 04:30;6,6087
05.08. 04:45;6,8939
05.08. 05:00;7,0217
05.08. 05:15;7,0414
05.08. 05:30;7,002
05.08. 05:45;6,9824
05.08. 06:00;7,0315
05.08. 06:15;7,1889
05.08. 06:30;7,4643
05.08. 06:45;7,9068
05.08. 07:00;8,5165
05.08. 07:15;9,3524
05.08. 07:30;10,454
05.08. 07:45;11,85
05.08. 08:00;13,552
05.08. 08:15;15,371
05.08. 08:30;17,053
05.08. 08:45;18,38
05.08. 09:00;19,177
05.08. 09:15;19,541
05.08. 09:30;19,649
05.08. 09:45;19,669
05.08. 10:00;19,728
05.08. 10:15;19,855
05.08. 10:30;20,023
05.08. 10:45;20,219
05.08. 11:00;20,416
05.08. 11:15;20,564
05.08. 11:30;20,613
05.08. 11:45;20,495
05.08. 12:00;20,17
05.08. 12:15;19,669
05.08. 12:30;19,059
05.08. 12:45;18,38
05.08. 13:00;17,692
05.08. 13:15;17,053
05.08. 13:30;16,531
05.08. 13:45;16,168
05.08. 14:00;16,03
05.08. 14:15;16,079
05.08. 14:30;16,266
05.08. 14:45;16,541
05.08. 15:00;16,866
05.08. 15:15;17,171
05.08. 15:30;17,426
05.08. 15:45;17,554
05.08. 16:00;17,525
05.08. 16:15;17,387
05.08. 16:30;17,22
05.08. 16:45;17,092
05.08. 17:00;17,033
05.08. 17:15;16,954
05.08. 17:30;16,738
05.08. 17:45;16,266
05.08. 18:00;15,45
05.08. 18:15;14,368
05.08. 18:30;13,158
05.08. 18:45;11,949
05.08. 19:00;10,828
05.08. 19:15;9,8835
05.08. 19:30;9,1656
05.08. 19:45;8,7329
05.08. 20:00;8,5952
05.08. 20:15;8,664
05.08. 20:30;8,8116
05.08. 20:45;8,9099
05.08. 21:00;8,8706
05.08. 21:15;8,7034
05.08. 21:30;8,487
05.08. 21:45;8,2707
05.08. 22:00;8,1035
05.08. 22:15;7,9855
05.08. 22:30;7,897
05.08. 22:45;7,8085
05.08. 23:00;7,7101
05.08. 23:15;7,5921
05.08. 23:30;7,4446
05.08. 23:45;7,2577
06.08. 00:00;7,0315
06.08. 00:15;6,7857
06.08. 00:30;6,5202
06.08. 00:45;6,2448
06.08. 01:00;5,9891
06.08. 01:15;5,7629
06.08. 01:30;5,5662
06.08. 01:45;5,4187
06.08. 02:00;5,3302
06.08. 02:15;5,281
06.08. 02:30;5,2515
06.08. 02:45;5,2417
06.08. 03:00;5,222
06.08. 03:15;5,2319
06.08. 03:30;5,3204
06.08. 03:45;5,5171
06.08. 04:00;5,8416
06.08. 04:15;6,2251
06.08. 04:30;6,6087
06.08. 04:45;6,8939
06.08. 05:00;7,0217
06.08. 05:15;7,0414
06.08. 05:30;7,002
06.08. 05:45;6,9824
06.08. 06:00;7,0315
06.08. 06:15;7,1889
06.08. 06:30;7,4643
06.08. 06:45;7,9068
06.08. 07:00;8,5165
06.08. 07:15;9,3524
06.08. 07:30;10,454
06.08. 07:45;11,85
06.08. 08:00;13,552
06.08. 08:15;15,371
06.08. 08:30;17,053
06.08. 08:45;18,38
06.08. 09:00;19,177
06.08. 09:15;19,541
06.08. 09:30;19,649
06.08. 09:45;19,669
06.08. 10:00;19,728
06.08. 10:15;19,855
06.08. 10:30;20,023
06.08. 10:45;20,219
06.08. 11:00;20,416
06.08. 11:15;20,564
06.08. 11:30;20,613
06.08. 11:45;20,495
06.08. 12:00;20,17
06.08. 12:15;19,669
06.08. 12:30;19,059
06.08. 12:45;18,38
06.08. 13:00;17,692
06.08. 13:15;17,053
06.08. 13:30;16,531
06.08. 13:45;16,168
06.08. 14:00;16,03
06.08. 14:15;16,079
06.08. 14:30;16,266
06.08. 14:45;16,541
06.08. 15:00;16,866
06.08. 15:15;17,171
06.08. 15:30;17,426
06.08. 15:45;17,554
06.08. 16:00;17,525
06.08. 16:15;17,387
06.08. 16:30;17,22
06.08. 16:45;17,092
06.08. 17:00;17,033
06.08. 17:15;16,954
06.08. 17:30;16,738
06.08. 17:45;16,266
06.08. 18:00;15,45
06.08. 18:15;14,368
06.08. 18:30;13,158
06.08. 18:45;11,949
06.08. 19:00;10,828
06.08. 19:15;9,8835
06.08. 19:30;9,1656
06.08. 19:45;8,7329
06.08. 20:00;8,5952
06.08. 20:15;8,664
06.08. 20:30;8,8116
06.08. 20:45;8,9099
06.08. 21:00;8,8706
06.08. 21:15;8,7034
06.08. 21:30;8,487
06.08. 21:45;8,2707
06.08. 22:00;8,1035
06.08. 22:15;7,9855
06.08. 22:30;7,897
06.08. 22:45;7,8085
06.08. 23:00;7,7101
06.08. 23:15;7,5921
06.08. 23:30;7,4446
06.08. 23:45;7,2577
07.08. 00:00;7,0315
07.08. 00:15;6,7857
07.08. 00:30;6,5202
07.08. 00:45;6,2448
07.08. 01:00;5,9891
07.08. 01:15;5,7629
07.08. 01:30;5,5662
07.08. 01:45;5,4187
07.08. 02:00;5,3302
07.08. 02:15;5,281
07.08. 02:30;5,2515
07.08. 02:45;5,2417
07.08. 03:00;5,222
07.08. 03:15;5,2319
07.08. 03:30;5,3204
07.08. 03:45;5,5171
07.08. 04:00;5,8416
07.08. 04:15;6,2251
07.08. 04:30;6,6087
07.08. 04:45;6,8939
07.08. 05:00;7,0217
07.08. 05:15;7,0414
07.08. 05:30;7,002
07.08. 05:45;6,9824
07.08. 06:00;7,0315
07.08. 06:15;7,1889
07.08. 06:30;7,4643
07.08. 06:45;7,9068
07.08. 07:00;8,5165
07.08. 07:15;9,3524
07.08. 07:30;10,454
07.08. 07:45;11,85
07.08. 08:00;13,552
07.08. 08:15;15,371
07.08. 08:30;17,053
07.08. 08:45;18,38
07.08. 09:00;19,177
07.08. 09:15;19,541
07.08. 09:30;19,649
07.08. 09:45;19,669
07.08. 10:00;19,728
07.08. 10:15;19,855
07.08. 10:30;20,023
07.08. 10:45;20,219
07.08. 11:00;20,416
07.08. 11:15;20,564
07.08. 11:30;20,613
07.08. 11:45;20,495
07.08. 12:00;20,17
07.08. 12:15;19,669
07.08. 12:30;19,059
07.08. 12:45;18,38
07.08. 13:00;17,692
07.08. 13:15;17,053
07.08. 13:30;16,531
07.08. 13:45;16,168
07.08. 14:00;16,03
07.08. 14:15;16,079
07.08. 14:30;16,266
07.08. 14:45;16,541
07.08. 15:00;16,866
07.08. 15:15;17,171
07.08. 15:30;17,426
07.08. 15:45;17,554
07.08. 16:00;17,525
07.08. 16:15;17,387
07.08. 16:30;17,22
07.08. 16:45;17,092
07.08. 17:00;17,033
07.08. 17:15;16,954
07.08. 17:30;16,738
07.08. 17:45;16,266
07.08. 18:00;15,45
07.08. 18:15;14,368
07.08. 18:30;13,158
07.08. 18:45;11,949
07.08. 19:00;10,828
07.08. 19:15;9,8835
07.08. 19:30;9,1656
07.08. 19:45;8,7329
07.08. 20:00;8,5952
07.08. 20:15;8,664
07.08. 20:30;8,8116
07.08. 20:45;8,9099
07.08. 21:00;8,8706
07.08. 21:15;8,7034
07.08. 21:30;8,487
07.08. 21:45;8,2707
07.08. 22:00;8,1035
07.08. 22:15;7,9855
07.08. 22:30;7,897
07.08. 22:45;7,8085
07.08. 23:00;7,7101
07.08. 23:15;7,5921
07.08. 23:30;7,4446
07.08. 23:45;7,2577
08.08. 00:00;7,0315
08.08. 00:15;6,7857
08.08. 00:30;6,5202
08.08. 00:45;6,2448
08.08. 01:00;5,9891
08.08. 01:15;5,7629
08.08. 01:30;5,5662
08.08. 01:45;5,4187
08.08. 02:00;5,3302
08.08. 02:15;5,281
08.08. 02:30;5,2515
08.08. 02:45;5,2417
08.08. 03:00;5,222
08.08. 03:15;5,2319
08.08. 03:30;5,3204
08.08. 03:45;5,5171
08.08. 04:00;5,8416
08.08. 04:15;6,2251
08.08. 04:30;6,6087
08.08. 04:45;6,8939
08.08. 05:00;7,0217
08.08. 05:15;7,0414
08.08. 05:30;7,002
08.08. 05:45;6,9824
08.08. 06:00;7,0315
08.08. 06:15;7,1889
08.08. 06:30;7,4643
08.08. 06:45;7,9068
08.08. 07:00;8,5165
08.08. 07:15;9,3524
08.08. 07:30;10,454
08.08. 07:45;11,85
08.08. 08:00;13,552
08.08. 08:15;15,371
08.08. 08:30;17,053
08.08. 08:45;18,38
08.08. 09:00;19,177
08.08. 09:15;19,541
08.08. 09:30;19,649
08.08. 09:45;19,669
08.08. 10:00;19,728
08.08. 10:15;19,855
08.08. 10:30;20,023
08.08. 10:45;20,219
08.08. 11:00;20,416
08.08. 11:15;20,564
08.08. 11:30;20,613
08.08. 11:45;20,495
08.08. 12:00;20,17
08.08. 12:15;19,669
08.08. 12:30;19,059
08.08. 12:45;18,38
08.08. 13:00;17,692
08.08. 13:15;17,053
08.08. 13:30;16,531
08.08. 13:45;16,168
08.08. 14:00;16,03
08.08. 14:15;16,079
08.08. 14:30;16,266
08.08. 14:45;16,541
08.08. 15:00;16,866
08.08. 15:15;17,171
08.08. 15:30;17,426
08.08. 15:45;17,554
08.08. 16:00;17,525
08.08. 16:15;17,387
08.08. 16:30;17,22
08.08. 16:45;17,092
08.08. 17:00;17,033
08.08. 17:15;16,954
08.08. 17:30;16,738
08.08. 17:45;16,266
08.08. 18:00;15,45
08.08. 18:15;14,368
08.08. 18:30;13,158
08.08. 18:45;11,949
08.08. 19:00;10,828
08.08. 19:15;9,8835
08.08. 19:30;9,1656
08.08. 19:45;8,7329
08.08. 20:00;8,5952
08.08. 20:15;8,664
08.08. 20:30;8,8116
08.08. 20:45;8,9099
08.08. 21:00;8,8706
08.08. 21:15;8,7034
08.08. 21:30;8,487
08.08. 21:45;8,2707
08.08. 22:00;8,1035
08.08. 22:15;7,9855
08.08. 22:30;7,897
08.08. 22:45;7,8085
08.08. 23:00;7,7101
08.08. 23:15;7,5921
08.08. 23:30;7,4446
08.08. 23:45;7,2577
09.08. 00:00;7,0315
09.08. 00:15;6,7857
09.08. 00:30;6,5202
09.08. 00:45;6,2448
09.08. 01:00;5,9891
09.08. 01:15;5,7629
09.08. 01:30;5,5662
09.08. 01:45;5,4187
09.08. 02:00;5,3302
09.08. 02:15;5,281
09.08. 02:30;5,2515
09.08. 02:45;5,2417
09.08. 03:00;5,222
09.08. 03:15;5,2319
09.08. 03:30;5,3204
09.08. 03:45;5,5171
09.08. 04:00;5,8416
09.08. 04:15;6,2251
09.08. 04:30;6,6087
09.08. 04:45;6,8939
09.08. 05:00;7,0217
09.08. 05:15;7,0414
09.08. 05:30;7,002
09.08. 05:45;6,9824
09.08. 06:00;7,0315
09.08. 06:15;7,1889
09.08. 06:30;7,4643
09.08. 06:45;7,9068
09.08. 07:00;8,5165
09.08. 07:15;9,3524
09.08. 07:30;10,454
09.08. 07:45;11,85
09.08. 08:00;13,552
09.08. 08:15;15,371
09.08. 08:30;17,053
09.08. 08:45;18,38
09.08. 09:00;19,177
09.08. 09:15;19,541
09.08. 09:30;19,649
09.08. 09:45;19,669
09.08. 10:00;19,728
09.08. 10:15;19,855
09.08. 10:30;20,023
09.08. 10:45;20,219
09.08. 11:00;20,416
09.08. 11:15;20,564
09.08. 11:30;20,613
09.08. 11:45;20,495
09.08. 12:00;20,17
09.08. 12:15;19,669
09.08. 12:30;19,059
09.08. 12:45;18,38
09.08. 13:00;17,692
09.08. 13:15;17,053
09.08. 13:30;16,531
09.08. 13:45;16,168
09.08. 14:00;16,03
09.08. 14:15;16,079
09.08. 14:30;16,266
09.08. 14:45;16,541
09.08. 15:00;16,866
09.08. 15:15;17,171
09.08. 15:30;17,426
09.08. 15:45;17,554
09.08. 16:00;17,525
09.08. 16:15;17,387
09.08. 16:30;17,22
09.08. 16:45;17,092
09.08. 17:00;17,033
09.08. 17:15;16,954
09.08. 17:30;16,738
09.08. 17:45;16,266
09.08. 18:00;15,45
09.08. 18:15;14,368
09.08. 18:30;13,158
09.08. 18:45;11,949
09.08. 19:00;10,828
09.08. 19:15;9,8835
09.08. 19:30;9,1656
09.08. 19:45;8,7329
09.08. 20:00;8,5952
09.08. 20:15;8,664
09.08. 20:30;8,8116
09.08. 20:45;8,9099
09.08. 21:00;8,8706
09.08. 21:15;8,7034
09.08. 21:30;8,487
09.08. 21:45;8,2707
09.08. 22:00;8,1035
09.08. 22:15;7,9855
09.08. 22:30;7,897
09.08. 22:45;7,8085
09.08. 23:00;7,7101
09.08. 23:15;7,5921
09.08. 23:30;7,4446
09.08. 23:45;7,2577
10.08. 00:00;7,3364
10.08. 00:15;7,4938
10.08. 00:30;7,6413
10.08. 00:45;7,7199
10.08. 01:00;7,6609
10.08. 01:15;7,5036
10.08. 01:30;7,2872
10.08. 01:45;7,0709
10.08. 02:00;6,9037
10.08. 02:15;6,7758
10.08. 02:30;6,6775
10.08. 02:45;6,6185
10.08. 03:00;6,5792
10.08. 03:15;6,5595
10.08. 03:30;6,5693
10.08. 03:45;6,6185
10.08. 04:00;6,6873
10.08. 04:15;6,7857
10.08. 04:30;6,884
10.08. 04:45;6,9824
10.08. 05:00;7,061
10.08. 05:15;7,1201
10.08. 05:30;7,1594
10.08. 05:45;7,1692
10.08. 06:00;7,1791
10.08. 06:15;7,2676
10.08. 06:30;7,5724
10.08. 06:45;8,1822
10.08. 07:00;9,1754
10.08. 07:15;10,444
10.08. 07:30;11,85
10.08. 07:45;13,227
10.08. 08:00;14,476
10.08. 08:15;15,519
10.08. 08:30;16,345
10.08. 08:45;16,905
10.08. 09:00;17,21
10.08. 09:15;17,318
10.08. 09:30;17,338
10.08. 09:45;17,367
10.08. 10:00;17,476
10.08. 10:15;17,643
10.08. 10:30;17,83
10.08. 10:45;18,007
10.08. 11:00;18,134
10.08. 11:15;18,213
10.08. 11:30;18,223
10.08. 11:45;18,193
10.08. 12:00;18,105
10.08. 12:15;17,938
10.08. 12:30;17,672
10.08. 12:45;17,279
10.08. 13:00;16,728
10.08. 13:15;16,04
10.08. 13:30;15,204
10.08. 13:45;14,24
10.08. 14:00;13,168
10.08. 14:15;12,067
10.08. 14:30;11,014
10.08. 14:45;10,11
10.08. 15:00;9,4114
10.08. 15:15;8,8902
10.08. 15:30;8,4969
10.08. 15:45;8,1822
10.08. 16:00;7,897
10.08. 16:15;7,6511
10.08. 16:30;7,4643
10.08. 16:45;7,3462
10.08. 17:00;7,3167
10.08. 17:15;7,3561
10.08. 17:30;7,4347
10.08. 17:45;7,5331
10.08. 18:00;7,6314
10.08. 18:15;7,7199
10.08. 18:30;7,779
10.08. 18:45;7,8085
10.08. 19:00;7,8085
10.08. 19:15;7,8085
10.08. 19:30;7,8281
10.08. 19:45;7,9068
10.08. 20:00;8,0543
10.08. 20:15;8,251
10.08. 20:30;8,428
10.08. 20:45;8,546
10.08. 21:00;8,5559
10.08. 21:15;8,487
10.08. 21:30;8,3493
10.08. 21:45;8,1822
10.08. 22:00;7,9953
10.08. 22:15;7,7986
10.08. 22:30;7,6118
10.08. 22:45;7,4446
10.08. 23:00;7,2872
10.08. 23:15;7,1496
10.08. 23:30;7,0119
10.08. 23:45;6,8939
11.08. 00:00;6,766
11.08. 00:15;6,6283
11.08. 00:30;6,4612
11.08. 00:45;6,2448
11.08. 01:00;5,9891
11.08. 01:15;5,7039
11.08. 01:30;5,4482
11.08. 01:45;5,2417
11.08. 02:00;5,1138
11.08. 02:15;5,0548
11.08. 02:30;5,0155
11.08. 02:45;4,9663
11.08. 03:00;4,8778
11.08. 03:15;4,7696
11.08. 03:30;4,6713
11.08. 03:45;4,5926
11.08. 04:00;4,5631
11.08. 04:15;4,573
11.08. 04:30;4,5828
11.08. 04:45;4,5926
11.08. 05:00;4,5828
11.08. 05:15;4,5533
11.08. 05:30;4,5238
11.08. 05:45;4,5041
11.08. 06:00;4,514
11.08. 06:15;4,5533
11.08. 06:30;4,6418
11.08. 06:45;4,7795
11.08. 07:00;4,9663
11.08. 07:15;5,1729
11.08. 07:30;5,34
11.08. 07:45;5,4187
11.08. 08:00;5,3892
11.08. 08:15;5,3007
11.08. 08:30;5,2319
11.08. 08:45;5,2417
11.08. 09:00;5,3794
11.08. 09:15;5,6252
11.08. 09:30;5,9006
11.08. 09:45;6,1563
11.08. 10:00;6,3431
11.08. 10:15;6,4808
11.08. 10:30;6,589
11.08. 10:45;6,707
11.08. 11:00;6,8545
11.08. 11:15;7,0217
11.08. 11:30;7,1987
11.08. 11:45;7,3462
11.08. 12:00;7,4741
11.08. 12:15;7,5724
11.08. 12:30;7,6511
11.08. 12:45;7,7199
11.08. 13:00;7,779
11.08. 13:15;7,8183
11.08. 13:30;7,7986
11.08. 13:45;7,7199
11.08. 14:00;7,5528
11.08. 14:15;7,3167
11.08. 14:30;7,061
11.08. 14:45;6,7955
11.08. 15:00;6,5693
11.08. 15:15;6,3726
11.08. 15:30;6,2055
11.08. 15:45;6,0678
11.08. 16:00;5,9399
11.08. 16:15;5,8711
11.08. 16:30;5,8711
11.08. 16:45;5,9694
11.08. 17:00;6,1956
11.08. 17:15;6,4907
11.08. 17:30;6,8054
11.08. 17:45;7,0709
11.08. 18:00;7,2676
11.08. 18:15;7,3856
11.08. 18:30;7,4741
11.08. 18:45;7,5331
11.08. 19:00;7,6019
11.08. 19:15;7,6904
11.08. 19:30;7,7888
11.08. 19:45;7,9068
11.08. 20:00;8,0248
11.08. 20:15;8,1527
11.08. 20:30;8,2412
11.08. 20:45;8,2707
11.08. 21:00;8,2313
11.08. 21:15;8,133
11.08. 21:30;7,9855
11.08. 21:45;7,8085
11.08. 22:00;7,6216
11.08. 22:15;7,4249
11.08. 22:30;7,2086
11.08. 22:45;6,9824
11.08. 23:00;6,7463
11.08. 23:15;6,53
11.08. 23:30;6,353
11.08. 23:45;6,2448
12.08. 00:00;7,0315
12.08. 00:15;6,7857
12.08. 00:30;6,5202
12.08. 00:45;6,2448
12.08. 01:00;5,9891
12.08. 01:15;5,7629
12.08. 01:30;5,5662
12.08. 01:45;5,4187
12.08. 02:00;5,3302
12.08. 02:15;5,281
12.08. 02:30;5,2515
12.08. 02:45;5,2417
12.08. 03:00;5,222
12.08. 03:15;5,2319
12.08. 03:30;5,3204
12.08. 03:45;5,5171
12.08. 04:00;5,8416
12.08. 04:15;6,2251
12.08. 04:30;6,6087
12.08. 04:45;6,8939
12.08. 05:00;7,0217
12.08. 05:15;7,0414
12.08. 05:30;7,002
12.08. 05:45;6,9824
12.08. 06:00;7,0315
12.08. 06:15;7,1889
12.08. 06:30;7,4643
12.08. 06:45;7,9068
12.08. 07:00;8,5165
12.08. 07:15;9,3524
12.08. 07:30;10,454
12.08. 07:45;11,85
12.08. 08:00;13,552
12.08. 08:15;15,371
12.08. 08:30;17,053
12.08. 08:45;18,38
12.08. 09:00;19,177
12.08. 09:15;19,541
12.08. 09:30;19,649
12.08. 09:45;19,669
12.08. 10:00;19,728
12.08. 10:15;19,855
12.08. 10:30;20,023
12.08. 10:45;20,219
12.08. 11:00;20,416
12.08. 11:15;20,564
12.08. 11:30;20,613
12.08. 11:45;20,495
12.08. 12:00;20,17
12.08. 12:15;19,669
12.08. 12:30;19,059
12.08. 12:45;18,38
12.08. 13:00;17,692
12.08. 13:15;17,053
12.08. 13:30;16,531
12.08. 13:45;16,168
12.08. 14:00;16,03
12.08. 14:15;16,079
12.08. 14:30;16,266
12.08. 14:45;16,541
12.08. 15:00;16,866
12.08. 15:15;17,171
12.08. 15:30;17,426
12.08. 15:45;17,554
12.08. 16:00;17,525
12.08. 16:15;17,387
12.08. 16:30;17,22
12.08. 16:45;17,092
12.08. 17:00;17,033
12.08. 17:15;16,954
12.08. 17:30;16,738
12.08. 17:45;16,266
12.08. 18:00;15,45
12.08. 18:15;14,368
12.08. 18:30;13,158
12.08. 18:45;11,949
12.08. 19:00;10,828
12.08. 19:15;9,8835
12.08. 19:30;9,1656
12.08. 19:45;8,7329
12.08. 20:00;8,5952
12.08. 20:15;8,664
12.08. 20:30;8,8116
12.08. 20:45;8,9099
12.08. 21:00;8,8706
12.08. 21:15;8,7034
12.08. 21:30;8,487
12.08. 21:45;8,2707
12.08. 22:00;8,1035
12.08. 22:15;7,9855
12.08. 22:30;7,897
12.08. 22:45;7,8085
12.08. 23:00;7,7101
12.08. 23:15;7,5921
12.08. 23:30;7,4446
12.08. 23:45;7,2577
13.08. 00:00;7,0315
13.08. 00:15;6,7857
13.08. 00:30;6,5202
13.08. 00:45;6,2448
13.08. 01:00;5,9891
13.08. 01:15;5,7629
13.08. 01:30;5,5662
13.08. 01:45;5,4187
13.08. 02:00;5,3302
13.08. 02:15;5,281
13.08. 02:30;5,2515
13.08. 02:45;5,2417
13.08. 03:00;5,222
13.08. 03:15;5,2319
13.08. 03:30;5,3204
13.08. 03:45;5,5171
13.08. 04:00;5,8416
13.08. 04:15;6,2251
13.08. 04:30;6,6087
13.08. 04:45;6,8939
13.08. 05:00;7,0217
13.08. 05:15;7,0414
13.08. 05:30;7,002
13.08. 05:45;6,9824
13.08. 06:00;7,0315
13.08. 06:15;7,1889
13.08. 06:30;7,4643
13.08. 06:45;7,9068
13.08. 07:00;8,5165
13.08. 07:15;9,3524
13.08. 07:30;10,454
13.08. 07:45;11,85
13.08. 08:00;13,552
13.08. 08:15;15,371
13.08. 08:30;17,053
13.08. 08:45;18,38
13.08. 09:00;19,177
13.08. 09:15;19,541
13.08. 09:30;19,649
13.08. 09:45;19,669
13.08. 10:00;19,728
13.08. 10:15;19,855
13.08. 10:30;20,023
13.08. 10:45;20,219
13.08. 11:00;20,416
13.08. 11:15;20,564
13.08. 11:30;20,613
13.08. 11:45;20,495
13.08. 12:00;20,17
13.08. 12:15;19,669
13.08. 12:30;19,059
13.08. 12:45;18,38
13.08. 13:00;17,692
13.08. 13:15;17,053
13.08. 13:30;16,531
13.08. 13:45;16,168
13.08. 14:00;16,03
13.08. 14:15;16,079
13.08. 14:30;16,266
13.08. 14:45;16,541
13.08. 15:00;16,866
13.08. 15:15;17,171
13.08. 15:30;17,426
13.08. 15:45;17,554
13.08. 16:00;17,525
13.08. 16:15;17,387
13.08. 16:30;17,22
13.08. 16:45;17,092
13.08. 17:00;17,033
13.08. 17:15;16,954
13.08. 17:30;16,738
13.08. 17:45;16,266
13.08. 18:00;15,45
13.08. 18:15;14,368
13.08. 18:30;13,158
13.08. 18:45;11,949
13.08. 19:00;10,828
13.08. 19:15;9,8835
13.08. 19:30;9,1656
13.08. 19:45;8,7329
13.08. 20:00;8,5952
13.08. 20:15;8,664
13.08. 20:30;8,8116
13.08. 20:45;8,9099
13.08. 21:00;8,8706
13.08. 21:15;8,7034
13.08. 21:30;8,487
13.08. 21:45;8,2707
13.08. 22:00;8,1035
13.08. 22:15;7,9855
13.08. 22:30;7,897
13.08. 22:45;7,8085
13.08. 23:00;7,7101
13.08. 23:15;7,5921
13.08. 23:30;7,4446
13.08. 23:45;7,2577
14.08. 00:00;7,0315
14.08. 00:15;6,7857
14.08. 00:30;6,5202
14.08. 00:45;6,2448
14.08. 01:00;5,9891
14.08. 01:15;5,7629
14.08. 01:30;5,5662
14.08. 01:45;5,4187
14.08. 02:00;5,3302
14.08. 02:15;5,281
14.08. 02:30;5,2515
14.08. 02:45;5,2417
14.08. 03:00;5,222
14.08. 03:15;5,2319
14.08. 03:30;5,3204
14.08. 03:45;5,5171
14.08. 04:00;5,8416
14.08. 04:15;6,2251
14.08. 04:30;6,6087
14.08. 04:45;6,8939
14.08. 05:00;7,0217
14.08. 05:15;7,0414
14.08. 05:30;7,002
14.08. 05:45;6,9824
14.08. 06:00;7,0315
14.08. 06:15;7,1889
14.08. 06:30;7,4643
14.08. 06:45;7,9068
14.08. 07:00;8,5165
14.08. 07:15;9,3524
14.08. 07:30;10,454
14.08. 07:45;11,85
14.08. 08:00;13,552
14.08. 08:15;15,371
14.08. 08:30;17,053
14.08. 08:45;18,38
14.08. 09:00;19,177
14.08. 09:15;19,541
14.08. 09:30;19,649
14.08. 09:45;19,669
14.08. 10:00;19,728
14.08. 10:15;19,855
14.08. 10:30;20,023
14.08. 10:45;20,219
14.08. 11:00;20,416
14.08. 11:15;20,564
14.08. 11:30;20,613
14.08. 11:45;20,495
14.08. 12:00;20,17
14.08. 12:15;19,669
14.08. 12:30;19,059
14.08. 12:45;18,38
14.08. 13:00;17,692
14.08. 13:15;17,053
14.08. 13:30;16,531
14.08. 13:45;16,168
14.08. 14:00;16,03
14.08. 14:15;16,079
14.08. 14:30;16,266
14.08. 14:45;16,541
14.08. 15:00;16,866
14.08. 15:15;17,171
14.08. 15:30;17,426
14.08. 15:45;17,554
14.08. 16:00;17,525
14.08. 16:15;17,387
14.08. 16:30;17,22
14.08. 16:45;17,092
14.08. 17:00;17,033
14.08. 17:15;16,954
14.08. 17:30;16,738
14.08. 17:45;16,266
14.08. 18:00;15,45
14.08. 18:15;14,368
14.08. 18:30;13,158
14.08. 18:45;11,949
14.08. 19:00;10,828
14.08. 19:15;9,8835
14.08. 19:30;9,1656
14.08. 19:45;8,7329
14.08. 20:00;8,5952
14.08. 20:15;8,664
14.08. 20:30;8,8116
14.08. 20:45;8,9099
14.08. 21:00;8,8706
14.08. 21:15;8,7034
14.08. 21:30;8,487
14.08. 21:45;8,2707
14.08. 22:00;8,1035
14.08. 22:15;7,9855
14.08. 22:30;7,897
14.08. 22:45;7,8085
14.08. 23:00;7,7101
14.08. 23:15;7,5921
14.08. 23:30;7,4446
14.08. 23:45;7,2577
15.08. 00:00;7,0315
15.08. 00:15;6,7857
15.08. 00:30;6,5202
15.08. 00:45;6,2448
15.08. 01:00;5,9891
15.08. 01:15;5,7629
15.08. 01:30;5,5662
15.08. 01:45;5,4187
15.08. 02:00;5,3302
15.08. 02:15;5,281
15.08. 02:30;5,2515
15.08. 02:45;5,2417
15.08. 03:00;5,222
15.08. 03:15;5,2319
15.08. 03:30;5,3204
15.08. 03:45;5,5171
15.08. 04:00;5,8416
15.08. 04:15;6,2251
15.08. 04:30;6,6087
15.08. 04:45;6,8939
15.08. 05:00;7,0217
15.08. 05:15;7,0414
15.08. 05:30;7,002
15.08. 05:45;6,9824
15.08. 06:00;7,0315
15.08. 06:15;7,1889
15.08. 06:30;7,4643
15.08. 06:45;7,9068
15.08. 07:00;8,5165
15.08. 07:15;9,3524
15.08. 07:30;10,454
15.08. 07:45;11,85
15.08. 08:00;13,552
15.08. 08:15;15,371
15.08. 08:30;17,053
15.08. 08:45;18,38
15.08. 09:00;19,177
15.08. 09:15;19,541
15.08. 09:30;19,649
15.08. 09:45;19,669
15.08. 10:00;19,728
15.08. 10:15;19,855
15.08. 10:30;20,023
15.08. 10:45;20,219
15.08. 11:00;20,416
15.08. 11:15;20,564
15.08. 11:30;20,613
15.08. 11:45;20,495
15.08. 12:00;20,17
15.08. 12:15;19,669
15.08. 12:30;19,059
15.08. 12:45;18,38
15.08. 13:00;17,692
15.08. 13:15;17,053
15.08. 13:30;16,531
15.08. 13:45;16,168
15.08. 14:00;16,03
15.08. 14:15;16,079
15.08. 14:30;16,266
15.08. 14:45;16,541
15.08. 15:00;16,866
15.08. 15:15;17,171
15.08. 15:30;17,426
15.08. 15:45;17,554
15.08. 16:00;17,525
15.08. 16:15;17,387
15.08. 16:30;17,22
15.08. 16:45;17,092
15.08. 17:00;17,033
15.08. 17:15;16,954
15.08. 17:30;16,738
15.08. 17:45;16,266
15.08. 18:00;15,45
15.08. 18:15;14,368
15.08. 18:30;13,158
15.08. 18:45;11,949
15.08. 19:00;10,828
15.08. 19:15;9,8835
15.08. 19:30;9,1656
15.08. 19:45;8,7329
15.08. 20:00;8,5952
15.08. 20:15;8,664
15.08. 20:30;8,8116
15.08. 20:45;8,9099
15.08. 21:00;8,8706
15.08. 21:15;8,7034
15.08. 21:30;8,487
15.08. 21:45;8,2707
15.08. 22:00;8,1035
15.08. 22:15;7,9855
15.08. 22:30;7,897
15.08. 22:45;7,8085
15.08. 23:00;7,7101
15.08. 23:15;7,5921
15.08. 23:30;7,4446
15.08. 23:45;7,2577
16.08. 00:00;7,0315
16.08. 00:15;6,7857
16.08. 00:30;6,5202
16.08. 00:45;6,2448
16.08. 01:00;5,9891
16.08. 01:15;5,7629
16.08. 01:30;5,5662
16.08. 01:45;5,4187
16.08. 02:00;5,3302
16.08. 02:15;5,281
16.08. 02:30;5,2515
16.08. 02:45;5,2417
16.08. 03:00;5,222
16.08. 03:15;5,2319
16.08. 03:30;5,3204
16.08. 03:45;5,5171
16.08. 04:00;5,8416
16.08. 04:15;6,2251
16.08. 04:30;6,6087
16.08. 04:45;6,8939
16.08. 05:00;7,0217
16.08. 05:15;7,0414
16.08. 05:30;7,002
16.08. 05:45;6,9824
16.08. 06:00;7,0315
16.08. 06:15;7,1889
16.08. 06:30;7,4643
16.08. 06:45;7,9068
16.08. 07:00;8,5165
16.08. 07:15;9,3524
16.08. 07:30;10,454
16.08. 07:45;11,85
16.08. 08:00;13,552
16.08. 08:15;15,371
16.08. 08:30;17,053
16.08. 08:45;18,38
16.08. 09:00;19,177
16.08. 09:15;19,541
16.08. 09:30;19,649
16.08. 09:45;19,669
16.08. 10:00;19,728
16.08. 10:15;19,855
16.08. 10:30;20,023
16.08. 10:45;20,219
16.08. 11:00;20,416
16.08. 11:15;20,564
16.08. 11:30;20,613
16.08. 11:45;20,495
16.08. 12:00;20,17
16.08. 12:15;19,669
16.08. 12:30;19,059
16.08. 12:45;18,38
16.08. 13:00;17,692
16.08. 13:15;17,053
16.08. 13:30;16,531
16.08. 13:45;16,168
16.08. 14:00;16,03
16.08. 14:15;16,079
16.08. 14:30;16,266
16.08. 14:45;16,541
16.08. 15:00;16,866
16.08. 15:15;17,171
16.08. 15:30;17,426
16.08. 15:45;17,554
16.08. 16:00;17,525
16.08. 16:15;17,387
16.08. 16:30;17,22
16.08. 16:45;17,092
16.08. 17:00;17,033
16.08. 17:15;16,954
16.08. 17:30;16,738
16.08. 17:45;16,266
16.08. 18:00;15,45
16.08. 18:15;14,368
16.08. 18:30;13,158
16.08. 18:45;11,949
16.08. 19:00;10,828
16.08. 19:15;9,8835
16.08. 19:30;9,1656
16.08. 19:45;8,7329
16.08. 20:00;8,5952
16.08. 20:15;8,664
16.08. 20:30;8,8116
16.08. 20:45;8,9099
16.08. 21:00;8,8706
16.08. 21:15;8,7034
16.08. 21:30;8,487
16.08. 21:45;8,2707
16.08. 22:00;8,1035
16.08. 22:15;7,9855
16.08. 22:30;7,897
16.08. 22:45;7,8085
16.08. 23:00;7,7101
16.08. 23:15;7,5921
16.08. 23:30;7,4446
16.08. 23:45;7,2577
17.08. 00:00;7,3364
17.08. 00:15;7,4938
17.08. 00:30;7,6413
17.08. 00:45;7,7199
17.08. 01:00;7,6609
17.08. 01:15;7,5036
17.08. 01:30;7,2872
17.08. 01:45;7,0709
17.08. 02:00;6,9037
17.08. 02:15;6,7758
17.08. 02:30;6,6775
17.08. 02:45;6,6185
17.08. 03:00;6,5792
17.08. 03:15;6,5595
17.08. 03:30;6,5693
17.08. 03:45;6,6185
17.08. 04:00;6,6873
17.08. 04:15;6,7857
17.08. 04:30;6,884
17.08. 04:45;6,9824
17.08. 05:00;7,061
17.08. 05:15;7,1201
17.08. 05:30;7,1594
17.08. 05:45;7,1692
17.08. 06:00;7,1791
17.08. 06:15;7,2676
17.08. 06:30;7,5724
17.08. 06:45;8,1822
17.08. 07:00;9,1754
17.08. 07:15;10,444
17.08. 07:30;11,85
17.08. 07:45;13,227
17.08. 08:00;14,476
17.08. 08:15;15,519
17.08. 08:30;16,345
17.08. 08:45;16,905
17.08. 09:00;17,21
17.08. 09:15;17,318
17.08. 09:30;17,338
17.08. 09:45;17,367
17.08. 10:00;17,476
17.08. 10:15;17,643
17.08. 10:30;17,83
17.08. 10:45;18,007
17.08. 11:00;18,134
17.08. 11:15;18,213
17.08. 11:30;18,223
17.08. 11:45;18,193
17.08. 12:00;18,105
17.08. 12:15;17,938
17.08. 12:30;17,672
17.08. 12:45;17,279
17.08. 13:00;16,728
17.08. 13:15;16,04
17.08. 13:30;15,204
17.08. 13:45;14,24
17.08. 14:00;13,168
17.08. 14:15;12,067
17.08. 14:30;11,014
17.08. 14:45;10,11
17.08. 15:00;9,4114
17.08. 15:15;8,8902
17.08. 15:30;8,4969
17.08. 15:45;8,1822
17.08. 16:00;7,897
17.08. 16:15;7,6511
17.08. 16:30;7,4643
17.08. 16:45;7,3462
17.08. 17:00;7,3167
17.08. 17:15;7,3561
17.08. 17:30;7,4347
17.08. 17:45;7,5331
17.08. 18:00;7,6314
17.08. 18:15;7,7199
17.08. 18:30;7,779
17.08. 18:45;7,8085
17.08. 19:00;7,8085
17.08. 19:15;7,8085
17.08. 19:30;7,8281
17.08. 19:45;7,9068
17.08. 20:00;8,0543
17.08. 20:15;8,251
17.08. 20:30;8,428
17.08. 20:45;8,546
17.08. 21:00;8,5559
17.08. 21:15;8,487
17.08. 21:30;8,3493
17.08. 21:45;8,1822
17.08. 22:00;7,9953
17.08. 22:15;7,7986
17.08. 22:30;7,6118
17.08. 22:45;7,4446
17.08. 23:00;7,2872
17.08. 23:15;7,1496
17.08. 23:30;7,0119
17.08. 23:45;6,8939
18.08. 00:00;6,766
18.08. 00:15;6,6283
18.08. 00:30;6,4612
18.08. 00:45;6,2448
18.08. 01:00;5,9891
18.08. 01:15;5,7039
18.08. 01:30;5,4482
18.08. 01:45;5,2417
18.08. 02:00;5,1138
18.08. 02:15;5,0548
18.08. 02:30;5,0155
18.08. 02:45;4,9663
18.08. 03:00;4,8778
18.08. 03:15;4,7696
18.08. 03:30;4,6713
18.08. 03:45;4,5926
18.08. 04:00;4,5631
18.08. 04:15;4,573
18.08. 04:30;4,5828
18.08. 04:45;4,5926
18.08. 05:00;4,5828
18.08. 05:15;4,5533
18.08. 05:30;4,5238
18.08. 05:45;4,5041
18.08. 06:00;4,514
18.08. 06:15;4,5533
18.08. 06:30;4,6418
18.08. 06:45;4,7795
18.08. 07:00;4,9663
18.08. 07:15;5,1729
18.08. 07:30;5,34
18.08. 07:45;5,4187
18.08. 08:00;5,3892
18.08. 08:15;5,3007
18.08. 08:30;5,2319
18.08. 08:45;5,2417
18.08. 09:00;5,3794
18.08. 09:15;5,6252
18.08. 09:30;5,9006
18.08. 09:45;6,1563
18.08. 10:00;6,3431
18.08. 10:15;6,4808
18.08. 10:30;6,589
18.08. 10:45;6,707
18.08. 11:00;6,8545
18.08. 11:15;7,0217
18.08. 11:30;7,1987
18.08. 11:45;7,3462
18.08. 12:00;7,4741
18.08. 12:15;7,5724
18.08. 12:30;7,6511
18.08. 12:45;7,7199
18.08. 13:00;7,779
18.08. 13:15;7,8183
18.08. 13:30;7,7986
18.08. 13:45;7,7199
18.08. 14:00;7,5528
18.08. 14:15;7,3167
18.08. 14:30;7,061
18.08. 14:45;6,7955
18.08. 15:00;6,5693
18.08. 15:15;6,3726
18.08. 15:30;6,2055
18.08. 15:45;6,0678
18.08. 16:00;5,9399
18.08. 16:15;5,8711
18.08. 16:30;5,8711
18.08. 16:45;5,9694
18.08. 17:00;6,1956
18.08. 17:15;6,4907
18.08. 17:30;6,8054
18.08. 17:45;7,0709
18.08. 18:00;7,2676
18.08. 18:15;7,3856
18.08. 18:30;7,4741
18.08. 18:45;7,5331
18.08. 19:00;7,6019
18.08. 19:15;7,6904
18.08. 19:30;7,7888
18.08. 19:45;7,9068
18.08. 20:00;8,0248
18.08. 20:15;8,1527
18.08. 20:30;8,2412
18.08. 20:45;8,2707
18.08. 21:00;8,2313
18.08. 21:15;8,133
18.08. 21:30;7,9855
18.08. 21:45;7,8085
18.08. 22:00;7,6216
18.08. 22:15;7,4249
18.08. 22:30;7,2086
18.08. 22:45;6,9824
18.08. 23:00;6,7463
18.08. 23:15;6,53
18.08. 23:30;6,353
18.08. 23:45;6,2448
19.08. 00:00;7,0315
19.08. 00:15;6,7857
19.08. 00:30;6,5202
19.08. 00:45;6,2448
19.08. 01:00;5,9891
19.08. 01:15;5,7629
19.08. 01:30;5,5662
19.08. 01:45;5,4187
19.08. 02:00;5,3302
19.08. 02:15;5,281
19.08. 02:30;5,2515
19.08. 02:45;5,2417
19.08. 03:00;5,222
19.08. 03:15;5,2319
19.08. 03:30;5,3204
19.08. 03:45;5,5171
19.08. 04:00;5,8416
19.08. 04:15;6,2251
19.08. 04:30;6,6087
19.08. 04:45;6,8939
19.08. 05:00;7,0217
19.08. 05:15;7,0414
19.08. 05:30;7,002
19.08. 05:45;6,9824
19.08. 06:00;7,0315
19.08. 06:15;7,1889
19.08. 06:30;7,4643
19.08. 06:45;7,9068
19.08. 07:00;8,5165
19.08. 07:15;9,3524
19.08. 07:30;10,454
19.08. 07:45;11,85
19.08. 08:00;13,552
19.08. 08:15;15,371
19.08. 08:30;17,053
19.08. 08:45;18,38
19.08. 09:00;19,177
19.08. 09:15;19,541
19.08. 09:30;19,649
19.08. 09:45;19,669
19.08. 10:00;19,728
19.08. 10:15;19,855
19.08. 10:30;20,023
19.08. 10:45;20,219
19.08. 11:00;20,416
19.08. 11:15;20,564
19.08. 11:30;20,613
19.08. 11:45;20,495
19.08. 12:00;20,17
19.08. 12:15;19,669
19.08. 12:30;19,059
19.08. 12:45;18,38
19.08. 13:00;17,692
19.08. 13:15;17,053
19.08. 13:30;16,531
19.08. 13:45;16,168
19.08. 14:00;16,03
19.08. 14:15;16,079
19.08. 14:30;16,266
19.08. 14:45;16,541
19.08. 15:00;16,866
19.08. 15:15;17,171
19.08. 15:30;17,426
19.08. 15:45;17,554
19.08. 16:00;17,525
19.08. 16:15;17,387
19.08. 16:30;17,22
19.08. 16:45;17,092
19.08. 17:00;17,033
19.08. 17:15;16,954
19.08. 17:30;16,738
19.08. 17:45;16,266
19.08. 18:00;15,45
19.08. 18:15;14,368
19.08. 18:30;13,158
19.08. 18:45;11,949
19.08. 19:00;10,828
19.08. 19:15;9,8835
19.08. 19:30;9,1656
19.08. 19:45;8,7329
19.08. 20:00;8,5952
19.08. 20:15;8,664
19.08. 20:30;8,8116
19.08. 20:45;8,9099
19.08. 21:00;8,8706
19.08. 21:15;8,7034
19.08. 21:30;8,487
19.08. 21:45;8,2707
19.08. 22:00;8,1035
19.08. 22:15;7,9855
19.08. 22:30;7,897
19.08. 22:45;7,8085
19.08. 23:00;7,7101
19.08. 23:15;7,5921
19.08. 23:30;7,4446
19.08. 23:45;7,2577
20.08. 00:00;7,0315
20.08. 00:15;6,7857
20.08. 00:30;6,5202
20.08. 00:45;6,2448
20.08. 01:00;5,9891
20.08. 01:15;5,7629
20.08. 01:30;5,5662
20.08. 01:45;5,4187
20.08. 02:00;5,3302
20.08. 02:15;5,281
20.08. 02:30;5,2515
20.08. 02:45;5,2417
20.08. 03:00;5,222
20.08. 03:15;5,2319
20.08. 03:30;5,3204
20.08. 03:45;5,5171
20.08. 04:00;5,8416
20.08. 04:15;6,2251
20.08. 04:30;6,6087
20.08. 04:45;6,8939
20.08. 05:00;7,0217
20.08. 05:15;7,0414
20.08. 05:30;7,002
20.08. 05:45;6,9824
20.08. 06:00;7,0315
20.08. 06:15;7,1889
20.08. 06:30;7,4643
20.08. 06:45;7,9068
20.08. 07:00;8,5165
20.08. 07:15;9,3524
20.08. 07:30;10,454
20.08. 07:45;11,85
20.08. 08:00;13,552
20.08. 08:15;15,371
20.08. 08:30;17,053
20.08. 08:45;18,38
20.08. 09:00;19,177
20.08. 09:15;19,541
20.08. 09:30;19,649
20.08. 09:45;19,669
20.08. 10:00;19,728
20.08. 10:15;19,855
20.08. 10:30;20,023
20.08. 10:45;20,219
20.08. 11:00;20,416
20.08. 11:15;20,564
20.08. 11:30;20,613
20.08. 11:45;20,495
20.08. 12:00;20,17
20.08. 12:15;19,669
20.08. 12:30;19,059
20.08. 12:45;18,38
20.08. 13:00;17,692
20.08. 13:15;17,053
20.08. 13:30;16,531
20.08. 13:45;16,168
20.08. 14:00;16,03
20.08. 14:15;16,079
20.08. 14:30;16,266
20.08. 14:45;16,541
20.08. 15:00;16,866
20.08. 15:15;17,171
20.08. 15:30;17,426
20.08. 15:45;17,554
20.08. 16:00;17,525
20.08. 16:15;17,387
20.08. 16:30;17,22
20.08. 16:45;17,092
20.08. 17:00;17,033
20.08. 17:15;16,954
20.08. 17:30;16,738
20.08. 17:45;16,266
20.08. 18:00;15,45
20.08. 18:15;14,368
20.08. 18:30;13,158
20.08. 18:45;11,949
20.08. 19:00;10,828
20.08. 19:15;9,8835
20.08. 19:30;9,1656
20.08. 19:45;8,7329
20.08. 20:00;8,5952
20.08. 20:15;8,664
20.08. 20:30;8,8116
20.08. 20:45;8,9099
20.08. 21:00;8,8706
20.08. 21:15;8,7034
20.08. 21:30;8,487
20.08. 21:45;8,2707
20.08. 22:00;8,1035
20.08. 22:15;7,9855
20.08. 22:30;7,897
20.08. 22:45;7,8085
20.08. 23:00;7,7101
20.08. 23:15;7,5921
20.08. 23:30;7,4446
20.08. 23:45;7,2577
21.08. 00:00;7,0315
21.08. 00:15;6,7857
21.08. 00:30;6,5202
21.08. 00:45;6,2448
21.08. 01:00;5,9891
21.08. 01:15;5,7629
21.08. 01:30;5,5662
21.08. 01:45;5,4187
21.08. 02:00;5,3302
21.08. 02:15;5,281
21.08. 02:30;5,2515
21.08. 02:45;5,2417
21.08. 03:00;5,222
21.08. 03:15;5,2319
21.08. 03:30;5,3204
21.08. 03:45;5,5171
21.08. 04:00;5,8416
21.08. 04:15;6,2251
21.08. 04:30;6,6087
21.08. 04:45;6,8939
21.08. 05:00;7,0217
21.08. 05:15;7,0414
21.08. 05:30;7,002
21.08. 05:45;6,9824
21.08. 06:00;7,0315
21.08. 06:15;7,1889
21.08. 06:30;7,4643
21.08. 06:45;7,9068
21.08. 07:00;8,5165
21.08. 07:15;9,3524
21.08. 07:30;10,454
21.08. 07:45;11,85
21.08. 08:00;13,552
21.08. 08:15;15,371
21.08. 08:30;17,053
21.08. 08:45;18,38
21.08. 09:00;19,177
21.08. 09:15;19,541
21.08. 09:30;19,649
21.08. 09:45;19,669
21.08. 10:00;19,728
21.08. 10:15;19,855
21.08. 10:30;20,023
21.08. 10:45;20,219
21.08. 11:00;20,416
21.08. 11:15;20,564
21.08. 11:30;20,613
21.08. 11:45;20,495
21.08. 12:00;20,17
21.08. 12:15;19,669
21.08. 12:30;19,059
21.08. 12:45;18,38
21.08. 13:00;17,692
21.08. 13:15;17,053
21.08. 13:30;16,531
21.08. 13:45;16,168
21.08. 14:00;16,03
21.08. 14:15;16,079
21.08. 14:30;16,266
21.08. 14:45;16,541
21.08. 15:00;16,866
21.08. 15:15;17,171
21.08. 15:30;17,426
21.08. 15:45;17,554
21.08. 16:00;17,525
21.08. 16:15;17,387
21.08. 16:30;17,22
21.08. 16:45;17,092
21.08. 17:00;17,033
21.08. 17:15;16,954
21.08. 17:30;16,738
21.08. 17:45;16,266
21.08. 18:00;15,45
21.08. 18:15;14,368
21.08. 18:30;13,158
21.08. 18:45;11,949
21.08. 19:00;10,828
21.08. 19:15;9,8835
21.08. 19:30;9,1656
21.08. 19:45;8,7329
21.08. 20:00;8,5952
21.08. 20:15;8,664
21.08. 20:30;8,8116
21.08. 20:45;8,9099
21.08. 21:00;8,8706
21.08. 21:15;8,7034
21.08. 21:30;8,487
21.08. 21:45;8,2707
21.08. 22:00;8,1035
21.08. 22:15;7,9855
21.08. 22:30;7,897
21.08. 22:45;7,8085
21.08. 23:00;7,7101
21.08. 23:15;7,5921
21.08. 23:30;7,4446
21.08. 23:45;7,2577
22.08. 00:00;7,0315
22.08. 00:15;6,7857
22.08. 00:30;6,5202
22.08. 00:45;6,2448
22.08. 01:00;5,9891
22.08. 01:15;5,7629
22.08. 01:30;5,5662
22.08. 01:45;5,4187
22.08. 02:00;5,3302
22.08. 02:15;5,281
22.08. 02:30;5,2515
22.08. 02:45;5,2417
22.08. 03:00;5,222
22.08. 03:15;5,2319
22.08. 03:30;5,3204
22.08. 03:45;5,5171
22.08. 04:00;5,8416
22.08. 04:15;6,2251
22.08. 04:30;6,6087
22.08. 04:45;6,8939
22.08. 05:00;7,0217
22.08. 05:15;7,0414
22.08. 05:30;7,002
22.08. 05:45;6,9824
22.08. 06:00;7,0315
22.08. 06:15;7,1889
22.08. 06:30;7,4643
22.08. 06:45;7,9068
22.08. 07:00;8,5165
22.08. 07:15;9,3524
22.08. 07:30;10,454
22.08. 07:45;11,85
22.08. 08:00;13,552
22.08. 08:15;15,371
22.08. 08:30;17,053
22.08. 08:45;18,38
22.08. 09:00;19,177
22.08. 09:15;19,541
22.08. 09:30;19,649
22.08. 09:45;19,669
22.08. 10:00;19,728
22.08. 10:15;19,855
22.08. 10:30;20,023
22.08. 10:45;20,219
22.08. 11:00;20,416
22.08. 11:15;20,564
22.08. 11:30;20,613
22.08. 11:45;20,495
22.08. 12:00;20,17
22.08. 12:15;19,669
22.08. 12:30;19,059
22.08. 12:45;18,38
22.08. 13:00;17,692
22.08. 13:15;17,053
22.08. 13:30;16,531
22.08. 13:45;16,168
22.08. 14:00;16,03
22.08. 14:15;16,079
22.08. 14:30;16,266
22.08. 14:45;16,541
22.08. 15:00;16,866
22.08. 15:15;17,171
22.08. 15:30;17,426
22.08. 15:45;17,554
22.08. 16:00;17,525
22.08. 16:15;17,387
22.08. 16:30;17,22
22.08. 16:45;17,092
22.08. 17:00;17,033
22.08. 17:15;16,954
22.08. 17:30;16,738
22.08. 17:45;16,266
22.08. 18:00;15,45
22.08. 18:15;14,368
22.08. 18:30;13,158
22.08. 18:45;11,949
22.08. 19:00;10,828
22.08. 19:15;9,8835
22.08. 19:30;9,1656
22.08. 19:45;8,7329
22.08. 20:00;8,5952
22.08. 20:15;8,664
22.08. 20:30;8,8116
22.08. 20:45;8,9099
22.08. 21:00;8,8706
22.08. 21:15;8,7034
22.08. 21:30;8,487
22.08. 21:45;8,2707
22.08. 22:00;8,1035
22.08. 22:15;7,9855
22.08. 22:30;7,897
22.08. 22:45;7,8085
22.08. 23:00;7,7101
22.08. 23:15;7,5921
22.08. 23:30;7,4446
22.08. 23:45;7,2577
23.08. 00:00;7,0315
23.08. 00:15;6,7857
23.08. 00:30;6,5202
23.08. 00:45;6,2448
23.08. 01:00;5,9891
23.08. 01:15;5,7629
23.08. 01:30;5,5662
23.08. 01:45;5,4187
23.08. 02:00;5,3302
23.08. 02:15;5,281
23.08. 02:30;5,2515
23.08. 02:45;5,2417
23.08. 03:00;5,222
23.08. 03:15;5,2319
23.08. 03:30;5,3204
23.08. 03:45;5,5171
23.08. 04:00;5,8416
23.08. 04:15;6,2251
23.08. 04:30;6,6087
23.08. 04:45;6,8939
23.08. 05:00;7,0217
23.08. 05:15;7,0414
23.08. 05:30;7,002
23.08. 05:45;6,9824
23.08. 06:00;7,0315
23.08. 06:15;7,1889
23.08. 06:30;7,4643
23.08. 06:45;7,9068
23.08. 07:00;8,5165
23.08. 07:15;9,3524
23.08. 07:30;10,454
23.08. 07:45;11,85
23.08. 08:00;13,552
23.08. 08:15;15,371
23.08. 08:30;17,053
23.08. 08:45;18,38
23.08. 09:00;19,177
23.08. 09:15;19,541
23.08. 09:30;19,649
23.08. 09:45;19,669
23.08. 10:00;19,728
23.08. 10:15;19,855
23.08. 10:30;20,023
23.08. 10:45;20,219
23.08. 11:00;20,416
23.08. 11:15;20,564
23.08. 11:30;20,613
23.08. 11:45;20,495
23.08. 12:00;20,17
23.08. 12:15;19,669
23.08. 12:30;19,059
23.08. 12:45;18,38
23.08. 13:00;17,692
23.08. 13:15;17,053
23.08. 13:30;16,531
23.08. 13:45;16,168
23.08. 14:00;16,03
23.08. 14:15;16,079
23.08. 14:30;16,266
23.08. 14:45;16,541
23.08. 15:00;16,866
23.08. 15:15;17,171
23.08. 15:30;17,426
23.08. 15:45;17,554
23.08. 16:00;17,525
23.08. 16:15;17,387
23.08. 16:30;17,22
23.08. 16:45;17,092
23.08. 17:00;17,033
23.08. 17:15;16,954
23.08. 17:30;16,738
23.08. 17:45;16,266
23.08. 18:00;15,45
23.08. 18:15;14,368
23.08. 18:30;13,158
23.08. 18:45;11,949
23.08. 19:00;10,828
23.08. 19:15;9,8835
23.08. 19:30;9,1656
23.08. 19:45;8,7329
23.08. 20:00;8,5952
23.08. 20:15;8,664
23.08. 20:30;8,8116
23.08. 20:45;8,9099
23.08. 21:00;8,8706
23.08. 21:15;8,7034
23.08. 21:30;8,487
23.08. 21:45;8,2707
23.08. 22:00;8,1035
23.08. 22:15;7,9855
23.08. 22:30;7,897
23.08. 22:45;7,8085
23.08. 23:00;7,7101
23.08. 23:15;7,5921
23.08. 23:30;7,4446
23.08. 23:45;7,2577
24.08. 00:00;7,3364
24.08. 00:15;7,4938
24.08. 00:30;7,6413
24.08. 00:45;7,7199
24.08. 01:00;7,6609
24.08. 01:15;7,5036
24.08. 01:30;7,2872
24.08. 01:45;7,0709
24.08. 02:00;6,9037
24.08. 02:15;6,7758
24.08. 02:30;6,6775
24.08. 02:45;6,6185
24.08. 03:00;6,5792
24.08. 03:15;6,5595
24.08. 03:30;6,5693
24.08. 03:45;6,6185
24.08. 04:00;6,6873
24.08. 04:15;6,7857
24.08. 04:30;6,884
24.08. 04:45;6,9824
24.08. 05:00;7,061
24.08. 05:15;7,1201
24.08. 05:30;7,1594
24.08. 05:45;7,1692
24.08. 06:00;7,1791
24.08. 06:15;7,2676
24.08. 06:30;7,5724
24.08. 06:45;8,1822
24.08. 07:00;9,1754
24.08. 07:15;10,444
24.08. 07:30;11,85
24.08. 07:45;13,227
24.08. 08:00;14,476
24.08. 08:15;15,519
24.08. 08:30;16,345
24.08. 08:45;16,905
24.08. 09:00;17,21
24.08. 09:15;17,318
24.08. 09:30;17,338
24.08. 09:45;17,367
24.08. 10:00;17,476
24.08. 10:15;17,643
24.08. 10:30;17,83
24.08. 10:45;18,007
24.08. 11:00;18,134
24.08. 11:15;18,213
24.08. 11:30;18,223
24.08. 11:45;18,193
24.08. 12:00;18,105
24.08. 12:15;17,938
24.08. 12:30;17,672
24.08. 12:45;17,279
24.08. 13:00;16,728
24.08. 13:15;16,04
24.08. 13:30;15,204
24.08. 13:45;14,24
24.08. 14:00;13,168
24.08. 14:15;12,067
24.08. 14:30;11,014
24.08. 14:45;10,11
24.08. 15:00;9,4114
24.08. 15:15;8,8902
24.08. 15:30;8,4969
24.08. 15:45;8,1822
24.08. 16:00;7,897
24.08. 16:15;7,6511
24.08. 16:30;7,4643
24.08. 16:45;7,3462
24.08. 17:00;7,3167
24.08. 17:15;7,3561
24.08. 17:30;7,4347
24.08. 17:45;7,5331
24.08. 18:00;7,6314
24.08. 18:15;7,7199
24.08. 18:30;7,779
24.08. 18:45;7,8085
24.08. 19:00;7,8085
24.08. 19:15;7,8085
24.08. 19:30;7,8281
24.08. 19:45;7,9068
24.08. 20:00;8,0543
24.08. 20:15;8,251
24.08. 20:30;8,428
24.08. 20:45;8,546
24.08. 21:00;8,5559
24.08. 21:15;8,487
24.08. 21:30;8,3493
24.08. 21:45;8,1822
24.08. 22:00;7,9953
24.08. 22:15;7,7986
24.08. 22:30;7,6118
24.08. 22:45;7,4446
24.08. 23:00;7,2872
24.08. 23:15;7,1496
24.08. 23:30;7,0119
24.08. 23:45;6,8939
25.08. 00:00;6,766
25.08. 00:15;6,6283
25.08. 00:30;6,4612
25.08. 00:45;6,2448
25.08. 01:00;5,9891
25.08. 01:15;5,7039
25.08. 01:30;5,4482
25.08. 01:45;5,2417
25.08. 02:00;5,1138
25.08. 02:15;5,0548
25.08. 02:30;5,0155
25.08. 02:45;4,9663
25.08. 03:00;4,8778
25.08. 03:15;4,7696
25.08. 03:30;4,6713
25.08. 03:45;4,5926
25.08. 04:00;4,5631
25.08. 04:15;4,573
25.08. 04:30;4,5828
25.08. 04:45;4,5926
25.08. 05:00;4,5828
25.08. 05:15;4,5533
25.08. 05:30;4,5238
25.08. 05:45;4,5041
25.08. 06:00;4,514
25.08. 06:15;4,5533
25.08. 06:30;4,6418
25.08. 06:45;4,7795
25.08. 07:00;4,9663
25.08. 07:15;5,1729
25.08. 07:30;5,34
25.08. 07:45;5,4187
25.08. 08:00;5,3892
25.08. 08:15;5,3007
25.08. 08:30;5,2319
25.08. 08:45;5,2417
25.08. 09:00;5,3794
25.08. 09:15;5,6252
25.08. 09:30;5,9006
25.08. 09:45;6,1563
25.08. 10:00;6,3431
25.08. 10:15;6,4808
25.08. 10:30;6,589
25.08. 10:45;6,707
25.08. 11:00;6,8545
25.08. 11:15;7,0217
25.08. 11:30;7,1987
25.08. 11:45;7,3462
25.08. 12:00;7,4741
25.08. 12:15;7,5724
25.08. 12:30;7,6511
25.08. 12:45;7,7199
25.08. 13:00;7,779
25.08. 13:15;7,8183
25.08. 13:30;7,7986
25.08. 13:45;7,7199
25.08. 14:00;7,5528
25.08. 14:15;7,3167
25.08. 14:30;7,061
25.08. 14:45;6,7955
25.08. 15:00;6,5693
25.08. 15:15;6,3726
25.08. 15:30;6,2055
25.08. 15:45;6,0678
25.08. 16:00;5,9399
25.08. 16:15;5,8711
25.08. 16:30;5,8711
25.08. 16:45;5,9694
25.08. 17:00;6,1956
25.08. 17:15;6,4907
25.08. 17:30;6,8054
25.08. 17:45;7,0709
25.08. 18:00;7,2676
25.08. 18:15;7,3856
25.08. 18:30;7,4741
25.08. 18:45;7,5331
25.08. 19:00;7,6019
25.08. 19:15;7,6904
25.08. 19:30;7,7888
25.08. 19:45;7,9068
25.08. 20:00;8,0248
25.08. 20:15;8,1527
25.08. 20:30;8,2412
25.08. 20:45;8,2707
25.08. 21:00;8,2313
25.08. 21:15;8,133
25.08. 21:30;7,9855
25.08. 21:45;7,8085
25.08. 22:00;7,6216
25.08. 22:15;7,4249
25.08. 22:30;7,2086
25.08. 22:45;6,9824
25.08. 23:00;6,7463
25.08. 23:15;6,53
25.08. 23:30;6,353
25.08. 23:45;6,2448
26.08. 00:00;7,0315
26.08. 00:15;6,7857
26.08. 00:30;6,5202
26.08. 00:45;6,2448
26.08. 01:00;5,9891
26.08. 01:15;5,7629
26.08. 01:30;5,5662
26.08. 01:45;5,4187
26.08. 02:00;5,3302
26.08. 02:15;5,281
26.08. 02:30;5,2515
26.08. 02:45;5,2417
26.08. 03:00;5,222
26.08. 03:15;5,2319
26.08. 03:30;5,3204
26.08. 03:45;5,5171
26.08. 04:00;5,8416
26.08. 04:15;6,2251
26.08. 04:30;6,6087
26.08. 04:45;6,8939
26.08. 05:00;7,0217
26.08. 05:15;7,0414
26.08. 05:30;7,002
26.08. 05:45;6,9824
26.08. 06:00;7,0315
26.08. 06:15;7,1889
26.08. 06:30;7,4643
26.08. 06:45;7,9068
26.08. 07:00;8,5165
26.08. 07:15;9,3524
26.08. 07:30;10,454
26.08. 07:45;11,85
26.08. 08:00;13,552
26.08. 08:15;15,371
26.08. 08:30;17,053
26.08. 08:45;18,38
26.08. 09:00;19,177
26.08. 09:15;19,541
26.08. 09:30;19,649
26.08. 09:45;19,669
26.08. 10:00;19,728
26.08. 10:15;19,855
26.08. 10:30;20,023
26.08. 10:45;20,219
26.08. 11:00;20,416
26.08. 11:15;20,564
26.08. 11:30;20,613
26.08. 11:45;20,495
26.08. 12:00;20,17
26.08. 12:15;19,669
26.08. 12:30;19,059
26.08. 12:45;18,38
26.08. 13:00;17,692
26.08. 13:15;17,053
26.08. 13:30;16,531
26.08. 13:45;16,168
26.08. 14:00;16,03
26.08. 14:15;16,079
26.08. 14:30;16,266
26.08. 14:45;16,541
26.08. 15:00;16,866
26.08. 15:15;17,171
26.08. 15:30;17,426
26.08. 15:45;17,554
26.08. 16:00;17,525
26.08. 16:15;17,387
26.08. 16:30;17,22
26.08. 16:45;17,092
26.08. 17:00;17,033
26.08. 17:15;16,954
26.08. 17:30;16,738
26.08. 17:45;16,266
26.08. 18:00;15,45
26.08. 18:15;14,368
26.08. 18:30;13,158
26.08. 18:45;11,949
26.08. 19:00;10,828
26.08. 19:15;9,8835
26.08. 19:30;9,1656
26.08. 19:45;8,7329
26.08. 20:00;8,5952
26.08. 20:15;8,664
26.08. 20:30;8,8116
26.08. 20:45;8,9099
26.08. 21:00;8,8706
26.08. 21:15;8,7034
26.08. 21:30;8,487
26.08. 21:45;8,2707
26.08. 22:00;8,1035
26.08. 22:15;7,9855
26.08. 22:30;7,897
26.08. 22:45;7,8085
26.08. 23:00;7,7101
26.08. 23:15;7,5921
26.08. 23:30;7,4446
26.08. 23:45;7,2577
27.08. 00:00;7,0315
27.08. 00:15;6,7857
27.08. 00:30;6,5202
27.08. 00:45;6,2448
27.08. 01:00;5,9891
27.08. 01:15;5,7629
27.08. 01:30;5,5662
27.08. 01:45;5,4187
27.08. 02:00;5,3302
27.08. 02:15;5,281
27.08. 02:30;5,2515
27.08. 02:45;5,2417
27.08. 03:00;5,222
27.08. 03:15;5,2319
27.08. 03:30;5,3204
27.08. 03:45;5,5171
27.08. 04:00;5,8416
27.08. 04:15;6,2251
27.08. 04:30;6,6087
27.08. 04:45;6,8939
27.08. 05:00;7,0217
27.08. 05:15;7,0414
27.08. 05:30;7,002
27.08. 05:45;6,9824
27.08. 06:00;7,0315
27.08. 06:15;7,1889
27.08. 06:30;7,4643
27.08. 06:45;7,9068
27.08. 07:00;8,5165
27.08. 07:15;9,3524
27.08. 07:30;10,454
27.08. 07:45;11,85
27.08. 08:00;13,552
27.08. 08:15;15,371
27.08. 08:30;17,053
27.08. 08:45;18,38
27.08. 09:00;19,177
27.08. 09:15;19,541
27.08. 09:30;19,649
27.08. 09:45;19,669
27.08. 10:00;19,728
27.08. 10:15;19,855
27.08. 10:30;20,023
27.08. 10:45;20,219
27.08. 11:00;20,416
27.08. 11:15;20,564
27.08. 11:30;20,613
27.08. 11:45;20,495
27.08. 12:00;20,17
27.08. 12:15;19,669
27.08. 12:30;19,059
27.08. 12:45;18,38
27.08. 13:00;17,692
27.08. 13:15;17,053
27.08. 13:30;16,531
27.08. 13:45;16,168
27.08. 14:00;16,03
27.08. 14:15;16,079
27.08. 14:30;16,266
27.08. 14:45;16,541
27.08. 15:00;16,866
27.08. 15:15;17,171
27.08. 15:30;17,426
27.08. 15:45;17,554
27.08. 16:00;17,525
27.08. 16:15;17,387
27.08. 16:30;17,22
27.08. 16:45;17,092
27.08. 17:00;17,033
27.08. 17:15;16,954
27.08. 17:30;16,738
27.08. 17:45;16,266
27.08. 18:00;15,45
27.08. 18:15;14,368
27.08. 18:30;13,158
27.08. 18:45;11,949
27.08. 19:00;10,828
27.08. 19:15;9,8835
27.08. 19:30;9,1656
27.08. 19:45;8,7329
27.08. 20:00;8,5952
27.08. 20:15;8,664
27.08. 20:30;8,8116
27.08. 20:45;8,9099
27.08. 21:00;8,8706
27.08. 21:15;8,7034
27.08. 21:30;8,487
27.08. 21:45;8,2707
27.08. 22:00;8,1035
27.08. 22:15;7,9855
27.08. 22:30;7,897
27.08. 22:45;7,8085
27.08. 23:00;7,7101
27.08. 23:15;7,5921
27.08. 23:30;7,4446
27.08. 23:45;7,2577
28.08. 00:00;7,0315
28.08. 00:15;6,7857
28.08. 00:30;6,5202
28.08. 00:45;6,2448
28.08. 01:00;5,9891
28.08. 01:15;5,7629
28.08. 01:30;5,5662
28.08. 01:45;5,4187
28.08. 02:00;5,3302
28.08. 02:15;5,281
28.08. 02:30;5,2515
28.08. 02:45;5,2417
28.08. 03:00;5,222
28.08. 03:15;5,2319
28.08. 03:30;5,3204
28.08. 03:45;5,5171
28.08. 04:00;5,8416
28.08. 04:15;6,2251
28.08. 04:30;6,6087
28.08. 04:45;6,8939
28.08. 05:00;7,0217
28.08. 05:15;7,0414
28.08. 05:30;7,002
28.08. 05:45;6,9824
28.08. 06:00;7,0315
28.08. 06:15;7,1889
28.08. 06:30;7,4643
28.08. 06:45;7,9068
28.08. 07:00;8,5165
28.08. 07:15;9,3524
28.08. 07:30;10,454
28.08. 07:45;11,85
28.08. 08:00;13,552
28.08. 08:15;15,371
28.08. 08:30;17,053
28.08. 08:45;18,38
28.08. 09:00;19,177
28.08. 09:15;19,541
28.08. 09:30;19,649
28.08. 09:45;19,669
28.08. 10:00;19,728
28.08. 10:15;19,855
28.08. 10:30;20,023
28.08. 10:45;20,219
28.08. 11:00;20,416
28.08. 11:15;20,564
28.08. 11:30;20,613
28.08. 11:45;20,495
28.08. 12:00;20,17
28.08. 12:15;19,669
28.08. 12:30;19,059
28.08. 12:45;18,38
28.08. 13:00;17,692
28.08. 13:15;17,053
28.08. 13:30;16,531
28.08. 13:45;16,168
28.08. 14:00;16,03
28.08. 14:15;16,079
28.08. 14:30;16,266
28.08. 14:45;16,541
28.08. 15:00;16,866
28.08. 15:15;17,171
28.08. 15:30;17,426
28.08. 15:45;17,554
28.08. 16:00;17,525
28.08. 16:15;17,387
28.08. 16:30;17,22
28.08. 16:45;17,092
28.08. 17:00;17,033
28.08. 17:15;16,954
28.08. 17:30;16,738
28.08. 17:45;16,266
28.08. 18:00;15,45
28.08. 18:15;14,368
28.08. 18:30;13,158
28.08. 18:45;11,949
28.08. 19:00;10,828
28.08. 19:15;9,8835
28.08. 19:30;9,1656
28.08. 19:45;8,7329
28.08. 20:00;8,5952
28.08. 20:15;8,664
28.08. 20:30;8,8116
28.08. 20:45;8,9099
28.08. 21:00;8,8706
28.08. 21:15;8,7034
28.08. 21:30;8,487
28.08. 21:45;8,2707
28.08. 22:00;8,1035
28.08. 22:15;7,9855
28.08. 22:30;7,897
28.08. 22:45;7,8085
28.08. 23:00;7,7101
28.08. 23:15;7,5921
28.08. 23:30;7,4446
28.08. 23:45;7,2577
29.08. 00:00;7,0315
29.08. 00:15;6,7857
29.08. 00:30;6,5202
29.08. 00:45;6,2448
29.08. 01:00;5,9891
29.08. 01:15;5,7629
29.08. 01:30;5,5662
29.08. 01:45;5,4187
29.08. 02:00;5,3302
29.08. 02:15;5,281
29.08. 02:30;5,2515
29.08. 02:45;5,2417
29.08. 03:00;5,222
29.08. 03:15;5,2319
29.08. 03:30;5,3204
29.08. 03:45;5,5171
29.08. 04:00;5,8416
29.08. 04:15;6,2251
29.08. 04:30;6,6087
29.08. 04:45;6,8939
29.08. 05:00;7,0217
29.08. 05:15;7,0414
29.08. 05:30;7,002
29.08. 05:45;6,9824
29.08. 06:00;7,0315
29.08. 06:15;7,1889
29.08. 06:30;7,4643
29.08. 06:45;7,9068
29.08. 07:00;8,5165
29.08. 07:15;9,3524
29.08. 07:30;10,454
29.08. 07:45;11,85
29.08. 08:00;13,552
29.08. 08:15;15,371
29.08. 08:30;17,053
29.08. 08:45;18,38
29.08. 09:00;19,177
29.08. 09:15;19,541
29.08. 09:30;19,649
29.08. 09:45;19,669
29.08. 10:00;19,728
29.08. 10:15;19,855
29.08. 10:30;20,023
29.08. 10:45;20,219
29.08. 11:00;20,416
29.08. 11:15;20,564
29.08. 11:30;20,613
29.08. 11:45;20,495
29.08. 12:00;20,17
29.08. 12:15;19,669
29.08. 12:30;19,059
29.08. 12:45;18,38
29.08. 13:00;17,692
29.08. 13:15;17,053
29.08. 13:30;16,531
29.08. 13:45;16,168
29.08. 14:00;16,03
29.08. 14:15;16,079
29.08. 14:30;16,266
29.08. 14:45;16,541
29.08. 15:00;16,866
29.08. 15:15;17,171
29.08. 15:30;17,426
29.08. 15:45;17,554
29.08. 16:00;17,525
29.08. 16:15;17,387
29.08. 16:30;17,22
29.08. 16:45;17,092
29.08. 17:00;17,033
29.08. 17:15;16,954
29.08. 17:30;16,738
29.08. 17:45;16,266
29.08. 18:00;15,45
29.08. 18:15;14,368
29.08. 18:30;13,158
29.08. 18:45;11,949
29.08. 19:00;10,828
29.08. 19:15;9,8835
29.08. 19:30;9,1656
29.08. 19:45;8,7329
29.08. 20:00;8,5952
29.08. 20:15;8,664
29.08. 20:30;8,8116
29.08. 20:45;8,9099
29.08. 21:00;8,8706
29.08. 21:15;8,7034
29.08. 21:30;8,487
29.08. 21:45;8,2707
29.08. 22:00;8,1035
29.08. 22:15;7,9855
29.08. 22:30;7,897
29.08. 22:45;7,8085
29.08. 23:00;7,7101
29.08. 23:15;7,5921
29.08. 23:30;7,4446
29.08. 23:45;7,2577
30.08. 00:00;7,0315
30.08. 00:15;6,7857
30.08. 00:30;6,5202
30.08. 00:45;6,2448
30.08. 01:00;5,9891
30.08. 01:15;5,7629
30.08. 01:30;5,5662
30.08. 01:45;5,4187
30.08. 02:00;5,3302
30.08. 02:15;5,281
30.08. 02:30;5,2515
30.08. 02:45;5,2417
30.08. 03:00;5,222
30.08. 03:15;5,2319
30.08. 03:30;5,3204
30.08. 03:45;5,5171
30.08. 04:00;5,8416
30.08. 04:15;6,2251
30.08. 04:30;6,6087
30.08. 04:45;6,8939
30.08. 05:00;7,0217
30.08. 05:15;7,0414
30.08. 05:30;7,002
30.08. 05:45;6,9824
30.08. 06:00;7,0315
30.08. 06:15;7,1889
30.08. 06:30;7,4643
30.08. 06:45;7,9068
30.08. 07:00;8,5165
30.08. 07:15;9,3524
30.08. 07:30;10,454
30.08. 07:45;11,85
30.08. 08:00;13,552
30.08. 08:15;15,371
30.08. 08:30;17,053
30.08. 08:45;18,38
30.08. 09:00;19,177
30.08. 09:15;19,541
30.08. 09:30;19,649
30.08. 09:45;19,669
30.08. 10:00;19,728
30.08. 10:15;19,855
30.08. 10:30;20,023
30.08. 10:45;20,219
30.08. 11:00;20,416
30.08. 11:15;20,564
30.08. 11:30;20,613
30.08. 11:45;20,495
30.08. 12:00;20,17
30.08. 12:15;19,669
30.08. 12:30;19,059
30.08. 12:45;18,38
30.08. 13:00;17,692
30.08. 13:15;17,053
30.08. 13:30;16,531
30.08. 13:45;16,168
30.08. 14:00;16,03
30.08. 14:15;16,079
30.08. 14:30;16,266
30.08. 14:45;16,541
30.08. 15:00;16,866
30.08. 15:15;17,171
30.08. 15:30;17,426
30.08. 15:45;17,554
30.08. 16:00;17,525
30.08. 16:15;17,387
30.08. 16:30;17,22
30.08. 16:45;17,092
30.08. 17:00;17,033
30.08. 17:15;16,954
30.08. 17:30;16,738
30.08. 17:45;16,266
30.08. 18:00;15,45
30.08. 18:15;14,368
30.08. 18:30;13,158
30.08. 18:45;11,949
30.08. 19:00;10,828
30.08. 19:15;9,8835
30.08. 19:30;9,1656
30.08. 19:45;8,7329
30.08. 20:00;8,5952
30.08. 20:15;8,664
30.08. 20:30;8,8116
30.08. 20:45;8,9099
30.08. 21:00;8,8706
30.08. 21:15;8,7034
30.08. 21:30;8,487
30.08. 21:45;8,2707
30.08. 22:00;8,1035
30.08. 22:15;7,9855
30.08. 22:30;7,897
30.08. 22:45;7,8085
30.08. 23:00;7,7101
30.08. 23:15;7,5921
30.08. 23:30;7,4446
30.08. 23:45;7,2577
31.08. 00:00;7,3364
31.08. 00:15;7,4938
31.08. 00:30;7,6413
31.08. 00:45;7,7199
31.08. 01:00;7,6609
31.08. 01:15;7,5036
31.08. 01:30;7,2872
31.08. 01:45;7,0709
31.08. 02:00;6,9037
31.08. 02:15;6,7758
31.08. 02:30;6,6775
31.08. 02:45;6,6185
31.08. 03:00;6,5792
31.08. 03:15;6,5595
31.08. 03:30;6,5693
31.08. 03:45;6,6185
31.08. 04:00;6,6873
31.08. 04:15;6,7857
31.08. 04:30;6,884
31.08. 04:45;6,9824
31.08. 05:00;7,061
31.08. 05:15;7,1201
31.08. 05:30;7,1594
31.08. 05:45;7,1692
31.08. 06:00;7,1791
31.08. 06:15;7,2676
31.08. 06:30;7,5724
31.08. 06:45;8,1822
31.08. 07:00;9,1754
31.08. 07:15;10,444
31.08. 07:30;11,85
31.08. 07:45;13,227
31.08. 08:00;14,476
31.08. 08:15;15,519
31.08. 08:30;16,345
31.08. 08:45;16,905
31.08. 09:00;17,21
31.08. 09:15;17,318
31.08. 09:30;17,338
31.08. 09:45;17,367
31.08. 10:00;17,476
31.08. 10:15;17,643
31.08. 10:30;17,83
31.08. 10:45;18,007
31.08. 11:00;18,134
31.08. 11:15;18,213
31.08. 11:30;18,223
31.08. 11:45;18,193
31.08. 12:00;18,105
31.08. 12:15;17,938
31.08. 12:30;17,672
31.08. 12:45;17,279
31.08. 13:00;16,728
31.08. 13:15;16,04
31.08. 13:30;15,204
31.08. 13:45;14,24
31.08. 14:00;13,168
31.08. 14:15;12,067
31.08. 14:30;11,014
31.08. 14:45;10,11
31.08. 15:00;9,4114
31.08. 15:15;8,8902
31.08. 15:30;8,4969
31.08. 15:45;8,1822
31.08. 16:00;7,897
31.08. 16:15;7,6511
31.08. 16:30;7,4643
31.08. 16:45;7,3462
31.08. 17:00;7,3167
31.08. 17:15;7,3561
31.08. 17:30;7,4347
31.08. 17:45;7,5331
31.08. 18:00;7,6314
31.08. 18:15;7,7199
31.08. 18:30;7,779
31.08. 18:45;7,8085
31.08. 19:00;7,8085
31.08. 19:15;7,8085
31.08. 19:30;7,8281
31.08. 19:45;7,9068
31.08. 20:00;8,0543
31.08. 20:15;8,251
31.08. 20:30;8,428
31.08. 20:45;8,546
31.08. 21:00;8,5559
31.08. 21:15;8,487
31.08. 21:30;8,3493
31.08. 21:45;8,1822
31.08. 22:00;7,9953
31.08. 22:15;7,7986
31.08. 22:30;7,6118
31.08. 22:45;7,4446
31.08. 23:00;7,2872
31.08. 23:15;7,1496
31.08. 23:30;7,0119
31.08. 23:45;6,8939
01.09. 00:00;6,766
01.09. 00:15;6,6283
01.09. 00:30;6,4612
01.09. 00:45;6,2448
01.09. 01:00;5,9891
01.09. 01:15;5,7039
01.09. 01:30;5,4482
01.09. 01:45;5,2417
01.09. 02:00;5,1138
01.09. 02:15;5,0548
01.09. 02:30;5,0155
01.09. 02:45;4,9663
01.09. 03:00;4,8778
01.09. 03:15;4,7696
01.09. 03:30;4,6713
01.09. 03:45;4,5926
01.09. 04:00;4,5631
01.09. 04:15;4,573
01.09. 04:30;4,5828
01.09. 04:45;4,5926
01.09. 05:00;4,5828
01.09. 05:15;4,5533
01.09. 05:30;4,5238
01.09. 05:45;4,5041
01.09. 06:00;4,514
01.09. 06:15;4,5533
01.09. 06:30;4,6418
01.09. 06:45;4,7795
01.09. 07:00;4,9663
01.09. 07:15;5,1729
01.09. 07:30;5,34
01.09. 07:45;5,4187
01.09. 08:00;5,3892
01.09. 08:15;5,3007
01.09. 08:30;5,2319
01.09. 08:45;5,2417
01.09. 09:00;5,3794
01.09. 09:15;5,6252
01.09. 09:30;5,9006
01.09. 09:45;6,1563
01.09. 10:00;6,3431
01.09. 10:15;6,4808
01.09. 10:30;6,589
01.09. 10:45;6,707
01.09. 11:00;6,8545
01.09. 11:15;7,0217
01.09. 11:30;7,1987
01.09. 11:45;7,3462
01.09. 12:00;7,4741
01.09. 12:15;7,5724
01.09. 12:30;7,6511
01.09. 12:45;7,7199
01.09. 13:00;7,779
01.09. 13:15;7,8183
01.09. 13:30;7,7986
01.09. 13:45;7,7199
01.09. 14:00;7,5528
01.09. 14:15;7,3167
01.09. 14:30;7,061
01.09. 14:45;6,7955
01.09. 15:00;6,5693
01.09. 15:15;6,3726
01.09. 15:30;6,2055
01.09. 15:45;6,0678
01.09. 16:00;5,9399
01.09. 16:15;5,8711
01.09. 16:30;5,8711
01.09. 16:45;5,9694
01.09. 17:00;6,1956
01.09. 17:15;6,4907
01.09. 17:30;6,8054
01.09. 17:45;7,0709
01.09. 18:00;7,2676
01.09. 18:15;7,3856
01.09. 18:30;7,4741
01.09. 18:45;7,5331
01.09. 19:00;7,6019
01.09. 19:15;7,6904
01.09. 19:30;7,7888
01.09. 19:45;7,9068
01.09. 20:00;8,0248
01.09. 20:15;8,1527
01.09. 20:30;8,2412
01.09. 20:45;8,2707
01.09. 21:00;8,2313
01.09. 21:15;8,133
01.09. 21:30;7,9855
01.09. 21:45;7,8085
01.09. 22:00;7,6216
01.09. 22:15;7,4249
01.09. 22:30;7,2086
01.09. 22:45;6,9824
01.09. 23:00;6,7463
01.09. 23:15;6,53
01.09. 23:30;6,353
01.09. 23:45;6,2448
02.09. 00:00;7,0315
02.09. 00:15;6,7857
02.09. 00:30;6,5202
02.09. 00:45;6,2448
02.09. 01:00;5,9891
02.09. 01:15;5,7629
02.09. 01:30;5,5662
02.09. 01:45;5,4187
02.09. 02:00;5,3302
02.09. 02:15;5,281
02.09. 02:30;5,2515
02.09. 02:45;5,2417
02.09. 03:00;5,222
02.09. 03:15;5,2319
02.09. 03:30;5,3204
02.09. 03:45;5,5171
02.09. 04:00;5,8416
02.09. 04:15;6,2251
02.09. 04:30;6,6087
02.09. 04:45;6,8939
02.09. 05:00;7,0217
02.09. 05:15;7,0414
02.09. 05:30;7,002
02.09. 05:45;6,9824
02.09. 06:00;7,0315
02.09. 06:15;7,1889
02.09. 06:30;7,4643
02.09. 06:45;7,9068
02.09. 07:00;8,5165
02.09. 07:15;9,3524
02.09. 07:30;10,454
02.09. 07:45;11,85
02.09. 08:00;13,552
02.09. 08:15;15,371
02.09. 08:30;17,053
02.09. 08:45;18,38
02.09. 09:00;19,177
02.09. 09:15;19,541
02.09. 09:30;19,649
02.09. 09:45;19,669
02.09. 10:00;19,728
02.09. 10:15;19,855
02.09. 10:30;20,023
02.09. 10:45;20,219
02.09. 11:00;20,416
02.09. 11:15;20,564
02.09. 11:30;20,613
02.09. 11:45;20,495
02.09. 12:00;20,17
02.09. 12:15;19,669
02.09. 12:30;19,059
02.09. 12:45;18,38
02.09. 13:00;17,692
02.09. 13:15;17,053
02.09. 13:30;16,531
02.09. 13:45;16,168
02.09. 14:00;16,03
02.09. 14:15;16,079
02.09. 14:30;16,266
02.09. 14:45;16,541
02.09. 15:00;16,866
02.09. 15:15;17,171
02.09. 15:30;17,426
02.09. 15:45;17,554
02.09. 16:00;17,525
02.09. 16:15;17,387
02.09. 16:30;17,22
02.09. 16:45;17,092
02.09. 17:00;17,033
02.09. 17:15;16,954
02.09. 17:30;16,738
02.09. 17:45;16,266
02.09. 18:00;15,45
02.09. 18:15;14,368
02.09. 18:30;13,158
02.09. 18:45;11,949
02.09. 19:00;10,828
02.09. 19:15;9,8835
02.09. 19:30;9,1656
02.09. 19:45;8,7329
02.09. 20:00;8,5952
02.09. 20:15;8,664
02.09. 20:30;8,8116
02.09. 20:45;8,9099
02.09. 21:00;8,8706
02.09. 21:15;8,7034
02.09. 21:30;8,487
02.09. 21:45;8,2707
02.09. 22:00;8,1035
02.09. 22:15;7,9855
02.09. 22:30;7,897
02.09. 22:45;7,8085
02.09. 23:00;7,7101
02.09. 23:15;7,5921
02.09. 23:30;7,4446
02.09. 23:45;7,2577
03.09. 00:00;7,0315
03.09. 00:15;6,7857
03.09. 00:30;6,5202
03.09. 00:45;6,2448
03.09. 01:00;5,9891
03.09. 01:15;5,7629
03.09. 01:30;5,5662
03.09. 01:45;5,4187
03.09. 02:00;5,3302
03.09. 02:15;5,281
03.09. 02:30;5,2515
03.09. 02:45;5,2417
03.09. 03:00;5,222
03.09. 03:15;5,2319
03.09. 03:30;5,3204
03.09. 03:45;5,5171
03.09. 04:00;5,8416
03.09. 04:15;6,2251
03.09. 04:30;6,6087
03.09. 04:45;6,8939
03.09. 05:00;7,0217
03.09. 05:15;7,0414
03.09. 05:30;7,002
03.09. 05:45;6,9824
03.09. 06:00;7,0315
03.09. 06:15;7,1889
03.09. 06:30;7,4643
03.09. 06:45;7,9068
03.09. 07:00;8,5165
03.09. 07:15;9,3524
03.09. 07:30;10,454
03.09. 07:45;11,85
03.09. 08:00;13,552
03.09. 08:15;15,371
03.09. 08:30;17,053
03.09. 08:45;18,38
03.09. 09:00;19,177
03.09. 09:15;19,541
03.09. 09:30;19,649
03.09. 09:45;19,669
03.09. 10:00;19,728
03.09. 10:15;19,855
03.09. 10:30;20,023
03.09. 10:45;20,219
03.09. 11:00;20,416
03.09. 11:15;20,564
03.09. 11:30;20,613
03.09. 11:45;20,495
03.09. 12:00;20,17
03.09. 12:15;19,669
03.09. 12:30;19,059
03.09. 12:45;18,38
03.09. 13:00;17,692
03.09. 13:15;17,053
03.09. 13:30;16,531
03.09. 13:45;16,168
03.09. 14:00;16,03
03.09. 14:15;16,079
03.09. 14:30;16,266
03.09. 14:45;16,541
03.09. 15:00;16,866
03.09. 15:15;17,171
03.09. 15:30;17,426
03.09. 15:45;17,554
03.09. 16:00;17,525
03.09. 16:15;17,387
03.09. 16:30;17,22
03.09. 16:45;17,092
03.09. 17:00;17,033
03.09. 17:15;16,954
03.09. 17:30;16,738
03.09. 17:45;16,266
03.09. 18:00;15,45
03.09. 18:15;14,368
03.09. 18:30;13,158
03.09. 18:45;11,949
03.09. 19:00;10,828
03.09. 19:15;9,8835
03.09. 19:30;9,1656
03.09. 19:45;8,7329
03.09. 20:00;8,5952
03.09. 20:15;8,664
03.09. 20:30;8,8116
03.09. 20:45;8,9099
03.09. 21:00;8,8706
03.09. 21:15;8,7034
03.09. 21:30;8,487
03.09. 21:45;8,2707
03.09. 22:00;8,1035
03.09. 22:15;7,9855
03.09. 22:30;7,897
03.09. 22:45;7,8085
03.09. 23:00;7,7101
03.09. 23:15;7,5921
03.09. 23:30;7,4446
03.09. 23:45;7,2577
04.09. 00:00;7,0315
04.09. 00:15;6,7857
04.09. 00:30;6,5202
04.09. 00:45;6,2448
04.09. 01:00;5,9891
04.09. 01:15;5,7629
04.09. 01:30;5,5662
04.09. 01:45;5,4187
04.09. 02:00;5,3302
04.09. 02:15;5,281
04.09. 02:30;5,2515
04.09. 02:45;5,2417
04.09. 03:00;5,222
04.09. 03:15;5,2319
04.09. 03:30;5,3204
04.09. 03:45;5,5171
04.09. 04:00;5,8416
04.09. 04:15;6,2251
04.09. 04:30;6,6087
04.09. 04:45;6,8939
04.09. 05:00;7,0217
04.09. 05:15;7,0414
04.09. 05:30;7,002
04.09. 05:45;6,9824
04.09. 06:00;7,0315
04.09. 06:15;7,1889
04.09. 06:30;7,4643
04.09. 06:45;7,9068
04.09. 07:00;8,5165
04.09. 07:15;9,3524
04.09. 07:30;10,454
04.09. 07:45;11,85
04.09. 08:00;13,552
04.09. 08:15;15,371
04.09. 08:30;17,053
04.09. 08:45;18,38
04.09. 09:00;19,177
04.09. 09:15;19,541
04.09. 09:30;19,649
04.09. 09:45;19,669
04.09. 10:00;19,728
04.09. 10:15;19,855
04.09. 10:30;20,023
04.09. 10:45;20,219
04.09. 11:00;20,416
04.09. 11:15;20,564
04.09. 11:30;20,613
04.09. 11:45;20,495
04.09. 12:00;20,17
04.09. 12:15;19,669
04.09. 12:30;19,059
04.09. 12:45;18,38
04.09. 13:00;17,692
04.09. 13:15;17,053
04.09. 13:30;16,531
04.09. 13:45;16,168
04.09. 14:00;16,03
04.09. 14:15;16,079
04.09. 14:30;16,266
04.09. 14:45;16,541
04.09. 15:00;16,866
04.09. 15:15;17,171
04.09. 15:30;17,426
04.09. 15:45;17,554
04.09. 16:00;17,525
04.09. 16:15;17,387
04.09. 16:30;17,22
04.09. 16:45;17,092
04.09. 17:00;17,033
04.09. 17:15;16,954
04.09. 17:30;16,738
04.09. 17:45;16,266
04.09. 18:00;15,45
04.09. 18:15;14,368
04.09. 18:30;13,158
04.09. 18:45;11,949
04.09. 19:00;10,828
04.09. 19:15;9,8835
04.09. 19:30;9,1656
04.09. 19:45;8,7329
04.09. 20:00;8,5952
04.09. 20:15;8,664
04.09. 20:30;8,8116
04.09. 20:45;8,9099
04.09. 21:00;8,8706
04.09. 21:15;8,7034
04.09. 21:30;8,487
04.09. 21:45;8,2707
04.09. 22:00;8,1035
04.09. 22:15;7,9855
04.09. 22:30;7,897
04.09. 22:45;7,8085
04.09. 23:00;7,7101
04.09. 23:15;7,5921
04.09. 23:30;7,4446
04.09. 23:45;7,2577
05.09. 00:00;7,0315
05.09. 00:15;6,7857
05.09. 00:30;6,5202
05.09. 00:45;6,2448
05.09. 01:00;5,9891
05.09. 01:15;5,7629
05.09. 01:30;5,5662
05.09. 01:45;5,4187
05.09. 02:00;5,3302
05.09. 02:15;5,281
05.09. 02:30;5,2515
05.09. 02:45;5,2417
05.09. 03:00;5,222
05.09. 03:15;5,2319
05.09. 03:30;5,3204
05.09. 03:45;5,5171
05.09. 04:00;5,8416
05.09. 04:15;6,2251
05.09. 04:30;6,6087
05.09. 04:45;6,8939
05.09. 05:00;7,0217
05.09. 05:15;7,0414
05.09. 05:30;7,002
05.09. 05:45;6,9824
05.09. 06:00;7,0315
05.09. 06:15;7,1889
05.09. 06:30;7,4643
05.09. 06:45;7,9068
05.09. 07:00;8,5165
05.09. 07:15;9,3524
05.09. 07:30;10,454
05.09. 07:45;11,85
05.09. 08:00;13,552
05.09. 08:15;15,371
05.09. 08:30;17,053
05.09. 08:45;18,38
05.09. 09:00;19,177
05.09. 09:15;19,541
05.09. 09:30;19,649
05.09. 09:45;19,669
05.09. 10:00;19,728
05.09. 10:15;19,855
05.09. 10:30;20,023
05.09. 10:45;20,219
05.09. 11:00;20,416
05.09. 11:15;20,564
05.09. 11:30;20,613
05.09. 11:45;20,495
05.09. 12:00;20,17
05.09. 12:15;19,669
05.09. 12:30;19,059
05.09. 12:45;18,38
05.09. 13:00;17,692
05.09. 13:15;17,053
05.09. 13:30;16,531
05.09. 13:45;16,168
05.09. 14:00;16,03
05.09. 14:15;16,079
05.09. 14:30;16,266
05.09. 14:45;16,541
05.09. 15:00;16,866
05.09. 15:15;17,171
05.09. 15:30;17,426
05.09. 15:45;17,554
05.09. 16:00;17,525
05.09. 16:15;17,387
05.09. 16:30;17,22
05.09. 16:45;17,092
05.09. 17:00;17,033
05.09. 17:15;16,954
05.09. 17:30;16,738
05.09. 17:45;16,266
05.09. 18:00;15,45
05.09. 18:15;14,368
05.09. 18:30;13,158
05.09. 18:45;11,949
05.09. 19:00;10,828
05.09. 19:15;9,8835
05.09. 19:30;9,1656
05.09. 19:45;8,7329
05.09. 20:00;8,5952
05.09. 20:15;8,664
05.09. 20:30;8,8116
05.09. 20:45;8,9099
05.09. 21:00;8,8706
05.09. 21:15;8,7034
05.09. 21:30;8,487
05.09. 21:45;8,2707
05.09. 22:00;8,1035
05.09. 22:15;7,9855
05.09. 22:30;7,897
05.09. 22:45;7,8085
05.09. 23:00;7,7101
05.09. 23:15;7,5921
05.09. 23:30;7,4446
05.09. 23:45;7,2577
06.09. 00:00;7,0315
06.09. 00:15;6,7857
06.09. 00:30;6,5202
06.09. 00:45;6,2448
06.09. 01:00;5,9891
06.09. 01:15;5,7629
06.09. 01:30;5,5662
06.09. 01:45;5,4187
06.09. 02:00;5,3302
06.09. 02:15;5,281
06.09. 02:30;5,2515
06.09. 02:45;5,2417
06.09. 03:00;5,222
06.09. 03:15;5,2319
06.09. 03:30;5,3204
06.09. 03:45;5,5171
06.09. 04:00;5,8416
06.09. 04:15;6,2251
06.09. 04:30;6,6087
06.09. 04:45;6,8939
06.09. 05:00;7,0217
06.09. 05:15;7,0414
06.09. 05:30;7,002
06.09. 05:45;6,9824
06.09. 06:00;7,0315
06.09. 06:15;7,1889
06.09. 06:30;7,4643
06.09. 06:45;7,9068
06.09. 07:00;8,5165
06.09. 07:15;9,3524
06.09. 07:30;10,454
06.09. 07:45;11,85
06.09. 08:00;13,552
06.09. 08:15;15,371
06.09. 08:30;17,053
06.09. 08:45;18,38
06.09. 09:00;19,177
06.09. 09:15;19,541
06.09. 09:30;19,649
06.09. 09:45;19,669
06.09. 10:00;19,728
06.09. 10:15;19,855
06.09. 10:30;20,023
06.09. 10:45;20,219
06.09. 11:00;20,416
06.09. 11:15;20,564
06.09. 11:30;20,613
06.09. 11:45;20,495
06.09. 12:00;20,17
06.09. 12:15;19,669
06.09. 12:30;19,059
06.09. 12:45;18,38
06.09. 13:00;17,692
06.09. 13:15;17,053
06.09. 13:30;16,531
06.09. 13:45;16,168
06.09. 14:00;16,03
06.09. 14:15;16,079
06.09. 14:30;16,266
06.09. 14:45;16,541
06.09. 15:00;16,866
06.09. 15:15;17,171
06.09. 15:30;17,426
06.09. 15:45;17,554
06.09. 16:00;17,525
06.09. 16:15;17,387
06.09. 16:30;17,22
06.09. 16:45;17,092
06.09. 17:00;17,033
06.09. 17:15;16,954
06.09. 17:30;16,738
06.09. 17:45;16,266
06.09. 18:00;15,45
06.09. 18:15;14,368
06.09. 18:30;13,158
06.09. 18:45;11,949
06.09. 19:00;10,828
06.09. 19:15;9,8835
06.09. 19:30;9,1656
06.09. 19:45;8,7329
06.09. 20:00;8,5952
06.09. 20:15;8,664
06.09. 20:30;8,8116
06.09. 20:45;8,9099
06.09. 21:00;8,8706
06.09. 21:15;8,7034
06.09. 21:30;8,487
06.09. 21:45;8,2707
06.09. 22:00;8,1035
06.09. 22:15;7,9855
06.09. 22:30;7,897
06.09. 22:45;7,8085
06.09. 23:00;7,7101
06.09. 23:15;7,5921
06.09. 23:30;7,4446
06.09. 23:45;7,2577
07.09. 00:00;7,3364
07.09. 00:15;7,4938
07.09. 00:30;7,6413
07.09. 00:45;7,7199
07.09. 01:00;7,6609
07.09. 01:15;7,5036
07.09. 01:30;7,2872
07.09. 01:45;7,0709
07.09. 02:00;6,9037
07.09. 02:15;6,7758
07.09. 02:30;6,6775
07.09. 02:45;6,6185
07.09. 03:00;6,5792
07.09. 03:15;6,5595
07.09. 03:30;6,5693
07.09. 03:45;6,6185
07.09. 04:00;6,6873
07.09. 04:15;6,7857
07.09. 04:30;6,884
07.09. 04:45;6,9824
07.09. 05:00;7,061
07.09. 05:15;7,1201
07.09. 05:30;7,1594
07.09. 05:45;7,1692
07.09. 06:00;7,1791
07.09. 06:15;7,2676
07.09. 06:30;7,5724
07.09. 06:45;8,1822
07.09. 07:00;9,1754
07.09. 07:15;10,444
07.09. 07:30;11,85
07.09. 07:45;13,227
07.09. 08:00;14,476
07.09. 08:15;15,519
07.09. 08:30;16,345
07.09. 08:45;16,905
07.09. 09:00;17,21
07.09. 09:15;17,318
07.09. 09:30;17,338
07.09. 09:45;17,367
07.09. 10:00;17,476
07.09. 10:15;17,643
07.09. 10:30;17,83
07.09. 10:45;18,007
07.09. 11:00;18,134
07.09. 11:15;18,213
07.09. 11:30;18,223
07.09. 11:45;18,193
07.09. 12:00;18,105
07.09. 12:15;17,938
07.09. 12:30;17,672
07.09. 12:45;17,279
07.09. 13:00;16,728
07.09. 13:15;16,04
07.09. 13:30;15,204
07.09. 13:45;14,24
07.09. 14:00;13,168
07.09. 14:15;12,067
07.09. 14:30;11,014
07.09. 14:45;10,11
07.09. 15:00;9,4114
07.09. 15:15;8,8902
07.09. 15:30;8,4969
07.09. 15:45;8,1822
07.09. 16:00;7,897
07.09. 16:15;7,6511
07.09. 16:30;7,4643
07.09. 16:45;7,3462
07.09. 17:00;7,3167
07.09. 17:15;7,3561
07.09. 17:30;7,4347
07.09. 17:45;7,5331
07.09. 18:00;7,6314
07.09. 18:15;7,7199
07.09. 18:30;7,779
07.09. 18:45;7,8085
07.09. 19:00;7,8085
07.09. 19:15;7,8085
07.09. 19:30;7,8281
07.09. 19:45;7,9068
07.09. 20:00;8,0543
07.09. 20:15;8,251
07.09. 20:30;8,428
07.09. 20:45;8,546
07.09. 21:00;8,5559
07.09. 21:15;8,487
07.09. 21:30;8,3493
07.09. 21:45;8,1822
07.09. 22:00;7,9953
07.09. 22:15;7,7986
07.09. 22:30;7,6118
07.09. 22:45;7,4446
07.09. 23:00;7,2872
07.09. 23:15;7,1496
07.09. 23:30;7,0119
07.09. 23:45;6,8939
08.09. 00:00;6,766
08.09. 00:15;6,6283
08.09. 00:30;6,4612
08.09. 00:45;6,2448
08.09. 01:00;5,9891
08.09. 01:15;5,7039
08.09. 01:30;5,4482
08.09. 01:45;5,2417
08.09. 02:00;5,1138
08.09. 02:15;5,0548
08.09. 02:30;5,0155
08.09. 02:45;4,9663
08.09. 03:00;4,8778
08.09. 03:15;4,7696
08.09. 03:30;4,6713
08.09. 03:45;4,5926
08.09. 04:00;4,5631
08.09. 04:15;4,573
08.09. 04:30;4,5828
08.09. 04:45;4,5926
08.09. 05:00;4,5828
08.09. 05:15;4,5533
08.09. 05:30;4,5238
08.09. 05:45;4,5041
08.09. 06:00;4,514
08.09. 06:15;4,5533
08.09. 06:30;4,6418
08.09. 06:45;4,7795
08.09. 07:00;4,9663
08.09. 07:15;5,1729
08.09. 07:30;5,34
08.09. 07:45;5,4187
08.09. 08:00;5,3892
08.09. 08:15;5,3007
08.09. 08:30;5,2319
08.09. 08:45;5,2417
08.09. 09:00;5,3794
08.09. 09:15;5,6252
08.09. 09:30;5,9006
08.09. 09:45;6,1563
08.09. 10:00;6,3431
08.09. 10:15;6,4808
08.09. 10:30;6,589
08.09. 10:45;6,707
08.09. 11:00;6,8545
08.09. 11:15;7,0217
08.09. 11:30;7,1987
08.09. 11:45;7,3462
08.09. 12:00;7,4741
08.09. 12:15;7,5724
08.09. 12:30;7,6511
08.09. 12:45;7,7199
08.09. 13:00;7,779
08.09. 13:15;7,8183
08.09. 13:30;7,7986
08.09. 13:45;7,7199
08.09. 14:00;7,5528
08.09. 14:15;7,3167
08.09. 14:30;7,061
08.09. 14:45;6,7955
08.09. 15:00;6,5693
08.09. 15:15;6,3726
08.09. 15:30;6,2055
08.09. 15:45;6,0678
08.09. 16:00;5,9399
08.09. 16:15;5,8711
08.09. 16:30;5,8711
08.09. 16:45;5,9694
08.09. 17:00;6,1956
08.09. 17:15;6,4907
08.09. 17:30;6,8054
08.09. 17:45;7,0709
08.09. 18:00;7,2676
08.09. 18:15;7,3856
08.09. 18:30;7,4741
08.09. 18:45;7,5331
08.09. 19:00;7,6019
08.09. 19:15;7,6904
08.09. 19:30;7,7888
08.09. 19:45;7,9068
08.09. 20:00;8,0248
08.09. 20:15;8,1527
08.09. 20:30;8,2412
08.09. 20:45;8,2707
08.09. 21:00;8,2313
08.09. 21:15;8,133
08.09. 21:30;7,9855
08.09. 21:45;7,8085
08.09. 22:00;7,6216
08.09. 22:15;7,4249
08.09. 22:30;7,2086
08.09. 22:45;6,9824
08.09. 23:00;6,7463
08.09. 23:15;6,53
08.09. 23:30;6,353
08.09. 23:45;6,2448
09.09. 00:00;7,0315
09.09. 00:15;6,7857
09.09. 00:30;6,5202
09.09. 00:45;6,2448
09.09. 01:00;5,9891
09.09. 01:15;5,7629
09.09. 01:30;5,5662
09.09. 01:45;5,4187
09.09. 02:00;5,3302
09.09. 02:15;5,281
09.09. 02:30;5,2515
09.09. 02:45;5,2417
09.09. 03:00;5,222
09.09. 03:15;5,2319
09.09. 03:30;5,3204
09.09. 03:45;5,5171
09.09. 04:00;5,8416
09.09. 04:15;6,2251
09.09. 04:30;6,6087
09.09. 04:45;6,8939
09.09. 05:00;7,0217
09.09. 05:15;7,0414
09.09. 05:30;7,002
09.09. 05:45;6,9824
09.09. 06:00;7,0315
09.09. 06:15;7,1889
09.09. 06:30;7,4643
09.09. 06:45;7,9068
09.09. 07:00;8,5165
09.09. 07:15;9,3524
09.09. 07:30;10,454
09.09. 07:45;11,85
09.09. 08:00;13,552
09.09. 08:15;15,371
09.09. 08:30;17,053
09.09. 08:45;18,38
09.09. 09:00;19,177
09.09. 09:15;19,541
09.09. 09:30;19,649
09.09. 09:45;19,669
09.09. 10:00;19,728
09.09. 10:15;19,855
09.09. 10:30;20,023
09.09. 10:45;20,219
09.09. 11:00;20,416
09.09. 11:15;20,564
09.09. 11:30;20,613
09.09. 11:45;20,495
09.09. 12:00;20,17
09.09. 12:15;19,669
09.09. 12:30;19,059
09.09. 12:45;18,38
09.09. 13:00;17,692
09.09. 13:15;17,053
09.09. 13:30;16,531
09.09. 13:45;16,168
09.09. 14:00;16,03
09.09. 14:15;16,079
09.09. 14:30;16,266
09.09. 14:45;16,541
09.09. 15:00;16,866
09.09. 15:15;17,171
09.09. 15:30;17,426
09.09. 15:45;17,554
09.09. 16:00;17,525
09.09. 16:15;17,387
09.09. 16:30;17,22
09.09. 16:45;17,092
09.09. 17:00;17,033
09.09. 17:15;16,954
09.09. 17:30;16,738
09.09. 17:45;16,266
09.09. 18:00;15,45
09.09. 18:15;14,368
09.09. 18:30;13,158
09.09. 18:45;11,949
09.09. 19:00;10,828
09.09. 19:15;9,8835
09.09. 19:30;9,1656
09.09. 19:45;8,7329
09.09. 20:00;8,5952
09.09. 20:15;8,664
09.09. 20:30;8,8116
09.09. 20:45;8,9099
09.09. 21:00;8,8706
09.09. 21:15;8,7034
09.09. 21:30;8,487
09.09. 21:45;8,2707
09.09. 22:00;8,1035
09.09. 22:15;7,9855
09.09. 22:30;7,897
09.09. 22:45;7,8085
09.09. 23:00;7,7101
09.09. 23:15;7,5921
09.09. 23:30;7,4446
09.09. 23:45;7,2577
10.09. 00:00;7,0315
10.09. 00:15;6,7857
10.09. 00:30;6,5202
10.09. 00:45;6,2448
10.09. 01:00;5,9891
10.09. 01:15;5,7629
10.09. 01:30;5,5662
10.09. 01:45;5,4187
10.09. 02:00;5,3302
10.09. 02:15;5,281
10.09. 02:30;5,2515
10.09. 02:45;5,2417
10.09. 03:00;5,222
10.09. 03:15;5,2319
10.09. 03:30;5,3204
10.09. 03:45;5,5171
10.09. 04:00;5,8416
10.09. 04:15;6,2251
10.09. 04:30;6,6087
10.09. 04:45;6,8939
10.09. 05:00;7,0217
10.09. 05:15;7,0414
10.09. 05:30;7,002
10.09. 05:45;6,9824
10.09. 06:00;7,0315
10.09. 06:15;7,1889
10.09. 06:30;7,4643
10.09. 06:45;7,9068
10.09. 07:00;8,5165
10.09. 07:15;9,3524
10.09. 07:30;10,454
10.09. 07:45;11,85
10.09. 08:00;13,552
10.09. 08:15;15,371
10.09. 08:30;17,053
10.09. 08:45;18,38
10.09. 09:00;19,177
10.09. 09:15;19,541
10.09. 09:30;19,649
10.09. 09:45;19,669
10.09. 10:00;19,728
10.09. 10:15;19,855
10.09. 10:30;20,023
10.09. 10:45;20,219
10.09. 11:00;20,416
10.09. 11:15;20,564
10.09. 11:30;20,613
10.09. 11:45;20,495
10.09. 12:00;20,17
10.09. 12:15;19,669
10.09. 12:30;19,059
10.09. 12:45;18,38
10.09. 13:00;17,692
10.09. 13:15;17,053
10.09. 13:30;16,531
10.09. 13:45;16,168
10.09. 14:00;16,03
10.09. 14:15;16,079
10.09. 14:30;16,266
10.09. 14:45;16,541
10.09. 15:00;16,866
10.09. 15:15;17,171
10.09. 15:30;17,426
10.09. 15:45;17,554
10.09. 16:00;17,525
10.09. 16:15;17,387
10.09. 16:30;17,22
10.09. 16:45;17,092
10.09. 17:00;17,033
10.09. 17:15;16,954
10.09. 17:30;16,738
10.09. 17:45;16,266
10.09. 18:00;15,45
10.09. 18:15;14,368
10.09. 18:30;13,158
10.09. 18:45;11,949
10.09. 19:00;10,828
10.09. 19:15;9,8835
10.09. 19:30;9,1656
10.09. 19:45;8,7329
10.09. 20:00;8,5952
10.09. 20:15;8,664
10.09. 20:30;8,8116
10.09. 20:45;8,9099
10.09. 21:00;8,8706
10.09. 21:15;8,7034
10.09. 21:30;8,487
10.09. 21:45;8,2707
10.09. 22:00;8,1035
10.09. 22:15;7,9855
10.09. 22:30;7,897
10.09. 22:45;7,8085
10.09. 23:00;7,7101
10.09. 23:15;7,5921
10.09. 23:30;7,4446
10.09. 23:45;7,2577
11.09. 00:00;7,0315
11.09. 00:15;6,7857
11.09. 00:30;6,5202
11.09. 00:45;6,2448
11.09. 01:00;5,9891
11.09. 01:15;5,7629
11.09. 01:30;5,5662
11.09. 01:45;5,4187
11.09. 02:00;5,3302
11.09. 02:15;5,281
11.09. 02:30;5,2515
11.09. 02:45;5,2417
11.09. 03:00;5,222
11.09. 03:15;5,2319
11.09. 03:30;5,3204
11.09. 03:45;5,5171
11.09. 04:00;5,8416
11.09. 04:15;6,2251
11.09. 04:30;6,6087
11.09. 04:45;6,8939
11.09. 05:00;7,0217
11.09. 05:15;7,0414
11.09. 05:30;7,002
11.09. 05:45;6,9824
11.09. 06:00;7,0315
11.09. 06:15;7,1889
11.09. 06:30;7,4643
11.09. 06:45;7,9068
11.09. 07:00;8,5165
11.09. 07:15;9,3524
11.09. 07:30;10,454
11.09. 07:45;11,85
11.09. 08:00;13,552
11.09. 08:15;15,371
11.09. 08:30;17,053
11.09. 08:45;18,38
11.09. 09:00;19,177
11.09. 09:15;19,541
11.09. 09:30;19,649
11.09. 09:45;19,669
11.09. 10:00;19,728
11.09. 10:15;19,855
11.09. 10:30;20,023
11.09. 10:45;20,219
11.09. 11:00;20,416
11.09. 11:15;20,564
11.09. 11:30;20,613
11.09. 11:45;20,495
11.09. 12:00;20,17
11.09. 12:15;19,669
11.09. 12:30;19,059
11.09. 12:45;18,38
11.09. 13:00;17,692
11.09. 13:15;17,053
11.09. 13:30;16,531
11.09. 13:45;16,168
11.09. 14:00;16,03
11.09. 14:15;16,079
11.09. 14:30;16,266
11.09. 14:45;16,541
11.09. 15:00;16,866
11.09. 15:15;17,171
11.09. 15:30;17,426
11.09. 15:45;17,554
11.09. 16:00;17,525
11.09. 16:15;17,387
11.09. 16:30;17,22
11.09. 16:45;17,092
11.09. 17:00;17,033
11.09. 17:15;16,954
11.09. 17:30;16,738
11.09. 17:45;16,266
11.09. 18:00;15,45
11.09. 18:15;14,368
11.09. 18:30;13,158
11.09. 18:45;11,949
11.09. 19:00;10,828
11.09. 19:15;9,8835
11.09. 19:30;9,1656
11.09. 19:45;8,7329
11.09. 20:00;8,5952
11.09. 20:15;8,664
11.09. 20:30;8,8116
11.09. 20:45;8,9099
11.09. 21:00;8,8706
11.09. 21:15;8,7034
11.09. 21:30;8,487
11.09. 21:45;8,2707
11.09. 22:00;8,1035
11.09. 22:15;7,9855
11.09. 22:30;7,897
11.09. 22:45;7,8085
11.09. 23:00;7,7101
11.09. 23:15;7,5921
11.09. 23:30;7,4446
11.09. 23:45;7,2577
12.09. 00:00;7,0315
12.09. 00:15;6,7857
12.09. 00:30;6,5202
12.09. 00:45;6,2448
12.09. 01:00;5,9891
12.09. 01:15;5,7629
12.09. 01:30;5,5662
12.09. 01:45;5,4187
12.09. 02:00;5,3302
12.09. 02:15;5,281
12.09. 02:30;5,2515
12.09. 02:45;5,2417
12.09. 03:00;5,222
12.09. 03:15;5,2319
12.09. 03:30;5,3204
12.09. 03:45;5,5171
12.09. 04:00;5,8416
12.09. 04:15;6,2251
12.09. 04:30;6,6087
12.09. 04:45;6,8939
12.09. 05:00;7,0217
12.09. 05:15;7,0414
12.09. 05:30;7,002
12.09. 05:45;6,9824
12.09. 06:00;7,0315
12.09. 06:15;7,1889
12.09. 06:30;7,4643
12.09. 06:45;7,9068
12.09. 07:00;8,5165
12.09. 07:15;9,3524
12.09. 07:30;10,454
12.09. 07:45;11,85
12.09. 08:00;13,552
12.09. 08:15;15,371
12.09. 08:30;17,053
12.09. 08:45;18,38
12.09. 09:00;19,177
12.09. 09:15;19,541
12.09. 09:30;19,649
12.09. 09:45;19,669
12.09. 10:00;19,728
12.09. 10:15;19,855
12.09. 10:30;20,023
12.09. 10:45;20,219
12.09. 11:00;20,416
12.09. 11:15;20,564
12.09. 11:30;20,613
12.09. 11:45;20,495
12.09. 12:00;20,17
12.09. 12:15;19,669
12.09. 12:30;19,059
12.09. 12:45;18,38
12.09. 13:00;17,692
12.09. 13:15;17,053
12.09. 13:30;16,531
12.09. 13:45;16,168
12.09. 14:00;16,03
12.09. 14:15;16,079
12.09. 14:30;16,266
12.09. 14:45;16,541
12.09. 15:00;16,866
12.09. 15:15;17,171
12.09. 15:30;17,426
12.09. 15:45;17,554
12.09. 16:00;17,525
12.09. 16:15;17,387
12.09. 16:30;17,22
12.09. 16:45;17,092
12.09. 17:00;17,033
12.09. 17:15;16,954
12.09. 17:30;16,738
12.09. 17:45;16,266
12.09. 18:00;15,45
12.09. 18:15;14,368
12.09. 18:30;13,158
12.09. 18:45;11,949
12.09. 19:00;10,828
12.09. 19:15;9,8835
12.09. 19:30;9,1656
12.09. 19:45;8,7329
12.09. 20:00;8,5952
12.09. 20:15;8,664
12.09. 20:30;8,8116
12.09. 20:45;8,9099
12.09. 21:00;8,8706
12.09. 21:15;8,7034
12.09. 21:30;8,487
12.09. 21:45;8,2707
12.09. 22:00;8,1035
12.09. 22:15;7,9855
12.09. 22:30;7,897
12.09. 22:45;7,8085
12.09. 23:00;7,7101
12.09. 23:15;7,5921
12.09. 23:30;7,4446
12.09. 23:45;7,2577
13.09. 00:00;7,0315
13.09. 00:15;6,7857
13.09. 00:30;6,5202
13.09. 00:45;6,2448
13.09. 01:00;5,9891
13.09. 01:15;5,7629
13.09. 01:30;5,5662
13.09. 01:45;5,4187
13.09. 02:00;5,3302
13.09. 02:15;5,281
13.09. 02:30;5,2515
13.09. 02:45;5,2417
13.09. 03:00;5,222
13.09. 03:15;5,2319
13.09. 03:30;5,3204
13.09. 03:45;5,5171
13.09. 04:00;5,8416
13.09. 04:15;6,2251
13.09. 04:30;6,6087
13.09. 04:45;6,8939
13.09. 05:00;7,0217
13.09. 05:15;7,0414
13.09. 05:30;7,002
13.09. 05:45;6,9824
13.09. 06:00;7,0315
13.09. 06:15;7,1889
13.09. 06:30;7,4643
13.09. 06:45;7,9068
13.09. 07:00;8,5165
13.09. 07:15;9,3524
13.09. 07:30;10,454
13.09. 07:45;11,85
13.09. 08:00;13,552
13.09. 08:15;15,371
13.09. 08:30;17,053
13.09. 08:45;18,38
13.09. 09:00;19,177
13.09. 09:15;19,541
13.09. 09:30;19,649
13.09. 09:45;19,669
13.09. 10:00;19,728
13.09. 10:15;19,855
13.09. 10:30;20,023
13.09. 10:45;20,219
13.09. 11:00;20,416
13.09. 11:15;20,564
13.09. 11:30;20,613
13.09. 11:45;20,495
13.09. 12:00;20,17
13.09. 12:15;19,669
13.09. 12:30;19,059
13.09. 12:45;18,38
13.09. 13:00;17,692
13.09. 13:15;17,053
13.09. 13:30;16,531
13.09. 13:45;16,168
13.09. 14:00;16,03
13.09. 14:15;16,079
13.09. 14:30;16,266
13.09. 14:45;16,541
13.09. 15:00;16,866
13.09. 15:15;17,171
13.09. 15:30;17,426
13.09. 15:45;17,554
13.09. 16:00;17,525
13.09. 16:15;17,387
13.09. 16:30;17,22
13.09. 16:45;17,092
13.09. 17:00;17,033
13.09. 17:15;16,954
13.09. 17:30;16,738
13.09. 17:45;16,266
13.09. 18:00;15,45
13.09. 18:15;14,368
13.09. 18:30;13,158
13.09. 18:45;11,949
13.09. 19:00;10,828
13.09. 19:15;9,8835
13.09. 19:30;9,1656
13.09. 19:45;8,7329
13.09. 20:00;8,5952
13.09. 20:15;8,664
13.09. 20:30;8,8116
13.09. 20:45;8,9099
13.09. 21:00;8,8706
13.09. 21:15;8,7034
13.09. 21:30;8,487
13.09. 21:45;8,2707
13.09. 22:00;8,1035
13.09. 22:15;7,9855
13.09. 22:30;7,897
13.09. 22:45;7,8085
13.09. 23:00;7,7101
13.09. 23:15;7,5921
13.09. 23:30;7,4446
13.09. 23:45;7,2577
14.09. 00:00;7,3364
14.09. 00:15;7,4938
14.09. 00:30;7,6413
14.09. 00:45;7,7199
14.09. 01:00;7,6609
14.09. 01:15;7,5036
14.09. 01:30;7,2872
14.09. 01:45;7,0709
14.09. 02:00;6,9037
14.09. 02:15;6,7758
14.09. 02:30;6,6775
14.09. 02:45;6,6185
14.09. 03:00;6,5792
14.09. 03:15;6,5595
14.09. 03:30;6,5693
14.09. 03:45;6,6185
14.09. 04:00;6,6873
14.09. 04:15;6,7857
14.09. 04:30;6,884
14.09. 04:45;6,9824
14.09. 05:00;7,061
14.09. 05:15;7,1201
14.09. 05:30;7,1594
14.09. 05:45;7,1692
14.09. 06:00;7,1791
14.09. 06:15;7,2676
14.09. 06:30;7,5724
14.09. 06:45;8,1822
14.09. 07:00;9,1754
14.09. 07:15;10,444
14.09. 07:30;11,85
14.09. 07:45;13,227
14.09. 08:00;14,476
14.09. 08:15;15,519
14.09. 08:30;16,345
14.09. 08:45;16,905
14.09. 09:00;17,21
14.09. 09:15;17,318
14.09. 09:30;17,338
14.09. 09:45;17,367
14.09. 10:00;17,476
14.09. 10:15;17,643
14.09. 10:30;17,83
14.09. 10:45;18,007
14.09. 11:00;18,134
14.09. 11:15;18,213
14.09. 11:30;18,223
14.09. 11:45;18,193
14.09. 12:00;18,105
14.09. 12:15;17,938
14.09. 12:30;17,672
14.09. 12:45;17,279
14.09. 13:00;16,728
14.09. 13:15;16,04
14.09. 13:30;15,204
14.09. 13:45;14,24
14.09. 14:00;13,168
14.09. 14:15;12,067
14.09. 14:30;11,014
14.09. 14:45;10,11
14.09. 15:00;9,4114
14.09. 15:15;8,8902
14.09. 15:30;8,4969
14.09. 15:45;8,1822
14.09. 16:00;7,897
14.09. 16:15;7,6511
14.09. 16:30;7,4643
14.09. 16:45;7,3462
14.09. 17:00;7,3167
14.09. 17:15;7,3561
14.09. 17:30;7,4347
14.09. 17:45;7,5331
14.09. 18:00;7,6314
14.09. 18:15;7,7199
14.09. 18:30;7,779
14.09. 18:45;7,8085
14.09. 19:00;7,8085
14.09. 19:15;7,8085
14.09. 19:30;7,8281
14.09. 19:45;7,9068
14.09. 20:00;8,0543
14.09. 20:15;8,251
14.09. 20:30;8,428
14.09. 20:45;8,546
14.09. 21:00;8,5559
14.09. 21:15;8,487
14.09. 21:30;8,3493
14.09. 21:45;8,1822
14.09. 22:00;7,9953
14.09. 22:15;7,7986
14.09. 22:30;7,6118
14.09. 22:45;7,4446
14.09. 23:00;7,2872
14.09. 23:15;7,1496
14.09. 23:30;7,0119
14.09. 23:45;6,8939
15.09. 00:00;6,766
15.09. 00:15;6,6283
15.09. 00:30;6,4612
15.09. 00:45;6,2448
15.09. 01:00;5,9891
15.09. 01:15;5,7039
15.09. 01:30;5,4482
15.09. 01:45;5,2417
15.09. 02:00;5,1138
15.09. 02:15;5,0548
15.09. 02:30;5,0155
15.09. 02:45;4,9663
15.09. 03:00;4,8778
15.09. 03:15;4,7696
15.09. 03:30;4,6713
15.09. 03:45;4,5926
15.09. 04:00;4,5631
15.09. 04:15;4,573
15.09. 04:30;4,5828
15.09. 04:45;4,5926
15.09. 05:00;4,5828
15.09. 05:15;4,5533
15.09. 05:30;4,5238
15.09. 05:45;4,5041
15.09. 06:00;4,514
15.09. 06:15;4,5533
15.09. 06:30;4,6418
15.09. 06:45;4,7795
15.09. 07:00;4,9663
15.09. 07:15;5,1729
15.09. 07:30;5,34
15.09. 07:45;5,4187
15.09. 08:00;5,3892
15.09. 08:15;5,3007
15.09. 08:30;5,2319
15.09. 08:45;5,2417
15.09. 09:00;5,3794
15.09. 09:15;5,6252
15.09. 09:30;5,9006
15.09. 09:45;6,1563
15.09. 10:00;6,3431
15.09. 10:15;6,4808
15.09. 10:30;6,589
15.09. 10:45;6,707
15.09. 11:00;6,8545
15.09. 11:15;7,0217
15.09. 11:30;7,1987
15.09. 11:45;7,3462
15.09. 12:00;7,4741
15.09. 12:15;7,5724
15.09. 12:30;7,6511
15.09. 12:45;7,7199
15.09. 13:00;7,779
15.09. 13:15;7,8183
15.09. 13:30;7,7986
15.09. 13:45;7,7199
15.09. 14:00;7,5528
15.09. 14:15;7,3167
15.09. 14:30;7,061
15.09. 14:45;6,7955
15.09. 15:00;6,5693
15.09. 15:15;6,3726
15.09. 15:30;6,2055
15.09. 15:45;6,0678
15.09. 16:00;5,9399
15.09. 16:15;5,8711
15.09. 16:30;5,8711
15.09. 16:45;5,9694
15.09. 17:00;6,1956
15.09. 17:15;6,4907
15.09. 17:30;6,8054
15.09. 17:45;7,0709
15.09. 18:00;7,2676
15.09. 18:15;7,3856
15.09. 18:30;7,4741
15.09. 18:45;7,5331
15.09. 19:00;7,6019
15.09. 19:15;7,6904
15.09. 19:30;7,7888
15.09. 19:45;7,9068
15.09. 20:00;8,0248
15.09. 20:15;8,1527
15.09. 20:30;8,2412
15.09. 20:45;8,2707
15.09. 21:00;8,2313
15.09. 21:15;8,133
15.09. 21:30;7,9855
15.09. 21:45;7,8085
15.09. 22:00;7,6216
15.09. 22:15;7,4249
15.09. 22:30;7,2086
15.09. 22:45;6,9824
15.09. 23:00;6,7463
15.09. 23:15;6,53
15.09. 23:30;6,353
15.09. 23:45;6,2448
16.09. 00:00;7,0315
16.09. 00:15;6,7857
16.09. 00:30;6,5202
16.09. 00:45;6,2448
16.09. 01:00;5,9891
16.09. 01:15;5,7629
16.09. 01:30;5,5662
16.09. 01:45;5,4187
16.09. 02:00;5,3302
16.09. 02:15;5,281
16.09. 02:30;5,2515
16.09. 02:45;5,2417
16.09. 03:00;5,222
16.09. 03:15;5,2319
16.09. 03:30;5,3204
16.09. 03:45;5,5171
16.09. 04:00;5,8416
16.09. 04:15;6,2251
16.09. 04:30;6,6087
16.09. 04:45;6,8939
16.09. 05:00;7,0217
16.09. 05:15;7,0414
16.09. 05:30;7,002
16.09. 05:45;6,9824
16.09. 06:00;7,0315
16.09. 06:15;7,1889
16.09. 06:30;7,4643
16.09. 06:45;7,9068
16.09. 07:00;8,5165
16.09. 07:15;9,3524
16.09. 07:30;10,454
16.09. 07:45;11,85
16.09. 08:00;13,552
16.09. 08:15;15,371
16.09. 08:30;17,053
16.09. 08:45;18,38
16.09. 09:00;19,177
16.09. 09:15;19,541
16.09. 09:30;19,649
16.09. 09:45;19,669
16.09. 10:00;19,728
16.09. 10:15;19,855
16.09. 10:30;20,023
16.09. 10:45;20,219
16.09. 11:00;20,416
16.09. 11:15;20,564
16.09. 11:30;20,613
16.09. 11:45;20,495
16.09. 12:00;20,17
16.09. 12:15;19,669
16.09. 12:30;19,059
16.09. 12:45;18,38
16.09. 13:00;17,692
16.09. 13:15;17,053
16.09. 13:30;16,531
16.09. 13:45;16,168
16.09. 14:00;16,03
16.09. 14:15;16,079
16.09. 14:30;16,266
16.09. 14:45;16,541
16.09. 15:00;16,866
16.09. 15:15;17,171
16.09. 15:30;17,426
16.09. 15:45;17,554
16.09. 16:00;17,525
16.09. 16:15;17,387
16.09. 16:30;17,22
16.09. 16:45;17,092
16.09. 17:00;17,033
16.09. 17:15;16,954
16.09. 17:30;16,738
16.09. 17:45;16,266
16.09. 18:00;15,45
16.09. 18:15;14,368
16.09. 18:30;13,158
16.09. 18:45;11,949
16.09. 19:00;10,828
16.09. 19:15;9,8835
16.09. 19:30;9,1656
16.09. 19:45;8,7329
16.09. 20:00;8,5952
16.09. 20:15;8,664
16.09. 20:30;8,8116
16.09. 20:45;8,9099
16.09. 21:00;8,8706
16.09. 21:15;8,7034
16.09. 21:30;8,487
16.09. 21:45;8,2707
16.09. 22:00;8,1035
16.09. 22:15;7,9855
16.09. 22:30;7,897
16.09. 22:45;7,8085
16.09. 23:00;7,7101
16.09. 23:15;7,5921
16.09. 23:30;7,4446
16.09. 23:45;7,2577
17.09. 00:00;7,0315
17.09. 00:15;6,7857
17.09. 00:30;6,5202
17.09. 00:45;6,2448
17.09. 01:00;5,9891
17.09. 01:15;5,7629
17.09. 01:30;5,5662
17.09. 01:45;5,4187
17.09. 02:00;5,3302
17.09. 02:15;5,281
17.09. 02:30;5,2515
17.09. 02:45;5,2417
17.09. 03:00;5,222
17.09. 03:15;5,2319
17.09. 03:30;5,3204
17.09. 03:45;5,5171
17.09. 04:00;5,8416
17.09. 04:15;6,2251
17.09. 04:30;6,6087
17.09. 04:45;6,8939
17.09. 05:00;7,0217
17.09. 05:15;7,0414
17.09. 05:30;7,002
17.09. 05:45;6,9824
17.09. 06:00;7,0315
17.09. 06:15;7,1889
17.09. 06:30;7,4643
17.09. 06:45;7,9068
17.09. 07:00;8,5165
17.09. 07:15;9,3524
17.09. 07:30;10,454
17.09. 07:45;11,85
17.09. 08:00;13,552
17.09. 08:15;15,371
17.09. 08:30;17,053
17.09. 08:45;18,38
17.09. 09:00;19,177
17.09. 09:15;19,541
17.09. 09:30;19,649
17.09. 09:45;19,669
17.09. 10:00;19,728
17.09. 10:15;19,855
17.09. 10:30;20,023
17.09. 10:45;20,219
17.09. 11:00;20,416
17.09. 11:15;20,564
17.09. 11:30;20,613
17.09. 11:45;20,495
17.09. 12:00;20,17
17.09. 12:15;19,669
17.09. 12:30;19,059
17.09. 12:45;18,38
17.09. 13:00;17,692
17.09. 13:15;17,053
17.09. 13:30;16,531
17.09. 13:45;16,168
17.09. 14:00;16,03
17.09. 14:15;16,079
17.09. 14:30;16,266
17.09. 14:45;16,541
17.09. 15:00;16,866
17.09. 15:15;17,171
17.09. 15:30;17,426
17.09. 15:45;17,554
17.09. 16:00;17,525
17.09. 16:15;17,387
17.09. 16:30;17,22
17.09. 16:45;17,092
17.09. 17:00;17,033
17.09. 17:15;16,954
17.09. 17:30;16,738
17.09. 17:45;16,266
17.09. 18:00;15,45
17.09. 18:15;14,368
17.09. 18:30;13,158
17.09. 18:45;11,949
17.09. 19:00;10,828
17.09. 19:15;9,8835
17.09. 19:30;9,1656
17.09. 19:45;8,7329
17.09. 20:00;8,5952
17.09. 20:15;8,664
17.09. 20:30;8,8116
17.09. 20:45;8,9099
17.09. 21:00;8,8706
17.09. 21:15;8,7034
17.09. 21:30;8,487
17.09. 21:45;8,2707
17.09. 22:00;8,1035
17.09. 22:15;7,9855
17.09. 22:30;7,897
17.09. 22:45;7,8085
17.09. 23:00;7,7101
17.09. 23:15;7,5921
17.09. 23:30;7,4446
17.09. 23:45;7,2577
18.09. 00:00;7,0315
18.09. 00:15;6,7857
18.09. 00:30;6,5202
18.09. 00:45;6,2448
18.09. 01:00;5,9891
18.09. 01:15;5,7629
18.09. 01:30;5,5662
18.09. 01:45;5,4187
18.09. 02:00;5,3302
18.09. 02:15;5,281
18.09. 02:30;5,2515
18.09. 02:45;5,2417
18.09. 03:00;5,222
18.09. 03:15;5,2319
18.09. 03:30;5,3204
18.09. 03:45;5,5171
18.09. 04:00;5,8416
18.09. 04:15;6,2251
18.09. 04:30;6,6087
18.09. 04:45;6,8939
18.09. 05:00;7,0217
18.09. 05:15;7,0414
18.09. 05:30;7,002
18.09. 05:45;6,9824
18.09. 06:00;7,0315
18.09. 06:15;7,1889
18.09. 06:30;7,4643
18.09. 06:45;7,9068
18.09. 07:00;8,5165
18.09. 07:15;9,3524
18.09. 07:30;10,454
18.09. 07:45;11,85
18.09. 08:00;13,552
18.09. 08:15;15,371
18.09. 08:30;17,053
18.09. 08:45;18,38
18.09. 09:00;19,177
18.09. 09:15;19,541
18.09. 09:30;19,649
18.09. 09:45;19,669
18.09. 10:00;19,728
18.09. 10:15;19,855
18.09. 10:30;20,023
18.09. 10:45;20,219
18.09. 11:00;20,416
18.09. 11:15;20,564
18.09. 11:30;20,613
18.09. 11:45;20,495
18.09. 12:00;20,17
18.09. 12:15;19,669
18.09. 12:30;19,059
18.09. 12:45;18,38
18.09. 13:00;17,692
18.09. 13:15;17,053
18.09. 13:30;16,531
18.09. 13:45;16,168
18.09. 14:00;16,03
18.09. 14:15;16,079
18.09. 14:30;16,266
18.09. 14:45;16,541
18.09. 15:00;16,866
18.09. 15:15;17,171
18.09. 15:30;17,426
18.09. 15:45;17,554
18.09. 16:00;17,525
18.09. 16:15;17,387
18.09. 16:30;17,22
18.09. 16:45;17,092
18.09. 17:00;17,033
18.09. 17:15;16,954
18.09. 17:30;16,738
18.09. 17:45;16,266
18.09. 18:00;15,45
18.09. 18:15;14,368
18.09. 18:30;13,158
18.09. 18:45;11,949
18.09. 19:00;10,828
18.09. 19:15;9,8835
18.09. 19:30;9,1656
18.09. 19:45;8,7329
18.09. 20:00;8,5952
18.09. 20:15;8,664
18.09. 20:30;8,8116
18.09. 20:45;8,9099
18.09. 21:00;8,8706
18.09. 21:15;8,7034
18.09. 21:30;8,487
18.09. 21:45;8,2707
18.09. 22:00;8,1035
18.09. 22:15;7,9855
18.09. 22:30;7,897
18.09. 22:45;7,8085
18.09. 23:00;7,7101
18.09. 23:15;7,5921
18.09. 23:30;7,4446
18.09. 23:45;7,2577
19.09. 00:00;7,0315
19.09. 00:15;6,7857
19.09. 00:30;6,5202
19.09. 00:45;6,2448
19.09. 01:00;5,9891
19.09. 01:15;5,7629
19.09. 01:30;5,5662
19.09. 01:45;5,4187
19.09. 02:00;5,3302
19.09. 02:15;5,281
19.09. 02:30;5,2515
19.09. 02:45;5,2417
19.09. 03:00;5,222
19.09. 03:15;5,2319
19.09. 03:30;5,3204
19.09. 03:45;5,5171
19.09. 04:00;5,8416
19.09. 04:15;6,2251
19.09. 04:30;6,6087
19.09. 04:45;6,8939
19.09. 05:00;7,0217
19.09. 05:15;7,0414
19.09. 05:30;7,002
19.09. 05:45;6,9824
19.09. 06:00;7,0315
19.09. 06:15;7,1889
19.09. 06:30;7,4643
19.09. 06:45;7,9068
19.09. 07:00;8,5165
19.09. 07:15;9,3524
19.09. 07:30;10,454
19.09. 07:45;11,85
19.09. 08:00;13,552
19.09. 08:15;15,371
19.09. 08:30;17,053
19.09. 08:45;18,38
19.09. 09:00;19,177
19.09. 09:15;19,541
19.09. 09:30;19,649
19.09. 09:45;19,669
19.09. 10:00;19,728
19.09. 10:15;19,855
19.09. 10:30;20,023
19.09. 10:45;20,219
19.09. 11:00;20,416
19.09. 11:15;20,564
19.09. 11:30;20,613
19.09. 11:45;20,495
19.09. 12:00;20,17
19.09. 12:15;19,669
19.09. 12:30;19,059
19.09. 12:45;18,38
19.09. 13:00;17,692
19.09. 13:15;17,053
19.09. 13:30;16,531
19.09. 13:45;16,168
19.09. 14:00;16,03
19.09. 14:15;16,079
19.09. 14:30;16,266
19.09. 14:45;16,541
19.09. 15:00;16,866
19.09. 15:15;17,171
19.09. 15:30;17,426
19.09. 15:45;17,554
19.09. 16:00;17,525
19.09. 16:15;17,387
19.09. 16:30;17,22
19.09. 16:45;17,092
19.09. 17:00;17,033
19.09. 17:15;16,954
19.09. 17:30;16,738
19.09. 17:45;16,266
19.09. 18:00;15,45
19.09. 18:15;14,368
19.09. 18:30;13,158
19.09. 18:45;11,949
19.09. 19:00;10,828
19.09. 19:15;9,8835
19.09. 19:30;9,1656
19.09. 19:45;8,7329
19.09. 20:00;8,5952
19.09. 20:15;8,664
19.09. 20:30;8,8116
19.09. 20:45;8,9099
19.09. 21:00;8,8706
19.09. 21:15;8,7034
19.09. 21:30;8,487
19.09. 21:45;8,2707
19.09. 22:00;8,1035
19.09. 22:15;7,9855
19.09. 22:30;7,897
19.09. 22:45;7,8085
19.09. 23:00;7,7101
19.09. 23:15;7,5921
19.09. 23:30;7,4446
19.09. 23:45;7,2577
20.09. 00:00;7,0315
20.09. 00:15;6,7857
20.09. 00:30;6,5202
20.09. 00:45;6,2448
20.09. 01:00;5,9891
20.09. 01:15;5,7629
20.09. 01:30;5,5662
20.09. 01:45;5,4187
20.09. 02:00;5,3302
20.09. 02:15;5,281
20.09. 02:30;5,2515
20.09. 02:45;5,2417
20.09. 03:00;5,222
20.09. 03:15;5,2319
20.09. 03:30;5,3204
20.09. 03:45;5,5171
20.09. 04:00;5,8416
20.09. 04:15;6,2251
20.09. 04:30;6,6087
20.09. 04:45;6,8939
20.09. 05:00;7,0217
20.09. 05:15;7,0414
20.09. 05:30;7,002
20.09. 05:45;6,9824
20.09. 06:00;7,0315
20.09. 06:15;7,1889
20.09. 06:30;7,4643
20.09. 06:45;7,9068
20.09. 07:00;8,5165
20.09. 07:15;9,3524
20.09. 07:30;10,454
20.09. 07:45;11,85
20.09. 08:00;13,552
20.09. 08:15;15,371
20.09. 08:30;17,053
20.09. 08:45;18,38
20.09. 09:00;19,177
20.09. 09:15;19,541
20.09. 09:30;19,649
20.09. 09:45;19,669
20.09. 10:00;19,728
20.09. 10:15;19,855
20.09. 10:30;20,023
20.09. 10:45;20,219
20.09. 11:00;20,416
20.09. 11:15;20,564
20.09. 11:30;20,613
20.09. 11:45;20,495
20.09. 12:00;20,17
20.09. 12:15;19,669
20.09. 12:30;19,059
20.09. 12:45;18,38
20.09. 13:00;17,692
20.09. 13:15;17,053
20.09. 13:30;16,531
20.09. 13:45;16,168
20.09. 14:00;16,03
20.09. 14:15;16,079
20.09. 14:30;16,266
20.09. 14:45;16,541
20.09. 15:00;16,866
20.09. 15:15;17,171
20.09. 15:30;17,426
20.09. 15:45;17,554
20.09. 16:00;17,525
20.09. 16:15;17,387
20.09. 16:30;17,22
20.09. 16:45;17,092
20.09. 17:00;17,033
20.09. 17:15;16,954
20.09. 17:30;16,738
20.09. 17:45;16,266
20.09. 18:00;15,45
20.09. 18:15;14,368
20.09. 18:30;13,158
20.09. 18:45;11,949
20.09. 19:00;10,828
20.09. 19:15;9,8835
20.09. 19:30;9,1656
20.09. 19:45;8,7329
20.09. 20:00;8,5952
20.09. 20:15;8,664
20.09. 20:30;8,8116
20.09. 20:45;8,9099
20.09. 21:00;8,8706
20.09. 21:15;8,7034
20.09. 21:30;8,487
20.09. 21:45;8,2707
20.09. 22:00;8,1035
20.09. 22:15;7,9855
20.09. 22:30;7,897
20.09. 22:45;7,8085
20.09. 23:00;7,7101
20.09. 23:15;7,5921
20.09. 23:30;7,4446
20.09. 23:45;7,2577
21.09. 00:00;7,4544
21.09. 00:15;7,5429
21.09. 00:30;7,6413
21.09. 00:45;7,7199
21.09. 01:00;7,7199
21.09. 01:15;7,6511
21.09. 01:30;7,5331
21.09. 01:45;7,3462
21.09. 02:00;7,1397
21.09. 02:15;6,9234
21.09. 02:30;6,7365
21.09. 02:45;6,6185
21.09. 03:00;6,589
21.09. 03:15;6,6382
21.09. 03:30;6,7168
21.09. 03:45;6,7955
21.09. 04:00;6,8545
21.09. 04:15;6,8939
21.09. 04:30;6,9332
21.09. 04:45;6,9824
21.09. 05:00;7,061
21.09. 05:15;7,1299
21.09. 05:30;7,1791
21.09. 05:45;7,1692
21.09. 06:00;7,1004
21.09. 06:15;7,1004
21.09. 06:30;7,3167
21.09. 06:45;7,9068
21.09. 07:00;8,9492
21.09. 07:15;10,346
21.09. 07:30;11,919
21.09. 07:45;13,512
21.09. 08:00;14,958
21.09. 08:15;16,217
21.09. 08:30;17,22
21.09. 08:45;17,918
21.09. 09:00;18,302
21.09. 09:15;18,439
21.09. 09:30;18,459
21.09. 09:45;18,469
21.09. 10:00;18,557
21.09. 10:15;18,695
21.09. 10:30;18,872
21.09. 10:45;19,02
21.09. 11:00;19,128
21.09. 11:15;19,187
21.09. 11:30;19,206
21.09. 11:45;19,206
21.09. 12:00;19,167
21.09. 12:15;19,069
21.09. 12:30;18,852
21.09. 12:45;18,469
21.09. 13:00;17,889
21.09. 13:15;17,122
21.09. 13:30;16,207
21.09. 13:45;15,165
21.09. 14:00;14,024
21.09. 14:15;12,873
21.09. 14:30;11,782
21.09. 14:45;10,847
21.09. 15:00;10,1
21.09. 15:15;9,5295
21.09. 15:30;9,0574
21.09. 15:45;8,6345
21.09. 16:00;8,2215
21.09. 16:15;7,838
21.09. 16:30;7,5626
21.09. 16:45;7,4446
21.09. 17:00;7,5233
21.09. 17:15;7,7298
21.09. 17:30;7,9756
21.09. 17:45;8,1822
21.09. 18:00;8,2707
21.09. 18:15;8,2903
21.09. 18:30;8,2707
21.09. 18:45;8,2707
21.09. 19:00;8,3297
21.09. 19:15;8,4378
21.09. 19:30;8,5854
21.09. 19:45;8,7329
21.09. 20:00;8,8607
21.09. 20:15;8,9689
21.09. 20:30;9,0181
21.09. 20:45;9,0082
21.09. 21:00;8,9099
21.09. 21:15;8,7525
21.09. 21:30;8,5657
21.09. 21:45;8,3592
21.09. 22:00;8,1723
21.09. 22:15;7,9855
21.09. 22:30;7,8085
21.09. 22:45;7,6314
21.09. 23:00;7,4446
21.09. 23:15;7,2577
21.09. 23:30;7,0709
21.09. 23:45;6,8939
22.09. 00:00;6,7168
22.09. 00:15;6,5398
22.09. 00:30;6,353
22.09. 00:45;6,1563
22.09. 01:00;5,9301
22.09. 01:15;5,6941
22.09. 01:30;5,458
22.09. 01:45;5,2417
22.09. 02:00;5,0352
22.09. 02:15;4,868
22.09. 02:30;4,7205
22.09. 02:45;4,5926
22.09. 03:00;4,4943
22.09. 03:15;4,4156
22.09. 03:30;4,3566
22.09. 03:45;4,3173
22.09. 04:00;4,2878
22.09. 04:15;4,2779
22.09. 04:30;4,2878
22.09. 04:45;4,3173
22.09. 05:00;4,3763
22.09. 05:15;4,4353
22.09. 05:30;4,4845
22.09. 05:45;4,5041
22.09. 06:00;4,4845
22.09. 06:15;4,4549
22.09. 06:30;4,4451
22.09. 06:45;4,5041
22.09. 07:00;4,6418
22.09. 07:15;4,8287
22.09. 07:30;5,0155
22.09. 07:45;5,1434
22.09. 08:00;5,1925
22.09. 08:15;5,2024
22.09. 08:30;5,222
22.09. 08:45;5,3302
22.09. 09:00;5,5466
22.09. 09:15;5,8514
22.09. 09:30;6,1661
22.09. 09:45;6,4316
22.09. 10:00;6,6087
22.09. 10:15;6,7365
22.09. 10:30;6,8447
22.09. 10:45;6,9824
22.09. 11:00;7,1889
22.09. 11:15;7,4347
22.09. 11:30;7,6904
22.09. 11:45;7,9068
22.09. 12:00;8,0543
22.09. 12:15;8,1428
22.09. 12:30;8,1822
22.09. 12:45;8,1822
22.09. 13:00;8,1428
22.09. 13:15;8,074
22.09. 13:30;7,956
22.09. 13:45;7,8085
22.09. 14:00;7,6216
22.09. 14:15;7,4052
22.09. 14:30;7,1889
22.09. 14:45;6,9824
22.09. 15:00;6,8054
22.09. 15:15;6,648
22.09. 15:30;6,5005
22.09. 15:45;6,3431
22.09. 16:00;6,176
22.09. 16:15;6,0481
22.09. 16:30;6,0186
22.09. 16:45;6,1563
22.09. 17:00;6,4808
22.09. 17:15;6,9234
22.09. 17:30;7,3757
22.09. 17:45;7,7199
22.09. 18:00;7,8773
22.09. 18:15;7,9068
22.09. 18:30;7,8871
22.09. 18:45;7,9068
22.09. 19:00;8,0051
22.09. 19:15;8,1723
22.09. 19:30;8,369
22.09. 19:45;8,546
22.09. 20:00;8,664
22.09. 20:15;8,723
22.09. 20:30;8,7132
22.09. 20:45;8,6345
22.09. 21:00;8,4969
22.09. 21:15;8,3002
22.09. 21:30;8,0641
22.09. 21:45;7,8085
22.09. 22:00;7,5429
22.09. 22:15;7,2872
22.09. 22:30;7,0315
22.09. 22:45;6,7955
22.09. 23:00;6,589
22.09. 23:15;6,4218
22.09. 23:30;6,3038
22.09. 23:45;6,2448
23.09. 00:00;7,1791
23.09. 00:15;6,8939
23.09. 00:30;6,5988
23.09. 00:45;6,3431
23.09. 01:00;6,1268
23.09. 01:15;5,9596
23.09. 01:30;5,8219
23.09. 01:45;5,6941
23.09. 02:00;5,5761
23.09. 02:15;5,4679
23.09. 02:30;5,3794
23.09. 02:45;5,3302
23.09. 03:00;5,3204
23.09. 03:15;5,3695
23.09. 03:30;5,4876
23.09. 03:45;5,6941
23.09. 04:00;5,9891
23.09. 04:15;6,3333
23.09. 04:30;6,6873
23.09. 04:45;6,9824
23.09. 05:00;7,1987
23.09. 05:15;7,3462
23.09. 05:30;7,4446
23.09. 05:45;7,5331
23.09. 06:00;7,6413
23.09. 06:15;7,7986
23.09. 06:30;8,0543
23.09. 06:45;8,4575
23.09. 07:00;9,0377
23.09. 07:15;9,8737
23.09. 07:30;11,005
23.09. 07:45;12,499
23.09. 08:00;14,348
23.09. 08:15;16,345
23.09. 08:30;18,213
23.09. 08:45;19,669
23.09. 09:00;20,505
23.09. 09:15;20,859
23.09. 09:30;20,908
23.09. 09:45;20,859
23.09. 10:00;20,868
23.09. 10:15;20,957
23.09. 10:30;21,104
23.09. 10:45;21,321
23.09. 11:00;21,557
23.09. 11:15;21,754
23.09. 11:30;21,832
23.09. 11:45;21,685
23.09. 12:00;21,272
23.09. 12:15;20,632
23.09. 12:30;19,855
23.09. 12:45;19,02
23.09. 13:00;18,193
23.09. 13:15;17,446
23.09. 13:30;16,807
23.09. 13:45;16,354
23.09. 14:00;16,118
23.09. 14:15;16,089
23.09. 14:30;16,236
23.09. 14:45;16,541
23.09. 15:00;16,964
23.09. 15:15;17,436
23.09. 15:30;17,839
23.09. 15:45;18,105
23.09. 16:00;18,144
23.09. 16:15;18,056
23.09. 16:30;17,908
23.09. 16:45;17,83
23.09. 17:00;17,849
23.09. 17:15;17,869
23.09. 17:30;17,702
23.09. 17:45;17,181
23.09. 18:00;16,207
23.09. 18:15;14,899
23.09. 18:30;13,473
23.09. 18:45;12,126
23.09. 19:00;11,024
23.09. 19:15;10,169
23.09. 19:30;9,5688
23.09. 19:45;9,1853
23.09. 20:00;9,0082
23.09. 20:15;8,9591
23.09. 20:30;8,9591
23.09. 20:45;8,9099
23.09. 21:00;8,7722
23.09. 21:15;8,5755
23.09. 21:30;8,3592
23.09. 21:45;8,1822
23.09. 22:00;8,074
23.09. 22:15;8,0346
23.09. 22:30;8,0248
23.09. 22:45;7,9953
23.09. 23:00;7,9265
23.09. 23:15;7,8183
23.09. 23:30;7,6609
23.09. 23:45;7,4446
24.09. 00:00;7,1791
24.09. 00:15;6,8939
24.09. 00:30;6,5988
24.09. 00:45;6,3431
24.09. 01:00;6,1268
24.09. 01:15;5,9596
24.09. 01:30;5,8219
24.09. 01:45;5,6941
24.09. 02:00;5,5761
24.09. 02:15;5,4679
24.09. 02:30;5,3794
24.09. 02:45;5,3302
24.09. 03:00;5,3204
24.09. 03:15;5,3695
24.09. 03:30;5,4876
24.09. 03:45;5,6941
24.09. 04:00;5,9891
24.09. 04:15;6,3333
24.09. 04:30;6,6873
24.09. 04:45;6,9824
24.09. 05:00;7,1987
24.09. 05:15;7,3462
24.09. 05:30;7,4446
24.09. 05:45;7,5331
24.09. 06:00;7,6413
24.09. 06:15;7,7986
24.09. 06:30;8,0543
24.09. 06:45;8,4575
24.09. 07:00;9,0377
24.09. 07:15;9,8737
24.09. 07:30;11,005
24.09. 07:45;12,499
24.09. 08:00;14,348
24.09. 08:15;16,345
24.09. 08:30;18,213
24.09. 08:45;19,669
24.09. 09:00;20,505
24.09. 09:15;20,859
24.09. 09:30;20,908
24.09. 09:45;20,859
24.09. 10:00;20,868
24.09. 10:15;20,957
24.09. 10:30;21,104
24.09. 10:45;21,321
24.09. 11:00;21,557
24.09. 11:15;21,754
24.09. 11:30;21,832
24.09. 11:45;21,685
24.09. 12:00;21,272
24.09. 12:15;20,632
24.09. 12:30;19,855
24.09. 12:45;19,02
24.09. 13:00;18,193
24.09. 13:15;17,446
24.09. 13:30;16,807
24.09. 13:45;16,354
24.09. 14:00;16,118
24.09. 14:15;16,089
24.09. 14:30;16,236
24.09. 14:45;16,541
24.09. 15:00;16,964
24.09. 15:15;17,436
24.09. 15:30;17,839
24.09. 15:45;18,105
24.09. 16:00;18,144
24.09. 16:15;18,056
24.09. 16:30;17,908
24.09. 16:45;17,83
24.09. 17:00;17,849
24.09. 17:15;17,869
24.09. 17:30;17,702
24.09. 17:45;17,181
24.09. 18:00;16,207
24.09. 18:15;14,899
24.09. 18:30;13,473
24.09. 18:45;12,126
24.09. 19:00;11,024
24.09. 19:15;10,169
24.09. 19:30;9,5688
24.09. 19:45;9,1853
24.09. 20:00;9,0082
24.09. 20:15;8,9591
24.09. 20:30;8,9591
24.09. 20:45;8,9099
24.09. 21:00;8,7722
24.09. 21:15;8,5755
24.09. 21:30;8,3592
24.09. 21:45;8,1822
24.09. 22:00;8,074
24.09. 22:15;8,0346
24.09. 22:30;8,0248
24.09. 22:45;7,9953
24.09. 23:00;7,9265
24.09. 23:15;7,8183
24.09. 23:30;7,6609
24.09. 23:45;7,4446
25.09. 00:00;7,1791
25.09. 00:15;6,8939
25.09. 00:30;6,5988
25.09. 00:45;6,3431
25.09. 01:00;6,1268
25.09. 01:15;5,9596
25.09. 01:30;5,8219
25.09. 01:45;5,6941
25.09. 02:00;5,5761
25.09. 02:15;5,4679
25.09. 02:30;5,3794
25.09. 02:45;5,3302
25.09. 03:00;5,3204
25.09. 03:15;5,3695
25.09. 03:30;5,4876
25.09. 03:45;5,6941
25.09. 04:00;5,9891
25.09. 04:15;6,3333
25.09. 04:30;6,6873
25.09. 04:45;6,9824
25.09. 05:00;7,1987
25.09. 05:15;7,3462
25.09. 05:30;7,4446
25.09. 05:45;7,5331
25.09. 06:00;7,6413
25.09. 06:15;7,7986
25.09. 06:30;8,0543
25.09. 06:45;8,4575
25.09. 07:00;9,0377
25.09. 07:15;9,8737
25.09. 07:30;11,005
25.09. 07:45;12,499
25.09. 08:00;14,348
25.09. 08:15;16,345
25.09. 08:30;18,213
25.09. 08:45;19,669
25.09. 09:00;20,505
25.09. 09:15;20,859
25.09. 09:30;20,908
25.09. 09:45;20,859
25.09. 10:00;20,868
25.09. 10:15;20,957
25.09. 10:30;21,104
25.09. 10:45;21,321
25.09. 11:00;21,557
25.09. 11:15;21,754
25.09. 11:30;21,832
25.09. 11:45;21,685
25.09. 12:00;21,272
25.09. 12:15;20,632
25.09. 12:30;19,855
25.09. 12:45;19,02
25.09. 13:00;18,193
25.09. 13:15;17,446
25.09. 13:30;16,807
25.09. 13:45;16,354
25.09. 14:00;16,118
25.09. 14:15;16,089
25.09. 14:30;16,236
25.09. 14:45;16,541
25.09. 15:00;16,964
25.09. 15:15;17,436
25.09. 15:30;17,839
25.09. 15:45;18,105
25.09. 16:00;18,144
25.09. 16:15;18,056
25.09. 16:30;17,908
25.09. 16:45;17,83
25.09. 17:00;17,849
25.09. 17:15;17,869
25.09. 17:30;17,702
25.09. 17:45;17,181
25.09. 18:00;16,207
25.09. 18:15;14,899
25.09. 18:30;13,473
25.09. 18:45;12,126
25.09. 19:00;11,024
25.09. 19:15;10,169
25.09. 19:30;9,5688
25.09. 19:45;9,1853
25.09. 20:00;9,0082
25.09. 20:15;8,9591
25.09. 20:30;8,9591
25.09. 20:45;8,9099
25.09. 21:00;8,7722
25.09. 21:15;8,5755
25.09. 21:30;8,3592
25.09. 21:45;8,1822
25.09. 22:00;8,074
25.09. 22:15;8,0346
25.09. 22:30;8,0248
25.09. 22:45;7,9953
25.09. 23:00;7,9265
25.09. 23:15;7,8183
25.09. 23:30;7,6609
25.09. 23:45;7,4446
26.09. 00:00;7,1791
26.09. 00:15;6,8939
26.09. 00:30;6,5988
26.09. 00:45;6,3431
26.09. 01:00;6,1268
26.09. 01:15;5,9596
26.09. 01:30;5,8219
26.09. 01:45;5,6941
26.09. 02:00;5,5761
26.09. 02:15;5,4679
26.09. 02:30;5,3794
26.09. 02:45;5,3302
26.09. 03:00;5,3204
26.09. 03:15;5,3695
26.09. 03:30;5,4876
26.09. 03:45;5,6941
26.09. 04:00;5,9891
26.09. 04:15;6,3333
26.09. 04:30;6,6873
26.09. 04:45;6,9824
26.09. 05:00;7,1987
26.09. 05:15;7,3462
26.09. 05:30;7,4446
26.09. 05:45;7,5331
26.09. 06:00;7,6413
26.09. 06:15;7,7986
26.09. 06:30;8,0543
26.09. 06:45;8,4575
26.09. 07:00;9,0377
26.09. 07:15;9,8737
26.09. 07:30;11,005
26.09. 07:45;12,499
26.09. 08:00;14,348
26.09. 08:15;16,345
26.09. 08:30;18,213
26.09. 08:45;19,669
26.09. 09:00;20,505
26.09. 09:15;20,859
26.09. 09:30;20,908
26.09. 09:45;20,859
26.09. 10:00;20,868
26.09. 10:15;20,957
26.09. 10:30;21,104
26.09. 10:45;21,321
26.09. 11:00;21,557
26.09. 11:15;21,754
26.09. 11:30;21,832
26.09. 11:45;21,685
26.09. 12:00;21,272
26.09. 12:15;20,632
26.09. 12:30;19,855
26.09. 12:45;19,02
26.09. 13:00;18,193
26.09. 13:15;17,446
26.09. 13:30;16,807
26.09. 13:45;16,354
26.09. 14:00;16,118
26.09. 14:15;16,089
26.09. 14:30;16,236
26.09. 14:45;16,541
26.09. 15:00;16,964
26.09. 15:15;17,436
26.09. 15:30;17,839
26.09. 15:45;18,105
26.09. 16:00;18,144
26.09. 16:15;18,056
26.09. 16:30;17,908
26.09. 16:45;17,83
26.09. 17:00;17,849
26.09. 17:15;17,869
26.09. 17:30;17,702
26.09. 17:45;17,181
26.09. 18:00;16,207
26.09. 18:15;14,899
26.09. 18:30;13,473
26.09. 18:45;12,126
26.09. 19:00;11,024
26.09. 19:15;10,169
26.09. 19:30;9,5688
26.09. 19:45;9,1853
26.09. 20:00;9,0082
26.09. 20:15;8,9591
26.09. 20:30;8,9591
26.09. 20:45;8,9099
26.09. 21:00;8,7722
26.09. 21:15;8,5755
26.09. 21:30;8,3592
26.09. 21:45;8,1822
26.09. 22:00;8,074
26.09. 22:15;8,0346
26.09. 22:30;8,0248
26.09. 22:45;7,9953
26.09. 23:00;7,9265
26.09. 23:15;7,8183
26.09. 23:30;7,6609
26.09. 23:45;7,4446
27.09. 00:00;7,1791
27.09. 00:15;6,8939
27.09. 00:30;6,5988
27.09. 00:45;6,3431
27.09. 01:00;6,1268
27.09. 01:15;5,9596
27.09. 01:30;5,8219
27.09. 01:45;5,6941
27.09. 02:00;5,5761
27.09. 02:15;5,4679
27.09. 02:30;5,3794
27.09. 02:45;5,3302
27.09. 03:00;5,3204
27.09. 03:15;5,3695
27.09. 03:30;5,4876
27.09. 03:45;5,6941
27.09. 04:00;5,9891
27.09. 04:15;6,3333
27.09. 04:30;6,6873
27.09. 04:45;6,9824
27.09. 05:00;7,1987
27.09. 05:15;7,3462
27.09. 05:30;7,4446
27.09. 05:45;7,5331
27.09. 06:00;7,6413
27.09. 06:15;7,7986
27.09. 06:30;8,0543
27.09. 06:45;8,4575
27.09. 07:00;9,0377
27.09. 07:15;9,8737
27.09. 07:30;11,005
27.09. 07:45;12,499
27.09. 08:00;14,348
27.09. 08:15;16,345
27.09. 08:30;18,213
27.09. 08:45;19,669
27.09. 09:00;20,505
27.09. 09:15;20,859
27.09. 09:30;20,908
27.09. 09:45;20,859
27.09. 10:00;20,868
27.09. 10:15;20,957
27.09. 10:30;21,104
27.09. 10:45;21,321
27.09. 11:00;21,557
27.09. 11:15;21,754
27.09. 11:30;21,832
27.09. 11:45;21,685
27.09. 12:00;21,272
27.09. 12:15;20,632
27.09. 12:30;19,855
27.09. 12:45;19,02
27.09. 13:00;18,193
27.09. 13:15;17,446
27.09. 13:30;16,807
27.09. 13:45;16,354
27.09. 14:00;16,118
27.09. 14:15;16,089
27.09. 14:30;16,236
27.09. 14:45;16,541
27.09. 15:00;16,964
27.09. 15:15;17,436
27.09. 15:30;17,839
27.09. 15:45;18,105
27.09. 16:00;18,144
27.09. 16:15;18,056
27.09. 16:30;17,908
27.09. 16:45;17,83
27.09. 17:00;17,849
27.09. 17:15;17,869
27.09. 17:30;17,702
27.09. 17:45;17,181
27.09. 18:00;16,207
27.09. 18:15;14,899
27.09. 18:30;13,473
27.09. 18:45;12,126
27.09. 19:00;11,024
27.09. 19:15;10,169
27.09. 19:30;9,5688
27.09. 19:45;9,1853
27.09. 20:00;9,0082
27.09. 20:15;8,9591
27.09. 20:30;8,9591
27.09. 20:45;8,9099
27.09. 21:00;8,7722
27.09. 21:15;8,5755
27.09. 21:30;8,3592
27.09. 21:45;8,1822
27.09. 22:00;8,074
27.09. 22:15;8,0346
27.09. 22:30;8,0248
27.09. 22:45;7,9953
27.09. 23:00;7,9265
27.09. 23:15;7,8183
27.09. 23:30;7,6609
27.09. 23:45;7,4446
28.09. 00:00;7,4544
28.09. 00:15;7,5429
28.09. 00:30;7,6413
28.09. 00:45;7,7199
28.09. 01:00;7,7199
28.09. 01:15;7,6511
28.09. 01:30;7,5331
28.09. 01:45;7,3462
28.09. 02:00;7,1397
28.09. 02:15;6,9234
28.09. 02:30;6,7365
28.09. 02:45;6,6185
28.09. 03:00;6,589
28.09. 03:15;6,6382
28.09. 03:30;6,7168
28.09. 03:45;6,7955
28.09. 04:00;6,8545
28.09. 04:15;6,8939
28.09. 04:30;6,9332
28.09. 04:45;6,9824
28.09. 05:00;7,061
28.09. 05:15;7,1299
28.09. 05:30;7,1791
28.09. 05:45;7,1692
28.09. 06:00;7,1004
28.09. 06:15;7,1004
28.09. 06:30;7,3167
28.09. 06:45;7,9068
28.09. 07:00;8,9492
28.09. 07:15;10,346
28.09. 07:30;11,919
28.09. 07:45;13,512
28.09. 08:00;14,958
28.09. 08:15;16,217
28.09. 08:30;17,22
28.09. 08:45;17,918
28.09. 09:00;18,302
28.09. 09:15;18,439
28.09. 09:30;18,459
28.09. 09:45;18,469
28.09. 10:00;18,557
28.09. 10:15;18,695
28.09. 10:30;18,872
28.09. 10:45;19,02
28.09. 11:00;19,128
28.09. 11:15;19,187
28.09. 11:30;19,206
28.09. 11:45;19,206
28.09. 12:00;19,167
28.09. 12:15;19,069
28.09. 12:30;18,852
28.09. 12:45;18,469
28.09. 13:00;17,889
28.09. 13:15;17,122
28.09. 13:30;16,207
28.09. 13:45;15,165
28.09. 14:00;14,024
28.09. 14:15;12,873
28.09. 14:30;11,782
28.09. 14:45;10,847
28.09. 15:00;10,1
28.09. 15:15;9,5295
28.09. 15:30;9,0574
28.09. 15:45;8,6345
28.09. 16:00;8,2215
28.09. 16:15;7,838
28.09. 16:30;7,5626
28.09. 16:45;7,4446
28.09. 17:00;7,5233
28.09. 17:15;7,7298
28.09. 17:30;7,9756
28.09. 17:45;8,1822
28.09. 18:00;8,2707
28.09. 18:15;8,2903
28.09. 18:30;8,2707
28.09. 18:45;8,2707
28.09. 19:00;8,3297
28.09. 19:15;8,4378
28.09. 19:30;8,5854
28.09. 19:45;8,7329
28.09. 20:00;8,8607
28.09. 20:15;8,9689
28.09. 20:30;9,0181
28.09. 20:45;9,0082
28.09. 21:00;8,9099
28.09. 21:15;8,7525
28.09. 21:30;8,5657
28.09. 21:45;8,3592
28.09. 22:00;8,1723
28.09. 22:15;7,9855
28.09. 22:30;7,8085
28.09. 22:45;7,6314
28.09. 23:00;7,4446
28.09. 23:15;7,2577
28.09. 23:30;7,0709
28.09. 23:45;6,8939
29.09. 00:00;6,7168
29.09. 00:15;6,5398
29.09. 00:30;6,353
29.09. 00:45;6,1563
29.09. 01:00;5,9301
29.09. 01:15;5,6941
29.09. 01:30;5,458
29.09. 01:45;5,2417
29.09. 02:00;5,0352
29.09. 02:15;4,868
29.09. 02:30;4,7205
29.09. 02:45;4,5926
29.09. 03:00;4,4943
29.09. 03:15;4,4156
29.09. 03:30;4,3566
29.09. 03:45;4,3173
29.09. 04:00;4,2878
29.09. 04:15;4,2779
29.09. 04:30;4,2878
29.09. 04:45;4,3173
29.09. 05:00;4,3763
29.09. 05:15;4,4353
29.09. 05:30;4,4845
29.09. 05:45;4,5041
29.09. 06:00;4,4845
29.09. 06:15;4,4549
29.09. 06:30;4,4451
29.09. 06:45;4,5041
29.09. 07:00;4,6418
29.09. 07:15;4,8287
29.09. 07:30;5,0155
29.09. 07:45;5,1434
29.09. 08:00;5,1925
29.09. 08:15;5,2024
29.09. 08:30;5,222
29.09. 08:45;5,3302
29.09. 09:00;5,5466
29.09. 09:15;5,8514
29.09. 09:30;6,1661
29.09. 09:45;6,4316
29.09. 10:00;6,6087
29.09. 10:15;6,7365
29.09. 10:30;6,8447
29.09. 10:45;6,9824
29.09. 11:00;7,1889
29.09. 11:15;7,4347
29.09. 11:30;7,6904
29.09. 11:45;7,9068
29.09. 12:00;8,0543
29.09. 12:15;8,1428
29.09. 12:30;8,1822
29.09. 12:45;8,1822
29.09. 13:00;8,1428
29.09. 13:15;8,074
29.09. 13:30;7,956
29.09. 13:45;7,8085
29.09. 14:00;7,6216
29.09. 14:15;7,4052
29.09. 14:30;7,1889
29.09. 14:45;6,9824
29.09. 15:00;6,8054
29.09. 15:15;6,648
29.09. 15:30;6,5005
29.09. 15:45;6,3431
29.09. 16:00;6,176
29.09. 16:15;6,0481
29.09. 16:30;6,0186
29.09. 16:45;6,1563
29.09. 17:00;6,4808
29.09. 17:15;6,9234
29.09. 17:30;7,3757
29.09. 17:45;7,7199
29.09. 18:00;7,8773
29.09. 18:15;7,9068
29.09. 18:30;7,8871
29.09. 18:45;7,9068
29.09. 19:00;8,0051
29.09. 19:15;8,1723
29.09. 19:30;8,369
29.09. 19:45;8,546
29.09. 20:00;8,664
29.09. 20:15;8,723
29.09. 20:30;8,7132
29.09. 20:45;8,6345
29.09. 21:00;8,4969
29.09. 21:15;8,3002
29.09. 21:30;8,0641
29.09. 21:45;7,8085
29.09. 22:00;7,5429
29.09. 22:15;7,2872
29.09. 22:30;7,0315
29.09. 22:45;6,7955
29.09. 23:00;6,589
29.09. 23:15;6,4218
29.09. 23:30;6,3038
29.09. 23:45;6,2448
30.09. 00:00;7,1791
30.09. 00:15;6,8939
30.09. 00:30;6,5988
30.09. 00:45;6,3431
30.09. 01:00;6,1268
30.09. 01:15;5,9596
30.09. 01:30;5,8219
30.09. 01:45;5,6941
30.09. 02:00;5,5761
30.09. 02:15;5,4679
30.09. 02:30;5,3794
30.09. 02:45;5,3302
30.09. 03:00;5,3204
30.09. 03:15;5,3695
30.09. 03:30;5,4876
30.09. 03:45;5,6941
30.09. 04:00;5,9891
30.09. 04:15;6,3333
30.09. 04:30;6,6873
30.09. 04:45;6,9824
30.09. 05:00;7,1987
30.09. 05:15;7,3462
30.09. 05:30;7,4446
30.09. 05:45;7,5331
30.09. 06:00;7,6413
30.09. 06:15;7,7986
30.09. 06:30;8,0543
30.09. 06:45;8,4575
30.09. 07:00;9,0377
30.09. 07:15;9,8737
30.09. 07:30;11,005
30.09. 07:45;12,499
30.09. 08:00;14,348
30.09. 08:15;16,345
30.09. 08:30;18,213
30.09. 08:45;19,669
30.09. 09:00;20,505
30.09. 09:15;20,859
30.09. 09:30;20,908
30.09. 09:45;20,859
30.09. 10:00;20,868
30.09. 10:15;20,957
30.09. 10:30;21,104
30.09. 10:45;21,321
30.09. 11:00;21,557
30.09. 11:15;21,754
30.09. 11:30;21,832
30.09. 11:45;21,685
30.09. 12:00;21,272
30.09. 12:15;20,632
30.09. 12:30;19,855
30.09. 12:45;19,02
30.09. 13:00;18,193
30.09. 13:15;17,446
30.09. 13:30;16,807
30.09. 13:45;16,354
30.09. 14:00;16,118
30.09. 14:15;16,089
30.09. 14:30;16,236
30.09. 14:45;16,541
30.09. 15:00;16,964
30.09. 15:15;17,436
30.09. 15:30;17,839
30.09. 15:45;18,105
30.09. 16:00;18,144
30.09. 16:15;18,056
30.09. 16:30;17,908
30.09. 16:45;17,83
30.09. 17:00;17,849
30.09. 17:15;17,869
30.09. 17:30;17,702
30.09. 17:45;17,181
30.09. 18:00;16,207
30.09. 18:15;14,899
30.09. 18:30;13,473
30.09. 18:45;12,126
30.09. 19:00;11,024
30.09. 19:15;10,169
30.09. 19:30;9,5688
30.09. 19:45;9,1853
30.09. 20:00;9,0082
30.09. 20:15;8,9591
30.09. 20:30;8,9591
30.09. 20:45;8,9099
30.09. 21:00;8,7722
30.09. 21:15;8,5755
30.09. 21:30;8,3592
30.09. 21:45;8,1822
30.09. 22:00;8,074
30.09. 22:15;8,0346
30.09. 22:30;8,0248
30.09. 22:45;7,9953
30.09. 23:00;7,9265
30.09. 23:15;7,8183
30.09. 23:30;7,6609
30.09. 23:45;7,4446
01.10. 00:00;7,1791
01.10. 00:15;6,8939
01.10. 00:30;6,5988
01.10. 00:45;6,3431
01.10. 01:00;6,1268
01.10. 01:15;5,9596
01.10. 01:30;5,8219
01.10. 01:45;5,6941
01.10. 02:00;5,5761
01.10. 02:15;5,4679
01.10. 02:30;5,3794
01.10. 02:45;5,3302
01.10. 03:00;5,3204
01.10. 03:15;5,3695
01.10. 03:30;5,4876
01.10. 03:45;5,6941
01.10. 04:00;5,9891
01.10. 04:15;6,3333
01.10. 04:30;6,6873
01.10. 04:45;6,9824
01.10. 05:00;7,1987
01.10. 05:15;7,3462
01.10. 05:30;7,4446
01.10. 05:45;7,5331
01.10. 06:00;7,6413
01.10. 06:15;7,7986
01.10. 06:30;8,0543
01.10. 06:45;8,4575
01.10. 07:00;9,0377
01.10. 07:15;9,8737
01.10. 07:30;11,005
01.10. 07:45;12,499
01.10. 08:00;14,348
01.10. 08:15;16,345
01.10. 08:30;18,213
01.10. 08:45;19,669
01.10. 09:00;20,505
01.10. 09:15;20,859
01.10. 09:30;20,908
01.10. 09:45;20,859
01.10. 10:00;20,868
01.10. 10:15;20,957
01.10. 10:30;21,104
01.10. 10:45;21,321
01.10. 11:00;21,557
01.10. 11:15;21,754
01.10. 11:30;21,832
01.10. 11:45;21,685
01.10. 12:00;21,272
01.10. 12:15;20,632
01.10. 12:30;19,855
01.10. 12:45;19,02
01.10. 13:00;18,193
01.10. 13:15;17,446
01.10. 13:30;16,807
01.10. 13:45;16,354
01.10. 14:00;16,118
01.10. 14:15;16,089
01.10. 14:30;16,236
01.10. 14:45;16,541
01.10. 15:00;16,964
01.10. 15:15;17,436
01.10. 15:30;17,839
01.10. 15:45;18,105
01.10. 16:00;18,144
01.10. 16:15;18,056
01.10. 16:30;17,908
01.10. 16:45;17,83
01.10. 17:00;17,849
01.10. 17:15;17,869
01.10. 17:30;17,702
01.10. 17:45;17,181
01.10. 18:00;16,207
01.10. 18:15;14,899
01.10. 18:30;13,473
01.10. 18:45;12,126
01.10. 19:00;11,024
01.10. 19:15;10,169
01.10. 19:30;9,5688
01.10. 19:45;9,1853
01.10. 20:00;9,0082
01.10. 20:15;8,9591
01.10. 20:30;8,9591
01.10. 20:45;8,9099
01.10. 21:00;8,7722
01.10. 21:15;8,5755
01.10. 21:30;8,3592
01.10. 21:45;8,1822
01.10. 22:00;8,074
01.10. 22:15;8,0346
01.10. 22:30;8,0248
01.10. 22:45;7,9953
01.10. 23:00;7,9265
01.10. 23:15;7,8183
01.10. 23:30;7,6609
01.10. 23:45;7,4446
02.10. 00:00;7,1791
02.10. 00:15;6,8939
02.10. 00:30;6,5988
02.10. 00:45;6,3431
02.10. 01:00;6,1268
02.10. 01:15;5,9596
02.10. 01:30;5,8219
02.10. 01:45;5,6941
02.10. 02:00;5,5761
02.10. 02:15;5,4679
02.10. 02:30;5,3794
02.10. 02:45;5,3302
02.10. 03:00;5,3204
02.10. 03:15;5,3695
02.10. 03:30;5,4876
02.10. 03:45;5,6941
02.10. 04:00;5,9891
02.10. 04:15;6,3333
02.10. 04:30;6,6873
02.10. 04:45;6,9824
02.10. 05:00;7,1987
02.10. 05:15;7,3462
02.10. 05:30;7,4446
02.10. 05:45;7,5331
02.10. 06:00;7,6413
02.10. 06:15;7,7986
02.10. 06:30;8,0543
02.10. 06:45;8,4575
02.10. 07:00;9,0377
02.10. 07:15;9,8737
02.10. 07:30;11,005
02.10. 07:45;12,499
02.10. 08:00;14,348
02.10. 08:15;16,345
02.10. 08:30;18,213
02.10. 08:45;19,669
02.10. 09:00;20,505
02.10. 09:15;20,859
02.10. 09:30;20,908
02.10. 09:45;20,859
02.10. 10:00;20,868
02.10. 10:15;20,957
02.10. 10:30;21,104
02.10. 10:45;21,321
02.10. 11:00;21,557
02.10. 11:15;21,754
02.10. 11:30;21,832
02.10. 11:45;21,685
02.10. 12:00;21,272
02.10. 12:15;20,632
02.10. 12:30;19,855
02.10. 12:45;19,02
02.10. 13:00;18,193
02.10. 13:15;17,446
02.10. 13:30;16,807
02.10. 13:45;16,354
02.10. 14:00;16,118
02.10. 14:15;16,089
02.10. 14:30;16,236
02.10. 14:45;16,541
02.10. 15:00;16,964
02.10. 15:15;17,436
02.10. 15:30;17,839
02.10. 15:45;18,105
02.10. 16:00;18,144
02.10. 16:15;18,056
02.10. 16:30;17,908
02.10. 16:45;17,83
02.10. 17:00;17,849
02.10. 17:15;17,869
02.10. 17:30;17,702
02.10. 17:45;17,181
02.10. 18:00;16,207
02.10. 18:15;14,899
02.10. 18:30;13,473
02.10. 18:45;12,126
02.10. 19:00;11,024
02.10. 19:15;10,169
02.10. 19:30;9,5688
02.10. 19:45;9,1853
02.10. 20:00;9,0082
02.10. 20:15;8,9591
02.10. 20:30;8,9591
02.10. 20:45;8,9099
02.10. 21:00;8,7722
02.10. 21:15;8,5755
02.10. 21:30;8,3592
02.10. 21:45;8,1822
02.10. 22:00;8,074
02.10. 22:15;8,0346
02.10. 22:30;8,0248
02.10. 22:45;7,9953
02.10. 23:00;7,9265
02.10. 23:15;7,8183
02.10. 23:30;7,6609
02.10. 23:45;7,4446
03.10. 00:00;7,1791
03.10. 00:15;6,8939
03.10. 00:30;6,5988
03.10. 00:45;6,3431
03.10. 01:00;6,1268
03.10. 01:15;5,9596
03.10. 01:30;5,8219
03.10. 01:45;5,6941
03.10. 02:00;5,5761
03.10. 02:15;5,4679
03.10. 02:30;5,3794
03.10. 02:45;5,3302
03.10. 03:00;5,3204
03.10. 03:15;5,3695
03.10. 03:30;5,4876
03.10. 03:45;5,6941
03.10. 04:00;5,9891
03.10. 04:15;6,3333
03.10. 04:30;6,6873
03.10. 04:45;6,9824
03.10. 05:00;7,1987
03.10. 05:15;7,3462
03.10. 05:30;7,4446
03.10. 05:45;7,5331
03.10. 06:00;7,6413
03.10. 06:15;7,7986
03.10. 06:30;8,0543
03.10. 06:45;8,4575
03.10. 07:00;9,0377
03.10. 07:15;9,8737
03.10. 07:30;11,005
03.10. 07:45;12,499
03.10. 08:00;14,348
03.10. 08:15;16,345
03.10. 08:30;18,213
03.10. 08:45;19,669
03.10. 09:00;20,505
03.10. 09:15;20,859
03.10. 09:30;20,908
03.10. 09:45;20,859
03.10. 10:00;20,868
03.10. 10:15;20,957
03.10. 10:30;21,104
03.10. 10:45;21,321
03.10. 11:00;21,557
03.10. 11:15;21,754
03.10. 11:30;21,832
03.10. 11:45;21,685
03.10. 12:00;21,272
03.10. 12:15;20,632
03.10. 12:30;19,855
03.10. 12:45;19,02
03.10. 13:00;18,193
03.10. 13:15;17,446
03.10. 13:30;16,807
03.10. 13:45;16,354
03.10. 14:00;16,118
03.10. 14:15;16,089
03.10. 14:30;16,236
03.10. 14:45;16,541
03.10. 15:00;16,964
03.10. 15:15;17,436
03.10. 15:30;17,839
03.10. 15:45;18,105
03.10. 16:00;18,144
03.10. 16:15;18,056
03.10. 16:30;17,908
03.10. 16:45;17,83
03.10. 17:00;17,849
03.10. 17:15;17,869
03.10. 17:30;17,702
03.10. 17:45;17,181
03.10. 18:00;16,207
03.10. 18:15;14,899
03.10. 18:30;13,473
03.10. 18:45;12,126
03.10. 19:00;11,024
03.10. 19:15;10,169
03.10. 19:30;9,5688
03.10. 19:45;9,1853
03.10. 20:00;9,0082
03.10. 20:15;8,9591
03.10. 20:30;8,9591
03.10. 20:45;8,9099
03.10. 21:00;8,7722
03.10. 21:15;8,5755
03.10. 21:30;8,3592
03.10. 21:45;8,1822
03.10. 22:00;8,074
03.10. 22:15;8,0346
03.10. 22:30;8,0248
03.10. 22:45;7,9953
03.10. 23:00;7,9265
03.10. 23:15;7,8183
03.10. 23:30;7,6609
03.10. 23:45;7,4446
04.10. 00:00;7,1791
04.10. 00:15;6,8939
04.10. 00:30;6,5988
04.10. 00:45;6,3431
04.10. 01:00;6,1268
04.10. 01:15;5,9596
04.10. 01:30;5,8219
04.10. 01:45;5,6941
04.10. 02:00;5,5761
04.10. 02:15;5,4679
04.10. 02:30;5,3794
04.10. 02:45;5,3302
04.10. 03:00;5,3204
04.10. 03:15;5,3695
04.10. 03:30;5,4876
04.10. 03:45;5,6941
04.10. 04:00;5,9891
04.10. 04:15;6,3333
04.10. 04:30;6,6873
04.10. 04:45;6,9824
04.10. 05:00;7,1987
04.10. 05:15;7,3462
04.10. 05:30;7,4446
04.10. 05:45;7,5331
04.10. 06:00;7,6413
04.10. 06:15;7,7986
04.10. 06:30;8,0543
04.10. 06:45;8,4575
04.10. 07:00;9,0377
04.10. 07:15;9,8737
04.10. 07:30;11,005
04.10. 07:45;12,499
04.10. 08:00;14,348
04.10. 08:15;16,345
04.10. 08:30;18,213
04.10. 08:45;19,669
04.10. 09:00;20,505
04.10. 09:15;20,859
04.10. 09:30;20,908
04.10. 09:45;20,859
04.10. 10:00;20,868
04.10. 10:15;20,957
04.10. 10:30;21,104
04.10. 10:45;21,321
04.10. 11:00;21,557
04.10. 11:15;21,754
04.10. 11:30;21,832
04.10. 11:45;21,685
04.10. 12:00;21,272
04.10. 12:15;20,632
04.10. 12:30;19,855
04.10. 12:45;19,02
04.10. 13:00;18,193
04.10. 13:15;17,446
04.10. 13:30;16,807
04.10. 13:45;16,354
04.10. 14:00;16,118
04.10. 14:15;16,089
04.10. 14:30;16,236
04.10. 14:45;16,541
04.10. 15:00;16,964
04.10. 15:15;17,436
04.10. 15:30;17,839
04.10. 15:45;18,105
04.10. 16:00;18,144
04.10. 16:15;18,056
04.10. 16:30;17,908
04.10. 16:45;17,83
04.10. 17:00;17,849
04.10. 17:15;17,869
04.10. 17:30;17,702
04.10. 17:45;17,181
04.10. 18:00;16,207
04.10. 18:15;14,899
04.10. 18:30;13,473
04.10. 18:45;12,126
04.10. 19:00;11,024
04.10. 19:15;10,169
04.10. 19:30;9,5688
04.10. 19:45;9,1853
04.10. 20:00;9,0082
04.10. 20:15;8,9591
04.10. 20:30;8,9591
04.10. 20:45;8,9099
04.10. 21:00;8,7722
04.10. 21:15;8,5755
04.10. 21:30;8,3592
04.10. 21:45;8,1822
04.10. 22:00;8,074
04.10. 22:15;8,0346
04.10. 22:30;8,0248
04.10. 22:45;7,9953
04.10. 23:00;7,9265
04.10. 23:15;7,8183
04.10. 23:30;7,6609
04.10. 23:45;7,4446
05.10. 00:00;7,4544
05.10. 00:15;7,5429
05.10. 00:30;7,6413
05.10. 00:45;7,7199
05.10. 01:00;7,7199
05.10. 01:15;7,6511
05.10. 01:30;7,5331
05.10. 01:45;7,3462
05.10. 02:00;7,1397
05.10. 02:15;6,9234
05.10. 02:30;6,7365
05.10. 02:45;6,6185
05.10. 03:00;6,589
05.10. 03:15;6,6382
05.10. 03:30;6,7168
05.10. 03:45;6,7955
05.10. 04:00;6,8545
05.10. 04:15;6,8939
05.10. 04:30;6,9332
05.10. 04:45;6,9824
05.10. 05:00;7,061
05.10. 05:15;7,1299
05.10. 05:30;7,1791
05.10. 05:45;7,1692
05.10. 06:00;7,1004
05.10. 06:15;7,1004
05.10. 06:30;7,3167
05.10. 06:45;7,9068
05.10. 07:00;8,9492
05.10. 07:15;10,346
05.10. 07:30;11,919
05.10. 07:45;13,512
05.10. 08:00;14,958
05.10. 08:15;16,217
05.10. 08:30;17,22
05.10. 08:45;17,918
05.10. 09:00;18,302
05.10. 09:15;18,439
05.10. 09:30;18,459
05.10. 09:45;18,469
05.10. 10:00;18,557
05.10. 10:15;18,695
05.10. 10:30;18,872
05.10. 10:45;19,02
05.10. 11:00;19,128
05.10. 11:15;19,187
05.10. 11:30;19,206
05.10. 11:45;19,206
05.10. 12:00;19,167
05.10. 12:15;19,069
05.10. 12:30;18,852
05.10. 12:45;18,469
05.10. 13:00;17,889
05.10. 13:15;17,122
05.10. 13:30;16,207
05.10. 13:45;15,165
05.10. 14:00;14,024
05.10. 14:15;12,873
05.10. 14:30;11,782
05.10. 14:45;10,847
05.10. 15:00;10,1
05.10. 15:15;9,5295
05.10. 15:30;9,0574
05.10. 15:45;8,6345
05.10. 16:00;8,2215
05.10. 16:15;7,838
05.10. 16:30;7,5626
05.10. 16:45;7,4446
05.10. 17:00;7,5233
05.10. 17:15;7,7298
05.10. 17:30;7,9756
05.10. 17:45;8,1822
05.10. 18:00;8,2707
05.10. 18:15;8,2903
05.10. 18:30;8,2707
05.10. 18:45;8,2707
05.10. 19:00;8,3297
05.10. 19:15;8,4378
05.10. 19:30;8,5854
05.10. 19:45;8,7329
05.10. 20:00;8,8607
05.10. 20:15;8,9689
05.10. 20:30;9,0181
05.10. 20:45;9,0082
05.10. 21:00;8,9099
05.10. 21:15;8,7525
05.10. 21:30;8,5657
05.10. 21:45;8,3592
05.10. 22:00;8,1723
05.10. 22:15;7,9855
05.10. 22:30;7,8085
05.10. 22:45;7,6314
05.10. 23:00;7,4446
05.10. 23:15;7,2577
05.10. 23:30;7,0709
05.10. 23:45;6,8939
06.10. 00:00;6,7168
06.10. 00:15;6,5398
06.10. 00:30;6,353
06.10. 00:45;6,1563
06.10. 01:00;5,9301
06.10. 01:15;5,6941
06.10. 01:30;5,458
06.10. 01:45;5,2417
06.10. 02:00;5,0352
06.10. 02:15;4,868
06.10. 02:30;4,7205
06.10. 02:45;4,5926
06.10. 03:00;4,4943
06.10. 03:15;4,4156
06.10. 03:30;4,3566
06.10. 03:45;4,3173
06.10. 04:00;4,2878
06.10. 04:15;4,2779
06.10. 04:30;4,2878
06.10. 04:45;4,3173
06.10. 05:00;4,3763
06.10. 05:15;4,4353
06.10. 05:30;4,4845
06.10. 05:45;4,5041
06.10. 06:00;4,4845
06.10. 06:15;4,4549
06.10. 06:30;4,4451
06.10. 06:45;4,5041
06.10. 07:00;4,6418
06.10. 07:15;4,8287
06.10. 07:30;5,0155
06.10. 07:45;5,1434
06.10. 08:00;5,1925
06.10. 08:15;5,2024
06.10. 08:30;5,222
06.10. 08:45;5,3302
06.10. 09:00;5,5466
06.10. 09:15;5,8514
06.10. 09:30;6,1661
06.10. 09:45;6,4316
06.10. 10:00;6,6087
06.10. 10:15;6,7365
06.10. 10:30;6,8447
06.10. 10:45;6,9824
06.10. 11:00;7,1889
06.10. 11:15;7,4347
06.10. 11:30;7,6904
06.10. 11:45;7,9068
06.10. 12:00;8,0543
06.10. 12:15;8,1428
06.10. 12:30;8,1822
06.10. 12:45;8,1822
06.10. 13:00;8,1428
06.10. 13:15;8,074
06.10. 13:30;7,956
06.10. 13:45;7,8085
06.10. 14:00;7,6216
06.10. 14:15;7,4052
06.10. 14:30;7,1889
06.10. 14:45;6,9824
06.10. 15:00;6,8054
06.10. 15:15;6,648
06.10. 15:30;6,5005
06.10. 15:45;6,3431
06.10. 16:00;6,176
06.10. 16:15;6,0481
06.10. 16:30;6,0186
06.10. 16:45;6,1563
06.10. 17:00;6,4808
06.10. 17:15;6,9234
06.10. 17:30;7,3757
06.10. 17:45;7,7199
06.10. 18:00;7,8773
06.10. 18:15;7,9068
06.10. 18:30;7,8871
06.10. 18:45;7,9068
06.10. 19:00;8,0051
06.10. 19:15;8,1723
06.10. 19:30;8,369
06.10. 19:45;8,546
06.10. 20:00;8,664
06.10. 20:15;8,723
06.10. 20:30;8,7132
06.10. 20:45;8,6345
06.10. 21:00;8,4969
06.10. 21:15;8,3002
06.10. 21:30;8,0641
06.10. 21:45;7,8085
06.10. 22:00;7,5429
06.10. 22:15;7,2872
06.10. 22:30;7,0315
06.10. 22:45;6,7955
06.10. 23:00;6,589
06.10. 23:15;6,4218
06.10. 23:30;6,3038
06.10. 23:45;6,2448
07.10. 00:00;7,1791
07.10. 00:15;6,8939
07.10. 00:30;6,5988
07.10. 00:45;6,3431
07.10. 01:00;6,1268
07.10. 01:15;5,9596
07.10. 01:30;5,8219
07.10. 01:45;5,6941
07.10. 02:00;5,5761
07.10. 02:15;5,4679
07.10. 02:30;5,3794
07.10. 02:45;5,3302
07.10. 03:00;5,3204
07.10. 03:15;5,3695
07.10. 03:30;5,4876
07.10. 03:45;5,6941
07.10. 04:00;5,9891
07.10. 04:15;6,3333
07.10. 04:30;6,6873
07.10. 04:45;6,9824
07.10. 05:00;7,1987
07.10. 05:15;7,3462
07.10. 05:30;7,4446
07.10. 05:45;7,5331
07.10. 06:00;7,6413
07.10. 06:15;7,7986
07.10. 06:30;8,0543
07.10. 06:45;8,4575
07.10. 07:00;9,0377
07.10. 07:15;9,8737
07.10. 07:30;11,005
07.10. 07:45;12,499
07.10. 08:00;14,348
07.10. 08:15;16,345
07.10. 08:30;18,213
07.10. 08:45;19,669
07.10. 09:00;20,505
07.10. 09:15;20,859
07.10. 09:30;20,908
07.10. 09:45;20,859
07.10. 10:00;20,868
07.10. 10:15;20,957
07.10. 10:30;21,104
07.10. 10:45;21,321
07.10. 11:00;21,557
07.10. 11:15;21,754
07.10. 11:30;21,832
07.10. 11:45;21,685
07.10. 12:00;21,272
07.10. 12:15;20,632
07.10. 12:30;19,855
07.10. 12:45;19,02
07.10. 13:00;18,193
07.10. 13:15;17,446
07.10. 13:30;16,807
07.10. 13:45;16,354
07.10. 14:00;16,118
07.10. 14:15;16,089
07.10. 14:30;16,236
07.10. 14:45;16,541
07.10. 15:00;16,964
07.10. 15:15;17,436
07.10. 15:30;17,839
07.10. 15:45;18,105
07.10. 16:00;18,144
07.10. 16:15;18,056
07.10. 16:30;17,908
07.10. 16:45;17,83
07.10. 17:00;17,849
07.10. 17:15;17,869
07.10. 17:30;17,702
07.10. 17:45;17,181
07.10. 18:00;16,207
07.10. 18:15;14,899
07.10. 18:30;13,473
07.10. 18:45;12,126
07.10. 19:00;11,024
07.10. 19:15;10,169
07.10. 19:30;9,5688
07.10. 19:45;9,1853
07.10. 20:00;9,0082
07.10. 20:15;8,9591
07.10. 20:30;8,9591
07.10. 20:45;8,9099
07.10. 21:00;8,7722
07.10. 21:15;8,5755
07.10. 21:30;8,3592
07.10. 21:45;8,1822
07.10. 22:00;8,074
07.10. 22:15;8,0346
07.10. 22:30;8,0248
07.10. 22:45;7,9953
07.10. 23:00;7,9265
07.10. 23:15;7,8183
07.10. 23:30;7,6609
07.10. 23:45;7,4446
08.10. 00:00;7,1791
08.10. 00:15;6,8939
08.10. 00:30;6,5988
08.10. 00:45;6,3431
08.10. 01:00;6,1268
08.10. 01:15;5,9596
08.10. 01:30;5,8219
08.10. 01:45;5,6941
08.10. 02:00;5,5761
08.10. 02:15;5,4679
08.10. 02:30;5,3794
08.10. 02:45;5,3302
08.10. 03:00;5,3204
08.10. 03:15;5,3695
08.10. 03:30;5,4876
08.10. 03:45;5,6941
08.10. 04:00;5,9891
08.10. 04:15;6,3333
08.10. 04:30;6,6873
08.10. 04:45;6,9824
08.10. 05:00;7,1987
08.10. 05:15;7,3462
08.10. 05:30;7,4446
08.10. 05:45;7,5331
08.10. 06:00;7,6413
08.10. 06:15;7,7986
08.10. 06:30;8,0543
08.10. 06:45;8,4575
08.10. 07:00;9,0377
08.10. 07:15;9,8737
08.10. 07:30;11,005
08.10. 07:45;12,499
08.10. 08:00;14,348
08.10. 08:15;16,345
08.10. 08:30;18,213
08.10. 08:45;19,669
08.10. 09:00;20,505
08.10. 09:15;20,859
08.10. 09:30;20,908
08.10. 09:45;20,859
08.10. 10:00;20,868
08.10. 10:15;20,957
08.10. 10:30;21,104
08.10. 10:45;21,321
08.10. 11:00;21,557
08.10. 11:15;21,754
08.10. 11:30;21,832
08.10. 11:45;21,685
08.10. 12:00;21,272
08.10. 12:15;20,632
08.10. 12:30;19,855
08.10. 12:45;19,02
08.10. 13:00;18,193
08.10. 13:15;17,446
08.10. 13:30;16,807
08.10. 13:45;16,354
08.10. 14:00;16,118
08.10. 14:15;16,089
08.10. 14:30;16,236
08.10. 14:45;16,541
08.10. 15:00;16,964
08.10. 15:15;17,436
08.10. 15:30;17,839
08.10. 15:45;18,105
08.10. 16:00;18,144
08.10. 16:15;18,056
08.10. 16:30;17,908
08.10. 16:45;17,83
08.10. 17:00;17,849
08.10. 17:15;17,869
08.10. 17:30;17,702
08.10. 17:45;17,181
08.10. 18:00;16,207
08.10. 18:15;14,899
08.10. 18:30;13,473
08.10. 18:45;12,126
08.10. 19:00;11,024
08.10. 19:15;10,169
08.10. 19:30;9,5688
08.10. 19:45;9,1853
08.10. 20:00;9,0082
08.10. 20:15;8,9591
08.10. 20:30;8,9591
08.10. 20:45;8,9099
08.10. 21:00;8,7722
08.10. 21:15;8,5755
08.10. 21:30;8,3592
08.10. 21:45;8,1822
08.10. 22:00;8,074
08.10. 22:15;8,0346
08.10. 22:30;8,0248
08.10. 22:45;7,9953
08.10. 23:00;7,9265
08.10. 23:15;7,8183
08.10. 23:30;7,6609
08.10. 23:45;7,4446
09.10. 00:00;7,1791
09.10. 00:15;6,8939
09.10. 00:30;6,5988
09.10. 00:45;6,3431
09.10. 01:00;6,1268
09.10. 01:15;5,9596
09.10. 01:30;5,8219
09.10. 01:45;5,6941
09.10. 02:00;5,5761
09.10. 02:15;5,4679
09.10. 02:30;5,3794
09.10. 02:45;5,3302
09.10. 03:00;5,3204
09.10. 03:15;5,3695
09.10. 03:30;5,4876
09.10. 03:45;5,6941
09.10. 04:00;5,9891
09.10. 04:15;6,3333
09.10. 04:30;6,6873
09.10. 04:45;6,9824
09.10. 05:00;7,1987
09.10. 05:15;7,3462
09.10. 05:30;7,4446
09.10. 05:45;7,5331
09.10. 06:00;7,6413
09.10. 06:15;7,7986
09.10. 06:30;8,0543
09.10. 06:45;8,4575
09.10. 07:00;9,0377
09.10. 07:15;9,8737
09.10. 07:30;11,005
09.10. 07:45;12,499
09.10. 08:00;14,348
09.10. 08:15;16,345
09.10. 08:30;18,213
09.10. 08:45;19,669
09.10. 09:00;20,505
09.10. 09:15;20,859
09.10. 09:30;20,908
09.10. 09:45;20,859
09.10. 10:00;20,868
09.10. 10:15;20,957
09.10. 10:30;21,104
09.10. 10:45;21,321
09.10. 11:00;21,557
09.10. 11:15;21,754
09.10. 11:30;21,832
09.10. 11:45;21,685
09.10. 12:00;21,272
09.10. 12:15;20,632
09.10. 12:30;19,855
09.10. 12:45;19,02
09.10. 13:00;18,193
09.10. 13:15;17,446
09.10. 13:30;16,807
09.10. 13:45;16,354
09.10. 14:00;16,118
09.10. 14:15;16,089
09.10. 14:30;16,236
09.10. 14:45;16,541
09.10. 15:00;16,964
09.10. 15:15;17,436
09.10. 15:30;17,839
09.10. 15:45;18,105
09.10. 16:00;18,144
09.10. 16:15;18,056
09.10. 16:30;17,908
09.10. 16:45;17,83
09.10. 17:00;17,849
09.10. 17:15;17,869
09.10. 17:30;17,702
09.10. 17:45;17,181
09.10. 18:00;16,207
09.10. 18:15;14,899
09.10. 18:30;13,473
09.10. 18:45;12,126
09.10. 19:00;11,024
09.10. 19:15;10,169
09.10. 19:30;9,5688
09.10. 19:45;9,1853
09.10. 20:00;9,0082
09.10. 20:15;8,9591
09.10. 20:30;8,9591
09.10. 20:45;8,9099
09.10. 21:00;8,7722
09.10. 21:15;8,5755
09.10. 21:30;8,3592
09.10. 21:45;8,1822
09.10. 22:00;8,074
09.10. 22:15;8,0346
09.10. 22:30;8,0248
09.10. 22:45;7,9953
09.10. 23:00;7,9265
09.10. 23:15;7,8183
09.10. 23:30;7,6609
09.10. 23:45;7,4446
10.10. 00:00;7,1791
10.10. 00:15;6,8939
10.10. 00:30;6,5988
10.10. 00:45;6,3431
10.10. 01:00;6,1268
10.10. 01:15;5,9596
10.10. 01:30;5,8219
10.10. 01:45;5,6941
10.10. 02:00;5,5761
10.10. 02:15;5,4679
10.10. 02:30;5,3794
10.10. 02:45;5,3302
10.10. 03:00;5,3204
10.10. 03:15;5,3695
10.10. 03:30;5,4876
10.10. 03:45;5,6941
10.10. 04:00;5,9891
10.10. 04:15;6,3333
10.10. 04:30;6,6873
10.10. 04:45;6,9824
10.10. 05:00;7,1987
10.10. 05:15;7,3462
10.10. 05:30;7,4446
10.10. 05:45;7,5331
10.10. 06:00;7,6413
10.10. 06:15;7,7986
10.10. 06:30;8,0543
10.10. 06:45;8,4575
10.10. 07:00;9,0377
10.10. 07:15;9,8737
10.10. 07:30;11,005
10.10. 07:45;12,499
10.10. 08:00;14,348
10.10. 08:15;16,345
10.10. 08:30;18,213
10.10. 08:45;19,669
10.10. 09:00;20,505
10.10. 09:15;20,859
10.10. 09:30;20,908
10.10. 09:45;20,859
10.10. 10:00;20,868
10.10. 10:15;20,957
10.10. 10:30;21,104
10.10. 10:45;21,321
10.10. 11:00;21,557
10.10. 11:15;21,754
10.10. 11:30;21,832
10.10. 11:45;21,685
10.10. 12:00;21,272
10.10. 12:15;20,632
10.10. 12:30;19,855
10.10. 12:45;19,02
10.10. 13:00;18,193
10.10. 13:15;17,446
10.10. 13:30;16,807
10.10. 13:45;16,354
10.10. 14:00;16,118
10.10. 14:15;16,089
10.10. 14:30;16,236
10.10. 14:45;16,541
10.10. 15:00;16,964
10.10. 15:15;17,436
10.10. 15:30;17,839
10.10. 15:45;18,105
10.10. 16:00;18,144
10.10. 16:15;18,056
10.10. 16:30;17,908
10.10. 16:45;17,83
10.10. 17:00;17,849
10.10. 17:15;17,869
10.10. 17:30;17,702
10.10. 17:45;17,181
10.10. 18:00;16,207
10.10. 18:15;14,899
10.10. 18:30;13,473
10.10. 18:45;12,126
10.10. 19:00;11,024
10.10. 19:15;10,169
10.10. 19:30;9,5688
10.10. 19:45;9,1853
10.10. 20:00;9,0082
10.10. 20:15;8,9591
10.10. 20:30;8,9591
10.10. 20:45;8,9099
10.10. 21:00;8,7722
10.10. 21:15;8,5755
10.10. 21:30;8,3592
10.10. 21:45;8,1822
10.10. 22:00;8,074
10.10. 22:15;8,0346
10.10. 22:30;8,0248
10.10. 22:45;7,9953
10.10. 23:00;7,9265
10.10. 23:15;7,8183
10.10. 23:30;7,6609
10.10. 23:45;7,4446
11.10. 00:00;7,1791
11.10. 00:15;6,8939
11.10. 00:30;6,5988
11.10. 00:45;6,3431
11.10. 01:00;6,1268
11.10. 01:15;5,9596
11.10. 01:30;5,8219
11.10. 01:45;5,6941
11.10. 02:00;5,5761
11.10. 02:15;5,4679
11.10. 02:30;5,3794
11.10. 02:45;5,3302
11.10. 03:00;5,3204
11.10. 03:15;5,3695
11.10. 03:30;5,4876
11.10. 03:45;5,6941
11.10. 04:00;5,9891
11.10. 04:15;6,3333
11.10. 04:30;6,6873
11.10. 04:45;6,9824
11.10. 05:00;7,1987
11.10. 05:15;7,3462
11.10. 05:30;7,4446
11.10. 05:45;7,5331
11.10. 06:00;7,6413
11.10. 06:15;7,7986
11.10. 06:30;8,0543
11.10. 06:45;8,4575
11.10. 07:00;9,0377
11.10. 07:15;9,8737
11.10. 07:30;11,005
11.10. 07:45;12,499
11.10. 08:00;14,348
11.10. 08:15;16,345
11.10. 08:30;18,213
11.10. 08:45;19,669
11.10. 09:00;20,505
11.10. 09:15;20,859
11.10. 09:30;20,908
11.10. 09:45;20,859
11.10. 10:00;20,868
11.10. 10:15;20,957
11.10. 10:30;21,104
11.10. 10:45;21,321
11.10. 11:00;21,557
11.10. 11:15;21,754
11.10. 11:30;21,832
11.10. 11:45;21,685
11.10. 12:00;21,272
11.10. 12:15;20,632
11.10. 12:30;19,855
11.10. 12:45;19,02
11.10. 13:00;18,193
11.10. 13:15;17,446
11.10. 13:30;16,807
11.10. 13:45;16,354
11.10. 14:00;16,118
11.10. 14:15;16,089
11.10. 14:30;16,236
11.10. 14:45;16,541
11.10. 15:00;16,964
11.10. 15:15;17,436
11.10. 15:30;17,839
11.10. 15:45;18,105
11.10. 16:00;18,144
11.10. 16:15;18,056
11.10. 16:30;17,908
11.10. 16:45;17,83
11.10. 17:00;17,849
11.10. 17:15;17,869
11.10. 17:30;17,702
11.10. 17:45;17,181
11.10. 18:00;16,207
11.10. 18:15;14,899
11.10. 18:30;13,473
11.10. 18:45;12,126
11.10. 19:00;11,024
11.10. 19:15;10,169
11.10. 19:30;9,5688
11.10. 19:45;9,1853
11.10. 20:00;9,0082
11.10. 20:15;8,9591
11.10. 20:30;8,9591
11.10. 20:45;8,9099
11.10. 21:00;8,7722
11.10. 21:15;8,5755
11.10. 21:30;8,3592
11.10. 21:45;8,1822
11.10. 22:00;8,074
11.10. 22:15;8,0346
11.10. 22:30;8,0248
11.10. 22:45;7,9953
11.10. 23:00;7,9265
11.10. 23:15;7,8183
11.10. 23:30;7,6609
11.10. 23:45;7,4446
12.10. 00:00;7,4544
12.10. 00:15;7,5429
12.10. 00:30;7,6413
12.10. 00:45;7,7199
12.10. 01:00;7,7199
12.10. 01:15;7,6511
12.10. 01:30;7,5331
12.10. 01:45;7,3462
12.10. 02:00;7,1397
12.10. 02:15;6,9234
12.10. 02:30;6,7365
12.10. 02:45;6,6185
12.10. 03:00;6,589
12.10. 03:15;6,6382
12.10. 03:30;6,7168
12.10. 03:45;6,7955
12.10. 04:00;6,8545
12.10. 04:15;6,8939
12.10. 04:30;6,9332
12.10. 04:45;6,9824
12.10. 05:00;7,061
12.10. 05:15;7,1299
12.10. 05:30;7,1791
12.10. 05:45;7,1692
12.10. 06:00;7,1004
12.10. 06:15;7,1004
12.10. 06:30;7,3167
12.10. 06:45;7,9068
12.10. 07:00;8,9492
12.10. 07:15;10,346
12.10. 07:30;11,919
12.10. 07:45;13,512
12.10. 08:00;14,958
12.10. 08:15;16,217
12.10. 08:30;17,22
12.10. 08:45;17,918
12.10. 09:00;18,302
12.10. 09:15;18,439
12.10. 09:30;18,459
12.10. 09:45;18,469
12.10. 10:00;18,557
12.10. 10:15;18,695
12.10. 10:30;18,872
12.10. 10:45;19,02
12.10. 11:00;19,128
12.10. 11:15;19,187
12.10. 11:30;19,206
12.10. 11:45;19,206
12.10. 12:00;19,167
12.10. 12:15;19,069
12.10. 12:30;18,852
12.10. 12:45;18,469
12.10. 13:00;17,889
12.10. 13:15;17,122
12.10. 13:30;16,207
12.10. 13:45;15,165
12.10. 14:00;14,024
12.10. 14:15;12,873
12.10. 14:30;11,782
12.10. 14:45;10,847
12.10. 15:00;10,1
12.10. 15:15;9,5295
12.10. 15:30;9,0574
12.10. 15:45;8,6345
12.10. 16:00;8,2215
12.10. 16:15;7,838
12.10. 16:30;7,5626
12.10. 16:45;7,4446
12.10. 17:00;7,5233
12.10. 17:15;7,7298
12.10. 17:30;7,9756
12.10. 17:45;8,1822
12.10. 18:00;8,2707
12.10. 18:15;8,2903
12.10. 18:30;8,2707
12.10. 18:45;8,2707
12.10. 19:00;8,3297
12.10. 19:15;8,4378
12.10. 19:30;8,5854
12.10. 19:45;8,7329
12.10. 20:00;8,8607
12.10. 20:15;8,9689
12.10. 20:30;9,0181
12.10. 20:45;9,0082
12.10. 21:00;8,9099
12.10. 21:15;8,7525
12.10. 21:30;8,5657
12.10. 21:45;8,3592
12.10. 22:00;8,1723
12.10. 22:15;7,9855
12.10. 22:30;7,8085
12.10. 22:45;7,6314
12.10. 23:00;7,4446
12.10. 23:15;7,2577
12.10. 23:30;7,0709
12.10. 23:45;6,8939
13.10. 00:00;6,7168
13.10. 00:15;6,5398
13.10. 00:30;6,353
13.10. 00:45;6,1563
13.10. 01:00;5,9301
13.10. 01:15;5,6941
13.10. 01:30;5,458
13.10. 01:45;5,2417
13.10. 02:00;5,0352
13.10. 02:15;4,868
13.10. 02:30;4,7205
13.10. 02:45;4,5926
13.10. 03:00;4,4943
13.10. 03:15;4,4156
13.10. 03:30;4,3566
13.10. 03:45;4,3173
13.10. 04:00;4,2878
13.10. 04:15;4,2779
13.10. 04:30;4,2878
13.10. 04:45;4,3173
13.10. 05:00;4,3763
13.10. 05:15;4,4353
13.10. 05:30;4,4845
13.10. 05:45;4,5041
13.10. 06:00;4,4845
13.10. 06:15;4,4549
13.10. 06:30;4,4451
13.10. 06:45;4,5041
13.10. 07:00;4,6418
13.10. 07:15;4,8287
13.10. 07:30;5,0155
13.10. 07:45;5,1434
13.10. 08:00;5,1925
13.10. 08:15;5,2024
13.10. 08:30;5,222
13.10. 08:45;5,3302
13.10. 09:00;5,5466
13.10. 09:15;5,8514
13.10. 09:30;6,1661
13.10. 09:45;6,4316
13.10. 10:00;6,6087
13.10. 10:15;6,7365
13.10. 10:30;6,8447
13.10. 10:45;6,9824
13.10. 11:00;7,1889
13.10. 11:15;7,4347
13.10. 11:30;7,6904
13.10. 11:45;7,9068
13.10. 12:00;8,0543
13.10. 12:15;8,1428
13.10. 12:30;8,1822
13.10. 12:45;8,1822
13.10. 13:00;8,1428
13.10. 13:15;8,074
13.10. 13:30;7,956
13.10. 13:45;7,8085
13.10. 14:00;7,6216
13.10. 14:15;7,4052
13.10. 14:30;7,1889
13.10. 14:45;6,9824
13.10. 15:00;6,8054
13.10. 15:15;6,648
13.10. 15:30;6,5005
13.10. 15:45;6,3431
13.10. 16:00;6,176
13.10. 16:15;6,0481
13.10. 16:30;6,0186
13.10. 16:45;6,1563
13.10. 17:00;6,4808
13.10. 17:15;6,9234
13.10. 17:30;7,3757
13.10. 17:45;7,7199
13.10. 18:00;7,8773
13.10. 18:15;7,9068
13.10. 18:30;7,8871
13.10. 18:45;7,9068
13.10. 19:00;8,0051
13.10. 19:15;8,1723
13.10. 19:30;8,369
13.10. 19:45;8,546
13.10. 20:00;8,664
13.10. 20:15;8,723
13.10. 20:30;8,7132
13.10. 20:45;8,6345
13.10. 21:00;8,4969
13.10. 21:15;8,3002
13.10. 21:30;8,0641
13.10. 21:45;7,8085
13.10. 22:00;7,5429
13.10. 22:15;7,2872
13.10. 22:30;7,0315
13.10. 22:45;6,7955
13.10. 23:00;6,589
13.10. 23:15;6,4218
13.10. 23:30;6,3038
13.10. 23:45;6,2448
14.10. 00:00;7,1791
14.10. 00:15;6,8939
14.10. 00:30;6,5988
14.10. 00:45;6,3431
14.10. 01:00;6,1268
14.10. 01:15;5,9596
14.10. 01:30;5,8219
14.10. 01:45;5,6941
14.10. 02:00;5,5761
14.10. 02:15;5,4679
14.10. 02:30;5,3794
14.10. 02:45;5,3302
14.10. 03:00;5,3204
14.10. 03:15;5,3695
14.10. 03:30;5,4876
14.10. 03:45;5,6941
14.10. 04:00;5,9891
14.10. 04:15;6,3333
14.10. 04:30;6,6873
14.10. 04:45;6,9824
14.10. 05:00;7,1987
14.10. 05:15;7,3462
14.10. 05:30;7,4446
14.10. 05:45;7,5331
14.10. 06:00;7,6413
14.10. 06:15;7,7986
14.10. 06:30;8,0543
14.10. 06:45;8,4575
14.10. 07:00;9,0377
14.10. 07:15;9,8737
14.10. 07:30;11,005
14.10. 07:45;12,499
14.10. 08:00;14,348
14.10. 08:15;16,345
14.10. 08:30;18,213
14.10. 08:45;19,669
14.10. 09:00;20,505
14.10. 09:15;20,859
14.10. 09:30;20,908
14.10. 09:45;20,859
14.10. 10:00;20,868
14.10. 10:15;20,957
14.10. 10:30;21,104
14.10. 10:45;21,321
14.10. 11:00;21,557
14.10. 11:15;21,754
14.10. 11:30;21,832
14.10. 11:45;21,685
14.10. 12:00;21,272
14.10. 12:15;20,632
14.10. 12:30;19,855
14.10. 12:45;19,02
14.10. 13:00;18,193
14.10. 13:15;17,446
14.10. 13:30;16,807
14.10. 13:45;16,354
14.10. 14:00;16,118
14.10. 14:15;16,089
14.10. 14:30;16,236
14.10. 14:45;16,541
14.10. 15:00;16,964
14.10. 15:15;17,436
14.10. 15:30;17,839
14.10. 15:45;18,105
14.10. 16:00;18,144
14.10. 16:15;18,056
14.10. 16:30;17,908
14.10. 16:45;17,83
14.10. 17:00;17,849
14.10. 17:15;17,869
14.10. 17:30;17,702
14.10. 17:45;17,181
14.10. 18:00;16,207
14.10. 18:15;14,899
14.10. 18:30;13,473
14.10. 18:45;12,126
14.10. 19:00;11,024
14.10. 19:15;10,169
14.10. 19:30;9,5688
14.10. 19:45;9,1853
14.10. 20:00;9,0082
14.10. 20:15;8,9591
14.10. 20:30;8,9591
14.10. 20:45;8,9099
14.10. 21:00;8,7722
14.10. 21:15;8,5755
14.10. 21:30;8,3592
14.10. 21:45;8,1822
14.10. 22:00;8,074
14.10. 22:15;8,0346
14.10. 22:30;8,0248
14.10. 22:45;7,9953
14.10. 23:00;7,9265
14.10. 23:15;7,8183
14.10. 23:30;7,6609
14.10. 23:45;7,4446
15.10. 00:00;7,1791
15.10. 00:15;6,8939
15.10. 00:30;6,5988
15.10. 00:45;6,3431
15.10. 01:00;6,1268
15.10. 01:15;5,9596
15.10. 01:30;5,8219
15.10. 01:45;5,6941
15.10. 02:00;5,5761
15.10. 02:15;5,4679
15.10. 02:30;5,3794
15.10. 02:45;5,3302
15.10. 03:00;5,3204
15.10. 03:15;5,3695
15.10. 03:30;5,4876
15.10. 03:45;5,6941
15.10. 04:00;5,9891
15.10. 04:15;6,3333
15.10. 04:30;6,6873
15.10. 04:45;6,9824
15.10. 05:00;7,1987
15.10. 05:15;7,3462
15.10. 05:30;7,4446
15.10. 05:45;7,5331
15.10. 06:00;7,6413
15.10. 06:15;7,7986
15.10. 06:30;8,0543
15.10. 06:45;8,4575
15.10. 07:00;9,0377
15.10. 07:15;9,8737
15.10. 07:30;11,005
15.10. 07:45;12,499
15.10. 08:00;14,348
15.10. 08:15;16,345
15.10. 08:30;18,213
15.10. 08:45;19,669
15.10. 09:00;20,505
15.10. 09:15;20,859
15.10. 09:30;20,908
15.10. 09:45;20,859
15.10. 10:00;20,868
15.10. 10:15;20,957
15.10. 10:30;21,104
15.10. 10:45;21,321
15.10. 11:00;21,557
15.10. 11:15;21,754
15.10. 11:30;21,832
15.10. 11:45;21,685
15.10. 12:00;21,272
15.10. 12:15;20,632
15.10. 12:30;19,855
15.10. 12:45;19,02
15.10. 13:00;18,193
15.10. 13:15;17,446
15.10. 13:30;16,807
15.10. 13:45;16,354
15.10. 14:00;16,118
15.10. 14:15;16,089
15.10. 14:30;16,236
15.10. 14:45;16,541
15.10. 15:00;16,964
15.10. 15:15;17,436
15.10. 15:30;17,839
15.10. 15:45;18,105
15.10. 16:00;18,144
15.10. 16:15;18,056
15.10. 16:30;17,908
15.10. 16:45;17,83
15.10. 17:00;17,849
15.10. 17:15;17,869
15.10. 17:30;17,702
15.10. 17:45;17,181
15.10. 18:00;16,207
15.10. 18:15;14,899
15.10. 18:30;13,473
15.10. 18:45;12,126
15.10. 19:00;11,024
15.10. 19:15;10,169
15.10. 19:30;9,5688
15.10. 19:45;9,1853
15.10. 20:00;9,0082
15.10. 20:15;8,9591
15.10. 20:30;8,9591
15.10. 20:45;8,9099
15.10. 21:00;8,7722
15.10. 21:15;8,5755
15.10. 21:30;8,3592
15.10. 21:45;8,1822
15.10. 22:00;8,074
15.10. 22:15;8,0346
15.10. 22:30;8,0248
15.10. 22:45;7,9953
15.10. 23:00;7,9265
15.10. 23:15;7,8183
15.10. 23:30;7,6609
15.10. 23:45;7,4446
16.10. 00:00;7,1791
16.10. 00:15;6,8939
16.10. 00:30;6,5988
16.10. 00:45;6,3431
16.10. 01:00;6,1268
16.10. 01:15;5,9596
16.10. 01:30;5,8219
16.10. 01:45;5,6941
16.10. 02:00;5,5761
16.10. 02:15;5,4679
16.10. 02:30;5,3794
16.10. 02:45;5,3302
16.10. 03:00;5,3204
16.10. 03:15;5,3695
16.10. 03:30;5,4876
16.10. 03:45;5,6941
16.10. 04:00;5,9891
16.10. 04:15;6,3333
16.10. 04:30;6,6873
16.10. 04:45;6,9824
16.10. 05:00;7,1987
16.10. 05:15;7,3462
16.10. 05:30;7,4446
16.10. 05:45;7,5331
16.10. 06:00;7,6413
16.10. 06:15;7,7986
16.10. 06:30;8,0543
16.10. 06:45;8,4575
16.10. 07:00;9,0377
16.10. 07:15;9,8737
16.10. 07:30;11,005
16.10. 07:45;12,499
16.10. 08:00;14,348
16.10. 08:15;16,345
16.10. 08:30;18,213
16.10. 08:45;19,669
16.10. 09:00;20,505
16.10. 09:15;20,859
16.10. 09:30;20,908
16.10. 09:45;20,859
16.10. 10:00;20,868
16.10. 10:15;20,957
16.10. 10:30;21,104
16.10. 10:45;21,321
16.10. 11:00;21,557
16.10. 11:15;21,754
16.10. 11:30;21,832
16.10. 11:45;21,685
16.10. 12:00;21,272
16.10. 12:15;20,632
16.10. 12:30;19,855
16.10. 12:45;19,02
16.10. 13:00;18,193
16.10. 13:15;17,446
16.10. 13:30;16,807
16.10. 13:45;16,354
16.10. 14:00;16,118
16.10. 14:15;16,089
16.10. 14:30;16,236
16.10. 14:45;16,541
16.10. 15:00;16,964
16.10. 15:15;17,436
16.10. 15:30;17,839
16.10. 15:45;18,105
16.10. 16:00;18,144
16.10. 16:15;18,056
16.10. 16:30;17,908
16.10. 16:45;17,83
16.10. 17:00;17,849
16.10. 17:15;17,869
16.10. 17:30;17,702
16.10. 17:45;17,181
16.10. 18:00;16,207
16.10. 18:15;14,899
16.10. 18:30;13,473
16.10. 18:45;12,126
16.10. 19:00;11,024
16.10. 19:15;10,169
16.10. 19:30;9,5688
16.10. 19:45;9,1853
16.10. 20:00;9,0082
16.10. 20:15;8,9591
16.10. 20:30;8,9591
16.10. 20:45;8,9099
16.10. 21:00;8,7722
16.10. 21:15;8,5755
16.10. 21:30;8,3592
16.10. 21:45;8,1822
16.10. 22:00;8,074
16.10. 22:15;8,0346
16.10. 22:30;8,0248
16.10. 22:45;7,9953
16.10. 23:00;7,9265
16.10. 23:15;7,8183
16.10. 23:30;7,6609
16.10. 23:45;7,4446
17.10. 00:00;7,1791
17.10. 00:15;6,8939
17.10. 00:30;6,5988
17.10. 00:45;6,3431
17.10. 01:00;6,1268
17.10. 01:15;5,9596
17.10. 01:30;5,8219
17.10. 01:45;5,6941
17.10. 02:00;5,5761
17.10. 02:15;5,4679
17.10. 02:30;5,3794
17.10. 02:45;5,3302
17.10. 03:00;5,3204
17.10. 03:15;5,3695
17.10. 03:30;5,4876
17.10. 03:45;5,6941
17.10. 04:00;5,9891
17.10. 04:15;6,3333
17.10. 04:30;6,6873
17.10. 04:45;6,9824
17.10. 05:00;7,1987
17.10. 05:15;7,3462
17.10. 05:30;7,4446
17.10. 05:45;7,5331
17.10. 06:00;7,6413
17.10. 06:15;7,7986
17.10. 06:30;8,0543
17.10. 06:45;8,4575
17.10. 07:00;9,0377
17.10. 07:15;9,8737
17.10. 07:30;11,005
17.10. 07:45;12,499
17.10. 08:00;14,348
17.10. 08:15;16,345
17.10. 08:30;18,213
17.10. 08:45;19,669
17.10. 09:00;20,505
17.10. 09:15;20,859
17.10. 09:30;20,908
17.10. 09:45;20,859
17.10. 10:00;20,868
17.10. 10:15;20,957
17.10. 10:30;21,104
17.10. 10:45;21,321
17.10. 11:00;21,557
17.10. 11:15;21,754
17.10. 11:30;21,832
17.10. 11:45;21,685
17.10. 12:00;21,272
17.10. 12:15;20,632
17.10. 12:30;19,855
17.10. 12:45;19,02
17.10. 13:00;18,193
17.10. 13:15;17,446
17.10. 13:30;16,807
17.10. 13:45;16,354
17.10. 14:00;16,118
17.10. 14:15;16,089
17.10. 14:30;16,236
17.10. 14:45;16,541
17.10. 15:00;16,964
17.10. 15:15;17,436
17.10. 15:30;17,839
17.10. 15:45;18,105
17.10. 16:00;18,144
17.10. 16:15;18,056
17.10. 16:30;17,908
17.10. 16:45;17,83
17.10. 17:00;17,849
17.10. 17:15;17,869
17.10. 17:30;17,702
17.10. 17:45;17,181
17.10. 18:00;16,207
17.10. 18:15;14,899
17.10. 18:30;13,473
17.10. 18:45;12,126
17.10. 19:00;11,024
17.10. 19:15;10,169
17.10. 19:30;9,5688
17.10. 19:45;9,1853
17.10. 20:00;9,0082
17.10. 20:15;8,9591
17.10. 20:30;8,9591
17.10. 20:45;8,9099
17.10. 21:00;8,7722
17.10. 21:15;8,5755
17.10. 21:30;8,3592
17.10. 21:45;8,1822
17.10. 22:00;8,074
17.10. 22:15;8,0346
17.10. 22:30;8,0248
17.10. 22:45;7,9953
17.10. 23:00;7,9265
17.10. 23:15;7,8183
17.10. 23:30;7,6609
17.10. 23:45;7,4446
18.10. 00:00;7,1791
18.10. 00:15;6,8939
18.10. 00:30;6,5988
18.10. 00:45;6,3431
18.10. 01:00;6,1268
18.10. 01:15;5,9596
18.10. 01:30;5,8219
18.10. 01:45;5,6941
18.10. 02:00;5,5761
18.10. 02:15;5,4679
18.10. 02:30;5,3794
18.10. 02:45;5,3302
18.10. 03:00;5,3204
18.10. 03:15;5,3695
18.10. 03:30;5,4876
18.10. 03:45;5,6941
18.10. 04:00;5,9891
18.10. 04:15;6,3333
18.10. 04:30;6,6873
18.10. 04:45;6,9824
18.10. 05:00;7,1987
18.10. 05:15;7,3462
18.10. 05:30;7,4446
18.10. 05:45;7,5331
18.10. 06:00;7,6413
18.10. 06:15;7,7986
18.10. 06:30;8,0543
18.10. 06:45;8,4575
18.10. 07:00;9,0377
18.10. 07:15;9,8737
18.10. 07:30;11,005
18.10. 07:45;12,499
18.10. 08:00;14,348
18.10. 08:15;16,345
18.10. 08:30;18,213
18.10. 08:45;19,669
18.10. 09:00;20,505
18.10. 09:15;20,859
18.10. 09:30;20,908
18.10. 09:45;20,859
18.10. 10:00;20,868
18.10. 10:15;20,957
18.10. 10:30;21,104
18.10. 10:45;21,321
18.10. 11:00;21,557
18.10. 11:15;21,754
18.10. 11:30;21,832
18.10. 11:45;21,685
18.10. 12:00;21,272
18.10. 12:15;20,632
18.10. 12:30;19,855
18.10. 12:45;19,02
18.10. 13:00;18,193
18.10. 13:15;17,446
18.10. 13:30;16,807
18.10. 13:45;16,354
18.10. 14:00;16,118
18.10. 14:15;16,089
18.10. 14:30;16,236
18.10. 14:45;16,541
18.10. 15:00;16,964
18.10. 15:15;17,436
18.10. 15:30;17,839
18.10. 15:45;18,105
18.10. 16:00;18,144
18.10. 16:15;18,056
18.10. 16:30;17,908
18.10. 16:45;17,83
18.10. 17:00;17,849
18.10. 17:15;17,869
18.10. 17:30;17,702
18.10. 17:45;17,181
18.10. 18:00;16,207
18.10. 18:15;14,899
18.10. 18:30;13,473
18.10. 18:45;12,126
18.10. 19:00;11,024
18.10. 19:15;10,169
18.10. 19:30;9,5688
18.10. 19:45;9,1853
18.10. 20:00;9,0082
18.10. 20:15;8,9591
18.10. 20:30;8,9591
18.10. 20:45;8,9099
18.10. 21:00;8,7722
18.10. 21:15;8,5755
18.10. 21:30;8,3592
18.10. 21:45;8,1822
18.10. 22:00;8,074
18.10. 22:15;8,0346
18.10. 22:30;8,0248
18.10. 22:45;7,9953
18.10. 23:00;7,9265
18.10. 23:15;7,8183
18.10. 23:30;7,6609
18.10. 23:45;7,4446
19.10. 00:00;7,4544
19.10. 00:15;7,5429
19.10. 00:30;7,6413
19.10. 00:45;7,7199
19.10. 01:00;7,7199
19.10. 01:15;7,6511
19.10. 01:30;7,5331
19.10. 01:45;7,3462
19.10. 02:00;7,1397
19.10. 02:15;6,9234
19.10. 02:30;6,7365
19.10. 02:45;6,6185
19.10. 03:00;6,589
19.10. 03:15;6,6382
19.10. 03:30;6,7168
19.10. 03:45;6,7955
19.10. 04:00;6,8545
19.10. 04:15;6,8939
19.10. 04:30;6,9332
19.10. 04:45;6,9824
19.10. 05:00;7,061
19.10. 05:15;7,1299
19.10. 05:30;7,1791
19.10. 05:45;7,1692
19.10. 06:00;7,1004
19.10. 06:15;7,1004
19.10. 06:30;7,3167
19.10. 06:45;7,9068
19.10. 07:00;8,9492
19.10. 07:15;10,346
19.10. 07:30;11,919
19.10. 07:45;13,512
19.10. 08:00;14,958
19.10. 08:15;16,217
19.10. 08:30;17,22
19.10. 08:45;17,918
19.10. 09:00;18,302
19.10. 09:15;18,439
19.10. 09:30;18,459
19.10. 09:45;18,469
19.10. 10:00;18,557
19.10. 10:15;18,695
19.10. 10:30;18,872
19.10. 10:45;19,02
19.10. 11:00;19,128
19.10. 11:15;19,187
19.10. 11:30;19,206
19.10. 11:45;19,206
19.10. 12:00;19,167
19.10. 12:15;19,069
19.10. 12:30;18,852
19.10. 12:45;18,469
19.10. 13:00;17,889
19.10. 13:15;17,122
19.10. 13:30;16,207
19.10. 13:45;15,165
19.10. 14:00;14,024
19.10. 14:15;12,873
19.10. 14:30;11,782
19.10. 14:45;10,847
19.10. 15:00;10,1
19.10. 15:15;9,5295
19.10. 15:30;9,0574
19.10. 15:45;8,6345
19.10. 16:00;8,2215
19.10. 16:15;7,838
19.10. 16:30;7,5626
19.10. 16:45;7,4446
19.10. 17:00;7,5233
19.10. 17:15;7,7298
19.10. 17:30;7,9756
19.10. 17:45;8,1822
19.10. 18:00;8,2707
19.10. 18:15;8,2903
19.10. 18:30;8,2707
19.10. 18:45;8,2707
19.10. 19:00;8,3297
19.10. 19:15;8,4378
19.10. 19:30;8,5854
19.10. 19:45;8,7329
19.10. 20:00;8,8607
19.10. 20:15;8,9689
19.10. 20:30;9,0181
19.10. 20:45;9,0082
19.10. 21:00;8,9099
19.10. 21:15;8,7525
19.10. 21:30;8,5657
19.10. 21:45;8,3592
19.10. 22:00;8,1723
19.10. 22:15;7,9855
19.10. 22:30;7,8085
19.10. 22:45;7,6314
19.10. 23:00;7,4446
19.10. 23:15;7,2577
19.10. 23:30;7,0709
19.10. 23:45;6,8939
20.10. 00:00;6,7168
20.10. 00:15;6,5398
20.10. 00:30;6,353
20.10. 00:45;6,1563
20.10. 01:00;5,9301
20.10. 01:15;5,6941
20.10. 01:30;5,458
20.10. 01:45;5,2417
20.10. 02:00;5,0352
20.10. 02:15;4,868
20.10. 02:30;4,7205
20.10. 02:45;4,5926
20.10. 03:00;4,4943
20.10. 03:15;4,4156
20.10. 03:30;4,3566
20.10. 03:45;4,3173
20.10. 04:00;4,2878
20.10. 04:15;4,2779
20.10. 04:30;4,2878
20.10. 04:45;4,3173
20.10. 05:00;4,3763
20.10. 05:15;4,4353
20.10. 05:30;4,4845
20.10. 05:45;4,5041
20.10. 06:00;4,4845
20.10. 06:15;4,4549
20.10. 06:30;4,4451
20.10. 06:45;4,5041
20.10. 07:00;4,6418
20.10. 07:15;4,8287
20.10. 07:30;5,0155
20.10. 07:45;5,1434
20.10. 08:00;5,1925
20.10. 08:15;5,2024
20.10. 08:30;5,222
20.10. 08:45;5,3302
20.10. 09:00;5,5466
20.10. 09:15;5,8514
20.10. 09:30;6,1661
20.10. 09:45;6,4316
20.10. 10:00;6,6087
20.10. 10:15;6,7365
20.10. 10:30;6,8447
20.10. 10:45;6,9824
20.10. 11:00;7,1889
20.10. 11:15;7,4347
20.10. 11:30;7,6904
20.10. 11:45;7,9068
20.10. 12:00;8,0543
20.10. 12:15;8,1428
20.10. 12:30;8,1822
20.10. 12:45;8,1822
20.10. 13:00;8,1428
20.10. 13:15;8,074
20.10. 13:30;7,956
20.10. 13:45;7,8085
20.10. 14:00;7,6216
20.10. 14:15;7,4052
20.10. 14:30;7,1889
20.10. 14:45;6,9824
20.10. 15:00;6,8054
20.10. 15:15;6,648
20.10. 15:30;6,5005
20.10. 15:45;6,3431
20.10. 16:00;6,176
20.10. 16:15;6,0481
20.10. 16:30;6,0186
20.10. 16:45;6,1563
20.10. 17:00;6,4808
20.10. 17:15;6,9234
20.10. 17:30;7,3757
20.10. 17:45;7,7199
20.10. 18:00;7,8773
20.10. 18:15;7,9068
20.10. 18:30;7,8871
20.10. 18:45;7,9068
20.10. 19:00;8,0051
20.10. 19:15;8,1723
20.10. 19:30;8,369
20.10. 19:45;8,546
20.10. 20:00;8,664
20.10. 20:15;8,723
20.10. 20:30;8,7132
20.10. 20:45;8,6345
20.10. 21:00;8,4969
20.10. 21:15;8,3002
20.10. 21:30;8,0641
20.10. 21:45;7,8085
20.10. 22:00;7,5429
20.10. 22:15;7,2872
20.10. 22:30;7,0315
20.10. 22:45;6,7955
20.10. 23:00;6,589
20.10. 23:15;6,4218
20.10. 23:30;6,3038
20.10. 23:45;6,2448
21.10. 00:00;7,1791
21.10. 00:15;6,8939
21.10. 00:30;6,5988
21.10. 00:45;6,3431
21.10. 01:00;6,1268
21.10. 01:15;5,9596
21.10. 01:30;5,8219
21.10. 01:45;5,6941
21.10. 02:00;5,5761
21.10. 02:15;5,4679
21.10. 02:30;5,3794
21.10. 02:45;5,3302
21.10. 03:00;5,3204
21.10. 03:15;5,3695
21.10. 03:30;5,4876
21.10. 03:45;5,6941
21.10. 04:00;5,9891
21.10. 04:15;6,3333
21.10. 04:30;6,6873
21.10. 04:45;6,9824
21.10. 05:00;7,1987
21.10. 05:15;7,3462
21.10. 05:30;7,4446
21.10. 05:45;7,5331
21.10. 06:00;7,6413
21.10. 06:15;7,7986
21.10. 06:30;8,0543
21.10. 06:45;8,4575
21.10. 07:00;9,0377
21.10. 07:15;9,8737
21.10. 07:30;11,005
21.10. 07:45;12,499
21.10. 08:00;14,348
21.10. 08:15;16,345
21.10. 08:30;18,213
21.10. 08:45;19,669
21.10. 09:00;20,505
21.10. 09:15;20,859
21.10. 09:30;20,908
21.10. 09:45;20,859
21.10. 10:00;20,868
21.10. 10:15;20,957
21.10. 10:30;21,104
21.10. 10:45;21,321
21.10. 11:00;21,557
21.10. 11:15;21,754
21.10. 11:30;21,832
21.10. 11:45;21,685
21.10. 12:00;21,272
21.10. 12:15;20,632
21.10. 12:30;19,855
21.10. 12:45;19,02
21.10. 13:00;18,193
21.10. 13:15;17,446
21.10. 13:30;16,807
21.10. 13:45;16,354
21.10. 14:00;16,118
21.10. 14:15;16,089
21.10. 14:30;16,236
21.10. 14:45;16,541
21.10. 15:00;16,964
21.10. 15:15;17,436
21.10. 15:30;17,839
21.10. 15:45;18,105
21.10. 16:00;18,144
21.10. 16:15;18,056
21.10. 16:30;17,908
21.10. 16:45;17,83
21.10. 17:00;17,849
21.10. 17:15;17,869
21.10. 17:30;17,702
21.10. 17:45;17,181
21.10. 18:00;16,207
21.10. 18:15;14,899
21.10. 18:30;13,473
21.10. 18:45;12,126
21.10. 19:00;11,024
21.10. 19:15;10,169
21.10. 19:30;9,5688
21.10. 19:45;9,1853
21.10. 20:00;9,0082
21.10. 20:15;8,9591
21.10. 20:30;8,9591
21.10. 20:45;8,9099
21.10. 21:00;8,7722
21.10. 21:15;8,5755
21.10. 21:30;8,3592
21.10. 21:45;8,1822
21.10. 22:00;8,074
21.10. 22:15;8,0346
21.10. 22:30;8,0248
21.10. 22:45;7,9953
21.10. 23:00;7,9265
21.10. 23:15;7,8183
21.10. 23:30;7,6609
21.10. 23:45;7,4446
22.10. 00:00;7,1791
22.10. 00:15;6,8939
22.10. 00:30;6,5988
22.10. 00:45;6,3431
22.10. 01:00;6,1268
22.10. 01:15;5,9596
22.10. 01:30;5,8219
22.10. 01:45;5,6941
22.10. 02:00;5,5761
22.10. 02:15;5,4679
22.10. 02:30;5,3794
22.10. 02:45;5,3302
22.10. 03:00;5,3204
22.10. 03:15;5,3695
22.10. 03:30;5,4876
22.10. 03:45;5,6941
22.10. 04:00;5,9891
22.10. 04:15;6,3333
22.10. 04:30;6,6873
22.10. 04:45;6,9824
22.10. 05:00;7,1987
22.10. 05:15;7,3462
22.10. 05:30;7,4446
22.10. 05:45;7,5331
22.10. 06:00;7,6413
22.10. 06:15;7,7986
22.10. 06:30;8,0543
22.10. 06:45;8,4575
22.10. 07:00;9,0377
22.10. 07:15;9,8737
22.10. 07:30;11,005
22.10. 07:45;12,499
22.10. 08:00;14,348
22.10. 08:15;16,345
22.10. 08:30;18,213
22.10. 08:45;19,669
22.10. 09:00;20,505
22.10. 09:15;20,859
22.10. 09:30;20,908
22.10. 09:45;20,859
22.10. 10:00;20,868
22.10. 10:15;20,957
22.10. 10:30;21,104
22.10. 10:45;21,321
22.10. 11:00;21,557
22.10. 11:15;21,754
22.10. 11:30;21,832
22.10. 11:45;21,685
22.10. 12:00;21,272
22.10. 12:15;20,632
22.10. 12:30;19,855
22.10. 12:45;19,02
22.10. 13:00;18,193
22.10. 13:15;17,446
22.10. 13:30;16,807
22.10. 13:45;16,354
22.10. 14:00;16,118
22.10. 14:15;16,089
22.10. 14:30;16,236
22.10. 14:45;16,541
22.10. 15:00;16,964
22.10. 15:15;17,436
22.10. 15:30;17,839
22.10. 15:45;18,105
22.10. 16:00;18,144
22.10. 16:15;18,056
22.10. 16:30;17,908
22.10. 16:45;17,83
22.10. 17:00;17,849
22.10. 17:15;17,869
22.10. 17:30;17,702
22.10. 17:45;17,181
22.10. 18:00;16,207
22.10. 18:15;14,899
22.10. 18:30;13,473
22.10. 18:45;12,126
22.10. 19:00;11,024
22.10. 19:15;10,169
22.10. 19:30;9,5688
22.10. 19:45;9,1853
22.10. 20:00;9,0082
22.10. 20:15;8,9591
22.10. 20:30;8,9591
22.10. 20:45;8,9099
22.10. 21:00;8,7722
22.10. 21:15;8,5755
22.10. 21:30;8,3592
22.10. 21:45;8,1822
22.10. 22:00;8,074
22.10. 22:15;8,0346
22.10. 22:30;8,0248
22.10. 22:45;7,9953
22.10. 23:00;7,9265
22.10. 23:15;7,8183
22.10. 23:30;7,6609
22.10. 23:45;7,4446
23.10. 00:00;7,1791
23.10. 00:15;6,8939
23.10. 00:30;6,5988
23.10. 00:45;6,3431
23.10. 01:00;6,1268
23.10. 01:15;5,9596
23.10. 01:30;5,8219
23.10. 01:45;5,6941
23.10. 02:00;5,5761
23.10. 02:15;5,4679
23.10. 02:30;5,3794
23.10. 02:45;5,3302
23.10. 03:00;5,3204
23.10. 03:15;5,3695
23.10. 03:30;5,4876
23.10. 03:45;5,6941
23.10. 04:00;5,9891
23.10. 04:15;6,3333
23.10. 04:30;6,6873
23.10. 04:45;6,9824
23.10. 05:00;7,1987
23.10. 05:15;7,3462
23.10. 05:30;7,4446
23.10. 05:45;7,5331
23.10. 06:00;7,6413
23.10. 06:15;7,7986
23.10. 06:30;8,0543
23.10. 06:45;8,4575
23.10. 07:00;9,0377
23.10. 07:15;9,8737
23.10. 07:30;11,005
23.10. 07:45;12,499
23.10. 08:00;14,348
23.10. 08:15;16,345
23.10. 08:30;18,213
23.10. 08:45;19,669
23.10. 09:00;20,505
23.10. 09:15;20,859
23.10. 09:30;20,908
23.10. 09:45;20,859
23.10. 10:00;20,868
23.10. 10:15;20,957
23.10. 10:30;21,104
23.10. 10:45;21,321
23.10. 11:00;21,557
23.10. 11:15;21,754
23.10. 11:30;21,832
23.10. 11:45;21,685
23.10. 12:00;21,272
23.10. 12:15;20,632
23.10. 12:30;19,855
23.10. 12:45;19,02
23.10. 13:00;18,193
23.10. 13:15;17,446
23.10. 13:30;16,807
23.10. 13:45;16,354
23.10. 14:00;16,118
23.10. 14:15;16,089
23.10. 14:30;16,236
23.10. 14:45;16,541
23.10. 15:00;16,964
23.10. 15:15;17,436
23.10. 15:30;17,839
23.10. 15:45;18,105
23.10. 16:00;18,144
23.10. 16:15;18,056
23.10. 16:30;17,908
23.10. 16:45;17,83
23.10. 17:00;17,849
23.10. 17:15;17,869
23.10. 17:30;17,702
23.10. 17:45;17,181
23.10. 18:00;16,207
23.10. 18:15;14,899
23.10. 18:30;13,473
23.10. 18:45;12,126
23.10. 19:00;11,024
23.10. 19:15;10,169
23.10. 19:30;9,5688
23.10. 19:45;9,1853
23.10. 20:00;9,0082
23.10. 20:15;8,9591
23.10. 20:30;8,9591
23.10. 20:45;8,9099
23.10. 21:00;8,7722
23.10. 21:15;8,5755
23.10. 21:30;8,3592
23.10. 21:45;8,1822
23.10. 22:00;8,074
23.10. 22:15;8,0346
23.10. 22:30;8,0248
23.10. 22:45;7,9953
23.10. 23:00;7,9265
23.10. 23:15;7,8183
23.10. 23:30;7,6609
23.10. 23:45;7,4446
24.10. 00:00;7,1791
24.10. 00:15;6,8939
24.10. 00:30;6,5988
24.10. 00:45;6,3431
24.10. 01:00;6,1268
24.10. 01:15;5,9596
24.10. 01:30;5,8219
24.10. 01:45;5,6941
24.10. 02:00;5,5761
24.10. 02:15;5,4679
24.10. 02:30;5,3794
24.10. 02:45;5,3302
24.10. 03:00;5,3204
24.10. 03:15;5,3695
24.10. 03:30;5,4876
24.10. 03:45;5,6941
24.10. 04:00;5,9891
24.10. 04:15;6,3333
24.10. 04:30;6,6873
24.10. 04:45;6,9824
24.10. 05:00;7,1987
24.10. 05:15;7,3462
24.10. 05:30;7,4446
24.10. 05:45;7,5331
24.10. 06:00;7,6413
24.10. 06:15;7,7986
24.10. 06:30;8,0543
24.10. 06:45;8,4575
24.10. 07:00;9,0377
24.10. 07:15;9,8737
24.10. 07:30;11,005
24.10. 07:45;12,499
24.10. 08:00;14,348
24.10. 08:15;16,345
24.10. 08:30;18,213
24.10. 08:45;19,669
24.10. 09:00;20,505
24.10. 09:15;20,859
24.10. 09:30;20,908
24.10. 09:45;20,859
24.10. 10:00;20,868
24.10. 10:15;20,957
24.10. 10:30;21,104
24.10. 10:45;21,321
24.10. 11:00;21,557
24.10. 11:15;21,754
24.10. 11:30;21,832
24.10. 11:45;21,685
24.10. 12:00;21,272
24.10. 12:15;20,632
24.10. 12:30;19,855
24.10. 12:45;19,02
24.10. 13:00;18,193
24.10. 13:15;17,446
24.10. 13:30;16,807
24.10. 13:45;16,354
24.10. 14:00;16,118
24.10. 14:15;16,089
24.10. 14:30;16,236
24.10. 14:45;16,541
24.10. 15:00;16,964
24.10. 15:15;17,436
24.10. 15:30;17,839
24.10. 15:45;18,105
24.10. 16:00;18,144
24.10. 16:15;18,056
24.10. 16:30;17,908
24.10. 16:45;17,83
24.10. 17:00;17,849
24.10. 17:15;17,869
24.10. 17:30;17,702
24.10. 17:45;17,181
24.10. 18:00;16,207
24.10. 18:15;14,899
24.10. 18:30;13,473
24.10. 18:45;12,126
24.10. 19:00;11,024
24.10. 19:15;10,169
24.10. 19:30;9,5688
24.10. 19:45;9,1853
24.10. 20:00;9,0082
24.10. 20:15;8,9591
24.10. 20:30;8,9591
24.10. 20:45;8,9099
24.10. 21:00;8,7722
24.10. 21:15;8,5755
24.10. 21:30;8,3592
24.10. 21:45;8,1822
24.10. 22:00;8,074
24.10. 22:15;8,0346
24.10. 22:30;8,0248
24.10. 22:45;7,9953
24.10. 23:00;7,9265
24.10. 23:15;7,8183
24.10. 23:30;7,6609
24.10. 23:45;7,4446
25.10. 00:00;7,1791
25.10. 00:15;6,8939
25.10. 00:30;6,5988
25.10. 00:45;6,3431
25.10. 01:00;6,1268
25.10. 01:15;5,9596
25.10. 01:30;5,8219
25.10. 01:45;5,6941
25.10. 02:00;5,5761
25.10. 02:15;5,4679
25.10. 02:30;5,3794
25.10. 02:45;5,3302
25.10. 03:00;5,3204
25.10. 03:15;5,3695
25.10. 03:30;5,4876
25.10. 03:45;5,6941
25.10. 04:00;5,9891
25.10. 04:15;6,3333
25.10. 04:30;6,6873
25.10. 04:45;6,9824
25.10. 05:00;7,1987
25.10. 05:15;7,3462
25.10. 05:30;7,4446
25.10. 05:45;7,5331
25.10. 06:00;7,6413
25.10. 06:15;7,7986
25.10. 06:30;8,0543
25.10. 06:45;8,4575
25.10. 07:00;9,0377
25.10. 07:15;9,8737
25.10. 07:30;11,005
25.10. 07:45;12,499
25.10. 08:00;14,348
25.10. 08:15;16,345
25.10. 08:30;18,213
25.10. 08:45;19,669
25.10. 09:00;20,505
25.10. 09:15;20,859
25.10. 09:30;20,908
25.10. 09:45;20,859
25.10. 10:00;20,868
25.10. 10:15;20,957
25.10. 10:30;21,104
25.10. 10:45;21,321
25.10. 11:00;21,557
25.10. 11:15;21,754
25.10. 11:30;21,832
25.10. 11:45;21,685
25.10. 12:00;21,272
25.10. 12:15;20,632
25.10. 12:30;19,855
25.10. 12:45;19,02
25.10. 13:00;18,193
25.10. 13:15;17,446
25.10. 13:30;16,807
25.10. 13:45;16,354
25.10. 14:00;16,118
25.10. 14:15;16,089
25.10. 14:30;16,236
25.10. 14:45;16,541
25.10. 15:00;16,964
25.10. 15:15;17,436
25.10. 15:30;17,839
25.10. 15:45;18,105
25.10. 16:00;18,144
25.10. 16:15;18,056
25.10. 16:30;17,908
25.10. 16:45;17,83
25.10. 17:00;17,849
25.10. 17:15;17,869
25.10. 17:30;17,702
25.10. 17:45;17,181
25.10. 18:00;16,207
25.10. 18:15;14,899
25.10. 18:30;13,473
25.10. 18:45;12,126
25.10. 19:00;11,024
25.10. 19:15;10,169
25.10. 19:30;9,5688
25.10. 19:45;9,1853
25.10. 20:00;9,0082
25.10. 20:15;8,9591
25.10. 20:30;8,9591
25.10. 20:45;8,9099
25.10. 21:00;8,7722
25.10. 21:15;8,5755
25.10. 21:30;8,3592
25.10. 21:45;8,1822
25.10. 22:00;8,074
25.10. 22:15;8,0346
25.10. 22:30;8,0248
25.10. 22:45;7,9953
25.10. 23:00;7,9265
25.10. 23:15;7,8183
25.10. 23:30;7,6609
25.10. 23:45;7,4446
26.10. 00:00;7,4544
26.10. 00:15;7,5429
26.10. 00:30;7,6413
26.10. 00:45;7,7199
26.10. 01:00;7,7199
26.10. 01:15;7,6511
26.10. 01:30;7,5331
26.10. 01:45;7,3462
26.10. 02:00;7,1397
26.10. 02:15;6,9234
26.10. 02:30;6,7365
26.10. 02:45;6,6185
26.10. 03:00;6,589
26.10. 03:15;6,6382
26.10. 03:30;6,7168
26.10. 03:45;6,7955
26.10. 04:00;6,8545
26.10. 04:15;6,8939
26.10. 04:30;6,9332
26.10. 04:45;6,9824
26.10. 05:00;7,061
26.10. 05:15;7,1299
26.10. 05:30;7,1791
26.10. 05:45;7,1692
26.10. 06:00;7,1004
26.10. 06:15;7,1004
26.10. 06:30;7,3167
26.10. 06:45;7,9068
26.10. 07:00;8,9492
26.10. 07:15;10,346
26.10. 07:30;11,919
26.10. 07:45;13,512
26.10. 08:00;14,958
26.10. 08:15;16,217
26.10. 08:30;17,22
26.10. 08:45;17,918
26.10. 09:00;18,302
26.10. 09:15;18,439
26.10. 09:30;18,459
26.10. 09:45;18,469
26.10. 10:00;18,557
26.10. 10:15;18,695
26.10. 10:30;18,872
26.10. 10:45;19,02
26.10. 11:00;19,128
26.10. 11:15;19,187
26.10. 11:30;19,206
26.10. 11:45;19,206
26.10. 12:00;19,167
26.10. 12:15;19,069
26.10. 12:30;18,852
26.10. 12:45;18,469
26.10. 13:00;17,889
26.10. 13:15;17,122
26.10. 13:30;16,207
26.10. 13:45;15,165
26.10. 14:00;14,024
26.10. 14:15;12,873
26.10. 14:30;11,782
26.10. 14:45;10,847
26.10. 15:00;10,1
26.10. 15:15;9,5295
26.10. 15:30;9,0574
26.10. 15:45;8,6345
26.10. 16:00;8,2215
26.10. 16:15;7,838
26.10. 16:30;7,5626
26.10. 16:45;7,4446
26.10. 17:00;7,5233
26.10. 17:15;7,7298
26.10. 17:30;7,9756
26.10. 17:45;8,1822
26.10. 18:00;8,2707
26.10. 18:15;8,2903
26.10. 18:30;8,2707
26.10. 18:45;8,2707
26.10. 19:00;8,3297
26.10. 19:15;8,4378
26.10. 19:30;8,5854
26.10. 19:45;8,7329
26.10. 20:00;8,8607
26.10. 20:15;8,9689
26.10. 20:30;9,0181
26.10. 20:45;9,0082
26.10. 21:00;8,9099
26.10. 21:15;8,7525
26.10. 21:30;8,5657
26.10. 21:45;8,3592
26.10. 22:00;8,1723
26.10. 22:15;7,9855
26.10. 22:30;7,8085
26.10. 22:45;7,6314
26.10. 23:00;7,4446
26.10. 23:15;7,2577
26.10. 23:30;7,0709
26.10. 23:45;6,8939
27.10. 00:00;6,7168
27.10. 00:15;6,5398
27.10. 00:30;6,353
27.10. 00:45;6,1563
27.10. 01:00;5,9301
27.10. 01:15;5,6941
27.10. 01:30;5,458
27.10. 01:45;5,2417
27.10. 02:00;5,0352
27.10. 02:15;4,868
27.10. 02:30;4,7205
27.10. 02:45;4,5926
27.10. 03:00;4,4943
27.10. 03:15;4,4156
27.10. 03:30;4,3566
27.10. 03:45;4,3173
27.10. 04:00;4,2878
27.10. 04:15;4,2779
27.10. 04:30;4,2878
27.10. 04:45;4,3173
27.10. 05:00;4,3763
27.10. 05:15;4,4353
27.10. 05:30;4,4845
27.10. 05:45;4,5041
27.10. 06:00;4,4845
27.10. 06:15;4,4549
27.10. 06:30;4,4451
27.10. 06:45;4,5041
27.10. 07:00;4,6418
27.10. 07:15;4,8287
27.10. 07:30;5,0155
27.10. 07:45;5,1434
27.10. 08:00;5,1925
27.10. 08:15;5,2024
27.10. 08:30;5,222
27.10. 08:45;5,3302
27.10. 09:00;5,5466
27.10. 09:15;5,8514
27.10. 09:30;6,1661
27.10. 09:45;6,4316
27.10. 10:00;6,6087
27.10. 10:15;6,7365
27.10. 10:30;6,8447
27.10. 10:45;6,9824
27.10. 11:00;7,1889
27.10. 11:15;7,4347
27.10. 11:30;7,6904
27.10. 11:45;7,9068
27.10. 12:00;8,0543
27.10. 12:15;8,1428
27.10. 12:30;8,1822
27.10. 12:45;8,1822
27.10. 13:00;8,1428
27.10. 13:15;8,074
27.10. 13:30;7,956
27.10. 13:45;7,8085
27.10. 14:00;7,6216
27.10. 14:15;7,4052
27.10. 14:30;7,1889
27.10. 14:45;6,9824
27.10. 15:00;6,8054
27.10. 15:15;6,648
27.10. 15:30;6,5005
27.10. 15:45;6,3431
27.10. 16:00;6,176
27.10. 16:15;6,0481
27.10. 16:30;6,0186
27.10. 16:45;6,1563
27.10. 17:00;6,4808
27.10. 17:15;6,9234
27.10. 17:30;7,3757
27.10. 17:45;7,7199
27.10. 18:00;7,8773
27.10. 18:15;7,9068
27.10. 18:30;7,8871
27.10. 18:45;7,9068
27.10. 19:00;8,0051
27.10. 19:15;8,1723
27.10. 19:30;8,369
27.10. 19:45;8,546
27.10. 20:00;8,664
27.10. 20:15;8,723
27.10. 20:30;8,7132
27.10. 20:45;8,6345
27.10. 21:00;8,4969
27.10. 21:15;8,3002
27.10. 21:30;8,0641
27.10. 21:45;7,8085
27.10. 22:00;7,5429
27.10. 22:15;7,2872
27.10. 22:30;7,0315
27.10. 22:45;6,7955
27.10. 23:00;6,589
27.10. 23:15;6,4218
27.10. 23:30;6,3038
27.10. 23:45;6,2448
28.10. 00:00;7,1791
28.10. 00:15;6,8939
28.10. 00:30;6,5988
28.10. 00:45;6,3431
28.10. 01:00;6,1268
28.10. 01:15;5,9596
28.10. 01:30;5,8219
28.10. 01:45;5,6941
28.10. 02:00;5,5761
28.10. 02:15;5,4679
28.10. 02:30;5,3794
28.10. 02:45;5,3302
28.10. 03:00;5,3204
28.10. 03:15;5,3695
28.10. 03:30;5,4876
28.10. 03:45;5,6941
28.10. 04:00;5,9891
28.10. 04:15;6,3333
28.10. 04:30;6,6873
28.10. 04:45;6,9824
28.10. 05:00;7,1987
28.10. 05:15;7,3462
28.10. 05:30;7,4446
28.10. 05:45;7,5331
28.10. 06:00;7,6413
28.10. 06:15;7,7986
28.10. 06:30;8,0543
28.10. 06:45;8,4575
28.10. 07:00;9,0377
28.10. 07:15;9,8737
28.10. 07:30;11,005
28.10. 07:45;12,499
28.10. 08:00;14,348
28.10. 08:15;16,345
28.10. 08:30;18,213
28.10. 08:45;19,669
28.10. 09:00;20,505
28.10. 09:15;20,859
28.10. 09:30;20,908
28.10. 09:45;20,859
28.10. 10:00;20,868
28.10. 10:15;20,957
28.10. 10:30;21,104
28.10. 10:45;21,321
28.10. 11:00;21,557
28.10. 11:15;21,754
28.10. 11:30;21,832
28.10. 11:45;21,685
28.10. 12:00;21,272
28.10. 12:15;20,632
28.10. 12:30;19,855
28.10. 12:45;19,02
28.10. 13:00;18,193
28.10. 13:15;17,446
28.10. 13:30;16,807
28.10. 13:45;16,354
28.10. 14:00;16,118
28.10. 14:15;16,089
28.10. 14:30;16,236
28.10. 14:45;16,541
28.10. 15:00;16,964
28.10. 15:15;17,436
28.10. 15:30;17,839
28.10. 15:45;18,105
28.10. 16:00;18,144
28.10. 16:15;18,056
28.10. 16:30;17,908
28.10. 16:45;17,83
28.10. 17:00;17,849
28.10. 17:15;17,869
28.10. 17:30;17,702
28.10. 17:45;17,181
28.10. 18:00;16,207
28.10. 18:15;14,899
28.10. 18:30;13,473
28.10. 18:45;12,126
28.10. 19:00;11,024
28.10. 19:15;10,169
28.10. 19:30;9,5688
28.10. 19:45;9,1853
28.10. 20:00;9,0082
28.10. 20:15;8,9591
28.10. 20:30;8,9591
28.10. 20:45;8,9099
28.10. 21:00;8,7722
28.10. 21:15;8,5755
28.10. 21:30;8,3592
28.10. 21:45;8,1822
28.10. 22:00;8,074
28.10. 22:15;8,0346
28.10. 22:30;8,0248
28.10. 22:45;7,9953
28.10. 23:00;7,9265
28.10. 23:15;7,8183
28.10. 23:30;7,6609
28.10. 23:45;7,4446
29.10. 00:00;7,1791
29.10. 00:15;6,8939
29.10. 00:30;6,5988
29.10. 00:45;6,3431
29.10. 01:00;6,1268
29.10. 01:15;5,9596
29.10. 01:30;5,8219
29.10. 01:45;5,6941
29.10. 02:00;5,5761
29.10. 02:15;5,4679
29.10. 02:30;5,3794
29.10. 02:45;5,3302
29.10. 03:00;5,3204
29.10. 03:15;5,3695
29.10. 03:30;5,4876
29.10. 03:45;5,6941
29.10. 04:00;5,9891
29.10. 04:15;6,3333
29.10. 04:30;6,6873
29.10. 04:45;6,9824
29.10. 05:00;7,1987
29.10. 05:15;7,3462
29.10. 05:30;7,4446
29.10. 05:45;7,5331
29.10. 06:00;7,6413
29.10. 06:15;7,7986
29.10. 06:30;8,0543
29.10. 06:45;8,4575
29.10. 07:00;9,0377
29.10. 07:15;9,8737
29.10. 07:30;11,005
29.10. 07:45;12,499
29.10. 08:00;14,348
29.10. 08:15;16,345
29.10. 08:30;18,213
29.10. 08:45;19,669
29.10. 09:00;20,505
29.10. 09:15;20,859
29.10. 09:30;20,908
29.10. 09:45;20,859
29.10. 10:00;20,868
29.10. 10:15;20,957
29.10. 10:30;21,104
29.10. 10:45;21,321
29.10. 11:00;21,557
29.10. 11:15;21,754
29.10. 11:30;21,832
29.10. 11:45;21,685
29.10. 12:00;21,272
29.10. 12:15;20,632
29.10. 12:30;19,855
29.10. 12:45;19,02
29.10. 13:00;18,193
29.10. 13:15;17,446
29.10. 13:30;16,807
29.10. 13:45;16,354
29.10. 14:00;16,118
29.10. 14:15;16,089
29.10. 14:30;16,236
29.10. 14:45;16,541
29.10. 15:00;16,964
29.10. 15:15;17,436
29.10. 15:30;17,839
29.10. 15:45;18,105
29.10. 16:00;18,144
29.10. 16:15;18,056
29.10. 16:30;17,908
29.10. 16:45;17,83
29.10. 17:00;17,849
29.10. 17:15;17,869
29.10. 17:30;17,702
29.10. 17:45;17,181
29.10. 18:00;16,207
29.10. 18:15;14,899
29.10. 18:30;13,473
29.10. 18:45;12,126
29.10. 19:00;11,024
29.10. 19:15;10,169
29.10. 19:30;9,5688
29.10. 19:45;9,1853
29.10. 20:00;9,0082
29.10. 20:15;8,9591
29.10. 20:30;8,9591
29.10. 20:45;8,9099
29.10. 21:00;8,7722
29.10. 21:15;8,5755
29.10. 21:30;8,3592
29.10. 21:45;8,1822
29.10. 22:00;8,074
29.10. 22:15;8,0346
29.10. 22:30;8,0248
29.10. 22:45;7,9953
29.10. 23:00;7,9265
29.10. 23:15;7,8183
29.10. 23:30;7,6609
29.10. 23:45;7,4446
30.10. 00:00;7,1791
30.10. 00:15;6,8939
30.10. 00:30;6,5988
30.10. 00:45;6,3431
30.10. 01:00;6,1268
30.10. 01:15;5,9596
30.10. 01:30;5,8219
30.10. 01:45;5,6941
30.10. 02:00;5,5761
30.10. 02:15;5,4679
30.10. 02:30;5,3794
30.10. 02:45;5,3302
30.10. 03:00;5,3204
30.10. 03:15;5,3695
30.10. 03:30;5,4876
30.10. 03:45;5,6941
30.10. 04:00;5,9891
30.10. 04:15;6,3333
30.10. 04:30;6,6873
30.10. 04:45;6,9824
30.10. 05:00;7,1987
30.10. 05:15;7,3462
30.10. 05:30;7,4446
30.10. 05:45;7,5331
30.10. 06:00;7,6413
30.10. 06:15;7,7986
30.10. 06:30;8,0543
30.10. 06:45;8,4575
30.10. 07:00;9,0377
30.10. 07:15;9,8737
30.10. 07:30;11,005
30.10. 07:45;12,499
30.10. 08:00;14,348
30.10. 08:15;16,345
30.10. 08:30;18,213
30.10. 08:45;19,669
30.10. 09:00;20,505
30.10. 09:15;20,859
30.10. 09:30;20,908
30.10. 09:45;20,859
30.10. 10:00;20,868
30.10. 10:15;20,957
30.10. 10:30;21,104
30.10. 10:45;21,321
30.10. 11:00;21,557
30.10. 11:15;21,754
30.10. 11:30;21,832
30.10. 11:45;21,685
30.10. 12:00;21,272
30.10. 12:15;20,632
30.10. 12:30;19,855
30.10. 12:45;19,02
30.10. 13:00;18,193
30.10. 13:15;17,446
30.10. 13:30;16,807
30.10. 13:45;16,354
30.10. 14:00;16,118
30.10. 14:15;16,089
30.10. 14:30;16,236
30.10. 14:45;16,541
30.10. 15:00;16,964
30.10. 15:15;17,436
30.10. 15:30;17,839
30.10. 15:45;18,105
30.10. 16:00;18,144
30.10. 16:15;18,056
30.10. 16:30;17,908
30.10. 16:45;17,83
30.10. 17:00;17,849
30.10. 17:15;17,869
30.10. 17:30;17,702
30.10. 17:45;17,181
30.10. 18:00;16,207
30.10. 18:15;14,899
30.10. 18:30;13,473
30.10. 18:45;12,126
30.10. 19:00;11,024
30.10. 19:15;10,169
30.10. 19:30;9,5688
30.10. 19:45;9,1853
30.10. 20:00;9,0082
30.10. 20:15;8,9591
30.10. 20:30;8,9591
30.10. 20:45;8,9099
30.10. 21:00;8,7722
30.10. 21:15;8,5755
30.10. 21:30;8,3592
30.10. 21:45;8,1822
30.10. 22:00;8,074
30.10. 22:15;8,0346
30.10. 22:30;8,0248
30.10. 22:45;7,9953
30.10. 23:00;7,9265
30.10. 23:15;7,8183
30.10. 23:30;7,6609
30.10. 23:45;7,4446
31.10. 00:00;7,1791
31.10. 00:15;6,8939
31.10. 00:30;6,5988
31.10. 00:45;6,3431
31.10. 01:00;6,1268
31.10. 01:15;5,9596
31.10. 01:30;5,8219
31.10. 01:45;5,6941
31.10. 02:00;5,5761
31.10. 02:15;5,4679
31.10. 02:30;5,3794
31.10. 02:45;5,3302
31.10. 03:00;5,3204
31.10. 03:15;5,3695
31.10. 03:30;5,4876
31.10. 03:45;5,6941
31.10. 04:00;5,9891
31.10. 04:15;6,3333
31.10. 04:30;6,6873
31.10. 04:45;6,9824
31.10. 05:00;7,1987
31.10. 05:15;7,3462
31.10. 05:30;7,4446
31.10. 05:45;7,5331
31.10. 06:00;7,6413
31.10. 06:15;7,7986
31.10. 06:30;8,0543
31.10. 06:45;8,4575
31.10. 07:00;9,0377
31.10. 07:15;9,8737
31.10. 07:30;11,005
31.10. 07:45;12,499
31.10. 08:00;14,348
31.10. 08:15;16,345
31.10. 08:30;18,213
31.10. 08:45;19,669
31.10. 09:00;20,505
31.10. 09:15;20,859
31.10. 09:30;20,908
31.10. 09:45;20,859
31.10. 10:00;20,868
31.10. 10:15;20,957
31.10. 10:30;21,104
31.10. 10:45;21,321
31.10. 11:00;21,557
31.10. 11:15;21,754
31.10. 11:30;21,832
31.10. 11:45;21,685
31.10. 12:00;21,272
31.10. 12:15;20,632
31.10. 12:30;19,855
31.10. 12:45;19,02
31.10. 13:00;18,193
31.10. 13:15;17,446
31.10. 13:30;16,807
31.10. 13:45;16,354
31.10. 14:00;16,118
31.10. 14:15;16,089
31.10. 14:30;16,236
31.10. 14:45;16,541
31.10. 15:00;16,964
31.10. 15:15;17,436
31.10. 15:30;17,839
31.10. 15:45;18,105
31.10. 16:00;18,144
31.10. 16:15;18,056
31.10. 16:30;17,908
31.10. 16:45;17,83
31.10. 17:00;17,849
31.10. 17:15;17,869
31.10. 17:30;17,702
31.10. 17:45;17,181
31.10. 18:00;16,207
31.10. 18:15;14,899
31.10. 18:30;13,473
31.10. 18:45;12,126
31.10. 19:00;11,024
31.10. 19:15;10,169
31.10. 19:30;9,5688
31.10. 19:45;9,1853
31.10. 20:00;9,0082
31.10. 20:15;8,9591
31.10. 20:30;8,9591
31.10. 20:45;8,9099
31.10. 21:00;8,7722
31.10. 21:15;8,5755
31.10. 21:30;8,3592
31.10. 21:45;8,1822
31.10. 22:00;8,074
31.10. 22:15;8,0346
31.10. 22:30;8,0248
31.10. 22:45;7,9953
31.10. 23:00;7,9265
31.10. 23:15;7,8183
31.10. 23:30;7,6609
31.10. 23:45;7,4446
01.11. 00:00;7,1791
01.11. 00:15;6,8939
01.11. 00:30;6,5988
01.11. 00:45;6,3431
01.11. 01:00;6,1268
01.11. 01:15;5,9596
01.11. 01:30;5,8219
01.11. 01:45;5,6941
01.11. 02:00;5,5761
01.11. 02:15;5,4679
01.11. 02:30;5,3794
01.11. 02:45;5,3302
01.11. 03:00;5,3204
01.11. 03:15;5,3695
01.11. 03:30;5,4876
01.11. 03:45;5,6941
01.11. 04:00;5,9891
01.11. 04:15;6,3333
01.11. 04:30;6,6873
01.11. 04:45;6,9824
01.11. 05:00;7,1987
01.11. 05:15;7,3462
01.11. 05:30;7,4446
01.11. 05:45;7,5331
01.11. 06:00;7,6413
01.11. 06:15;7,7986
01.11. 06:30;8,0543
01.11. 06:45;8,4575
01.11. 07:00;9,0377
01.11. 07:15;9,8737
01.11. 07:30;11,005
01.11. 07:45;12,499
01.11. 08:00;14,348
01.11. 08:15;16,345
01.11. 08:30;18,213
01.11. 08:45;19,669
01.11. 09:00;20,505
01.11. 09:15;20,859
01.11. 09:30;20,908
01.11. 09:45;20,859
01.11. 10:00;20,868
01.11. 10:15;20,957
01.11. 10:30;21,104
01.11. 10:45;21,321
01.11. 11:00;21,557
01.11. 11:15;21,754
01.11. 11:30;21,832
01.11. 11:45;21,685
01.11. 12:00;21,272
01.11. 12:15;20,632
01.11. 12:30;19,855
01.11. 12:45;19,02
01.11. 13:00;18,193
01.11. 13:15;17,446
01.11. 13:30;16,807
01.11. 13:45;16,354
01.11. 14:00;16,118
01.11. 14:15;16,089
01.11. 14:30;16,236
01.11. 14:45;16,541
01.11. 15:00;16,964
01.11. 15:15;17,436
01.11. 15:30;17,839
01.11. 15:45;18,105
01.11. 16:00;18,144
01.11. 16:15;18,056
01.11. 16:30;17,908
01.11. 16:45;17,83
01.11. 17:00;17,849
01.11. 17:15;17,869
01.11. 17:30;17,702
01.11. 17:45;17,181
01.11. 18:00;16,207
01.11. 18:15;14,899
01.11. 18:30;13,473
01.11. 18:45;12,126
01.11. 19:00;11,024
01.11. 19:15;10,169
01.11. 19:30;9,5688
01.11. 19:45;9,1853
01.11. 20:00;9,0082
01.11. 20:15;8,9591
01.11. 20:30;8,9591
01.11. 20:45;8,9099
01.11. 21:00;8,7722
01.11. 21:15;8,5755
01.11. 21:30;8,3592
01.11. 21:45;8,1822
01.11. 22:00;8,074
01.11. 22:15;8,0346
01.11. 22:30;8,0248
01.11. 22:45;7,9953
01.11. 23:00;7,9265
01.11. 23:15;7,8183
01.11. 23:30;7,6609
01.11. 23:45;7,4446
02.11. 00:00;7,4544
02.11. 00:15;7,5429
02.11. 00:30;7,6413
02.11. 00:45;7,7199
02.11. 01:00;7,7199
02.11. 01:15;7,6511
02.11. 01:30;7,5331
02.11. 01:45;7,3462
02.11. 02:00;7,1397
02.11. 02:15;6,9234
02.11. 02:30;6,7365
02.11. 02:45;6,6185
02.11. 03:00;6,589
02.11. 03:15;6,6382
02.11. 03:30;6,7168
02.11. 03:45;6,7955
02.11. 04:00;6,8545
02.11. 04:15;6,8939
02.11. 04:30;6,9332
02.11. 04:45;6,9824
02.11. 05:00;7,061
02.11. 05:15;7,1299
02.11. 05:30;7,1791
02.11. 05:45;7,1692
02.11. 06:00;7,1004
02.11. 06:15;7,1004
02.11. 06:30;7,3167
02.11. 06:45;7,9068
02.11. 07:00;8,9492
02.11. 07:15;10,346
02.11. 07:30;11,919
02.11. 07:45;13,512
02.11. 08:00;14,958
02.11. 08:15;16,217
02.11. 08:30;17,22
02.11. 08:45;17,918
02.11. 09:00;18,302
02.11. 09:15;18,439
02.11. 09:30;18,459
02.11. 09:45;18,469
02.11. 10:00;18,557
02.11. 10:15;18,695
02.11. 10:30;18,872
02.11. 10:45;19,02
02.11. 11:00;19,128
02.11. 11:15;19,187
02.11. 11:30;19,206
02.11. 11:45;19,206
02.11. 12:00;19,167
02.11. 12:15;19,069
02.11. 12:30;18,852
02.11. 12:45;18,469
02.11. 13:00;17,889
02.11. 13:15;17,122
02.11. 13:30;16,207
02.11. 13:45;15,165
02.11. 14:00;14,024
02.11. 14:15;12,873
02.11. 14:30;11,782
02.11. 14:45;10,847
02.11. 15:00;10,1
02.11. 15:15;9,5295
02.11. 15:30;9,0574
02.11. 15:45;8,6345
02.11. 16:00;8,2215
02.11. 16:15;7,838
02.11. 16:30;7,5626
02.11. 16:45;7,4446
02.11. 17:00;7,5233
02.11. 17:15;7,7298
02.11. 17:30;7,9756
02.11. 17:45;8,1822
02.11. 18:00;8,2707
02.11. 18:15;8,2903
02.11. 18:30;8,2707
02.11. 18:45;8,2707
02.11. 19:00;8,3297
02.11. 19:15;8,4378
02.11. 19:30;8,5854
02.11. 19:45;8,7329
02.11. 20:00;8,8607
02.11. 20:15;8,9689
02.11. 20:30;9,0181
02.11. 20:45;9,0082
02.11. 21:00;8,9099
02.11. 21:15;8,7525
02.11. 21:30;8,5657
02.11. 21:45;8,3592
02.11. 22:00;8,1723
02.11. 22:15;7,9855
02.11. 22:30;7,8085
02.11. 22:45;7,6314
02.11. 23:00;7,4446
02.11. 23:15;7,2577
02.11. 23:30;7,0709
02.11. 23:45;6,8939
03.11. 00:00;6,7168
03.11. 00:15;6,5398
03.11. 00:30;6,353
03.11. 00:45;6,1563
03.11. 01:00;5,9301
03.11. 01:15;5,6941
03.11. 01:30;5,458
03.11. 01:45;5,2417
03.11. 02:00;5,0352
03.11. 02:15;4,868
03.11. 02:30;4,7205
03.11. 02:45;4,5926
03.11. 03:00;4,4943
03.11. 03:15;4,4156
03.11. 03:30;4,3566
03.11. 03:45;4,3173
03.11. 04:00;4,2878
03.11. 04:15;4,2779
03.11. 04:30;4,2878
03.11. 04:45;4,3173
03.11. 05:00;4,3763
03.11. 05:15;4,4353
03.11. 05:30;4,4845
03.11. 05:45;4,5041
03.11. 06:00;4,4845
03.11. 06:15;4,4549
03.11. 06:30;4,4451
03.11. 06:45;4,5041
03.11. 07:00;4,6418
03.11. 07:15;4,8287
03.11. 07:30;5,0155
03.11. 07:45;5,1434
03.11. 08:00;5,1925
03.11. 08:15;5,2024
03.11. 08:30;5,222
03.11. 08:45;5,3302
03.11. 09:00;5,5466
03.11. 09:15;5,8514
03.11. 09:30;6,1661
03.11. 09:45;6,4316
03.11. 10:00;6,6087
03.11. 10:15;6,7365
03.11. 10:30;6,8447
03.11. 10:45;6,9824
03.11. 11:00;7,1889
03.11. 11:15;7,4347
03.11. 11:30;7,6904
03.11. 11:45;7,9068
03.11. 12:00;8,0543
03.11. 12:15;8,1428
03.11. 12:30;8,1822
03.11. 12:45;8,1822
03.11. 13:00;8,1428
03.11. 13:15;8,074
03.11. 13:30;7,956
03.11. 13:45;7,8085
03.11. 14:00;7,6216
03.11. 14:15;7,4052
03.11. 14:30;7,1889
03.11. 14:45;6,9824
03.11. 15:00;6,8054
03.11. 15:15;6,648
03.11. 15:30;6,5005
03.11. 15:45;6,3431
03.11. 16:00;6,176
03.11. 16:15;6,0481
03.11. 16:30;6,0186
03.11. 16:45;6,1563
03.11. 17:00;6,4808
03.11. 17:15;6,9234
03.11. 17:30;7,3757
03.11. 17:45;7,7199
03.11. 18:00;7,8773
03.11. 18:15;7,9068
03.11. 18:30;7,8871
03.11. 18:45;7,9068
03.11. 19:00;8,0051
03.11. 19:15;8,1723
03.11. 19:30;8,369
03.11. 19:45;8,546
03.11. 20:00;8,664
03.11. 20:15;8,723
03.11. 20:30;8,7132
03.11. 20:45;8,6345
03.11. 21:00;8,4969
03.11. 21:15;8,3002
03.11. 21:30;8,0641
03.11. 21:45;7,8085
03.11. 22:00;7,5429
03.11. 22:15;7,2872
03.11. 22:30;7,0315
03.11. 22:45;6,7955
03.11. 23:00;6,589
03.11. 23:15;6,4218
03.11. 23:30;6,3038
03.11. 23:45;6,2448
04.11. 00:00;7,1791
04.11. 00:15;6,8939
04.11. 00:30;6,5988
04.11. 00:45;6,3431
04.11. 01:00;6,1268
04.11. 01:15;5,9596
04.11. 01:30;5,8219
04.11. 01:45;5,6941
04.11. 02:00;5,5761
04.11. 02:15;5,4679
04.11. 02:30;5,3794
04.11. 02:45;5,3302
04.11. 03:00;5,3204
04.11. 03:15;5,3695
04.11. 03:30;5,4876
04.11. 03:45;5,6941
04.11. 04:00;5,9891
04.11. 04:15;6,3333
04.11. 04:30;6,6873
04.11. 04:45;6,9824
04.11. 05:00;7,1987
04.11. 05:15;7,3462
04.11. 05:30;7,4446
04.11. 05:45;7,5331
04.11. 06:00;7,6413
04.11. 06:15;7,7986
04.11. 06:30;8,0543
04.11. 06:45;8,4575
04.11. 07:00;9,0377
04.11. 07:15;9,8737
04.11. 07:30;11,005
04.11. 07:45;12,499
04.11. 08:00;14,348
04.11. 08:15;16,345
04.11. 08:30;18,213
04.11. 08:45;19,669
04.11. 09:00;20,505
04.11. 09:15;20,859
04.11. 09:30;20,908
04.11. 09:45;20,859
04.11. 10:00;20,868
04.11. 10:15;20,957
04.11. 10:30;21,104
04.11. 10:45;21,321
04.11. 11:00;21,557
04.11. 11:15;21,754
04.11. 11:30;21,832
04.11. 11:45;21,685
04.11. 12:00;21,272
04.11. 12:15;20,632
04.11. 12:30;19,855
04.11. 12:45;19,02
04.11. 13:00;18,193
04.11. 13:15;17,446
04.11. 13:30;16,807
04.11. 13:45;16,354
04.11. 14:00;16,118
04.11. 14:15;16,089
04.11. 14:30;16,236
04.11. 14:45;16,541
04.11. 15:00;16,964
04.11. 15:15;17,436
04.11. 15:30;17,839
04.11. 15:45;18,105
04.11. 16:00;18,144
04.11. 16:15;18,056
04.11. 16:30;17,908
04.11. 16:45;17,83
04.11. 17:00;17,849
04.11. 17:15;17,869
04.11. 17:30;17,702
04.11. 17:45;17,181
04.11. 18:00;16,207
04.11. 18:15;14,899
04.11. 18:30;13,473
04.11. 18:45;12,126
04.11. 19:00;11,024
04.11. 19:15;10,169
04.11. 19:30;9,5688
04.11. 19:45;9,1853
04.11. 20:00;9,0082
04.11. 20:15;8,9591
04.11. 20:30;8,9591
04.11. 20:45;8,9099
04.11. 21:00;8,7722
04.11. 21:15;8,5755
04.11. 21:30;8,3592
04.11. 21:45;8,1822
04.11. 22:00;8,074
04.11. 22:15;8,0346
04.11. 22:30;8,0248
04.11. 22:45;7,9953
04.11. 23:00;7,9265
04.11. 23:15;7,8183
04.11. 23:30;7,6609
04.11. 23:45;7,4446
05.11. 00:00;7,1791
05.11. 00:15;6,8939
05.11. 00:30;6,5988
05.11. 00:45;6,3431
05.11. 01:00;6,1268
05.11. 01:15;5,9596
05.11. 01:30;5,8219
05.11. 01:45;5,6941
05.11. 02:00;5,5761
05.11. 02:15;5,4679
05.11. 02:30;5,3794
05.11. 02:45;5,3302
05.11. 03:00;5,3204
05.11. 03:15;5,3695
05.11. 03:30;5,4876
05.11. 03:45;5,6941
05.11. 04:00;5,9891
05.11. 04:15;6,3333
05.11. 04:30;6,6873
05.11. 04:45;6,9824
05.11. 05:00;7,1987
05.11. 05:15;7,3462
05.11. 05:30;7,4446
05.11. 05:45;7,5331
05.11. 06:00;7,6413
05.11. 06:15;7,7986
05.11. 06:30;8,0543
05.11. 06:45;8,4575
05.11. 07:00;9,0377
05.11. 07:15;9,8737
05.11. 07:30;11,005
05.11. 07:45;12,499
05.11. 08:00;14,348
05.11. 08:15;16,345
05.11. 08:30;18,213
05.11. 08:45;19,669
05.11. 09:00;20,505
05.11. 09:15;20,859
05.11. 09:30;20,908
05.11. 09:45;20,859
05.11. 10:00;20,868
05.11. 10:15;20,957
05.11. 10:30;21,104
05.11. 10:45;21,321
05.11. 11:00;21,557
05.11. 11:15;21,754
05.11. 11:30;21,832
05.11. 11:45;21,685
05.11. 12:00;21,272
05.11. 12:15;20,632
05.11. 12:30;19,855
05.11. 12:45;19,02
05.11. 13:00;18,193
05.11. 13:15;17,446
05.11. 13:30;16,807
05.11. 13:45;16,354
05.11. 14:00;16,118
05.11. 14:15;16,089
05.11. 14:30;16,236
05.11. 14:45;16,541
05.11. 15:00;16,964
05.11. 15:15;17,436
05.11. 15:30;17,839
05.11. 15:45;18,105
05.11. 16:00;18,144
05.11. 16:15;18,056
05.11. 16:30;17,908
05.11. 16:45;17,83
05.11. 17:00;17,849
05.11. 17:15;17,869
05.11. 17:30;17,702
05.11. 17:45;17,181
05.11. 18:00;16,207
05.11. 18:15;14,899
05.11. 18:30;13,473
05.11. 18:45;12,126
05.11. 19:00;11,024
05.11. 19:15;10,169
05.11. 19:30;9,5688
05.11. 19:45;9,1853
05.11. 20:00;9,0082
05.11. 20:15;8,9591
05.11. 20:30;8,9591
05.11. 20:45;8,9099
05.11. 21:00;8,7722
05.11. 21:15;8,5755
05.11. 21:30;8,3592
05.11. 21:45;8,1822
05.11. 22:00;8,074
05.11. 22:15;8,0346
05.11. 22:30;8,0248
05.11. 22:45;7,9953
05.11. 23:00;7,9265
05.11. 23:15;7,8183
05.11. 23:30;7,6609
05.11. 23:45;7,4446
06.11. 00:00;7,1791
06.11. 00:15;6,8939
06.11. 00:30;6,5988
06.11. 00:45;6,3431
06.11. 01:00;6,1268
06.11. 01:15;5,9596
06.11. 01:30;5,8219
06.11. 01:45;5,6941
06.11. 02:00;5,5761
06.11. 02:15;5,4679
06.11. 02:30;5,3794
06.11. 02:45;5,3302
06.11. 03:00;5,3204
06.11. 03:15;5,3695
06.11. 03:30;5,4876
06.11. 03:45;5,6941
06.11. 04:00;5,9891
06.11. 04:15;6,3333
06.11. 04:30;6,6873
06.11. 04:45;6,9824
06.11. 05:00;7,1987
06.11. 05:15;7,3462
06.11. 05:30;7,4446
06.11. 05:45;7,5331
06.11. 06:00;7,6413
06.11. 06:15;7,7986
06.11. 06:30;8,0543
06.11. 06:45;8,4575
06.11. 07:00;9,0377
06.11. 07:15;9,8737
06.11. 07:30;11,005
06.11. 07:45;12,499
06.11. 08:00;14,348
06.11. 08:15;16,345
06.11. 08:30;18,213
06.11. 08:45;19,669
06.11. 09:00;20,505
06.11. 09:15;20,859
06.11. 09:30;20,908
06.11. 09:45;20,859
06.11. 10:00;20,868
06.11. 10:15;20,957
06.11. 10:30;21,104
06.11. 10:45;21,321
06.11. 11:00;21,557
06.11. 11:15;21,754
06.11. 11:30;21,832
06.11. 11:45;21,685
06.11. 12:00;21,272
06.11. 12:15;20,632
06.11. 12:30;19,855
06.11. 12:45;19,02
06.11. 13:00;18,193
06.11. 13:15;17,446
06.11. 13:30;16,807
06.11. 13:45;16,354
06.11. 14:00;16,118
06.11. 14:15;16,089
06.11. 14:30;16,236
06.11. 14:45;16,541
06.11. 15:00;16,964
06.11. 15:15;17,436
06.11. 15:30;17,839
06.11. 15:45;18,105
06.11. 16:00;18,144
06.11. 16:15;18,056
06.11. 16:30;17,908
06.11. 16:45;17,83
06.11. 17:00;17,849
06.11. 17:15;17,869
06.11. 17:30;17,702
06.11. 17:45;17,181
06.11. 18:00;16,207
06.11. 18:15;14,899
06.11. 18:30;13,473
06.11. 18:45;12,126
06.11. 19:00;11,024
06.11. 19:15;10,169
06.11. 19:30;9,5688
06.11. 19:45;9,1853
06.11. 20:00;9,0082
06.11. 20:15;8,9591
06.11. 20:30;8,9591
06.11. 20:45;8,9099
06.11. 21:00;8,7722
06.11. 21:15;8,5755
06.11. 21:30;8,3592
06.11. 21:45;8,1822
06.11. 22:00;8,074
06.11. 22:15;8,0346
06.11. 22:30;8,0248
06.11. 22:45;7,9953
06.11. 23:00;7,9265
06.11. 23:15;7,8183
06.11. 23:30;7,6609
06.11. 23:45;7,4446
07.11. 00:00;7,1791
07.11. 00:15;6,8939
07.11. 00:30;6,5988
07.11. 00:45;6,3431
07.11. 01:00;6,1268
07.11. 01:15;5,9596
07.11. 01:30;5,8219
07.11. 01:45;5,6941
07.11. 02:00;5,5761
07.11. 02:15;5,4679
07.11. 02:30;5,3794
07.11. 02:45;5,3302
07.11. 03:00;5,3204
07.11. 03:15;5,3695
07.11. 03:30;5,4876
07.11. 03:45;5,6941
07.11. 04:00;5,9891
07.11. 04:15;6,3333
07.11. 04:30;6,6873
07.11. 04:45;6,9824
07.11. 05:00;7,1987
07.11. 05:15;7,3462
07.11. 05:30;7,4446
07.11. 05:45;7,5331
07.11. 06:00;7,6413
07.11. 06:15;7,7986
07.11. 06:30;8,0543
07.11. 06:45;8,4575
07.11. 07:00;9,0377
07.11. 07:15;9,8737
07.11. 07:30;11,005
07.11. 07:45;12,499
07.11. 08:00;14,348
07.11. 08:15;16,345
07.11. 08:30;18,213
07.11. 08:45;19,669
07.11. 09:00;20,505
07.11. 09:15;20,859
07.11. 09:30;20,908
07.11. 09:45;20,859
07.11. 10:00;20,868
07.11. 10:15;20,957
07.11. 10:30;21,104
07.11. 10:45;21,321
07.11. 11:00;21,557
07.11. 11:15;21,754
07.11. 11:30;21,832
07.11. 11:45;21,685
07.11. 12:00;21,272
07.11. 12:15;20,632
07.11. 12:30;19,855
07.11. 12:45;19,02
07.11. 13:00;18,193
07.11. 13:15;17,446
07.11. 13:30;16,807
07.11. 13:45;16,354
07.11. 14:00;16,118
07.11. 14:15;16,089
07.11. 14:30;16,236
07.11. 14:45;16,541
07.11. 15:00;16,964
07.11. 15:15;17,436
07.11. 15:30;17,839
07.11. 15:45;18,105
07.11. 16:00;18,144
07.11. 16:15;18,056
07.11. 16:30;17,908
07.11. 16:45;17,83
07.11. 17:00;17,849
07.11. 17:15;17,869
07.11. 17:30;17,702
07.11. 17:45;17,181
07.11. 18:00;16,207
07.11. 18:15;14,899
07.11. 18:30;13,473
07.11. 18:45;12,126
07.11. 19:00;11,024
07.11. 19:15;10,169
07.11. 19:30;9,5688
07.11. 19:45;9,1853
07.11. 20:00;9,0082
07.11. 20:15;8,9591
07.11. 20:30;8,9591
07.11. 20:45;8,9099
07.11. 21:00;8,7722
07.11. 21:15;8,5755
07.11. 21:30;8,3592
07.11. 21:45;8,1822
07.11. 22:00;8,074
07.11. 22:15;8,0346
07.11. 22:30;8,0248
07.11. 22:45;7,9953
07.11. 23:00;7,9265
07.11. 23:15;7,8183
07.11. 23:30;7,6609
07.11. 23:45;7,4446
08.11. 00:00;7,1791
08.11. 00:15;6,8939
08.11. 00:30;6,5988
08.11. 00:45;6,3431
08.11. 01:00;6,1268
08.11. 01:15;5,9596
08.11. 01:30;5,8219
08.11. 01:45;5,6941
08.11. 02:00;5,5761
08.11. 02:15;5,4679
08.11. 02:30;5,3794
08.11. 02:45;5,3302
08.11. 03:00;5,3204
08.11. 03:15;5,3695
08.11. 03:30;5,4876
08.11. 03:45;5,6941
08.11. 04:00;5,9891
08.11. 04:15;6,3333
08.11. 04:30;6,6873
08.11. 04:45;6,9824
08.11. 05:00;7,1987
08.11. 05:15;7,3462
08.11. 05:30;7,4446
08.11. 05:45;7,5331
08.11. 06:00;7,6413
08.11. 06:15;7,7986
08.11. 06:30;8,0543
08.11. 06:45;8,4575
08.11. 07:00;9,0377
08.11. 07:15;9,8737
08.11. 07:30;11,005
08.11. 07:45;12,499
08.11. 08:00;14,348
08.11. 08:15;16,345
08.11. 08:30;18,213
08.11. 08:45;19,669
08.11. 09:00;20,505
08.11. 09:15;20,859
08.11. 09:30;20,908
08.11. 09:45;20,859
08.11. 10:00;20,868
08.11. 10:15;20,957
08.11. 10:30;21,104
08.11. 10:45;21,321
08.11. 11:00;21,557
08.11. 11:15;21,754
08.11. 11:30;21,832
08.11. 11:45;21,685
08.11. 12:00;21,272
08.11. 12:15;20,632
08.11. 12:30;19,855
08.11. 12:45;19,02
08.11. 13:00;18,193
08.11. 13:15;17,446
08.11. 13:30;16,807
08.11. 13:45;16,354
08.11. 14:00;16,118
08.11. 14:15;16,089
08.11. 14:30;16,236
08.11. 14:45;16,541
08.11. 15:00;16,964
08.11. 15:15;17,436
08.11. 15:30;17,839
08.11. 15:45;18,105
08.11. 16:00;18,144
08.11. 16:15;18,056
08.11. 16:30;17,908
08.11. 16:45;17,83
08.11. 17:00;17,849
08.11. 17:15;17,869
08.11. 17:30;17,702
08.11. 17:45;17,181
08.11. 18:00;16,207
08.11. 18:15;14,899
08.11. 18:30;13,473
08.11. 18:45;12,126
08.11. 19:00;11,024
08.11. 19:15;10,169
08.11. 19:30;9,5688
08.11. 19:45;9,1853
08.11. 20:00;9,0082
08.11. 20:15;8,9591
08.11. 20:30;8,9591
08.11. 20:45;8,9099
08.11. 21:00;8,7722
08.11. 21:15;8,5755
08.11. 21:30;8,3592
08.11. 21:45;8,1822
08.11. 22:00;8,074
08.11. 22:15;8,0346
08.11. 22:30;8,0248
08.11. 22:45;7,9953
08.11. 23:00;7,9265
08.11. 23:15;7,8183
08.11. 23:30;7,6609
08.11. 23:45;7,4446
09.11. 00:00;7,4544
09.11. 00:15;7,5429
09.11. 00:30;7,6413
09.11. 00:45;7,7199
09.11. 01:00;7,7199
09.11. 01:15;7,6511
09.11. 01:30;7,5331
09.11. 01:45;7,3462
09.11. 02:00;7,1397
09.11. 02:15;6,9234
09.11. 02:30;6,7365
09.11. 02:45;6,6185
09.11. 03:00;6,589
09.11. 03:15;6,6382
09.11. 03:30;6,7168
09.11. 03:45;6,7955
09.11. 04:00;6,8545
09.11. 04:15;6,8939
09.11. 04:30;6,9332
09.11. 04:45;6,9824
09.11. 05:00;7,061
09.11. 05:15;7,1299
09.11. 05:30;7,1791
09.11. 05:45;7,1692
09.11. 06:00;7,1004
09.11. 06:15;7,1004
09.11. 06:30;7,3167
09.11. 06:45;7,9068
09.11. 07:00;8,9492
09.11. 07:15;10,346
09.11. 07:30;11,919
09.11. 07:45;13,512
09.11. 08:00;14,958
09.11. 08:15;16,217
09.11. 08:30;17,22
09.11. 08:45;17,918
09.11. 09:00;18,302
09.11. 09:15;18,439
09.11. 09:30;18,459
09.11. 09:45;18,469
09.11. 10:00;18,557
09.11. 10:15;18,695
09.11. 10:30;18,872
09.11. 10:45;19,02
09.11. 11:00;19,128
09.11. 11:15;19,187
09.11. 11:30;19,206
09.11. 11:45;19,206
09.11. 12:00;19,167
09.11. 12:15;19,069
09.11. 12:30;18,852
09.11. 12:45;18,469
09.11. 13:00;17,889
09.11. 13:15;17,122
09.11. 13:30;16,207
09.11. 13:45;15,165
09.11. 14:00;14,024
09.11. 14:15;12,873
09.11. 14:30;11,782
09.11. 14:45;10,847
09.11. 15:00;10,1
09.11. 15:15;9,5295
09.11. 15:30;9,0574
09.11. 15:45;8,6345
09.11. 16:00;8,2215
09.11. 16:15;7,838
09.11. 16:30;7,5626
09.11. 16:45;7,4446
09.11. 17:00;7,5233
09.11. 17:15;7,7298
09.11. 17:30;7,9756
09.11. 17:45;8,1822
09.11. 18:00;8,2707
09.11. 18:15;8,2903
09.11. 18:30;8,2707
09.11. 18:45;8,2707
09.11. 19:00;8,3297
09.11. 19:15;8,4378
09.11. 19:30;8,5854
09.11. 19:45;8,7329
09.11. 20:00;8,8607
09.11. 20:15;8,9689
09.11. 20:30;9,0181
09.11. 20:45;9,0082
09.11. 21:00;8,9099
09.11. 21:15;8,7525
09.11. 21:30;8,5657
09.11. 21:45;8,3592
09.11. 22:00;8,1723
09.11. 22:15;7,9855
09.11. 22:30;7,8085
09.11. 22:45;7,6314
09.11. 23:00;7,4446
09.11. 23:15;7,2577
09.11. 23:30;7,0709
09.11. 23:45;6,8939
10.11. 00:00;6,7168
10.11. 00:15;6,5398
10.11. 00:30;6,353
10.11. 00:45;6,1563
10.11. 01:00;5,9301
10.11. 01:15;5,6941
10.11. 01:30;5,458
10.11. 01:45;5,2417
10.11. 02:00;5,0352
10.11. 02:15;4,868
10.11. 02:30;4,7205
10.11. 02:45;4,5926
10.11. 03:00;4,4943
10.11. 03:15;4,4156
10.11. 03:30;4,3566
10.11. 03:45;4,3173
10.11. 04:00;4,2878
10.11. 04:15;4,2779
10.11. 04:30;4,2878
10.11. 04:45;4,3173
10.11. 05:00;4,3763
10.11. 05:15;4,4353
10.11. 05:30;4,4845
10.11. 05:45;4,5041
10.11. 06:00;4,4845
10.11. 06:15;4,4549
10.11. 06:30;4,4451
10.11. 06:45;4,5041
10.11. 07:00;4,6418
10.11. 07:15;4,8287
10.11. 07:30;5,0155
10.11. 07:45;5,1434
10.11. 08:00;5,1925
10.11. 08:15;5,2024
10.11. 08:30;5,222
10.11. 08:45;5,3302
10.11. 09:00;5,5466
10.11. 09:15;5,8514
10.11. 09:30;6,1661
10.11. 09:45;6,4316
10.11. 10:00;6,6087
10.11. 10:15;6,7365
10.11. 10:30;6,8447
10.11. 10:45;6,9824
10.11. 11:00;7,1889
10.11. 11:15;7,4347
10.11. 11:30;7,6904
10.11. 11:45;7,9068
10.11. 12:00;8,0543
10.11. 12:15;8,1428
10.11. 12:30;8,1822
10.11. 12:45;8,1822
10.11. 13:00;8,1428
10.11. 13:15;8,074
10.11. 13:30;7,956
10.11. 13:45;7,8085
10.11. 14:00;7,6216
10.11. 14:15;7,4052
10.11. 14:30;7,1889
10.11. 14:45;6,9824
10.11. 15:00;6,8054
10.11. 15:15;6,648
10.11. 15:30;6,5005
10.11. 15:45;6,3431
10.11. 16:00;6,176
10.11. 16:15;6,0481
10.11. 16:30;6,0186
10.11. 16:45;6,1563
10.11. 17:00;6,4808
10.11. 17:15;6,9234
10.11. 17:30;7,3757
10.11. 17:45;7,7199
10.11. 18:00;7,8773
10.11. 18:15;7,9068
10.11. 18:30;7,8871
10.11. 18:45;7,9068
10.11. 19:00;8,0051
10.11. 19:15;8,1723
10.11. 19:30;8,369
10.11. 19:45;8,546
10.11. 20:00;8,664
10.11. 20:15;8,723
10.11. 20:30;8,7132
10.11. 20:45;8,6345
10.11. 21:00;8,4969
10.11. 21:15;8,3002
10.11. 21:30;8,0641
10.11. 21:45;7,8085
10.11. 22:00;7,5429
10.11. 22:15;7,2872
10.11. 22:30;7,0315
10.11. 22:45;6,7955
10.11. 23:00;6,589
10.11. 23:15;6,4218
10.11. 23:30;6,3038
10.11. 23:45;6,2448
11.11. 00:00;7,1791
11.11. 00:15;6,8939
11.11. 00:30;6,5988
11.11. 00:45;6,3431
11.11. 01:00;6,1268
11.11. 01:15;5,9596
11.11. 01:30;5,8219
11.11. 01:45;5,6941
11.11. 02:00;5,5761
11.11. 02:15;5,4679
11.11. 02:30;5,3794
11.11. 02:45;5,3302
11.11. 03:00;5,3204
11.11. 03:15;5,3695
11.11. 03:30;5,4876
11.11. 03:45;5,6941
11.11. 04:00;5,9891
11.11. 04:15;6,3333
11.11. 04:30;6,6873
11.11. 04:45;6,9824
11.11. 05:00;7,1987
11.11. 05:15;7,3462
11.11. 05:30;7,4446
11.11. 05:45;7,5331
11.11. 06:00;7,6413
11.11. 06:15;7,7986
11.11. 06:30;8,0543
11.11. 06:45;8,4575
11.11. 07:00;9,0377
11.11. 07:15;9,8737
11.11. 07:30;11,005
11.11. 07:45;12,499
11.11. 08:00;14,348
11.11. 08:15;16,345
11.11. 08:30;18,213
11.11. 08:45;19,669
11.11. 09:00;20,505
11.11. 09:15;20,859
11.11. 09:30;20,908
11.11. 09:45;20,859
11.11. 10:00;20,868
11.11. 10:15;20,957
11.11. 10:30;21,104
11.11. 10:45;21,321
11.11. 11:00;21,557
11.11. 11:15;21,754
11.11. 11:30;21,832
11.11. 11:45;21,685
11.11. 12:00;21,272
11.11. 12:15;20,632
11.11. 12:30;19,855
11.11. 12:45;19,02
11.11. 13:00;18,193
11.11. 13:15;17,446
11.11. 13:30;16,807
11.11. 13:45;16,354
11.11. 14:00;16,118
11.11. 14:15;16,089
11.11. 14:30;16,236
11.11. 14:45;16,541
11.11. 15:00;16,964
11.11. 15:15;17,436
11.11. 15:30;17,839
11.11. 15:45;18,105
11.11. 16:00;18,144
11.11. 16:15;18,056
11.11. 16:30;17,908
11.11. 16:45;17,83
11.11. 17:00;17,849
11.11. 17:15;17,869
11.11. 17:30;17,702
11.11. 17:45;17,181
11.11. 18:00;16,207
11.11. 18:15;14,899
11.11. 18:30;13,473
11.11. 18:45;12,126
11.11. 19:00;11,024
11.11. 19:15;10,169
11.11. 19:30;9,5688
11.11. 19:45;9,1853
11.11. 20:00;9,0082
11.11. 20:15;8,9591
11.11. 20:30;8,9591
11.11. 20:45;8,9099
11.11. 21:00;8,7722
11.11. 21:15;8,5755
11.11. 21:30;8,3592
11.11. 21:45;8,1822
11.11. 22:00;8,074
11.11. 22:15;8,0346
11.11. 22:30;8,0248
11.11. 22:45;7,9953
11.11. 23:00;7,9265
11.11. 23:15;7,8183
11.11. 23:30;7,6609
11.11. 23:45;7,4446
12.11. 00:00;7,1791
12.11. 00:15;6,8939
12.11. 00:30;6,5988
12.11. 00:45;6,3431
12.11. 01:00;6,1268
12.11. 01:15;5,9596
12.11. 01:30;5,8219
12.11. 01:45;5,6941
12.11. 02:00;5,5761
12.11. 02:15;5,4679
12.11. 02:30;5,3794
12.11. 02:45;5,3302
12.11. 03:00;5,3204
12.11. 03:15;5,3695
12.11. 03:30;5,4876
12.11. 03:45;5,6941
12.11. 04:00;5,9891
12.11. 04:15;6,3333
12.11. 04:30;6,6873
12.11. 04:45;6,9824
12.11. 05:00;7,1987
12.11. 05:15;7,3462
12.11. 05:30;7,4446
12.11. 05:45;7,5331
12.11. 06:00;7,6413
12.11. 06:15;7,7986
12.11. 06:30;8,0543
12.11. 06:45;8,4575
12.11. 07:00;9,0377
12.11. 07:15;9,8737
12.11. 07:30;11,005
12.11. 07:45;12,499
12.11. 08:00;14,348
12.11. 08:15;16,345
12.11. 08:30;18,213
12.11. 08:45;19,669
12.11. 09:00;20,505
12.11. 09:15;20,859
12.11. 09:30;20,908
12.11. 09:45;20,859
12.11. 10:00;20,868
12.11. 10:15;20,957
12.11. 10:30;21,104
12.11. 10:45;21,321
12.11. 11:00;21,557
12.11. 11:15;21,754
12.11. 11:30;21,832
12.11. 11:45;21,685
12.11. 12:00;21,272
12.11. 12:15;20,632
12.11. 12:30;19,855
12.11. 12:45;19,02
12.11. 13:00;18,193
12.11. 13:15;17,446
12.11. 13:30;16,807
12.11. 13:45;16,354
12.11. 14:00;16,118
12.11. 14:15;16,089
12.11. 14:30;16,236
12.11. 14:45;16,541
12.11. 15:00;16,964
12.11. 15:15;17,436
12.11. 15:30;17,839
12.11. 15:45;18,105
12.11. 16:00;18,144
12.11. 16:15;18,056
12.11. 16:30;17,908
12.11. 16:45;17,83
12.11. 17:00;17,849
12.11. 17:15;17,869
12.11. 17:30;17,702
12.11. 17:45;17,181
12.11. 18:00;16,207
12.11. 18:15;14,899
12.11. 18:30;13,473
12.11. 18:45;12,126
12.11. 19:00;11,024
12.11. 19:15;10,169
12.11. 19:30;9,5688
12.11. 19:45;9,1853
12.11. 20:00;9,0082
12.11. 20:15;8,9591
12.11. 20:30;8,9591
12.11. 20:45;8,9099
12.11. 21:00;8,7722
12.11. 21:15;8,5755
12.11. 21:30;8,3592
12.11. 21:45;8,1822
12.11. 22:00;8,074
12.11. 22:15;8,0346
12.11. 22:30;8,0248
12.11. 22:45;7,9953
12.11. 23:00;7,9265
12.11. 23:15;7,8183
12.11. 23:30;7,6609
12.11. 23:45;7,4446
13.11. 00:00;7,1791
13.11. 00:15;6,8939
13.11. 00:30;6,5988
13.11. 00:45;6,3431
13.11. 01:00;6,1268
13.11. 01:15;5,9596
13.11. 01:30;5,8219
13.11. 01:45;5,6941
13.11. 02:00;5,5761
13.11. 02:15;5,4679
13.11. 02:30;5,3794
13.11. 02:45;5,3302
13.11. 03:00;5,3204
13.11. 03:15;5,3695
13.11. 03:30;5,4876
13.11. 03:45;5,6941
13.11. 04:00;5,9891
13.11. 04:15;6,3333
13.11. 04:30;6,6873
13.11. 04:45;6,9824
13.11. 05:00;7,1987
13.11. 05:15;7,3462
13.11. 05:30;7,4446
13.11. 05:45;7,5331
13.11. 06:00;7,6413
13.11. 06:15;7,7986
13.11. 06:30;8,0543
13.11. 06:45;8,4575
13.11. 07:00;9,0377
13.11. 07:15;9,8737
13.11. 07:30;11,005
13.11. 07:45;12,499
13.11. 08:00;14,348
13.11. 08:15;16,345
13.11. 08:30;18,213
13.11. 08:45;19,669
13.11. 09:00;20,505
13.11. 09:15;20,859
13.11. 09:30;20,908
13.11. 09:45;20,859
13.11. 10:00;20,868
13.11. 10:15;20,957
13.11. 10:30;21,104
13.11. 10:45;21,321
13.11. 11:00;21,557
13.11. 11:15;21,754
13.11. 11:30;21,832
13.11. 11:45;21,685
13.11. 12:00;21,272
13.11. 12:15;20,632
13.11. 12:30;19,855
13.11. 12:45;19,02
13.11. 13:00;18,193
13.11. 13:15;17,446
13.11. 13:30;16,807
13.11. 13:45;16,354
13.11. 14:00;16,118
13.11. 14:15;16,089
13.11. 14:30;16,236
13.11. 14:45;16,541
13.11. 15:00;16,964
13.11. 15:15;17,436
13.11. 15:30;17,839
13.11. 15:45;18,105
13.11. 16:00;18,144
13.11. 16:15;18,056
13.11. 16:30;17,908
13.11. 16:45;17,83
13.11. 17:00;17,849
13.11. 17:15;17,869
13.11. 17:30;17,702
13.11. 17:45;17,181
13.11. 18:00;16,207
13.11. 18:15;14,899
13.11. 18:30;13,473
13.11. 18:45;12,126
13.11. 19:00;11,024
13.11. 19:15;10,169
13.11. 19:30;9,5688
13.11. 19:45;9,1853
13.11. 20:00;9,0082
13.11. 20:15;8,9591
13.11. 20:30;8,9591
13.11. 20:45;8,9099
13.11. 21:00;8,7722
13.11. 21:15;8,5755
13.11. 21:30;8,3592
13.11. 21:45;8,1822
13.11. 22:00;8,074
13.11. 22:15;8,0346
13.11. 22:30;8,0248
13.11. 22:45;7,9953
13.11. 23:00;7,9265
13.11. 23:15;7,8183
13.11. 23:30;7,6609
13.11. 23:45;7,4446
14.11. 00:00;7,1791
14.11. 00:15;6,8939
14.11. 00:30;6,5988
14.11. 00:45;6,3431
14.11. 01:00;6,1268
14.11. 01:15;5,9596
14.11. 01:30;5,8219
14.11. 01:45;5,6941
14.11. 02:00;5,5761
14.11. 02:15;5,4679
14.11. 02:30;5,3794
14.11. 02:45;5,3302
14.11. 03:00;5,3204
14.11. 03:15;5,3695
14.11. 03:30;5,4876
14.11. 03:45;5,6941
14.11. 04:00;5,9891
14.11. 04:15;6,3333
14.11. 04:30;6,6873
14.11. 04:45;6,9824
14.11. 05:00;7,1987
14.11. 05:15;7,3462
14.11. 05:30;7,4446
14.11. 05:45;7,5331
14.11. 06:00;7,6413
14.11. 06:15;7,7986
14.11. 06:30;8,0543
14.11. 06:45;8,4575
14.11. 07:00;9,0377
14.11. 07:15;9,8737
14.11. 07:30;11,005
14.11. 07:45;12,499
14.11. 08:00;14,348
14.11. 08:15;16,345
14.11. 08:30;18,213
14.11. 08:45;19,669
14.11. 09:00;20,505
14.11. 09:15;20,859
14.11. 09:30;20,908
14.11. 09:45;20,859
14.11. 10:00;20,868
14.11. 10:15;20,957
14.11. 10:30;21,104
14.11. 10:45;21,321
14.11. 11:00;21,557
14.11. 11:15;21,754
14.11. 11:30;21,832
14.11. 11:45;21,685
14.11. 12:00;21,272
14.11. 12:15;20,632
14.11. 12:30;19,855
14.11. 12:45;19,02
14.11. 13:00;18,193
14.11. 13:15;17,446
14.11. 13:30;16,807
14.11. 13:45;16,354
14.11. 14:00;16,118
14.11. 14:15;16,089
14.11. 14:30;16,236
14.11. 14:45;16,541
14.11. 15:00;16,964
14.11. 15:15;17,436
14.11. 15:30;17,839
14.11. 15:45;18,105
14.11. 16:00;18,144
14.11. 16:15;18,056
14.11. 16:30;17,908
14.11. 16:45;17,83
14.11. 17:00;17,849
14.11. 17:15;17,869
14.11. 17:30;17,702
14.11. 17:45;17,181
14.11. 18:00;16,207
14.11. 18:15;14,899
14.11. 18:30;13,473
14.11. 18:45;12,126
14.11. 19:00;11,024
14.11. 19:15;10,169
14.11. 19:30;9,5688
14.11. 19:45;9,1853
14.11. 20:00;9,0082
14.11. 20:15;8,9591
14.11. 20:30;8,9591
14.11. 20:45;8,9099
14.11. 21:00;8,7722
14.11. 21:15;8,5755
14.11. 21:30;8,3592
14.11. 21:45;8,1822
14.11. 22:00;8,074
14.11. 22:15;8,0346
14.11. 22:30;8,0248
14.11. 22:45;7,9953
14.11. 23:00;7,9265
14.11. 23:15;7,8183
14.11. 23:30;7,6609
14.11. 23:45;7,4446
15.11. 00:00;7,1791
15.11. 00:15;6,8939
15.11. 00:30;6,5988
15.11. 00:45;6,3431
15.11. 01:00;6,1268
15.11. 01:15;5,9596
15.11. 01:30;5,8219
15.11. 01:45;5,6941
15.11. 02:00;5,5761
15.11. 02:15;5,4679
15.11. 02:30;5,3794
15.11. 02:45;5,3302
15.11. 03:00;5,3204
15.11. 03:15;5,3695
15.11. 03:30;5,4876
15.11. 03:45;5,6941
15.11. 04:00;5,9891
15.11. 04:15;6,3333
15.11. 04:30;6,6873
15.11. 04:45;6,9824
15.11. 05:00;7,1987
15.11. 05:15;7,3462
15.11. 05:30;7,4446
15.11. 05:45;7,5331
15.11. 06:00;7,6413
15.11. 06:15;7,7986
15.11. 06:30;8,0543
15.11. 06:45;8,4575
15.11. 07:00;9,0377
15.11. 07:15;9,8737
15.11. 07:30;11,005
15.11. 07:45;12,499
15.11. 08:00;14,348
15.11. 08:15;16,345
15.11. 08:30;18,213
15.11. 08:45;19,669
15.11. 09:00;20,505
15.11. 09:15;20,859
15.11. 09:30;20,908
15.11. 09:45;20,859
15.11. 10:00;20,868
15.11. 10:15;20,957
15.11. 10:30;21,104
15.11. 10:45;21,321
15.11. 11:00;21,557
15.11. 11:15;21,754
15.11. 11:30;21,832
15.11. 11:45;21,685
15.11. 12:00;21,272
15.11. 12:15;20,632
15.11. 12:30;19,855
15.11. 12:45;19,02
15.11. 13:00;18,193
15.11. 13:15;17,446
15.11. 13:30;16,807
15.11. 13:45;16,354
15.11. 14:00;16,118
15.11. 14:15;16,089
15.11. 14:30;16,236
15.11. 14:45;16,541
15.11. 15:00;16,964
15.11. 15:15;17,436
15.11. 15:30;17,839
15.11. 15:45;18,105
15.11. 16:00;18,144
15.11. 16:15;18,056
15.11. 16:30;17,908
15.11. 16:45;17,83
15.11. 17:00;17,849
15.11. 17:15;17,869
15.11. 17:30;17,702
15.11. 17:45;17,181
15.11. 18:00;16,207
15.11. 18:15;14,899
15.11. 18:30;13,473
15.11. 18:45;12,126
15.11. 19:00;11,024
15.11. 19:15;10,169
15.11. 19:30;9,5688
15.11. 19:45;9,1853
15.11. 20:00;9,0082
15.11. 20:15;8,9591
15.11. 20:30;8,9591
15.11. 20:45;8,9099
15.11. 21:00;8,7722
15.11. 21:15;8,5755
15.11. 21:30;8,3592
15.11. 21:45;8,1822
15.11. 22:00;8,074
15.11. 22:15;8,0346
15.11. 22:30;8,0248
15.11. 22:45;7,9953
15.11. 23:00;7,9265
15.11. 23:15;7,8183
15.11. 23:30;7,6609
15.11. 23:45;7,4446
16.11. 00:00;7,4544
16.11. 00:15;7,5429
16.11. 00:30;7,6413
16.11. 00:45;7,7199
16.11. 01:00;7,7199
16.11. 01:15;7,6511
16.11. 01:30;7,5331
16.11. 01:45;7,3462
16.11. 02:00;7,1397
16.11. 02:15;6,9234
16.11. 02:30;6,7365
16.11. 02:45;6,6185
16.11. 03:00;6,589
16.11. 03:15;6,6382
16.11. 03:30;6,7168
16.11. 03:45;6,7955
16.11. 04:00;6,8545
16.11. 04:15;6,8939
16.11. 04:30;6,9332
16.11. 04:45;6,9824
16.11. 05:00;7,061
16.11. 05:15;7,1299
16.11. 05:30;7,1791
16.11. 05:45;7,1692
16.11. 06:00;7,1004
16.11. 06:15;7,1004
16.11. 06:30;7,3167
16.11. 06:45;7,9068
16.11. 07:00;8,9492
16.11. 07:15;10,346
16.11. 07:30;11,919
16.11. 07:45;13,512
16.11. 08:00;14,958
16.11. 08:15;16,217
16.11. 08:30;17,22
16.11. 08:45;17,918
16.11. 09:00;18,302
16.11. 09:15;18,439
16.11. 09:30;18,459
16.11. 09:45;18,469
16.11. 10:00;18,557
16.11. 10:15;18,695
16.11. 10:30;18,872
16.11. 10:45;19,02
16.11. 11:00;19,128
16.11. 11:15;19,187
16.11. 11:30;19,206
16.11. 11:45;19,206
16.11. 12:00;19,167
16.11. 12:15;19,069
16.11. 12:30;18,852
16.11. 12:45;18,469
16.11. 13:00;17,889
16.11. 13:15;17,122
16.11. 13:30;16,207
16.11. 13:45;15,165
16.11. 14:00;14,024
16.11. 14:15;12,873
16.11. 14:30;11,782
16.11. 14:45;10,847
16.11. 15:00;10,1
16.11. 15:15;9,5295
16.11. 15:30;9,0574
16.11. 15:45;8,6345
16.11. 16:00;8,2215
16.11. 16:15;7,838
16.11. 16:30;7,5626
16.11. 16:45;7,4446
16.11. 17:00;7,5233
16.11. 17:15;7,7298
16.11. 17:30;7,9756
16.11. 17:45;8,1822
16.11. 18:00;8,2707
16.11. 18:15;8,2903
16.11. 18:30;8,2707
16.11. 18:45;8,2707
16.11. 19:00;8,3297
16.11. 19:15;8,4378
16.11. 19:30;8,5854
16.11. 19:45;8,7329
16.11. 20:00;8,8607
16.11. 20:15;8,9689
16.11. 20:30;9,0181
16.11. 20:45;9,0082
16.11. 21:00;8,9099
16.11. 21:15;8,7525
16.11. 21:30;8,5657
16.11. 21:45;8,3592
16.11. 22:00;8,1723
16.11. 22:15;7,9855
16.11. 22:30;7,8085
16.11. 22:45;7,6314
16.11. 23:00;7,4446
16.11. 23:15;7,2577
16.11. 23:30;7,0709
16.11. 23:45;6,8939
17.11. 00:00;6,7168
17.11. 00:15;6,5398
17.11. 00:30;6,353
17.11. 00:45;6,1563
17.11. 01:00;5,9301
17.11. 01:15;5,6941
17.11. 01:30;5,458
17.11. 01:45;5,2417
17.11. 02:00;5,0352
17.11. 02:15;4,868
17.11. 02:30;4,7205
17.11. 02:45;4,5926
17.11. 03:00;4,4943
17.11. 03:15;4,4156
17.11. 03:30;4,3566
17.11. 03:45;4,3173
17.11. 04:00;4,2878
17.11. 04:15;4,2779
17.11. 04:30;4,2878
17.11. 04:45;4,3173
17.11. 05:00;4,3763
17.11. 05:15;4,4353
17.11. 05:30;4,4845
17.11. 05:45;4,5041
17.11. 06:00;4,4845
17.11. 06:15;4,4549
17.11. 06:30;4,4451
17.11. 06:45;4,5041
17.11. 07:00;4,6418
17.11. 07:15;4,8287
17.11. 07:30;5,0155
17.11. 07:45;5,1434
17.11. 08:00;5,1925
17.11. 08:15;5,2024
17.11. 08:30;5,222
17.11. 08:45;5,3302
17.11. 09:00;5,5466
17.11. 09:15;5,8514
17.11. 09:30;6,1661
17.11. 09:45;6,4316
17.11. 10:00;6,6087
17.11. 10:15;6,7365
17.11. 10:30;6,8447
17.11. 10:45;6,9824
17.11. 11:00;7,1889
17.11. 11:15;7,4347
17.11. 11:30;7,6904
17.11. 11:45;7,9068
17.11. 12:00;8,0543
17.11. 12:15;8,1428
17.11. 12:30;8,1822
17.11. 12:45;8,1822
17.11. 13:00;8,1428
17.11. 13:15;8,074
17.11. 13:30;7,956
17.11. 13:45;7,8085
17.11. 14:00;7,6216
17.11. 14:15;7,4052
17.11. 14:30;7,1889
17.11. 14:45;6,9824
17.11. 15:00;6,8054
17.11. 15:15;6,648
17.11. 15:30;6,5005
17.11. 15:45;6,3431
17.11. 16:00;6,176
17.11. 16:15;6,0481
17.11. 16:30;6,0186
17.11. 16:45;6,1563
17.11. 17:00;6,4808
17.11. 17:15;6,9234
17.11. 17:30;7,3757
17.11. 17:45;7,7199
17.11. 18:00;7,8773
17.11. 18:15;7,9068
17.11. 18:30;7,8871
17.11. 18:45;7,9068
17.11. 19:00;8,0051
17.11. 19:15;8,1723
17.11. 19:30;8,369
17.11. 19:45;8,546
17.11. 20:00;8,664
17.11. 20:15;8,723
17.11. 20:30;8,7132
17.11. 20:45;8,6345
17.11. 21:00;8,4969
17.11. 21:15;8,3002
17.11. 21:30;8,0641
17.11. 21:45;7,8085
17.11. 22:00;7,5429
17.11. 22:15;7,2872
17.11. 22:30;7,0315
17.11. 22:45;6,7955
17.11. 23:00;6,589
17.11. 23:15;6,4218
17.11. 23:30;6,3038
17.11. 23:45;6,2448
18.11. 00:00;7,1791
18.11. 00:15;6,8939
18.11. 00:30;6,5988
18.11. 00:45;6,3431
18.11. 01:00;6,1268
18.11. 01:15;5,9596
18.11. 01:30;5,8219
18.11. 01:45;5,6941
18.11. 02:00;5,5761
18.11. 02:15;5,4679
18.11. 02:30;5,3794
18.11. 02:45;5,3302
18.11. 03:00;5,3204
18.11. 03:15;5,3695
18.11. 03:30;5,4876
18.11. 03:45;5,6941
18.11. 04:00;5,9891
18.11. 04:15;6,3333
18.11. 04:30;6,6873
18.11. 04:45;6,9824
18.11. 05:00;7,1987
18.11. 05:15;7,3462
18.11. 05:30;7,4446
18.11. 05:45;7,5331
18.11. 06:00;7,6413
18.11. 06:15;7,7986
18.11. 06:30;8,0543
18.11. 06:45;8,4575
18.11. 07:00;9,0377
18.11. 07:15;9,8737
18.11. 07:30;11,005
18.11. 07:45;12,499
18.11. 08:00;14,348
18.11. 08:15;16,345
18.11. 08:30;18,213
18.11. 08:45;19,669
18.11. 09:00;20,505
18.11. 09:15;20,859
18.11. 09:30;20,908
18.11. 09:45;20,859
18.11. 10:00;20,868
18.11. 10:15;20,957
18.11. 10:30;21,104
18.11. 10:45;21,321
18.11. 11:00;21,557
18.11. 11:15;21,754
18.11. 11:30;21,832
18.11. 11:45;21,685
18.11. 12:00;21,272
18.11. 12:15;20,632
18.11. 12:30;19,855
18.11. 12:45;19,02
18.11. 13:00;18,193
18.11. 13:15;17,446
18.11. 13:30;16,807
18.11. 13:45;16,354
18.11. 14:00;16,118
18.11. 14:15;16,089
18.11. 14:30;16,236
18.11. 14:45;16,541
18.11. 15:00;16,964
18.11. 15:15;17,436
18.11. 15:30;17,839
18.11. 15:45;18,105
18.11. 16:00;18,144
18.11. 16:15;18,056
18.11. 16:30;17,908
18.11. 16:45;17,83
18.11. 17:00;17,849
18.11. 17:15;17,869
18.11. 17:30;17,702
18.11. 17:45;17,181
18.11. 18:00;16,207
18.11. 18:15;14,899
18.11. 18:30;13,473
18.11. 18:45;12,126
18.11. 19:00;11,024
18.11. 19:15;10,169
18.11. 19:30;9,5688
18.11. 19:45;9,1853
18.11. 20:00;9,0082
18.11. 20:15;8,9591
18.11. 20:30;8,9591
18.11. 20:45;8,9099
18.11. 21:00;8,7722
18.11. 21:15;8,5755
18.11. 21:30;8,3592
18.11. 21:45;8,1822
18.11. 22:00;8,074
18.11. 22:15;8,0346
18.11. 22:30;8,0248
18.11. 22:45;7,9953
18.11. 23:00;7,9265
18.11. 23:15;7,8183
18.11. 23:30;7,6609
18.11. 23:45;7,4446
19.11. 00:00;7,1791
19.11. 00:15;6,8939
19.11. 00:30;6,5988
19.11. 00:45;6,3431
19.11. 01:00;6,1268
19.11. 01:15;5,9596
19.11. 01:30;5,8219
19.11. 01:45;5,6941
19.11. 02:00;5,5761
19.11. 02:15;5,4679
19.11. 02:30;5,3794
19.11. 02:45;5,3302
19.11. 03:00;5,3204
19.11. 03:15;5,3695
19.11. 03:30;5,4876
19.11. 03:45;5,6941
19.11. 04:00;5,9891
19.11. 04:15;6,3333
19.11. 04:30;6,6873
19.11. 04:45;6,9824
19.11. 05:00;7,1987
19.11. 05:15;7,3462
19.11. 05:30;7,4446
19.11. 05:45;7,5331
19.11. 06:00;7,6413
19.11. 06:15;7,7986
19.11. 06:30;8,0543
19.11. 06:45;8,4575
19.11. 07:00;9,0377
19.11. 07:15;9,8737
19.11. 07:30;11,005
19.11. 07:45;12,499
19.11. 08:00;14,348
19.11. 08:15;16,345
19.11. 08:30;18,213
19.11. 08:45;19,669
19.11. 09:00;20,505
19.11. 09:15;20,859
19.11. 09:30;20,908
19.11. 09:45;20,859
19.11. 10:00;20,868
19.11. 10:15;20,957
19.11. 10:30;21,104
19.11. 10:45;21,321
19.11. 11:00;21,557
19.11. 11:15;21,754
19.11. 11:30;21,832
19.11. 11:45;21,685
19.11. 12:00;21,272
19.11. 12:15;20,632
19.11. 12:30;19,855
19.11. 12:45;19,02
19.11. 13:00;18,193
19.11. 13:15;17,446
19.11. 13:30;16,807
19.11. 13:45;16,354
19.11. 14:00;16,118
19.11. 14:15;16,089
19.11. 14:30;16,236
19.11. 14:45;16,541
19.11. 15:00;16,964
19.11. 15:15;17,436
19.11. 15:30;17,839
19.11. 15:45;18,105
19.11. 16:00;18,144
19.11. 16:15;18,056
19.11. 16:30;17,908
19.11. 16:45;17,83
19.11. 17:00;17,849
19.11. 17:15;17,869
19.11. 17:30;17,702
19.11. 17:45;17,181
19.11. 18:00;16,207
19.11. 18:15;14,899
19.11. 18:30;13,473
19.11. 18:45;12,126
19.11. 19:00;11,024
19.11. 19:15;10,169
19.11. 19:30;9,5688
19.11. 19:45;9,1853
19.11. 20:00;9,0082
19.11. 20:15;8,9591
19.11. 20:30;8,9591
19.11. 20:45;8,9099
19.11. 21:00;8,7722
19.11. 21:15;8,5755
19.11. 21:30;8,3592
19.11. 21:45;8,1822
19.11. 22:00;8,074
19.11. 22:15;8,0346
19.11. 22:30;8,0248
19.11. 22:45;7,9953
19.11. 23:00;7,9265
19.11. 23:15;7,8183
19.11. 23:30;7,6609
19.11. 23:45;7,4446
20.11. 00:00;7,1791
20.11. 00:15;6,8939
20.11. 00:30;6,5988
20.11. 00:45;6,3431
20.11. 01:00;6,1268
20.11. 01:15;5,9596
20.11. 01:30;5,8219
20.11. 01:45;5,6941
20.11. 02:00;5,5761
20.11. 02:15;5,4679
20.11. 02:30;5,3794
20.11. 02:45;5,3302
20.11. 03:00;5,3204
20.11. 03:15;5,3695
20.11. 03:30;5,4876
20.11. 03:45;5,6941
20.11. 04:00;5,9891
20.11. 04:15;6,3333
20.11. 04:30;6,6873
20.11. 04:45;6,9824
20.11. 05:00;7,1987
20.11. 05:15;7,3462
20.11. 05:30;7,4446
20.11. 05:45;7,5331
20.11. 06:00;7,6413
20.11. 06:15;7,7986
20.11. 06:30;8,0543
20.11. 06:45;8,4575
20.11. 07:00;9,0377
20.11. 07:15;9,8737
20.11. 07:30;11,005
20.11. 07:45;12,499
20.11. 08:00;14,348
20.11. 08:15;16,345
20.11. 08:30;18,213
20.11. 08:45;19,669
20.11. 09:00;20,505
20.11. 09:15;20,859
20.11. 09:30;20,908
20.11. 09:45;20,859
20.11. 10:00;20,868
20.11. 10:15;20,957
20.11. 10:30;21,104
20.11. 10:45;21,321
20.11. 11:00;21,557
20.11. 11:15;21,754
20.11. 11:30;21,832
20.11. 11:45;21,685
20.11. 12:00;21,272
20.11. 12:15;20,632
20.11. 12:30;19,855
20.11. 12:45;19,02
20.11. 13:00;18,193
20.11. 13:15;17,446
20.11. 13:30;16,807
20.11. 13:45;16,354
20.11. 14:00;16,118
20.11. 14:15;16,089
20.11. 14:30;16,236
20.11. 14:45;16,541
20.11. 15:00;16,964
20.11. 15:15;17,436
20.11. 15:30;17,839
20.11. 15:45;18,105
20.11. 16:00;18,144
20.11. 16:15;18,056
20.11. 16:30;17,908
20.11. 16:45;17,83
20.11. 17:00;17,849
20.11. 17:15;17,869
20.11. 17:30;17,702
20.11. 17:45;17,181
20.11. 18:00;16,207
20.11. 18:15;14,899
20.11. 18:30;13,473
20.11. 18:45;12,126
20.11. 19:00;11,024
20.11. 19:15;10,169
20.11. 19:30;9,5688
20.11. 19:45;9,1853
20.11. 20:00;9,0082
20.11. 20:15;8,9591
20.11. 20:30;8,9591
20.11. 20:45;8,9099
20.11. 21:00;8,7722
20.11. 21:15;8,5755
20.11. 21:30;8,3592
20.11. 21:45;8,1822
20.11. 22:00;8,074
20.11. 22:15;8,0346
20.11. 22:30;8,0248
20.11. 22:45;7,9953
20.11. 23:00;7,9265
20.11. 23:15;7,8183
20.11. 23:30;7,6609
20.11. 23:45;7,4446
21.11. 00:00;7,1791
21.11. 00:15;6,8939
21.11. 00:30;6,5988
21.11. 00:45;6,3431
21.11. 01:00;6,1268
21.11. 01:15;5,9596
21.11. 01:30;5,8219
21.11. 01:45;5,6941
21.11. 02:00;5,5761
21.11. 02:15;5,4679
21.11. 02:30;5,3794
21.11. 02:45;5,3302
21.11. 03:00;5,3204
21.11. 03:15;5,3695
21.11. 03:30;5,4876
21.11. 03:45;5,6941
21.11. 04:00;5,9891
21.11. 04:15;6,3333
21.11. 04:30;6,6873
21.11. 04:45;6,9824
21.11. 05:00;7,1987
21.11. 05:15;7,3462
21.11. 05:30;7,4446
21.11. 05:45;7,5331
21.11. 06:00;7,6413
21.11. 06:15;7,7986
21.11. 06:30;8,0543
21.11. 06:45;8,4575
21.11. 07:00;9,0377
21.11. 07:15;9,8737
21.11. 07:30;11,005
21.11. 07:45;12,499
21.11. 08:00;14,348
21.11. 08:15;16,345
21.11. 08:30;18,213
21.11. 08:45;19,669
21.11. 09:00;20,505
21.11. 09:15;20,859
21.11. 09:30;20,908
21.11. 09:45;20,859
21.11. 10:00;20,868
21.11. 10:15;20,957
21.11. 10:30;21,104
21.11. 10:45;21,321
21.11. 11:00;21,557
21.11. 11:15;21,754
21.11. 11:30;21,832
21.11. 11:45;21,685
21.11. 12:00;21,272
21.11. 12:15;20,632
21.11. 12:30;19,855
21.11. 12:45;19,02
21.11. 13:00;18,193
21.11. 13:15;17,446
21.11. 13:30;16,807
21.11. 13:45;16,354
21.11. 14:00;16,118
21.11. 14:15;16,089
21.11. 14:30;16,236
21.11. 14:45;16,541
21.11. 15:00;16,964
21.11. 15:15;17,436
21.11. 15:30;17,839
21.11. 15:45;18,105
21.11. 16:00;18,144
21.11. 16:15;18,056
21.11. 16:30;17,908
21.11. 16:45;17,83
21.11. 17:00;17,849
21.11. 17:15;17,869
21.11. 17:30;17,702
21.11. 17:45;17,181
21.11. 18:00;16,207
21.11. 18:15;14,899
21.11. 18:30;13,473
21.11. 18:45;12,126
21.11. 19:00;11,024
21.11. 19:15;10,169
21.11. 19:30;9,5688
21.11. 19:45;9,1853
21.11. 20:00;9,0082
21.11. 20:15;8,9591
21.11. 20:30;8,9591
21.11. 20:45;8,9099
21.11. 21:00;8,7722
21.11. 21:15;8,5755
21.11. 21:30;8,3592
21.11. 21:45;8,1822
21.11. 22:00;8,074
21.11. 22:15;8,0346
21.11. 22:30;8,0248
21.11. 22:45;7,9953
21.11. 23:00;7,9265
21.11. 23:15;7,8183
21.11. 23:30;7,6609
21.11. 23:45;7,4446
22.11. 00:00;7,1791
22.11. 00:15;6,8939
22.11. 00:30;6,5988
22.11. 00:45;6,3431
22.11. 01:00;6,1268
22.11. 01:15;5,9596
22.11. 01:30;5,8219
22.11. 01:45;5,6941
22.11. 02:00;5,5761
22.11. 02:15;5,4679
22.11. 02:30;5,3794
22.11. 02:45;5,3302
22.11. 03:00;5,3204
22.11. 03:15;5,3695
22.11. 03:30;5,4876
22.11. 03:45;5,6941
22.11. 04:00;5,9891
22.11. 04:15;6,3333
22.11. 04:30;6,6873
22.11. 04:45;6,9824
22.11. 05:00;7,1987
22.11. 05:15;7,3462
22.11. 05:30;7,4446
22.11. 05:45;7,5331
22.11. 06:00;7,6413
22.11. 06:15;7,7986
22.11. 06:30;8,0543
22.11. 06:45;8,4575
22.11. 07:00;9,0377
22.11. 07:15;9,8737
22.11. 07:30;11,005
22.11. 07:45;12,499
22.11. 08:00;14,348
22.11. 08:15;16,345
22.11. 08:30;18,213
22.11. 08:45;19,669
22.11. 09:00;20,505
22.11. 09:15;20,859
22.11. 09:30;20,908
22.11. 09:45;20,859
22.11. 10:00;20,868
22.11. 10:15;20,957
22.11. 10:30;21,104
22.11. 10:45;21,321
22.11. 11:00;21,557
22.11. 11:15;21,754
22.11. 11:30;21,832
22.11. 11:45;21,685
22.11. 12:00;21,272
22.11. 12:15;20,632
22.11. 12:30;19,855
22.11. 12:45;19,02
22.11. 13:00;18,193
22.11. 13:15;17,446
22.11. 13:30;16,807
22.11. 13:45;16,354
22.11. 14:00;16,118
22.11. 14:15;16,089
22.11. 14:30;16,236
22.11. 14:45;16,541
22.11. 15:00;16,964
22.11. 15:15;17,436
22.11. 15:30;17,839
22.11. 15:45;18,105
22.11. 16:00;18,144
22.11. 16:15;18,056
22.11. 16:30;17,908
22.11. 16:45;17,83
22.11. 17:00;17,849
22.11. 17:15;17,869
22.11. 17:30;17,702
22.11. 17:45;17,181
22.11. 18:00;16,207
22.11. 18:15;14,899
22.11. 18:30;13,473
22.11. 18:45;12,126
22.11. 19:00;11,024
22.11. 19:15;10,169
22.11. 19:30;9,5688
22.11. 19:45;9,1853
22.11. 20:00;9,0082
22.11. 20:15;8,9591
22.11. 20:30;8,9591
22.11. 20:45;8,9099
22.11. 21:00;8,7722
22.11. 21:15;8,5755
22.11. 21:30;8,3592
22.11. 21:45;8,1822
22.11. 22:00;8,074
22.11. 22:15;8,0346
22.11. 22:30;8,0248
22.11. 22:45;7,9953
22.11. 23:00;7,9265
22.11. 23:15;7,8183
22.11. 23:30;7,6609
22.11. 23:45;7,4446
23.11. 00:00;7,4544
23.11. 00:15;7,5429
23.11. 00:30;7,6413
23.11. 00:45;7,7199
23.11. 01:00;7,7199
23.11. 01:15;7,6511
23.11. 01:30;7,5331
23.11. 01:45;7,3462
23.11. 02:00;7,1397
23.11. 02:15;6,9234
23.11. 02:30;6,7365
23.11. 02:45;6,6185
23.11. 03:00;6,589
23.11. 03:15;6,6382
23.11. 03:30;6,7168
23.11. 03:45;6,7955
23.11. 04:00;6,8545
23.11. 04:15;6,8939
23.11. 04:30;6,9332
23.11. 04:45;6,9824
23.11. 05:00;7,061
23.11. 05:15;7,1299
23.11. 05:30;7,1791
23.11. 05:45;7,1692
23.11. 06:00;7,1004
23.11. 06:15;7,1004
23.11. 06:30;7,3167
23.11. 06:45;7,9068
23.11. 07:00;8,9492
23.11. 07:15;10,346
23.11. 07:30;11,919
23.11. 07:45;13,512
23.11. 08:00;14,958
23.11. 08:15;16,217
23.11. 08:30;17,22
23.11. 08:45;17,918
23.11. 09:00;18,302
23.11. 09:15;18,439
23.11. 09:30;18,459
23.11. 09:45;18,469
23.11. 10:00;18,557
23.11. 10:15;18,695
23.11. 10:30;18,872
23.11. 10:45;19,02
23.11. 11:00;19,128
23.11. 11:15;19,187
23.11. 11:30;19,206
23.11. 11:45;19,206
23.11. 12:00;19,167
23.11. 12:15;19,069
23.11. 12:30;18,852
23.11. 12:45;18,469
23.11. 13:00;17,889
23.11. 13:15;17,122
23.11. 13:30;16,207
23.11. 13:45;15,165
23.11. 14:00;14,024
23.11. 14:15;12,873
23.11. 14:30;11,782
23.11. 14:45;10,847
23.11. 15:00;10,1
23.11. 15:15;9,5295
23.11. 15:30;9,0574
23.11. 15:45;8,6345
23.11. 16:00;8,2215
23.11. 16:15;7,838
23.11. 16:30;7,5626
23.11. 16:45;7,4446
23.11. 17:00;7,5233
23.11. 17:15;7,7298
23.11. 17:30;7,9756
23.11. 17:45;8,1822
23.11. 18:00;8,2707
23.11. 18:15;8,2903
23.11. 18:30;8,2707
23.11. 18:45;8,2707
23.11. 19:00;8,3297
23.11. 19:15;8,4378
23.11. 19:30;8,5854
23.11. 19:45;8,7329
23.11. 20:00;8,8607
23.11. 20:15;8,9689
23.11. 20:30;9,0181
23.11. 20:45;9,0082
23.11. 21:00;8,9099
23.11. 21:15;8,7525
23.11. 21:30;8,5657
23.11. 21:45;8,3592
23.11. 22:00;8,1723
23.11. 22:15;7,9855
23.11. 22:30;7,8085
23.11. 22:45;7,6314
23.11. 23:00;7,4446
23.11. 23:15;7,2577
23.11. 23:30;7,0709
23.11. 23:45;6,8939
24.11. 00:00;6,7168
24.11. 00:15;6,5398
24.11. 00:30;6,353
24.11. 00:45;6,1563
24.11. 01:00;5,9301
24.11. 01:15;5,6941
24.11. 01:30;5,458
24.11. 01:45;5,2417
24.11. 02:00;5,0352
24.11. 02:15;4,868
24.11. 02:30;4,7205
24.11. 02:45;4,5926
24.11. 03:00;4,4943
24.11. 03:15;4,4156
24.11. 03:30;4,3566
24.11. 03:45;4,3173
24.11. 04:00;4,2878
24.11. 04:15;4,2779
24.11. 04:30;4,2878
24.11. 04:45;4,3173
24.11. 05:00;4,3763
24.11. 05:15;4,4353
24.11. 05:30;4,4845
24.11. 05:45;4,5041
24.11. 06:00;4,4845
24.11. 06:15;4,4549
24.11. 06:30;4,4451
24.11. 06:45;4,5041
24.11. 07:00;4,6418
24.11. 07:15;4,8287
24.11. 07:30;5,0155
24.11. 07:45;5,1434
24.11. 08:00;5,1925
24.11. 08:15;5,2024
24.11. 08:30;5,222
24.11. 08:45;5,3302
24.11. 09:00;5,5466
24.11. 09:15;5,8514
24.11. 09:30;6,1661
24.11. 09:45;6,4316
24.11. 10:00;6,6087
24.11. 10:15;6,7365
24.11. 10:30;6,8447
24.11. 10:45;6,9824
24.11. 11:00;7,1889
24.11. 11:15;7,4347
24.11. 11:30;7,6904
24.11. 11:45;7,9068
24.11. 12:00;8,0543
24.11. 12:15;8,1428
24.11. 12:30;8,1822
24.11. 12:45;8,1822
24.11. 13:00;8,1428
24.11. 13:15;8,074
24.11. 13:30;7,956
24.11. 13:45;7,8085
24.11. 14:00;7,6216
24.11. 14:15;7,4052
24.11. 14:30;7,1889
24.11. 14:45;6,9824
24.11. 15:00;6,8054
24.11. 15:15;6,648
24.11. 15:30;6,5005
24.11. 15:45;6,3431
24.11. 16:00;6,176
24.11. 16:15;6,0481
24.11. 16:30;6,0186
24.11. 16:45;6,1563
24.11. 17:00;6,4808
24.11. 17:15;6,9234
24.11. 17:30;7,3757
24.11. 17:45;7,7199
24.11. 18:00;7,8773
24.11. 18:15;7,9068
24.11. 18:30;7,8871
24.11. 18:45;7,9068
24.11. 19:00;8,0051
24.11. 19:15;8,1723
24.11. 19:30;8,369
24.11. 19:45;8,546
24.11. 20:00;8,664
24.11. 20:15;8,723
24.11. 20:30;8,7132
24.11. 20:45;8,6345
24.11. 21:00;8,4969
24.11. 21:15;8,3002
24.11. 21:30;8,0641
24.11. 21:45;7,8085
24.11. 22:00;7,5429
24.11. 22:15;7,2872
24.11. 22:30;7,0315
24.11. 22:45;6,7955
24.11. 23:00;6,589
24.11. 23:15;6,4218
24.11. 23:30;6,3038
24.11. 23:45;6,2448
25.11. 00:00;7,1791
25.11. 00:15;6,8939
25.11. 00:30;6,5988
25.11. 00:45;6,3431
25.11. 01:00;6,1268
25.11. 01:15;5,9596
25.11. 01:30;5,8219
25.11. 01:45;5,6941
25.11. 02:00;5,5761
25.11. 02:15;5,4679
25.11. 02:30;5,3794
25.11. 02:45;5,3302
25.11. 03:00;5,3204
25.11. 03:15;5,3695
25.11. 03:30;5,4876
25.11. 03:45;5,6941
25.11. 04:00;5,9891
25.11. 04:15;6,3333
25.11. 04:30;6,6873
25.11. 04:45;6,9824
25.11. 05:00;7,1987
25.11. 05:15;7,3462
25.11. 05:30;7,4446
25.11. 05:45;7,5331
25.11. 06:00;7,6413
25.11. 06:15;7,7986
25.11. 06:30;8,0543
25.11. 06:45;8,4575
25.11. 07:00;9,0377
25.11. 07:15;9,8737
25.11. 07:30;11,005
25.11. 07:45;12,499
25.11. 08:00;14,348
25.11. 08:15;16,345
25.11. 08:30;18,213
25.11. 08:45;19,669
25.11. 09:00;20,505
25.11. 09:15;20,859
25.11. 09:30;20,908
25.11. 09:45;20,859
25.11. 10:00;20,868
25.11. 10:15;20,957
25.11. 10:30;21,104
25.11. 10:45;21,321
25.11. 11:00;21,557
25.11. 11:15;21,754
25.11. 11:30;21,832
25.11. 11:45;21,685
25.11. 12:00;21,272
25.11. 12:15;20,632
25.11. 12:30;19,855
25.11. 12:45;19,02
25.11. 13:00;18,193
25.11. 13:15;17,446
25.11. 13:30;16,807
25.11. 13:45;16,354
25.11. 14:00;16,118
25.11. 14:15;16,089
25.11. 14:30;16,236
25.11. 14:45;16,541
25.11. 15:00;16,964
25.11. 15:15;17,436
25.11. 15:30;17,839
25.11. 15:45;18,105
25.11. 16:00;18,144
25.11. 16:15;18,056
25.11. 16:30;17,908
25.11. 16:45;17,83
25.11. 17:00;17,849
25.11. 17:15;17,869
25.11. 17:30;17,702
25.11. 17:45;17,181
25.11. 18:00;16,207
25.11. 18:15;14,899
25.11. 18:30;13,473
25.11. 18:45;12,126
25.11. 19:00;11,024
25.11. 19:15;10,169
25.11. 19:30;9,5688
25.11. 19:45;9,1853
25.11. 20:00;9,0082
25.11. 20:15;8,9591
25.11. 20:30;8,9591
25.11. 20:45;8,9099
25.11. 21:00;8,7722
25.11. 21:15;8,5755
25.11. 21:30;8,3592
25.11. 21:45;8,1822
25.11. 22:00;8,074
25.11. 22:15;8,0346
25.11. 22:30;8,0248
25.11. 22:45;7,9953
25.11. 23:00;7,9265
25.11. 23:15;7,8183
25.11. 23:30;7,6609
25.11. 23:45;7,4446
26.11. 00:00;7,1791
26.11. 00:15;6,8939
26.11. 00:30;6,5988
26.11. 00:45;6,3431
26.11. 01:00;6,1268
26.11. 01:15;5,9596
26.11. 01:30;5,8219
26.11. 01:45;5,6941
26.11. 02:00;5,5761
26.11. 02:15;5,4679
26.11. 02:30;5,3794
26.11. 02:45;5,3302
26.11. 03:00;5,3204
26.11. 03:15;5,3695
26.11. 03:30;5,4876
26.11. 03:45;5,6941
26.11. 04:00;5,9891
26.11. 04:15;6,3333
26.11. 04:30;6,6873
26.11. 04:45;6,9824
26.11. 05:00;7,1987
26.11. 05:15;7,3462
26.11. 05:30;7,4446
26.11. 05:45;7,5331
26.11. 06:00;7,6413
26.11. 06:15;7,7986
26.11. 06:30;8,0543
26.11. 06:45;8,4575
26.11. 07:00;9,0377
26.11. 07:15;9,8737
26.11. 07:30;11,005
26.11. 07:45;12,499
26.11. 08:00;14,348
26.11. 08:15;16,345
26.11. 08:30;18,213
26.11. 08:45;19,669
26.11. 09:00;20,505
26.11. 09:15;20,859
26.11. 09:30;20,908
26.11. 09:45;20,859
26.11. 10:00;20,868
26.11. 10:15;20,957
26.11. 10:30;21,104
26.11. 10:45;21,321
26.11. 11:00;21,557
26.11. 11:15;21,754
26.11. 11:30;21,832
26.11. 11:45;21,685
26.11. 12:00;21,272
26.11. 12:15;20,632
26.11. 12:30;19,855
26.11. 12:45;19,02
26.11. 13:00;18,193
26.11. 13:15;17,446
26.11. 13:30;16,807
26.11. 13:45;16,354
26.11. 14:00;16,118
26.11. 14:15;16,089
26.11. 14:30;16,236
26.11. 14:45;16,541
26.11. 15:00;16,964
26.11. 15:15;17,436
26.11. 15:30;17,839
26.11. 15:45;18,105
26.11. 16:00;18,144
26.11. 16:15;18,056
26.11. 16:30;17,908
26.11. 16:45;17,83
26.11. 17:00;17,849
26.11. 17:15;17,869
26.11. 17:30;17,702
26.11. 17:45;17,181
26.11. 18:00;16,207
26.11. 18:15;14,899
26.11. 18:30;13,473
26.11. 18:45;12,126
26.11. 19:00;11,024
26.11. 19:15;10,169
26.11. 19:30;9,5688
26.11. 19:45;9,1853
26.11. 20:00;9,0082
26.11. 20:15;8,9591
26.11. 20:30;8,9591
26.11. 20:45;8,9099
26.11. 21:00;8,7722
26.11. 21:15;8,5755
26.11. 21:30;8,3592
26.11. 21:45;8,1822
26.11. 22:00;8,074
26.11. 22:15;8,0346
26.11. 22:30;8,0248
26.11. 22:45;7,9953
26.11. 23:00;7,9265
26.11. 23:15;7,8183
26.11. 23:30;7,6609
26.11. 23:45;7,4446
27.11. 00:00;7,1791
27.11. 00:15;6,8939
27.11. 00:30;6,5988
27.11. 00:45;6,3431
27.11. 01:00;6,1268
27.11. 01:15;5,9596
27.11. 01:30;5,8219
27.11. 01:45;5,6941
27.11. 02:00;5,5761
27.11. 02:15;5,4679
27.11. 02:30;5,3794
27.11. 02:45;5,3302
27.11. 03:00;5,3204
27.11. 03:15;5,3695
27.11. 03:30;5,4876
27.11. 03:45;5,6941
27.11. 04:00;5,9891
27.11. 04:15;6,3333
27.11. 04:30;6,6873
27.11. 04:45;6,9824
27.11. 05:00;7,1987
27.11. 05:15;7,3462
27.11. 05:30;7,4446
27.11. 05:45;7,5331
27.11. 06:00;7,6413
27.11. 06:15;7,7986
27.11. 06:30;8,0543
27.11. 06:45;8,4575
27.11. 07:00;9,0377
27.11. 07:15;9,8737
27.11. 07:30;11,005
27.11. 07:45;12,499
27.11. 08:00;14,348
27.11. 08:15;16,345
27.11. 08:30;18,213
27.11. 08:45;19,669
27.11. 09:00;20,505
27.11. 09:15;20,859
27.11. 09:30;20,908
27.11. 09:45;20,859
27.11. 10:00;20,868
27.11. 10:15;20,957
27.11. 10:30;21,104
27.11. 10:45;21,321
27.11. 11:00;21,557
27.11. 11:15;21,754
27.11. 11:30;21,832
27.11. 11:45;21,685
27.11. 12:00;21,272
27.11. 12:15;20,632
27.11. 12:30;19,855
27.11. 12:45;19,02
27.11. 13:00;18,193
27.11. 13:15;17,446
27.11. 13:30;16,807
27.11. 13:45;16,354
27.11. 14:00;16,118
27.11. 14:15;16,089
27.11. 14:30;16,236
27.11. 14:45;16,541
27.11. 15:00;16,964
27.11. 15:15;17,436
27.11. 15:30;17,839
27.11. 15:45;18,105
27.11. 16:00;18,144
27.11. 16:15;18,056
27.11. 16:30;17,908
27.11. 16:45;17,83
27.11. 17:00;17,849
27.11. 17:15;17,869
27.11. 17:30;17,702
27.11. 17:45;17,181
27.11. 18:00;16,207
27.11. 18:15;14,899
27.11. 18:30;13,473
27.11. 18:45;12,126
27.11. 19:00;11,024
27.11. 19:15;10,169
27.11. 19:30;9,5688
27.11. 19:45;9,1853
27.11. 20:00;9,0082
27.11. 20:15;8,9591
27.11. 20:30;8,9591
27.11. 20:45;8,9099
27.11. 21:00;8,7722
27.11. 21:15;8,5755
27.11. 21:30;8,3592
27.11. 21:45;8,1822
27.11. 22:00;8,074
27.11. 22:15;8,0346
27.11. 22:30;8,0248
27.11. 22:45;7,9953
27.11. 23:00;7,9265
27.11. 23:15;7,8183
27.11. 23:30;7,6609
27.11. 23:45;7,4446
28.11. 00:00;7,1791
28.11. 00:15;6,8939
28.11. 00:30;6,5988
28.11. 00:45;6,3431
28.11. 01:00;6,1268
28.11. 01:15;5,9596
28.11. 01:30;5,8219
28.11. 01:45;5,6941
28.11. 02:00;5,5761
28.11. 02:15;5,4679
28.11. 02:30;5,3794
28.11. 02:45;5,3302
28.11. 03:00;5,3204
28.11. 03:15;5,3695
28.11. 03:30;5,4876
28.11. 03:45;5,6941
28.11. 04:00;5,9891
28.11. 04:15;6,3333
28.11. 04:30;6,6873
28.11. 04:45;6,9824
28.11. 05:00;7,1987
28.11. 05:15;7,3462
28.11. 05:30;7,4446
28.11. 05:45;7,5331
28.11. 06:00;7,6413
28.11. 06:15;7,7986
28.11. 06:30;8,0543
28.11. 06:45;8,4575
28.11. 07:00;9,0377
28.11. 07:15;9,8737
28.11. 07:30;11,005
28.11. 07:45;12,499
28.11. 08:00;14,348
28.11. 08:15;16,345
28.11. 08:30;18,213
28.11. 08:45;19,669
28.11. 09:00;20,505
28.11. 09:15;20,859
28.11. 09:30;20,908
28.11. 09:45;20,859
28.11. 10:00;20,868
28.11. 10:15;20,957
28.11. 10:30;21,104
28.11. 10:45;21,321
28.11. 11:00;21,557
28.11. 11:15;21,754
28.11. 11:30;21,832
28.11. 11:45;21,685
28.11. 12:00;21,272
28.11. 12:15;20,632
28.11. 12:30;19,855
28.11. 12:45;19,02
28.11. 13:00;18,193
28.11. 13:15;17,446
28.11. 13:30;16,807
28.11. 13:45;16,354
28.11. 14:00;16,118
28.11. 14:15;16,089
28.11. 14:30;16,236
28.11. 14:45;16,541
28.11. 15:00;16,964
28.11. 15:15;17,436
28.11. 15:30;17,839
28.11. 15:45;18,105
28.11. 16:00;18,144
28.11. 16:15;18,056
28.11. 16:30;17,908
28.11. 16:45;17,83
28.11. 17:00;17,849
28.11. 17:15;17,869
28.11. 17:30;17,702
28.11. 17:45;17,181
28.11. 18:00;16,207
28.11. 18:15;14,899
28.11. 18:30;13,473
28.11. 18:45;12,126
28.11. 19:00;11,024
28.11. 19:15;10,169
28.11. 19:30;9,5688
28.11. 19:45;9,1853
28.11. 20:00;9,0082
28.11. 20:15;8,9591
28.11. 20:30;8,9591
28.11. 20:45;8,9099
28.11. 21:00;8,7722
28.11. 21:15;8,5755
28.11. 21:30;8,3592
28.11. 21:45;8,1822
28.11. 22:00;8,074
28.11. 22:15;8,0346
28.11. 22:30;8,0248
28.11. 22:45;7,9953
28.11. 23:00;7,9265
28.11. 23:15;7,8183
28.11. 23:30;7,6609
28.11. 23:45;7,4446
29.11. 00:00;7,1791
29.11. 00:15;6,8939
29.11. 00:30;6,5988
29.11. 00:45;6,3431
29.11. 01:00;6,1268
29.11. 01:15;5,9596
29.11. 01:30;5,8219
29.11. 01:45;5,6941
29.11. 02:00;5,5761
29.11. 02:15;5,4679
29.11. 02:30;5,3794
29.11. 02:45;5,3302
29.11. 03:00;5,3204
29.11. 03:15;5,3695
29.11. 03:30;5,4876
29.11. 03:45;5,6941
29.11. 04:00;5,9891
29.11. 04:15;6,3333
29.11. 04:30;6,6873
29.11. 04:45;6,9824
29.11. 05:00;7,1987
29.11. 05:15;7,3462
29.11. 05:30;7,4446
29.11. 05:45;7,5331
29.11. 06:00;7,6413
29.11. 06:15;7,7986
29.11. 06:30;8,0543
29.11. 06:45;8,4575
29.11. 07:00;9,0377
29.11. 07:15;9,8737
29.11. 07:30;11,005
29.11. 07:45;12,499
29.11. 08:00;14,348
29.11. 08:15;16,345
29.11. 08:30;18,213
29.11. 08:45;19,669
29.11. 09:00;20,505
29.11. 09:15;20,859
29.11. 09:30;20,908
29.11. 09:45;20,859
29.11. 10:00;20,868
29.11. 10:15;20,957
29.11. 10:30;21,104
29.11. 10:45;21,321
29.11. 11:00;21,557
29.11. 11:15;21,754
29.11. 11:30;21,832
29.11. 11:45;21,685
29.11. 12:00;21,272
29.11. 12:15;20,632
29.11. 12:30;19,855
29.11. 12:45;19,02
29.11. 13:00;18,193
29.11. 13:15;17,446
29.11. 13:30;16,807
29.11. 13:45;16,354
29.11. 14:00;16,118
29.11. 14:15;16,089
29.11. 14:30;16,236
29.11. 14:45;16,541
29.11. 15:00;16,964
29.11. 15:15;17,436
29.11. 15:30;17,839
29.11. 15:45;18,105
29.11. 16:00;18,144
29.11. 16:15;18,056
29.11. 16:30;17,908
29.11. 16:45;17,83
29.11. 17:00;17,849
29.11. 17:15;17,869
29.11. 17:30;17,702
29.11. 17:45;17,181
29.11. 18:00;16,207
29.11. 18:15;14,899
29.11. 18:30;13,473
29.11. 18:45;12,126
29.11. 19:00;11,024
29.11. 19:15;10,169
29.11. 19:30;9,5688
29.11. 19:45;9,1853
29.11. 20:00;9,0082
29.11. 20:15;8,9591
29.11. 20:30;8,9591
29.11. 20:45;8,9099
29.11. 21:00;8,7722
29.11. 21:15;8,5755
29.11. 21:30;8,3592
29.11. 21:45;8,1822
29.11. 22:00;8,074
29.11. 22:15;8,0346
29.11. 22:30;8,0248
29.11. 22:45;7,9953
29.11. 23:00;7,9265
29.11. 23:15;7,8183
29.11. 23:30;7,6609
29.11. 23:45;7,4446
30.11. 00:00;7,4544
30.11. 00:15;7,5429
30.11. 00:30;7,6413
30.11. 00:45;7,7199
30.11. 01:00;7,7199
30.11. 01:15;7,6511
30.11. 01:30;7,5331
30.11. 01:45;7,3462
30.11. 02:00;7,1397
30.11. 02:15;6,9234
30.11. 02:30;6,7365
30.11. 02:45;6,6185
30.11. 03:00;6,589
30.11. 03:15;6,6382
30.11. 03:30;6,7168
30.11. 03:45;6,7955
30.11. 04:00;6,8545
30.11. 04:15;6,8939
30.11. 04:30;6,9332
30.11. 04:45;6,9824
30.11. 05:00;7,061
30.11. 05:15;7,1299
30.11. 05:30;7,1791
30.11. 05:45;7,1692
30.11. 06:00;7,1004
30.11. 06:15;7,1004
30.11. 06:30;7,3167
30.11. 06:45;7,9068
30.11. 07:00;8,9492
30.11. 07:15;10,346
30.11. 07:30;11,919
30.11. 07:45;13,512
30.11. 08:00;14,958
30.11. 08:15;16,217
30.11. 08:30;17,22
30.11. 08:45;17,918
30.11. 09:00;18,302
30.11. 09:15;18,439
30.11. 09:30;18,459
30.11. 09:45;18,469
30.11. 10:00;18,557
30.11. 10:15;18,695
30.11. 10:30;18,872
30.11. 10:45;19,02
30.11. 11:00;19,128
30.11. 11:15;19,187
30.11. 11:30;19,206
30.11. 11:45;19,206
30.11. 12:00;19,167
30.11. 12:15;19,069
30.11. 12:30;18,852
30.11. 12:45;18,469
30.11. 13:00;17,889
30.11. 13:15;17,122
30.11. 13:30;16,207
30.11. 13:45;15,165
30.11. 14:00;14,024
30.11. 14:15;12,873
30.11. 14:30;11,782
30.11. 14:45;10,847
30.11. 15:00;10,1
30.11. 15:15;9,5295
30.11. 15:30;9,0574
30.11. 15:45;8,6345
30.11. 16:00;8,2215
30.11. 16:15;7,838
30.11. 16:30;7,5626
30.11. 16:45;7,4446
30.11. 17:00;7,5233
30.11. 17:15;7,7298
30.11. 17:30;7,9756
30.11. 17:45;8,1822
30.11. 18:00;8,2707
30.11. 18:15;8,2903
30.11. 18:30;8,2707
30.11. 18:45;8,2707
30.11. 19:00;8,3297
30.11. 19:15;8,4378
30.11. 19:30;8,5854
30.11. 19:45;8,7329
30.11. 20:00;8,8607
30.11. 20:15;8,9689
30.11. 20:30;9,0181
30.11. 20:45;9,0082
30.11. 21:00;8,9099
30.11. 21:15;8,7525
30.11. 21:30;8,5657
30.11. 21:45;8,3592
30.11. 22:00;8,1723
30.11. 22:15;7,9855
30.11. 22:30;7,8085
30.11. 22:45;7,6314
30.11. 23:00;7,4446
30.11. 23:15;7,2577
30.11. 23:30;7,0709
30.11. 23:45;6,8939
01.12. 00:00;6,7168
01.12. 00:15;6,5398
01.12. 00:30;6,353
01.12. 00:45;6,1563
01.12. 01:00;5,9301
01.12. 01:15;5,6941
01.12. 01:30;5,458
01.12. 01:45;5,2417
01.12. 02:00;5,0352
01.12. 02:15;4,868
01.12. 02:30;4,7205
01.12. 02:45;4,5926
01.12. 03:00;4,4943
01.12. 03:15;4,4156
01.12. 03:30;4,3566
01.12. 03:45;4,3173
01.12. 04:00;4,2878
01.12. 04:15;4,2779
01.12. 04:30;4,2878
01.12. 04:45;4,3173
01.12. 05:00;4,3763
01.12. 05:15;4,4353
01.12. 05:30;4,4845
01.12. 05:45;4,5041
01.12. 06:00;4,4845
01.12. 06:15;4,4549
01.12. 06:30;4,4451
01.12. 06:45;4,5041
01.12. 07:00;4,6418
01.12. 07:15;4,8287
01.12. 07:30;5,0155
01.12. 07:45;5,1434
01.12. 08:00;5,1925
01.12. 08:15;5,2024
01.12. 08:30;5,222
01.12. 08:45;5,3302
01.12. 09:00;5,5466
01.12. 09:15;5,8514
01.12. 09:30;6,1661
01.12. 09:45;6,4316
01.12. 10:00;6,6087
01.12. 10:15;6,7365
01.12. 10:30;6,8447
01.12. 10:45;6,9824
01.12. 11:00;7,1889
01.12. 11:15;7,4347
01.12. 11:30;7,6904
01.12. 11:45;7,9068
01.12. 12:00;8,0543
01.12. 12:15;8,1428
01.12. 12:30;8,1822
01.12. 12:45;8,1822
01.12. 13:00;8,1428
01.12. 13:15;8,074
01.12. 13:30;7,956
01.12. 13:45;7,8085
01.12. 14:00;7,6216
01.12. 14:15;7,4052
01.12. 14:30;7,1889
01.12. 14:45;6,9824
01.12. 15:00;6,8054
01.12. 15:15;6,648
01.12. 15:30;6,5005
01.12. 15:45;6,3431
01.12. 16:00;6,176
01.12. 16:15;6,0481
01.12. 16:30;6,0186
01.12. 16:45;6,1563
01.12. 17:00;6,4808
01.12. 17:15;6,9234
01.12. 17:30;7,3757
01.12. 17:45;7,7199
01.12. 18:00;7,8773
01.12. 18:15;7,9068
01.12. 18:30;7,8871
01.12. 18:45;7,9068
01.12. 19:00;8,0051
01.12. 19:15;8,1723
01.12. 19:30;8,369
01.12. 19:45;8,546
01.12. 20:00;8,664
01.12. 20:15;8,723
01.12. 20:30;8,7132
01.12. 20:45;8,6345
01.12. 21:00;8,4969
01.12. 21:15;8,3002
01.12. 21:30;8,0641
01.12. 21:45;7,8085
01.12. 22:00;7,5429
01.12. 22:15;7,2872
01.12. 22:30;7,0315
01.12. 22:45;6,7955
01.12. 23:00;6,589
01.12. 23:15;6,4218
01.12. 23:30;6,3038
01.12. 23:45;6,2448
02.12. 00:00;7,1791
02.12. 00:15;6,8939
02.12. 00:30;6,5988
02.12. 00:45;6,3431
02.12. 01:00;6,1268
02.12. 01:15;5,9596
02.12. 01:30;5,8219
02.12. 01:45;5,6941
02.12. 02:00;5,5761
02.12. 02:15;5,4679
02.12. 02:30;5,3794
02.12. 02:45;5,3302
02.12. 03:00;5,3204
02.12. 03:15;5,3695
02.12. 03:30;5,4876
02.12. 03:45;5,6941
02.12. 04:00;5,9891
02.12. 04:15;6,3333
02.12. 04:30;6,6873
02.12. 04:45;6,9824
02.12. 05:00;7,1987
02.12. 05:15;7,3462
02.12. 05:30;7,4446
02.12. 05:45;7,5331
02.12. 06:00;7,6413
02.12. 06:15;7,7986
02.12. 06:30;8,0543
02.12. 06:45;8,4575
02.12. 07:00;9,0377
02.12. 07:15;9,8737
02.12. 07:30;11,005
02.12. 07:45;12,499
02.12. 08:00;14,348
02.12. 08:15;16,345
02.12. 08:30;18,213
02.12. 08:45;19,669
02.12. 09:00;20,505
02.12. 09:15;20,859
02.12. 09:30;20,908
02.12. 09:45;20,859
02.12. 10:00;20,868
02.12. 10:15;20,957
02.12. 10:30;21,104
02.12. 10:45;21,321
02.12. 11:00;21,557
02.12. 11:15;21,754
02.12. 11:30;21,832
02.12. 11:45;21,685
02.12. 12:00;21,272
02.12. 12:15;20,632
02.12. 12:30;19,855
02.12. 12:45;19,02
02.12. 13:00;18,193
02.12. 13:15;17,446
02.12. 13:30;16,807
02.12. 13:45;16,354
02.12. 14:00;16,118
02.12. 14:15;16,089
02.12. 14:30;16,236
02.12. 14:45;16,541
02.12. 15:00;16,964
02.12. 15:15;17,436
02.12. 15:30;17,839
02.12. 15:45;18,105
02.12. 16:00;18,144
02.12. 16:15;18,056
02.12. 16:30;17,908
02.12. 16:45;17,83
02.12. 17:00;17,849
02.12. 17:15;17,869
02.12. 17:30;17,702
02.12. 17:45;17,181
02.12. 18:00;16,207
02.12. 18:15;14,899
02.12. 18:30;13,473
02.12. 18:45;12,126
02.12. 19:00;11,024
02.12. 19:15;10,169
02.12. 19:30;9,5688
02.12. 19:45;9,1853
02.12. 20:00;9,0082
02.12. 20:15;8,9591
02.12. 20:30;8,9591
02.12. 20:45;8,9099
02.12. 21:00;8,7722
02.12. 21:15;8,5755
02.12. 21:30;8,3592
02.12. 21:45;8,1822
02.12. 22:00;8,074
02.12. 22:15;8,0346
02.12. 22:30;8,0248
02.12. 22:45;7,9953
02.12. 23:00;7,9265
02.12. 23:15;7,8183
02.12. 23:30;7,6609
02.12. 23:45;7,4446
03.12. 00:00;7,1791
03.12. 00:15;6,8939
03.12. 00:30;6,5988
03.12. 00:45;6,3431
03.12. 01:00;6,1268
03.12. 01:15;5,9596
03.12. 01:30;5,8219
03.12. 01:45;5,6941
03.12. 02:00;5,5761
03.12. 02:15;5,4679
03.12. 02:30;5,3794
03.12. 02:45;5,3302
03.12. 03:00;5,3204
03.12. 03:15;5,3695
03.12. 03:30;5,4876
03.12. 03:45;5,6941
03.12. 04:00;5,9891
03.12. 04:15;6,3333
03.12. 04:30;6,6873
03.12. 04:45;6,9824
03.12. 05:00;7,1987
03.12. 05:15;7,3462
03.12. 05:30;7,4446
03.12. 05:45;7,5331
03.12. 06:00;7,6413
03.12. 06:15;7,7986
03.12. 06:30;8,0543
03.12. 06:45;8,4575
03.12. 07:00;9,0377
03.12. 07:15;9,8737
03.12. 07:30;11,005
03.12. 07:45;12,499
03.12. 08:00;14,348
03.12. 08:15;16,345
03.12. 08:30;18,213
03.12. 08:45;19,669
03.12. 09:00;20,505
03.12. 09:15;20,859
03.12. 09:30;20,908
03.12. 09:45;20,859
03.12. 10:00;20,868
03.12. 10:15;20,957
03.12. 10:30;21,104
03.12. 10:45;21,321
03.12. 11:00;21,557
03.12. 11:15;21,754
03.12. 11:30;21,832
03.12. 11:45;21,685
03.12. 12:00;21,272
03.12. 12:15;20,632
03.12. 12:30;19,855
03.12. 12:45;19,02
03.12. 13:00;18,193
03.12. 13:15;17,446
03.12. 13:30;16,807
03.12. 13:45;16,354
03.12. 14:00;16,118
03.12. 14:15;16,089
03.12. 14:30;16,236
03.12. 14:45;16,541
03.12. 15:00;16,964
03.12. 15:15;17,436
03.12. 15:30;17,839
03.12. 15:45;18,105
03.12. 16:00;18,144
03.12. 16:15;18,056
03.12. 16:30;17,908
03.12. 16:45;17,83
03.12. 17:00;17,849
03.12. 17:15;17,869
03.12. 17:30;17,702
03.12. 17:45;17,181
03.12. 18:00;16,207
03.12. 18:15;14,899
03.12. 18:30;13,473
03.12. 18:45;12,126
03.12. 19:00;11,024
03.12. 19:15;10,169
03.12. 19:30;9,5688
03.12. 19:45;9,1853
03.12. 20:00;9,0082
03.12. 20:15;8,9591
03.12. 20:30;8,9591
03.12. 20:45;8,9099
03.12. 21:00;8,7722
03.12. 21:15;8,5755
03.12. 21:30;8,3592
03.12. 21:45;8,1822
03.12. 22:00;8,074
03.12. 22:15;8,0346
03.12. 22:30;8,0248
03.12. 22:45;7,9953
03.12. 23:00;7,9265
03.12. 23:15;7,8183
03.12. 23:30;7,6609
03.12. 23:45;7,4446
04.12. 00:00;7,1791
04.12. 00:15;6,8939
04.12. 00:30;6,5988
04.12. 00:45;6,3431
04.12. 01:00;6,1268
04.12. 01:15;5,9596
04.12. 01:30;5,8219
04.12. 01:45;5,6941
04.12. 02:00;5,5761
04.12. 02:15;5,4679
04.12. 02:30;5,3794
04.12. 02:45;5,3302
04.12. 03:00;5,3204
04.12. 03:15;5,3695
04.12. 03:30;5,4876
04.12. 03:45;5,6941
04.12. 04:00;5,9891
04.12. 04:15;6,3333
04.12. 04:30;6,6873
04.12. 04:45;6,9824
04.12. 05:00;7,1987
04.12. 05:15;7,3462
04.12. 05:30;7,4446
04.12. 05:45;7,5331
04.12. 06:00;7,6413
04.12. 06:15;7,7986
04.12. 06:30;8,0543
04.12. 06:45;8,4575
04.12. 07:00;9,0377
04.12. 07:15;9,8737
04.12. 07:30;11,005
04.12. 07:45;12,499
04.12. 08:00;14,348
04.12. 08:15;16,345
04.12. 08:30;18,213
04.12. 08:45;19,669
04.12. 09:00;20,505
04.12. 09:15;20,859
04.12. 09:30;20,908
04.12. 09:45;20,859
04.12. 10:00;20,868
04.12. 10:15;20,957
04.12. 10:30;21,104
04.12. 10:45;21,321
04.12. 11:00;21,557
04.12. 11:15;21,754
04.12. 11:30;21,832
04.12. 11:45;21,685
04.12. 12:00;21,272
04.12. 12:15;20,632
04.12. 12:30;19,855
04.12. 12:45;19,02
04.12. 13:00;18,193
04.12. 13:15;17,446
04.12. 13:30;16,807
04.12. 13:45;16,354
04.12. 14:00;16,118
04.12. 14:15;16,089
04.12. 14:30;16,236
04.12. 14:45;16,541
04.12. 15:00;16,964
04.12. 15:15;17,436
04.12. 15:30;17,839
04.12. 15:45;18,105
04.12. 16:00;18,144
04.12. 16:15;18,056
04.12. 16:30;17,908
04.12. 16:45;17,83
04.12. 17:00;17,849
04.12. 17:15;17,869
04.12. 17:30;17,702
04.12. 17:45;17,181
04.12. 18:00;16,207
04.12. 18:15;14,899
04.12. 18:30;13,473
04.12. 18:45;12,126
04.12. 19:00;11,024
04.12. 19:15;10,169
04.12. 19:30;9,5688
04.12. 19:45;9,1853
04.12. 20:00;9,0082
04.12. 20:15;8,9591
04.12. 20:30;8,9591
04.12. 20:45;8,9099
04.12. 21:00;8,7722
04.12. 21:15;8,5755
04.12. 21:30;8,3592
04.12. 21:45;8,1822
04.12. 22:00;8,074
04.12. 22:15;8,0346
04.12. 22:30;8,0248
04.12. 22:45;7,9953
04.12. 23:00;7,9265
04.12. 23:15;7,8183
04.12. 23:30;7,6609
04.12. 23:45;7,4446
05.12. 00:00;7,1791
05.12. 00:15;6,8939
05.12. 00:30;6,5988
05.12. 00:45;6,3431
05.12. 01:00;6,1268
05.12. 01:15;5,9596
05.12. 01:30;5,8219
05.12. 01:45;5,6941
05.12. 02:00;5,5761
05.12. 02:15;5,4679
05.12. 02:30;5,3794
05.12. 02:45;5,3302
05.12. 03:00;5,3204
05.12. 03:15;5,3695
05.12. 03:30;5,4876
05.12. 03:45;5,6941
05.12. 04:00;5,9891
05.12. 04:15;6,3333
05.12. 04:30;6,6873
05.12. 04:45;6,9824
05.12. 05:00;7,1987
05.12. 05:15;7,3462
05.12. 05:30;7,4446
05.12. 05:45;7,5331
05.12. 06:00;7,6413
05.12. 06:15;7,7986
05.12. 06:30;8,0543
05.12. 06:45;8,4575
05.12. 07:00;9,0377
05.12. 07:15;9,8737
05.12. 07:30;11,005
05.12. 07:45;12,499
05.12. 08:00;14,348
05.12. 08:15;16,345
05.12. 08:30;18,213
05.12. 08:45;19,669
05.12. 09:00;20,505
05.12. 09:15;20,859
05.12. 09:30;20,908
05.12. 09:45;20,859
05.12. 10:00;20,868
05.12. 10:15;20,957
05.12. 10:30;21,104
05.12. 10:45;21,321
05.12. 11:00;21,557
05.12. 11:15;21,754
05.12. 11:30;21,832
05.12. 11:45;21,685
05.12. 12:00;21,272
05.12. 12:15;20,632
05.12. 12:30;19,855
05.12. 12:45;19,02
05.12. 13:00;18,193
05.12. 13:15;17,446
05.12. 13:30;16,807
05.12. 13:45;16,354
05.12. 14:00;16,118
05.12. 14:15;16,089
05.12. 14:30;16,236
05.12. 14:45;16,541
05.12. 15:00;16,964
05.12. 15:15;17,436
05.12. 15:30;17,839
05.12. 15:45;18,105
05.12. 16:00;18,144
05.12. 16:15;18,056
05.12. 16:30;17,908
05.12. 16:45;17,83
05.12. 17:00;17,849
05.12. 17:15;17,869
05.12. 17:30;17,702
05.12. 17:45;17,181
05.12. 18:00;16,207
05.12. 18:15;14,899
05.12. 18:30;13,473
05.12. 18:45;12,126
05.12. 19:00;11,024
05.12. 19:15;10,169
05.12. 19:30;9,5688
05.12. 19:45;9,1853
05.12. 20:00;9,0082
05.12. 20:15;8,9591
05.12. 20:30;8,9591
05.12. 20:45;8,9099
05.12. 21:00;8,7722
05.12. 21:15;8,5755
05.12. 21:30;8,3592
05.12. 21:45;8,1822
05.12. 22:00;8,074
05.12. 22:15;8,0346
05.12. 22:30;8,0248
05.12. 22:45;7,9953
05.12. 23:00;7,9265
05.12. 23:15;7,8183
05.12. 23:30;7,6609
05.12. 23:45;7,4446
06.12. 00:00;7,1791
06.12. 00:15;6,8939
06.12. 00:30;6,5988
06.12. 00:45;6,3431
06.12. 01:00;6,1268
06.12. 01:15;5,9596
06.12. 01:30;5,8219
06.12. 01:45;5,6941
06.12. 02:00;5,5761
06.12. 02:15;5,4679
06.12. 02:30;5,3794
06.12. 02:45;5,3302
06.12. 03:00;5,3204
06.12. 03:15;5,3695
06.12. 03:30;5,4876
06.12. 03:45;5,6941
06.12. 04:00;5,9891
06.12. 04:15;6,3333
06.12. 04:30;6,6873
06.12. 04:45;6,9824
06.12. 05:00;7,1987
06.12. 05:15;7,3462
06.12. 05:30;7,4446
06.12. 05:45;7,5331
06.12. 06:00;7,6413
06.12. 06:15;7,7986
06.12. 06:30;8,0543
06.12. 06:45;8,4575
06.12. 07:00;9,0377
06.12. 07:15;9,8737
06.12. 07:30;11,005
06.12. 07:45;12,499
06.12. 08:00;14,348
06.12. 08:15;16,345
06.12. 08:30;18,213
06.12. 08:45;19,669
06.12. 09:00;20,505
06.12. 09:15;20,859
06.12. 09:30;20,908
06.12. 09:45;20,859
06.12. 10:00;20,868
06.12. 10:15;20,957
06.12. 10:30;21,104
06.12. 10:45;21,321
06.12. 11:00;21,557
06.12. 11:15;21,754
06.12. 11:30;21,832
06.12. 11:45;21,685
06.12. 12:00;21,272
06.12. 12:15;20,632
06.12. 12:30;19,855
06.12. 12:45;19,02
06.12. 13:00;18,193
06.12. 13:15;17,446
06.12. 13:30;16,807
06.12. 13:45;16,354
06.12. 14:00;16,118
06.12. 14:15;16,089
06.12. 14:30;16,236
06.12. 14:45;16,541
06.12. 15:00;16,964
06.12. 15:15;17,436
06.12. 15:30;17,839
06.12. 15:45;18,105
06.12. 16:00;18,144
06.12. 16:15;18,056
06.12. 16:30;17,908
06.12. 16:45;17,83
06.12. 17:00;17,849
06.12. 17:15;17,869
06.12. 17:30;17,702
06.12. 17:45;17,181
06.12. 18:00;16,207
06.12. 18:15;14,899
06.12. 18:30;13,473
06.12. 18:45;12,126
06.12. 19:00;11,024
06.12. 19:15;10,169
06.12. 19:30;9,5688
06.12. 19:45;9,1853
06.12. 20:00;9,0082
06.12. 20:15;8,9591
06.12. 20:30;8,9591
06.12. 20:45;8,9099
06.12. 21:00;8,7722
06.12. 21:15;8,5755
06.12. 21:30;8,3592
06.12. 21:45;8,1822
06.12. 22:00;8,074
06.12. 22:15;8,0346
06.12. 22:30;8,0248
06.12. 22:45;7,9953
06.12. 23:00;7,9265
06.12. 23:15;7,8183
06.12. 23:30;7,6609
06.12. 23:45;7,4446
07.12. 00:00;7,4544
07.12. 00:15;7,5429
07.12. 00:30;7,6413
07.12. 00:45;7,7199
07.12. 01:00;7,7199
07.12. 01:15;7,6511
07.12. 01:30;7,5331
07.12. 01:45;7,3462
07.12. 02:00;7,1397
07.12. 02:15;6,9234
07.12. 02:30;6,7365
07.12. 02:45;6,6185
07.12. 03:00;6,589
07.12. 03:15;6,6382
07.12. 03:30;6,7168
07.12. 03:45;6,7955
07.12. 04:00;6,8545
07.12. 04:15;6,8939
07.12. 04:30;6,9332
07.12. 04:45;6,9824
07.12. 05:00;7,061
07.12. 05:15;7,1299
07.12. 05:30;7,1791
07.12. 05:45;7,1692
07.12. 06:00;7,1004
07.12. 06:15;7,1004
07.12. 06:30;7,3167
07.12. 06:45;7,9068
07.12. 07:00;8,9492
07.12. 07:15;10,346
07.12. 07:30;11,919
07.12. 07:45;13,512
07.12. 08:00;14,958
07.12. 08:15;16,217
07.12. 08:30;17,22
07.12. 08:45;17,918
07.12. 09:00;18,302
07.12. 09:15;18,439
07.12. 09:30;18,459
07.12. 09:45;18,469
07.12. 10:00;18,557
07.12. 10:15;18,695
07.12. 10:30;18,872
07.12. 10:45;19,02
07.12. 11:00;19,128
07.12. 11:15;19,187
07.12. 11:30;19,206
07.12. 11:45;19,206
07.12. 12:00;19,167
07.12. 12:15;19,069
07.12. 12:30;18,852
07.12. 12:45;18,469
07.12. 13:00;17,889
07.12. 13:15;17,122
07.12. 13:30;16,207
07.12. 13:45;15,165
07.12. 14:00;14,024
07.12. 14:15;12,873
07.12. 14:30;11,782
07.12. 14:45;10,847
07.12. 15:00;10,1
07.12. 15:15;9,5295
07.12. 15:30;9,0574
07.12. 15:45;8,6345
07.12. 16:00;8,2215
07.12. 16:15;7,838
07.12. 16:30;7,5626
07.12. 16:45;7,4446
07.12. 17:00;7,5233
07.12. 17:15;7,7298
07.12. 17:30;7,9756
07.12. 17:45;8,1822
07.12. 18:00;8,2707
07.12. 18:15;8,2903
07.12. 18:30;8,2707
07.12. 18:45;8,2707
07.12. 19:00;8,3297
07.12. 19:15;8,4378
07.12. 19:30;8,5854
07.12. 19:45;8,7329
07.12. 20:00;8,8607
07.12. 20:15;8,9689
07.12. 20:30;9,0181
07.12. 20:45;9,0082
07.12. 21:00;8,9099
07.12. 21:15;8,7525
07.12. 21:30;8,5657
07.12. 21:45;8,3592
07.12. 22:00;8,1723
07.12. 22:15;7,9855
07.12. 22:30;7,8085
07.12. 22:45;7,6314
07.12. 23:00;7,4446
07.12. 23:15;7,2577
07.12. 23:30;7,0709
07.12. 23:45;6,8939
08.12. 00:00;6,7168
08.12. 00:15;6,5398
08.12. 00:30;6,353
08.12. 00:45;6,1563
08.12. 01:00;5,9301
08.12. 01:15;5,6941
08.12. 01:30;5,458
08.12. 01:45;5,2417
08.12. 02:00;5,0352
08.12. 02:15;4,868
08.12. 02:30;4,7205
08.12. 02:45;4,5926
08.12. 03:00;4,4943
08.12. 03:15;4,4156
08.12. 03:30;4,3566
08.12. 03:45;4,3173
08.12. 04:00;4,2878
08.12. 04:15;4,2779
08.12. 04:30;4,2878
08.12. 04:45;4,3173
08.12. 05:00;4,3763
08.12. 05:15;4,4353
08.12. 05:30;4,4845
08.12. 05:45;4,5041
08.12. 06:00;4,4845
08.12. 06:15;4,4549
08.12. 06:30;4,4451
08.12. 06:45;4,5041
08.12. 07:00;4,6418
08.12. 07:15;4,8287
08.12. 07:30;5,0155
08.12. 07:45;5,1434
08.12. 08:00;5,1925
08.12. 08:15;5,2024
08.12. 08:30;5,222
08.12. 08:45;5,3302
08.12. 09:00;5,5466
08.12. 09:15;5,8514
08.12. 09:30;6,1661
08.12. 09:45;6,4316
08.12. 10:00;6,6087
08.12. 10:15;6,7365
08.12. 10:30;6,8447
08.12. 10:45;6,9824
08.12. 11:00;7,1889
08.12. 11:15;7,4347
08.12. 11:30;7,6904
08.12. 11:45;7,9068
08.12. 12:00;8,0543
08.12. 12:15;8,1428
08.12. 12:30;8,1822
08.12. 12:45;8,1822
08.12. 13:00;8,1428
08.12. 13:15;8,074
08.12. 13:30;7,956
08.12. 13:45;7,8085
08.12. 14:00;7,6216
08.12. 14:15;7,4052
08.12. 14:30;7,1889
08.12. 14:45;6,9824
08.12. 15:00;6,8054
08.12. 15:15;6,648
08.12. 15:30;6,5005
08.12. 15:45;6,3431
08.12. 16:00;6,176
08.12. 16:15;6,0481
08.12. 16:30;6,0186
08.12. 16:45;6,1563
08.12. 17:00;6,4808
08.12. 17:15;6,9234
08.12. 17:30;7,3757
08.12. 17:45;7,7199
08.12. 18:00;7,8773
08.12. 18:15;7,9068
08.12. 18:30;7,8871
08.12. 18:45;7,9068
08.12. 19:00;8,0051
08.12. 19:15;8,1723
08.12. 19:30;8,369
08.12. 19:45;8,546
08.12. 20:00;8,664
08.12. 20:15;8,723
08.12. 20:30;8,7132
08.12. 20:45;8,6345
08.12. 21:00;8,4969
08.12. 21:15;8,3002
08.12. 21:30;8,0641
08.12. 21:45;7,8085
08.12. 22:00;7,5429
08.12. 22:15;7,2872
08.12. 22:30;7,0315
08.12. 22:45;6,7955
08.12. 23:00;6,589
08.12. 23:15;6,4218
08.12. 23:30;6,3038
08.12. 23:45;6,2448
09.12. 00:00;7,1791
09.12. 00:15;6,8939
09.12. 00:30;6,5988
09.12. 00:45;6,3431
09.12. 01:00;6,1268
09.12. 01:15;5,9596
09.12. 01:30;5,8219
09.12. 01:45;5,6941
09.12. 02:00;5,5761
09.12. 02:15;5,4679
09.12. 02:30;5,3794
09.12. 02:45;5,3302
09.12. 03:00;5,3204
09.12. 03:15;5,3695
09.12. 03:30;5,4876
09.12. 03:45;5,6941
09.12. 04:00;5,9891
09.12. 04:15;6,3333
09.12. 04:30;6,6873
09.12. 04:45;6,9824
09.12. 05:00;7,1987
09.12. 05:15;7,3462
09.12. 05:30;7,4446
09.12. 05:45;7,5331
09.12. 06:00;7,6413
09.12. 06:15;7,7986
09.12. 06:30;8,0543
09.12. 06:45;8,4575
09.12. 07:00;9,0377
09.12. 07:15;9,8737
09.12. 07:30;11,005
09.12. 07:45;12,499
09.12. 08:00;14,348
09.12. 08:15;16,345
09.12. 08:30;18,213
09.12. 08:45;19,669
09.12. 09:00;20,505
09.12. 09:15;20,859
09.12. 09:30;20,908
09.12. 09:45;20,859
09.12. 10:00;20,868
09.12. 10:15;20,957
09.12. 10:30;21,104
09.12. 10:45;21,321
09.12. 11:00;21,557
09.12. 11:15;21,754
09.12. 11:30;21,832
09.12. 11:45;21,685
09.12. 12:00;21,272
09.12. 12:15;20,632
09.12. 12:30;19,855
09.12. 12:45;19,02
09.12. 13:00;18,193
09.12. 13:15;17,446
09.12. 13:30;16,807
09.12. 13:45;16,354
09.12. 14:00;16,118
09.12. 14:15;16,089
09.12. 14:30;16,236
09.12. 14:45;16,541
09.12. 15:00;16,964
09.12. 15:15;17,436
09.12. 15:30;17,839
09.12. 15:45;18,105
09.12. 16:00;18,144
09.12. 16:15;18,056
09.12. 16:30;17,908
09.12. 16:45;17,83
09.12. 17:00;17,849
09.12. 17:15;17,869
09.12. 17:30;17,702
09.12. 17:45;17,181
09.12. 18:00;16,207
09.12. 18:15;14,899
09.12. 18:30;13,473
09.12. 18:45;12,126
09.12. 19:00;11,024
09.12. 19:15;10,169
09.12. 19:30;9,5688
09.12. 19:45;9,1853
09.12. 20:00;9,0082
09.12. 20:15;8,9591
09.12. 20:30;8,9591
09.12. 20:45;8,9099
09.12. 21:00;8,7722
09.12. 21:15;8,5755
09.12. 21:30;8,3592
09.12. 21:45;8,1822
09.12. 22:00;8,074
09.12. 22:15;8,0346
09.12. 22:30;8,0248
09.12. 22:45;7,9953
09.12. 23:00;7,9265
09.12. 23:15;7,8183
09.12. 23:30;7,6609
09.12. 23:45;7,4446
10.12. 00:00;7,1791
10.12. 00:15;6,8939
10.12. 00:30;6,5988
10.12. 00:45;6,3431
10.12. 01:00;6,1268
10.12. 01:15;5,9596
10.12. 01:30;5,8219
10.12. 01:45;5,6941
10.12. 02:00;5,5761
10.12. 02:15;5,4679
10.12. 02:30;5,3794
10.12. 02:45;5,3302
10.12. 03:00;5,3204
10.12. 03:15;5,3695
10.12. 03:30;5,4876
10.12. 03:45;5,6941
10.12. 04:00;5,9891
10.12. 04:15;6,3333
10.12. 04:30;6,6873
10.12. 04:45;6,9824
10.12. 05:00;7,1987
10.12. 05:15;7,3462
10.12. 05:30;7,4446
10.12. 05:45;7,5331
10.12. 06:00;7,6413
10.12. 06:15;7,7986
10.12. 06:30;8,0543
10.12. 06:45;8,4575
10.12. 07:00;9,0377
10.12. 07:15;9,8737
10.12. 07:30;11,005
10.12. 07:45;12,499
10.12. 08:00;14,348
10.12. 08:15;16,345
10.12. 08:30;18,213
10.12. 08:45;19,669
10.12. 09:00;20,505
10.12. 09:15;20,859
10.12. 09:30;20,908
10.12. 09:45;20,859
10.12. 10:00;20,868
10.12. 10:15;20,957
10.12. 10:30;21,104
10.12. 10:45;21,321
10.12. 11:00;21,557
10.12. 11:15;21,754
10.12. 11:30;21,832
10.12. 11:45;21,685
10.12. 12:00;21,272
10.12. 12:15;20,632
10.12. 12:30;19,855
10.12. 12:45;19,02
10.12. 13:00;18,193
10.12. 13:15;17,446
10.12. 13:30;16,807
10.12. 13:45;16,354
10.12. 14:00;16,118
10.12. 14:15;16,089
10.12. 14:30;16,236
10.12. 14:45;16,541
10.12. 15:00;16,964
10.12. 15:15;17,436
10.12. 15:30;17,839
10.12. 15:45;18,105
10.12. 16:00;18,144
10.12. 16:15;18,056
10.12. 16:30;17,908
10.12. 16:45;17,83
10.12. 17:00;17,849
10.12. 17:15;17,869
10.12. 17:30;17,702
10.12. 17:45;17,181
10.12. 18:00;16,207
10.12. 18:15;14,899
10.12. 18:30;13,473
10.12. 18:45;12,126
10.12. 19:00;11,024
10.12. 19:15;10,169
10.12. 19:30;9,5688
10.12. 19:45;9,1853
10.12. 20:00;9,0082
10.12. 20:15;8,9591
10.12. 20:30;8,9591
10.12. 20:45;8,9099
10.12. 21:00;8,7722
10.12. 21:15;8,5755
10.12. 21:30;8,3592
10.12. 21:45;8,1822
10.12. 22:00;8,074
10.12. 22:15;8,0346
10.12. 22:30;8,0248
10.12. 22:45;7,9953
10.12. 23:00;7,9265
10.12. 23:15;7,8183
10.12. 23:30;7,6609
10.12. 23:45;7,4446
11.12. 00:00;7,1791
11.12. 00:15;6,8939
11.12. 00:30;6,5988
11.12. 00:45;6,3431
11.12. 01:00;6,1268
11.12. 01:15;5,9596
11.12. 01:30;5,8219
11.12. 01:45;5,6941
11.12. 02:00;5,5761
11.12. 02:15;5,4679
11.12. 02:30;5,3794
11.12. 02:45;5,3302
11.12. 03:00;5,3204
11.12. 03:15;5,3695
11.12. 03:30;5,4876
11.12. 03:45;5,6941
11.12. 04:00;5,9891
11.12. 04:15;6,3333
11.12. 04:30;6,6873
11.12. 04:45;6,9824
11.12. 05:00;7,1987
11.12. 05:15;7,3462
11.12. 05:30;7,4446
11.12. 05:45;7,5331
11.12. 06:00;7,6413
11.12. 06:15;7,7986
11.12. 06:30;8,0543
11.12. 06:45;8,4575
11.12. 07:00;9,0377
11.12. 07:15;9,8737
11.12. 07:30;11,005
11.12. 07:45;12,499
11.12. 08:00;14,348
11.12. 08:15;16,345
11.12. 08:30;18,213
11.12. 08:45;19,669
11.12. 09:00;20,505
11.12. 09:15;20,859
11.12. 09:30;20,908
11.12. 09:45;20,859
11.12. 10:00;20,868
11.12. 10:15;20,957
11.12. 10:30;21,104
11.12. 10:45;21,321
11.12. 11:00;21,557
11.12. 11:15;21,754
11.12. 11:30;21,832
11.12. 11:45;21,685
11.12. 12:00;21,272
11.12. 12:15;20,632
11.12. 12:30;19,855
11.12. 12:45;19,02
11.12. 13:00;18,193
11.12. 13:15;17,446
11.12. 13:30;16,807
11.12. 13:45;16,354
11.12. 14:00;16,118
11.12. 14:15;16,089
11.12. 14:30;16,236
11.12. 14:45;16,541
11.12. 15:00;16,964
11.12. 15:15;17,436
11.12. 15:30;17,839
11.12. 15:45;18,105
11.12. 16:00;18,144
11.12. 16:15;18,056
11.12. 16:30;17,908
11.12. 16:45;17,83
11.12. 17:00;17,849
11.12. 17:15;17,869
11.12. 17:30;17,702
11.12. 17:45;17,181
11.12. 18:00;16,207
11.12. 18:15;14,899
11.12. 18:30;13,473
11.12. 18:45;12,126
11.12. 19:00;11,024
11.12. 19:15;10,169
11.12. 19:30;9,5688
11.12. 19:45;9,1853
11.12. 20:00;9,0082
11.12. 20:15;8,9591
11.12. 20:30;8,9591
11.12. 20:45;8,9099
11.12. 21:00;8,7722
11.12. 21:15;8,5755
11.12. 21:30;8,3592
11.12. 21:45;8,1822
11.12. 22:00;8,074
11.12. 22:15;8,0346
11.12. 22:30;8,0248
11.12. 22:45;7,9953
11.12. 23:00;7,9265
11.12. 23:15;7,8183
11.12. 23:30;7,6609
11.12. 23:45;7,4446
12.12. 00:00;7,1791
12.12. 00:15;6,8939
12.12. 00:30;6,5988
12.12. 00:45;6,3431
12.12. 01:00;6,1268
12.12. 01:15;5,9596
12.12. 01:30;5,8219
12.12. 01:45;5,6941
12.12. 02:00;5,5761
12.12. 02:15;5,4679
12.12. 02:30;5,3794
12.12. 02:45;5,3302
12.12. 03:00;5,3204
12.12. 03:15;5,3695
12.12. 03:30;5,4876
12.12. 03:45;5,6941
12.12. 04:00;5,9891
12.12. 04:15;6,3333
12.12. 04:30;6,6873
12.12. 04:45;6,9824
12.12. 05:00;7,1987
12.12. 05:15;7,3462
12.12. 05:30;7,4446
12.12. 05:45;7,5331
12.12. 06:00;7,6413
12.12. 06:15;7,7986
12.12. 06:30;8,0543
12.12. 06:45;8,4575
12.12. 07:00;9,0377
12.12. 07:15;9,8737
12.12. 07:30;11,005
12.12. 07:45;12,499
12.12. 08:00;14,348
12.12. 08:15;16,345
12.12. 08:30;18,213
12.12. 08:45;19,669
12.12. 09:00;20,505
12.12. 09:15;20,859
12.12. 09:30;20,908
12.12. 09:45;20,859
12.12. 10:00;20,868
12.12. 10:15;20,957
12.12. 10:30;21,104
12.12. 10:45;21,321
12.12. 11:00;21,557
12.12. 11:15;21,754
12.12. 11:30;21,832
12.12. 11:45;21,685
12.12. 12:00;21,272
12.12. 12:15;20,632
12.12. 12:30;19,855
12.12. 12:45;19,02
12.12. 13:00;18,193
12.12. 13:15;17,446
12.12. 13:30;16,807
12.12. 13:45;16,354
12.12. 14:00;16,118
12.12. 14:15;16,089
12.12. 14:30;16,236
12.12. 14:45;16,541
12.12. 15:00;16,964
12.12. 15:15;17,436
12.12. 15:30;17,839
12.12. 15:45;18,105
12.12. 16:00;18,144
12.12. 16:15;18,056
12.12. 16:30;17,908
12.12. 16:45;17,83
12.12. 17:00;17,849
12.12. 17:15;17,869
12.12. 17:30;17,702
12.12. 17:45;17,181
12.12. 18:00;16,207
12.12. 18:15;14,899
12.12. 18:30;13,473
12.12. 18:45;12,126
12.12. 19:00;11,024
12.12. 19:15;10,169
12.12. 19:30;9,5688
12.12. 19:45;9,1853
12.12. 20:00;9,0082
12.12. 20:15;8,9591
12.12. 20:30;8,9591
12.12. 20:45;8,9099
12.12. 21:00;8,7722
12.12. 21:15;8,5755
12.12. 21:30;8,3592
12.12. 21:45;8,1822
12.12. 22:00;8,074
12.12. 22:15;8,0346
12.12. 22:30;8,0248
12.12. 22:45;7,9953
12.12. 23:00;7,9265
12.12. 23:15;7,8183
12.12. 23:30;7,6609
12.12. 23:45;7,4446
13.12. 00:00;7,1791
13.12. 00:15;6,8939
13.12. 00:30;6,5988
13.12. 00:45;6,3431
13.12. 01:00;6,1268
13.12. 01:15;5,9596
13.12. 01:30;5,8219
13.12. 01:45;5,6941
13.12. 02:00;5,5761
13.12. 02:15;5,4679
13.12. 02:30;5,3794
13.12. 02:45;5,3302
13.12. 03:00;5,3204
13.12. 03:15;5,3695
13.12. 03:30;5,4876
13.12. 03:45;5,6941
13.12. 04:00;5,9891
13.12. 04:15;6,3333
13.12. 04:30;6,6873
13.12. 04:45;6,9824
13.12. 05:00;7,1987
13.12. 05:15;7,3462
13.12. 05:30;7,4446
13.12. 05:45;7,5331
13.12. 06:00;7,6413
13.12. 06:15;7,7986
13.12. 06:30;8,0543
13.12. 06:45;8,4575
13.12. 07:00;9,0377
13.12. 07:15;9,8737
13.12. 07:30;11,005
13.12. 07:45;12,499
13.12. 08:00;14,348
13.12. 08:15;16,345
13.12. 08:30;18,213
13.12. 08:45;19,669
13.12. 09:00;20,505
13.12. 09:15;20,859
13.12. 09:30;20,908
13.12. 09:45;20,859
13.12. 10:00;20,868
13.12. 10:15;20,957
13.12. 10:30;21,104
13.12. 10:45;21,321
13.12. 11:00;21,557
13.12. 11:15;21,754
13.12. 11:30;21,832
13.12. 11:45;21,685
13.12. 12:00;21,272
13.12. 12:15;20,632
13.12. 12:30;19,855
13.12. 12:45;19,02
13.12. 13:00;18,193
13.12. 13:15;17,446
13.12. 13:30;16,807
13.12. 13:45;16,354
13.12. 14:00;16,118
13.12. 14:15;16,089
13.12. 14:30;16,236
13.12. 14:45;16,541
13.12. 15:00;16,964
13.12. 15:15;17,436
13.12. 15:30;17,839
13.12. 15:45;18,105
13.12. 16:00;18,144
13.12. 16:15;18,056
13.12. 16:30;17,908
13.12. 16:45;17,83
13.12. 17:00;17,849
13.12. 17:15;17,869
13.12. 17:30;17,702
13.12. 17:45;17,181
13.12. 18:00;16,207
13.12. 18:15;14,899
13.12. 18:30;13,473
13.12. 18:45;12,126
13.12. 19:00;11,024
13.12. 19:15;10,169
13.12. 19:30;9,5688
13.12. 19:45;9,1853
13.12. 20:00;9,0082
13.12. 20:15;8,9591
13.12. 20:30;8,9591
13.12. 20:45;8,9099
13.12. 21:00;8,7722
13.12. 21:15;8,5755
13.12. 21:30;8,3592
13.12. 21:45;8,1822
13.12. 22:00;8,074
13.12. 22:15;8,0346
13.12. 22:30;8,0248
13.12. 22:45;7,9953
13.12. 23:00;7,9265
13.12. 23:15;7,8183
13.12. 23:30;7,6609
13.12. 23:45;7,4446
14.12. 00:00;7,4544
14.12. 00:15;7,5429
14.12. 00:30;7,6413
14.12. 00:45;7,7199
14.12. 01:00;7,7199
14.12. 01:15;7,6511
14.12. 01:30;7,5331
14.12. 01:45;7,3462
14.12. 02:00;7,1397
14.12. 02:15;6,9234
14.12. 02:30;6,7365
14.12. 02:45;6,6185
14.12. 03:00;6,589
14.12. 03:15;6,6382
14.12. 03:30;6,7168
14.12. 03:45;6,7955
14.12. 04:00;6,8545
14.12. 04:15;6,8939
14.12. 04:30;6,9332
14.12. 04:45;6,9824
14.12. 05:00;7,061
14.12. 05:15;7,1299
14.12. 05:30;7,1791
14.12. 05:45;7,1692
14.12. 06:00;7,1004
14.12. 06:15;7,1004
14.12. 06:30;7,3167
14.12. 06:45;7,9068
14.12. 07:00;8,9492
14.12. 07:15;10,346
14.12. 07:30;11,919
14.12. 07:45;13,512
14.12. 08:00;14,958
14.12. 08:15;16,217
14.12. 08:30;17,22
14.12. 08:45;17,918
14.12. 09:00;18,302
14.12. 09:15;18,439
14.12. 09:30;18,459
14.12. 09:45;18,469
14.12. 10:00;18,557
14.12. 10:15;18,695
14.12. 10:30;18,872
14.12. 10:45;19,02
14.12. 11:00;19,128
14.12. 11:15;19,187
14.12. 11:30;19,206
14.12. 11:45;19,206
14.12. 12:00;19,167
14.12. 12:15;19,069
14.12. 12:30;18,852
14.12. 12:45;18,469
14.12. 13:00;17,889
14.12. 13:15;17,122
14.12. 13:30;16,207
14.12. 13:45;15,165
14.12. 14:00;14,024
14.12. 14:15;12,873
14.12. 14:30;11,782
14.12. 14:45;10,847
14.12. 15:00;10,1
14.12. 15:15;9,5295
14.12. 15:30;9,0574
14.12. 15:45;8,6345
14.12. 16:00;8,2215
14.12. 16:15;7,838
14.12. 16:30;7,5626
14.12. 16:45;7,4446
14.12. 17:00;7,5233
14.12. 17:15;7,7298
14.12. 17:30;7,9756
14.12. 17:45;8,1822
14.12. 18:00;8,2707
14.12. 18:15;8,2903
14.12. 18:30;8,2707
14.12. 18:45;8,2707
14.12. 19:00;8,3297
14.12. 19:15;8,4378
14.12. 19:30;8,5854
14.12. 19:45;8,7329
14.12. 20:00;8,8607
14.12. 20:15;8,9689
14.12. 20:30;9,0181
14.12. 20:45;9,0082
14.12. 21:00;8,9099
14.12. 21:15;8,7525
14.12. 21:30;8,5657
14.12. 21:45;8,3592
14.12. 22:00;8,1723
14.12. 22:15;7,9855
14.12. 22:30;7,8085
14.12. 22:45;7,6314
14.12. 23:00;7,4446
14.12. 23:15;7,2577
14.12. 23:30;7,0709
14.12. 23:45;6,8939
15.12. 00:00;6,7168
15.12. 00:15;6,5398
15.12. 00:30;6,353
15.12. 00:45;6,1563
15.12. 01:00;5,9301
15.12. 01:15;5,6941
15.12. 01:30;5,458
15.12. 01:45;5,2417
15.12. 02:00;5,0352
15.12. 02:15;4,868
15.12. 02:30;4,7205
15.12. 02:45;4,5926
15.12. 03:00;4,4943
15.12. 03:15;4,4156
15.12. 03:30;4,3566
15.12. 03:45;4,3173
15.12. 04:00;4,2878
15.12. 04:15;4,2779
15.12. 04:30;4,2878
15.12. 04:45;4,3173
15.12. 05:00;4,3763
15.12. 05:15;4,4353
15.12. 05:30;4,4845
15.12. 05:45;4,5041
15.12. 06:00;4,4845
15.12. 06:15;4,4549
15.12. 06:30;4,4451
15.12. 06:45;4,5041
15.12. 07:00;4,6418
15.12. 07:15;4,8287
15.12. 07:30;5,0155
15.12. 07:45;5,1434
15.12. 08:00;5,1925
15.12. 08:15;5,2024
15.12. 08:30;5,222
15.12. 08:45;5,3302
15.12. 09:00;5,5466
15.12. 09:15;5,8514
15.12. 09:30;6,1661
15.12. 09:45;6,4316
15.12. 10:00;6,6087
15.12. 10:15;6,7365
15.12. 10:30;6,8447
15.12. 10:45;6,9824
15.12. 11:00;7,1889
15.12. 11:15;7,4347
15.12. 11:30;7,6904
15.12. 11:45;7,9068
15.12. 12:00;8,0543
15.12. 12:15;8,1428
15.12. 12:30;8,1822
15.12. 12:45;8,1822
15.12. 13:00;8,1428
15.12. 13:15;8,074
15.12. 13:30;7,956
15.12. 13:45;7,8085
15.12. 14:00;7,6216
15.12. 14:15;7,4052
15.12. 14:30;7,1889
15.12. 14:45;6,9824
15.12. 15:00;6,8054
15.12. 15:15;6,648
15.12. 15:30;6,5005
15.12. 15:45;6,3431
15.12. 16:00;6,176
15.12. 16:15;6,0481
15.12. 16:30;6,0186
15.12. 16:45;6,1563
15.12. 17:00;6,4808
15.12. 17:15;6,9234
15.12. 17:30;7,3757
15.12. 17:45;7,7199
15.12. 18:00;7,8773
15.12. 18:15;7,9068
15.12. 18:30;7,8871
15.12. 18:45;7,9068
15.12. 19:00;8,0051
15.12. 19:15;8,1723
15.12. 19:30;8,369
15.12. 19:45;8,546
15.12. 20:00;8,664
15.12. 20:15;8,723
15.12. 20:30;8,7132
15.12. 20:45;8,6345
15.12. 21:00;8,4969
15.12. 21:15;8,3002
15.12. 21:30;8,0641
15.12. 21:45;7,8085
15.12. 22:00;7,5429
15.12. 22:15;7,2872
15.12. 22:30;7,0315
15.12. 22:45;6,7955
15.12. 23:00;6,589
15.12. 23:15;6,4218
15.12. 23:30;6,3038
15.12. 23:45;6,2448
16.12. 00:00;7,1791
16.12. 00:15;6,8939
16.12. 00:30;6,5988
16.12. 00:45;6,3431
16.12. 01:00;6,1268
16.12. 01:15;5,9596
16.12. 01:30;5,8219
16.12. 01:45;5,6941
16.12. 02:00;5,5761
16.12. 02:15;5,4679
16.12. 02:30;5,3794
16.12. 02:45;5,3302
16.12. 03:00;5,3204
16.12. 03:15;5,3695
16.12. 03:30;5,4876
16.12. 03:45;5,6941
16.12. 04:00;5,9891
16.12. 04:15;6,3333
16.12. 04:30;6,6873
16.12. 04:45;6,9824
16.12. 05:00;7,1987
16.12. 05:15;7,3462
16.12. 05:30;7,4446
16.12. 05:45;7,5331
16.12. 06:00;7,6413
16.12. 06:15;7,7986
16.12. 06:30;8,0543
16.12. 06:45;8,4575
16.12. 07:00;9,0377
16.12. 07:15;9,8737
16.12. 07:30;11,005
16.12. 07:45;12,499
16.12. 08:00;14,348
16.12. 08:15;16,345
16.12. 08:30;18,213
16.12. 08:45;19,669
16.12. 09:00;20,505
16.12. 09:15;20,859
16.12. 09:30;20,908
16.12. 09:45;20,859
16.12. 10:00;20,868
16.12. 10:15;20,957
16.12. 10:30;21,104
16.12. 10:45;21,321
16.12. 11:00;21,557
16.12. 11:15;21,754
16.12. 11:30;21,832
16.12. 11:45;21,685
16.12. 12:00;21,272
16.12. 12:15;20,632
16.12. 12:30;19,855
16.12. 12:45;19,02
16.12. 13:00;18,193
16.12. 13:15;17,446
16.12. 13:30;16,807
16.12. 13:45;16,354
16.12. 14:00;16,118
16.12. 14:15;16,089
16.12. 14:30;16,236
16.12. 14:45;16,541
16.12. 15:00;16,964
16.12. 15:15;17,436
16.12. 15:30;17,839
16.12. 15:45;18,105
16.12. 16:00;18,144
16.12. 16:15;18,056
16.12. 16:30;17,908
16.12. 16:45;17,83
16.12. 17:00;17,849
16.12. 17:15;17,869
16.12. 17:30;17,702
16.12. 17:45;17,181
16.12. 18:00;16,207
16.12. 18:15;14,899
16.12. 18:30;13,473
16.12. 18:45;12,126
16.12. 19:00;11,024
16.12. 19:15;10,169
16.12. 19:30;9,5688
16.12. 19:45;9,1853
16.12. 20:00;9,0082
16.12. 20:15;8,9591
16.12. 20:30;8,9591
16.12. 20:45;8,9099
16.12. 21:00;8,7722
16.12. 21:15;8,5755
16.12. 21:30;8,3592
16.12. 21:45;8,1822
16.12. 22:00;8,074
16.12. 22:15;8,0346
16.12. 22:30;8,0248
16.12. 22:45;7,9953
16.12. 23:00;7,9265
16.12. 23:15;7,8183
16.12. 23:30;7,6609
16.12. 23:45;7,4446
17.12. 00:00;7,1791
17.12. 00:15;6,8939
17.12. 00:30;6,5988
17.12. 00:45;6,3431
17.12. 01:00;6,1268
17.12. 01:15;5,9596
17.12. 01:30;5,8219
17.12. 01:45;5,6941
17.12. 02:00;5,5761
17.12. 02:15;5,4679
17.12. 02:30;5,3794
17.12. 02:45;5,3302
17.12. 03:00;5,3204
17.12. 03:15;5,3695
17.12. 03:30;5,4876
17.12. 03:45;5,6941
17.12. 04:00;5,9891
17.12. 04:15;6,3333
17.12. 04:30;6,6873
17.12. 04:45;6,9824
17.12. 05:00;7,1987
17.12. 05:15;7,3462
17.12. 05:30;7,4446
17.12. 05:45;7,5331
17.12. 06:00;7,6413
17.12. 06:15;7,7986
17.12. 06:30;8,0543
17.12. 06:45;8,4575
17.12. 07:00;9,0377
17.12. 07:15;9,8737
17.12. 07:30;11,005
17.12. 07:45;12,499
17.12. 08:00;14,348
17.12. 08:15;16,345
17.12. 08:30;18,213
17.12. 08:45;19,669
17.12. 09:00;20,505
17.12. 09:15;20,859
17.12. 09:30;20,908
17.12. 09:45;20,859
17.12. 10:00;20,868
17.12. 10:15;20,957
17.12. 10:30;21,104
17.12. 10:45;21,321
17.12. 11:00;21,557
17.12. 11:15;21,754
17.12. 11:30;21,832
17.12. 11:45;21,685
17.12. 12:00;21,272
17.12. 12:15;20,632
17.12. 12:30;19,855
17.12. 12:45;19,02
17.12. 13:00;18,193
17.12. 13:15;17,446
17.12. 13:30;16,807
17.12. 13:45;16,354
17.12. 14:00;16,118
17.12. 14:15;16,089
17.12. 14:30;16,236
17.12. 14:45;16,541
17.12. 15:00;16,964
17.12. 15:15;17,436
17.12. 15:30;17,839
17.12. 15:45;18,105
17.12. 16:00;18,144
17.12. 16:15;18,056
17.12. 16:30;17,908
17.12. 16:45;17,83
17.12. 17:00;17,849
17.12. 17:15;17,869
17.12. 17:30;17,702
17.12. 17:45;17,181
17.12. 18:00;16,207
17.12. 18:15;14,899
17.12. 18:30;13,473
17.12. 18:45;12,126
17.12. 19:00;11,024
17.12. 19:15;10,169
17.12. 19:30;9,5688
17.12. 19:45;9,1853
17.12. 20:00;9,0082
17.12. 20:15;8,9591
17.12. 20:30;8,9591
17.12. 20:45;8,9099
17.12. 21:00;8,7722
17.12. 21:15;8,5755
17.12. 21:30;8,3592
17.12. 21:45;8,1822
17.12. 22:00;8,074
17.12. 22:15;8,0346
17.12. 22:30;8,0248
17.12. 22:45;7,9953
17.12. 23:00;7,9265
17.12. 23:15;7,8183
17.12. 23:30;7,6609
17.12. 23:45;7,4446
18.12. 00:00;7,1791
18.12. 00:15;6,8939
18.12. 00:30;6,5988
18.12. 00:45;6,3431
18.12. 01:00;6,1268
18.12. 01:15;5,9596
18.12. 01:30;5,8219
18.12. 01:45;5,6941
18.12. 02:00;5,5761
18.12. 02:15;5,4679
18.12. 02:30;5,3794
18.12. 02:45;5,3302
18.12. 03:00;5,3204
18.12. 03:15;5,3695
18.12. 03:30;5,4876
18.12. 03:45;5,6941
18.12. 04:00;5,9891
18.12. 04:15;6,3333
18.12. 04:30;6,6873
18.12. 04:45;6,9824
18.12. 05:00;7,1987
18.12. 05:15;7,3462
18.12. 05:30;7,4446
18.12. 05:45;7,5331
18.12. 06:00;7,6413
18.12. 06:15;7,7986
18.12. 06:30;8,0543
18.12. 06:45;8,4575
18.12. 07:00;9,0377
18.12. 07:15;9,8737
18.12. 07:30;11,005
18.12. 07:45;12,499
18.12. 08:00;14,348
18.12. 08:15;16,345
18.12. 08:30;18,213
18.12. 08:45;19,669
18.12. 09:00;20,505
18.12. 09:15;20,859
18.12. 09:30;20,908
18.12. 09:45;20,859
18.12. 10:00;20,868
18.12. 10:15;20,957
18.12. 10:30;21,104
18.12. 10:45;21,321
18.12. 11:00;21,557
18.12. 11:15;21,754
18.12. 11:30;21,832
18.12. 11:45;21,685
18.12. 12:00;21,272
18.12. 12:15;20,632
18.12. 12:30;19,855
18.12. 12:45;19,02
18.12. 13:00;18,193
18.12. 13:15;17,446
18.12. 13:30;16,807
18.12. 13:45;16,354
18.12. 14:00;16,118
18.12. 14:15;16,089
18.12. 14:30;16,236
18.12. 14:45;16,541
18.12. 15:00;16,964
18.12. 15:15;17,436
18.12. 15:30;17,839
18.12. 15:45;18,105
18.12. 16:00;18,144
18.12. 16:15;18,056
18.12. 16:30;17,908
18.12. 16:45;17,83
18.12. 17:00;17,849
18.12. 17:15;17,869
18.12. 17:30;17,702
18.12. 17:45;17,181
18.12. 18:00;16,207
18.12. 18:15;14,899
18.12. 18:30;13,473
18.12. 18:45;12,126
18.12. 19:00;11,024
18.12. 19:15;10,169
18.12. 19:30;9,5688
18.12. 19:45;9,1853
18.12. 20:00;9,0082
18.12. 20:15;8,9591
18.12. 20:30;8,9591
18.12. 20:45;8,9099
18.12. 21:00;8,7722
18.12. 21:15;8,5755
18.12. 21:30;8,3592
18.12. 21:45;8,1822
18.12. 22:00;8,074
18.12. 22:15;8,0346
18.12. 22:30;8,0248
18.12. 22:45;7,9953
18.12. 23:00;7,9265
18.12. 23:15;7,8183
18.12. 23:30;7,6609
18.12. 23:45;7,4446
19.12. 00:00;7,1791
19.12. 00:15;6,8939
19.12. 00:30;6,5988
19.12. 00:45;6,3431
19.12. 01:00;6,1268
19.12. 01:15;5,9596
19.12. 01:30;5,8219
19.12. 01:45;5,6941
19.12. 02:00;5,5761
19.12. 02:15;5,4679
19.12. 02:30;5,3794
19.12. 02:45;5,3302
19.12. 03:00;5,3204
19.12. 03:15;5,3695
19.12. 03:30;5,4876
19.12. 03:45;5,6941
19.12. 04:00;5,9891
19.12. 04:15;6,3333
19.12. 04:30;6,6873
19.12. 04:45;6,9824
19.12. 05:00;7,1987
19.12. 05:15;7,3462
19.12. 05:30;7,4446
19.12. 05:45;7,5331
19.12. 06:00;7,6413
19.12. 06:15;7,7986
19.12. 06:30;8,0543
19.12. 06:45;8,4575
19.12. 07:00;9,0377
19.12. 07:15;9,8737
19.12. 07:30;11,005
19.12. 07:45;12,499
19.12. 08:00;14,348
19.12. 08:15;16,345
19.12. 08:30;18,213
19.12. 08:45;19,669
19.12. 09:00;20,505
19.12. 09:15;20,859
19.12. 09:30;20,908
19.12. 09:45;20,859
19.12. 10:00;20,868
19.12. 10:15;20,957
19.12. 10:30;21,104
19.12. 10:45;21,321
19.12. 11:00;21,557
19.12. 11:15;21,754
19.12. 11:30;21,832
19.12. 11:45;21,685
19.12. 12:00;21,272
19.12. 12:15;20,632
19.12. 12:30;19,855
19.12. 12:45;19,02
19.12. 13:00;18,193
19.12. 13:15;17,446
19.12. 13:30;16,807
19.12. 13:45;16,354
19.12. 14:00;16,118
19.12. 14:15;16,089
19.12. 14:30;16,236
19.12. 14:45;16,541
19.12. 15:00;16,964
19.12. 15:15;17,436
19.12. 15:30;17,839
19.12. 15:45;18,105
19.12. 16:00;18,144
19.12. 16:15;18,056
19.12. 16:30;17,908
19.12. 16:45;17,83
19.12. 17:00;17,849
19.12. 17:15;17,869
19.12. 17:30;17,702
19.12. 17:45;17,181
19.12. 18:00;16,207
19.12. 18:15;14,899
19.12. 18:30;13,473
19.12. 18:45;12,126
19.12. 19:00;11,024
19.12. 19:15;10,169
19.12. 19:30;9,5688
19.12. 19:45;9,1853
19.12. 20:00;9,0082
19.12. 20:15;8,9591
19.12. 20:30;8,9591
19.12. 20:45;8,9099
19.12. 21:00;8,7722
19.12. 21:15;8,5755
19.12. 21:30;8,3592
19.12. 21:45;8,1822
19.12. 22:00;8,074
19.12. 22:15;8,0346
19.12. 22:30;8,0248
19.12. 22:45;7,9953
19.12. 23:00;7,9265
19.12. 23:15;7,8183
19.12. 23:30;7,6609
19.12. 23:45;7,4446
20.12. 00:00;7,1791
20.12. 00:15;6,8939
20.12. 00:30;6,5988
20.12. 00:45;6,3431
20.12. 01:00;6,1268
20.12. 01:15;5,9596
20.12. 01:30;5,8219
20.12. 01:45;5,6941
20.12. 02:00;5,5761
20.12. 02:15;5,4679
20.12. 02:30;5,3794
20.12. 02:45;5,3302
20.12. 03:00;5,3204
20.12. 03:15;5,3695
20.12. 03:30;5,4876
20.12. 03:45;5,6941
20.12. 04:00;5,9891
20.12. 04:15;6,3333
20.12. 04:30;6,6873
20.12. 04:45;6,9824
20.12. 05:00;7,1987
20.12. 05:15;7,3462
20.12. 05:30;7,4446
20.12. 05:45;7,5331
20.12. 06:00;7,6413
20.12. 06:15;7,7986
20.12. 06:30;8,0543
20.12. 06:45;8,4575
20.12. 07:00;9,0377
20.12. 07:15;9,8737
20.12. 07:30;11,005
20.12. 07:45;12,499
20.12. 08:00;14,348
20.12. 08:15;16,345
20.12. 08:30;18,213
20.12. 08:45;19,669
20.12. 09:00;20,505
20.12. 09:15;20,859
20.12. 09:30;20,908
20.12. 09:45;20,859
20.12. 10:00;20,868
20.12. 10:15;20,957
20.12. 10:30;21,104
20.12. 10:45;21,321
20.12. 11:00;21,557
20.12. 11:15;21,754
20.12. 11:30;21,832
20.12. 11:45;21,685
20.12. 12:00;21,272
20.12. 12:15;20,632
20.12. 12:30;19,855
20.12. 12:45;19,02
20.12. 13:00;18,193
20.12. 13:15;17,446
20.12. 13:30;16,807
20.12. 13:45;16,354
20.12. 14:00;16,118
20.12. 14:15;16,089
20.12. 14:30;16,236
20.12. 14:45;16,541
20.12. 15:00;16,964
20.12. 15:15;17,436
20.12. 15:30;17,839
20.12. 15:45;18,105
20.12. 16:00;18,144
20.12. 16:15;18,056
20.12. 16:30;17,908
20.12. 16:45;17,83
20.12. 17:00;17,849
20.12. 17:15;17,869
20.12. 17:30;17,702
20.12. 17:45;17,181
20.12. 18:00;16,207
20.12. 18:15;14,899
20.12. 18:30;13,473
20.12. 18:45;12,126
20.12. 19:00;11,024
20.12. 19:15;10,169
20.12. 19:30;9,5688
20.12. 19:45;9,1853
20.12. 20:00;9,0082
20.12. 20:15;8,9591
20.12. 20:30;8,9591
20.12. 20:45;8,9099
20.12. 21:00;8,7722
20.12. 21:15;8,5755
20.12. 21:30;8,3592
20.12. 21:45;8,1822
20.12. 22:00;8,074
20.12. 22:15;8,0346
20.12. 22:30;8,0248
20.12. 22:45;7,9953
20.12. 23:00;7,9265
20.12. 23:15;7,8183
20.12. 23:30;7,6609
20.12. 23:45;7,4446
21.12. 00:00;6,884
21.12. 00:15;7,1791
21.12. 00:30;7,4643
21.12. 00:45;7,6314
21.12. 01:00;7,5823
21.12. 01:15;7,3757
21.12. 01:30;7,0905
21.12. 01:45;6,7955
21.12. 02:00;6,5693
21.12. 02:15;6,4021
21.12. 02:30;6,3038
21.12. 02:45;6,2448
21.12. 03:00;6,235
21.12. 03:15;6,2546
21.12. 03:30;6,294
21.12. 03:45;6,3431
21.12. 04:00;6,3923
21.12. 04:15;6,4513
21.12. 04:30;6,5202
21.12. 04:45;6,6185
21.12. 05:00;6,7365
21.12. 05:15;6,8742
21.12. 05:30;7,0217
21.12. 05:45;7,1692
21.12. 06:00;7,3167
21.12. 06:15;7,5528
21.12. 06:30;7,9658
21.12. 06:45;8,6345
21.12. 07:00;9,6376
21.12. 07:15;10,887
21.12. 07:30;12,273
21.12. 07:45;13,689
21.12. 08:00;15,047
21.12. 08:15;16,266
21.12. 08:30;17,299
21.12. 08:45;18,105
21.12. 09:00;18,636
21.12. 09:15;18,961
21.12. 09:30;19,187
21.12. 09:45;19,383
21.12. 10:00;19,649
21.12. 10:15;19,934
21.12. 10:30;20,2
21.12. 10:45;20,396
21.12. 11:00;20,495
21.12. 11:15;20,485
21.12. 11:30;20,396
21.12. 11:45;20,219
21.12. 12:00;19,964
21.12. 12:15;19,639
21.12. 12:30;19,236
21.12. 12:45;18,744
21.12. 13:00;18,154
21.12. 13:15;17,456
21.12. 13:30;16,61
21.12. 13:45;15,617
21.12. 14:00;14,476
21.12. 14:15;13,257
21.12. 14:30;12,067
21.12. 14:45;11,024
21.12. 15:00;10,208
21.12. 15:15;9,5786
21.12. 15:30;9,1066
21.12. 15:45;8,7329
21.12. 16:00;8,4182
21.12. 16:15;8,192
21.12. 16:30;8,1035
21.12. 16:45;8,1822
21.12. 17:00;8,4378
21.12. 17:15;8,8017
21.12. 17:30;9,1853
21.12. 17:45;9,4606
21.12. 18:00;9,5786
21.12. 18:15;9,5786
21.12. 18:30;9,5196
21.12. 18:45;9,4606
21.12. 19:00;9,4705
21.12. 19:15;9,5196
21.12. 19:30;9,559
21.12. 19:45;9,559
21.12. 20:00;9,4705
21.12. 20:15;9,3229
21.12. 20:30;9,1263
21.12. 20:45;8,9099
21.12. 21:00;8,7034
21.12. 21:15;8,4969
21.12. 21:30;8,2903
21.12. 21:45;8,0838
21.12. 22:00;7,8773
21.12. 22:15;7,6708
21.12. 22:30;7,4643
21.12. 22:45;7,2577
21.12. 23:00;7,0512
21.12. 23:15;6,8545
21.12. 23:30;6,648
21.12. 23:45;6,4316
22.12. 00:00;6,2153
22.12. 00:15;5,9989
22.12. 00:30;5,7924
22.12. 00:45;5,6056
22.12. 01:00;5,4384
22.12. 01:15;5,281
22.12. 01:30;5,1237
22.12. 01:45;4,9663
22.12. 02:00;4,7893
22.12. 02:15;4,6123
22.12. 02:30;4,4451
22.12. 02:45;4,3173
22.12. 03:00;4,2288
22.12. 03:15;4,1796
22.12. 03:30;4,1501
22.12. 03:45;4,1304
22.12. 04:00;4,1206
22.12. 04:15;4,1107
22.12. 04:30;4,1107
22.12. 04:45;4,1304
22.12. 05:00;4,1894
22.12. 05:15;4,2681
22.12. 05:30;4,3664
22.12. 05:45;4,5041
22.12. 06:00;4,6615
22.12. 06:15;4,8188
22.12. 06:30;4,9565
22.12. 06:45;5,0548
22.12. 07:00;5,0942
22.12. 07:15;5,0843
22.12. 07:30;5,0352
22.12. 07:45;4,9663
22.12. 08:00;4,8778
22.12. 08:15;4,8188
22.12. 08:30;4,7992
22.12. 08:45;4,868
22.12. 09:00;5,045
22.12. 09:15;5,2909
22.12. 09:30;5,5859
22.12. 09:45;5,8809
22.12. 10:00;6,1563
22.12. 10:15;6,4021
22.12. 10:30;6,6087
22.12. 10:45;6,7955
22.12. 11:00;6,9627
22.12. 11:15;7,1004
22.12. 11:30;7,2282
22.12. 11:45;7,3462
22.12. 12:00;7,4741
22.12. 12:15;7,6019
22.12. 12:30;7,7101
22.12. 12:45;7,8085
22.12. 13:00;7,8773
22.12. 13:15;7,9166
22.12. 13:30;7,897
22.12. 13:45;7,8085
22.12. 14:00;7,6511
22.12. 14:15;7,4446
22.12. 14:30;7,2184
22.12. 14:45;6,9824
22.12. 15:00;6,7758
22.12. 15:15;6,589
22.12. 15:30;6,412
22.12. 15:45;6,2448
22.12. 16:00;6,0973
22.12. 16:15;6,0186
22.12. 16:30;6,0776
22.12. 16:45;6,3431
22.12. 17:00;6,8349
22.12. 17:15;7,4741
22.12. 17:30;8,1232
22.12. 17:45;8,6345
22.12. 18:00;8,9296
22.12. 18:15;9,0574
22.12. 18:30;9,0771
22.12. 18:45;9,0967
22.12. 19:00;9,1558
22.12. 19:15;9,2443
22.12. 19:30;9,3033
22.12. 19:45;9,2836
22.12. 20:00;9,1459
22.12. 20:15;8,9296
22.12. 20:30;8,6542
22.12. 20:45;8,3592
22.12. 21:00;8,074
22.12. 21:15;7,8085
22.12. 21:30;7,5626
22.12. 21:45;7,3462
22.12. 22:00;7,1594
22.12. 22:15;6,9922
22.12. 22:30;6,8152
22.12. 22:45;6,6185
22.12. 23:00;6,3923
22.12. 23:15;6,1563
22.12. 23:30;5,9399
22.12. 23:45;5,7924
23.12. 00:00;6,4415
23.12. 00:15;6,1563
23.12. 00:30;5,8613
23.12. 00:45;5,6056
23.12. 01:00;5,3892
23.12. 01:15;5,222
23.12. 01:30;5,0843
23.12. 01:45;4,9663
23.12. 02:00;4,8582
23.12. 02:15;4,7696
23.12. 02:30;4,7106
23.12. 02:45;4,691
23.12. 03:00;4,7106
23.12. 03:15;4,7893
23.12. 03:30;4,9368
23.12. 03:45;5,1434
23.12. 04:00;5,4187
23.12. 04:15;5,7236
23.12. 04:30;6,0186
23.12. 04:45;6,2448
23.12. 05:00;6,3923
23.12. 05:15;6,4907
23.12. 05:30;6,5988
23.12. 05:45;6,7955
23.12. 06:00;7,1299
23.12. 06:15;7,5823
23.12. 06:30;8,1527
23.12. 06:45;8,8214
23.12. 07:00;9,5983
23.12. 07:15;10,552
23.12. 07:30;11,791
23.12. 07:45;13,414
23.12. 08:00;15,45
23.12. 08:15;17,653
23.12. 08:30;19,718
23.12. 08:45;21,321
23.12. 09:00;22,245
23.12. 09:15;22,619
23.12. 09:30;22,658
23.12. 09:45;22,609
23.12. 10:00;22,619
23.12. 10:15;22,737
23.12. 10:30;22,914
23.12. 10:45;23,16
23.12. 11:00;23,416
23.12. 11:15;23,602
23.12. 11:30;23,642
23.12. 11:45;23,435
23.12. 12:00;22,914
23.12. 12:15;22,137
23.12. 12:30;21,213
23.12. 12:45;20,219
23.12. 13:00;19,246
23.12. 13:15;18,361
23.12. 13:30;17,623
23.12. 13:45;17,092
23.12. 14:00;16,817
23.12. 14:15;16,787
23.12. 14:30;16,984
23.12. 14:45;17,367
23.12. 15:00;17,908
23.12. 15:15;18,508
23.12. 15:30;19,069
23.12. 15:45;19,482
23.12. 16:00;19,678
23.12. 16:15;19,737
23.12. 16:30;19,757
23.12. 16:45;19,846
23.12. 17:00;20,062
23.12. 17:15;20,239
23.12. 17:30;20,21
23.12. 17:45;19,757
23.12. 18:00;18,754
23.12. 18:15;17,367
23.12. 18:30;15,784
23.12. 18:45;14,24
23.12. 19:00;12,912
23.12. 19:15;11,811
23.12. 19:30;10,946
23.12. 19:45;10,287
23.12. 20:00;9,8343
23.12. 20:15;9,5098
23.12. 20:30;9,2541
23.12. 20:45;9,0082
23.12. 21:00;8,7034
23.12. 21:15;8,3788
23.12. 21:30;8,074
23.12. 21:45;7,8085
23.12. 22:00;7,6314
23.12. 22:15;7,5134
23.12. 22:30;7,4347
23.12. 22:45;7,3462
23.12. 23:00;7,2479
23.12. 23:15;7,1102
23.12. 23:30;6,9332
23.12. 23:45;6,707
24.12. 00:00;6,4415
24.12. 00:15;6,1563
24.12. 00:30;5,8613
24.12. 00:45;5,6056
24.12. 01:00;5,3892
24.12. 01:15;5,222
24.12. 01:30;5,0843
24.12. 01:45;4,9663
24.12. 02:00;4,8582
24.12. 02:15;4,7696
24.12. 02:30;4,7106
24.12. 02:45;4,691
24.12. 03:00;4,7106
24.12. 03:15;4,7893
24.12. 03:30;4,9368
24.12. 03:45;5,1434
24.12. 04:00;5,4187
24.12. 04:15;5,7236
24.12. 04:30;6,0186
24.12. 04:45;6,2448
24.12. 05:00;6,3923
24.12. 05:15;6,4907
24.12. 05:30;6,5988
24.12. 05:45;6,7955
24.12. 06:00;7,1299
24.12. 06:15;7,5823
24.12. 06:30;8,1527
24.12. 06:45;8,8214
24.12. 07:00;9,5983
24.12. 07:15;10,552
24.12. 07:30;11,791
24.12. 07:45;13,414
24.12. 08:00;15,45
24.12. 08:15;17,653
24.12. 08:30;19,718
24.12. 08:45;21,321
24.12. 09:00;22,245
24.12. 09:15;22,619
24.12. 09:30;22,658
24.12. 09:45;22,609
24.12. 10:00;22,619
24.12. 10:15;22,737
24.12. 10:30;22,914
24.12. 10:45;23,16
24.12. 11:00;23,416
24.12. 11:15;23,602
24.12. 11:30;23,642
24.12. 11:45;23,435
24.12. 12:00;22,914
24.12. 12:15;22,137
24.12. 12:30;21,213
24.12. 12:45;20,219
24.12. 13:00;19,246
24.12. 13:15;18,361
24.12. 13:30;17,623
24.12. 13:45;17,092
24.12. 14:00;16,817
24.12. 14:15;16,787
24.12. 14:30;16,984
24.12. 14:45;17,367
24.12. 15:00;17,908
24.12. 15:15;18,508
24.12. 15:30;19,069
24.12. 15:45;19,482
24.12. 16:00;19,678
24.12. 16:15;19,737
24.12. 16:30;19,757
24.12. 16:45;19,846
24.12. 17:00;20,062
24.12. 17:15;20,239
24.12. 17:30;20,21
24.12. 17:45;19,757
24.12. 18:00;18,754
24.12. 18:15;17,367
24.12. 18:30;15,784
24.12. 18:45;14,24
24.12. 19:00;12,912
24.12. 19:15;11,811
24.12. 19:30;10,946
24.12. 19:45;10,287
24.12. 20:00;9,8343
24.12. 20:15;9,5098
24.12. 20:30;9,2541
24.12. 20:45;9,0082
24.12. 21:00;8,7034
24.12. 21:15;8,3788
24.12. 21:30;8,074
24.12. 21:45;7,8085
24.12. 22:00;7,6314
24.12. 22:15;7,5134
24.12. 22:30;7,4347
24.12. 22:45;7,3462
24.12. 23:00;7,2479
24.12. 23:15;7,1102
24.12. 23:30;6,9332
24.12. 23:45;6,707
25.12. 00:00;6,4415
25.12. 00:15;6,1563
25.12. 00:30;5,8613
25.12. 00:45;5,6056
25.12. 01:00;5,3892
25.12. 01:15;5,222
25.12. 01:30;5,0843
25.12. 01:45;4,9663
25.12. 02:00;4,8582
25.12. 02:15;4,7696
25.12. 02:30;4,7106
25.12. 02:45;4,691
25.12. 03:00;4,7106
25.12. 03:15;4,7893
25.12. 03:30;4,9368
25.12. 03:45;5,1434
25.12. 04:00;5,4187
25.12. 04:15;5,7236
25.12. 04:30;6,0186
25.12. 04:45;6,2448
25.12. 05:00;6,3923
25.12. 05:15;6,4907
25.12. 05:30;6,5988
25.12. 05:45;6,7955
25.12. 06:00;7,1299
25.12. 06:15;7,5823
25.12. 06:30;8,1527
25.12. 06:45;8,8214
25.12. 07:00;9,5983
25.12. 07:15;10,552
25.12. 07:30;11,791
25.12. 07:45;13,414
25.12. 08:00;15,45
25.12. 08:15;17,653
25.12. 08:30;19,718
25.12. 08:45;21,321
25.12. 09:00;22,245
25.12. 09:15;22,619
25.12. 09:30;22,658
25.12. 09:45;22,609
25.12. 10:00;22,619
25.12. 10:15;22,737
25.12. 10:30;22,914
25.12. 10:45;23,16
25.12. 11:00;23,416
25.12. 11:15;23,602
25.12. 11:30;23,642
25.12. 11:45;23,435
25.12. 12:00;22,914
25.12. 12:15;22,137
25.12. 12:30;21,213
25.12. 12:45;20,219
25.12. 13:00;19,246
25.12. 13:15;18,361
25.12. 13:30;17,623
25.12. 13:45;17,092
25.12. 14:00;16,817
25.12. 14:15;16,787
25.12. 14:30;16,984
25.12. 14:45;17,367
25.12. 15:00;17,908
25.12. 15:15;18,508
25.12. 15:30;19,069
25.12. 15:45;19,482
25.12. 16:00;19,678
25.12. 16:15;19,737
25.12. 16:30;19,757
25.12. 16:45;19,846
25.12. 17:00;20,062
25.12. 17:15;20,239
25.12. 17:30;20,21
25.12. 17:45;19,757
25.12. 18:00;18,754
25.12. 18:15;17,367
25.12. 18:30;15,784
25.12. 18:45;14,24
25.12. 19:00;12,912
25.12. 19:15;11,811
25.12. 19:30;10,946
25.12. 19:45;10,287
25.12. 20:00;9,8343
25.12. 20:15;9,5098
25.12. 20:30;9,2541
25.12. 20:45;9,0082
25.12. 21:00;8,7034
25.12. 21:15;8,3788
25.12. 21:30;8,074
25.12. 21:45;7,8085
25.12. 22:00;7,6314
25.12. 22:15;7,5134
25.12. 22:30;7,4347
25.12. 22:45;7,3462
25.12. 23:00;7,2479
25.12. 23:15;7,1102
25.12. 23:30;6,9332
25.12. 23:45;6,707
26.12. 00:00;6,4415
26.12. 00:15;6,1563
26.12. 00:30;5,8613
26.12. 00:45;5,6056
26.12. 01:00;5,3892
26.12. 01:15;5,222
26.12. 01:30;5,0843
26.12. 01:45;4,9663
26.12. 02:00;4,8582
26.12. 02:15;4,7696
26.12. 02:30;4,7106
26.12. 02:45;4,691
26.12. 03:00;4,7106
26.12. 03:15;4,7893
26.12. 03:30;4,9368
26.12. 03:45;5,1434
26.12. 04:00;5,4187
26.12. 04:15;5,7236
26.12. 04:30;6,0186
26.12. 04:45;6,2448
26.12. 05:00;6,3923
26.12. 05:15;6,4907
26.12. 05:30;6,5988
26.12. 05:45;6,7955
26.12. 06:00;7,1299
26.12. 06:15;7,5823
26.12. 06:30;8,1527
26.12. 06:45;8,8214
26.12. 07:00;9,5983
26.12. 07:15;10,552
26.12. 07:30;11,791
26.12. 07:45;13,414
26.12. 08:00;15,45
26.12. 08:15;17,653
26.12. 08:30;19,718
26.12. 08:45;21,321
26.12. 09:00;22,245
26.12. 09:15;22,619
26.12. 09:30;22,658
26.12. 09:45;22,609
26.12. 10:00;22,619
26.12. 10:15;22,737
26.12. 10:30;22,914
26.12. 10:45;23,16
26.12. 11:00;23,416
26.12. 11:15;23,602
26.12. 11:30;23,642
26.12. 11:45;23,435
26.12. 12:00;22,914
26.12. 12:15;22,137
26.12. 12:30;21,213
26.12. 12:45;20,219
26.12. 13:00;19,246
26.12. 13:15;18,361
26.12. 13:30;17,623
26.12. 13:45;17,092
26.12. 14:00;16,817
26.12. 14:15;16,787
26.12. 14:30;16,984
26.12. 14:45;17,367
26.12. 15:00;17,908
26.12. 15:15;18,508
26.12. 15:30;19,069
26.12. 15:45;19,482
26.12. 16:00;19,678
26.12. 16:15;19,737
26.12. 16:30;19,757
26.12. 16:45;19,846
26.12. 17:00;20,062
26.12. 17:15;20,239
26.12. 17:30;20,21
26.12. 17:45;19,757
26.12. 18:00;18,754
26.12. 18:15;17,367
26.12. 18:30;15,784
26.12. 18:45;14,24
26.12. 19:00;12,912
26.12. 19:15;11,811
26.12. 19:30;10,946
26.12. 19:45;10,287
26.12. 20:00;9,8343
26.12. 20:15;9,5098
26.12. 20:30;9,2541
26.12. 20:45;9,0082
26.12. 21:00;8,7034
26.12. 21:15;8,3788
26.12. 21:30;8,074
26.12. 21:45;7,8085
26.12. 22:00;7,6314
26.12. 22:15;7,5134
26.12. 22:30;7,4347
26.12. 22:45;7,3462
26.12. 23:00;7,2479
26.12. 23:15;7,1102
26.12. 23:30;6,9332
26.12. 23:45;6,707
27.12. 00:00;6,4415
27.12. 00:15;6,1563
27.12. 00:30;5,8613
27.12. 00:45;5,6056
27.12. 01:00;5,3892
27.12. 01:15;5,222
27.12. 01:30;5,0843
27.12. 01:45;4,9663
27.12. 02:00;4,8582
27.12. 02:15;4,7696
27.12. 02:30;4,7106
27.12. 02:45;4,691
27.12. 03:00;4,7106
27.12. 03:15;4,7893
27.12. 03:30;4,9368
27.12. 03:45;5,1434
27.12. 04:00;5,4187
27.12. 04:15;5,7236
27.12. 04:30;6,0186
27.12. 04:45;6,2448
27.12. 05:00;6,3923
27.12. 05:15;6,4907
27.12. 05:30;6,5988
27.12. 05:45;6,7955
27.12. 06:00;7,1299
27.12. 06:15;7,5823
27.12. 06:30;8,1527
27.12. 06:45;8,8214
27.12. 07:00;9,5983
27.12. 07:15;10,552
27.12. 07:30;11,791
27.12. 07:45;13,414
27.12. 08:00;15,45
27.12. 08:15;17,653
27.12. 08:30;19,718
27.12. 08:45;21,321
27.12. 09:00;22,245
27.12. 09:15;22,619
27.12. 09:30;22,658
27.12. 09:45;22,609
27.12. 10:00;22,619
27.12. 10:15;22,737
27.12. 10:30;22,914
27.12. 10:45;23,16
27.12. 11:00;23,416
27.12. 11:15;23,602
27.12. 11:30;23,642
27.12. 11:45;23,435
27.12. 12:00;22,914
27.12. 12:15;22,137
27.12. 12:30;21,213
27.12. 12:45;20,219
27.12. 13:00;19,246
27.12. 13:15;18,361
27.12. 13:30;17,623
27.12. 13:45;17,092
27.12. 14:00;16,817
27.12. 14:15;16,787
27.12. 14:30;16,984
27.12. 14:45;17,367
27.12. 15:00;17,908
27.12. 15:15;18,508
27.12. 15:30;19,069
27.12. 15:45;19,482
27.12. 16:00;19,678
27.12. 16:15;19,737
27.12. 16:30;19,757
27.12. 16:45;19,846
27.12. 17:00;20,062
27.12. 17:15;20,239
27.12. 17:30;20,21
27.12. 17:45;19,757
27.12. 18:00;18,754
27.12. 18:15;17,367
27.12. 18:30;15,784
27.12. 18:45;14,24
27.12. 19:00;12,912
27.12. 19:15;11,811
27.12. 19:30;10,946
27.12. 19:45;10,287
27.12. 20:00;9,8343
27.12. 20:15;9,5098
27.12. 20:30;9,2541
27.12. 20:45;9,0082
27.12. 21:00;8,7034
27.12. 21:15;8,3788
27.12. 21:30;8,074
27.12. 21:45;7,8085
27.12. 22:00;7,6314
27.12. 22:15;7,5134
27.12. 22:30;7,4347
27.12. 22:45;7,3462
27.12. 23:00;7,2479
27.12. 23:15;7,1102
27.12. 23:30;6,9332
27.12. 23:45;6,707
28.12. 00:00;6,884
28.12. 00:15;7,1791
28.12. 00:30;7,4643
28.12. 00:45;7,6314
28.12. 01:00;7,5823
28.12. 01:15;7,3757
28.12. 01:30;7,0905
28.12. 01:45;6,7955
28.12. 02:00;6,5693
28.12. 02:15;6,4021
28.12. 02:30;6,3038
28.12. 02:45;6,2448
28.12. 03:00;6,235
28.12. 03:15;6,2546
28.12. 03:30;6,294
28.12. 03:45;6,3431
28.12. 04:00;6,3923
28.12. 04:15;6,4513
28.12. 04:30;6,5202
28.12. 04:45;6,6185
28.12. 05:00;6,7365
28.12. 05:15;6,8742
28.12. 05:30;7,0217
28.12. 05:45;7,1692
28.12. 06:00;7,3167
28.12. 06:15;7,5528
28.12. 06:30;7,9658
28.12. 06:45;8,6345
28.12. 07:00;9,6376
28.12. 07:15;10,887
28.12. 07:30;12,273
28.12. 07:45;13,689
28.12. 08:00;15,047
28.12. 08:15;16,266
28.12. 08:30;17,299
28.12. 08:45;18,105
28.12. 09:00;18,636
28.12. 09:15;18,961
28.12. 09:30;19,187
28.12. 09:45;19,383
28.12. 10:00;19,649
28.12. 10:15;19,934
28.12. 10:30;20,2
28.12. 10:45;20,396
28.12. 11:00;20,495
28.12. 11:15;20,485
28.12. 11:30;20,396
28.12. 11:45;20,219
28.12. 12:00;19,964
28.12. 12:15;19,639
28.12. 12:30;19,236
28.12. 12:45;18,744
28.12. 13:00;18,154
28.12. 13:15;17,456
28.12. 13:30;16,61
28.12. 13:45;15,617
28.12. 14:00;14,476
28.12. 14:15;13,257
28.12. 14:30;12,067
28.12. 14:45;11,024
28.12. 15:00;10,208
28.12. 15:15;9,5786
28.12. 15:30;9,1066
28.12. 15:45;8,7329
28.12. 16:00;8,4182
28.12. 16:15;8,192
28.12. 16:30;8,1035
28.12. 16:45;8,1822
28.12. 17:00;8,4378
28.12. 17:15;8,8017
28.12. 17:30;9,1853
28.12. 17:45;9,4606
28.12. 18:00;9,5786
28.12. 18:15;9,5786
28.12. 18:30;9,5196
28.12. 18:45;9,4606
28.12. 19:00;9,4705
28.12. 19:15;9,5196
28.12. 19:30;9,559
28.12. 19:45;9,559
28.12. 20:00;9,4705
28.12. 20:15;9,3229
28.12. 20:30;9,1263
28.12. 20:45;8,9099
28.12. 21:00;8,7034
28.12. 21:15;8,4969
28.12. 21:30;8,2903
28.12. 21:45;8,0838
28.12. 22:00;7,8773
28.12. 22:15;7,6708
28.12. 22:30;7,4643
28.12. 22:45;7,2577
28.12. 23:00;7,0512
28.12. 23:15;6,8545
28.12. 23:30;6,648
28.12. 23:45;6,4316
29.12. 00:00;6,2153
29.12. 00:15;5,9989
29.12. 00:30;5,7924
29.12. 00:45;5,6056
29.12. 01:00;5,4384
29.12. 01:15;5,281
29.12. 01:30;5,1237
29.12. 01:45;4,9663
29.12. 02:00;4,7893
29.12. 02:15;4,6123
29.12. 02:30;4,4451
29.12. 02:45;4,3173
29.12. 03:00;4,2288
29.12. 03:15;4,1796
29.12. 03:30;4,1501
29.12. 03:45;4,1304
29.12. 04:00;4,1206
29.12. 04:15;4,1107
29.12. 04:30;4,1107
29.12. 04:45;4,1304
29.12. 05:00;4,1894
29.12. 05:15;4,2681
29.12. 05:30;4,3664
29.12. 05:45;4,5041
29.12. 06:00;4,6615
29.12. 06:15;4,8188
29.12. 06:30;4,9565
29.12. 06:45;5,0548
29.12. 07:00;5,0942
29.12. 07:15;5,0843
29.12. 07:30;5,0352
29.12. 07:45;4,9663
29.12. 08:00;4,8778
29.12. 08:15;4,8188
29.12. 08:30;4,7992
29.12. 08:45;4,868
29.12. 09:00;5,045
29.12. 09:15;5,2909
29.12. 09:30;5,5859
29.12. 09:45;5,8809
29.12. 10:00;6,1563
29.12. 10:15;6,4021
29.12. 10:30;6,6087
29.12. 10:45;6,7955
29.12. 11:00;6,9627
29.12. 11:15;7,1004
29.12. 11:30;7,2282
29.12. 11:45;7,3462
29.12. 12:00;7,4741
29.12. 12:15;7,6019
29.12. 12:30;7,7101
29.12. 12:45;7,8085
29.12. 13:00;7,8773
29.12. 13:15;7,9166
29.12. 13:30;7,897
29.12. 13:45;7,8085
29.12. 14:00;7,6511
29.12. 14:15;7,4446
29.12. 14:30;7,2184
29.12. 14:45;6,9824
29.12. 15:00;6,7758
29.12. 15:15;6,589
29.12. 15:30;6,412
29.12. 15:45;6,2448
29.12. 16:00;6,0973
29.12. 16:15;6,0186
29.12. 16:30;6,0776
29.12. 16:45;6,3431
29.12. 17:00;6,8349
29.12. 17:15;7,4741
29.12. 17:30;8,1232
29.12. 17:45;8,6345
29.12. 18:00;8,9296
29.12. 18:15;9,0574
29.12. 18:30;9,0771
29.12. 18:45;9,0967
29.12. 19:00;9,1558
29.12. 19:15;9,2443
29.12. 19:30;9,3033
29.12. 19:45;9,2836
29.12. 20:00;9,1459
29.12. 20:15;8,9296
29.12. 20:30;8,6542
29.12. 20:45;8,3592
29.12. 21:00;8,074
29.12. 21:15;7,8085
29.12. 21:30;7,5626
29.12. 21:45;7,3462
29.12. 22:00;7,1594
29.12. 22:15;6,9922
29.12. 22:30;6,8152
29.12. 22:45;6,6185
29.12. 23:00;6,3923
29.12. 23:15;6,1563
29.12. 23:30;5,9399
29.12. 23:45;5,7924
30.12. 00:00;6,4415
30.12. 00:15;6,1563
30.12. 00:30;5,8613
30.12. 00:45;5,6056
30.12. 01:00;5,3892
30.12. 01:15;5,222
30.12. 01:30;5,0843
30.12. 01:45;4,9663
30.12. 02:00;4,8582
30.12. 02:15;4,7696
30.12. 02:30;4,7106
30.12. 02:45;4,691
30.12. 03:00;4,7106
30.12. 03:15;4,7893
30.12. 03:30;4,9368
30.12. 03:45;5,1434
30.12. 04:00;5,4187
30.12. 04:15;5,7236
30.12. 04:30;6,0186
30.12. 04:45;6,2448
30.12. 05:00;6,3923
30.12. 05:15;6,4907
30.12. 05:30;6,5988
30.12. 05:45;6,7955
30.12. 06:00;7,1299
30.12. 06:15;7,5823
30.12. 06:30;8,1527
30.12. 06:45;8,8214
30.12. 07:00;9,5983
30.12. 07:15;10,552
30.12. 07:30;11,791
30.12. 07:45;13,414
30.12. 08:00;15,45
30.12. 08:15;17,653
30.12. 08:30;19,718
30.12. 08:45;21,321
30.12. 09:00;22,245
30.12. 09:15;22,619
30.12. 09:30;22,658
30.12. 09:45;22,609
30.12. 10:00;22,619
30.12. 10:15;22,737
30.12. 10:30;22,914
30.12. 10:45;23,16
30.12. 11:00;23,416
30.12. 11:15;23,602
30.12. 11:30;23,642
30.12. 11:45;23,435
30.12. 12:00;22,914
30.12. 12:15;22,137
30.12. 12:30;21,213
30.12. 12:45;20,219
30.12. 13:00;19,246
30.12. 13:15;18,361
30.12. 13:30;17,623
30.12. 13:45;17,092
30.12. 14:00;16,817
30.12. 14:15;16,787
30.12. 14:30;16,984
30.12. 14:45;17,367
30.12. 15:00;17,908
30.12. 15:15;18,508
30.12. 15:30;19,069
30.12. 15:45;19,482
30.12. 16:00;19,678
30.12. 16:15;19,737
30.12. 16:30;19,757
30.12. 16:45;19,846
30.12. 17:00;20,062
30.12. 17:15;20,239
30.12. 17:30;20,21
30.12. 17:45;19,757
30.12. 18:00;18,754
30.12. 18:15;17,367
30.12. 18:30;15,784
30.12. 18:45;14,24
30.12. 19:00;12,912
30.12. 19:15;11,811
30.12. 19:30;10,946
30.12. 19:45;10,287
30.12. 20:00;9,8343
30.12. 20:15;9,5098
30.12. 20:30;9,2541
30.12. 20:45;9,0082
30.12. 21:00;8,7034
30.12. 21:15;8,3788
30.12. 21:30;8,074
30.12. 21:45;7,8085
30.12. 22:00;7,6314
30.12. 22:15;7,5134
30.12. 22:30;7,4347
30.12. 22:45;7,3462
30.12. 23:00;7,2479
30.12. 23:15;7,1102
30.12. 23:30;6,9332
30.12. 23:45;6,707
31.12. 00:00;6,4415
31.12. 00:15;6,1563
31.12. 00:30;5,8613
31.12. 00:45;5,6056
31.12. 01:00;5,3892
31.12. 01:15;5,222
31.12. 01:30;5,0843
31.12. 01:45;4,9663
31.12. 02:00;4,8582
31.12. 02:15;4,7696
31.12. 02:30;4,7106
31.12. 02:45;4,691
31.12. 03:00;4,7106
31.12. 03:15;4,7893
31.12. 03:30;4,9368
31.12. 03:45;5,1434
31.12. 04:00;5,4187
31.12. 04:15;5,7236
31.12. 04:30;6,0186
31.12. 04:45;6,2448
31.12. 05:00;6,3923
31.12. 05:15;6,4907
31.12. 05:30;6,5988
31.12. 05:45;6,7955
31.12. 06:00;7,1299
31.12. 06:15;7,5823
31.12. 06:30;8,1527
31.12. 06:45;8,8214
31.12. 07:00;9,5983
31.12. 07:15;10,552
31.12. 07:30;11,791
31.12. 07:45;13,414
31.12. 08:00;15,45
31.12. 08:15;17,653
31.12. 08:30;19,718
31.12. 08:45;21,321
31.12. 09:00;22,245
31.12. 09:15;22,619
31.12. 09:30;22,658
31.12. 09:45;22,609
31.12. 10:00;22,619
31.12. 10:15;22,737
31.12. 10:30;22,914
31.12. 10:45;23,16
31.12. 11:00;23,416
31.12. 11:15;23,602
31.12. 11:30;23,642
31.12. 11:45;23,435
31.12. 12:00;22,914
31.12. 12:15;22,137
31.12. 12:30;21,213
31.12. 12:45;20,219
31.12. 13:00;19,246
31.12. 13:15;18,361
31.12. 13:30;17,623
31.12. 13:45;17,092
31.12. 14:00;16,817
31.12. 14:15;16,787
31.12. 14:30;16,984
31.12. 14:45;17,367
31.12. 15:00;17,908
31.12. 15:15;18,508
31.12. 15:30;19,069
31.12. 15:45;19,482
31.12. 16:00;19,678
31.12. 16:15;19,737
31.12. 16:30;19,757
31.12. 16:45;19,846
31.12. 17:00;20,062
31.12. 17:15;20,239
31.12. 17:30;20,21
31.12. 17:45;19,757
31.12. 18:00;18,754
31.12. 18:15;17,367
31.12. 18:30;15,784
31.12. 18:45;14,24
31.12. 19:00;12,912
31.12. 19:15;11,811
31.12. 19:30;10,946
31.12. 19:45;10,287
31.12. 20:00;9,8343
31.12. 20:15;9,5098
31.12. 20:30;9,2541
31.12. 20:45;9,0082
31.12. 21:00;8,7034
31.12. 21:15;8,3788
31.12. 21:30;8,074
31.12. 21:45;7,8085
31.12. 22:00;7,6314
31.12. 22:15;7,5134
31.12. 22:30;7,4347
31.12. 22:45;7,3462
31.12. 23:00;7,2479
31.12. 23:15;7,1102
31.12. 23:30;6,9332
31.12. 23:45;6,707
