Zeit;Eingespeiste Energie 
01.01. 00:00;0
01.01. 00:15;0
01.01. 00:30;0
01.01. 00:45;0
01.01. 01:00;0
01.01. 01:15;0
01.01. 01:30;0
01.01. 01:45;0
01.01. 02:00;0
01.01. 02:15;0
01.01. 02:30;0
01.01. 02:45;0
01.01. 03:00;0
01.01. 03:15;0
01.01. 03:30;0
01.01. 03:45;0
01.01. 04:00;0
01.01. 04:15;0
01.01. 04:30;0
01.01. 04:45;0
01.01. 05:00;0
01.01. 05:15;0
01.01. 05:30;0
01.01. 05:45;0
01.01. 06:00;0
01.01. 06:15;0
01.01. 06:30;0
01.01. 06:45;0
01.01. 07:00;0
01.01. 07:15;0
01.01. 07:30;0
01.01. 07:45;0
01.01. 08:00;0
01.01. 08:15;0
01.01. 08:30;0,35182
01.01. 08:45;1,2552
01.01. 09:00;2,1951
01.01. 09:15;3,6542
01.01. 09:30;7,2218
01.01. 09:45;11,323
01.01. 10:00;10,757
01.01. 10:15;7,6462
01.01. 10:30;6,6007
01.01. 10:45;11,737
01.01. 11:00;4,9296
01.01. 11:15;2,7068
01.01. 11:30;3,1951
01.01. 11:45;2,3661
01.01. 12:00;4,8248
01.01. 12:15;5,2487
01.01. 12:30;5,7029
01.01. 12:45;7,9718
01.01. 13:00;6,083
01.01. 13:15;5,8964
01.01. 13:30;3,3695
01.01. 13:45;3,4098
01.01. 14:00;3,0609
01.01. 14:15;3,3075
01.01. 14:30;2,1934
01.01. 14:45;0,9931
01.01. 15:00;0,16693
01.01. 15:15;0,10207
01.01. 15:30;0,02411
01.01. 15:45;0
01.01. 16:00;0
01.01. 16:15;0
01.01. 16:30;0
01.01. 16:45;0
01.01. 17:00;0
01.01. 17:15;0
01.01. 17:30;0
01.01. 17:45;0
01.01. 18:00;0
01.01. 18:15;0
01.01. 18:30;0
01.01. 18:45;0
01.01. 19:00;0
01.01. 19:15;0
01.01. 19:30;0
01.01. 19:45;0
01.01. 20:00;0
01.01. 20:15;0
01.01. 20:30;0
01.01. 20:45;0
01.01. 21:00;0
01.01. 21:15;0
01.01. 21:30;0
01.01. 21:45;0
01.01. 22:00;0
01.01. 22:15;0
01.01. 22:30;0
01.01. 22:45;0
01.01. 23:00;0
01.01. 23:15;0
01.01. 23:30;0
01.01. 23:45;0
02.01. 00:00;0
02.01. 00:15;0
02.01. 00:30;0
02.01. 00:45;0
02.01. 01:00;0
02.01. 01:15;0
02.01. 01:30;0
02.01. 01:45;0
02.01. 02:00;0
02.01. 02:15;0
02.01. 02:30;0
02.01. 02:45;0
02.01. 03:00;0
02.01. 03:15;0
02.01. 03:30;0
02.01. 03:45;0
02.01. 04:00;0
02.01. 04:15;0
02.01. 04:30;0
02.01. 04:45;0
02.01. 05:00;0
02.01. 05:15;0
02.01. 05:30;0
02.01. 05:45;0
02.01. 06:00;0
02.01. 06:15;0
02.01. 06:30;0
02.01. 06:45;0
02.01. 07:00;0
02.01. 07:15;0
02.01. 07:30;0
02.01. 07:45;0
02.01. 08:00;0
02.01. 08:15;0
02.01. 08:30;0,32288
02.01. 08:45;2,5017
02.01. 09:00;5,5661
02.01. 09:15;6,5611
02.01. 09:30;5,4876
02.01. 09:45;12,356
02.01. 10:00;14,283
02.01. 10:15;17,912
02.01. 10:30;15,263
02.01. 10:45;12,926
02.01. 11:00;19,292
02.01. 11:15;19,076
02.01. 11:30;17,279
02.01. 11:45;14,018
02.01. 12:00;9,1441
02.01. 12:15;8,6502
02.01. 12:30;8,5603
02.01. 12:45;8,7175
02.01. 13:00;2,0126
02.01. 13:15;0,60152
02.01. 13:30;0,23195
02.01. 13:45;0,34047
02.01. 14:00;0,33011
02.01. 14:15;0,7437
02.01. 14:30;0,95748
02.01. 14:45;0,58726
02.01. 15:00;0,26323
02.01. 15:15;0,12408
02.01. 15:30;0,05169
02.01. 15:45;0
02.01. 16:00;0
02.01. 16:15;0
02.01. 16:30;0
02.01. 16:45;0
02.01. 17:00;0
02.01. 17:15;0
02.01. 17:30;0
02.01. 17:45;0
02.01. 18:00;0
02.01. 18:15;0
02.01. 18:30;0
02.01. 18:45;0
02.01. 19:00;0
02.01. 19:15;0
02.01. 19:30;0
02.01. 19:45;0
02.01. 20:00;0
02.01. 20:15;0
02.01. 20:30;0
02.01. 20:45;0
02.01. 21:00;0
02.01. 21:15;0
02.01. 21:30;0
02.01. 21:45;0
02.01. 22:00;0
02.01. 22:15;0
02.01. 22:30;0
02.01. 22:45;0
02.01. 23:00;0
02.01. 23:15;0
02.01. 23:30;0
02.01. 23:45;0
03.01. 00:00;0
03.01. 00:15;0
03.01. 00:30;0
03.01. 00:45;0
03.01. 01:00;0
03.01. 01:15;0
03.01. 01:30;0
03.01. 01:45;0
03.01. 02:00;0
03.01. 02:15;0
03.01. 02:30;0
03.01. 02:45;0
03.01. 03:00;0
03.01. 03:15;0
03.01. 03:30;0
03.01. 03:45;0
03.01. 04:00;0
03.01. 04:15;0
03.01. 04:30;0
03.01. 04:45;0
03.01. 05:00;0
03.01. 05:15;0
03.01. 05:30;0
03.01. 05:45;0
03.01. 06:00;0
03.01. 06:15;0
03.01. 06:30;0
03.01. 06:45;0
03.01. 07:00;0
03.01. 07:15;0
03.01. 07:30;0
03.01. 07:45;0
03.01. 08:00;0
03.01. 08:15;0
03.01. 08:30;0,14359
03.01. 08:45;0,52316
03.01. 09:00;1,5636
03.01. 09:15;2,2546
03.01. 09:30;3,5384
03.01. 09:45;5,5309
03.01. 10:00;6,5669
03.01. 10:15;15,466
03.01. 10:30;8,5556
03.01. 10:45;7,8707
03.01. 11:00;14,443
03.01. 11:15;11,588
03.01. 11:30;7,3102
03.01. 11:45;6,3244
03.01. 12:00;7,4152
03.01. 12:15;7,8473
03.01. 12:30;8,9848
03.01. 12:45;6,0431
03.01. 13:00;3,4704
03.01. 13:15;1,2044
03.01. 13:30;0,77415
03.01. 13:45;0,91256
03.01. 14:00;1,2507
03.01. 14:15;2,9802
03.01. 14:30;4,567
03.01. 14:45;3,6981
03.01. 15:00;3,524
03.01. 15:15;4,7285
03.01. 15:30;2,447
03.01. 15:45;0,3309
03.01. 16:00;0
03.01. 16:15;0
03.01. 16:30;0
03.01. 16:45;0
03.01. 17:00;0
03.01. 17:15;0
03.01. 17:30;0
03.01. 17:45;0
03.01. 18:00;0
03.01. 18:15;0
03.01. 18:30;0
03.01. 18:45;0
03.01. 19:00;0
03.01. 19:15;0
03.01. 19:30;0
03.01. 19:45;0
03.01. 20:00;0
03.01. 20:15;0
03.01. 20:30;0
03.01. 20:45;0
03.01. 21:00;0
03.01. 21:15;0
03.01. 21:30;0
03.01. 21:45;0
03.01. 22:00;0
03.01. 22:15;0
03.01. 22:30;0
03.01. 22:45;0
03.01. 23:00;0
03.01. 23:15;0
03.01. 23:30;0
03.01. 23:45;0
04.01. 00:00;0
04.01. 00:15;0
04.01. 00:30;0
04.01. 00:45;0
04.01. 01:00;0
04.01. 01:15;0
04.01. 01:30;0
04.01. 01:45;0
04.01. 02:00;0
04.01. 02:15;0
04.01. 02:30;0
04.01. 02:45;0
04.01. 03:00;0
04.01. 03:15;0
04.01. 03:30;0
04.01. 03:45;0
04.01. 04:00;0
04.01. 04:15;0
04.01. 04:30;0
04.01. 04:45;0
04.01. 05:00;0
04.01. 05:15;0
04.01. 05:30;0
04.01. 05:45;0
04.01. 06:00;0
04.01. 06:15;0
04.01. 06:30;0
04.01. 06:45;0
04.01. 07:00;0
04.01. 07:15;0
04.01. 07:30;0
04.01. 07:45;0
04.01. 08:00;0
04.01. 08:15;0
04.01. 08:30;0,02209
04.01. 08:45;0,18023
04.01. 09:00;0,49138
04.01. 09:15;1,5177
04.01. 09:30;2,0244
04.01. 09:45;2,637
04.01. 10:00;4,1727
04.01. 10:15;2,8028
04.01. 10:30;2,1281
04.01. 10:45;1,5069
04.01. 11:00;1,8846
04.01. 11:15;3,8319
04.01. 11:30;4,8017
04.01. 11:45;3,9328
04.01. 12:00;2,7084
04.01. 12:15;1,7949
04.01. 12:30;1,1551
04.01. 12:45;2,011
04.01. 13:00;2,1646
04.01. 13:15;1,4819
04.01. 13:30;0,90294
04.01. 13:45;1,5453
04.01. 14:00;1,5931
04.01. 14:15;0,82366
04.01. 14:30;0,25845
04.01. 14:45;0,15301
04.01. 15:00;0,22461
04.01. 15:15;0,08823
04.01. 15:30;0
04.01. 15:45;0
04.01. 16:00;0
04.01. 16:15;0
04.01. 16:30;0
04.01. 16:45;0
04.01. 17:00;0
04.01. 17:15;0
04.01. 17:30;0
04.01. 17:45;0
04.01. 18:00;0
04.01. 18:15;0
04.01. 18:30;0
04.01. 18:45;0
04.01. 19:00;0
04.01. 19:15;0
04.01. 19:30;0
04.01. 19:45;0
04.01. 20:00;0
04.01. 20:15;0
04.01. 20:30;0
04.01. 20:45;0
04.01. 21:00;0
04.01. 21:15;0
04.01. 21:30;0
04.01. 21:45;0
04.01. 22:00;0
04.01. 22:15;0
04.01. 22:30;0
04.01. 22:45;0
04.01. 23:00;0
04.01. 23:15;0
04.01. 23:30;0
04.01. 23:45;0
05.01. 00:00;0
05.01. 00:15;0
05.01. 00:30;0
05.01. 00:45;0
05.01. 01:00;0
05.01. 01:15;0
05.01. 01:30;0
05.01. 01:45;0
05.01. 02:00;0
05.01. 02:15;0
05.01. 02:30;0
05.01. 02:45;0
05.01. 03:00;0
05.01. 03:15;0
05.01. 03:30;0
05.01. 03:45;0
05.01. 04:00;0
05.01. 04:15;0
05.01. 04:30;0
05.01. 04:45;0
05.01. 05:00;0
05.01. 05:15;0
05.01. 05:30;0
05.01. 05:45;0
05.01. 06:00;0
05.01. 06:15;0
05.01. 06:30;0
05.01. 06:45;0
05.01. 07:00;0
05.01. 07:15;0
05.01. 07:30;0
05.01. 07:45;0
05.01. 08:00;0
05.01. 08:15;0,00554
05.01. 08:30;0,1427
05.01. 08:45;0,22731
05.01. 09:00;0,53247
05.01. 09:15;1,2071
05.01. 09:30;1,6314
05.01. 09:45;7,022
05.01. 10:00;12,704
05.01. 10:15;12,309
05.01. 10:30;7,2675
05.01. 10:45;5,0107
05.01. 11:00;9,0468
05.01. 11:15;18,701
05.01. 11:30;19,228
05.01. 11:45;15,757
05.01. 12:00;14,9
05.01. 12:15;16,004
05.01. 12:30;20,4
05.01. 12:45;24,222
05.01. 13:00;11,287
05.01. 13:15;10,501
05.01. 13:30;15,112
05.01. 13:45;13,66
05.01. 14:00;12,183
05.01. 14:15;6,5229
05.01. 14:30;3,3781
05.01. 14:45;2,8826
05.01. 15:00;3,7154
05.01. 15:15;0,74181
05.01. 15:30;0,20613
05.01. 15:45;0,00545
05.01. 16:00;0
05.01. 16:15;0
05.01. 16:30;0
05.01. 16:45;0
05.01. 17:00;0
05.01. 17:15;0
05.01. 17:30;0
05.01. 17:45;0
05.01. 18:00;0
05.01. 18:15;0
05.01. 18:30;0
05.01. 18:45;0
05.01. 19:00;0
05.01. 19:15;0
05.01. 19:30;0
05.01. 19:45;0
05.01. 20:00;0
05.01. 20:15;0
05.01. 20:30;0
05.01. 20:45;0
05.01. 21:00;0
05.01. 21:15;0
05.01. 21:30;0
05.01. 21:45;0
05.01. 22:00;0
05.01. 22:15;0
05.01. 22:30;0
05.01. 22:45;0
05.01. 23:00;0
05.01. 23:15;0
05.01. 23:30;0
05.01. 23:45;0
06.01. 00:00;0
06.01. 00:15;0
06.01. 00:30;0
06.01. 00:45;0
06.01. 01:00;0
06.01. 01:15;0
06.01. 01:30;0
06.01. 01:45;0
06.01. 02:00;0
06.01. 02:15;0
06.01. 02:30;0
06.01. 02:45;0
06.01. 03:00;0
06.01. 03:15;0
06.01. 03:30;0
06.01. 03:45;0
06.01. 04:00;0
06.01. 04:15;0
06.01. 04:30;0
06.01. 04:45;0
06.01. 05:00;0
06.01. 05:15;0
06.01. 05:30;0
06.01. 05:45;0
06.01. 06:00;0
06.01. 06:15;0
06.01. 06:30;0
06.01. 06:45;0
06.01. 07:00;0
06.01. 07:15;0
06.01. 07:30;0
06.01. 07:45;0
06.01. 08:00;0
06.01. 08:15;0,00806
06.01. 08:30;0,92255
06.01. 08:45;1,5815
06.01. 09:00;2,8783
06.01. 09:15;3,4692
06.01. 09:30;4,3896
06.01. 09:45;5,0732
06.01. 10:00;9,7555
06.01. 10:15;10,579
06.01. 10:30;6,469
06.01. 10:45;10,872
06.01. 11:00;16,141
06.01. 11:15;9,9315
06.01. 11:30;16,062
06.01. 11:45;20,063
06.01. 12:00;15,667
06.01. 12:15;6,4117
06.01. 12:30;9,1028
06.01. 12:45;10,442
06.01. 13:00;9,652
06.01. 13:15;5,0825
06.01. 13:30;11,805
06.01. 13:45;15,883
06.01. 14:00;4,4207
06.01. 14:15;2,4637
06.01. 14:30;2,7134
06.01. 14:45;7,0783
06.01. 15:00;2,0125
06.01. 15:15;0,88699
06.01. 15:30;0,48
06.01. 15:45;0,03023
06.01. 16:00;0
06.01. 16:15;0
06.01. 16:30;0
06.01. 16:45;0
06.01. 17:00;0
06.01. 17:15;0
06.01. 17:30;0
06.01. 17:45;0
06.01. 18:00;0
06.01. 18:15;0
06.01. 18:30;0
06.01. 18:45;0
06.01. 19:00;0
06.01. 19:15;0
06.01. 19:30;0
06.01. 19:45;0
06.01. 20:00;0
06.01. 20:15;0
06.01. 20:30;0
06.01. 20:45;0
06.01. 21:00;0
06.01. 21:15;0
06.01. 21:30;0
06.01. 21:45;0
06.01. 22:00;0
06.01. 22:15;0
06.01. 22:30;0
06.01. 22:45;0
06.01. 23:00;0
06.01. 23:15;0
06.01. 23:30;0
06.01. 23:45;0
07.01. 00:00;0
07.01. 00:15;0
07.01. 00:30;0
07.01. 00:45;0
07.01. 01:00;0
07.01. 01:15;0
07.01. 01:30;0
07.01. 01:45;0
07.01. 02:00;0
07.01. 02:15;0
07.01. 02:30;0
07.01. 02:45;0
07.01. 03:00;0
07.01. 03:15;0
07.01. 03:30;0
07.01. 03:45;0
07.01. 04:00;0
07.01. 04:15;0
07.01. 04:30;0
07.01. 04:45;0
07.01. 05:00;0
07.01. 05:15;0
07.01. 05:30;0
07.01. 05:45;0
07.01. 06:00;0
07.01. 06:15;0
07.01. 06:30;0
07.01. 06:45;0
07.01. 07:00;0
07.01. 07:15;0
07.01. 07:30;0
07.01. 07:45;0
07.01. 08:00;0
07.01. 08:15;0,00251
07.01. 08:30;0,13387
07.01. 08:45;0,5078
07.01. 09:00;1,0057
07.01. 09:15;1,1194
07.01. 09:30;1,1218
07.01. 09:45;0,36649
07.01. 10:00;1,3024
07.01. 10:15;3,0726
07.01. 10:30;3,4466
07.01. 10:45;2,0193
07.01. 11:00;2,2886
07.01. 11:15;1,5389
07.01. 11:30;0,97908
07.01. 11:45;0,58183
07.01. 12:00;0,91472
07.01. 12:15;1,6206
07.01. 12:30;2,1242
07.01. 12:45;2,1745
07.01. 13:00;1,796
07.01. 13:15;0,89356
07.01. 13:30;2,6173
07.01. 13:45;3,2455
07.01. 14:00;2,5793
07.01. 14:15;3,0697
07.01. 14:30;2,5834
07.01. 14:45;1,4099
07.01. 15:00;1,137
07.01. 15:15;0,65602
07.01. 15:30;0,21355
07.01. 15:45;0,0021
07.01. 16:00;0
07.01. 16:15;0
07.01. 16:30;0
07.01. 16:45;0
07.01. 17:00;0
07.01. 17:15;0
07.01. 17:30;0
07.01. 17:45;0
07.01. 18:00;0
07.01. 18:15;0
07.01. 18:30;0
07.01. 18:45;0
07.01. 19:00;0
07.01. 19:15;0
07.01. 19:30;0
07.01. 19:45;0
07.01. 20:00;0
07.01. 20:15;0
07.01. 20:30;0
07.01. 20:45;0
07.01. 21:00;0
07.01. 21:15;0
07.01. 21:30;0
07.01. 21:45;0
07.01. 22:00;0
07.01. 22:15;0
07.01. 22:30;0
07.01. 22:45;0
07.01. 23:00;0
07.01. 23:15;0
07.01. 23:30;0
07.01. 23:45;0
08.01. 00:00;0
08.01. 00:15;0
08.01. 00:30;0
08.01. 00:45;0
08.01. 01:00;0
08.01. 01:15;0
08.01. 01:30;0
08.01. 01:45;0
08.01. 02:00;0
08.01. 02:15;0
08.01. 02:30;0
08.01. 02:45;0
08.01. 03:00;0
08.01. 03:15;0
08.01. 03:30;0
08.01. 03:45;0
08.01. 04:00;0
08.01. 04:15;0
08.01. 04:30;0
08.01. 04:45;0
08.01. 05:00;0
08.01. 05:15;0
08.01. 05:30;0
08.01. 05:45;0
08.01. 06:00;0
08.01. 06:15;0
08.01. 06:30;0
08.01. 06:45;0
08.01. 07:00;0
08.01. 07:15;0
08.01. 07:30;0
08.01. 07:45;0
08.01. 08:00;0
08.01. 08:15;0,01055
08.01. 08:30;1,0439
08.01. 08:45;1,4915
08.01. 09:00;7,4178
08.01. 09:15;9,4845
08.01. 09:30;11,286
08.01. 09:45;10,071
08.01. 10:00;9,6274
08.01. 10:15;21,79
08.01. 10:30;20,943
08.01. 10:45;19,798
08.01. 11:00;20,488
08.01. 11:15;22,501
08.01. 11:30;21,754
08.01. 11:45;20,164
08.01. 12:00;20,241
08.01. 12:15;28,123
08.01. 12:30;25,764
08.01. 12:45;24,714
08.01. 13:00;10,036
08.01. 13:15;8,6154
08.01. 13:30;11,421
08.01. 13:45;15,352
08.01. 14:00;2,6375
08.01. 14:15;1,0639
08.01. 14:30;1,1956
08.01. 14:45;0,80839
08.01. 15:00;0,37467
08.01. 15:15;0,26997
08.01. 15:30;0,1492
08.01. 15:45;0,00784
08.01. 16:00;0
08.01. 16:15;0
08.01. 16:30;0
08.01. 16:45;0
08.01. 17:00;0
08.01. 17:15;0
08.01. 17:30;0
08.01. 17:45;0
08.01. 18:00;0
08.01. 18:15;0
08.01. 18:30;0
08.01. 18:45;0
08.01. 19:00;0
08.01. 19:15;0
08.01. 19:30;0
08.01. 19:45;0
08.01. 20:00;0
08.01. 20:15;0
08.01. 20:30;0
08.01. 20:45;0
08.01. 21:00;0
08.01. 21:15;0
08.01. 21:30;0
08.01. 21:45;0
08.01. 22:00;0
08.01. 22:15;0
08.01. 22:30;0
08.01. 22:45;0
08.01. 23:00;0
08.01. 23:15;0
08.01. 23:30;0
08.01. 23:45;0
09.01. 00:00;0
09.01. 00:15;0
09.01. 00:30;0
09.01. 00:45;0
09.01. 01:00;0
09.01. 01:15;0
09.01. 01:30;0
09.01. 01:45;0
09.01. 02:00;0
09.01. 02:15;0
09.01. 02:30;0
09.01. 02:45;0
09.01. 03:00;0
09.01. 03:15;0
09.01. 03:30;0
09.01. 03:45;0
09.01. 04:00;0
09.01. 04:15;0
09.01. 04:30;0
09.01. 04:45;0
09.01. 05:00;0
09.01. 05:15;0
09.01. 05:30;0
09.01. 05:45;0
09.01. 06:00;0
09.01. 06:15;0
09.01. 06:30;0
09.01. 06:45;0
09.01. 07:00;0
09.01. 07:15;0
09.01. 07:30;0
09.01. 07:45;0
09.01. 08:00;0
09.01. 08:15;0,04953
09.01. 08:30;1,2031
09.01. 08:45;0,81587
09.01. 09:00;6,9148
09.01. 09:15;4,4169
09.01. 09:30;8,1592
09.01. 09:45;11,61
09.01. 10:00;10,858
09.01. 10:15;20,33
09.01. 10:30;27,243
09.01. 10:45;9,7145
09.01. 11:00;18,008
09.01. 11:15;24,155
09.01. 11:30;22,114
09.01. 11:45;23,014
09.01. 12:00;19,964
09.01. 12:15;14,771
09.01. 12:30;9,5828
09.01. 12:45;12,954
09.01. 13:00;4,0436
09.01. 13:15;1,1326
09.01. 13:30;0,41657
09.01. 13:45;0,53508
09.01. 14:00;0,78352
09.01. 14:15;0,80534
09.01. 14:30;1,461
09.01. 14:45;1,1734
09.01. 15:00;0,18045
09.01. 15:15;0,08718
09.01. 15:30;0
09.01. 15:45;0
09.01. 16:00;0
09.01. 16:15;0
09.01. 16:30;0
09.01. 16:45;0
09.01. 17:00;0
09.01. 17:15;0
09.01. 17:30;0
09.01. 17:45;0
09.01. 18:00;0
09.01. 18:15;0
09.01. 18:30;0
09.01. 18:45;0
09.01. 19:00;0
09.01. 19:15;0
09.01. 19:30;0
09.01. 19:45;0
09.01. 20:00;0
09.01. 20:15;0
09.01. 20:30;0
09.01. 20:45;0
09.01. 21:00;0
09.01. 21:15;0
09.01. 21:30;0
09.01. 21:45;0
09.01. 22:00;0
09.01. 22:15;0
09.01. 22:30;0
09.01. 22:45;0
09.01. 23:00;0
09.01. 23:15;0
09.01. 23:30;0
09.01. 23:45;0
10.01. 00:00;0
10.01. 00:15;0
10.01. 00:30;0
10.01. 00:45;0
10.01. 01:00;0
10.01. 01:15;0
10.01. 01:30;0
10.01. 01:45;0
10.01. 02:00;0
10.01. 02:15;0
10.01. 02:30;0
10.01. 02:45;0
10.01. 03:00;0
10.01. 03:15;0
10.01. 03:30;0
10.01. 03:45;0
10.01. 04:00;0
10.01. 04:15;0
10.01. 04:30;0
10.01. 04:45;0
10.01. 05:00;0
10.01. 05:15;0
10.01. 05:30;0
10.01. 05:45;0
10.01. 06:00;0
10.01. 06:15;0
10.01. 06:30;0
10.01. 06:45;0
10.01. 07:00;0
10.01. 07:15;0
10.01. 07:30;0
10.01. 07:45;0
10.01. 08:00;0
10.01. 08:15;0
10.01. 08:30;0,24324
10.01. 08:45;0,37445
10.01. 09:00;1,9189
10.01. 09:15;4,5931
10.01. 09:30;10,392
10.01. 09:45;8,7923
10.01. 10:00;10,453
10.01. 10:15;12,099
10.01. 10:30;16,298
10.01. 10:45;13,625
10.01. 11:00;19,42
10.01. 11:15;22,403
10.01. 11:30;23,76
10.01. 11:45;15,663
10.01. 12:00;21,516
10.01. 12:15;23,913
10.01. 12:30;23,383
10.01. 12:45;14,851
10.01. 13:00;17,041
10.01. 13:15;18,694
10.01. 13:30;13,567
10.01. 13:45;16,975
10.01. 14:00;13,92
10.01. 14:15;13,289
10.01. 14:30;10,071
10.01. 14:45;7,8134
10.01. 15:00;4,6305
10.01. 15:15;3,9564
10.01. 15:30;0,96642
10.01. 15:45;0,12518
10.01. 16:00;0
10.01. 16:15;0
10.01. 16:30;0
10.01. 16:45;0
10.01. 17:00;0
10.01. 17:15;0
10.01. 17:30;0
10.01. 17:45;0
10.01. 18:00;0
10.01. 18:15;0
10.01. 18:30;0
10.01. 18:45;0
10.01. 19:00;0
10.01. 19:15;0
10.01. 19:30;0
10.01. 19:45;0
10.01. 20:00;0
10.01. 20:15;0
10.01. 20:30;0
10.01. 20:45;0
10.01. 21:00;0
10.01. 21:15;0
10.01. 21:30;0
10.01. 21:45;0
10.01. 22:00;0
10.01. 22:15;0
10.01. 22:30;0
10.01. 22:45;0
10.01. 23:00;0
10.01. 23:15;0
10.01. 23:30;0
10.01. 23:45;0
11.01. 00:00;0
11.01. 00:15;0
11.01. 00:30;0
11.01. 00:45;0
11.01. 01:00;0
11.01. 01:15;0
11.01. 01:30;0
11.01. 01:45;0
11.01. 02:00;0
11.01. 02:15;0
11.01. 02:30;0
11.01. 02:45;0
11.01. 03:00;0
11.01. 03:15;0
11.01. 03:30;0
11.01. 03:45;0
11.01. 04:00;0
11.01. 04:15;0
11.01. 04:30;0
11.01. 04:45;0
11.01. 05:00;0
11.01. 05:15;0
11.01. 05:30;0
11.01. 05:45;0
11.01. 06:00;0
11.01. 06:15;0
11.01. 06:30;0
11.01. 06:45;0
11.01. 07:00;0
11.01. 07:15;0
11.01. 07:30;0
11.01. 07:45;0
11.01. 08:00;0
11.01. 08:15;0
11.01. 08:30;0,06327
11.01. 08:45;0,3862
11.01. 09:00;0,95555
11.01. 09:15;1,5461
11.01. 09:30;1,8585
11.01. 09:45;2,9559
11.01. 10:00;4,3889
11.01. 10:15;3,6954
11.01. 10:30;3,2009
11.01. 10:45;3,2196
11.01. 11:00;3,5616
11.01. 11:15;4,2028
11.01. 11:30;3,875
11.01. 11:45;1,6299
11.01. 12:00;2,3147
11.01. 12:15;5,2067
11.01. 12:30;5,9124
11.01. 12:45;2,9715
11.01. 13:00;2,7943
11.01. 13:15;2,4039
11.01. 13:30;1,1896
11.01. 13:45;1,6839
11.01. 14:00;1,4772
11.01. 14:15;1,4062
11.01. 14:30;0,93239
11.01. 14:45;0,7404
11.01. 15:00;0,24407
11.01. 15:15;0,21238
11.01. 15:30;0,07501
11.01. 15:45;0,01481
11.01. 16:00;0
11.01. 16:15;0
11.01. 16:30;0
11.01. 16:45;0
11.01. 17:00;0
11.01. 17:15;0
11.01. 17:30;0
11.01. 17:45;0
11.01. 18:00;0
11.01. 18:15;0
11.01. 18:30;0
11.01. 18:45;0
11.01. 19:00;0
11.01. 19:15;0
11.01. 19:30;0
11.01. 19:45;0
11.01. 20:00;0
11.01. 20:15;0
11.01. 20:30;0
11.01. 20:45;0
11.01. 21:00;0
11.01. 21:15;0
11.01. 21:30;0
11.01. 21:45;0
11.01. 22:00;0
11.01. 22:15;0
11.01. 22:30;0
11.01. 22:45;0
11.01. 23:00;0
11.01. 23:15;0
11.01. 23:30;0
11.01. 23:45;0
12.01. 00:00;0
12.01. 00:15;0
12.01. 00:30;0
12.01. 00:45;0
12.01. 01:00;0
12.01. 01:15;0
12.01. 01:30;0
12.01. 01:45;0
12.01. 02:00;0
12.01. 02:15;0
12.01. 02:30;0
12.01. 02:45;0
12.01. 03:00;0
12.01. 03:15;0
12.01. 03:30;0
12.01. 03:45;0
12.01. 04:00;0
12.01. 04:15;0
12.01. 04:30;0
12.01. 04:45;0
12.01. 05:00;0
12.01. 05:15;0
12.01. 05:30;0
12.01. 05:45;0
12.01. 06:00;0
12.01. 06:15;0
12.01. 06:30;0
12.01. 06:45;0
12.01. 07:00;0
12.01. 07:15;0
12.01. 07:30;0
12.01. 07:45;0
12.01. 08:00;0
12.01. 08:15;0
12.01. 08:30;0
12.01. 08:45;0
12.01. 09:00;1,2214
12.01. 09:15;0,679
12.01. 09:30;0,36085
12.01. 09:45;0,38081
12.01. 10:00;1,2173
12.01. 10:15;1,6772
12.01. 10:30;2,8625
12.01. 10:45;3,1778
12.01. 11:00;2,8565
12.01. 11:15;2,7807
12.01. 11:30;3,1829
12.01. 11:45;3,8779
12.01. 12:00;3,276
12.01. 12:15;2,9172
12.01. 12:30;0,86386
12.01. 12:45;0,82974
12.01. 13:00;0,91065
12.01. 13:15;2,8825
12.01. 13:30;3,0379
12.01. 13:45;3,4422
12.01. 14:00;2,7779
12.01. 14:15;1,3956
12.01. 14:30;1,1279
12.01. 14:45;1,1755
12.01. 15:00;0,89439
12.01. 15:15;0,31191
12.01. 15:30;0,04569
12.01. 15:45;0
12.01. 16:00;0
12.01. 16:15;0
12.01. 16:30;0
12.01. 16:45;0
12.01. 17:00;0
12.01. 17:15;0
12.01. 17:30;0
12.01. 17:45;0
12.01. 18:00;0
12.01. 18:15;0
12.01. 18:30;0
12.01. 18:45;0
12.01. 19:00;0
12.01. 19:15;0
12.01. 19:30;0
12.01. 19:45;0
12.01. 20:00;0
12.01. 20:15;0
12.01. 20:30;0
12.01. 20:45;0
12.01. 21:00;0
12.01. 21:15;0
12.01. 21:30;0
12.01. 21:45;0
12.01. 22:00;0
12.01. 22:15;0
12.01. 22:30;0
12.01. 22:45;0
12.01. 23:00;0
12.01. 23:15;0
12.01. 23:30;0
12.01. 23:45;0
13.01. 00:00;0
13.01. 00:15;0
13.01. 00:30;0
13.01. 00:45;0
13.01. 01:00;0
13.01. 01:15;0
13.01. 01:30;0
13.01. 01:45;0
13.01. 02:00;0
13.01. 02:15;0
13.01. 02:30;0
13.01. 02:45;0
13.01. 03:00;0
13.01. 03:15;0
13.01. 03:30;0
13.01. 03:45;0
13.01. 04:00;0
13.01. 04:15;0
13.01. 04:30;0
13.01. 04:45;0
13.01. 05:00;0
13.01. 05:15;0
13.01. 05:30;0
13.01. 05:45;0
13.01. 06:00;0
13.01. 06:15;0
13.01. 06:30;0
13.01. 06:45;0
13.01. 07:00;0
13.01. 07:15;0
13.01. 07:30;0
13.01. 07:45;0
13.01. 08:00;0
13.01. 08:15;0,12305
13.01. 08:30;1,7517
13.01. 08:45;2,4407
13.01. 09:00;2,0639
13.01. 09:15;3,0557
13.01. 09:30;9,145
13.01. 09:45;14,114
13.01. 10:00;14,855
13.01. 10:15;13,173
13.01. 10:30;11,172
13.01. 10:45;11,661
13.01. 11:00;5,1926
13.01. 11:15;4,9324
13.01. 11:30;4,3139
13.01. 11:45;5,1996
13.01. 12:00;5,2343
13.01. 12:15;9,1134
13.01. 12:30;13,387
13.01. 12:45;22,244
13.01. 13:00;14,816
13.01. 13:15;5,6923
13.01. 13:30;4,6742
13.01. 13:45;4,8635
13.01. 14:00;6,6872
13.01. 14:15;5,6894
13.01. 14:30;2,5917
13.01. 14:45;1,9135
13.01. 15:00;1,2786
13.01. 15:15;1,3092
13.01. 15:30;0,38479
13.01. 15:45;0,1733
13.01. 16:00;0
13.01. 16:15;0
13.01. 16:30;0
13.01. 16:45;0
13.01. 17:00;0
13.01. 17:15;0
13.01. 17:30;0
13.01. 17:45;0
13.01. 18:00;0
13.01. 18:15;0
13.01. 18:30;0
13.01. 18:45;0
13.01. 19:00;0
13.01. 19:15;0
13.01. 19:30;0
13.01. 19:45;0
13.01. 20:00;0
13.01. 20:15;0
13.01. 20:30;0
13.01. 20:45;0
13.01. 21:00;0
13.01. 21:15;0
13.01. 21:30;0
13.01. 21:45;0
13.01. 22:00;0
13.01. 22:15;0
13.01. 22:30;0
13.01. 22:45;0
13.01. 23:00;0
13.01. 23:15;0
13.01. 23:30;0
13.01. 23:45;0
14.01. 00:00;0
14.01. 00:15;0
14.01. 00:30;0
14.01. 00:45;0
14.01. 01:00;0
14.01. 01:15;0
14.01. 01:30;0
14.01. 01:45;0
14.01. 02:00;0
14.01. 02:15;0
14.01. 02:30;0
14.01. 02:45;0
14.01. 03:00;0
14.01. 03:15;0
14.01. 03:30;0
14.01. 03:45;0
14.01. 04:00;0
14.01. 04:15;0
14.01. 04:30;0
14.01. 04:45;0
14.01. 05:00;0
14.01. 05:15;0
14.01. 05:30;0
14.01. 05:45;0
14.01. 06:00;0
14.01. 06:15;0
14.01. 06:30;0
14.01. 06:45;0
14.01. 07:00;0
14.01. 07:15;0
14.01. 07:30;0
14.01. 07:45;0
14.01. 08:00;0
14.01. 08:15;0,01666
14.01. 08:30;0,59279
14.01. 08:45;0,84811
14.01. 09:00;1,3447
14.01. 09:15;3,2532
14.01. 09:30;7,2348
14.01. 09:45;11,865
14.01. 10:00;14,382
14.01. 10:15;10,833
14.01. 10:30;11,503
14.01. 10:45;10,34
14.01. 11:00;12,543
14.01. 11:15;18,859
14.01. 11:30;19,683
14.01. 11:45;18,293
14.01. 12:00;23,825
14.01. 12:15;16,175
14.01. 12:30;16,144
14.01. 12:45;19,395
14.01. 13:00;15,262
14.01. 13:15;9,6773
14.01. 13:30;9,6157
14.01. 13:45;8,2072
14.01. 14:00;4,1516
14.01. 14:15;4,3915
14.01. 14:30;3,4218
14.01. 14:45;2,1968
14.01. 15:00;0,5011
14.01. 15:15;0,20186
14.01. 15:30;0,03009
14.01. 15:45;0
14.01. 16:00;0
14.01. 16:15;0
14.01. 16:30;0
14.01. 16:45;0
14.01. 17:00;0
14.01. 17:15;0
14.01. 17:30;0
14.01. 17:45;0
14.01. 18:00;0
14.01. 18:15;0
14.01. 18:30;0
14.01. 18:45;0
14.01. 19:00;0
14.01. 19:15;0
14.01. 19:30;0
14.01. 19:45;0
14.01. 20:00;0
14.01. 20:15;0
14.01. 20:30;0
14.01. 20:45;0
14.01. 21:00;0
14.01. 21:15;0
14.01. 21:30;0
14.01. 21:45;0
14.01. 22:00;0
14.01. 22:15;0
14.01. 22:30;0
14.01. 22:45;0
14.01. 23:00;0
14.01. 23:15;0
14.01. 23:30;0
14.01. 23:45;0
15.01. 00:00;0
15.01. 00:15;0
15.01. 00:30;0
15.01. 00:45;0
15.01. 01:00;0
15.01. 01:15;0
15.01. 01:30;0
15.01. 01:45;0
15.01. 02:00;0
15.01. 02:15;0
15.01. 02:30;0
15.01. 02:45;0
15.01. 03:00;0
15.01. 03:15;0
15.01. 03:30;0
15.01. 03:45;0
15.01. 04:00;0
15.01. 04:15;0
15.01. 04:30;0
15.01. 04:45;0
15.01. 05:00;0
15.01. 05:15;0
15.01. 05:30;0
15.01. 05:45;0
15.01. 06:00;0
15.01. 06:15;0
15.01. 06:30;0
15.01. 06:45;0
15.01. 07:00;0
15.01. 07:15;0
15.01. 07:30;0
15.01. 07:45;0
15.01. 08:00;0
15.01. 08:15;0,01611
15.01. 08:30;0,31609
15.01. 08:45;0,7868
15.01. 09:00;1,4083
15.01. 09:15;3,9563
15.01. 09:30;3,9379
15.01. 09:45;5,0612
15.01. 10:00;4,3634
15.01. 10:15;3,499
15.01. 10:30;4,3031
15.01. 10:45;4,7711
15.01. 11:00;6,036
15.01. 11:15;4,5658
15.01. 11:30;1,6953
15.01. 11:45;0,49816
15.01. 12:00;0,50166
15.01. 12:15;2,4898
15.01. 12:30;4,2885
15.01. 12:45;3,4909
15.01. 13:00;1,617
15.01. 13:15;1,9313
15.01. 13:30;2,3493
15.01. 13:45;2,303
15.01. 14:00;1,5584
15.01. 14:15;1,7542
15.01. 14:30;1,4382
15.01. 14:45;1,3876
15.01. 15:00;0,80056
15.01. 15:15;0,17854
15.01. 15:30;0,12263
15.01. 15:45;0,02067
15.01. 16:00;0
15.01. 16:15;0
15.01. 16:30;0
15.01. 16:45;0
15.01. 17:00;0
15.01. 17:15;0
15.01. 17:30;0
15.01. 17:45;0
15.01. 18:00;0
15.01. 18:15;0
15.01. 18:30;0
15.01. 18:45;0
15.01. 19:00;0
15.01. 19:15;0
15.01. 19:30;0
15.01. 19:45;0
15.01. 20:00;0
15.01. 20:15;0
15.01. 20:30;0
15.01. 20:45;0
15.01. 21:00;0
15.01. 21:15;0
15.01. 21:30;0
15.01. 21:45;0
15.01. 22:00;0
15.01. 22:15;0
15.01. 22:30;0
15.01. 22:45;0
15.01. 23:00;0
15.01. 23:15;0
15.01. 23:30;0
15.01. 23:45;0
16.01. 00:00;0
16.01. 00:15;0
16.01. 00:30;0
16.01. 00:45;0
16.01. 01:00;0
16.01. 01:15;0
16.01. 01:30;0
16.01. 01:45;0
16.01. 02:00;0
16.01. 02:15;0
16.01. 02:30;0
16.01. 02:45;0
16.01. 03:00;0
16.01. 03:15;0
16.01. 03:30;0
16.01. 03:45;0
16.01. 04:00;0
16.01. 04:15;0
16.01. 04:30;0
16.01. 04:45;0
16.01. 05:00;0
16.01. 05:15;0
16.01. 05:30;0
16.01. 05:45;0
16.01. 06:00;0
16.01. 06:15;0
16.01. 06:30;0
16.01. 06:45;0
16.01. 07:00;0
16.01. 07:15;0
16.01. 07:30;0
16.01. 07:45;0
16.01. 08:00;0
16.01. 08:15;0,27996
16.01. 08:30;1,2393
16.01. 08:45;1,8716
16.01. 09:00;7,5495
16.01. 09:15;7,9392
16.01. 09:30;11,935
16.01. 09:45;12,272
16.01. 10:00;16,329
16.01. 10:15;18,081
16.01. 10:30;20,944
16.01. 10:45;23,414
16.01. 11:00;21,802
16.01. 11:15;23,161
16.01. 11:30;24,231
16.01. 11:45;24,823
16.01. 12:00;23,671
16.01. 12:15;23,198
16.01. 12:30;25,078
16.01. 12:45;37,675
16.01. 13:00;26,749
16.01. 13:15;24,751
16.01. 13:30;23,446
16.01. 13:45;21,879
16.01. 14:00;19,513
16.01. 14:15;17,382
16.01. 14:30;15,236
16.01. 14:45;12,927
16.01. 15:00;10,294
16.01. 15:15;4,8103
16.01. 15:30;4,4153
16.01. 15:45;2,2646
16.01. 16:00;0,57468
16.01. 16:15;0
16.01. 16:30;0
16.01. 16:45;0
16.01. 17:00;0
16.01. 17:15;0
16.01. 17:30;0
16.01. 17:45;0
16.01. 18:00;0
16.01. 18:15;0
16.01. 18:30;0
16.01. 18:45;0
16.01. 19:00;0
16.01. 19:15;0
16.01. 19:30;0
16.01. 19:45;0
16.01. 20:00;0
16.01. 20:15;0
16.01. 20:30;0
16.01. 20:45;0
16.01. 21:00;0
16.01. 21:15;0
16.01. 21:30;0
16.01. 21:45;0
16.01. 22:00;0
16.01. 22:15;0
16.01. 22:30;0
16.01. 22:45;0
16.01. 23:00;0
16.01. 23:15;0
16.01. 23:30;0
16.01. 23:45;0
17.01. 00:00;0
17.01. 00:15;0
17.01. 00:30;0
17.01. 00:45;0
17.01. 01:00;0
17.01. 01:15;0
17.01. 01:30;0
17.01. 01:45;0
17.01. 02:00;0
17.01. 02:15;0
17.01. 02:30;0
17.01. 02:45;0
17.01. 03:00;0
17.01. 03:15;0
17.01. 03:30;0
17.01. 03:45;0
17.01. 04:00;0
17.01. 04:15;0
17.01. 04:30;0
17.01. 04:45;0
17.01. 05:00;0
17.01. 05:15;0
17.01. 05:30;0
17.01. 05:45;0
17.01. 06:00;0
17.01. 06:15;0
17.01. 06:30;0
17.01. 06:45;0
17.01. 07:00;0
17.01. 07:15;0
17.01. 07:30;0
17.01. 07:45;0
17.01. 08:00;0
17.01. 08:15;0,09399
17.01. 08:30;0,7856
17.01. 08:45;5,0352
17.01. 09:00;4,4866
17.01. 09:15;4,9121
17.01. 09:30;5,8665
17.01. 09:45;7,7516
17.01. 10:00;9,6961
17.01. 10:15;6,4324
17.01. 10:30;5,341
17.01. 10:45;5,4191
17.01. 11:00;5,9835
17.01. 11:15;11,533
17.01. 11:30;12,456
17.01. 11:45;5,483
17.01. 12:00;7,2337
17.01. 12:15;12,993
17.01. 12:30;18,618
17.01. 12:45;19,277
17.01. 13:00;13,88
17.01. 13:15;21,22
17.01. 13:30;16,554
17.01. 13:45;8,162
17.01. 14:00;6,1197
17.01. 14:15;5,9977
17.01. 14:30;7,0326
17.01. 14:45;6,5848
17.01. 15:00;2,7584
17.01. 15:15;0,75045
17.01. 15:30;0,1983
17.01. 15:45;0,11837
17.01. 16:00;0
17.01. 16:15;0
17.01. 16:30;0
17.01. 16:45;0
17.01. 17:00;0
17.01. 17:15;0
17.01. 17:30;0
17.01. 17:45;0
17.01. 18:00;0
17.01. 18:15;0
17.01. 18:30;0
17.01. 18:45;0
17.01. 19:00;0
17.01. 19:15;0
17.01. 19:30;0
17.01. 19:45;0
17.01. 20:00;0
17.01. 20:15;0
17.01. 20:30;0
17.01. 20:45;0
17.01. 21:00;0
17.01. 21:15;0
17.01. 21:30;0
17.01. 21:45;0
17.01. 22:00;0
17.01. 22:15;0
17.01. 22:30;0
17.01. 22:45;0
17.01. 23:00;0
17.01. 23:15;0
17.01. 23:30;0
17.01. 23:45;0
18.01. 00:00;0
18.01. 00:15;0
18.01. 00:30;0
18.01. 00:45;0
18.01. 01:00;0
18.01. 01:15;0
18.01. 01:30;0
18.01. 01:45;0
18.01. 02:00;0
18.01. 02:15;0
18.01. 02:30;0
18.01. 02:45;0
18.01. 03:00;0
18.01. 03:15;0
18.01. 03:30;0
18.01. 03:45;0
18.01. 04:00;0
18.01. 04:15;0
18.01. 04:30;0
18.01. 04:45;0
18.01. 05:00;0
18.01. 05:15;0
18.01. 05:30;0
18.01. 05:45;0
18.01. 06:00;0
18.01. 06:15;0
18.01. 06:30;0
18.01. 06:45;0
18.01. 07:00;0
18.01. 07:15;0
18.01. 07:30;0
18.01. 07:45;0
18.01. 08:00;0
18.01. 08:15;0,06638
18.01. 08:30;0,20548
18.01. 08:45;0,2417
18.01. 09:00;0,50287
18.01. 09:15;2,4376
18.01. 09:30;3,8866
18.01. 09:45;4,2798
18.01. 10:00;5,7318
18.01. 10:15;5,6829
18.01. 10:30;6,2776
18.01. 10:45;6,0851
18.01. 11:00;7,2382
18.01. 11:15;5,0968
18.01. 11:30;5,7058
18.01. 11:45;5,7349
18.01. 12:00;5,3155
18.01. 12:15;4,9601
18.01. 12:30;8,2845
18.01. 12:45;8,5047
18.01. 13:00;9,1157
18.01. 13:15;10,809
18.01. 13:30;8,8219
18.01. 13:45;6,8336
18.01. 14:00;6,3081
18.01. 14:15;6,4899
18.01. 14:30;6,8563
18.01. 14:45;7,6316
18.01. 15:00;2,2927
18.01. 15:15;2,7361
18.01. 15:30;1,7251
18.01. 15:45;1,0459
18.01. 16:00;0
18.01. 16:15;0
18.01. 16:30;0
18.01. 16:45;0
18.01. 17:00;0
18.01. 17:15;0
18.01. 17:30;0
18.01. 17:45;0
18.01. 18:00;0
18.01. 18:15;0
18.01. 18:30;0
18.01. 18:45;0
18.01. 19:00;0
18.01. 19:15;0
18.01. 19:30;0
18.01. 19:45;0
18.01. 20:00;0
18.01. 20:15;0
18.01. 20:30;0
18.01. 20:45;0
18.01. 21:00;0
18.01. 21:15;0
18.01. 21:30;0
18.01. 21:45;0
18.01. 22:00;0
18.01. 22:15;0
18.01. 22:30;0
18.01. 22:45;0
18.01. 23:00;0
18.01. 23:15;0
18.01. 23:30;0
18.01. 23:45;0
19.01. 00:00;0
19.01. 00:15;0
19.01. 00:30;0
19.01. 00:45;0
19.01. 01:00;0
19.01. 01:15;0
19.01. 01:30;0
19.01. 01:45;0
19.01. 02:00;0
19.01. 02:15;0
19.01. 02:30;0
19.01. 02:45;0
19.01. 03:00;0
19.01. 03:15;0
19.01. 03:30;0
19.01. 03:45;0
19.01. 04:00;0
19.01. 04:15;0
19.01. 04:30;0
19.01. 04:45;0
19.01. 05:00;0
19.01. 05:15;0
19.01. 05:30;0
19.01. 05:45;0
19.01. 06:00;0
19.01. 06:15;0
19.01. 06:30;0
19.01. 06:45;0
19.01. 07:00;0
19.01. 07:15;0
19.01. 07:30;0
19.01. 07:45;0
19.01. 08:00;0
19.01. 08:15;0,24831
19.01. 08:30;2,3865
19.01. 08:45;2,9556
19.01. 09:00;4,5614
19.01. 09:15;5,805
19.01. 09:30;6,7825
19.01. 09:45;11,045
19.01. 10:00;8,0969
19.01. 10:15;5,152
19.01. 10:30;5,0796
19.01. 10:45;6,0386
19.01. 11:00;5,4385
19.01. 11:15;3,807
19.01. 11:30;2,0476
19.01. 11:45;1,2327
19.01. 12:00;1,9113
19.01. 12:15;4,1011
19.01. 12:30;6,5665
19.01. 12:45;20,531
19.01. 13:00;11,083
19.01. 13:15;5,2897
19.01. 13:30;5,3805
19.01. 13:45;5,596
19.01. 14:00;5,5008
19.01. 14:15;4,9469
19.01. 14:30;3,8394
19.01. 14:45;2,828
19.01. 15:00;1,6563
19.01. 15:15;1,034
19.01. 15:30;0,19366
19.01. 15:45;0,0726
19.01. 16:00;1,0828
19.01. 16:15;0,01137
19.01. 16:30;0
19.01. 16:45;0
19.01. 17:00;0
19.01. 17:15;0
19.01. 17:30;0
19.01. 17:45;0
19.01. 18:00;0
19.01. 18:15;0
19.01. 18:30;0
19.01. 18:45;0
19.01. 19:00;0
19.01. 19:15;0
19.01. 19:30;0
19.01. 19:45;0
19.01. 20:00;0
19.01. 20:15;0
19.01. 20:30;0
19.01. 20:45;0
19.01. 21:00;0
19.01. 21:15;0
19.01. 21:30;0
19.01. 21:45;0
19.01. 22:00;0
19.01. 22:15;0
19.01. 22:30;0
19.01. 22:45;0
19.01. 23:00;0
19.01. 23:15;0
19.01. 23:30;0
19.01. 23:45;0
20.01. 00:00;0
20.01. 00:15;0
20.01. 00:30;0
20.01. 00:45;0
20.01. 01:00;0
20.01. 01:15;0
20.01. 01:30;0
20.01. 01:45;0
20.01. 02:00;0
20.01. 02:15;0
20.01. 02:30;0
20.01. 02:45;0
20.01. 03:00;0
20.01. 03:15;0
20.01. 03:30;0
20.01. 03:45;0
20.01. 04:00;0
20.01. 04:15;0
20.01. 04:30;0
20.01. 04:45;0
20.01. 05:00;0
20.01. 05:15;0
20.01. 05:30;0
20.01. 05:45;0
20.01. 06:00;0
20.01. 06:15;0
20.01. 06:30;0
20.01. 06:45;0
20.01. 07:00;0
20.01. 07:15;0
20.01. 07:30;0
20.01. 07:45;0
20.01. 08:00;0
20.01. 08:15;0,02796
20.01. 08:30;0,21506
20.01. 08:45;0,499
20.01. 09:00;0,76587
20.01. 09:15;2,0213
20.01. 09:30;4,592
20.01. 09:45;4,8373
20.01. 10:00;3,9983
20.01. 10:15;2,7822
20.01. 10:30;1,98
20.01. 10:45;1,5245
20.01. 11:00;1,1443
20.01. 11:15;2,4099
20.01. 11:30;2,9828
20.01. 11:45;3,9229
20.01. 12:00;6,4906
20.01. 12:15;7,1637
20.01. 12:30;5,8719
20.01. 12:45;9,5813
20.01. 13:00;10,41
20.01. 13:15;9,2264
20.01. 13:30;10,231
20.01. 13:45;11,422
20.01. 14:00;7,1653
20.01. 14:15;4,036
20.01. 14:30;2,815
20.01. 14:45;1,3335
20.01. 15:00;0,68369
20.01. 15:15;1,2462
20.01. 15:30;0,95234
20.01. 15:45;0,40531
20.01. 16:00;0
20.01. 16:15;0
20.01. 16:30;0
20.01. 16:45;0
20.01. 17:00;0
20.01. 17:15;0
20.01. 17:30;0
20.01. 17:45;0
20.01. 18:00;0
20.01. 18:15;0
20.01. 18:30;0
20.01. 18:45;0
20.01. 19:00;0
20.01. 19:15;0
20.01. 19:30;0
20.01. 19:45;0
20.01. 20:00;0
20.01. 20:15;0
20.01. 20:30;0
20.01. 20:45;0
20.01. 21:00;0
20.01. 21:15;0
20.01. 21:30;0
20.01. 21:45;0
20.01. 22:00;0
20.01. 22:15;0
20.01. 22:30;0
20.01. 22:45;0
20.01. 23:00;0
20.01. 23:15;0
20.01. 23:30;0
20.01. 23:45;0
21.01. 00:00;0
21.01. 00:15;0
21.01. 00:30;0
21.01. 00:45;0
21.01. 01:00;0
21.01. 01:15;0
21.01. 01:30;0
21.01. 01:45;0
21.01. 02:00;0
21.01. 02:15;0
21.01. 02:30;0
21.01. 02:45;0
21.01. 03:00;0
21.01. 03:15;0
21.01. 03:30;0
21.01. 03:45;0
21.01. 04:00;0
21.01. 04:15;0
21.01. 04:30;0
21.01. 04:45;0
21.01. 05:00;0
21.01. 05:15;0
21.01. 05:30;0
21.01. 05:45;0
21.01. 06:00;0
21.01. 06:15;0
21.01. 06:30;0
21.01. 06:45;0
21.01. 07:00;0
21.01. 07:15;0
21.01. 07:30;0
21.01. 07:45;0
21.01. 08:00;0
21.01. 08:15;0,16196
21.01. 08:30;0,99164
21.01. 08:45;2,7357
21.01. 09:00;3,3424
21.01. 09:15;5,9973
21.01. 09:30;7,0694
21.01. 09:45;5,7073
21.01. 10:00;6,4944
21.01. 10:15;9,1454
21.01. 10:30;11,703
21.01. 10:45;17,672
21.01. 11:00;12,337
21.01. 11:15;6,6121
21.01. 11:30;5,0199
21.01. 11:45;5,4039
21.01. 12:00;6,51
21.01. 12:15;7,1006
21.01. 12:30;6,6853
21.01. 12:45;6,6868
21.01. 13:00;5,2986
21.01. 13:15;7,2853
21.01. 13:30;7,206
21.01. 13:45;6,3519
21.01. 14:00;8,2003
21.01. 14:15;15,842
21.01. 14:30;11,182
21.01. 14:45;3,3149
21.01. 15:00;3,3014
21.01. 15:15;8,7684
21.01. 15:30;6,227
21.01. 15:45;3,6028
21.01. 16:00;0
21.01. 16:15;0
21.01. 16:30;0
21.01. 16:45;0
21.01. 17:00;0
21.01. 17:15;0
21.01. 17:30;0
21.01. 17:45;0
21.01. 18:00;0
21.01. 18:15;0
21.01. 18:30;0
21.01. 18:45;0
21.01. 19:00;0
21.01. 19:15;0
21.01. 19:30;0
21.01. 19:45;0
21.01. 20:00;0
21.01. 20:15;0
21.01. 20:30;0
21.01. 20:45;0
21.01. 21:00;0
21.01. 21:15;0
21.01. 21:30;0
21.01. 21:45;0
21.01. 22:00;0
21.01. 22:15;0
21.01. 22:30;0
21.01. 22:45;0
21.01. 23:00;0
21.01. 23:15;0
21.01. 23:30;0
21.01. 23:45;0
22.01. 00:00;0
22.01. 00:15;0
22.01. 00:30;0
22.01. 00:45;0
22.01. 01:00;0
22.01. 01:15;0
22.01. 01:30;0
22.01. 01:45;0
22.01. 02:00;0
22.01. 02:15;0
22.01. 02:30;0
22.01. 02:45;0
22.01. 03:00;0
22.01. 03:15;0
22.01. 03:30;0
22.01. 03:45;0
22.01. 04:00;0
22.01. 04:15;0
22.01. 04:30;0
22.01. 04:45;0
22.01. 05:00;0
22.01. 05:15;0
22.01. 05:30;0
22.01. 05:45;0
22.01. 06:00;0
22.01. 06:15;0
22.01. 06:30;0
22.01. 06:45;0
22.01. 07:00;0
22.01. 07:15;0
22.01. 07:30;0
22.01. 07:45;0
22.01. 08:00;0
22.01. 08:15;0,18497
22.01. 08:30;0,96057
22.01. 08:45;1,4661
22.01. 09:00;2,7932
22.01. 09:15;4,0464
22.01. 09:30;4,7379
22.01. 09:45;9,0303
22.01. 10:00;4,7223
22.01. 10:15;6,8991
22.01. 10:30;7,3311
22.01. 10:45;4,993
22.01. 11:00;6,5552
22.01. 11:15;9,4299
22.01. 11:30;17,653
22.01. 11:45;13,293
22.01. 12:00;7,7328
22.01. 12:15;7,8111
22.01. 12:30;25,963
22.01. 12:45;22,685
22.01. 13:00;24,187
22.01. 13:15;10,647
22.01. 13:30;11,828
22.01. 13:45;12,984
22.01. 14:00;18,062
22.01. 14:15;11,642
22.01. 14:30;8,7839
22.01. 14:45;10,198
22.01. 15:00;9,6457
22.01. 15:15;7,927
22.01. 15:30;6,7014
22.01. 15:45;1,3959
22.01. 16:00;1,7712
22.01. 16:15;0,21516
22.01. 16:30;0
22.01. 16:45;0
22.01. 17:00;0
22.01. 17:15;0
22.01. 17:30;0
22.01. 17:45;0
22.01. 18:00;0
22.01. 18:15;0
22.01. 18:30;0
22.01. 18:45;0
22.01. 19:00;0
22.01. 19:15;0
22.01. 19:30;0
22.01. 19:45;0
22.01. 20:00;0
22.01. 20:15;0
22.01. 20:30;0
22.01. 20:45;0
22.01. 21:00;0
22.01. 21:15;0
22.01. 21:30;0
22.01. 21:45;0
22.01. 22:00;0
22.01. 22:15;0
22.01. 22:30;0
22.01. 22:45;0
22.01. 23:00;0
22.01. 23:15;0
22.01. 23:30;0
22.01. 23:45;0
23.01. 00:00;0
23.01. 00:15;0
23.01. 00:30;0
23.01. 00:45;0
23.01. 01:00;0
23.01. 01:15;0
23.01. 01:30;0
23.01. 01:45;0
23.01. 02:00;0
23.01. 02:15;0
23.01. 02:30;0
23.01. 02:45;0
23.01. 03:00;0
23.01. 03:15;0
23.01. 03:30;0
23.01. 03:45;0
23.01. 04:00;0
23.01. 04:15;0
23.01. 04:30;0
23.01. 04:45;0
23.01. 05:00;0
23.01. 05:15;0
23.01. 05:30;0
23.01. 05:45;0
23.01. 06:00;0
23.01. 06:15;0
23.01. 06:30;0
23.01. 06:45;0
23.01. 07:00;0
23.01. 07:15;0
23.01. 07:30;0
23.01. 07:45;0
23.01. 08:00;0
23.01. 08:15;0,34319
23.01. 08:30;0,29385
23.01. 08:45;0,5895
23.01. 09:00;1,054
23.01. 09:15;2,499
23.01. 09:30;3,4835
23.01. 09:45;4,9021
23.01. 10:00;4,5047
23.01. 10:15;6,2583
23.01. 10:30;6,1345
23.01. 10:45;9,7288
23.01. 11:00;10,263
23.01. 11:15;13,504
23.01. 11:30;12,132
23.01. 11:45;16,629
23.01. 12:00;11,559
23.01. 12:15;18,081
23.01. 12:30;27,995
23.01. 12:45;23,747
23.01. 13:00;26,22
23.01. 13:15;19,74
23.01. 13:30;23,368
23.01. 13:45;19,57
23.01. 14:00;14,382
23.01. 14:15;16,734
23.01. 14:30;14,677
23.01. 14:45;10,313
23.01. 15:00;6,2695
23.01. 15:15;3,4002
23.01. 15:30;2,872
23.01. 15:45;2,1465
23.01. 16:00;0,14079
23.01. 16:15;0,00459
23.01. 16:30;0
23.01. 16:45;0
23.01. 17:00;0
23.01. 17:15;0
23.01. 17:30;0
23.01. 17:45;0
23.01. 18:00;0
23.01. 18:15;0
23.01. 18:30;0
23.01. 18:45;0
23.01. 19:00;0
23.01. 19:15;0
23.01. 19:30;0
23.01. 19:45;0
23.01. 20:00;0
23.01. 20:15;0
23.01. 20:30;0
23.01. 20:45;0
23.01. 21:00;0
23.01. 21:15;0
23.01. 21:30;0
23.01. 21:45;0
23.01. 22:00;0
23.01. 22:15;0
23.01. 22:30;0
23.01. 22:45;0
23.01. 23:00;0
23.01. 23:15;0
23.01. 23:30;0
23.01. 23:45;0
24.01. 00:00;0
24.01. 00:15;0
24.01. 00:30;0
24.01. 00:45;0
24.01. 01:00;0
24.01. 01:15;0
24.01. 01:30;0
24.01. 01:45;0
24.01. 02:00;0
24.01. 02:15;0
24.01. 02:30;0
24.01. 02:45;0
24.01. 03:00;0
24.01. 03:15;0
24.01. 03:30;0
24.01. 03:45;0
24.01. 04:00;0
24.01. 04:15;0
24.01. 04:30;0
24.01. 04:45;0
24.01. 05:00;0
24.01. 05:15;0
24.01. 05:30;0
24.01. 05:45;0
24.01. 06:00;0
24.01. 06:15;0
24.01. 06:30;0
24.01. 06:45;0
24.01. 07:00;0
24.01. 07:15;0
24.01. 07:30;0
24.01. 07:45;0
24.01. 08:00;0,00688
24.01. 08:15;0,2639
24.01. 08:30;0,52942
24.01. 08:45;0,63393
24.01. 09:00;1,2303
24.01. 09:15;2,8697
24.01. 09:30;7,4378
24.01. 09:45;9,1451
24.01. 10:00;6,4812
24.01. 10:15;9,5295
24.01. 10:30;8,3757
24.01. 10:45;5,5534
24.01. 11:00;5,0864
24.01. 11:15;11,086
24.01. 11:30;15,698
24.01. 11:45;16,688
24.01. 12:00;15,381
24.01. 12:15;12,799
24.01. 12:30;12,951
24.01. 12:45;17,543
24.01. 13:00;14,835
24.01. 13:15;8,5833
24.01. 13:30;8,0551
24.01. 13:45;4,5267
24.01. 14:00;4,8943
24.01. 14:15;6,864
24.01. 14:30;12,081
24.01. 14:45;7,2746
24.01. 15:00;3,4633
24.01. 15:15;2,604
24.01. 15:30;1,3856
24.01. 15:45;0,40255
24.01. 16:00;1,3447
24.01. 16:15;0,82163
24.01. 16:30;0
24.01. 16:45;0
24.01. 17:00;0
24.01. 17:15;0
24.01. 17:30;0
24.01. 17:45;0
24.01. 18:00;0
24.01. 18:15;0
24.01. 18:30;0
24.01. 18:45;0
24.01. 19:00;0
24.01. 19:15;0
24.01. 19:30;0
24.01. 19:45;0
24.01. 20:00;0
24.01. 20:15;0
24.01. 20:30;0
24.01. 20:45;0
24.01. 21:00;0
24.01. 21:15;0
24.01. 21:30;0
24.01. 21:45;0
24.01. 22:00;0
24.01. 22:15;0
24.01. 22:30;0
24.01. 22:45;0
24.01. 23:00;0
24.01. 23:15;0
24.01. 23:30;0
24.01. 23:45;0
25.01. 00:00;0
25.01. 00:15;0
25.01. 00:30;0
25.01. 00:45;0
25.01. 01:00;0
25.01. 01:15;0
25.01. 01:30;0
25.01. 01:45;0
25.01. 02:00;0
25.01. 02:15;0
25.01. 02:30;0
25.01. 02:45;0
25.01. 03:00;0
25.01. 03:15;0
25.01. 03:30;0
25.01. 03:45;0
25.01. 04:00;0
25.01. 04:15;0
25.01. 04:30;0
25.01. 04:45;0
25.01. 05:00;0
25.01. 05:15;0
25.01. 05:30;0
25.01. 05:45;0
25.01. 06:00;0
25.01. 06:15;0
25.01. 06:30;0
25.01. 06:45;0
25.01. 07:00;0
25.01. 07:15;0
25.01. 07:30;0
25.01. 07:45;0
25.01. 08:00;0,01669
25.01. 08:15;0,37849
25.01. 08:30;0,72452
25.01. 08:45;0,92902
25.01. 09:00;2,5316
25.01. 09:15;5,2189
25.01. 09:30;6,9471
25.01. 09:45;5,7902
25.01. 10:00;5,8688
25.01. 10:15;7,5056
25.01. 10:30;5,5783
25.01. 10:45;6,2676
25.01. 11:00;6,7389
25.01. 11:15;5,3274
25.01. 11:30;4,4324
25.01. 11:45;2,2558
25.01. 12:00;2,8732
25.01. 12:15;3,7044
25.01. 12:30;5,2172
25.01. 12:45;5,7252
25.01. 13:00;3,3367
25.01. 13:15;4,0064
25.01. 13:30;2,5113
25.01. 13:45;2,9214
25.01. 14:00;2,836
25.01. 14:15;2,9042
25.01. 14:30;2,6062
25.01. 14:45;2,2202
25.01. 15:00;1,7931
25.01. 15:15;0,76568
25.01. 15:30;0,9851
25.01. 15:45;0,5787
25.01. 16:00;0,57667
25.01. 16:15;0,20995
25.01. 16:30;0
25.01. 16:45;0
25.01. 17:00;0
25.01. 17:15;0
25.01. 17:30;0
25.01. 17:45;0
25.01. 18:00;0
25.01. 18:15;0
25.01. 18:30;0
25.01. 18:45;0
25.01. 19:00;0
25.01. 19:15;0
25.01. 19:30;0
25.01. 19:45;0
25.01. 20:00;0
25.01. 20:15;0
25.01. 20:30;0
25.01. 20:45;0
25.01. 21:00;0
25.01. 21:15;0
25.01. 21:30;0
25.01. 21:45;0
25.01. 22:00;0
25.01. 22:15;0
25.01. 22:30;0
25.01. 22:45;0
25.01. 23:00;0
25.01. 23:15;0
25.01. 23:30;0
25.01. 23:45;0
26.01. 00:00;0
26.01. 00:15;0
26.01. 00:30;0
26.01. 00:45;0
26.01. 01:00;0
26.01. 01:15;0
26.01. 01:30;0
26.01. 01:45;0
26.01. 02:00;0
26.01. 02:15;0
26.01. 02:30;0
26.01. 02:45;0
26.01. 03:00;0
26.01. 03:15;0
26.01. 03:30;0
26.01. 03:45;0
26.01. 04:00;0
26.01. 04:15;0
26.01. 04:30;0
26.01. 04:45;0
26.01. 05:00;0
26.01. 05:15;0
26.01. 05:30;0
26.01. 05:45;0
26.01. 06:00;0
26.01. 06:15;0
26.01. 06:30;0
26.01. 06:45;0
26.01. 07:00;0
26.01. 07:15;0
26.01. 07:30;0
26.01. 07:45;0
26.01. 08:00;0,09379
26.01. 08:15;0,59216
26.01. 08:30;0,88741
26.01. 08:45;3,2981
26.01. 09:00;4,773
26.01. 09:15;6,1977
26.01. 09:30;5,6712
26.01. 09:45;12,038
26.01. 10:00;8,4667
26.01. 10:15;4,4093
26.01. 10:30;6,6376
26.01. 10:45;13,023
26.01. 11:00;10,41
26.01. 11:15;5,9013
26.01. 11:30;2,4236
26.01. 11:45;2,5226
26.01. 12:00;5,1097
26.01. 12:15;7,6953
26.01. 12:30;6,5323
26.01. 12:45;7,7179
26.01. 13:00;5,8059
26.01. 13:15;25,048
26.01. 13:30;23,515
26.01. 13:45;20,938
26.01. 14:00;13,44
26.01. 14:15;22,309
26.01. 14:30;22,162
26.01. 14:45;21,945
26.01. 15:00;14,913
26.01. 15:15;11,67
26.01. 15:30;8,9767
26.01. 15:45;6,9412
26.01. 16:00;3,3929
26.01. 16:15;0,79242
26.01. 16:30;0
26.01. 16:45;0
26.01. 17:00;0
26.01. 17:15;0
26.01. 17:30;0
26.01. 17:45;0
26.01. 18:00;0
26.01. 18:15;0
26.01. 18:30;0
26.01. 18:45;0
26.01. 19:00;0
26.01. 19:15;0
26.01. 19:30;0
26.01. 19:45;0
26.01. 20:00;0
26.01. 20:15;0
26.01. 20:30;0
26.01. 20:45;0
26.01. 21:00;0
26.01. 21:15;0
26.01. 21:30;0
26.01. 21:45;0
26.01. 22:00;0
26.01. 22:15;0
26.01. 22:30;0
26.01. 22:45;0
26.01. 23:00;0
26.01. 23:15;0
26.01. 23:30;0
26.01. 23:45;0
27.01. 00:00;0
27.01. 00:15;0
27.01. 00:30;0
27.01. 00:45;0
27.01. 01:00;0
27.01. 01:15;0
27.01. 01:30;0
27.01. 01:45;0
27.01. 02:00;0
27.01. 02:15;0
27.01. 02:30;0
27.01. 02:45;0
27.01. 03:00;0
27.01. 03:15;0
27.01. 03:30;0
27.01. 03:45;0
27.01. 04:00;0
27.01. 04:15;0
27.01. 04:30;0
27.01. 04:45;0
27.01. 05:00;0
27.01. 05:15;0
27.01. 05:30;0
27.01. 05:45;0
27.01. 06:00;0
27.01. 06:15;0
27.01. 06:30;0
27.01. 06:45;0
27.01. 07:00;0
27.01. 07:15;0
27.01. 07:30;0
27.01. 07:45;0
27.01. 08:00;0,12698
27.01. 08:15;0,73336
27.01. 08:30;1,9358
27.01. 08:45;3,0212
27.01. 09:00;1,7821
27.01. 09:15;1,6579
27.01. 09:30;3,3675
27.01. 09:45;5,1512
27.01. 10:00;6,3717
27.01. 10:15;7,5496
27.01. 10:30;6,011
27.01. 10:45;5,6078
27.01. 11:00;5,804
27.01. 11:15;6,7642
27.01. 11:30;7,2422
27.01. 11:45;10,69
27.01. 12:00;15,539
27.01. 12:15;14,863
27.01. 12:30;13,107
27.01. 12:45;12,723
27.01. 13:00;12,017
27.01. 13:15;10,581
27.01. 13:30;11,012
27.01. 13:45;11,777
27.01. 14:00;5,3625
27.01. 14:15;5,8497
27.01. 14:30;4,8199
27.01. 14:45;4,0369
27.01. 15:00;3,0489
27.01. 15:15;1,526
27.01. 15:30;1,1334
27.01. 15:45;0,4626
27.01. 16:00;0,11053
27.01. 16:15;0,00436
27.01. 16:30;0
27.01. 16:45;0
27.01. 17:00;0
27.01. 17:15;0
27.01. 17:30;0
27.01. 17:45;0
27.01. 18:00;0
27.01. 18:15;0
27.01. 18:30;0
27.01. 18:45;0
27.01. 19:00;0
27.01. 19:15;0
27.01. 19:30;0
27.01. 19:45;0
27.01. 20:00;0
27.01. 20:15;0
27.01. 20:30;0
27.01. 20:45;0
27.01. 21:00;0
27.01. 21:15;0
27.01. 21:30;0
27.01. 21:45;0
27.01. 22:00;0
27.01. 22:15;0
27.01. 22:30;0
27.01. 22:45;0
27.01. 23:00;0
27.01. 23:15;0
27.01. 23:30;0
27.01. 23:45;0
28.01. 00:00;0
28.01. 00:15;0
28.01. 00:30;0
28.01. 00:45;0
28.01. 01:00;0
28.01. 01:15;0
28.01. 01:30;0
28.01. 01:45;0
28.01. 02:00;0
28.01. 02:15;0
28.01. 02:30;0
28.01. 02:45;0
28.01. 03:00;0
28.01. 03:15;0
28.01. 03:30;0
28.01. 03:45;0
28.01. 04:00;0
28.01. 04:15;0
28.01. 04:30;0
28.01. 04:45;0
28.01. 05:00;0
28.01. 05:15;0
28.01. 05:30;0
28.01. 05:45;0
28.01. 06:00;0
28.01. 06:15;0
28.01. 06:30;0
28.01. 06:45;0
28.01. 07:00;0
28.01. 07:15;0
28.01. 07:30;0
28.01. 07:45;0
28.01. 08:00;0,21337
28.01. 08:15;0,77166
28.01. 08:30;2,6623
28.01. 08:45;2,6093
28.01. 09:00;4,4683
28.01. 09:15;3,8492
28.01. 09:30;8,4912
28.01. 09:45;16,931
28.01. 10:00;9,7472
28.01. 10:15;10,887
28.01. 10:30;11,466
28.01. 10:45;8,7243
28.01. 11:00;7,5465
28.01. 11:15;5,511
28.01. 11:30;4,6891
28.01. 11:45;4,017
28.01. 12:00;5,8498
28.01. 12:15;7,1193
28.01. 12:30;4,4143
28.01. 12:45;2,1744
28.01. 13:00;0,98426
28.01. 13:15;3,0549
28.01. 13:30;6,1923
28.01. 13:45;5,9707
28.01. 14:00;5,639
28.01. 14:15;4,6084
28.01. 14:30;2,0828
28.01. 14:45;1,2651
28.01. 15:00;2,0132
28.01. 15:15;2,6724
28.01. 15:30;2,3024
28.01. 15:45;1,3671
28.01. 16:00;0,66561
28.01. 16:15;0,12818
28.01. 16:30;0
28.01. 16:45;0
28.01. 17:00;0
28.01. 17:15;0
28.01. 17:30;0
28.01. 17:45;0
28.01. 18:00;0
28.01. 18:15;0
28.01. 18:30;0
28.01. 18:45;0
28.01. 19:00;0
28.01. 19:15;0
28.01. 19:30;0
28.01. 19:45;0
28.01. 20:00;0
28.01. 20:15;0
28.01. 20:30;0
28.01. 20:45;0
28.01. 21:00;0
28.01. 21:15;0
28.01. 21:30;0
28.01. 21:45;0
28.01. 22:00;0
28.01. 22:15;0
28.01. 22:30;0
28.01. 22:45;0
28.01. 23:00;0
28.01. 23:15;0
28.01. 23:30;0
28.01. 23:45;0
29.01. 00:00;0
29.01. 00:15;0
29.01. 00:30;0
29.01. 00:45;0
29.01. 01:00;0
29.01. 01:15;0
29.01. 01:30;0
29.01. 01:45;0
29.01. 02:00;0
29.01. 02:15;0
29.01. 02:30;0
29.01. 02:45;0
29.01. 03:00;0
29.01. 03:15;0
29.01. 03:30;0
29.01. 03:45;0
29.01. 04:00;0
29.01. 04:15;0
29.01. 04:30;0
29.01. 04:45;0
29.01. 05:00;0
29.01. 05:15;0
29.01. 05:30;0
29.01. 05:45;0
29.01. 06:00;0
29.01. 06:15;0
29.01. 06:30;0
29.01. 06:45;0
29.01. 07:00;0
29.01. 07:15;0
29.01. 07:30;0
29.01. 07:45;0
29.01. 08:00;0,2906
29.01. 08:15;1,4093
29.01. 08:30;3,2124
29.01. 08:45;3,4505
29.01. 09:00;4,7093
29.01. 09:15;7,6436
29.01. 09:30;14,841
29.01. 09:45;17,694
29.01. 10:00;14,558
29.01. 10:15;12,474
29.01. 10:30;11,278
29.01. 10:45;8,2864
29.01. 11:00;6,4758
29.01. 11:15;6,0651
29.01. 11:30;9,803
29.01. 11:45;8,3871
29.01. 12:00;7,8194
29.01. 12:15;4,1487
29.01. 12:30;5,7264
29.01. 12:45;6,2878
29.01. 13:00;5,7286
29.01. 13:15;4,2344
29.01. 13:30;3,9475
29.01. 13:45;4,2262
29.01. 14:00;3,8773
29.01. 14:15;3,5963
29.01. 14:30;2,6148
29.01. 14:45;1,8661
29.01. 15:00;1,6156
29.01. 15:15;1,5537
29.01. 15:30;1,1215
29.01. 15:45;0,28817
29.01. 16:00;0,30595
29.01. 16:15;0,01484
29.01. 16:30;0
29.01. 16:45;0
29.01. 17:00;0
29.01. 17:15;0
29.01. 17:30;0
29.01. 17:45;0
29.01. 18:00;0
29.01. 18:15;0
29.01. 18:30;0
29.01. 18:45;0
29.01. 19:00;0
29.01. 19:15;0
29.01. 19:30;0
29.01. 19:45;0
29.01. 20:00;0
29.01. 20:15;0
29.01. 20:30;0
29.01. 20:45;0
29.01. 21:00;0
29.01. 21:15;0
29.01. 21:30;0
29.01. 21:45;0
29.01. 22:00;0
29.01. 22:15;0
29.01. 22:30;0
29.01. 22:45;0
29.01. 23:00;0
29.01. 23:15;0
29.01. 23:30;0
29.01. 23:45;0
30.01. 00:00;0
30.01. 00:15;0
30.01. 00:30;0
30.01. 00:45;0
30.01. 01:00;0
30.01. 01:15;0
30.01. 01:30;0
30.01. 01:45;0
30.01. 02:00;0
30.01. 02:15;0
30.01. 02:30;0
30.01. 02:45;0
30.01. 03:00;0
30.01. 03:15;0
30.01. 03:30;0
30.01. 03:45;0
30.01. 04:00;0
30.01. 04:15;0
30.01. 04:30;0
30.01. 04:45;0
30.01. 05:00;0
30.01. 05:15;0
30.01. 05:30;0
30.01. 05:45;0
30.01. 06:00;0
30.01. 06:15;0
30.01. 06:30;0
30.01. 06:45;0
30.01. 07:00;0
30.01. 07:15;0
30.01. 07:30;0
30.01. 07:45;0
30.01. 08:00;0,14533
30.01. 08:15;0,41048
30.01. 08:30;1,4775
30.01. 08:45;1,6427
30.01. 09:00;2,4894
30.01. 09:15;3,9728
30.01. 09:30;5,2234
30.01. 09:45;7,0953
30.01. 10:00;4,5582
30.01. 10:15;4,6425
30.01. 10:30;3,5011
30.01. 10:45;3,6244
30.01. 11:00;5,3439
30.01. 11:15;4,9669
30.01. 11:30;3,8852
30.01. 11:45;3,2739
30.01. 12:00;2,5034
30.01. 12:15;5,7961
30.01. 12:30;7,3428
30.01. 12:45;7,655
30.01. 13:00;7,6827
30.01. 13:15;4,1709
30.01. 13:30;3,2072
30.01. 13:45;3,2341
30.01. 14:00;3,5897
30.01. 14:15;3,1163
30.01. 14:30;1,9406
30.01. 14:45;1,1137
30.01. 15:00;0,55096
30.01. 15:15;0,86756
30.01. 15:30;2,0471
30.01. 15:45;1,3967
30.01. 16:00;0,37155
30.01. 16:15;0,09682
30.01. 16:30;0
30.01. 16:45;0
30.01. 17:00;0
30.01. 17:15;0
30.01. 17:30;0
30.01. 17:45;0
30.01. 18:00;0
30.01. 18:15;0
30.01. 18:30;0
30.01. 18:45;0
30.01. 19:00;0
30.01. 19:15;0
30.01. 19:30;0
30.01. 19:45;0
30.01. 20:00;0
30.01. 20:15;0
30.01. 20:30;0
30.01. 20:45;0
30.01. 21:00;0
30.01. 21:15;0
30.01. 21:30;0
30.01. 21:45;0
30.01. 22:00;0
30.01. 22:15;0
30.01. 22:30;0
30.01. 22:45;0
30.01. 23:00;0
30.01. 23:15;0
30.01. 23:30;0
30.01. 23:45;0
31.01. 00:00;0
31.01. 00:15;0
31.01. 00:30;0
31.01. 00:45;0
31.01. 01:00;0
31.01. 01:15;0
31.01. 01:30;0
31.01. 01:45;0
31.01. 02:00;0
31.01. 02:15;0
31.01. 02:30;0
31.01. 02:45;0
31.01. 03:00;0
31.01. 03:15;0
31.01. 03:30;0
31.01. 03:45;0
31.01. 04:00;0
31.01. 04:15;0
31.01. 04:30;0
31.01. 04:45;0
31.01. 05:00;0
31.01. 05:15;0
31.01. 05:30;0
31.01. 05:45;0
31.01. 06:00;0
31.01. 06:15;0
31.01. 06:30;0
31.01. 06:45;0
31.01. 07:00;0
31.01. 07:15;0
31.01. 07:30;0
31.01. 07:45;0
31.01. 08:00;0,24927
31.01. 08:15;0,54178
31.01. 08:30;0,59206
31.01. 08:45;0,66084
31.01. 09:00;1,3989
31.01. 09:15;3,8649
31.01. 09:30;5,1949
31.01. 09:45;5,0786
31.01. 10:00;3,8525
31.01. 10:15;3,6085
31.01. 10:30;2,396
31.01. 10:45;4,7528
31.01. 11:00;5,4342
31.01. 11:15;2,8907
31.01. 11:30;1,3003
31.01. 11:45;0,53934
31.01. 12:00;0,9362
31.01. 12:15;2,6941
31.01. 12:30;7,5106
31.01. 12:45;9,652
31.01. 13:00;5,5887
31.01. 13:15;4,2027
31.01. 13:30;3,0053
31.01. 13:45;1,7154
31.01. 14:00;1,1016
31.01. 14:15;1,2752
31.01. 14:30;2,6348
31.01. 14:45;3,2938
31.01. 15:00;1,867
31.01. 15:15;1,3154
31.01. 15:30;1,2223
31.01. 15:45;0,65387
31.01. 16:00;0,60249
31.01. 16:15;0,44711
31.01. 16:30;0,05142
31.01. 16:45;0
31.01. 17:00;0
31.01. 17:15;0
31.01. 17:30;0
31.01. 17:45;0
31.01. 18:00;0
31.01. 18:15;0
31.01. 18:30;0
31.01. 18:45;0
31.01. 19:00;0
31.01. 19:15;0
31.01. 19:30;0
31.01. 19:45;0
31.01. 20:00;0
31.01. 20:15;0
31.01. 20:30;0
31.01. 20:45;0
31.01. 21:00;0
31.01. 21:15;0
31.01. 21:30;0
31.01. 21:45;0
31.01. 22:00;0
31.01. 22:15;0
31.01. 22:30;0
31.01. 22:45;0
31.01. 23:00;0
31.01. 23:15;0
31.01. 23:30;0
31.01. 23:45;0
01.02. 00:00;0
01.02. 00:15;0
01.02. 00:30;0
01.02. 00:45;0
01.02. 01:00;0
01.02. 01:15;0
01.02. 01:30;0
01.02. 01:45;0
01.02. 02:00;0
01.02. 02:15;0
01.02. 02:30;0
01.02. 02:45;0
01.02. 03:00;0
01.02. 03:15;0
01.02. 03:30;0
01.02. 03:45;0
01.02. 04:00;0
01.02. 04:15;0
01.02. 04:30;0
01.02. 04:45;0
01.02. 05:00;0
01.02. 05:15;0
01.02. 05:30;0
01.02. 05:45;0
01.02. 06:00;0
01.02. 06:15;0
01.02. 06:30;0
01.02. 06:45;0
01.02. 07:00;0
01.02. 07:15;0
01.02. 07:30;0
01.02. 07:45;0
01.02. 08:00;0,31586
01.02. 08:15;1,4393
01.02. 08:30;2,9868
01.02. 08:45;2,8937
01.02. 09:00;5,1331
01.02. 09:15;6,5263
01.02. 09:30;4,8539
01.02. 09:45;7,1516
01.02. 10:00;6,3432
01.02. 10:15;4,701
01.02. 10:30;5,4283
01.02. 10:45;7,1655
01.02. 11:00;8,6147
01.02. 11:15;7,3852
01.02. 11:30;4,086
01.02. 11:45;6,3938
01.02. 12:00;7,4075
01.02. 12:15;7,5706
01.02. 12:30;7,9449
01.02. 12:45;8,4655
01.02. 13:00;8,3553
01.02. 13:15;5,9678
01.02. 13:30;4,6472
01.02. 13:45;7,8311
01.02. 14:00;7,1688
01.02. 14:15;5,4921
01.02. 14:30;4,3889
01.02. 14:45;2,6419
01.02. 15:00;3,1545
01.02. 15:15;2,4214
01.02. 15:30;1,5727
01.02. 15:45;1,5225
01.02. 16:00;0,37265
01.02. 16:15;0,06755
01.02. 16:30;0
01.02. 16:45;0
01.02. 17:00;0
01.02. 17:15;0
01.02. 17:30;0
01.02. 17:45;0
01.02. 18:00;0
01.02. 18:15;0
01.02. 18:30;0
01.02. 18:45;0
01.02. 19:00;0
01.02. 19:15;0
01.02. 19:30;0
01.02. 19:45;0
01.02. 20:00;0
01.02. 20:15;0
01.02. 20:30;0
01.02. 20:45;0
01.02. 21:00;0
01.02. 21:15;0
01.02. 21:30;0
01.02. 21:45;0
01.02. 22:00;0
01.02. 22:15;0
01.02. 22:30;0
01.02. 22:45;0
01.02. 23:00;0
01.02. 23:15;0
01.02. 23:30;0
01.02. 23:45;0
02.02. 00:00;0
02.02. 00:15;0
02.02. 00:30;0
02.02. 00:45;0
02.02. 01:00;0
02.02. 01:15;0
02.02. 01:30;0
02.02. 01:45;0
02.02. 02:00;0
02.02. 02:15;0
02.02. 02:30;0
02.02. 02:45;0
02.02. 03:00;0
02.02. 03:15;0
02.02. 03:30;0
02.02. 03:45;0
02.02. 04:00;0
02.02. 04:15;0
02.02. 04:30;0
02.02. 04:45;0
02.02. 05:00;0
02.02. 05:15;0
02.02. 05:30;0
02.02. 05:45;0
02.02. 06:00;0
02.02. 06:15;0
02.02. 06:30;0
02.02. 06:45;0
02.02. 07:00;0
02.02. 07:15;0
02.02. 07:30;0
02.02. 07:45;0
02.02. 08:00;0,35734
02.02. 08:15;1,437
02.02. 08:30;2,7449
02.02. 08:45;5,1109
02.02. 09:00;4,2951
02.02. 09:15;3,263
02.02. 09:30;2,0092
02.02. 09:45;1,7472
02.02. 10:00;3,7606
02.02. 10:15;5,161
02.02. 10:30;5,3977
02.02. 10:45;5,9892
02.02. 11:00;6,0936
02.02. 11:15;5,9148
02.02. 11:30;4,9623
02.02. 11:45;5,4365
02.02. 12:00;5,6503
02.02. 12:15;6,6117
02.02. 12:30;6,8581
02.02. 12:45;5,3286
02.02. 13:00;6,2943
02.02. 13:15;5,0525
02.02. 13:30;6,2986
02.02. 13:45;5,9547
02.02. 14:00;4,3768
02.02. 14:15;3,902
02.02. 14:30;3,3181
02.02. 14:45;3,257
02.02. 15:00;3,364
02.02. 15:15;1,9117
02.02. 15:30;0,89225
02.02. 15:45;0,43927
02.02. 16:00;0,12116
02.02. 16:15;0
02.02. 16:30;0
02.02. 16:45;0
02.02. 17:00;0
02.02. 17:15;0
02.02. 17:30;0
02.02. 17:45;0
02.02. 18:00;0
02.02. 18:15;0
02.02. 18:30;0
02.02. 18:45;0
02.02. 19:00;0
02.02. 19:15;0
02.02. 19:30;0
02.02. 19:45;0
02.02. 20:00;0
02.02. 20:15;0
02.02. 20:30;0
02.02. 20:45;0
02.02. 21:00;0
02.02. 21:15;0
02.02. 21:30;0
02.02. 21:45;0
02.02. 22:00;0
02.02. 22:15;0
02.02. 22:30;0
02.02. 22:45;0
02.02. 23:00;0
02.02. 23:15;0
02.02. 23:30;0
02.02. 23:45;0
03.02. 00:00;0
03.02. 00:15;0
03.02. 00:30;0
03.02. 00:45;0
03.02. 01:00;0
03.02. 01:15;0
03.02. 01:30;0
03.02. 01:45;0
03.02. 02:00;0
03.02. 02:15;0
03.02. 02:30;0
03.02. 02:45;0
03.02. 03:00;0
03.02. 03:15;0
03.02. 03:30;0
03.02. 03:45;0
03.02. 04:00;0
03.02. 04:15;0
03.02. 04:30;0
03.02. 04:45;0
03.02. 05:00;0
03.02. 05:15;0
03.02. 05:30;0
03.02. 05:45;0
03.02. 06:00;0
03.02. 06:15;0
03.02. 06:30;0
03.02. 06:45;0
03.02. 07:00;0
03.02. 07:15;0
03.02. 07:30;0
03.02. 07:45;0
03.02. 08:00;0,65358
03.02. 08:15;0,30428
03.02. 08:30;0,49556
03.02. 08:45;0,59181
03.02. 09:00;1,3653
03.02. 09:15;0,9261
03.02. 09:30;1,7322
03.02. 09:45;2,587
03.02. 10:00;2,9454
03.02. 10:15;4,8202
03.02. 10:30;2,1964
03.02. 10:45;2,0092
03.02. 11:00;3,204
03.02. 11:15;4,7604
03.02. 11:30;4,5506
03.02. 11:45;3,2827
03.02. 12:00;3,9715
03.02. 12:15;3,6853
03.02. 12:30;4,0846
03.02. 12:45;3,3794
03.02. 13:00;5,0506
03.02. 13:15;7,2406
03.02. 13:30;9,4709
03.02. 13:45;11,273
03.02. 14:00;8,8364
03.02. 14:15;5,1455
03.02. 14:30;4,1325
03.02. 14:45;3,9424
03.02. 15:00;3,2727
03.02. 15:15;1,9054
03.02. 15:30;1,2229
03.02. 15:45;1,0373
03.02. 16:00;0,90951
03.02. 16:15;0,72357
03.02. 16:30;0,24318
03.02. 16:45;0
03.02. 17:00;0
03.02. 17:15;0
03.02. 17:30;0
03.02. 17:45;0
03.02. 18:00;0
03.02. 18:15;0
03.02. 18:30;0
03.02. 18:45;0
03.02. 19:00;0
03.02. 19:15;0
03.02. 19:30;0
03.02. 19:45;0
03.02. 20:00;0
03.02. 20:15;0
03.02. 20:30;0
03.02. 20:45;0
03.02. 21:00;0
03.02. 21:15;0
03.02. 21:30;0
03.02. 21:45;0
03.02. 22:00;0
03.02. 22:15;0
03.02. 22:30;0
03.02. 22:45;0
03.02. 23:00;0
03.02. 23:15;0
03.02. 23:30;0
03.02. 23:45;0
04.02. 00:00;0
04.02. 00:15;0
04.02. 00:30;0
04.02. 00:45;0
04.02. 01:00;0
04.02. 01:15;0
04.02. 01:30;0
04.02. 01:45;0
04.02. 02:00;0
04.02. 02:15;0
04.02. 02:30;0
04.02. 02:45;0
04.02. 03:00;0
04.02. 03:15;0
04.02. 03:30;0
04.02. 03:45;0
04.02. 04:00;0
04.02. 04:15;0
04.02. 04:30;0
04.02. 04:45;0
04.02. 05:00;0
04.02. 05:15;0
04.02. 05:30;0
04.02. 05:45;0
04.02. 06:00;0
04.02. 06:15;0
04.02. 06:30;0
04.02. 06:45;0
04.02. 07:00;0
04.02. 07:15;0
04.02. 07:30;0
04.02. 07:45;0
04.02. 08:00;0,32633
04.02. 08:15;0,39031
04.02. 08:30;0,78761
04.02. 08:45;1,1804
04.02. 09:00;1,2989
04.02. 09:15;1,1322
04.02. 09:30;2,277
04.02. 09:45;3,4824
04.02. 10:00;1,637
04.02. 10:15;2,7462
04.02. 10:30;2,9767
04.02. 10:45;1,5645
04.02. 11:00;3,1444
04.02. 11:15;5,4822
04.02. 11:30;4,3529
04.02. 11:45;3,1324
04.02. 12:00;3,5906
04.02. 12:15;2,2925
04.02. 12:30;2,1349
04.02. 12:45;5,0887
04.02. 13:00;4,6628
04.02. 13:15;3,0578
04.02. 13:30;1,9333
04.02. 13:45;1,7501
04.02. 14:00;2,3508
04.02. 14:15;1,8482
04.02. 14:30;2,4683
04.02. 14:45;2,2384
04.02. 15:00;1,1936
04.02. 15:15;0,71086
04.02. 15:30;0,80249
04.02. 15:45;1,5174
04.02. 16:00;0,36406
04.02. 16:15;0,05222
04.02. 16:30;0
04.02. 16:45;0
04.02. 17:00;0
04.02. 17:15;0
04.02. 17:30;0
04.02. 17:45;0
04.02. 18:00;0
04.02. 18:15;0
04.02. 18:30;0
04.02. 18:45;0
04.02. 19:00;0
04.02. 19:15;0
04.02. 19:30;0
04.02. 19:45;0
04.02. 20:00;0
04.02. 20:15;0
04.02. 20:30;0
04.02. 20:45;0
04.02. 21:00;0
04.02. 21:15;0
04.02. 21:30;0
04.02. 21:45;0
04.02. 22:00;0
04.02. 22:15;0
04.02. 22:30;0
04.02. 22:45;0
04.02. 23:00;0
04.02. 23:15;0
04.02. 23:30;0
04.02. 23:45;0
05.02. 00:00;0
05.02. 00:15;0
05.02. 00:30;0
05.02. 00:45;0
05.02. 01:00;0
05.02. 01:15;0
05.02. 01:30;0
05.02. 01:45;0
05.02. 02:00;0
05.02. 02:15;0
05.02. 02:30;0
05.02. 02:45;0
05.02. 03:00;0
05.02. 03:15;0
05.02. 03:30;0
05.02. 03:45;0
05.02. 04:00;0
05.02. 04:15;0
05.02. 04:30;0
05.02. 04:45;0
05.02. 05:00;0
05.02. 05:15;0
05.02. 05:30;0
05.02. 05:45;0
05.02. 06:00;0
05.02. 06:15;0
05.02. 06:30;0
05.02. 06:45;0
05.02. 07:00;0
05.02. 07:15;0
05.02. 07:30;0
05.02. 07:45;0
05.02. 08:00;1,9407
05.02. 08:15;1,5549
05.02. 08:30;5,4365
05.02. 08:45;6,7805
05.02. 09:00;6,6695
05.02. 09:15;6,9161
05.02. 09:30;6,1452
05.02. 09:45;9,0044
05.02. 10:00;10,631
05.02. 10:15;7,7905
05.02. 10:30;10,338
05.02. 10:45;12,599
05.02. 11:00;19,489
05.02. 11:15;9,6303
05.02. 11:30;4,5618
05.02. 11:45;2,5547
05.02. 12:00;4,9615
05.02. 12:15;6,4792
05.02. 12:30;7,6505
05.02. 12:45;9,2362
05.02. 13:00;9,6525
05.02. 13:15;12,121
05.02. 13:30;21,194
05.02. 13:45;28,14
05.02. 14:00;17,417
05.02. 14:15;23,309
05.02. 14:30;11,84
05.02. 14:45;6,942
05.02. 15:00;4,9244
05.02. 15:15;6,9612
05.02. 15:30;10,506
05.02. 15:45;5,49
05.02. 16:00;5,7043
05.02. 16:15;3,4565
05.02. 16:30;0,50256
05.02. 16:45;0,02091
05.02. 17:00;0
05.02. 17:15;0
05.02. 17:30;0
05.02. 17:45;0
05.02. 18:00;0
05.02. 18:15;0
05.02. 18:30;0
05.02. 18:45;0
05.02. 19:00;0
05.02. 19:15;0
05.02. 19:30;0
05.02. 19:45;0
05.02. 20:00;0
05.02. 20:15;0
05.02. 20:30;0
05.02. 20:45;0
05.02. 21:00;0
05.02. 21:15;0
05.02. 21:30;0
05.02. 21:45;0
05.02. 22:00;0
05.02. 22:15;0
05.02. 22:30;0
05.02. 22:45;0
05.02. 23:00;0
05.02. 23:15;0
05.02. 23:30;0
05.02. 23:45;0
06.02. 00:00;0
06.02. 00:15;0
06.02. 00:30;0
06.02. 00:45;0
06.02. 01:00;0
06.02. 01:15;0
06.02. 01:30;0
06.02. 01:45;0
06.02. 02:00;0
06.02. 02:15;0
06.02. 02:30;0
06.02. 02:45;0
06.02. 03:00;0
06.02. 03:15;0
06.02. 03:30;0
06.02. 03:45;0
06.02. 04:00;0
06.02. 04:15;0
06.02. 04:30;0
06.02. 04:45;0
06.02. 05:00;0
06.02. 05:15;0
06.02. 05:30;0
06.02. 05:45;0
06.02. 06:00;0
06.02. 06:15;0
06.02. 06:30;0
06.02. 06:45;0
06.02. 07:00;0
06.02. 07:15;0
06.02. 07:30;0
06.02. 07:45;0
06.02. 08:00;1,0593
06.02. 08:15;1,6087
06.02. 08:30;2,8162
06.02. 08:45;5,073
06.02. 09:00;5,3112
06.02. 09:15;5,6403
06.02. 09:30;8,4151
06.02. 09:45;10,382
06.02. 10:00;9,7014
06.02. 10:15;6,7867
06.02. 10:30;8,4408
06.02. 10:45;7,21
06.02. 11:00;8,0953
06.02. 11:15;5,818
06.02. 11:30;6,5933
06.02. 11:45;6,2753
06.02. 12:00;6,172
06.02. 12:15;4,3723
06.02. 12:30;4,6704
06.02. 12:45;2,7893
06.02. 13:00;4,0773
06.02. 13:15;9,4274
06.02. 13:30;12,128
06.02. 13:45;16,69
06.02. 14:00;20,423
06.02. 14:15;20,956
06.02. 14:30;15,526
06.02. 14:45;17,666
06.02. 15:00;11,222
06.02. 15:15;9,5887
06.02. 15:30;7,1334
06.02. 15:45;5,1381
06.02. 16:00;1,9811
06.02. 16:15;0,31417
06.02. 16:30;0,00648
06.02. 16:45;0
06.02. 17:00;0
06.02. 17:15;0
06.02. 17:30;0
06.02. 17:45;0
06.02. 18:00;0
06.02. 18:15;0
06.02. 18:30;0
06.02. 18:45;0
06.02. 19:00;0
06.02. 19:15;0
06.02. 19:30;0
06.02. 19:45;0
06.02. 20:00;0
06.02. 20:15;0
06.02. 20:30;0
06.02. 20:45;0
06.02. 21:00;0
06.02. 21:15;0
06.02. 21:30;0
06.02. 21:45;0
06.02. 22:00;0
06.02. 22:15;0
06.02. 22:30;0
06.02. 22:45;0
06.02. 23:00;0
06.02. 23:15;0
06.02. 23:30;0
06.02. 23:45;0
07.02. 00:00;0
07.02. 00:15;0
07.02. 00:30;0
07.02. 00:45;0
07.02. 01:00;0
07.02. 01:15;0
07.02. 01:30;0
07.02. 01:45;0
07.02. 02:00;0
07.02. 02:15;0
07.02. 02:30;0
07.02. 02:45;0
07.02. 03:00;0
07.02. 03:15;0
07.02. 03:30;0
07.02. 03:45;0
07.02. 04:00;0
07.02. 04:15;0
07.02. 04:30;0
07.02. 04:45;0
07.02. 05:00;0
07.02. 05:15;0
07.02. 05:30;0
07.02. 05:45;0
07.02. 06:00;0
07.02. 06:15;0
07.02. 06:30;0
07.02. 06:45;0
07.02. 07:00;0
07.02. 07:15;0
07.02. 07:30;0
07.02. 07:45;0
07.02. 08:00;1,5886
07.02. 08:15;1,5262
07.02. 08:30;1,4242
07.02. 08:45;1,2967
07.02. 09:00;1,8746
07.02. 09:15;3,6013
07.02. 09:30;3,7894
07.02. 09:45;6,8053
07.02. 10:00;9,4362
07.02. 10:15;9,8669
07.02. 10:30;6,4277
07.02. 10:45;5,7753
07.02. 11:00;7,9171
07.02. 11:15;7,822
07.02. 11:30;9,281
07.02. 11:45;15,178
07.02. 12:00;13,927
07.02. 12:15;13,385
07.02. 12:30;12,301
07.02. 12:45;10,389
07.02. 13:00;13,833
07.02. 13:15;15,02
07.02. 13:30;17,612
07.02. 13:45;10,589
07.02. 14:00;8,9602
07.02. 14:15;10,221
07.02. 14:30;8,7251
07.02. 14:45;6,4402
07.02. 15:00;4,6588
07.02. 15:15;3,5284
07.02. 15:30;4,6102
07.02. 15:45;5,8674
07.02. 16:00;3,1574
07.02. 16:15;1,1906
07.02. 16:30;0,24326
07.02. 16:45;0
07.02. 17:00;0
07.02. 17:15;0
07.02. 17:30;0
07.02. 17:45;0
07.02. 18:00;0
07.02. 18:15;0
07.02. 18:30;0
07.02. 18:45;0
07.02. 19:00;0
07.02. 19:15;0
07.02. 19:30;0
07.02. 19:45;0
07.02. 20:00;0
07.02. 20:15;0
07.02. 20:30;0
07.02. 20:45;0
07.02. 21:00;0
07.02. 21:15;0
07.02. 21:30;0
07.02. 21:45;0
07.02. 22:00;0
07.02. 22:15;0
07.02. 22:30;0
07.02. 22:45;0
07.02. 23:00;0
07.02. 23:15;0
07.02. 23:30;0
07.02. 23:45;0
08.02. 00:00;0
08.02. 00:15;0
08.02. 00:30;0
08.02. 00:45;0
08.02. 01:00;0
08.02. 01:15;0
08.02. 01:30;0
08.02. 01:45;0
08.02. 02:00;0
08.02. 02:15;0
08.02. 02:30;0
08.02. 02:45;0
08.02. 03:00;0
08.02. 03:15;0
08.02. 03:30;0
08.02. 03:45;0
08.02. 04:00;0
08.02. 04:15;0
08.02. 04:30;0
08.02. 04:45;0
08.02. 05:00;0
08.02. 05:15;0
08.02. 05:30;0
08.02. 05:45;0
08.02. 06:00;0
08.02. 06:15;0
08.02. 06:30;0
08.02. 06:45;0
08.02. 07:00;0
08.02. 07:15;0
08.02. 07:30;0
08.02. 07:45;0
08.02. 08:00;2,5831
08.02. 08:15;1,9414
08.02. 08:30;3,5446
08.02. 08:45;7,1638
08.02. 09:00;11,664
08.02. 09:15;17,028
08.02. 09:30;11,813
08.02. 09:45;8,2001
08.02. 10:00;19,695
08.02. 10:15;19,361
08.02. 10:30;19,053
08.02. 10:45;9,6316
08.02. 11:00;13,384
08.02. 11:15;23,649
08.02. 11:30;31,289
08.02. 11:45;15,656
08.02. 12:00;12,421
08.02. 12:15;30,752
08.02. 12:30;34,739
08.02. 12:45;32,786
08.02. 13:00;33,825
08.02. 13:15;34,066
08.02. 13:30;31,478
08.02. 13:45;29,543
08.02. 14:00;28,364
08.02. 14:15;26,928
08.02. 14:30;25,715
08.02. 14:45;27,575
08.02. 15:00;19,015
08.02. 15:15;8,1707
08.02. 15:30;13,008
08.02. 15:45;10,209
08.02. 16:00;4,6941
08.02. 16:15;5,1739
08.02. 16:30;2,6143
08.02. 16:45;0,36766
08.02. 17:00;0
08.02. 17:15;0
08.02. 17:30;0
08.02. 17:45;0
08.02. 18:00;0
08.02. 18:15;0
08.02. 18:30;0
08.02. 18:45;0
08.02. 19:00;0
08.02. 19:15;0
08.02. 19:30;0
08.02. 19:45;0
08.02. 20:00;0
08.02. 20:15;0
08.02. 20:30;0
08.02. 20:45;0
08.02. 21:00;0
08.02. 21:15;0
08.02. 21:30;0
08.02. 21:45;0
08.02. 22:00;0
08.02. 22:15;0
08.02. 22:30;0
08.02. 22:45;0
08.02. 23:00;0
08.02. 23:15;0
08.02. 23:30;0
08.02. 23:45;0
09.02. 00:00;0
09.02. 00:15;0
09.02. 00:30;0
09.02. 00:45;0
09.02. 01:00;0
09.02. 01:15;0
09.02. 01:30;0
09.02. 01:45;0
09.02. 02:00;0
09.02. 02:15;0
09.02. 02:30;0
09.02. 02:45;0
09.02. 03:00;0
09.02. 03:15;0
09.02. 03:30;0
09.02. 03:45;0
09.02. 04:00;0
09.02. 04:15;0
09.02. 04:30;0
09.02. 04:45;0
09.02. 05:00;0
09.02. 05:15;0
09.02. 05:30;0
09.02. 05:45;0
09.02. 06:00;0
09.02. 06:15;0
09.02. 06:30;0
09.02. 06:45;0
09.02. 07:00;0
09.02. 07:15;0
09.02. 07:30;0
09.02. 07:45;0
09.02. 08:00;1,9431
09.02. 08:15;3,3719
09.02. 08:30;3,628
09.02. 08:45;2,1748
09.02. 09:00;3,3716
09.02. 09:15;5,0831
09.02. 09:30;6,0374
09.02. 09:45;8,48
09.02. 10:00;10,085
09.02. 10:15;8,7787
09.02. 10:30;16,789
09.02. 10:45;14,262
09.02. 11:00;14,849
09.02. 11:15;19,474
09.02. 11:30;37,388
09.02. 11:45;20,179
09.02. 12:00;22,899
09.02. 12:15;18,62
09.02. 12:30;10,326
09.02. 12:45;9,4226
09.02. 13:00;9,0993
09.02. 13:15;13,571
09.02. 13:30;12,841
09.02. 13:45;11,471
09.02. 14:00;14,486
09.02. 14:15;21,701
09.02. 14:30;17,015
09.02. 14:45;18,449
09.02. 15:00;13,843
09.02. 15:15;16,475
09.02. 15:30;8,3792
09.02. 15:45;5,5473
09.02. 16:00;1,5235
09.02. 16:15;0,61184
09.02. 16:30;0,12614
09.02. 16:45;0
09.02. 17:00;0
09.02. 17:15;0
09.02. 17:30;0
09.02. 17:45;0
09.02. 18:00;0
09.02. 18:15;0
09.02. 18:30;0
09.02. 18:45;0
09.02. 19:00;0
09.02. 19:15;0
09.02. 19:30;0
09.02. 19:45;0
09.02. 20:00;0
09.02. 20:15;0
09.02. 20:30;0
09.02. 20:45;0
09.02. 21:00;0
09.02. 21:15;0
09.02. 21:30;0
09.02. 21:45;0
09.02. 22:00;0
09.02. 22:15;0
09.02. 22:30;0
09.02. 22:45;0
09.02. 23:00;0
09.02. 23:15;0
09.02. 23:30;0
09.02. 23:45;0
10.02. 00:00;0
10.02. 00:15;0
10.02. 00:30;0
10.02. 00:45;0
10.02. 01:00;0
10.02. 01:15;0
10.02. 01:30;0
10.02. 01:45;0
10.02. 02:00;0
10.02. 02:15;0
10.02. 02:30;0
10.02. 02:45;0
10.02. 03:00;0
10.02. 03:15;0
10.02. 03:30;0
10.02. 03:45;0
10.02. 04:00;0
10.02. 04:15;0
10.02. 04:30;0
10.02. 04:45;0
10.02. 05:00;0
10.02. 05:15;0
10.02. 05:30;0
10.02. 05:45;0
10.02. 06:00;0
10.02. 06:15;0
10.02. 06:30;0
10.02. 06:45;0
10.02. 07:00;0
10.02. 07:15;0
10.02. 07:30;0
10.02. 07:45;0,17266
10.02. 08:00;1,2228
10.02. 08:15;6,2932
10.02. 08:30;6,9478
10.02. 08:45;10,569
10.02. 09:00;9,9996
10.02. 09:15;17,677
10.02. 09:30;13,688
10.02. 09:45;10,6
10.02. 10:00;14,324
10.02. 10:15;13,15
10.02. 10:30;13,885
10.02. 10:45;17,542
10.02. 11:00;11,106
10.02. 11:15;11,628
10.02. 11:30;11,909
10.02. 11:45;32,135
10.02. 12:00;31,076
10.02. 12:15;11,804
10.02. 12:30;20,988
10.02. 12:45;20,358
10.02. 13:00;26,707
10.02. 13:15;18,585
10.02. 13:30;21,224
10.02. 13:45;32,67
10.02. 14:00;31,993
10.02. 14:15;24,119
10.02. 14:30;19,669
10.02. 14:45;17,07
10.02. 15:00;18,309
10.02. 15:15;18,391
10.02. 15:30;12,746
10.02. 15:45;11,48
10.02. 16:00;9,7465
10.02. 16:15;5,3614
10.02. 16:30;1,7218
10.02. 16:45;0,21612
10.02. 17:00;0
10.02. 17:15;0
10.02. 17:30;0
10.02. 17:45;0
10.02. 18:00;0
10.02. 18:15;0
10.02. 18:30;0
10.02. 18:45;0
10.02. 19:00;0
10.02. 19:15;0
10.02. 19:30;0
10.02. 19:45;0
10.02. 20:00;0
10.02. 20:15;0
10.02. 20:30;0
10.02. 20:45;0
10.02. 21:00;0
10.02. 21:15;0
10.02. 21:30;0
10.02. 21:45;0
10.02. 22:00;0
10.02. 22:15;0
10.02. 22:30;0
10.02. 22:45;0
10.02. 23:00;0
10.02. 23:15;0
10.02. 23:30;0
10.02. 23:45;0
11.02. 00:00;0
11.02. 00:15;0
11.02. 00:30;0
11.02. 00:45;0
11.02. 01:00;0
11.02. 01:15;0
11.02. 01:30;0
11.02. 01:45;0
11.02. 02:00;0
11.02. 02:15;0
11.02. 02:30;0
11.02. 02:45;0
11.02. 03:00;0
11.02. 03:15;0
11.02. 03:30;0
11.02. 03:45;0
11.02. 04:00;0
11.02. 04:15;0
11.02. 04:30;0
11.02. 04:45;0
11.02. 05:00;0
11.02. 05:15;0
11.02. 05:30;0
11.02. 05:45;0
11.02. 06:00;0
11.02. 06:15;0
11.02. 06:30;0
11.02. 06:45;0
11.02. 07:00;0
11.02. 07:15;0
11.02. 07:30;0,0358
11.02. 07:45;1,3706
11.02. 08:00;4,9686
11.02. 08:15;7,0784
11.02. 08:30;10,609
11.02. 08:45;11,023
11.02. 09:00;9,9362
11.02. 09:15;17,86
11.02. 09:30;22,884
11.02. 09:45;25,396
11.02. 10:00;26,254
11.02. 10:15;27,777
11.02. 10:30;29,615
11.02. 10:45;31,227
11.02. 11:00;32,118
11.02. 11:15;33,008
11.02. 11:30;33,824
11.02. 11:45;34,462
11.02. 12:00;32,8
11.02. 12:15;32,716
11.02. 12:30;32,312
11.02. 12:45;32,238
11.02. 13:00;34,208
11.02. 13:15;33,47
11.02. 13:30;32,289
11.02. 13:45;30,877
11.02. 14:00;29,543
11.02. 14:15;27,881
11.02. 14:30;25,776
11.02. 14:45;23,596
11.02. 15:00;20,89
11.02. 15:15;18,189
11.02. 15:30;15,428
11.02. 15:45;12,538
11.02. 16:00;9,1937
11.02. 16:15;7,4402
11.02. 16:30;1,9496
11.02. 16:45;0,91546
11.02. 17:00;0
11.02. 17:15;0
11.02. 17:30;0
11.02. 17:45;0
11.02. 18:00;0
11.02. 18:15;0
11.02. 18:30;0
11.02. 18:45;0
11.02. 19:00;0
11.02. 19:15;0
11.02. 19:30;0
11.02. 19:45;0
11.02. 20:00;0
11.02. 20:15;0
11.02. 20:30;0
11.02. 20:45;0
11.02. 21:00;0
11.02. 21:15;0
11.02. 21:30;0
11.02. 21:45;0
11.02. 22:00;0
11.02. 22:15;0
11.02. 22:30;0
11.02. 22:45;0
11.02. 23:00;0
11.02. 23:15;0
11.02. 23:30;0
11.02. 23:45;0
12.02. 00:00;0
12.02. 00:15;0
12.02. 00:30;0
12.02. 00:45;0
12.02. 01:00;0
12.02. 01:15;0
12.02. 01:30;0
12.02. 01:45;0
12.02. 02:00;0
12.02. 02:15;0
12.02. 02:30;0
12.02. 02:45;0
12.02. 03:00;0
12.02. 03:15;0
12.02. 03:30;0
12.02. 03:45;0
12.02. 04:00;0
12.02. 04:15;0
12.02. 04:30;0
12.02. 04:45;0
12.02. 05:00;0
12.02. 05:15;0
12.02. 05:30;0
12.02. 05:45;0
12.02. 06:00;0
12.02. 06:15;0
12.02. 06:30;0
12.02. 06:45;0
12.02. 07:00;0
12.02. 07:15;0
12.02. 07:30;0
12.02. 07:45;0
12.02. 08:00;2,3432
12.02. 08:15;1,6335
12.02. 08:30;0,94635
12.02. 08:45;0,78167
12.02. 09:00;1,9208
12.02. 09:15;6,3178
12.02. 09:30;21,485
12.02. 09:45;23,213
12.02. 10:00;21,427
12.02. 10:15;25,81
12.02. 10:30;15,318
12.02. 10:45;20,873
12.02. 11:00;22,372
12.02. 11:15;15,892
12.02. 11:30;28,866
12.02. 11:45;36,829
12.02. 12:00;21,013
12.02. 12:15;32,454
12.02. 12:30;22,105
12.02. 12:45;29,999
12.02. 13:00;26,696
12.02. 13:15;21,314
12.02. 13:30;32,798
12.02. 13:45;8,3377
12.02. 14:00;12,212
12.02. 14:15;12,029
12.02. 14:30;28,727
12.02. 14:45;25,267
12.02. 15:00;22,769
12.02. 15:15;19,25
12.02. 15:30;9,8533
12.02. 15:45;3,1006
12.02. 16:00;2,5122
12.02. 16:15;7,0426
12.02. 16:30;1,7183
12.02. 16:45;1,0525
12.02. 17:00;0
12.02. 17:15;0
12.02. 17:30;0
12.02. 17:45;0
12.02. 18:00;0
12.02. 18:15;0
12.02. 18:30;0
12.02. 18:45;0
12.02. 19:00;0
12.02. 19:15;0
12.02. 19:30;0
12.02. 19:45;0
12.02. 20:00;0
12.02. 20:15;0
12.02. 20:30;0
12.02. 20:45;0
12.02. 21:00;0
12.02. 21:15;0
12.02. 21:30;0
12.02. 21:45;0
12.02. 22:00;0
12.02. 22:15;0
12.02. 22:30;0
12.02. 22:45;0
12.02. 23:00;0
12.02. 23:15;0
12.02. 23:30;0
12.02. 23:45;0
13.02. 00:00;0
13.02. 00:15;0
13.02. 00:30;0
13.02. 00:45;0
13.02. 01:00;0
13.02. 01:15;0
13.02. 01:30;0
13.02. 01:45;0
13.02. 02:00;0
13.02. 02:15;0
13.02. 02:30;0
13.02. 02:45;0
13.02. 03:00;0
13.02. 03:15;0
13.02. 03:30;0
13.02. 03:45;0
13.02. 04:00;0
13.02. 04:15;0
13.02. 04:30;0
13.02. 04:45;0
13.02. 05:00;0
13.02. 05:15;0
13.02. 05:30;0
13.02. 05:45;0
13.02. 06:00;0
13.02. 06:15;0
13.02. 06:30;0
13.02. 06:45;0
13.02. 07:00;0
13.02. 07:15;0
13.02. 07:30;0,00527
13.02. 07:45;0,33348
13.02. 08:00;1,3768
13.02. 08:15;3,5662
13.02. 08:30;5,781
13.02. 08:45;4,659
13.02. 09:00;5,3583
13.02. 09:15;5,4448
13.02. 09:30;7,0888
13.02. 09:45;5,8339
13.02. 10:00;7,3944
13.02. 10:15;8,6262
13.02. 10:30;10,072
13.02. 10:45;8,3709
13.02. 11:00;11,522
13.02. 11:15;14,723
13.02. 11:30;12,275
13.02. 11:45;6,5992
13.02. 12:00;9,0672
13.02. 12:15;10,365
13.02. 12:30;12,234
13.02. 12:45;9,6669
13.02. 13:00;14,243
13.02. 13:15;10,393
13.02. 13:30;10,392
13.02. 13:45;13,248
13.02. 14:00;12,648
13.02. 14:15;13,602
13.02. 14:30;10,535
13.02. 14:45;6,8774
13.02. 15:00;12,104
13.02. 15:15;18,192
13.02. 15:30;12,516
13.02. 15:45;6,3506
13.02. 16:00;9,8967
13.02. 16:15;6,3261
13.02. 16:30;3,093
13.02. 16:45;1,441
13.02. 17:00;0
13.02. 17:15;0
13.02. 17:30;0
13.02. 17:45;0
13.02. 18:00;0
13.02. 18:15;0
13.02. 18:30;0
13.02. 18:45;0
13.02. 19:00;0
13.02. 19:15;0
13.02. 19:30;0
13.02. 19:45;0
13.02. 20:00;0
13.02. 20:15;0
13.02. 20:30;0
13.02. 20:45;0
13.02. 21:00;0
13.02. 21:15;0
13.02. 21:30;0
13.02. 21:45;0
13.02. 22:00;0
13.02. 22:15;0
13.02. 22:30;0
13.02. 22:45;0
13.02. 23:00;0
13.02. 23:15;0
13.02. 23:30;0
13.02. 23:45;0
14.02. 00:00;0
14.02. 00:15;0
14.02. 00:30;0
14.02. 00:45;0
14.02. 01:00;0
14.02. 01:15;0
14.02. 01:30;0
14.02. 01:45;0
14.02. 02:00;0
14.02. 02:15;0
14.02. 02:30;0
14.02. 02:45;0
14.02. 03:00;0
14.02. 03:15;0
14.02. 03:30;0
14.02. 03:45;0
14.02. 04:00;0
14.02. 04:15;0
14.02. 04:30;0
14.02. 04:45;0
14.02. 05:00;0
14.02. 05:15;0
14.02. 05:30;0
14.02. 05:45;0
14.02. 06:00;0
14.02. 06:15;0
14.02. 06:30;0
14.02. 06:45;0
14.02. 07:00;0
14.02. 07:15;0
14.02. 07:30;0,25451
14.02. 07:45;1,1926
14.02. 08:00;2,0424
14.02. 08:15;9,7168
14.02. 08:30;10,308
14.02. 08:45;9,8604
14.02. 09:00;9,8135
14.02. 09:15;16,32
14.02. 09:30;20,975
14.02. 09:45;31,463
14.02. 10:00;27,549
14.02. 10:15;18,959
14.02. 10:30;7,9006
14.02. 10:45;6,7959
14.02. 11:00;7,2306
14.02. 11:15;9,7954
14.02. 11:30;8,8771
14.02. 11:45;10,227
14.02. 12:00;9,1485
14.02. 12:15;9,1909
14.02. 12:30;8,346
14.02. 12:45;4,0398
14.02. 13:00;4,4714
14.02. 13:15;6,926
14.02. 13:30;8,4039
14.02. 13:45;6,8078
14.02. 14:00;6,7461
14.02. 14:15;6,5059
14.02. 14:30;5,0434
14.02. 14:45;4,97
14.02. 15:00;6,4197
14.02. 15:15;7,6693
14.02. 15:30;5,9947
14.02. 15:45;4,8208
14.02. 16:00;4,0568
14.02. 16:15;1,5524
14.02. 16:30;0,61356
14.02. 16:45;0,22809
14.02. 17:00;0
14.02. 17:15;0
14.02. 17:30;0
14.02. 17:45;0
14.02. 18:00;0
14.02. 18:15;0
14.02. 18:30;0
14.02. 18:45;0
14.02. 19:00;0
14.02. 19:15;0
14.02. 19:30;0
14.02. 19:45;0
14.02. 20:00;0
14.02. 20:15;0
14.02. 20:30;0
14.02. 20:45;0
14.02. 21:00;0
14.02. 21:15;0
14.02. 21:30;0
14.02. 21:45;0
14.02. 22:00;0
14.02. 22:15;0
14.02. 22:30;0
14.02. 22:45;0
14.02. 23:00;0
14.02. 23:15;0
14.02. 23:30;0
14.02. 23:45;0
15.02. 00:00;0
15.02. 00:15;0
15.02. 00:30;0
15.02. 00:45;0
15.02. 01:00;0
15.02. 01:15;0
15.02. 01:30;0
15.02. 01:45;0
15.02. 02:00;0
15.02. 02:15;0
15.02. 02:30;0
15.02. 02:45;0
15.02. 03:00;0
15.02. 03:15;0
15.02. 03:30;0
15.02. 03:45;0
15.02. 04:00;0
15.02. 04:15;0
15.02. 04:30;0
15.02. 04:45;0
15.02. 05:00;0
15.02. 05:15;0
15.02. 05:30;0
15.02. 05:45;0
15.02. 06:00;0
15.02. 06:15;0
15.02. 06:30;0
15.02. 06:45;0
15.02. 07:00;0
15.02. 07:15;0
15.02. 07:30;0,36798
15.02. 07:45;1,3861
15.02. 08:00;5,0329
15.02. 08:15;4,4721
15.02. 08:30;6,8438
15.02. 08:45;14,339
15.02. 09:00;14,864
15.02. 09:15;11,621
15.02. 09:30;9,9908
15.02. 09:45;23,153
15.02. 10:00;26,801
15.02. 10:15;21,599
15.02. 10:30;24,041
15.02. 10:45;27,759
15.02. 11:00;23,015
15.02. 11:15;34,958
15.02. 11:30;39,355
15.02. 11:45;32,888
15.02. 12:00;35,617
15.02. 12:15;32,127
15.02. 12:30;33,286
15.02. 12:45;34,94
15.02. 13:00;20,569
15.02. 13:15;32,926
15.02. 13:30;34,257
15.02. 13:45;35,892
15.02. 14:00;18,935
15.02. 14:15;21,452
15.02. 14:30;27,032
15.02. 14:45;24,503
15.02. 15:00;20,769
15.02. 15:15;7,1769
15.02. 15:30;6,59
15.02. 15:45;8,7399
15.02. 16:00;5,6273
15.02. 16:15;2,4985
15.02. 16:30;1,0682
15.02. 16:45;0,33517
15.02. 17:00;0,35924
15.02. 17:15;0
15.02. 17:30;0
15.02. 17:45;0
15.02. 18:00;0
15.02. 18:15;0
15.02. 18:30;0
15.02. 18:45;0
15.02. 19:00;0
15.02. 19:15;0
15.02. 19:30;0
15.02. 19:45;0
15.02. 20:00;0
15.02. 20:15;0
15.02. 20:30;0
15.02. 20:45;0
15.02. 21:00;0
15.02. 21:15;0
15.02. 21:30;0
15.02. 21:45;0
15.02. 22:00;0
15.02. 22:15;0
15.02. 22:30;0
15.02. 22:45;0
15.02. 23:00;0
15.02. 23:15;0
15.02. 23:30;0
15.02. 23:45;0
16.02. 00:00;0
16.02. 00:15;0
16.02. 00:30;0
16.02. 00:45;0
16.02. 01:00;0
16.02. 01:15;0
16.02. 01:30;0
16.02. 01:45;0
16.02. 02:00;0
16.02. 02:15;0
16.02. 02:30;0
16.02. 02:45;0
16.02. 03:00;0
16.02. 03:15;0
16.02. 03:30;0
16.02. 03:45;0
16.02. 04:00;0
16.02. 04:15;0
16.02. 04:30;0
16.02. 04:45;0
16.02. 05:00;0
16.02. 05:15;0
16.02. 05:30;0
16.02. 05:45;0
16.02. 06:00;0
16.02. 06:15;0
16.02. 06:30;0
16.02. 06:45;0
16.02. 07:00;0
16.02. 07:15;0
16.02. 07:30;0
16.02. 07:45;0
16.02. 08:00;1,3489
16.02. 08:15;0,58459
16.02. 08:30;0,65126
16.02. 08:45;0,7777
16.02. 09:00;0,83916
16.02. 09:15;1,3246
16.02. 09:30;1,6057
16.02. 09:45;4,3081
16.02. 10:00;6,1402
16.02. 10:15;6,5938
16.02. 10:30;5,2326
16.02. 10:45;3,0982
16.02. 11:00;1,7675
16.02. 11:15;3,8336
16.02. 11:30;12,081
16.02. 11:45;19,771
16.02. 12:00;14,459
16.02. 12:15;10,71
16.02. 12:30;10,727
16.02. 12:45;7,3883
16.02. 13:00;7,2954
16.02. 13:15;10,447
16.02. 13:30;10,3
16.02. 13:45;9,8705
16.02. 14:00;7,382
16.02. 14:15;4,746
16.02. 14:30;2,8393
16.02. 14:45;1,038
16.02. 15:00;5,2704
16.02. 15:15;6,8008
16.02. 15:30;8,3283
16.02. 15:45;11,166
16.02. 16:00;7,0476
16.02. 16:15;3,4107
16.02. 16:30;1,4275
16.02. 16:45;0,72527
16.02. 17:00;0
16.02. 17:15;0
16.02. 17:30;0
16.02. 17:45;0
16.02. 18:00;0
16.02. 18:15;0
16.02. 18:30;0
16.02. 18:45;0
16.02. 19:00;0
16.02. 19:15;0
16.02. 19:30;0
16.02. 19:45;0
16.02. 20:00;0
16.02. 20:15;0
16.02. 20:30;0
16.02. 20:45;0
16.02. 21:00;0
16.02. 21:15;0
16.02. 21:30;0
16.02. 21:45;0
16.02. 22:00;0
16.02. 22:15;0
16.02. 22:30;0
16.02. 22:45;0
16.02. 23:00;0
16.02. 23:15;0
16.02. 23:30;0
16.02. 23:45;0
17.02. 00:00;0
17.02. 00:15;0
17.02. 00:30;0
17.02. 00:45;0
17.02. 01:00;0
17.02. 01:15;0
17.02. 01:30;0
17.02. 01:45;0
17.02. 02:00;0
17.02. 02:15;0
17.02. 02:30;0
17.02. 02:45;0
17.02. 03:00;0
17.02. 03:15;0
17.02. 03:30;0
17.02. 03:45;0
17.02. 04:00;0
17.02. 04:15;0
17.02. 04:30;0
17.02. 04:45;0
17.02. 05:00;0
17.02. 05:15;0
17.02. 05:30;0
17.02. 05:45;0
17.02. 06:00;0
17.02. 06:15;0
17.02. 06:30;0
17.02. 06:45;0
17.02. 07:00;0
17.02. 07:15;0
17.02. 07:30;0,14178
17.02. 07:45;1,3372
17.02. 08:00;4,032
17.02. 08:15;8,2082
17.02. 08:30;12,589
17.02. 08:45;5,8292
17.02. 09:00;6,3224
17.02. 09:15;11,292
17.02. 09:30;11,723
17.02. 09:45;20,315
17.02. 10:00;15,538
17.02. 10:15;19,514
17.02. 10:30;16,927
17.02. 10:45;22,406
17.02. 11:00;18,07
17.02. 11:15;13,111
17.02. 11:30;21,599
17.02. 11:45;21,232
17.02. 12:00;13,386
17.02. 12:15;9,3758
17.02. 12:30;8,7544
17.02. 12:45;7,8673
17.02. 13:00;7,1198
17.02. 13:15;10,195
17.02. 13:30;9,0862
17.02. 13:45;9,2992
17.02. 14:00;13,195
17.02. 14:15;20,369
17.02. 14:30;17,843
17.02. 14:45;27,217
17.02. 15:00;25,058
17.02. 15:15;23,217
17.02. 15:30;17,762
17.02. 15:45;16,613
17.02. 16:00;11,289
17.02. 16:15;8,1157
17.02. 16:30;6,8505
17.02. 16:45;1,0499
17.02. 17:00;0,26418
17.02. 17:15;0
17.02. 17:30;0
17.02. 17:45;0
17.02. 18:00;0
17.02. 18:15;0
17.02. 18:30;0
17.02. 18:45;0
17.02. 19:00;0
17.02. 19:15;0
17.02. 19:30;0
17.02. 19:45;0
17.02. 20:00;0
17.02. 20:15;0
17.02. 20:30;0
17.02. 20:45;0
17.02. 21:00;0
17.02. 21:15;0
17.02. 21:30;0
17.02. 21:45;0
17.02. 22:00;0
17.02. 22:15;0
17.02. 22:30;0
17.02. 22:45;0
17.02. 23:00;0
17.02. 23:15;0
17.02. 23:30;0
17.02. 23:45;0
18.02. 00:00;0
18.02. 00:15;0
18.02. 00:30;0
18.02. 00:45;0
18.02. 01:00;0
18.02. 01:15;0
18.02. 01:30;0
18.02. 01:45;0
18.02. 02:00;0
18.02. 02:15;0
18.02. 02:30;0
18.02. 02:45;0
18.02. 03:00;0
18.02. 03:15;0
18.02. 03:30;0
18.02. 03:45;0
18.02. 04:00;0
18.02. 04:15;0
18.02. 04:30;0
18.02. 04:45;0
18.02. 05:00;0
18.02. 05:15;0
18.02. 05:30;0
18.02. 05:45;0
18.02. 06:00;0
18.02. 06:15;0
18.02. 06:30;0
18.02. 06:45;0
18.02. 07:00;0
18.02. 07:15;0,01687
18.02. 07:30;1,2124
18.02. 07:45;4,8787
18.02. 08:00;8,8757
18.02. 08:15;11,471
18.02. 08:30;14,265
18.02. 08:45;17,117
18.02. 09:00;19,438
18.02. 09:15;22,57
18.02. 09:30;25,296
18.02. 09:45;27,827
18.02. 10:00;22,368
18.02. 10:15;29,725
18.02. 10:30;33,744
18.02. 10:45;30,17
18.02. 11:00;31,941
18.02. 11:15;32,084
18.02. 11:30;33
18.02. 11:45;33,761
18.02. 12:00;38,438
18.02. 12:15;27,537
18.02. 12:30;18,2
18.02. 12:45;16,576
18.02. 13:00;18,012
18.02. 13:15;23,167
18.02. 13:30;12,733
18.02. 13:45;12,199
18.02. 14:00;29,643
18.02. 14:15;21,239
18.02. 14:30;11,472
18.02. 14:45;16,872
18.02. 15:00;8,7373
18.02. 15:15;9,8131
18.02. 15:30;14,032
18.02. 15:45;6,4147
18.02. 16:00;7,5869
18.02. 16:15;6,9594
18.02. 16:30;2,1866
18.02. 16:45;1,0652
18.02. 17:00;0,25227
18.02. 17:15;0
18.02. 17:30;0
18.02. 17:45;0
18.02. 18:00;0
18.02. 18:15;0
18.02. 18:30;0
18.02. 18:45;0
18.02. 19:00;0
18.02. 19:15;0
18.02. 19:30;0
18.02. 19:45;0
18.02. 20:00;0
18.02. 20:15;0
18.02. 20:30;0
18.02. 20:45;0
18.02. 21:00;0
18.02. 21:15;0
18.02. 21:30;0
18.02. 21:45;0
18.02. 22:00;0
18.02. 22:15;0
18.02. 22:30;0
18.02. 22:45;0
18.02. 23:00;0
18.02. 23:15;0
18.02. 23:30;0
18.02. 23:45;0
19.02. 00:00;0
19.02. 00:15;0
19.02. 00:30;0
19.02. 00:45;0
19.02. 01:00;0
19.02. 01:15;0
19.02. 01:30;0
19.02. 01:45;0
19.02. 02:00;0
19.02. 02:15;0
19.02. 02:30;0
19.02. 02:45;0
19.02. 03:00;0
19.02. 03:15;0
19.02. 03:30;0
19.02. 03:45;0
19.02. 04:00;0
19.02. 04:15;0
19.02. 04:30;0
19.02. 04:45;0
19.02. 05:00;0
19.02. 05:15;0
19.02. 05:30;0
19.02. 05:45;0
19.02. 06:00;0
19.02. 06:15;0
19.02. 06:30;0
19.02. 06:45;0
19.02. 07:00;0
19.02. 07:15;0,02434
19.02. 07:30;0,34251
19.02. 07:45;0,25367
19.02. 08:00;0,40223
19.02. 08:15;3,712
19.02. 08:30;5,5597
19.02. 08:45;5,0461
19.02. 09:00;6,7393
19.02. 09:15;7,2934
19.02. 09:30;7,0004
19.02. 09:45;8,4028
19.02. 10:00;5,7036
19.02. 10:15;6,7427
19.02. 10:30;7,5709
19.02. 10:45;6,5182
19.02. 11:00;5,4546
19.02. 11:15;6,5102
19.02. 11:30;4,957
19.02. 11:45;2,4732
19.02. 12:00;1,6895
19.02. 12:15;2,6271
19.02. 12:30;10,508
19.02. 12:45;18,401
19.02. 13:00;16,685
19.02. 13:15;11,054
19.02. 13:30;7,1009
19.02. 13:45;4,283
19.02. 14:00;4,8886
19.02. 14:15;7,5778
19.02. 14:30;6,3812
19.02. 14:45;2,474
19.02. 15:00;2,3527
19.02. 15:15;3,6043
19.02. 15:30;3,9312
19.02. 15:45;2,1871
19.02. 16:00;1,6714
19.02. 16:15;0,88966
19.02. 16:30;0,40957
19.02. 16:45;0,00248
19.02. 17:00;0,48678
19.02. 17:15;0
19.02. 17:30;0
19.02. 17:45;0
19.02. 18:00;0
19.02. 18:15;0
19.02. 18:30;0
19.02. 18:45;0
19.02. 19:00;0
19.02. 19:15;0
19.02. 19:30;0
19.02. 19:45;0
19.02. 20:00;0
19.02. 20:15;0
19.02. 20:30;0
19.02. 20:45;0
19.02. 21:00;0
19.02. 21:15;0
19.02. 21:30;0
19.02. 21:45;0
19.02. 22:00;0
19.02. 22:15;0
19.02. 22:30;0
19.02. 22:45;0
19.02. 23:00;0
19.02. 23:15;0
19.02. 23:30;0
19.02. 23:45;0
20.02. 00:00;0
20.02. 00:15;0
20.02. 00:30;0
20.02. 00:45;0
20.02. 01:00;0
20.02. 01:15;0
20.02. 01:30;0
20.02. 01:45;0
20.02. 02:00;0
20.02. 02:15;0
20.02. 02:30;0
20.02. 02:45;0
20.02. 03:00;0
20.02. 03:15;0
20.02. 03:30;0
20.02. 03:45;0
20.02. 04:00;0
20.02. 04:15;0
20.02. 04:30;0
20.02. 04:45;0
20.02. 05:00;0
20.02. 05:15;0
20.02. 05:30;0
20.02. 05:45;0
20.02. 06:00;0
20.02. 06:15;0
20.02. 06:30;0
20.02. 06:45;0
20.02. 07:00;0
20.02. 07:15;0,03875
20.02. 07:30;0,4032
20.02. 07:45;0,97053
20.02. 08:00;1,8188
20.02. 08:15;2,6406
20.02. 08:30;3,9657
20.02. 08:45;4,1902
20.02. 09:00;8,0467
20.02. 09:15;10,077
20.02. 09:30;9,1387
20.02. 09:45;10,645
20.02. 10:00;16,578
20.02. 10:15;27,81
20.02. 10:30;34,826
20.02. 10:45;17,072
20.02. 11:00;33,803
20.02. 11:15;34,212
20.02. 11:30;27,536
20.02. 11:45;26,765
20.02. 12:00;37,634
20.02. 12:15;28,195
20.02. 12:30;18,286
20.02. 12:45;30,851
20.02. 13:00;38,79
20.02. 13:15;28,626
20.02. 13:30;22,327
20.02. 13:45;10,838
20.02. 14:00;16,845
20.02. 14:15;29,387
20.02. 14:30;22,216
20.02. 14:45;22,217
20.02. 15:00;15,21
20.02. 15:15;15,847
20.02. 15:30;16,016
20.02. 15:45;6,9021
20.02. 16:00;11,359
20.02. 16:15;10,336
20.02. 16:30;5,7791
20.02. 16:45;3,9738
20.02. 17:00;1,7979
20.02. 17:15;0,04025
20.02. 17:30;0
20.02. 17:45;0
20.02. 18:00;0
20.02. 18:15;0
20.02. 18:30;0
20.02. 18:45;0
20.02. 19:00;0
20.02. 19:15;0
20.02. 19:30;0
20.02. 19:45;0
20.02. 20:00;0
20.02. 20:15;0
20.02. 20:30;0
20.02. 20:45;0
20.02. 21:00;0
20.02. 21:15;0
20.02. 21:30;0
20.02. 21:45;0
20.02. 22:00;0
20.02. 22:15;0
20.02. 22:30;0
20.02. 22:45;0
20.02. 23:00;0
20.02. 23:15;0
20.02. 23:30;0
20.02. 23:45;0
21.02. 00:00;0
21.02. 00:15;0
21.02. 00:30;0
21.02. 00:45;0
21.02. 01:00;0
21.02. 01:15;0
21.02. 01:30;0
21.02. 01:45;0
21.02. 02:00;0
21.02. 02:15;0
21.02. 02:30;0
21.02. 02:45;0
21.02. 03:00;0
21.02. 03:15;0
21.02. 03:30;0
21.02. 03:45;0
21.02. 04:00;0
21.02. 04:15;0
21.02. 04:30;0
21.02. 04:45;0
21.02. 05:00;0
21.02. 05:15;0
21.02. 05:30;0
21.02. 05:45;0
21.02. 06:00;0
21.02. 06:15;0
21.02. 06:30;0
21.02. 06:45;0
21.02. 07:00;0
21.02. 07:15;0,01955
21.02. 07:30;0,34183
21.02. 07:45;1,1182
21.02. 08:00;2,4966
21.02. 08:15;6,2327
21.02. 08:30;7,5032
21.02. 08:45;6,3086
21.02. 09:00;15,979
21.02. 09:15;19,213
21.02. 09:30;16,574
21.02. 09:45;17,663
21.02. 10:00;21,23
21.02. 10:15;19,604
21.02. 10:30;13,301
21.02. 10:45;10,746
21.02. 11:00;13,287
21.02. 11:15;13,789
21.02. 11:30;12,109
21.02. 11:45;20,46
21.02. 12:00;33,801
21.02. 12:15;21,817
21.02. 12:30;16,799
21.02. 12:45;17,085
21.02. 13:00;11,812
21.02. 13:15;14,351
21.02. 13:30;20,091
21.02. 13:45;21,017
21.02. 14:00;13,503
21.02. 14:15;8,5406
21.02. 14:30;7,1601
21.02. 14:45;5,8679
21.02. 15:00;6,3681
21.02. 15:15;5,5194
21.02. 15:30;4,5893
21.02. 15:45;6,4663
21.02. 16:00;5,3374
21.02. 16:15;2,4518
21.02. 16:30;2,1119
21.02. 16:45;0,60455
21.02. 17:00;0,39287
21.02. 17:15;0,01288
21.02. 17:30;0
21.02. 17:45;0
21.02. 18:00;0
21.02. 18:15;0
21.02. 18:30;0
21.02. 18:45;0
21.02. 19:00;0
21.02. 19:15;0
21.02. 19:30;0
21.02. 19:45;0
21.02. 20:00;0
21.02. 20:15;0
21.02. 20:30;0
21.02. 20:45;0
21.02. 21:00;0
21.02. 21:15;0
21.02. 21:30;0
21.02. 21:45;0
21.02. 22:00;0
21.02. 22:15;0
21.02. 22:30;0
21.02. 22:45;0
21.02. 23:00;0
21.02. 23:15;0
21.02. 23:30;0
21.02. 23:45;0
22.02. 00:00;0
22.02. 00:15;0
22.02. 00:30;0
22.02. 00:45;0
22.02. 01:00;0
22.02. 01:15;0
22.02. 01:30;0
22.02. 01:45;0
22.02. 02:00;0
22.02. 02:15;0
22.02. 02:30;0
22.02. 02:45;0
22.02. 03:00;0
22.02. 03:15;0
22.02. 03:30;0
22.02. 03:45;0
22.02. 04:00;0
22.02. 04:15;0
22.02. 04:30;0
22.02. 04:45;0
22.02. 05:00;0
22.02. 05:15;0
22.02. 05:30;0
22.02. 05:45;0
22.02. 06:00;0
22.02. 06:15;0
22.02. 06:30;0
22.02. 06:45;0
22.02. 07:00;0
22.02. 07:15;0,05639
22.02. 07:30;0,34905
22.02. 07:45;0,98757
22.02. 08:00;2,793
22.02. 08:15;5,8453
22.02. 08:30;10,784
22.02. 08:45;13,117
22.02. 09:00;14,163
22.02. 09:15;10,493
22.02. 09:30;13,43
22.02. 09:45;10,532
22.02. 10:00;10,641
22.02. 10:15;8,0869
22.02. 10:30;6,5283
22.02. 10:45;7,7627
22.02. 11:00;9,8405
22.02. 11:15;11,264
22.02. 11:30;12,079
22.02. 11:45;10,623
22.02. 12:00;14,107
22.02. 12:15;12,754
22.02. 12:30;7,8944
22.02. 12:45;8,638
22.02. 13:00;9,0201
22.02. 13:15;10,974
22.02. 13:30;12,278
22.02. 13:45;40,13
22.02. 14:00;24,558
22.02. 14:15;15,208
22.02. 14:30;10,673
22.02. 14:45;5,2385
22.02. 15:00;6,2067
22.02. 15:15;8,7484
22.02. 15:30;11,998
22.02. 15:45;9,6051
22.02. 16:00;10,478
22.02. 16:15;3,6836
22.02. 16:30;2,137
22.02. 16:45;1,0908
22.02. 17:00;1,0777
22.02. 17:15;0,18879
22.02. 17:30;0
22.02. 17:45;0
22.02. 18:00;0
22.02. 18:15;0
22.02. 18:30;0
22.02. 18:45;0
22.02. 19:00;0
22.02. 19:15;0
22.02. 19:30;0
22.02. 19:45;0
22.02. 20:00;0
22.02. 20:15;0
22.02. 20:30;0
22.02. 20:45;0
22.02. 21:00;0
22.02. 21:15;0
22.02. 21:30;0
22.02. 21:45;0
22.02. 22:00;0
22.02. 22:15;0
22.02. 22:30;0
22.02. 22:45;0
22.02. 23:00;0
22.02. 23:15;0
22.02. 23:30;0
22.02. 23:45;0
23.02. 00:00;0
23.02. 00:15;0
23.02. 00:30;0
23.02. 00:45;0
23.02. 01:00;0
23.02. 01:15;0
23.02. 01:30;0
23.02. 01:45;0
23.02. 02:00;0
23.02. 02:15;0
23.02. 02:30;0
23.02. 02:45;0
23.02. 03:00;0
23.02. 03:15;0
23.02. 03:30;0
23.02. 03:45;0
23.02. 04:00;0
23.02. 04:15;0
23.02. 04:30;0
23.02. 04:45;0
23.02. 05:00;0
23.02. 05:15;0
23.02. 05:30;0
23.02. 05:45;0
23.02. 06:00;0
23.02. 06:15;0
23.02. 06:30;0
23.02. 06:45;0
23.02. 07:00;0
23.02. 07:15;0,3476
23.02. 07:30;0,8317
23.02. 07:45;0,95295
23.02. 08:00;2,1448
23.02. 08:15;5,0282
23.02. 08:30;8,6799
23.02. 08:45;11,39
23.02. 09:00;10,884
23.02. 09:15;7,7457
23.02. 09:30;10,567
23.02. 09:45;17,074
23.02. 10:00;14,027
23.02. 10:15;7,3832
23.02. 10:30;9,2039
23.02. 10:45;8,1654
23.02. 11:00;8,4395
23.02. 11:15;15,588
23.02. 11:30;18,573
23.02. 11:45;24,083
23.02. 12:00;23,318
23.02. 12:15;30,203
23.02. 12:30;17,765
23.02. 12:45;22,612
23.02. 13:00;17,689
23.02. 13:15;12,64
23.02. 13:30;12,504
23.02. 13:45;9,6795
23.02. 14:00;10,495
23.02. 14:15;10,871
23.02. 14:30;9,701
23.02. 14:45;11,252
23.02. 15:00;13,848
23.02. 15:15;8,4513
23.02. 15:30;5,7664
23.02. 15:45;2,3429
23.02. 16:00;4,3727
23.02. 16:15;4,9706
23.02. 16:30;4,663
23.02. 16:45;1,7933
23.02. 17:00;0
23.02. 17:15;0
23.02. 17:30;0
23.02. 17:45;0
23.02. 18:00;0
23.02. 18:15;0
23.02. 18:30;0
23.02. 18:45;0
23.02. 19:00;0
23.02. 19:15;0
23.02. 19:30;0
23.02. 19:45;0
23.02. 20:00;0
23.02. 20:15;0
23.02. 20:30;0
23.02. 20:45;0
23.02. 21:00;0
23.02. 21:15;0
23.02. 21:30;0
23.02. 21:45;0
23.02. 22:00;0
23.02. 22:15;0
23.02. 22:30;0
23.02. 22:45;0
23.02. 23:00;0
23.02. 23:15;0
23.02. 23:30;0
23.02. 23:45;0
24.02. 00:00;0
24.02. 00:15;0
24.02. 00:30;0
24.02. 00:45;0
24.02. 01:00;0
24.02. 01:15;0
24.02. 01:30;0
24.02. 01:45;0
24.02. 02:00;0
24.02. 02:15;0
24.02. 02:30;0
24.02. 02:45;0
24.02. 03:00;0
24.02. 03:15;0
24.02. 03:30;0
24.02. 03:45;0
24.02. 04:00;0
24.02. 04:15;0
24.02. 04:30;0
24.02. 04:45;0
24.02. 05:00;0
24.02. 05:15;0
24.02. 05:30;0
24.02. 05:45;0
24.02. 06:00;0
24.02. 06:15;0
24.02. 06:30;0
24.02. 06:45;0
24.02. 07:00;0
24.02. 07:15;0,16068
24.02. 07:30;0,30814
24.02. 07:45;0,50105
24.02. 08:00;1,6266
24.02. 08:15;6,388
24.02. 08:30;10,751
24.02. 08:45;17,947
24.02. 09:00;8,1206
24.02. 09:15;18,639
24.02. 09:30;27,523
24.02. 09:45;17,594
24.02. 10:00;19,549
24.02. 10:15;34,826
24.02. 10:30;22,143
24.02. 10:45;32,703
24.02. 11:00;22,641
24.02. 11:15;23,443
24.02. 11:30;18,409
24.02. 11:45;12,684
24.02. 12:00;8,0821
24.02. 12:15;9,0324
24.02. 12:30;13,893
24.02. 12:45;13,572
24.02. 13:00;8,1249
24.02. 13:15;7,4499
24.02. 13:30;5,4259
24.02. 13:45;4,2525
24.02. 14:00;7,0396
24.02. 14:15;10,186
24.02. 14:30;8,0468
24.02. 14:45;10,738
24.02. 15:00;14,572
24.02. 15:15;22,635
24.02. 15:30;20,771
24.02. 15:45;10,081
24.02. 16:00;10,103
24.02. 16:15;15,187
24.02. 16:30;10,36
24.02. 16:45;3,2225
24.02. 17:00;2,3335
24.02. 17:15;0,133
24.02. 17:30;0
24.02. 17:45;0
24.02. 18:00;0
24.02. 18:15;0
24.02. 18:30;0
24.02. 18:45;0
24.02. 19:00;0
24.02. 19:15;0
24.02. 19:30;0
24.02. 19:45;0
24.02. 20:00;0
24.02. 20:15;0
24.02. 20:30;0
24.02. 20:45;0
24.02. 21:00;0
24.02. 21:15;0
24.02. 21:30;0
24.02. 21:45;0
24.02. 22:00;0
24.02. 22:15;0
24.02. 22:30;0
24.02. 22:45;0
24.02. 23:00;0
24.02. 23:15;0
24.02. 23:30;0
24.02. 23:45;0
25.02. 00:00;0
25.02. 00:15;0
25.02. 00:30;0
25.02. 00:45;0
25.02. 01:00;0
25.02. 01:15;0
25.02. 01:30;0
25.02. 01:45;0
25.02. 02:00;0
25.02. 02:15;0
25.02. 02:30;0
25.02. 02:45;0
25.02. 03:00;0
25.02. 03:15;0
25.02. 03:30;0
25.02. 03:45;0
25.02. 04:00;0
25.02. 04:15;0
25.02. 04:30;0
25.02. 04:45;0
25.02. 05:00;0
25.02. 05:15;0
25.02. 05:30;0
25.02. 05:45;0
25.02. 06:00;0
25.02. 06:15;0
25.02. 06:30;0
25.02. 06:45;0
25.02. 07:00;0,02198
25.02. 07:15;1,4459
25.02. 07:30;4,0843
25.02. 07:45;2,9881
25.02. 08:00;3,1196
25.02. 08:15;8,1026
25.02. 08:30;16,73
25.02. 08:45;23,863
25.02. 09:00;18,754
25.02. 09:15;12,282
25.02. 09:30;14,645
25.02. 09:45;31,426
25.02. 10:00;21,508
25.02. 10:15;24,199
25.02. 10:30;26,51
25.02. 10:45;17,306
25.02. 11:00;25,237
25.02. 11:15;26,025
25.02. 11:30;27,308
25.02. 11:45;27,498
25.02. 12:00;32,951
25.02. 12:15;26,433
25.02. 12:30;41,315
25.02. 12:45;24,626
25.02. 13:00;36,13
25.02. 13:15;29,768
25.02. 13:30;35,886
25.02. 13:45;31,014
25.02. 14:00;22,852
25.02. 14:15;31,252
25.02. 14:30;28,436
25.02. 14:45;30,969
25.02. 15:00;28,874
25.02. 15:15;23,515
25.02. 15:30;12,951
25.02. 15:45;14,35
25.02. 16:00;10,956
25.02. 16:15;10,837
25.02. 16:30;9,0091
25.02. 16:45;2,9762
25.02. 17:00;2,1331
25.02. 17:15;0,45957
25.02. 17:30;0
25.02. 17:45;0
25.02. 18:00;0
25.02. 18:15;0
25.02. 18:30;0
25.02. 18:45;0
25.02. 19:00;0
25.02. 19:15;0
25.02. 19:30;0
25.02. 19:45;0
25.02. 20:00;0
25.02. 20:15;0
25.02. 20:30;0
25.02. 20:45;0
25.02. 21:00;0
25.02. 21:15;0
25.02. 21:30;0
25.02. 21:45;0
25.02. 22:00;0
25.02. 22:15;0
25.02. 22:30;0
25.02. 22:45;0
25.02. 23:00;0
25.02. 23:15;0
25.02. 23:30;0
25.02. 23:45;0
26.02. 00:00;0
26.02. 00:15;0
26.02. 00:30;0
26.02. 00:45;0
26.02. 01:00;0
26.02. 01:15;0
26.02. 01:30;0
26.02. 01:45;0
26.02. 02:00;0
26.02. 02:15;0
26.02. 02:30;0
26.02. 02:45;0
26.02. 03:00;0
26.02. 03:15;0
26.02. 03:30;0
26.02. 03:45;0
26.02. 04:00;0
26.02. 04:15;0
26.02. 04:30;0
26.02. 04:45;0
26.02. 05:00;0
26.02. 05:15;0
26.02. 05:30;0
26.02. 05:45;0
26.02. 06:00;0
26.02. 06:15;0
26.02. 06:30;0
26.02. 06:45;0
26.02. 07:00;0
26.02. 07:15;0,06412
26.02. 07:30;0,24082
26.02. 07:45;0,38448
26.02. 08:00;0,80052
26.02. 08:15;1,4137
26.02. 08:30;3,2836
26.02. 08:45;2,5159
26.02. 09:00;3,2446
26.02. 09:15;4,8387
26.02. 09:30;6,2819
26.02. 09:45;7,8536
26.02. 10:00;8,7543
26.02. 10:15;6,0565
26.02. 10:30;6,0499
26.02. 10:45;3,3712
26.02. 11:00;6,3259
26.02. 11:15;7,3769
26.02. 11:30;7,6278
26.02. 11:45;6,1586
26.02. 12:00;6,9271
26.02. 12:15;7,5368
26.02. 12:30;7,7218
26.02. 12:45;7,2863
26.02. 13:00;6,0235
26.02. 13:15;6,3352
26.02. 13:30;5,6815
26.02. 13:45;4,8506
26.02. 14:00;4,5479
26.02. 14:15;4,0452
26.02. 14:30;5,3553
26.02. 14:45;4,4685
26.02. 15:00;3,7995
26.02. 15:15;3,3792
26.02. 15:30;2,5836
26.02. 15:45;2,6582
26.02. 16:00;2,9517
26.02. 16:15;1,1766
26.02. 16:30;0,51604
26.02. 16:45;0,12261
26.02. 17:00;0
26.02. 17:15;0
26.02. 17:30;0
26.02. 17:45;0
26.02. 18:00;0
26.02. 18:15;0
26.02. 18:30;0
26.02. 18:45;0
26.02. 19:00;0
26.02. 19:15;0
26.02. 19:30;0
26.02. 19:45;0
26.02. 20:00;0
26.02. 20:15;0
26.02. 20:30;0
26.02. 20:45;0
26.02. 21:00;0
26.02. 21:15;0
26.02. 21:30;0
26.02. 21:45;0
26.02. 22:00;0
26.02. 22:15;0
26.02. 22:30;0
26.02. 22:45;0
26.02. 23:00;0
26.02. 23:15;0
26.02. 23:30;0
26.02. 23:45;0
27.02. 00:00;0
27.02. 00:15;0
27.02. 00:30;0
27.02. 00:45;0
27.02. 01:00;0
27.02. 01:15;0
27.02. 01:30;0
27.02. 01:45;0
27.02. 02:00;0
27.02. 02:15;0
27.02. 02:30;0
27.02. 02:45;0
27.02. 03:00;0
27.02. 03:15;0
27.02. 03:30;0
27.02. 03:45;0
27.02. 04:00;0
27.02. 04:15;0
27.02. 04:30;0
27.02. 04:45;0
27.02. 05:00;0
27.02. 05:15;0
27.02. 05:30;0
27.02. 05:45;0
27.02. 06:00;0
27.02. 06:15;0
27.02. 06:30;0
27.02. 06:45;0
27.02. 07:00;0,14951
27.02. 07:15;1,3659
27.02. 07:30;5,266
27.02. 07:45;6,2574
27.02. 08:00;9,7853
27.02. 08:15;16,44
27.02. 08:30;20,651
27.02. 08:45;22,248
27.02. 09:00;25,954
27.02. 09:15;29,219
27.02. 09:30;32,145
27.02. 09:45;34,849
27.02. 10:00;37,602
27.02. 10:15;39,856
27.02. 10:30;41,866
27.02. 10:45;43,644
27.02. 11:00;45,244
27.02. 11:15;46,047
27.02. 11:30;46,901
27.02. 11:45;47,558
27.02. 12:00;47,703
27.02. 12:15;47,644
27.02. 12:30;47,446
27.02. 12:45;46,968
27.02. 13:00;47,197
27.02. 13:15;46,562
27.02. 13:30;44,969
27.02. 13:45;43
27.02. 14:00;40,906
27.02. 14:15;38,855
27.02. 14:30;36,507
27.02. 14:45;33,938
27.02. 15:00;30,922
27.02. 15:15;27,836
27.02. 15:30;24,432
27.02. 15:45;20,895
27.02. 16:00;17,109
27.02. 16:15;13,726
27.02. 16:30;10,919
27.02. 16:45;8,0132
27.02. 17:00;4,1126
27.02. 17:15;0,81946
27.02. 17:30;0
27.02. 17:45;0
27.02. 18:00;0
27.02. 18:15;0
27.02. 18:30;0
27.02. 18:45;0
27.02. 19:00;0
27.02. 19:15;0
27.02. 19:30;0
27.02. 19:45;0
27.02. 20:00;0
27.02. 20:15;0
27.02. 20:30;0
27.02. 20:45;0
27.02. 21:00;0
27.02. 21:15;0
27.02. 21:30;0
27.02. 21:45;0
27.02. 22:00;0
27.02. 22:15;0
27.02. 22:30;0
27.02. 22:45;0
27.02. 23:00;0
27.02. 23:15;0
27.02. 23:30;0
27.02. 23:45;0
28.02. 00:00;0
28.02. 00:15;0
28.02. 00:30;0
28.02. 00:45;0
28.02. 01:00;0
28.02. 01:15;0
28.02. 01:30;0
28.02. 01:45;0
28.02. 02:00;0
28.02. 02:15;0
28.02. 02:30;0
28.02. 02:45;0
28.02. 03:00;0
28.02. 03:15;0
28.02. 03:30;0
28.02. 03:45;0
28.02. 04:00;0
28.02. 04:15;0
28.02. 04:30;0
28.02. 04:45;0
28.02. 05:00;0
28.02. 05:15;0
28.02. 05:30;0
28.02. 05:45;0
28.02. 06:00;0
28.02. 06:15;0
28.02. 06:30;0
28.02. 06:45;0
28.02. 07:00;0,22099
28.02. 07:15;0,83494
28.02. 07:30;1,9987
28.02. 07:45;6,6553
28.02. 08:00;11,071
28.02. 08:15;15,979
28.02. 08:30;19,833
28.02. 08:45;19,663
28.02. 09:00;27,536
28.02. 09:15;29,905
28.02. 09:30;32,536
28.02. 09:45;33,609
28.02. 10:00;26,673
28.02. 10:15;34,251
28.02. 10:30;38,912
28.02. 10:45;47,295
28.02. 11:00;23,911
28.02. 11:15;30,924
28.02. 11:30;26,477
28.02. 11:45;16,583
28.02. 12:00;20,012
28.02. 12:15;22,396
28.02. 12:30;35,442
28.02. 12:45;36,316
28.02. 13:00;26,948
28.02. 13:15;30,435
28.02. 13:30;39,072
28.02. 13:45;42,539
28.02. 14:00;35,252
28.02. 14:15;35,934
28.02. 14:30;28,58
28.02. 14:45;23,769
28.02. 15:00;23,128
28.02. 15:15;26,538
28.02. 15:30;22,389
28.02. 15:45;17,002
28.02. 16:00;13,368
28.02. 16:15;13,53
28.02. 16:30;11,872
28.02. 16:45;10,263
28.02. 17:00;5,2633
28.02. 17:15;1,4842
28.02. 17:30;0,019
28.02. 17:45;0
28.02. 18:00;0
28.02. 18:15;0
28.02. 18:30;0
28.02. 18:45;0
28.02. 19:00;0
28.02. 19:15;0
28.02. 19:30;0
28.02. 19:45;0
28.02. 20:00;0
28.02. 20:15;0
28.02. 20:30;0
28.02. 20:45;0
28.02. 21:00;0
28.02. 21:15;0
28.02. 21:30;0
28.02. 21:45;0
28.02. 22:00;0
28.02. 22:15;0
28.02. 22:30;0
28.02. 22:45;0
28.02. 23:00;0
28.02. 23:15;0
28.02. 23:30;0
28.02. 23:45;0
01.03. 00:00;0
01.03. 00:15;0
01.03. 00:30;0
01.03. 00:45;0
01.03. 01:00;0
01.03. 01:15;0
01.03. 01:30;0
01.03. 01:45;0
01.03. 02:00;0
01.03. 02:15;0
01.03. 02:30;0
01.03. 02:45;0
01.03. 03:00;0
01.03. 03:15;0
01.03. 03:30;0
01.03. 03:45;0
01.03. 04:00;0
01.03. 04:15;0
01.03. 04:30;0
01.03. 04:45;0
01.03. 05:00;0
01.03. 05:15;0
01.03. 05:30;0
01.03. 05:45;0
01.03. 06:00;0
01.03. 06:15;0
01.03. 06:30;0
01.03. 06:45;0
01.03. 07:00;0,1401
01.03. 07:15;1,0089
01.03. 07:30;1,7235
01.03. 07:45;2,2626
01.03. 08:00;4,9685
01.03. 08:15;6,5868
01.03. 08:30;7,7134
01.03. 08:45;9,3849
01.03. 09:00;11,43
01.03. 09:15;16,4
01.03. 09:30;17,345
01.03. 09:45;11,84
01.03. 10:00;19,396
01.03. 10:15;16,467
01.03. 10:30;13,036
01.03. 10:45;11,271
01.03. 11:00;11,486
01.03. 11:15;12,154
01.03. 11:30;18,627
01.03. 11:45;35,934
01.03. 12:00;18,541
01.03. 12:15;23,026
01.03. 12:30;42,764
01.03. 12:45;48,073
01.03. 13:00;34
01.03. 13:15;26,854
01.03. 13:30;24,561
01.03. 13:45;42,737
01.03. 14:00;34,951
01.03. 14:15;18,205
01.03. 14:30;11,852
01.03. 14:45;8,5093
01.03. 15:00;8,0058
01.03. 15:15;10,311
01.03. 15:30;22,33
01.03. 15:45;21,163
01.03. 16:00;12,353
01.03. 16:15;4,2252
01.03. 16:30;1,2232
01.03. 16:45;0,79691
01.03. 17:00;1,5991
01.03. 17:15;1,2259
01.03. 17:30;0,1207
01.03. 17:45;0
01.03. 18:00;0
01.03. 18:15;0
01.03. 18:30;0
01.03. 18:45;0
01.03. 19:00;0
01.03. 19:15;0
01.03. 19:30;0
01.03. 19:45;0
01.03. 20:00;0
01.03. 20:15;0
01.03. 20:30;0
01.03. 20:45;0
01.03. 21:00;0
01.03. 21:15;0
01.03. 21:30;0
01.03. 21:45;0
01.03. 22:00;0
01.03. 22:15;0
01.03. 22:30;0
01.03. 22:45;0
01.03. 23:00;0
01.03. 23:15;0
01.03. 23:30;0
01.03. 23:45;0
02.03. 00:00;0
02.03. 00:15;0
02.03. 00:30;0
02.03. 00:45;0
02.03. 01:00;0
02.03. 01:15;0
02.03. 01:30;0
02.03. 01:45;0
02.03. 02:00;0
02.03. 02:15;0
02.03. 02:30;0
02.03. 02:45;0
02.03. 03:00;0
02.03. 03:15;0
02.03. 03:30;0
02.03. 03:45;0
02.03. 04:00;0
02.03. 04:15;0
02.03. 04:30;0
02.03. 04:45;0
02.03. 05:00;0
02.03. 05:15;0
02.03. 05:30;0
02.03. 05:45;0
02.03. 06:00;0
02.03. 06:15;0
02.03. 06:30;0
02.03. 06:45;0
02.03. 07:00;0,49305
02.03. 07:15;1,6582
02.03. 07:30;3,0853
02.03. 07:45;8,6125
02.03. 08:00;8,3412
02.03. 08:15;9,8241
02.03. 08:30;11,513
02.03. 08:45;7,5627
02.03. 09:00;8,2909
02.03. 09:15;13,292
02.03. 09:30;29,847
02.03. 09:45;32,026
02.03. 10:00;25,937
02.03. 10:15;30,245
02.03. 10:30;43,55
02.03. 10:45;46,947
02.03. 11:00;34,553
02.03. 11:15;46,577
02.03. 11:30;47,364
02.03. 11:45;23,09
02.03. 12:00;23,954
02.03. 12:15;20,644
02.03. 12:30;26,875
02.03. 12:45;44,737
02.03. 13:00;34,073
02.03. 13:15;24,696
02.03. 13:30;16,579
02.03. 13:45;9,9278
02.03. 14:00;11,112
02.03. 14:15;12,196
02.03. 14:30;11,68
02.03. 14:45;15,675
02.03. 15:00;9,3843
02.03. 15:15;3,321
02.03. 15:30;1,8642
02.03. 15:45;1,8841
02.03. 16:00;1,5788
02.03. 16:15;0,58758
02.03. 16:30;0,28447
02.03. 16:45;0,35214
02.03. 17:00;0,05746
02.03. 17:15;0,01211
02.03. 17:30;0
02.03. 17:45;0
02.03. 18:00;0
02.03. 18:15;0
02.03. 18:30;0
02.03. 18:45;0
02.03. 19:00;0
02.03. 19:15;0
02.03. 19:30;0
02.03. 19:45;0
02.03. 20:00;0
02.03. 20:15;0
02.03. 20:30;0
02.03. 20:45;0
02.03. 21:00;0
02.03. 21:15;0
02.03. 21:30;0
02.03. 21:45;0
02.03. 22:00;0
02.03. 22:15;0
02.03. 22:30;0
02.03. 22:45;0
02.03. 23:00;0
02.03. 23:15;0
02.03. 23:30;0
02.03. 23:45;0
03.03. 00:00;0
03.03. 00:15;0
03.03. 00:30;0
03.03. 00:45;0
03.03. 01:00;0
03.03. 01:15;0
03.03. 01:30;0
03.03. 01:45;0
03.03. 02:00;0
03.03. 02:15;0
03.03. 02:30;0
03.03. 02:45;0
03.03. 03:00;0
03.03. 03:15;0
03.03. 03:30;0
03.03. 03:45;0
03.03. 04:00;0
03.03. 04:15;0
03.03. 04:30;0
03.03. 04:45;0
03.03. 05:00;0
03.03. 05:15;0
03.03. 05:30;0
03.03. 05:45;0
03.03. 06:00;0
03.03. 06:15;0
03.03. 06:30;0
03.03. 06:45;0
03.03. 07:00;0,72624
03.03. 07:15;1,187
03.03. 07:30;1,7794
03.03. 07:45;3,6909
03.03. 08:00;6,4077
03.03. 08:15;7,0541
03.03. 08:30;6,861
03.03. 08:45;5,2171
03.03. 09:00;6,2362
03.03. 09:15;9,6053
03.03. 09:30;13,254
03.03. 09:45;22,626
03.03. 10:00;21,521
03.03. 10:15;24,346
03.03. 10:30;32,711
03.03. 10:45;13,56
03.03. 11:00;13,879
03.03. 11:15;51,347
03.03. 11:30;23,052
03.03. 11:45;17,638
03.03. 12:00;18,962
03.03. 12:15;17,398
03.03. 12:30;13,012
03.03. 12:45;15,363
03.03. 13:00;15,48
03.03. 13:15;10,166
03.03. 13:30;7,2229
03.03. 13:45;5,6861
03.03. 14:00;8,9379
03.03. 14:15;15,814
03.03. 14:30;25,239
03.03. 14:45;16,482
03.03. 15:00;13,532
03.03. 15:15;14,414
03.03. 15:30;24,871
03.03. 15:45;12,92
03.03. 16:00;8,2325
03.03. 16:15;8,7177
03.03. 16:30;6,96
03.03. 16:45;5,1065
03.03. 17:00;2,6881
03.03. 17:15;1,0482
03.03. 17:30;0,06695
03.03. 17:45;0
03.03. 18:00;0
03.03. 18:15;0
03.03. 18:30;0
03.03. 18:45;0
03.03. 19:00;0
03.03. 19:15;0
03.03. 19:30;0
03.03. 19:45;0
03.03. 20:00;0
03.03. 20:15;0
03.03. 20:30;0
03.03. 20:45;0
03.03. 21:00;0
03.03. 21:15;0
03.03. 21:30;0
03.03. 21:45;0
03.03. 22:00;0
03.03. 22:15;0
03.03. 22:30;0
03.03. 22:45;0
03.03. 23:00;0
03.03. 23:15;0
03.03. 23:30;0
03.03. 23:45;0
04.03. 00:00;0
04.03. 00:15;0
04.03. 00:30;0
04.03. 00:45;0
04.03. 01:00;0
04.03. 01:15;0
04.03. 01:30;0
04.03. 01:45;0
04.03. 02:00;0
04.03. 02:15;0
04.03. 02:30;0
04.03. 02:45;0
04.03. 03:00;0
04.03. 03:15;0
04.03. 03:30;0
04.03. 03:45;0
04.03. 04:00;0
04.03. 04:15;0
04.03. 04:30;0
04.03. 04:45;0
04.03. 05:00;0
04.03. 05:15;0
04.03. 05:30;0
04.03. 05:45;0
04.03. 06:00;0
04.03. 06:15;0
04.03. 06:30;0
04.03. 06:45;0
04.03. 07:00;0,71026
04.03. 07:15;0,78471
04.03. 07:30;0,80972
04.03. 07:45;1,4504
04.03. 08:00;1,7336
04.03. 08:15;1,8631
04.03. 08:30;7,4598
04.03. 08:45;16,288
04.03. 09:00;12,958
04.03. 09:15;9,408
04.03. 09:30;18,148
04.03. 09:45;34,654
04.03. 10:00;32,146
04.03. 10:15;21,325
04.03. 10:30;29,281
04.03. 10:45;46,065
04.03. 11:00;29,205
04.03. 11:15;47,042
04.03. 11:30;45,19
04.03. 11:45;35,22
04.03. 12:00;43,833
04.03. 12:15;47,799
04.03. 12:30;35,437
04.03. 12:45;38,18
04.03. 13:00;40,45
04.03. 13:15;48,075
04.03. 13:30;35,873
04.03. 13:45;33,196
04.03. 14:00;36,395
04.03. 14:15;46,277
04.03. 14:30;32,852
04.03. 14:45;27,832
04.03. 15:00;33,544
04.03. 15:15;29,65
04.03. 15:30;20,523
04.03. 15:45;21,553
04.03. 16:00;20,097
04.03. 16:15;13,261
04.03. 16:30;11,644
04.03. 16:45;11,529
04.03. 17:00;8,5973
04.03. 17:15;2,7987
04.03. 17:30;0,17555
04.03. 17:45;0
04.03. 18:00;0
04.03. 18:15;0
04.03. 18:30;0
04.03. 18:45;0
04.03. 19:00;0
04.03. 19:15;0
04.03. 19:30;0
04.03. 19:45;0
04.03. 20:00;0
04.03. 20:15;0
04.03. 20:30;0
04.03. 20:45;0
04.03. 21:00;0
04.03. 21:15;0
04.03. 21:30;0
04.03. 21:45;0
04.03. 22:00;0
04.03. 22:15;0
04.03. 22:30;0
04.03. 22:45;0
04.03. 23:00;0
04.03. 23:15;0
04.03. 23:30;0
04.03. 23:45;0
05.03. 00:00;0
05.03. 00:15;0
05.03. 00:30;0
05.03. 00:45;0
05.03. 01:00;0
05.03. 01:15;0
05.03. 01:30;0
05.03. 01:45;0
05.03. 02:00;0
05.03. 02:15;0
05.03. 02:30;0
05.03. 02:45;0
05.03. 03:00;0
05.03. 03:15;0
05.03. 03:30;0
05.03. 03:45;0
05.03. 04:00;0
05.03. 04:15;0
05.03. 04:30;0
05.03. 04:45;0
05.03. 05:00;0
05.03. 05:15;0
05.03. 05:30;0
05.03. 05:45;0
05.03. 06:00;0
05.03. 06:15;0
05.03. 06:30;0
05.03. 06:45;0
05.03. 07:00;0,2634
05.03. 07:15;0,41667
05.03. 07:30;0,88284
05.03. 07:45;1,2821
05.03. 08:00;2,4317
05.03. 08:15;16,527
05.03. 08:30;18,944
05.03. 08:45;22,445
05.03. 09:00;23,898
05.03. 09:15;24,761
05.03. 09:30;34,528
05.03. 09:45;37,298
05.03. 10:00;24,751
05.03. 10:15;38,339
05.03. 10:30;43,58
05.03. 10:45;48,714
05.03. 11:00;53,444
05.03. 11:15;54,819
05.03. 11:30;36,226
05.03. 11:45;23,107
05.03. 12:00;42,019
05.03. 12:15;49,286
05.03. 12:30;40,629
05.03. 12:45;44,878
05.03. 13:00;37,372
05.03. 13:15;40,749
05.03. 13:30;39,578
05.03. 13:45;43,925
05.03. 14:00;47,327
05.03. 14:15;40,917
05.03. 14:30;29,409
05.03. 14:45;30,546
05.03. 15:00;33,473
05.03. 15:15;29,798
05.03. 15:30;21,3
05.03. 15:45;20,119
05.03. 16:00;8,6463
05.03. 16:15;21,004
05.03. 16:30;15,897
05.03. 16:45;10,739
05.03. 17:00;5,2901
05.03. 17:15;2,4582
05.03. 17:30;0,5621
05.03. 17:45;0
05.03. 18:00;0
05.03. 18:15;0
05.03. 18:30;0
05.03. 18:45;0
05.03. 19:00;0
05.03. 19:15;0
05.03. 19:30;0
05.03. 19:45;0
05.03. 20:00;0
05.03. 20:15;0
05.03. 20:30;0
05.03. 20:45;0
05.03. 21:00;0
05.03. 21:15;0
05.03. 21:30;0
05.03. 21:45;0
05.03. 22:00;0
05.03. 22:15;0
05.03. 22:30;0
05.03. 22:45;0
05.03. 23:00;0
05.03. 23:15;0
05.03. 23:30;0
05.03. 23:45;0
06.03. 00:00;0
06.03. 00:15;0
06.03. 00:30;0
06.03. 00:45;0
06.03. 01:00;0
06.03. 01:15;0
06.03. 01:30;0
06.03. 01:45;0
06.03. 02:00;0
06.03. 02:15;0
06.03. 02:30;0
06.03. 02:45;0
06.03. 03:00;0
06.03. 03:15;0
06.03. 03:30;0
06.03. 03:45;0
06.03. 04:00;0
06.03. 04:15;0
06.03. 04:30;0
06.03. 04:45;0
06.03. 05:00;0
06.03. 05:15;0
06.03. 05:30;0
06.03. 05:45;0
06.03. 06:00;0
06.03. 06:15;0
06.03. 06:30;0
06.03. 06:45;0
06.03. 07:00;1,8152
06.03. 07:15;1,7294
06.03. 07:30;1,2731
06.03. 07:45;0,76641
06.03. 08:00;1,337
06.03. 08:15;1,6414
06.03. 08:30;12,639
06.03. 08:45;28,282
06.03. 09:00;20,581
06.03. 09:15;27,231
06.03. 09:30;16,831
06.03. 09:45;31,648
06.03. 10:00;38,85
06.03. 10:15;25,508
06.03. 10:30;36,016
06.03. 10:45;21,363
06.03. 11:00;21,585
06.03. 11:15;37,766
06.03. 11:30;50,471
06.03. 11:45;45,742
06.03. 12:00;24,408
06.03. 12:15;25,986
06.03. 12:30;48,79
06.03. 12:45;54,675
06.03. 13:00;36,742
06.03. 13:15;27,323
06.03. 13:30;26,924
06.03. 13:45;29,867
06.03. 14:00;30,452
06.03. 14:15;16,083
06.03. 14:30;30,591
06.03. 14:45;15,842
06.03. 15:00;13,725
06.03. 15:15;11,91
06.03. 15:30;10,659
06.03. 15:45;24,219
06.03. 16:00;11,408
06.03. 16:15;5,9101
06.03. 16:30;5,7356
06.03. 16:45;4,8501
06.03. 17:00;2,7613
06.03. 17:15;0,99141
06.03. 17:30;0,79711
06.03. 17:45;0
06.03. 18:00;0
06.03. 18:15;0
06.03. 18:30;0
06.03. 18:45;0
06.03. 19:00;0
06.03. 19:15;0
06.03. 19:30;0
06.03. 19:45;0
06.03. 20:00;0
06.03. 20:15;0
06.03. 20:30;0
06.03. 20:45;0
06.03. 21:00;0
06.03. 21:15;0
06.03. 21:30;0
06.03. 21:45;0
06.03. 22:00;0
06.03. 22:15;0
06.03. 22:30;0
06.03. 22:45;0
06.03. 23:00;0
06.03. 23:15;0
06.03. 23:30;0
06.03. 23:45;0
07.03. 00:00;0
07.03. 00:15;0
07.03. 00:30;0
07.03. 00:45;0
07.03. 01:00;0
07.03. 01:15;0
07.03. 01:30;0
07.03. 01:45;0
07.03. 02:00;0
07.03. 02:15;0
07.03. 02:30;0
07.03. 02:45;0
07.03. 03:00;0
07.03. 03:15;0
07.03. 03:30;0
07.03. 03:45;0
07.03. 04:00;0
07.03. 04:15;0
07.03. 04:30;0
07.03. 04:45;0
07.03. 05:00;0
07.03. 05:15;0
07.03. 05:30;0
07.03. 05:45;0
07.03. 06:00;0
07.03. 06:15;0
07.03. 06:30;0
07.03. 06:45;0
07.03. 07:00;0,44659
07.03. 07:15;0,69782
07.03. 07:30;0,83814
07.03. 07:45;0,67744
07.03. 08:00;2,3845
07.03. 08:15;7,98
07.03. 08:30;13,753
07.03. 08:45;24,027
07.03. 09:00;21,715
07.03. 09:15;15,837
07.03. 09:30;12,177
07.03. 09:45;10,705
07.03. 10:00;17,992
07.03. 10:15;9,9923
07.03. 10:30;4,7474
07.03. 10:45;5,1437
07.03. 11:00;8,5899
07.03. 11:15;8,1704
07.03. 11:30;10,035
07.03. 11:45;13,11
07.03. 12:00;15,455
07.03. 12:15;15,71
07.03. 12:30;15,488
07.03. 12:45;15,65
07.03. 13:00;11,235
07.03. 13:15;8,0661
07.03. 13:30;11,524
07.03. 13:45;29,004
07.03. 14:00;23,803
07.03. 14:15;7,4161
07.03. 14:30;3,4513
07.03. 14:45;4,1331
07.03. 15:00;3,4702
07.03. 15:15;4,922
07.03. 15:30;9,2481
07.03. 15:45;5,9789
07.03. 16:00;6,0885
07.03. 16:15;4,2058
07.03. 16:30;3,8351
07.03. 16:45;6,0135
07.03. 17:00;4,6374
07.03. 17:15;1,7397
07.03. 17:30;0,45556
07.03. 17:45;0
07.03. 18:00;0
07.03. 18:15;0
07.03. 18:30;0
07.03. 18:45;0
07.03. 19:00;0
07.03. 19:15;0
07.03. 19:30;0
07.03. 19:45;0
07.03. 20:00;0
07.03. 20:15;0
07.03. 20:30;0
07.03. 20:45;0
07.03. 21:00;0
07.03. 21:15;0
07.03. 21:30;0
07.03. 21:45;0
07.03. 22:00;0
07.03. 22:15;0
07.03. 22:30;0
07.03. 22:45;0
07.03. 23:00;0
07.03. 23:15;0
07.03. 23:30;0
07.03. 23:45;0
08.03. 00:00;0
08.03. 00:15;0
08.03. 00:30;0
08.03. 00:45;0
08.03. 01:00;0
08.03. 01:15;0
08.03. 01:30;0
08.03. 01:45;0
08.03. 02:00;0
08.03. 02:15;0
08.03. 02:30;0
08.03. 02:45;0
08.03. 03:00;0
08.03. 03:15;0
08.03. 03:30;0
08.03. 03:45;0
08.03. 04:00;0
08.03. 04:15;0
08.03. 04:30;0
08.03. 04:45;0
08.03. 05:00;0
08.03. 05:15;0
08.03. 05:30;0
08.03. 05:45;0
08.03. 06:00;0
08.03. 06:15;0
08.03. 06:30;0
08.03. 06:45;0
08.03. 07:00;3,8817
08.03. 07:15;6,3702
08.03. 07:30;6,5286
08.03. 07:45;11,71
08.03. 08:00;15,28
08.03. 08:15;13,805
08.03. 08:30;10,097
08.03. 08:45;8,8196
08.03. 09:00;7,05
08.03. 09:15;6,4938
08.03. 09:30;7,7358
08.03. 09:45;9,9761
08.03. 10:00;18,698
08.03. 10:15;21,032
08.03. 10:30;25,104
08.03. 10:45;34,872
08.03. 11:00;35,4
08.03. 11:15;45,68
08.03. 11:30;68,392
08.03. 11:45;66,072
08.03. 12:00;42,379
08.03. 12:15;34,292
08.03. 12:30;33,728
08.03. 12:45;30,525
08.03. 13:00;16,485
08.03. 13:15;6,2854
08.03. 13:30;5,3549
08.03. 13:45;5,6016
08.03. 14:00;6,9365
08.03. 14:15;4,6199
08.03. 14:30;9,1182
08.03. 14:45;10,006
08.03. 15:00;5,7916
08.03. 15:15;2,5813
08.03. 15:30;3,3299
08.03. 15:45;3,4507
08.03. 16:00;4,1217
08.03. 16:15;4,0896
08.03. 16:30;4,8199
08.03. 16:45;2,6858
08.03. 17:00;2,9079
08.03. 17:15;2,2839
08.03. 17:30;1,1088
08.03. 17:45;0,0114
08.03. 18:00;0
08.03. 18:15;0
08.03. 18:30;0
08.03. 18:45;0
08.03. 19:00;0
08.03. 19:15;0
08.03. 19:30;0
08.03. 19:45;0
08.03. 20:00;0
08.03. 20:15;0
08.03. 20:30;0
08.03. 20:45;0
08.03. 21:00;0
08.03. 21:15;0
08.03. 21:30;0
08.03. 21:45;0
08.03. 22:00;0
08.03. 22:15;0
08.03. 22:30;0
08.03. 22:45;0
08.03. 23:00;0
08.03. 23:15;0
08.03. 23:30;0
08.03. 23:45;0
09.03. 00:00;0
09.03. 00:15;0
09.03. 00:30;0
09.03. 00:45;0
09.03. 01:00;0
09.03. 01:15;0
09.03. 01:30;0
09.03. 01:45;0
09.03. 02:00;0
09.03. 02:15;0
09.03. 02:30;0
09.03. 02:45;0
09.03. 03:00;0
09.03. 03:15;0
09.03. 03:30;0
09.03. 03:45;0
09.03. 04:00;0
09.03. 04:15;0
09.03. 04:30;0
09.03. 04:45;0
09.03. 05:00;0
09.03. 05:15;0
09.03. 05:30;0
09.03. 05:45;0
09.03. 06:00;0
09.03. 06:15;0
09.03. 06:30;0
09.03. 06:45;0
09.03. 07:00;0,31662
09.03. 07:15;0,42415
09.03. 07:30;0,24365
09.03. 07:45;0,25367
09.03. 08:00;0,19169
09.03. 08:15;1,18
09.03. 08:30;4,7978
09.03. 08:45;7,9896
09.03. 09:00;7,2228
09.03. 09:15;5,8517
09.03. 09:30;4,2734
09.03. 09:45;4,632
09.03. 10:00;3,5129
09.03. 10:15;7,033
09.03. 10:30;9,5199
09.03. 10:45;8,7501
09.03. 11:00;7,4186
09.03. 11:15;5,8683
09.03. 11:30;4,6836
09.03. 11:45;7,6104
09.03. 12:00;5,7813
09.03. 12:15;4,8933
09.03. 12:30;6,9851
09.03. 12:45;9,0847
09.03. 13:00;7,1468
09.03. 13:15;7,4327
09.03. 13:30;4,8696
09.03. 13:45;4,4615
09.03. 14:00;4,0699
09.03. 14:15;5,1477
09.03. 14:30;8,1638
09.03. 14:45;6,5018
09.03. 15:00;4,5254
09.03. 15:15;2,5685
09.03. 15:30;3,5144
09.03. 15:45;3,81
09.03. 16:00;5,4696
09.03. 16:15;4,3726
09.03. 16:30;3,1333
09.03. 16:45;1,7976
09.03. 17:00;1,2982
09.03. 17:15;0,71654
09.03. 17:30;0,17417
09.03. 17:45;0
09.03. 18:00;0
09.03. 18:15;0
09.03. 18:30;0
09.03. 18:45;0
09.03. 19:00;0
09.03. 19:15;0
09.03. 19:30;0
09.03. 19:45;0
09.03. 20:00;0
09.03. 20:15;0
09.03. 20:30;0
09.03. 20:45;0
09.03. 21:00;0
09.03. 21:15;0
09.03. 21:30;0
09.03. 21:45;0
09.03. 22:00;0
09.03. 22:15;0
09.03. 22:30;0
09.03. 22:45;0
09.03. 23:00;0
09.03. 23:15;0
09.03. 23:30;0
09.03. 23:45;0
10.03. 00:00;0
10.03. 00:15;0
10.03. 00:30;0
10.03. 00:45;0
10.03. 01:00;0
10.03. 01:15;0
10.03. 01:30;0
10.03. 01:45;0
10.03. 02:00;0
10.03. 02:15;0
10.03. 02:30;0
10.03. 02:45;0
10.03. 03:00;0
10.03. 03:15;0
10.03. 03:30;0
10.03. 03:45;0
10.03. 04:00;0
10.03. 04:15;0
10.03. 04:30;0
10.03. 04:45;0
10.03. 05:00;0
10.03. 05:15;0
10.03. 05:30;0
10.03. 05:45;0
10.03. 06:00;0
10.03. 06:15;0
10.03. 06:30;0
10.03. 06:45;0
10.03. 07:00;4,9618
10.03. 07:15;7,0712
10.03. 07:30;3,0174
10.03. 07:45;2,9977
10.03. 08:00;3,8418
10.03. 08:15;6,5743
10.03. 08:30;8,0619
10.03. 08:45;12,312
10.03. 09:00;23,12
10.03. 09:15;15,837
10.03. 09:30;12,891
10.03. 09:45;8,8118
10.03. 10:00;7,7174
10.03. 10:15;21,233
10.03. 10:30;30,02
10.03. 10:45;31,581
10.03. 11:00;23,753
10.03. 11:15;14,431
10.03. 11:30;16,101
10.03. 11:45;26,466
10.03. 12:00;16,776
10.03. 12:15;9,1677
10.03. 12:30;7,7133
10.03. 12:45;9,0818
10.03. 13:00;11,087
10.03. 13:15;17,288
10.03. 13:30;18,356
10.03. 13:45;17,121
10.03. 14:00;12,202
10.03. 14:15;12,792
10.03. 14:30;16,206
10.03. 14:45;30,74
10.03. 15:00;32,507
10.03. 15:15;32,245
10.03. 15:30;11,622
10.03. 15:45;15,014
10.03. 16:00;14,812
10.03. 16:15;17,907
10.03. 16:30;17,048
10.03. 16:45;7,2244
10.03. 17:00;4,2382
10.03. 17:15;1,6854
10.03. 17:30;0,39979
10.03. 17:45;0,013
10.03. 18:00;0
10.03. 18:15;0
10.03. 18:30;0
10.03. 18:45;0
10.03. 19:00;0
10.03. 19:15;0
10.03. 19:30;0
10.03. 19:45;0
10.03. 20:00;0
10.03. 20:15;0
10.03. 20:30;0
10.03. 20:45;0
10.03. 21:00;0
10.03. 21:15;0
10.03. 21:30;0
10.03. 21:45;0
10.03. 22:00;0
10.03. 22:15;0
10.03. 22:30;0
10.03. 22:45;0
10.03. 23:00;0
10.03. 23:15;0
10.03. 23:30;0
10.03. 23:45;0
11.03. 00:00;0
11.03. 00:15;0
11.03. 00:30;0
11.03. 00:45;0
11.03. 01:00;0
11.03. 01:15;0
11.03. 01:30;0
11.03. 01:45;0
11.03. 02:00;0
11.03. 02:15;0
11.03. 02:30;0
11.03. 02:45;0
11.03. 03:00;0
11.03. 03:15;0
11.03. 03:30;0
11.03. 03:45;0
11.03. 04:00;0
11.03. 04:15;0
11.03. 04:30;0
11.03. 04:45;0
11.03. 05:00;0
11.03. 05:15;0
11.03. 05:30;0
11.03. 05:45;0
11.03. 06:00;0
11.03. 06:15;0
11.03. 06:30;0
11.03. 06:45;0
11.03. 07:00;0,73607
11.03. 07:15;1,5527
11.03. 07:30;1,6691
11.03. 07:45;1,3851
11.03. 08:00;2,0833
11.03. 08:15;5,2743
11.03. 08:30;9,4093
11.03. 08:45;11,799
11.03. 09:00;13,222
11.03. 09:15;11,446
11.03. 09:30;13,312
11.03. 09:45;18,352
11.03. 10:00;12,1
11.03. 10:15;34,353
11.03. 10:30;34,706
11.03. 10:45;35,062
11.03. 11:00;25,66
11.03. 11:15;18,718
11.03. 11:30;22,181
11.03. 11:45;37,624
11.03. 12:00;17,849
11.03. 12:15;10,255
11.03. 12:30;9,209
11.03. 12:45;8,8772
11.03. 13:00;7,5781
11.03. 13:15;6,363
11.03. 13:30;6,0736
11.03. 13:45;7,2847
11.03. 14:00;6,1889
11.03. 14:15;5,6835
11.03. 14:30;4,9153
11.03. 14:45;4,5477
11.03. 15:00;5,9504
11.03. 15:15;5,2034
11.03. 15:30;4,4669
11.03. 15:45;4,9338
11.03. 16:00;3,5607
11.03. 16:15;1,6344
11.03. 16:30;0,97377
11.03. 16:45;0,82501
11.03. 17:00;0,55735
11.03. 17:15;0,2849
11.03. 17:30;0,28941
11.03. 17:45;0,17414
11.03. 18:00;0
11.03. 18:15;0
11.03. 18:30;0
11.03. 18:45;0
11.03. 19:00;0
11.03. 19:15;0
11.03. 19:30;0
11.03. 19:45;0
11.03. 20:00;0
11.03. 20:15;0
11.03. 20:30;0
11.03. 20:45;0
11.03. 21:00;0
11.03. 21:15;0
11.03. 21:30;0
11.03. 21:45;0
11.03. 22:00;0
11.03. 22:15;0
11.03. 22:30;0
11.03. 22:45;0
11.03. 23:00;0
11.03. 23:15;0
11.03. 23:30;0
11.03. 23:45;0
12.03. 00:00;0
12.03. 00:15;0
12.03. 00:30;0
12.03. 00:45;0
12.03. 01:00;0
12.03. 01:15;0
12.03. 01:30;0
12.03. 01:45;0
12.03. 02:00;0
12.03. 02:15;0
12.03. 02:30;0
12.03. 02:45;0
12.03. 03:00;0
12.03. 03:15;0
12.03. 03:30;0
12.03. 03:45;0
12.03. 04:00;0
12.03. 04:15;0
12.03. 04:30;0
12.03. 04:45;0
12.03. 05:00;0
12.03. 05:15;0
12.03. 05:30;0
12.03. 05:45;0
12.03. 06:00;0
12.03. 06:15;0
12.03. 06:30;0,00289
12.03. 06:45;0,12446
12.03. 07:00;0,80134
12.03. 07:15;3,1305
12.03. 07:30;5,4137
12.03. 07:45;8,9718
12.03. 08:00;8,3353
12.03. 08:15;7,0542
12.03. 08:30;6,9412
12.03. 08:45;8,4505
12.03. 09:00;9,3307
12.03. 09:15;8,3476
12.03. 09:30;7,0047
12.03. 09:45;4,8861
12.03. 10:00;9,1663
12.03. 10:15;13,291
12.03. 10:30;18,928
12.03. 10:45;23,412
12.03. 11:00;43,468
12.03. 11:15;30,733
12.03. 11:30;26,438
12.03. 11:45;21,647
12.03. 12:00;19,139
12.03. 12:15;19,564
12.03. 12:30;21,553
12.03. 12:45;18,819
12.03. 13:00;16,511
12.03. 13:15;14,836
12.03. 13:30;20,129
12.03. 13:45;9,368
12.03. 14:00;8,7853
12.03. 14:15;10,086
12.03. 14:30;9,824
12.03. 14:45;11,304
12.03. 15:00;10,314
12.03. 15:15;8,5346
12.03. 15:30;5,8306
12.03. 15:45;5,2663
12.03. 16:00;4,5042
12.03. 16:15;6,0391
12.03. 16:30;4,0683
12.03. 16:45;4,4918
12.03. 17:00;3,4244
12.03. 17:15;2,1231
12.03. 17:30;0,95845
12.03. 17:45;0,04302
12.03. 18:00;0
12.03. 18:15;0
12.03. 18:30;0
12.03. 18:45;0
12.03. 19:00;0
12.03. 19:15;0
12.03. 19:30;0
12.03. 19:45;0
12.03. 20:00;0
12.03. 20:15;0
12.03. 20:30;0
12.03. 20:45;0
12.03. 21:00;0
12.03. 21:15;0
12.03. 21:30;0
12.03. 21:45;0
12.03. 22:00;0
12.03. 22:15;0
12.03. 22:30;0
12.03. 22:45;0
12.03. 23:00;0
12.03. 23:15;0
12.03. 23:30;0
12.03. 23:45;0
13.03. 00:00;0
13.03. 00:15;0
13.03. 00:30;0
13.03. 00:45;0
13.03. 01:00;0
13.03. 01:15;0
13.03. 01:30;0
13.03. 01:45;0
13.03. 02:00;0
13.03. 02:15;0
13.03. 02:30;0
13.03. 02:45;0
13.03. 03:00;0
13.03. 03:15;0
13.03. 03:30;0
13.03. 03:45;0
13.03. 04:00;0
13.03. 04:15;0
13.03. 04:30;0
13.03. 04:45;0
13.03. 05:00;0
13.03. 05:15;0
13.03. 05:30;0
13.03. 05:45;0
13.03. 06:00;0
13.03. 06:15;0
13.03. 06:30;0,25475
13.03. 06:45;1,878
13.03. 07:00;11,064
13.03. 07:15;10,225
13.03. 07:30;8,6835
13.03. 07:45;14,216
13.03. 08:00;17,611
13.03. 08:15;16,909
13.03. 08:30;24,746
13.03. 08:45;31,934
13.03. 09:00;32,981
13.03. 09:15;33,147
13.03. 09:30;40,725
13.03. 09:45;47,434
13.03. 10:00;44,967
13.03. 10:15;47,5
13.03. 10:30;49,425
13.03. 10:45;51,119
13.03. 11:00;53,177
13.03. 11:15;35,957
13.03. 11:30;50,95
13.03. 11:45;41,635
13.03. 12:00;49,097
13.03. 12:15;49,281
13.03. 12:30;49,412
13.03. 12:45;49,1
13.03. 13:00;48,29
13.03. 13:15;47,231
13.03. 13:30;45,999
13.03. 13:45;44,535
13.03. 14:00;45,409
13.03. 14:15;44,095
13.03. 14:30;41,804
13.03. 14:45;39,287
13.03. 15:00;36,779
13.03. 15:15;33,95
13.03. 15:30;30,913
13.03. 15:45;27,687
13.03. 16:00;23,916
13.03. 16:15;20,435
13.03. 16:30;16,988
13.03. 16:45;13,515
13.03. 17:00;9,5725
13.03. 17:15;7,3523
13.03. 17:30;2,7709
13.03. 17:45;0,47004
13.03. 18:00;0
13.03. 18:15;0
13.03. 18:30;0
13.03. 18:45;0
13.03. 19:00;0
13.03. 19:15;0
13.03. 19:30;0
13.03. 19:45;0
13.03. 20:00;0
13.03. 20:15;0
13.03. 20:30;0
13.03. 20:45;0
13.03. 21:00;0
13.03. 21:15;0
13.03. 21:30;0
13.03. 21:45;0
13.03. 22:00;0
13.03. 22:15;0
13.03. 22:30;0
13.03. 22:45;0
13.03. 23:00;0
13.03. 23:15;0
13.03. 23:30;0
13.03. 23:45;0
14.03. 00:00;0
14.03. 00:15;0
14.03. 00:30;0
14.03. 00:45;0
14.03. 01:00;0
14.03. 01:15;0
14.03. 01:30;0
14.03. 01:45;0
14.03. 02:00;0
14.03. 02:15;0
14.03. 02:30;0
14.03. 02:45;0
14.03. 03:00;0
14.03. 03:15;0
14.03. 03:30;0
14.03. 03:45;0
14.03. 04:00;0
14.03. 04:15;0
14.03. 04:30;0
14.03. 04:45;0
14.03. 05:00;0
14.03. 05:15;0
14.03. 05:30;0
14.03. 05:45;0
14.03. 06:00;0
14.03. 06:15;0
14.03. 06:30;0,00531
14.03. 06:45;0,33388
14.03. 07:00;0,99921
14.03. 07:15;3,2592
14.03. 07:30;6,6732
14.03. 07:45;8,0819
14.03. 08:00;4,069
14.03. 08:15;4,1773
14.03. 08:30;13,537
14.03. 08:45;19,967
14.03. 09:00;33,578
14.03. 09:15;18,265
14.03. 09:30;8,9362
14.03. 09:45;9,4338
14.03. 10:00;14,758
14.03. 10:15;26,454
14.03. 10:30;22,196
14.03. 10:45;27,612
14.03. 11:00;30,195
14.03. 11:15;41,672
14.03. 11:30;26,767
14.03. 11:45;42,501
14.03. 12:00;48,141
14.03. 12:15;55,037
14.03. 12:30;57,797
14.03. 12:45;48,701
14.03. 13:00;37,737
14.03. 13:15;45,899
14.03. 13:30;38,924
14.03. 13:45;42,519
14.03. 14:00;40,038
14.03. 14:15;17,824
14.03. 14:30;12,92
14.03. 14:45;16,56
14.03. 15:00;17,985
14.03. 15:15;26,269
14.03. 15:30;27,426
14.03. 15:45;12,182
14.03. 16:00;14,668
14.03. 16:15;19,844
14.03. 16:30;14,508
14.03. 16:45;10,729
14.03. 17:00;8,0466
14.03. 17:15;4,2074
14.03. 17:30;1,1923
14.03. 17:45;0,39035
14.03. 18:00;0
14.03. 18:15;0
14.03. 18:30;0
14.03. 18:45;0
14.03. 19:00;0
14.03. 19:15;0
14.03. 19:30;0
14.03. 19:45;0
14.03. 20:00;0
14.03. 20:15;0
14.03. 20:30;0
14.03. 20:45;0
14.03. 21:00;0
14.03. 21:15;0
14.03. 21:30;0
14.03. 21:45;0
14.03. 22:00;0
14.03. 22:15;0
14.03. 22:30;0
14.03. 22:45;0
14.03. 23:00;0
14.03. 23:15;0
14.03. 23:30;0
14.03. 23:45;0
15.03. 00:00;0
15.03. 00:15;0
15.03. 00:30;0
15.03. 00:45;0
15.03. 01:00;0
15.03. 01:15;0
15.03. 01:30;0
15.03. 01:45;0
15.03. 02:00;0
15.03. 02:15;0
15.03. 02:30;0
15.03. 02:45;0
15.03. 03:00;0
15.03. 03:15;0
15.03. 03:30;0
15.03. 03:45;0
15.03. 04:00;0
15.03. 04:15;0
15.03. 04:30;0
15.03. 04:45;0
15.03. 05:00;0
15.03. 05:15;0
15.03. 05:30;0
15.03. 05:45;0
15.03. 06:00;0
15.03. 06:15;0
15.03. 06:30;0,17552
15.03. 06:45;1,1452
15.03. 07:00;7,5757
15.03. 07:15;11,747
15.03. 07:30;9,7423
15.03. 07:45;10,177
15.03. 08:00;22,616
15.03. 08:15;21,53
15.03. 08:30;27,718
15.03. 08:45;17,878
15.03. 09:00;27,631
15.03. 09:15;40,728
15.03. 09:30;42,853
15.03. 09:45;44,003
15.03. 10:00;45,63
15.03. 10:15;47,797
15.03. 10:30;49,676
15.03. 10:45;51,309
15.03. 11:00;52,832
15.03. 11:15;53,963
15.03. 11:30;54,806
15.03. 11:45;55,366
15.03. 12:00;55,831
15.03. 12:15;55,815
15.03. 12:30;55,539
15.03. 12:45;54,998
15.03. 13:00;53,754
15.03. 13:15;52,612
15.03. 13:30;51,267
15.03. 13:45;49,515
15.03. 14:00;47,694
15.03. 14:15;45,643
15.03. 14:30;43,323
15.03. 14:45;40,785
15.03. 15:00;37,608
15.03. 15:15;34,59
15.03. 15:30;31,533
15.03. 15:45;28,333
15.03. 16:00;24,147
15.03. 16:15;20,611
15.03. 16:30;17,264
15.03. 16:45;13,831
15.03. 17:00;9,7607
15.03. 17:15;9,5792
15.03. 17:30;2,8458
15.03. 17:45;0,48175
15.03. 18:00;0
15.03. 18:15;0
15.03. 18:30;0
15.03. 18:45;0
15.03. 19:00;0
15.03. 19:15;0
15.03. 19:30;0
15.03. 19:45;0
15.03. 20:00;0
15.03. 20:15;0
15.03. 20:30;0
15.03. 20:45;0
15.03. 21:00;0
15.03. 21:15;0
15.03. 21:30;0
15.03. 21:45;0
15.03. 22:00;0
15.03. 22:15;0
15.03. 22:30;0
15.03. 22:45;0
15.03. 23:00;0
15.03. 23:15;0
15.03. 23:30;0
15.03. 23:45;0
16.03. 00:00;0
16.03. 00:15;0
16.03. 00:30;0
16.03. 00:45;0
16.03. 01:00;0
16.03. 01:15;0
16.03. 01:30;0
16.03. 01:45;0
16.03. 02:00;0
16.03. 02:15;0
16.03. 02:30;0
16.03. 02:45;0
16.03. 03:00;0
16.03. 03:15;0
16.03. 03:30;0
16.03. 03:45;0
16.03. 04:00;0
16.03. 04:15;0
16.03. 04:30;0
16.03. 04:45;0
16.03. 05:00;0
16.03. 05:15;0
16.03. 05:30;0
16.03. 05:45;0
16.03. 06:00;0
16.03. 06:15;0,00324
16.03. 06:30;0,68477
16.03. 06:45;1,5497
16.03. 07:00;6,1833
16.03. 07:15;8,926
16.03. 07:30;12,35
16.03. 07:45;15,368
16.03. 08:00;18,325
16.03. 08:15;17,586
16.03. 08:30;23,327
16.03. 08:45;29,706
16.03. 09:00;28,519
16.03. 09:15;30,269
16.03. 09:30;32,425
16.03. 09:45;34,4
16.03. 10:00;39,039
16.03. 10:15;40,532
16.03. 10:30;50,842
16.03. 10:45;46,62
16.03. 11:00;52,371
16.03. 11:15;55,321
16.03. 11:30;57,56
16.03. 11:45;49,486
16.03. 12:00;54,626
16.03. 12:15;55,416
16.03. 12:30;55,136
16.03. 12:45;54,597
16.03. 13:00;52,968
16.03. 13:15;51,706
16.03. 13:30;50,308
16.03. 13:45;48,064
16.03. 14:00;46,775
16.03. 14:15;44,902
16.03. 14:30;42,65
16.03. 14:45;40,23
16.03. 15:00;37,529
16.03. 15:15;34,671
16.03. 15:30;31,646
16.03. 15:45;28,479
16.03. 16:00;24,432
16.03. 16:15;20,95
16.03. 16:30;17,62
16.03. 16:45;14,221
16.03. 17:00;10,741
16.03. 17:15;8,9135
16.03. 17:30;1,784
16.03. 17:45;1,1481
16.03. 18:00;0
16.03. 18:15;0
16.03. 18:30;0
16.03. 18:45;0
16.03. 19:00;0
16.03. 19:15;0
16.03. 19:30;0
16.03. 19:45;0
16.03. 20:00;0
16.03. 20:15;0
16.03. 20:30;0
16.03. 20:45;0
16.03. 21:00;0
16.03. 21:15;0
16.03. 21:30;0
16.03. 21:45;0
16.03. 22:00;0
16.03. 22:15;0
16.03. 22:30;0
16.03. 22:45;0
16.03. 23:00;0
16.03. 23:15;0
16.03. 23:30;0
16.03. 23:45;0
17.03. 00:00;0
17.03. 00:15;0
17.03. 00:30;0
17.03. 00:45;0
17.03. 01:00;0
17.03. 01:15;0
17.03. 01:30;0
17.03. 01:45;0
17.03. 02:00;0
17.03. 02:15;0
17.03. 02:30;0
17.03. 02:45;0
17.03. 03:00;0
17.03. 03:15;0
17.03. 03:30;0
17.03. 03:45;0
17.03. 04:00;0
17.03. 04:15;0
17.03. 04:30;0
17.03. 04:45;0
17.03. 05:00;0
17.03. 05:15;0
17.03. 05:30;0
17.03. 05:45;0
17.03. 06:00;0
17.03. 06:15;0
17.03. 06:30;0,00497
17.03. 06:45;0,06151
17.03. 07:00;0,31314
17.03. 07:15;2,4716
17.03. 07:30;6,5897
17.03. 07:45;11,857
17.03. 08:00;15,782
17.03. 08:15;14,162
17.03. 08:30;15,484
17.03. 08:45;9,1448
17.03. 09:00;9,3336
17.03. 09:15;29,111
17.03. 09:30;35,027
17.03. 09:45;24,909
17.03. 10:00;22,911
17.03. 10:15;21,225
17.03. 10:30;16,843
17.03. 10:45;20,635
17.03. 11:00;14,642
17.03. 11:15;10,698
17.03. 11:30;12,863
17.03. 11:45;10,208
17.03. 12:00;11,369
17.03. 12:15;9,9428
17.03. 12:30;9,5723
17.03. 12:45;7,2408
17.03. 13:00;6,7546
17.03. 13:15;8,4853
17.03. 13:30;8,0913
17.03. 13:45;7,3935
17.03. 14:00;5,3193
17.03. 14:15;4,8561
17.03. 14:30;10,462
17.03. 14:45;20,212
17.03. 15:00;30,211
17.03. 15:15;18,409
17.03. 15:30;12,832
17.03. 15:45;11,277
17.03. 16:00;17,61
17.03. 16:15;19,251
17.03. 16:30;21,14
17.03. 16:45;10,069
17.03. 17:00;7,8981
17.03. 17:15;8,9588
17.03. 17:30;4,0384
17.03. 17:45;1,1188
17.03. 18:00;0
17.03. 18:15;0
17.03. 18:30;0
17.03. 18:45;0
17.03. 19:00;0
17.03. 19:15;0
17.03. 19:30;0
17.03. 19:45;0
17.03. 20:00;0
17.03. 20:15;0
17.03. 20:30;0
17.03. 20:45;0
17.03. 21:00;0
17.03. 21:15;0
17.03. 21:30;0
17.03. 21:45;0
17.03. 22:00;0
17.03. 22:15;0
17.03. 22:30;0
17.03. 22:45;0
17.03. 23:00;0
17.03. 23:15;0
17.03. 23:30;0
17.03. 23:45;0
18.03. 00:00;0
18.03. 00:15;0
18.03. 00:30;0
18.03. 00:45;0
18.03. 01:00;0
18.03. 01:15;0
18.03. 01:30;0
18.03. 01:45;0
18.03. 02:00;0
18.03. 02:15;0
18.03. 02:30;0
18.03. 02:45;0
18.03. 03:00;0
18.03. 03:15;0
18.03. 03:30;0
18.03. 03:45;0
18.03. 04:00;0
18.03. 04:15;0
18.03. 04:30;0
18.03. 04:45;0
18.03. 05:00;0
18.03. 05:15;0
18.03. 05:30;0
18.03. 05:45;0
18.03. 06:00;0
18.03. 06:15;0,12895
18.03. 06:30;1,0725
18.03. 06:45;0,82233
18.03. 07:00;4,6562
18.03. 07:15;10,012
18.03. 07:30;10,667
18.03. 07:45;12,654
18.03. 08:00;14,071
18.03. 08:15;16,833
18.03. 08:30;29,686
18.03. 08:45;36,056
18.03. 09:00;44,233
18.03. 09:15;41,965
18.03. 09:30;44,204
18.03. 09:45;31,372
18.03. 10:00;39,112
18.03. 10:15;51,465
18.03. 10:30;53,936
18.03. 10:45;53,74
18.03. 11:00;45,702
18.03. 11:15;55,415
18.03. 11:30;56,231
18.03. 11:45;63,294
18.03. 12:00;57,925
18.03. 12:15;54,796
18.03. 12:30;55,08
18.03. 12:45;52,431
18.03. 13:00;54,826
18.03. 13:15;50,3
18.03. 13:30;45,809
18.03. 13:45;43,821
18.03. 14:00;38,714
18.03. 14:15;46,622
18.03. 14:30;14,352
18.03. 14:45;13,099
18.03. 15:00;16,231
18.03. 15:15;12,343
18.03. 15:30;9,2986
18.03. 15:45;7,9598
18.03. 16:00;19,703
18.03. 16:15;19,903
18.03. 16:30;18,756
18.03. 16:45;17,075
18.03. 17:00;13,544
18.03. 17:15;7,648
18.03. 17:30;1,9539
18.03. 17:45;1,1276
18.03. 18:00;0
18.03. 18:15;0
18.03. 18:30;0
18.03. 18:45;0
18.03. 19:00;0
18.03. 19:15;0
18.03. 19:30;0
18.03. 19:45;0
18.03. 20:00;0
18.03. 20:15;0
18.03. 20:30;0
18.03. 20:45;0
18.03. 21:00;0
18.03. 21:15;0
18.03. 21:30;0
18.03. 21:45;0
18.03. 22:00;0
18.03. 22:15;0
18.03. 22:30;0
18.03. 22:45;0
18.03. 23:00;0
18.03. 23:15;0
18.03. 23:30;0
18.03. 23:45;0
19.03. 00:00;0
19.03. 00:15;0
19.03. 00:30;0
19.03. 00:45;0
19.03. 01:00;0
19.03. 01:15;0
19.03. 01:30;0
19.03. 01:45;0
19.03. 02:00;0
19.03. 02:15;0
19.03. 02:30;0
19.03. 02:45;0
19.03. 03:00;0
19.03. 03:15;0
19.03. 03:30;0
19.03. 03:45;0
19.03. 04:00;0
19.03. 04:15;0
19.03. 04:30;0
19.03. 04:45;0
19.03. 05:00;0
19.03. 05:15;0
19.03. 05:30;0
19.03. 05:45;0
19.03. 06:00;0
19.03. 06:15;0
19.03. 06:30;0,04233
19.03. 06:45;0,12682
19.03. 07:00;0,15685
19.03. 07:15;0,63156
19.03. 07:30;3,2779
19.03. 07:45;6,6154
19.03. 08:00;5,6226
19.03. 08:15;5,4175
19.03. 08:30;5,5255
19.03. 08:45;4,8218
19.03. 09:00;6,8108
19.03. 09:15;6,562
19.03. 09:30;8,5006
19.03. 09:45;9,3184
19.03. 10:00;8,1018
19.03. 10:15;5,9596
19.03. 10:30;7,0783
19.03. 10:45;6,7258
19.03. 11:00;6,3508
19.03. 11:15;5,285
19.03. 11:30;5,6963
19.03. 11:45;7,6735
19.03. 12:00;7,6956
19.03. 12:15;8,0915
19.03. 12:30;5,3734
19.03. 12:45;3,3777
19.03. 13:00;7,6297
19.03. 13:15;5,1016
19.03. 13:30;2,7797
19.03. 13:45;3,1932
19.03. 14:00;3,3477
19.03. 14:15;5,3238
19.03. 14:30;6,2357
19.03. 14:45;5,5262
19.03. 15:00;4,2265
19.03. 15:15;4,0802
19.03. 15:30;6,1376
19.03. 15:45;6,4071
19.03. 16:00;9,2254
19.03. 16:15;2,9513
19.03. 16:30;1,3583
19.03. 16:45;0,97038
19.03. 17:00;0,5697
19.03. 17:15;0,80266
19.03. 17:30;3,6979
19.03. 17:45;1,5106
19.03. 18:00;0
19.03. 18:15;0
19.03. 18:30;0
19.03. 18:45;0
19.03. 19:00;0
19.03. 19:15;0
19.03. 19:30;0
19.03. 19:45;0
19.03. 20:00;0
19.03. 20:15;0
19.03. 20:30;0
19.03. 20:45;0
19.03. 21:00;0
19.03. 21:15;0
19.03. 21:30;0
19.03. 21:45;0
19.03. 22:00;0
19.03. 22:15;0
19.03. 22:30;0
19.03. 22:45;0
19.03. 23:00;0
19.03. 23:15;0
19.03. 23:30;0
19.03. 23:45;0
20.03. 00:00;0
20.03. 00:15;0
20.03. 00:30;0
20.03. 00:45;0
20.03. 01:00;0
20.03. 01:15;0
20.03. 01:30;0
20.03. 01:45;0
20.03. 02:00;0
20.03. 02:15;0
20.03. 02:30;0
20.03. 02:45;0
20.03. 03:00;0
20.03. 03:15;0
20.03. 03:30;0
20.03. 03:45;0
20.03. 04:00;0
20.03. 04:15;0
20.03. 04:30;0
20.03. 04:45;0
20.03. 05:00;0
20.03. 05:15;0
20.03. 05:30;0
20.03. 05:45;0
20.03. 06:00;0
20.03. 06:15;0
20.03. 06:30;0,06592
20.03. 06:45;0,33432
20.03. 07:00;1,14
20.03. 07:15;2,7264
20.03. 07:30;3,8645
20.03. 07:45;6,2235
20.03. 08:00;7,1256
20.03. 08:15;7,9854
20.03. 08:30;6,4396
20.03. 08:45;6,9101
20.03. 09:00;6,8998
20.03. 09:15;12,347
20.03. 09:30;12,638
20.03. 09:45;10,525
20.03. 10:00;8,7942
20.03. 10:15;8,003
20.03. 10:30;11,4
20.03. 10:45;18,32
20.03. 11:00;15,768
20.03. 11:15;9,8034
20.03. 11:30;8,2423
20.03. 11:45;5,1955
20.03. 12:00;4,6488
20.03. 12:15;8,3169
20.03. 12:30;10,842
20.03. 12:45;13,582
20.03. 13:00;15,155
20.03. 13:15;8,7403
20.03. 13:30;6,9089
20.03. 13:45;5,2986
20.03. 14:00;5,9
20.03. 14:15;10,528
20.03. 14:30;7,3628
20.03. 14:45;8,1926
20.03. 15:00;6,6891
20.03. 15:15;6,6909
20.03. 15:30;6,1128
20.03. 15:45;3,8402
20.03. 16:00;3,2006
20.03. 16:15;3,163
20.03. 16:30;4,0263
20.03. 16:45;5,5031
20.03. 17:00;1,8239
20.03. 17:15;1,1467
20.03. 17:30;0,5626
20.03. 17:45;0,06645
20.03. 18:00;0
20.03. 18:15;0
20.03. 18:30;0
20.03. 18:45;0
20.03. 19:00;0
20.03. 19:15;0
20.03. 19:30;0
20.03. 19:45;0
20.03. 20:00;0
20.03. 20:15;0
20.03. 20:30;0
20.03. 20:45;0
20.03. 21:00;0
20.03. 21:15;0
20.03. 21:30;0
20.03. 21:45;0
20.03. 22:00;0
20.03. 22:15;0
20.03. 22:30;0
20.03. 22:45;0
20.03. 23:00;0
20.03. 23:15;0
20.03. 23:30;0
20.03. 23:45;0
21.03. 00:00;0
21.03. 00:15;0
21.03. 00:30;0
21.03. 00:45;0
21.03. 01:00;0
21.03. 01:15;0
21.03. 01:30;0
21.03. 01:45;0
21.03. 02:00;0
21.03. 02:15;0
21.03. 02:30;0
21.03. 02:45;0
21.03. 03:00;0
21.03. 03:15;0
21.03. 03:30;0
21.03. 03:45;0
21.03. 04:00;0
21.03. 04:15;0
21.03. 04:30;0
21.03. 04:45;0
21.03. 05:00;0
21.03. 05:15;0
21.03. 05:30;0
21.03. 05:45;0
21.03. 06:00;0
21.03. 06:15;0,65959
21.03. 06:30;4,2603
21.03. 06:45;2,7869
21.03. 07:00;8,8979
21.03. 07:15;13,786
21.03. 07:30;18,533
21.03. 07:45;20,938
21.03. 08:00;23,544
21.03. 08:15;26,52
21.03. 08:30;29,671
21.03. 08:45;32,725
21.03. 09:00;38,561
21.03. 09:15;41,704
21.03. 09:30;44,459
21.03. 09:45;47,025
21.03. 10:00;48,919
21.03. 10:15;50,783
21.03. 10:30;52,606
21.03. 10:45;54,189
21.03. 11:00;55,929
21.03. 11:15;57,682
21.03. 11:30;58,33
21.03. 11:45;58,661
21.03. 12:00;59,86
21.03. 12:15;59,749
21.03. 12:30;59,226
21.03. 12:45;59,08
21.03. 13:00;57,982
21.03. 13:15;56,64
21.03. 13:30;55,238
21.03. 13:45;53,584
21.03. 14:00;52,177
21.03. 14:15;50,119
21.03. 14:30;47,718
21.03. 14:45;45,083
21.03. 15:00;42,2
21.03. 15:15;39,154
21.03. 15:30;35,934
21.03. 15:45;32,561
21.03. 16:00;28,422
21.03. 16:15;24,747
21.03. 16:30;21,145
21.03. 16:45;17,512
21.03. 17:00;12,462
21.03. 17:15;9,9486
21.03. 17:30;7,4625
21.03. 17:45;2,7295
21.03. 18:00;0,6171
21.03. 18:15;0
21.03. 18:30;0
21.03. 18:45;0
21.03. 19:00;0
21.03. 19:15;0
21.03. 19:30;0
21.03. 19:45;0
21.03. 20:00;0
21.03. 20:15;0
21.03. 20:30;0
21.03. 20:45;0
21.03. 21:00;0
21.03. 21:15;0
21.03. 21:30;0
21.03. 21:45;0
21.03. 22:00;0
21.03. 22:15;0
21.03. 22:30;0
21.03. 22:45;0
21.03. 23:00;0
21.03. 23:15;0
21.03. 23:30;0
21.03. 23:45;0
22.03. 00:00;0
22.03. 00:15;0
22.03. 00:30;0
22.03. 00:45;0
22.03. 01:00;0
22.03. 01:15;0
22.03. 01:30;0
22.03. 01:45;0
22.03. 02:00;0
22.03. 02:15;0
22.03. 02:30;0
22.03. 02:45;0
22.03. 03:00;0
22.03. 03:15;0
22.03. 03:30;0
22.03. 03:45;0
22.03. 04:00;0
22.03. 04:15;0
22.03. 04:30;0
22.03. 04:45;0
22.03. 05:00;0
22.03. 05:15;0
22.03. 05:30;0
22.03. 05:45;0
22.03. 06:00;0
22.03. 06:15;0,33675
22.03. 06:30;1,7916
22.03. 06:45;6,8333
22.03. 07:00;6,8598
22.03. 07:15;14,895
22.03. 07:30;17,805
22.03. 07:45;23,689
22.03. 08:00;24,287
22.03. 08:15;26,802
22.03. 08:30;29,693
22.03. 08:45;33,05
22.03. 09:00;39,283
22.03. 09:15;42,099
22.03. 09:30;48,649
22.03. 09:45;47,367
22.03. 10:00;51,475
22.03. 10:15;52,834
22.03. 10:30;54,711
22.03. 10:45;56,321
22.03. 11:00;57,857
22.03. 11:15;58,941
22.03. 11:30;59,708
22.03. 11:45;60,174
22.03. 12:00;59,435
22.03. 12:15;59,038
22.03. 12:30;58,73
22.03. 12:45;58,155
22.03. 13:00;56,976
22.03. 13:15;55,69
22.03. 13:30;54,316
22.03. 13:45;52,678
22.03. 14:00;51,338
22.03. 14:15;49,339
22.03. 14:30;46,977
22.03. 14:45;44,405
22.03. 15:00;41,773
22.03. 15:15;38,836
22.03. 15:30;35,684
22.03. 15:45;32,37
22.03. 16:00;28,324
22.03. 16:15;24,718
22.03. 16:30;21,167
22.03. 16:45;17,569
22.03. 17:00;12,538
22.03. 17:15;10,176
22.03. 17:30;8,1705
22.03. 17:45;3,0884
22.03. 18:00;0,88627
22.03. 18:15;0
22.03. 18:30;0
22.03. 18:45;0
22.03. 19:00;0
22.03. 19:15;0
22.03. 19:30;0
22.03. 19:45;0
22.03. 20:00;0
22.03. 20:15;0
22.03. 20:30;0
22.03. 20:45;0
22.03. 21:00;0
22.03. 21:15;0
22.03. 21:30;0
22.03. 21:45;0
22.03. 22:00;0
22.03. 22:15;0
22.03. 22:30;0
22.03. 22:45;0
22.03. 23:00;0
22.03. 23:15;0
22.03. 23:30;0
22.03. 23:45;0
23.03. 00:00;0
23.03. 00:15;0
23.03. 00:30;0
23.03. 00:45;0
23.03. 01:00;0
23.03. 01:15;0
23.03. 01:30;0
23.03. 01:45;0
23.03. 02:00;0
23.03. 02:15;0
23.03. 02:30;0
23.03. 02:45;0
23.03. 03:00;0
23.03. 03:15;0
23.03. 03:30;0
23.03. 03:45;0
23.03. 04:00;0
23.03. 04:15;0
23.03. 04:30;0
23.03. 04:45;0
23.03. 05:00;0
23.03. 05:15;0
23.03. 05:30;0
23.03. 05:45;0
23.03. 06:00;0,00716
23.03. 06:15;0,4327
23.03. 06:30;2,3435
23.03. 06:45;7,9608
23.03. 07:00;8,6231
23.03. 07:15;14,271
23.03. 07:30;19,241
23.03. 07:45;24,57
23.03. 08:00;25,003
23.03. 08:15;27,529
23.03. 08:30;30,683
23.03. 08:45;33,706
23.03. 09:00;40,455
23.03. 09:15;43,933
23.03. 09:30;48,152
23.03. 09:45;48,809
23.03. 10:00;51,585
23.03. 10:15;53,83
23.03. 10:30;55,667
23.03. 10:45;57,282
23.03. 11:00;58,442
23.03. 11:15;58,993
23.03. 11:30;59,82
23.03. 11:45;61,208
23.03. 12:00;60,756
23.03. 12:15;60,407
23.03. 12:30;60,082
23.03. 12:45;59,499
23.03. 13:00;58
23.03. 13:15;56,604
23.03. 13:30;55,222
23.03. 13:45;53,596
23.03. 14:00;52,051
23.03. 14:15;50,002
23.03. 14:30;47,635
23.03. 14:45;45,073
23.03. 15:00;42,018
23.03. 15:15;38,97
23.03. 15:30;35,836
23.03. 15:45;32,546
23.03. 16:00;28,798
23.03. 16:15;25,302
23.03. 16:30;21,894
23.03. 16:45;18,266
23.03. 17:00;13,184
23.03. 17:15;10,397
23.03. 17:30;7,2511
23.03. 17:45;3,5389
23.03. 18:00;1,1611
23.03. 18:15;0
23.03. 18:30;0
23.03. 18:45;0
23.03. 19:00;0
23.03. 19:15;0
23.03. 19:30;0
23.03. 19:45;0
23.03. 20:00;0
23.03. 20:15;0
23.03. 20:30;0
23.03. 20:45;0
23.03. 21:00;0
23.03. 21:15;0
23.03. 21:30;0
23.03. 21:45;0
23.03. 22:00;0
23.03. 22:15;0
23.03. 22:30;0
23.03. 22:45;0
23.03. 23:00;0
23.03. 23:15;0
23.03. 23:30;0
23.03. 23:45;0
24.03. 00:00;0
24.03. 00:15;0
24.03. 00:30;0
24.03. 00:45;0
24.03. 01:00;0
24.03. 01:15;0
24.03. 01:30;0
24.03. 01:45;0
24.03. 02:00;0
24.03. 02:15;0
24.03. 02:30;0
24.03. 02:45;0
24.03. 03:00;0
24.03. 03:15;0
24.03. 03:30;0
24.03. 03:45;0
24.03. 04:00;0
24.03. 04:15;0
24.03. 04:30;0
24.03. 04:45;0
24.03. 05:00;0
24.03. 05:15;0
24.03. 05:30;0
24.03. 05:45;0
24.03. 06:00;0,10503
24.03. 06:15;1,4274
24.03. 06:30;1,82
24.03. 06:45;7,916
24.03. 07:00;12,675
24.03. 07:15;14,439
24.03. 07:30;20,722
24.03. 07:45;20,818
24.03. 08:00;24,461
24.03. 08:15;27,913
24.03. 08:30;30,993
24.03. 08:45;33,999
24.03. 09:00;37,985
24.03. 09:15;42,317
24.03. 09:30;52,366
24.03. 09:45;48,344
24.03. 10:00;51,638
24.03. 10:15;53,555
24.03. 10:30;55,372
24.03. 10:45;56,951
24.03. 11:00;58,098
24.03. 11:15;58,968
24.03. 11:30;59,737
24.03. 11:45;60,239
24.03. 12:00;60,138
24.03. 12:15;59,822
24.03. 12:30;59,483
24.03. 12:45;58,91
24.03. 13:00;57,968
24.03. 13:15;56,406
24.03. 13:30;54,461
24.03. 13:45;52,865
24.03. 14:00;51,354
24.03. 14:15;49,324
24.03. 14:30;47,007
24.03. 14:45;44,488
24.03. 15:00;41,947
24.03. 15:15;39,003
24.03. 15:30;35,699
24.03. 15:45;32,616
24.03. 16:00;28,662
24.03. 16:15;25,179
24.03. 16:30;21,677
24.03. 16:45;18,135
24.03. 17:00;13,899
24.03. 17:15;9,8011
24.03. 17:30;9,5717
24.03. 17:45;2,0385
24.03. 18:00;1,1278
24.03. 18:15;0,00278
24.03. 18:30;0
24.03. 18:45;0
24.03. 19:00;0
24.03. 19:15;0
24.03. 19:30;0
24.03. 19:45;0
24.03. 20:00;0
24.03. 20:15;0
24.03. 20:30;0
24.03. 20:45;0
24.03. 21:00;0
24.03. 21:15;0
24.03. 21:30;0
24.03. 21:45;0
24.03. 22:00;0
24.03. 22:15;0
24.03. 22:30;0
24.03. 22:45;0
24.03. 23:00;0
24.03. 23:15;0
24.03. 23:30;0
24.03. 23:45;0
25.03. 00:00;0
25.03. 00:15;0
25.03. 00:30;0
25.03. 00:45;0
25.03. 01:00;0
25.03. 01:15;0
25.03. 01:30;0
25.03. 01:45;0
25.03. 02:00;0
25.03. 02:15;0
25.03. 02:30;0
25.03. 02:45;0
25.03. 03:00;0
25.03. 03:15;0
25.03. 03:30;0
25.03. 03:45;0
25.03. 04:00;0
25.03. 04:15;0
25.03. 04:30;0
25.03. 04:45;0
25.03. 05:00;0
25.03. 05:15;0
25.03. 05:30;0
25.03. 05:45;0
25.03. 06:00;0,07258
25.03. 06:15;0,79018
25.03. 06:30;3,7968
25.03. 06:45;5,3543
25.03. 07:00;6,1504
25.03. 07:15;12,754
25.03. 07:30;14,316
25.03. 07:45;25,698
25.03. 08:00;22,77
25.03. 08:15;10,709
25.03. 08:30;18,281
25.03. 08:45;37,967
25.03. 09:00;29,421
25.03. 09:15;30,5
25.03. 09:30;32,406
25.03. 09:45;34,089
25.03. 10:00;25,378
25.03. 10:15;42,061
25.03. 10:30;48,982
25.03. 10:45;67,351
25.03. 11:00;50,256
25.03. 11:15;49,605
25.03. 11:30;49,693
25.03. 11:45;50,343
25.03. 12:00;55,465
25.03. 12:15;55,644
25.03. 12:30;55,318
25.03. 12:45;54,78
25.03. 13:00;49,683
25.03. 13:15;48,374
25.03. 13:30;47,176
25.03. 13:45;45,774
25.03. 14:00;46,119
25.03. 14:15;46,169
25.03. 14:30;44,581
25.03. 14:45;42,732
25.03. 15:00;41,279
25.03. 15:15;38,853
25.03. 15:30;35,78
25.03. 15:45;32,563
25.03. 16:00;28,602
25.03. 16:15;25,108
25.03. 16:30;21,662
25.03. 16:45;18,174
25.03. 17:00;12,404
25.03. 17:15;10,475
25.03. 17:30;8,4269
25.03. 17:45;5,1253
25.03. 18:00;0,99211
25.03. 18:15;0,02906
25.03. 18:30;0
25.03. 18:45;0
25.03. 19:00;0
25.03. 19:15;0
25.03. 19:30;0
25.03. 19:45;0
25.03. 20:00;0
25.03. 20:15;0
25.03. 20:30;0
25.03. 20:45;0
25.03. 21:00;0
25.03. 21:15;0
25.03. 21:30;0
25.03. 21:45;0
25.03. 22:00;0
25.03. 22:15;0
25.03. 22:30;0
25.03. 22:45;0
25.03. 23:00;0
25.03. 23:15;0
25.03. 23:30;0
25.03. 23:45;0
26.03. 00:00;0
26.03. 00:15;0
26.03. 00:30;0
26.03. 00:45;0
26.03. 01:00;0
26.03. 01:15;0
26.03. 01:30;0
26.03. 01:45;0
26.03. 02:00;0
26.03. 02:15;0
26.03. 02:30;0
26.03. 02:45;0
26.03. 03:00;0
26.03. 03:15;0
26.03. 03:30;0
26.03. 03:45;0
26.03. 04:00;0
26.03. 04:15;0
26.03. 04:30;0
26.03. 04:45;0
26.03. 05:00;0
26.03. 05:15;0
26.03. 05:30;0
26.03. 05:45;0
26.03. 06:00;0,09874
26.03. 06:15;0,4629
26.03. 06:30;0,8436
26.03. 06:45;1,1716
26.03. 07:00;0,89736
26.03. 07:15;1,2364
26.03. 07:30;4,9637
26.03. 07:45;17,87
26.03. 08:00;10,697
26.03. 08:15;10,109
26.03. 08:30;10,213
26.03. 08:45;12,058
26.03. 09:00;12,653
26.03. 09:15;15,662
26.03. 09:30;16,19
26.03. 09:45;17,063
26.03. 10:00;15,357
26.03. 10:15;20,274
26.03. 10:30;20,475
26.03. 10:45;15,508
26.03. 11:00;15,224
26.03. 11:15;16,87
26.03. 11:30;31,109
26.03. 11:45;37,104
26.03. 12:00;26,82
26.03. 12:15;49,197
26.03. 12:30;47,759
26.03. 12:45;39,377
26.03. 13:00;52,058
26.03. 13:15;72,114
26.03. 13:30;53,53
26.03. 13:45;32,122
26.03. 14:00;41,136
26.03. 14:15;57,648
26.03. 14:30;57,821
26.03. 14:45;37,379
26.03. 15:00;36,359
26.03. 15:15;41,984
26.03. 15:30;37,321
26.03. 15:45;33,172
26.03. 16:00;31,318
26.03. 16:15;19,154
26.03. 16:30;22,878
26.03. 16:45;18,747
26.03. 17:00;12,477
26.03. 17:15;11,244
26.03. 17:30;8,2656
26.03. 17:45;5,0728
26.03. 18:00;1,0124
26.03. 18:15;0,0164
26.03. 18:30;0
26.03. 18:45;0
26.03. 19:00;0
26.03. 19:15;0
26.03. 19:30;0
26.03. 19:45;0
26.03. 20:00;0
26.03. 20:15;0
26.03. 20:30;0
26.03. 20:45;0
26.03. 21:00;0
26.03. 21:15;0
26.03. 21:30;0
26.03. 21:45;0
26.03. 22:00;0
26.03. 22:15;0
26.03. 22:30;0
26.03. 22:45;0
26.03. 23:00;0
26.03. 23:15;0
26.03. 23:30;0
26.03. 23:45;0
27.03. 00:00;0
27.03. 00:15;0
27.03. 00:30;0
27.03. 00:45;0
27.03. 01:00;0
27.03. 01:15;0
27.03. 01:30;0
27.03. 01:45;0
27.03. 02:00;0
27.03. 02:15;0
27.03. 02:30;0
27.03. 02:45;0
27.03. 03:00;0
27.03. 03:15;0
27.03. 03:30;0
27.03. 03:45;0
27.03. 04:00;0
27.03. 04:15;0
27.03. 04:30;0
27.03. 04:45;0
27.03. 05:00;0
27.03. 05:15;0
27.03. 05:30;0
27.03. 05:45;0
27.03. 06:00;0,29744
27.03. 06:15;0,58557
27.03. 06:30;1,2872
27.03. 06:45;2,0343
27.03. 07:00;2,2285
27.03. 07:15;4,2621
27.03. 07:30;21,177
27.03. 07:45;14,55
27.03. 08:00;13,716
27.03. 08:15;23,349
27.03. 08:30;19,922
27.03. 08:45;8,816
27.03. 09:00;14,608
27.03. 09:15;33,651
27.03. 09:30;39,074
27.03. 09:45;24,544
27.03. 10:00;23,364
27.03. 10:15;18,368
27.03. 10:30;26,802
27.03. 10:45;20,496
27.03. 11:00;22,218
27.03. 11:15;25,351
27.03. 11:30;40,189
27.03. 11:45;30,828
27.03. 12:00;29,292
27.03. 12:15;34,142
27.03. 12:30;40,82
27.03. 12:45;29,027
27.03. 13:00;34,194
27.03. 13:15;24,494
27.03. 13:30;15,43
27.03. 13:45;14,616
27.03. 14:00;16,813
27.03. 14:15;18,758
27.03. 14:30;30,32
27.03. 14:45;20,536
27.03. 15:00;11,187
27.03. 15:15;9,0426
27.03. 15:30;7,6149
27.03. 15:45;7,5461
27.03. 16:00;7,0793
27.03. 16:15;5,2404
27.03. 16:30;3,1922
27.03. 16:45;2,2899
27.03. 17:00;2,3828
27.03. 17:15;3,5394
27.03. 17:30;4,0226
27.03. 17:45;2,4208
27.03. 18:00;0
27.03. 18:15;0
27.03. 18:30;0
27.03. 18:45;0
27.03. 19:00;0
27.03. 19:15;0
27.03. 19:30;0
27.03. 19:45;0
27.03. 20:00;0
27.03. 20:15;0
27.03. 20:30;0
27.03. 20:45;0
27.03. 21:00;0
27.03. 21:15;0
27.03. 21:30;0
27.03. 21:45;0
27.03. 22:00;0
27.03. 22:15;0
27.03. 22:30;0
27.03. 22:45;0
27.03. 23:00;0
27.03. 23:15;0
27.03. 23:30;0
27.03. 23:45;0
28.03. 00:00;0
28.03. 00:15;0
28.03. 00:30;0
28.03. 00:45;0
28.03. 01:00;0
28.03. 01:15;0
28.03. 01:30;0
28.03. 01:45;0
28.03. 02:00;0
28.03. 02:15;0
28.03. 02:30;0
28.03. 02:45;0
28.03. 03:00;0
28.03. 03:15;0
28.03. 03:30;0
28.03. 03:45;0
28.03. 04:00;0
28.03. 04:15;0
28.03. 04:30;0
28.03. 04:45;0
28.03. 05:00;0
28.03. 05:15;0
28.03. 05:30;0
28.03. 05:45;0
28.03. 06:00;0,31637
28.03. 06:15;1,1161
28.03. 06:30;1,7969
28.03. 06:45;2,4375
28.03. 07:00;4,6632
28.03. 07:15;9,2586
28.03. 07:30;9,6029
28.03. 07:45;19,044
28.03. 08:00;28,63
28.03. 08:15;28,098
28.03. 08:30;15,884
28.03. 08:45;16,924
28.03. 09:00;30,631
28.03. 09:15;43,961
28.03. 09:30;46,557
28.03. 09:45;32,092
28.03. 10:00;40,138
28.03. 10:15;54,777
28.03. 10:30;47,098
28.03. 10:45;49,171
28.03. 11:00;44,384
28.03. 11:15;27,46
28.03. 11:30;37
28.03. 11:45;57,573
28.03. 12:00;50,633
28.03. 12:15;51,644
28.03. 12:30;40,785
28.03. 12:45;28,949
28.03. 13:00;57,12
28.03. 13:15;50,588
28.03. 13:30;58,66
28.03. 13:45;59,833
28.03. 14:00;46,964
28.03. 14:15;51,378
28.03. 14:30;46,527
28.03. 14:45;43,771
28.03. 15:00;41,092
28.03. 15:15;37,664
28.03. 15:30;38,221
28.03. 15:45;19,347
28.03. 16:00;23,735
28.03. 16:15;16,53
28.03. 16:30;7,6466
28.03. 16:45;6,0911
28.03. 17:00;12,232
28.03. 17:15;10,318
28.03. 17:30;3,7077
28.03. 17:45;5,9119
28.03. 18:00;1,1563
28.03. 18:15;0,10792
28.03. 18:30;0
28.03. 18:45;0
28.03. 19:00;0
28.03. 19:15;0
28.03. 19:30;0
28.03. 19:45;0
28.03. 20:00;0
28.03. 20:15;0
28.03. 20:30;0
28.03. 20:45;0
28.03. 21:00;0
28.03. 21:15;0
28.03. 21:30;0
28.03. 21:45;0
28.03. 22:00;0
28.03. 22:15;0
28.03. 22:30;0
28.03. 22:45;0
28.03. 23:00;0
28.03. 23:15;0
28.03. 23:30;0
28.03. 23:45;0
29.03. 00:00;0
29.03. 00:15;0
29.03. 00:30;0
29.03. 00:45;0
29.03. 01:00;0
29.03. 01:15;0
29.03. 01:30;0
29.03. 01:45;0
29.03. 02:00;0
29.03. 02:15;0
29.03. 02:30;0
29.03. 02:45;0
29.03. 03:00;0
29.03. 03:15;0
29.03. 03:30;0
29.03. 03:45;0
29.03. 04:00;0
29.03. 04:15;0
29.03. 04:30;0
29.03. 04:45;0
29.03. 05:00;0
29.03. 05:15;0
29.03. 05:30;0
29.03. 05:45;0
29.03. 06:00;1,4994
29.03. 06:15;5,0227
29.03. 06:30;4,4782
29.03. 06:45;3,4505
29.03. 07:00;6,0572
29.03. 07:15;16,339
29.03. 07:30;21,533
29.03. 07:45;25,753
29.03. 08:00;25,239
29.03. 08:15;27,505
29.03. 08:30;30,559
29.03. 08:45;33,254
29.03. 09:00;43,178
29.03. 09:15;43,016
29.03. 09:30;45,444
29.03. 09:45;50,57
29.03. 10:00;53,325
29.03. 10:15;54,559
29.03. 10:30;56,311
29.03. 10:45;57,809
29.03. 11:00;60,117
29.03. 11:15;61,319
29.03. 11:30;62,046
29.03. 11:45;62,519
29.03. 12:00;63,453
29.03. 12:15;63,477
29.03. 12:30;63,125
29.03. 12:45;62,515
29.03. 13:00;61,705
29.03. 13:15;60,519
29.03. 13:30;59,104
29.03. 13:45;57,431
29.03. 14:00;54,444
29.03. 14:15;51,982
29.03. 14:30;49,646
29.03. 14:45;47,094
29.03. 15:00;42,587
29.03. 15:15;39,254
29.03. 15:30;36,284
29.03. 15:45;33,165
29.03. 16:00;30,03
29.03. 16:15;28,905
29.03. 16:30;15,883
29.03. 16:45;15,726
29.03. 17:00;17,335
29.03. 17:15;5,6763
29.03. 17:30;4,9307
29.03. 17:45;6,7203
29.03. 18:00;1,6831
29.03. 18:15;0,04654
29.03. 18:30;0
29.03. 18:45;0
29.03. 19:00;0
29.03. 19:15;0
29.03. 19:30;0
29.03. 19:45;0
29.03. 20:00;0
29.03. 20:15;0
29.03. 20:30;0
29.03. 20:45;0
29.03. 21:00;0
29.03. 21:15;0
29.03. 21:30;0
29.03. 21:45;0
29.03. 22:00;0
29.03. 22:15;0
29.03. 22:30;0
29.03. 22:45;0
29.03. 23:00;0
29.03. 23:15;0
29.03. 23:30;0
29.03. 23:45;0
30.03. 00:00;0
30.03. 00:15;0
30.03. 00:30;0
30.03. 00:45;0
30.03. 01:00;0
30.03. 01:15;0
30.03. 01:30;0
30.03. 01:45;0
30.03. 02:00;0
30.03. 02:15;0
30.03. 02:30;0
30.03. 02:45;0
30.03. 03:00;0
30.03. 03:15;0
30.03. 03:30;0
30.03. 03:45;0
30.03. 04:00;0
30.03. 04:15;0
30.03. 04:30;0
30.03. 04:45;0
30.03. 05:00;0
30.03. 05:15;0
30.03. 05:30;0
30.03. 05:45;0
30.03. 06:00;0,41706
30.03. 06:15;0,89937
30.03. 06:30;2,7422
30.03. 06:45;2,8071
30.03. 07:00;4,9497
30.03. 07:15;11,182
30.03. 07:30;11,938
30.03. 07:45;14,547
30.03. 08:00;15,175
30.03. 08:15;33,475
30.03. 08:30;27,53
30.03. 08:45;18,854
30.03. 09:00;18,52
30.03. 09:15;27,962
30.03. 09:30;52,616
30.03. 09:45;48,807
30.03. 10:00;49,547
30.03. 10:15;50,045
30.03. 10:30;40,601
30.03. 10:45;51,89
30.03. 11:00;59,329
30.03. 11:15;56,184
30.03. 11:30;59,083
30.03. 11:45;55,168
30.03. 12:00;30,676
30.03. 12:15;55,026
30.03. 12:30;63,562
30.03. 12:45;77,232
30.03. 13:00;52,674
30.03. 13:15;60,793
30.03. 13:30;56,776
30.03. 13:45;57,385
30.03. 14:00;51,561
30.03. 14:15;54,497
30.03. 14:30;51,382
30.03. 14:45;41,617
30.03. 15:00;47,284
30.03. 15:15;38,484
30.03. 15:30;36,967
30.03. 15:45;30,688
30.03. 16:00;35,505
30.03. 16:15;26,283
30.03. 16:30;19,705
30.03. 16:45;17,33
30.03. 17:00;15,537
30.03. 17:15;13,064
30.03. 17:30;10,161
30.03. 17:45;3,8048
30.03. 18:00;1,5689
30.03. 18:15;0,5383
30.03. 18:30;0
30.03. 18:45;0
30.03. 19:00;0
30.03. 19:15;0
30.03. 19:30;0
30.03. 19:45;0
30.03. 20:00;0
30.03. 20:15;0
30.03. 20:30;0
30.03. 20:45;0
30.03. 21:00;0
30.03. 21:15;0
30.03. 21:30;0
30.03. 21:45;0
30.03. 22:00;0
30.03. 22:15;0
30.03. 22:30;0
30.03. 22:45;0
30.03. 23:00;0
30.03. 23:15;0
30.03. 23:30;0
30.03. 23:45;0
31.03. 00:00;0
31.03. 00:15;0
31.03. 00:30;0
31.03. 00:45;0
31.03. 01:00;0
31.03. 01:15;0
31.03. 01:30;0
31.03. 01:45;0
31.03. 02:00;0
31.03. 02:15;0
31.03. 02:30;0
31.03. 02:45;0
31.03. 03:00;0
31.03. 03:15;0
31.03. 03:30;0
31.03. 03:45;0
31.03. 04:00;0
31.03. 04:15;0
31.03. 04:30;0
31.03. 04:45;0
31.03. 05:00;0
31.03. 05:15;0
31.03. 05:30;0
31.03. 05:45;0
31.03. 06:00;1,5875
31.03. 06:15;1,7113
31.03. 06:30;1,2154
31.03. 06:45;0,89247
31.03. 07:00;1,2317
31.03. 07:15;2,9011
31.03. 07:30;11,534
31.03. 07:45;24,405
31.03. 08:00;19,584
31.03. 08:15;28,509
31.03. 08:30;18,855
31.03. 08:45;23,103
31.03. 09:00;26,653
31.03. 09:15;43,276
31.03. 09:30;47,526
31.03. 09:45;53,597
31.03. 10:00;55,159
31.03. 10:15;58,113
31.03. 10:30;58,493
31.03. 10:45;60,479
31.03. 11:00;63,863
31.03. 11:15;65,803
31.03. 11:30;63,42
31.03. 11:45;61,331
31.03. 12:00;51,884
31.03. 12:15;67,793
31.03. 12:30;82,192
31.03. 12:45;38,426
31.03. 13:00;50,997
31.03. 13:15;66,9
31.03. 13:30;63,965
31.03. 13:45;60,041
31.03. 14:00;55,88
31.03. 14:15;62,855
31.03. 14:30;52,486
31.03. 14:45;39,852
31.03. 15:00;34,248
31.03. 15:15;34,671
31.03. 15:30;40,344
31.03. 15:45;58,25
31.03. 16:00;40,627
31.03. 16:15;23,809
31.03. 16:30;24,318
31.03. 16:45;21,415
31.03. 17:00;15,544
31.03. 17:15;14,373
31.03. 17:30;10,269
31.03. 17:45;9,1772
31.03. 18:00;2,7365
31.03. 18:15;0,39817
31.03. 18:30;0
31.03. 18:45;0
31.03. 19:00;0
31.03. 19:15;0
31.03. 19:30;0
31.03. 19:45;0
31.03. 20:00;0
31.03. 20:15;0
31.03. 20:30;0
31.03. 20:45;0
31.03. 21:00;0
31.03. 21:15;0
31.03. 21:30;0
31.03. 21:45;0
31.03. 22:00;0
31.03. 22:15;0
31.03. 22:30;0
31.03. 22:45;0
31.03. 23:00;0
31.03. 23:15;0
31.03. 23:30;0
31.03. 23:45;0
01.04. 00:00;0
01.04. 00:15;0
01.04. 00:30;0
01.04. 00:45;0
01.04. 01:00;0
01.04. 01:15;0
01.04. 01:30;0
01.04. 01:45;0
01.04. 02:00;0
01.04. 02:15;0
01.04. 02:30;0
01.04. 02:45;0
01.04. 03:00;0
01.04. 03:15;0
01.04. 03:30;0
01.04. 03:45;0
01.04. 04:00;0
01.04. 04:15;0
01.04. 04:30;0
01.04. 04:45;0
01.04. 05:00;0,01707
01.04. 05:15;0,01709
01.04. 05:30;0,01282
01.04. 05:45;0,86357
01.04. 06:00;1,2448
01.04. 06:15;3,5568
01.04. 06:30;10,071
01.04. 06:45;13,019
01.04. 07:00;15,375
01.04. 07:15;18,685
01.04. 07:30;22,075
01.04. 07:45;25,426
01.04. 08:00;26,616
01.04. 08:15;29,323
01.04. 08:30;32,008
01.04. 08:45;34,962
01.04. 09:00;49,576
01.04. 09:15;49,996
01.04. 09:30;46,887
01.04. 09:45;33,924
01.04. 10:00;52,645
01.04. 10:15;55,772
01.04. 10:30;57,427
01.04. 10:45;58,875
01.04. 11:00;56,913
01.04. 11:15;56,693
01.04. 11:30;56,736
01.04. 11:45;56,479
01.04. 12:00;62,085
01.04. 12:15;53,524
01.04. 12:30;44,858
01.04. 12:45;29,693
01.04. 13:00;44,281
01.04. 13:15;45,66
01.04. 13:30;44,353
01.04. 13:45;43,66
01.04. 14:00;42,114
01.04. 14:15;39,996
01.04. 14:30;37,991
01.04. 14:45;35,966
01.04. 15:00;33,26
01.04. 15:15;31,102
01.04. 15:30;28,999
01.04. 15:45;26,442
01.04. 16:00;24,615
01.04. 16:15;21,901
01.04. 16:30;18,996
01.04. 16:45;16,292
01.04. 17:00;12,377
01.04. 17:15;7,2505
01.04. 17:30;4,954
01.04. 17:45;6,1959
01.04. 18:00;0,66201
01.04. 18:15;0,17228
01.04. 18:30;0
01.04. 18:45;0
01.04. 19:00;0
01.04. 19:15;0
01.04. 19:30;0
01.04. 19:45;0
01.04. 20:00;0
01.04. 20:15;0
01.04. 20:30;0
01.04. 20:45;0
01.04. 21:00;0
01.04. 21:15;0
01.04. 21:30;0
01.04. 21:45;0
01.04. 22:00;0
01.04. 22:15;0
01.04. 22:30;0
01.04. 22:45;0
01.04. 23:00;0
01.04. 23:15;0
01.04. 23:30;0
01.04. 23:45;0
02.04. 00:00;0
02.04. 00:15;0
02.04. 00:30;0
02.04. 00:45;0
02.04. 01:00;0
02.04. 01:15;0
02.04. 01:30;0
02.04. 01:45;0
02.04. 02:00;0
02.04. 02:15;0
02.04. 02:30;0
02.04. 02:45;0
02.04. 03:00;0
02.04. 03:15;0
02.04. 03:30;0
02.04. 03:45;0
02.04. 04:00;0
02.04. 04:15;0
02.04. 04:30;0
02.04. 04:45;0
02.04. 05:00;0
02.04. 05:15;0
02.04. 05:30;0
02.04. 05:45;0
02.04. 06:00;3,0138
02.04. 06:15;5,0888
02.04. 06:30;4,6658
02.04. 06:45;7,0605
02.04. 07:00;14,006
02.04. 07:15;21,273
02.04. 07:30;25,561
02.04. 07:45;28,256
02.04. 08:00;29,898
02.04. 08:15;34,758
02.04. 08:30;38,526
02.04. 08:45;48,67
02.04. 09:00;50,29
02.04. 09:15;49,086
02.04. 09:30;51,138
02.04. 09:45;49,505
02.04. 10:00;61,181
02.04. 10:15;58,38
02.04. 10:30;45,097
02.04. 10:45;60,447
02.04. 11:00;54,469
02.04. 11:15;62,527
02.04. 11:30;57,198
02.04. 11:45;52,588
02.04. 12:00;45,744
02.04. 12:15;62,107
02.04. 12:30;69,264
02.04. 12:45;52,276
02.04. 13:00;53,802
02.04. 13:15;67,602
02.04. 13:30;65,21
02.04. 13:45;29,826
02.04. 14:00;48,536
02.04. 14:15;55,359
02.04. 14:30;49,267
02.04. 14:45;47,614
02.04. 15:00;43,659
02.04. 15:15;39,326
02.04. 15:30;37,893
02.04. 15:45;38,403
02.04. 16:00;32,598
02.04. 16:15;29,432
02.04. 16:30;26,078
02.04. 16:45;16,248
02.04. 17:00;10,927
02.04. 17:15;15,146
02.04. 17:30;12,415
02.04. 17:45;10,069
02.04. 18:00;3,0126
02.04. 18:15;0,26441
02.04. 18:30;0
02.04. 18:45;0
02.04. 19:00;0
02.04. 19:15;0
02.04. 19:30;0
02.04. 19:45;0
02.04. 20:00;0
02.04. 20:15;0
02.04. 20:30;0
02.04. 20:45;0
02.04. 21:00;0
02.04. 21:15;0
02.04. 21:30;0
02.04. 21:45;0
02.04. 22:00;0
02.04. 22:15;0
02.04. 22:30;0
02.04. 22:45;0
02.04. 23:00;0
02.04. 23:15;0
02.04. 23:30;0
02.04. 23:45;0
03.04. 00:00;0
03.04. 00:15;0
03.04. 00:30;0
03.04. 00:45;0
03.04. 01:00;0
03.04. 01:15;0
03.04. 01:30;0
03.04. 01:45;0
03.04. 02:00;0
03.04. 02:15;0
03.04. 02:30;0
03.04. 02:45;0
03.04. 03:00;0
03.04. 03:15;0
03.04. 03:30;0
03.04. 03:45;0
03.04. 04:00;0
03.04. 04:15;0
03.04. 04:30;0
03.04. 04:45;0
03.04. 05:00;0
03.04. 05:15;0
03.04. 05:30;0
03.04. 05:45;1,0397
03.04. 06:00;4,5251
03.04. 06:15;3,5488
03.04. 06:30;5,0847
03.04. 06:45;18,466
03.04. 07:00;18,065
03.04. 07:15;27,398
03.04. 07:30;28,695
03.04. 07:45;20,6
03.04. 08:00;11,473
03.04. 08:15;38,524
03.04. 08:30;51,664
03.04. 08:45;52,907
03.04. 09:00;50,245
03.04. 09:15;35,129
03.04. 09:30;28,981
03.04. 09:45;28,849
03.04. 10:00;28,874
03.04. 10:15;16,274
03.04. 10:30;14,258
03.04. 10:45;17,999
03.04. 11:00;21,414
03.04. 11:15;51,92
03.04. 11:30;49,882
03.04. 11:45;61,633
03.04. 12:00;57,707
03.04. 12:15;63,096
03.04. 12:30;72,955
03.04. 12:45;62,833
03.04. 13:00;42,601
03.04. 13:15;65,15
03.04. 13:30;50,34
03.04. 13:45;56,778
03.04. 14:00;43,646
03.04. 14:15;43,31
03.04. 14:30;47,323
03.04. 14:45;43,244
03.04. 15:00;44,427
03.04. 15:15;33,436
03.04. 15:30;38,293
03.04. 15:45;24,768
03.04. 16:00;28,111
03.04. 16:15;14,193
03.04. 16:30;10,35
03.04. 16:45;10,836
03.04. 17:00;6,9968
03.04. 17:15;5,9678
03.04. 17:30;5,2534
03.04. 17:45;3,8365
03.04. 18:00;0,80829
03.04. 18:15;0,18919
03.04. 18:30;0
03.04. 18:45;0
03.04. 19:00;0
03.04. 19:15;0
03.04. 19:30;0
03.04. 19:45;0
03.04. 20:00;0
03.04. 20:15;0
03.04. 20:30;0
03.04. 20:45;0
03.04. 21:00;0
03.04. 21:15;0
03.04. 21:30;0
03.04. 21:45;0
03.04. 22:00;0
03.04. 22:15;0
03.04. 22:30;0
03.04. 22:45;0
03.04. 23:00;0
03.04. 23:15;0
03.04. 23:30;0
03.04. 23:45;0
04.04. 00:00;0
04.04. 00:15;0
04.04. 00:30;0
04.04. 00:45;0
04.04. 01:00;0
04.04. 01:15;0
04.04. 01:30;0
04.04. 01:45;0
04.04. 02:00;0
04.04. 02:15;0
04.04. 02:30;0
04.04. 02:45;0
04.04. 03:00;0
04.04. 03:15;0
04.04. 03:30;0
04.04. 03:45;0
04.04. 04:00;0
04.04. 04:15;0
04.04. 04:30;0
04.04. 04:45;0
04.04. 05:00;0
04.04. 05:15;0
04.04. 05:30;0
04.04. 05:45;0
04.04. 06:00;0,3379
04.04. 06:15;0,43539
04.04. 06:30;0,51879
04.04. 06:45;0,16658
04.04. 07:00;0,4514
04.04. 07:15;1,6558
04.04. 07:30;2,8456
04.04. 07:45;7,9696
04.04. 08:00;9,0143
04.04. 08:15;10,787
04.04. 08:30;12,706
04.04. 08:45;13,404
04.04. 09:00;14,439
04.04. 09:15;16,448
04.04. 09:30;20,317
04.04. 09:45;23,325
04.04. 10:00;23,621
04.04. 10:15;22,472
04.04. 10:30;26,661
04.04. 10:45;33,799
04.04. 11:00;24,309
04.04. 11:15;33,76
04.04. 11:30;51,631
04.04. 11:45;45,138
04.04. 12:00;30,655
04.04. 12:15;30,528
04.04. 12:30;34,734
04.04. 12:45;30,105
04.04. 13:00;20,851
04.04. 13:15;17,79
04.04. 13:30;21,413
04.04. 13:45;20,533
04.04. 14:00;20,559
04.04. 14:15;19,667
04.04. 14:30;12,422
04.04. 14:45;9,7292
04.04. 15:00;17,811
04.04. 15:15;28,116
04.04. 15:30;35,212
04.04. 15:45;25,883
04.04. 16:00;17,215
04.04. 16:15;20,453
04.04. 16:30;17,702
04.04. 16:45;16,716
04.04. 17:00;9,1025
04.04. 17:15;5,2455
04.04. 17:30;2,714
04.04. 17:45;1,4169
04.04. 18:00;0
04.04. 18:15;0
04.04. 18:30;0
04.04. 18:45;0
04.04. 19:00;0
04.04. 19:15;0
04.04. 19:30;0
04.04. 19:45;0
04.04. 20:00;0
04.04. 20:15;0
04.04. 20:30;0
04.04. 20:45;0
04.04. 21:00;0
04.04. 21:15;0
04.04. 21:30;0
04.04. 21:45;0
04.04. 22:00;0
04.04. 22:15;0
04.04. 22:30;0
04.04. 22:45;0
04.04. 23:00;0
04.04. 23:15;0
04.04. 23:30;0
04.04. 23:45;0
05.04. 00:00;0
05.04. 00:15;0
05.04. 00:30;0
05.04. 00:45;0
05.04. 01:00;0
05.04. 01:15;0
05.04. 01:30;0
05.04. 01:45;0
05.04. 02:00;0
05.04. 02:15;0
05.04. 02:30;0
05.04. 02:45;0
05.04. 03:00;0
05.04. 03:15;0
05.04. 03:30;0
05.04. 03:45;0
05.04. 04:00;0
05.04. 04:15;0
05.04. 04:30;0
05.04. 04:45;0
05.04. 05:00;0
05.04. 05:15;0
05.04. 05:30;0,00548
05.04. 05:45;0,59774
05.04. 06:00;1,1574
05.04. 06:15;1,346
05.04. 06:30;3,0214
05.04. 06:45;3,1379
05.04. 07:00;3,6377
05.04. 07:15;4,8862
05.04. 07:30;6,3143
05.04. 07:45;6,6607
05.04. 08:00;9,2733
05.04. 08:15;10,174
05.04. 08:30;12,997
05.04. 08:45;19,452
05.04. 09:00;18,94
05.04. 09:15;11,349
05.04. 09:30;14,282
05.04. 09:45;14,036
05.04. 10:00;16,285
05.04. 10:15;11,158
05.04. 10:30;6,6856
05.04. 10:45;5,2588
05.04. 11:00;5,6146
05.04. 11:15;8,4016
05.04. 11:30;16,677
05.04. 11:45;26,151
05.04. 12:00;19,647
05.04. 12:15;12,539
05.04. 12:30;7,0958
05.04. 12:45;4,8477
05.04. 13:00;4,444
05.04. 13:15;15,893
05.04. 13:30;17,759
05.04. 13:45;13,063
05.04. 14:00;13,003
05.04. 14:15;19,352
05.04. 14:30;12,551
05.04. 14:45;14,124
05.04. 15:00;10,587
05.04. 15:15;12,889
05.04. 15:30;13,965
05.04. 15:45;9,4558
05.04. 16:00;8,4814
05.04. 16:15;11,952
05.04. 16:30;21,57
05.04. 16:45;17,97
05.04. 17:00;16,584
05.04. 17:15;17,122
05.04. 17:30;10,639
05.04. 17:45;4,305
05.04. 18:00;3,6225
05.04. 18:15;0,89606
05.04. 18:30;0,04147
05.04. 18:45;0
05.04. 19:00;0
05.04. 19:15;0
05.04. 19:30;0
05.04. 19:45;0
05.04. 20:00;0
05.04. 20:15;0
05.04. 20:30;0
05.04. 20:45;0
05.04. 21:00;0
05.04. 21:15;0
05.04. 21:30;0
05.04. 21:45;0
05.04. 22:00;0
05.04. 22:15;0
05.04. 22:30;0
05.04. 22:45;0
05.04. 23:00;0
05.04. 23:15;0
05.04. 23:30;0
05.04. 23:45;0
06.04. 00:00;0
06.04. 00:15;0
06.04. 00:30;0
06.04. 00:45;0
06.04. 01:00;0
06.04. 01:15;0
06.04. 01:30;0
06.04. 01:45;0
06.04. 02:00;0
06.04. 02:15;0
06.04. 02:30;0
06.04. 02:45;0
06.04. 03:00;0
06.04. 03:15;0
06.04. 03:30;0
06.04. 03:45;0
06.04. 04:00;0
06.04. 04:15;0
06.04. 04:30;0
06.04. 04:45;0
06.04. 05:00;0
06.04. 05:15;0
06.04. 05:30;0
06.04. 05:45;0
06.04. 06:00;3,3763
06.04. 06:15;1,4044
06.04. 06:30;2,2061
06.04. 06:45;3,7182
06.04. 07:00;6,8016
06.04. 07:15;19,192
06.04. 07:30;9,0625
06.04. 07:45;10,778
06.04. 08:00;22,664
06.04. 08:15;37,144
06.04. 08:30;25,247
06.04. 08:45;12,657
06.04. 09:00;27,513
06.04. 09:15;41,507
06.04. 09:30;45,589
06.04. 09:45;55,272
06.04. 10:00;67,666
06.04. 10:15;56,857
06.04. 10:30;60,561
06.04. 10:45;46,934
06.04. 11:00;56,267
06.04. 11:15;63,208
06.04. 11:30;38,072
06.04. 11:45;63,288
06.04. 12:00;38,005
06.04. 12:15;57,756
06.04. 12:30;38,067
06.04. 12:45;24,732
06.04. 13:00;60,323
06.04. 13:15;54,343
06.04. 13:30;16,451
06.04. 13:45;27,968
06.04. 14:00;24,883
06.04. 14:15;31,102
06.04. 14:30;35,986
06.04. 14:45;50,555
06.04. 15:00;22,973
06.04. 15:15;15,18
06.04. 15:30;12,792
06.04. 15:45;25,655
06.04. 16:00;18,612
06.04. 16:15;16,311
06.04. 16:30;7,3937
06.04. 16:45;5,301
06.04. 17:00;3,3397
06.04. 17:15;10,716
06.04. 17:30;16,85
06.04. 17:45;10,882
06.04. 18:00;4,8787
06.04. 18:15;0,58016
06.04. 18:30;0,05474
06.04. 18:45;0
06.04. 19:00;0
06.04. 19:15;0
06.04. 19:30;0
06.04. 19:45;0
06.04. 20:00;0
06.04. 20:15;0
06.04. 20:30;0
06.04. 20:45;0
06.04. 21:00;0
06.04. 21:15;0
06.04. 21:30;0
06.04. 21:45;0
06.04. 22:00;0
06.04. 22:15;0
06.04. 22:30;0
06.04. 22:45;0
06.04. 23:00;0
06.04. 23:15;0
06.04. 23:30;0
06.04. 23:45;0
07.04. 00:00;0
07.04. 00:15;0
07.04. 00:30;0
07.04. 00:45;0
07.04. 01:00;0
07.04. 01:15;0
07.04. 01:30;0
07.04. 01:45;0
07.04. 02:00;0
07.04. 02:15;0
07.04. 02:30;0
07.04. 02:45;0
07.04. 03:00;0
07.04. 03:15;0
07.04. 03:30;0
07.04. 03:45;0
07.04. 04:00;0
07.04. 04:15;0
07.04. 04:30;0
07.04. 04:45;0
07.04. 05:00;0
07.04. 05:15;0
07.04. 05:30;0,3459
07.04. 05:45;2,8838
07.04. 06:00;8,3062
07.04. 06:15;6,1618
07.04. 06:30;11,83
07.04. 06:45;16,421
07.04. 07:00;19,948
07.04. 07:15;21,425
07.04. 07:30;29,326
07.04. 07:45;32,898
07.04. 08:00;36,018
07.04. 08:15;39,26
07.04. 08:30;42,644
07.04. 08:45;45,88
07.04. 09:00;49,053
07.04. 09:15;51,824
07.04. 09:30;54,475
07.04. 09:45;56,914
07.04. 10:00;59,16
07.04. 10:15;61,009
07.04. 10:30;62,708
07.04. 10:45;64,165
07.04. 11:00;65,096
07.04. 11:15;65,585
07.04. 11:30;66,248
07.04. 11:45;66,664
07.04. 12:00;66,4
07.04. 12:15;66,068
07.04. 12:30;65,683
07.04. 12:45;65,053
07.04. 13:00;63,534
07.04. 13:15;61,969
07.04. 13:30;60,578
07.04. 13:45;58,949
07.04. 14:00;57,326
07.04. 14:15;55,244
07.04. 14:30;52,917
07.04. 14:45;50,379
07.04. 15:00;47,367
07.04. 15:15;44,344
07.04. 15:30;41,287
07.04. 15:45;38,093
07.04. 16:00;33,79
07.04. 16:15;30,17
07.04. 16:30;26,743
07.04. 16:45;23,266
07.04. 17:00;17,914
07.04. 17:15;14,719
07.04. 17:30;11,658
07.04. 17:45;9,4385
07.04. 18:00;4,8127
07.04. 18:15;0,56069
07.04. 18:30;0,02156
07.04. 18:45;0
07.04. 19:00;0
07.04. 19:15;0
07.04. 19:30;0
07.04. 19:45;0
07.04. 20:00;0
07.04. 20:15;0
07.04. 20:30;0
07.04. 20:45;0
07.04. 21:00;0
07.04. 21:15;0
07.04. 21:30;0
07.04. 21:45;0
07.04. 22:00;0
07.04. 22:15;0
07.04. 22:30;0
07.04. 22:45;0
07.04. 23:00;0
07.04. 23:15;0
07.04. 23:30;0
07.04. 23:45;0
08.04. 00:00;0
08.04. 00:15;0
08.04. 00:30;0
08.04. 00:45;0
08.04. 01:00;0
08.04. 01:15;0
08.04. 01:30;0
08.04. 01:45;0
08.04. 02:00;0
08.04. 02:15;0
08.04. 02:30;0
08.04. 02:45;0
08.04. 03:00;0
08.04. 03:15;0
08.04. 03:30;0
08.04. 03:45;0
08.04. 04:00;0
08.04. 04:15;0
08.04. 04:30;0
08.04. 04:45;0
08.04. 05:00;0
08.04. 05:15;0
08.04. 05:30;0,22843
08.04. 05:45;2,7527
08.04. 06:00;7,9665
08.04. 06:15;12,169
08.04. 06:30;12,194
08.04. 06:45;10,539
08.04. 07:00;15,916
08.04. 07:15;23,665
08.04. 07:30;27,748
08.04. 07:45;31,343
08.04. 08:00;30,653
08.04. 08:15;36,733
08.04. 08:30;40,534
08.04. 08:45;46,41
08.04. 09:00;47,967
08.04. 09:15;44,321
08.04. 09:30;48,444
08.04. 09:45;52,812
08.04. 10:00;49,12
08.04. 10:15;63,526
08.04. 10:30;64,471
08.04. 10:45;57,354
08.04. 11:00;64,349
08.04. 11:15;62,591
08.04. 11:30;67,323
08.04. 11:45;64,646
08.04. 12:00;45,822
08.04. 12:15;67,553
08.04. 12:30;73,825
08.04. 12:45;64,524
08.04. 13:00;70,518
08.04. 13:15;68,66
08.04. 13:30;47,718
08.04. 13:45;23,14
08.04. 14:00;50,728
08.04. 14:15;50,153
08.04. 14:30;42,423
08.04. 14:45;42,004
08.04. 15:00;25,618
08.04. 15:15;35,474
08.04. 15:30;34,356
08.04. 15:45;28,187
08.04. 16:00;28,54
08.04. 16:15;13,895
08.04. 16:30;6,2954
08.04. 16:45;2,4198
08.04. 17:00;1,5257
08.04. 17:15;1,5539
08.04. 17:30;0,89007
08.04. 17:45;7,6405
08.04. 18:00;0,06845
08.04. 18:15;0
08.04. 18:30;0
08.04. 18:45;0
08.04. 19:00;0
08.04. 19:15;0
08.04. 19:30;0
08.04. 19:45;0
08.04. 20:00;0
08.04. 20:15;0
08.04. 20:30;0
08.04. 20:45;0
08.04. 21:00;0
08.04. 21:15;0
08.04. 21:30;0
08.04. 21:45;0
08.04. 22:00;0
08.04. 22:15;0
08.04. 22:30;0
08.04. 22:45;0
08.04. 23:00;0
08.04. 23:15;0
08.04. 23:30;0
08.04. 23:45;0
09.04. 00:00;0
09.04. 00:15;0
09.04. 00:30;0
09.04. 00:45;0
09.04. 01:00;0
09.04. 01:15;0
09.04. 01:30;0
09.04. 01:45;0
09.04. 02:00;0
09.04. 02:15;0
09.04. 02:30;0
09.04. 02:45;0
09.04. 03:00;0
09.04. 03:15;0
09.04. 03:30;0
09.04. 03:45;0
09.04. 04:00;0
09.04. 04:15;0
09.04. 04:30;0
09.04. 04:45;0
09.04. 05:00;0
09.04. 05:15;0
09.04. 05:30;0,57085
09.04. 05:45;3,4262
09.04. 06:00;8,0177
09.04. 06:15;4,1251
09.04. 06:30;7,5451
09.04. 06:45;12,782
09.04. 07:00;17,794
09.04. 07:15;9,3252
09.04. 07:30;12,927
09.04. 07:45;9,0126
09.04. 08:00;9,5036
09.04. 08:15;11,578
09.04. 08:30;18,592
09.04. 08:45;53,791
09.04. 09:00;42,865
09.04. 09:15;42,098
09.04. 09:30;40,299
09.04. 09:45;53,607
09.04. 10:00;42,593
09.04. 10:15;49,919
09.04. 10:30;50,965
09.04. 10:45;63,463
09.04. 11:00;48,873
09.04. 11:15;59,186
09.04. 11:30;38,798
09.04. 11:45;30,876
09.04. 12:00;27,315
09.04. 12:15;26,6
09.04. 12:30;44,106
09.04. 12:45;51,474
09.04. 13:00;13,847
09.04. 13:15;13,841
09.04. 13:30;17,664
09.04. 13:45;14,536
09.04. 14:00;8,5255
09.04. 14:15;6,8814
09.04. 14:30;10,198
09.04. 14:45;6,4646
09.04. 15:00;6,7692
09.04. 15:15;7,5974
09.04. 15:30;11,064
09.04. 15:45;11,486
09.04. 16:00;11,111
09.04. 16:15;14,659
09.04. 16:30;9,4248
09.04. 16:45;8,1262
09.04. 17:00;5,0855
09.04. 17:15;5,9332
09.04. 17:30;5,0263
09.04. 17:45;2,7436
09.04. 18:00;0,22242
09.04. 18:15;0,09764
09.04. 18:30;0,00433
09.04. 18:45;0
09.04. 19:00;0
09.04. 19:15;0
09.04. 19:30;0
09.04. 19:45;0
09.04. 20:00;0
09.04. 20:15;0
09.04. 20:30;0
09.04. 20:45;0
09.04. 21:00;0
09.04. 21:15;0
09.04. 21:30;0
09.04. 21:45;0
09.04. 22:00;0
09.04. 22:15;0
09.04. 22:30;0
09.04. 22:45;0
09.04. 23:00;0
09.04. 23:15;0
09.04. 23:30;0
09.04. 23:45;0
10.04. 00:00;0
10.04. 00:15;0
10.04. 00:30;0
10.04. 00:45;0
10.04. 01:00;0
10.04. 01:15;0
10.04. 01:30;0
10.04. 01:45;0
10.04. 02:00;0
10.04. 02:15;0
10.04. 02:30;0
10.04. 02:45;0
10.04. 03:00;0
10.04. 03:15;0
10.04. 03:30;0
10.04. 03:45;0
10.04. 04:00;0
10.04. 04:15;0
10.04. 04:30;0
10.04. 04:45;0
10.04. 05:00;0
10.04. 05:15;0
10.04. 05:30;0,05565
10.04. 05:45;0,15613
10.04. 06:00;0,56428
10.04. 06:15;3,8311
10.04. 06:30;11,185
10.04. 06:45;12,938
10.04. 07:00;22,369
10.04. 07:15;23,565
10.04. 07:30;17,823
10.04. 07:45;20,715
10.04. 08:00;25,634
10.04. 08:15;41,925
10.04. 08:30;32,168
10.04. 08:45;21,641
10.04. 09:00;47,34
10.04. 09:15;35,582
10.04. 09:30;22,358
10.04. 09:45;28,375
10.04. 10:00;65,704
10.04. 10:15;25,896
10.04. 10:30;17,535
10.04. 10:45;14,969
10.04. 11:00;13,693
10.04. 11:15;32,561
10.04. 11:30;55,884
10.04. 11:45;32,9
10.04. 12:00;35,746
10.04. 12:15;40,495
10.04. 12:30;27,225
10.04. 12:45;20,258
10.04. 13:00;21,1
10.04. 13:15;44,952
10.04. 13:30;65,83
10.04. 13:45;44,207
10.04. 14:00;24,963
10.04. 14:15;25,866
10.04. 14:30;32,333
10.04. 14:45;22,983
10.04. 15:00;13,63
10.04. 15:15;10,979
10.04. 15:30;13,678
10.04. 15:45;17,499
10.04. 16:00;17,143
10.04. 16:15;23,788
10.04. 16:30;19,276
10.04. 16:45;8,4901
10.04. 17:00;4,7475
10.04. 17:15;9,4888
10.04. 17:30;13,582
10.04. 17:45;10,33
10.04. 18:00;7,0119
10.04. 18:15;0,44418
10.04. 18:30;0,07775
10.04. 18:45;0
10.04. 19:00;0
10.04. 19:15;0
10.04. 19:30;0
10.04. 19:45;0
10.04. 20:00;0
10.04. 20:15;0
10.04. 20:30;0
10.04. 20:45;0
10.04. 21:00;0
10.04. 21:15;0
10.04. 21:30;0
10.04. 21:45;0
10.04. 22:00;0
10.04. 22:15;0
10.04. 22:30;0
10.04. 22:45;0
10.04. 23:00;0
10.04. 23:15;0
10.04. 23:30;0
10.04. 23:45;0
11.04. 00:00;0
11.04. 00:15;0
11.04. 00:30;0
11.04. 00:45;0
11.04. 01:00;0
11.04. 01:15;0
11.04. 01:30;0
11.04. 01:45;0
11.04. 02:00;0
11.04. 02:15;0
11.04. 02:30;0
11.04. 02:45;0
11.04. 03:00;0
11.04. 03:15;0
11.04. 03:30;0
11.04. 03:45;0
11.04. 04:00;0
11.04. 04:15;0
11.04. 04:30;0
11.04. 04:45;0
11.04. 05:00;0
11.04. 05:15;0
11.04. 05:30;0
11.04. 05:45;0
11.04. 06:00;1,8572
11.04. 06:15;1,5366
11.04. 06:30;1,5319
11.04. 06:45;2,9671
11.04. 07:00;4,1433
11.04. 07:15;5,8056
11.04. 07:30;7,343
11.04. 07:45;8,9928
11.04. 08:00;13,745
11.04. 08:15;15,845
11.04. 08:30;22,104
11.04. 08:45;10,017
11.04. 09:00;14,688
11.04. 09:15;16,967
11.04. 09:30;19,788
11.04. 09:45;31,57
11.04. 10:00;24,966
11.04. 10:15;14,734
11.04. 10:30;8,7351
11.04. 10:45;7,1261
11.04. 11:00;6,6036
11.04. 11:15;10,023
11.04. 11:30;13,661
11.04. 11:45;23,487
11.04. 12:00;19,797
11.04. 12:15;16,852
11.04. 12:30;22,01
11.04. 12:45;23,364
11.04. 13:00;29,568
11.04. 13:15;18,495
11.04. 13:30;11,675
11.04. 13:45;12,244
11.04. 14:00;11,149
11.04. 14:15;10,809
11.04. 14:30;10,921
11.04. 14:45;9,6968
11.04. 15:00;9,3775
11.04. 15:15;13,631
11.04. 15:30;18,335
11.04. 15:45;15,445
11.04. 16:00;14,491
11.04. 16:15;10,425
11.04. 16:30;19,961
11.04. 16:45;11,29
11.04. 17:00;8,1881
11.04. 17:15;12,409
11.04. 17:30;13,995
11.04. 17:45;7,0075
11.04. 18:00;2,1369
11.04. 18:15;1,1964
11.04. 18:30;0,31144
11.04. 18:45;0
11.04. 19:00;0
11.04. 19:15;0
11.04. 19:30;0
11.04. 19:45;0
11.04. 20:00;0
11.04. 20:15;0
11.04. 20:30;0
11.04. 20:45;0
11.04. 21:00;0
11.04. 21:15;0
11.04. 21:30;0
11.04. 21:45;0
11.04. 22:00;0
11.04. 22:15;0
11.04. 22:30;0
11.04. 22:45;0
11.04. 23:00;0
11.04. 23:15;0
11.04. 23:30;0
11.04. 23:45;0
12.04. 00:00;0
12.04. 00:15;0
12.04. 00:30;0
12.04. 00:45;0
12.04. 01:00;0
12.04. 01:15;0
12.04. 01:30;0
12.04. 01:45;0
12.04. 02:00;0
12.04. 02:15;0
12.04. 02:30;0
12.04. 02:45;0
12.04. 03:00;0
12.04. 03:15;0
12.04. 03:30;0
12.04. 03:45;0
12.04. 04:00;0
12.04. 04:15;0
12.04. 04:30;0
12.04. 04:45;0
12.04. 05:00;0
12.04. 05:15;0,03146
12.04. 05:30;1,3997
12.04. 05:45;2,9494
12.04. 06:00;5,0372
12.04. 06:15;4,0011
12.04. 06:30;5,5023
12.04. 06:45;15,628
12.04. 07:00;13,414
12.04. 07:15;22,477
12.04. 07:30;15,093
12.04. 07:45;28,444
12.04. 08:00;24,808
12.04. 08:15;12,441
12.04. 08:30;15,721
12.04. 08:45;27,644
12.04. 09:00;40,541
12.04. 09:15;17,587
12.04. 09:30;34,458
12.04. 09:45;59,192
12.04. 10:00;55,893
12.04. 10:15;55,243
12.04. 10:30;63,252
12.04. 10:45;57,044
12.04. 11:00;69,985
12.04. 11:15;66,116
12.04. 11:30;65,058
12.04. 11:45;65,708
12.04. 12:00;65,395
12.04. 12:15;50,209
12.04. 12:30;63,563
12.04. 12:45;65,338
12.04. 13:00;29,913
12.04. 13:15;17,184
12.04. 13:30;26,142
12.04. 13:45;27,893
12.04. 14:00;15,33
12.04. 14:15;19,65
12.04. 14:30;23,537
12.04. 14:45;18,826
12.04. 15:00;21,07
12.04. 15:15;16,783
12.04. 15:30;31,881
12.04. 15:45;41,658
12.04. 16:00;36,257
12.04. 16:15;23,992
12.04. 16:30;22,976
12.04. 16:45;22,161
12.04. 17:00;15,647
12.04. 17:15;16,1
12.04. 17:30;14,679
12.04. 17:45;12,299
12.04. 18:00;4,0455
12.04. 18:15;2,0991
12.04. 18:30;0,48305
12.04. 18:45;0,00815
12.04. 19:00;0
12.04. 19:15;0
12.04. 19:30;0
12.04. 19:45;0
12.04. 20:00;0
12.04. 20:15;0
12.04. 20:30;0
12.04. 20:45;0
12.04. 21:00;0
12.04. 21:15;0
12.04. 21:30;0
12.04. 21:45;0
12.04. 22:00;0
12.04. 22:15;0
12.04. 22:30;0
12.04. 22:45;0
12.04. 23:00;0
12.04. 23:15;0
12.04. 23:30;0
12.04. 23:45;0
13.04. 00:00;0
13.04. 00:15;0
13.04. 00:30;0
13.04. 00:45;0
13.04. 01:00;0
13.04. 01:15;0
13.04. 01:30;0
13.04. 01:45;0
13.04. 02:00;0
13.04. 02:15;0
13.04. 02:30;0
13.04. 02:45;0
13.04. 03:00;0
13.04. 03:15;0
13.04. 03:30;0
13.04. 03:45;0
13.04. 04:00;0
13.04. 04:15;0
13.04. 04:30;0
13.04. 04:45;0
13.04. 05:00;0
13.04. 05:15;0,03098
13.04. 05:30;0,45854
13.04. 05:45;1,0248
13.04. 06:00;2,438
13.04. 06:15;3,4334
13.04. 06:30;4,7028
13.04. 06:45;11,965
13.04. 07:00;16,334
13.04. 07:15;21,414
13.04. 07:30;23,498
13.04. 07:45;20,965
13.04. 08:00;37,969
13.04. 08:15;38,287
13.04. 08:30;45,608
13.04. 08:45;42,19
13.04. 09:00;50,616
13.04. 09:15;54,065
13.04. 09:30;52,471
13.04. 09:45;39,815
13.04. 10:00;48,055
13.04. 10:15;56,597
13.04. 10:30;71,508
13.04. 10:45;57,975
13.04. 11:00;56,843
13.04. 11:15;62,06
13.04. 11:30;73,857
13.04. 11:45;60,774
13.04. 12:00;64,081
13.04. 12:15;66,985
13.04. 12:30;70,819
13.04. 12:45;63,159
13.04. 13:00;37,729
13.04. 13:15;60,276
13.04. 13:30;60,378
13.04. 13:45;63,825
13.04. 14:00;44,206
13.04. 14:15;46,077
13.04. 14:30;25,697
13.04. 14:45;28,747
13.04. 15:00;34,826
13.04. 15:15;27,85
13.04. 15:30;18,301
13.04. 15:45;12,945
13.04. 16:00;9,8834
13.04. 16:15;15,363
13.04. 16:30;16,475
13.04. 16:45;15,914
13.04. 17:00;13,911
13.04. 17:15;8,9306
13.04. 17:30;2,9996
13.04. 17:45;1,7712
13.04. 18:00;0,96484
13.04. 18:15;0,53703
13.04. 18:30;1,479
13.04. 18:45;0,01475
13.04. 19:00;0
13.04. 19:15;0
13.04. 19:30;0
13.04. 19:45;0
13.04. 20:00;0
13.04. 20:15;0
13.04. 20:30;0
13.04. 20:45;0
13.04. 21:00;0
13.04. 21:15;0
13.04. 21:30;0
13.04. 21:45;0
13.04. 22:00;0
13.04. 22:15;0
13.04. 22:30;0
13.04. 22:45;0
13.04. 23:00;0
13.04. 23:15;0
13.04. 23:30;0
13.04. 23:45;0
14.04. 00:00;0
14.04. 00:15;0
14.04. 00:30;0
14.04. 00:45;0
14.04. 01:00;0
14.04. 01:15;0
14.04. 01:30;0
14.04. 01:45;0
14.04. 02:00;0
14.04. 02:15;0
14.04. 02:30;0
14.04. 02:45;0
14.04. 03:00;0
14.04. 03:15;0
14.04. 03:30;0
14.04. 03:45;0
14.04. 04:00;0
14.04. 04:15;0
14.04. 04:30;0
14.04. 04:45;0
14.04. 05:00;0
14.04. 05:15;0,09825
14.04. 05:30;1,1909
14.04. 05:45;6,2812
14.04. 06:00;10,128
14.04. 06:15;13,391
14.04. 06:30;14,983
14.04. 06:45;9,1829
14.04. 07:00;21,917
14.04. 07:15;26,127
14.04. 07:30;24,389
14.04. 07:45;33,975
14.04. 08:00;41,024
14.04. 08:15;37,294
14.04. 08:30;20,302
14.04. 08:45;22,229
14.04. 09:00;20,308
14.04. 09:15;11,62
14.04. 09:30;6,7069
14.04. 09:45;9,6701
14.04. 10:00;10,903
14.04. 10:15;16,85
14.04. 10:30;20,794
14.04. 10:45;33,144
14.04. 11:00;18,135
14.04. 11:15;18,291
14.04. 11:30;18,316
14.04. 11:45;26,593
14.04. 12:00;27,851
14.04. 12:15;21,409
14.04. 12:30;17,219
14.04. 12:45;15,865
14.04. 13:00;8,4778
14.04. 13:15;14,264
14.04. 13:30;18,485
14.04. 13:45;23,625
14.04. 14:00;35,772
14.04. 14:15;61,527
14.04. 14:30;38,057
14.04. 14:45;25,629
14.04. 15:00;29,257
14.04. 15:15;48,298
14.04. 15:30;28,073
14.04. 15:45;31,052
14.04. 16:00;22,207
14.04. 16:15;10,215
14.04. 16:30;5,7205
14.04. 16:45;7,9656
14.04. 17:00;8,5851
14.04. 17:15;4,9141
14.04. 17:30;3,0028
14.04. 17:45;4,7532
14.04. 18:00;1,7745
14.04. 18:15;0,68285
14.04. 18:30;0,11094
14.04. 18:45;0
14.04. 19:00;0
14.04. 19:15;0
14.04. 19:30;0
14.04. 19:45;0
14.04. 20:00;0
14.04. 20:15;0
14.04. 20:30;0
14.04. 20:45;0
14.04. 21:00;0
14.04. 21:15;0
14.04. 21:30;0
14.04. 21:45;0
14.04. 22:00;0
14.04. 22:15;0
14.04. 22:30;0
14.04. 22:45;0
14.04. 23:00;0
14.04. 23:15;0
14.04. 23:30;0
14.04. 23:45;0
15.04. 00:00;0
15.04. 00:15;0
15.04. 00:30;0
15.04. 00:45;0
15.04. 01:00;0
15.04. 01:15;0
15.04. 01:30;0
15.04. 01:45;0
15.04. 02:00;0
15.04. 02:15;0
15.04. 02:30;0
15.04. 02:45;0
15.04. 03:00;0
15.04. 03:15;0
15.04. 03:30;0
15.04. 03:45;0
15.04. 04:00;0
15.04. 04:15;0
15.04. 04:30;0
15.04. 04:45;0
15.04. 05:00;0
15.04. 05:15;0,00747
15.04. 05:30;0,31944
15.04. 05:45;1,1542
15.04. 06:00;1,6469
15.04. 06:15;3,172
15.04. 06:30;1,2997
15.04. 06:45;1,3106
15.04. 07:00;2,4961
15.04. 07:15;4,8517
15.04. 07:30;7,8505
15.04. 07:45;20,909
15.04. 08:00;22,406
15.04. 08:15;9,8125
15.04. 08:30;11,06
15.04. 08:45;12,041
15.04. 09:00;16,687
15.04. 09:15;21,263
15.04. 09:30;17,71
15.04. 09:45;14,861
15.04. 10:00;16,163
15.04. 10:15;14,648
15.04. 10:30;12,724
15.04. 10:45;13,845
15.04. 11:00;12,419
15.04. 11:15;5,4825
15.04. 11:30;7,7351
15.04. 11:45;9,8393
15.04. 12:00;10,377
15.04. 12:15;10,184
15.04. 12:30;11,334
15.04. 12:45;8,6992
15.04. 13:00;8,8633
15.04. 13:15;10,651
15.04. 13:30;12,775
15.04. 13:45;14,327
15.04. 14:00;9,6747
15.04. 14:15;15,472
15.04. 14:30;15,378
15.04. 14:45;16,864
15.04. 15:00;12,115
15.04. 15:15;10,596
15.04. 15:30;21,022
15.04. 15:45;22,232
15.04. 16:00;17,335
15.04. 16:15;14,303
15.04. 16:30;10,636
15.04. 16:45;8,8018
15.04. 17:00;7,1757
15.04. 17:15;9,7521
15.04. 17:30;7,86
15.04. 17:45;3,9697
15.04. 18:00;3,0381
15.04. 18:15;1,9385
15.04. 18:30;0,46927
15.04. 18:45;0,00863
15.04. 19:00;0
15.04. 19:15;0
15.04. 19:30;0
15.04. 19:45;0
15.04. 20:00;0
15.04. 20:15;0
15.04. 20:30;0
15.04. 20:45;0
15.04. 21:00;0
15.04. 21:15;0
15.04. 21:30;0
15.04. 21:45;0
15.04. 22:00;0
15.04. 22:15;0
15.04. 22:30;0
15.04. 22:45;0
15.04. 23:00;0
15.04. 23:15;0
15.04. 23:30;0
15.04. 23:45;0
16.04. 00:00;0
16.04. 00:15;0
16.04. 00:30;0
16.04. 00:45;0
16.04. 01:00;0
16.04. 01:15;0
16.04. 01:30;0
16.04. 01:45;0
16.04. 02:00;0
16.04. 02:15;0
16.04. 02:30;0
16.04. 02:45;0
16.04. 03:00;0
16.04. 03:15;0
16.04. 03:30;0
16.04. 03:45;0
16.04. 04:00;0
16.04. 04:15;0
16.04. 04:30;0
16.04. 04:45;0
16.04. 05:00;0
16.04. 05:15;0,7515
16.04. 05:30;1,9771
16.04. 05:45;3,0623
16.04. 06:00;4,9209
16.04. 06:15;5,5736
16.04. 06:30;7,9825
16.04. 06:45;13,123
16.04. 07:00;9,7692
16.04. 07:15;13,002
16.04. 07:30;25,827
16.04. 07:45;28,991
16.04. 08:00;20,401
16.04. 08:15;16,651
16.04. 08:30;16,663
16.04. 08:45;28,758
16.04. 09:00;41,109
16.04. 09:15;20,134
16.04. 09:30;18,467
16.04. 09:45;35,244
16.04. 10:00;51,869
16.04. 10:15;60,376
16.04. 10:30;42,019
16.04. 10:45;36,974
16.04. 11:00;38,468
16.04. 11:15;42,078
16.04. 11:30;35,267
16.04. 11:45;66,038
16.04. 12:00;64,21
16.04. 12:15;59,764
16.04. 12:30;33,712
16.04. 12:45;37,167
16.04. 13:00;48,431
16.04. 13:15;67,673
16.04. 13:30;60,677
16.04. 13:45;54,181
16.04. 14:00;50,119
16.04. 14:15;55,602
16.04. 14:30;54,269
16.04. 14:45;54,858
16.04. 15:00;45,401
16.04. 15:15;46,778
16.04. 15:30;46,086
16.04. 15:45;41,88
16.04. 16:00;39,411
16.04. 16:15;32,579
16.04. 16:30;30,315
16.04. 16:45;25,151
16.04. 17:00;22,731
16.04. 17:15;19,504
16.04. 17:30;15,519
16.04. 17:45;10,905
16.04. 18:00;6,8516
16.04. 18:15;3,311
16.04. 18:30;1,8249
16.04. 18:45;0,44591
16.04. 19:00;0
16.04. 19:15;0
16.04. 19:30;0
16.04. 19:45;0
16.04. 20:00;0
16.04. 20:15;0
16.04. 20:30;0
16.04. 20:45;0
16.04. 21:00;0
16.04. 21:15;0
16.04. 21:30;0
16.04. 21:45;0
16.04. 22:00;0
16.04. 22:15;0
16.04. 22:30;0
16.04. 22:45;0
16.04. 23:00;0
16.04. 23:15;0
16.04. 23:30;0
16.04. 23:45;0
17.04. 00:00;0
17.04. 00:15;0
17.04. 00:30;0
17.04. 00:45;0
17.04. 01:00;0
17.04. 01:15;0
17.04. 01:30;0
17.04. 01:45;0
17.04. 02:00;0
17.04. 02:15;0
17.04. 02:30;0
17.04. 02:45;0
17.04. 03:00;0
17.04. 03:15;0
17.04. 03:30;0
17.04. 03:45;0
17.04. 04:00;0
17.04. 04:15;0
17.04. 04:30;0
17.04. 04:45;0
17.04. 05:00;0
17.04. 05:15;0,97159
17.04. 05:30;4,8675
17.04. 05:45;10,083
17.04. 06:00;12,461
17.04. 06:15;13,149
17.04. 06:30;14,373
17.04. 06:45;22,338
17.04. 07:00;25,112
17.04. 07:15;28,869
17.04. 07:30;32,522
17.04. 07:45;36,1
17.04. 08:00;39,715
17.04. 08:15;43,025
17.04. 08:30;46,227
17.04. 08:45;49,281
17.04. 09:00;53,051
17.04. 09:15;55,938
17.04. 09:30;58,46
17.04. 09:45;60,787
17.04. 10:00;63,821
17.04. 10:15;65,858
17.04. 10:30;67,479
17.04. 10:45;68,882
17.04. 11:00;69,444
17.04. 11:15;70,044
17.04. 11:30;70,661
17.04. 11:45;71,018
17.04. 12:00;70,981
17.04. 12:15;70,686
17.04. 12:30;70,253
17.04. 12:45;69,576
17.04. 13:00;67,995
17.04. 13:15;66,586
17.04. 13:30;65,139
17.04. 13:45;63,416
17.04. 14:00;61,396
17.04. 14:15;59,483
17.04. 14:30;57,154
17.04. 14:45;54,609
17.04. 15:00;51,544
17.04. 15:15;48,535
17.04. 15:30;45,473
17.04. 15:45;42,254
17.04. 16:00;37,985
17.04. 16:15;34,388
17.04. 16:30;30,89
17.04. 16:45;27,336
17.04. 17:00;22,78
17.04. 17:15;19,086
17.04. 17:30;15,378
17.04. 17:45;12,038
17.04. 18:00;6,0873
17.04. 18:15;3,9093
17.04. 18:30;2,5427
17.04. 18:45;0,24139
17.04. 19:00;0
17.04. 19:15;0
17.04. 19:30;0
17.04. 19:45;0
17.04. 20:00;0
17.04. 20:15;0
17.04. 20:30;0
17.04. 20:45;0
17.04. 21:00;0
17.04. 21:15;0
17.04. 21:30;0
17.04. 21:45;0
17.04. 22:00;0
17.04. 22:15;0
17.04. 22:30;0
17.04. 22:45;0
17.04. 23:00;0
17.04. 23:15;0
17.04. 23:30;0
17.04. 23:45;0
18.04. 00:00;0
18.04. 00:15;0
18.04. 00:30;0
18.04. 00:45;0
18.04. 01:00;0
18.04. 01:15;0
18.04. 01:30;0
18.04. 01:45;0
18.04. 02:00;0
18.04. 02:15;0
18.04. 02:30;0
18.04. 02:45;0
18.04. 03:00;0
18.04. 03:15;0
18.04. 03:30;0
18.04. 03:45;0
18.04. 04:00;0
18.04. 04:15;0
18.04. 04:30;0
18.04. 04:45;0
18.04. 05:00;0,01661
18.04. 05:15;1,4946
18.04. 05:30;5,6282
18.04. 05:45;8,1703
18.04. 06:00;11,493
18.04. 06:15;14,506
18.04. 06:30;18,19
18.04. 06:45;21,881
18.04. 07:00;26,475
18.04. 07:15;30,488
18.04. 07:30;34,229
18.04. 07:45;37,908
18.04. 08:00;41,589
18.04. 08:15;44,962
18.04. 08:30;48,298
18.04. 08:45;51,468
18.04. 09:00;53,98
18.04. 09:15;56,431
18.04. 09:30;58,94
18.04. 09:45;61,257
18.04. 10:00;63,688
18.04. 10:15;65,545
18.04. 10:30;67,152
18.04. 10:45;68,525
18.04. 11:00;69,067
18.04. 11:15;69,65
18.04. 11:30;70,242
18.04. 11:45;70,598
18.04. 12:00;70,69
18.04. 12:15;70,403
18.04. 12:30;69,508
18.04. 12:45;68,822
18.04. 13:00;67,428
18.04. 13:15;66,069
18.04. 13:30;64,682
18.04. 13:45;63,056
18.04. 14:00;61,159
18.04. 14:15;59,093
18.04. 14:30;57,011
18.04. 14:45;54,783
18.04. 15:00;51,436
18.04. 15:15;48,384
18.04. 15:30;45,349
18.04. 15:45;42,165
18.04. 16:00;38,028
18.04. 16:15;34,466
18.04. 16:30;31,027
18.04. 16:45;27,522
18.04. 17:00;22,778
18.04. 17:15;19,297
18.04. 17:30;15,94
18.04. 17:45;12,612
18.04. 18:00;9,3628
18.04. 18:15;3,2856
18.04. 18:30;1,2683
18.04. 18:45;0,46221
18.04. 19:00;0
18.04. 19:15;0
18.04. 19:30;0
18.04. 19:45;0
18.04. 20:00;0
18.04. 20:15;0
18.04. 20:30;0
18.04. 20:45;0
18.04. 21:00;0
18.04. 21:15;0
18.04. 21:30;0
18.04. 21:45;0
18.04. 22:00;0
18.04. 22:15;0
18.04. 22:30;0
18.04. 22:45;0
18.04. 23:00;0
18.04. 23:15;0
18.04. 23:30;0
18.04. 23:45;0
19.04. 00:00;0
19.04. 00:15;0
19.04. 00:30;0
19.04. 00:45;0
19.04. 01:00;0
19.04. 01:15;0
19.04. 01:30;0
19.04. 01:45;0
19.04. 02:00;0
19.04. 02:15;0
19.04. 02:30;0
19.04. 02:45;0
19.04. 03:00;0
19.04. 03:15;0
19.04. 03:30;0
19.04. 03:45;0
19.04. 04:00;0
19.04. 04:15;0
19.04. 04:30;0
19.04. 04:45;0
19.04. 05:00;0,04854
19.04. 05:15;0,56302
19.04. 05:30;4,0328
19.04. 05:45;6,7081
19.04. 06:00;10,049
19.04. 06:15;12,758
19.04. 06:30;15,864
19.04. 06:45;18,915
19.04. 07:00;28,137
19.04. 07:15;30,141
19.04. 07:30;32,594
19.04. 07:45;27,447
19.04. 08:00;29,438
19.04. 08:15;45,468
19.04. 08:30;49,336
19.04. 08:45;52,568
19.04. 09:00;51,269
19.04. 09:15;52,142
19.04. 09:30;54,482
19.04. 09:45;56,595
19.04. 10:00;49,85
19.04. 10:15;36,905
19.04. 10:30;48,905
19.04. 10:45;61,118
19.04. 11:00;51,032
19.04. 11:15;50,146
19.04. 11:30;51,712
19.04. 11:45;51,588
19.04. 12:00;50,535
19.04. 12:15;65,13
19.04. 12:30;65,565
19.04. 12:45;49,942
19.04. 13:00;66,29
19.04. 13:15;45,292
19.04. 13:30;52,047
19.04. 13:45;52,009
19.04. 14:00;48,727
19.04. 14:15;45,299
19.04. 14:30;43,87
19.04. 14:45;42,255
19.04. 15:00;23,903
19.04. 15:15;39,992
19.04. 15:30;43,321
19.04. 15:45;39,875
19.04. 16:00;32,049
19.04. 16:15;28,939
19.04. 16:30;25,973
19.04. 16:45;23,198
19.04. 17:00;19,67
19.04. 17:15;16,568
19.04. 17:30;13,741
19.04. 17:45;10,913
19.04. 18:00;5,7255
19.04. 18:15;4,5323
19.04. 18:30;3,2813
19.04. 18:45;0,64163
19.04. 19:00;0
19.04. 19:15;0
19.04. 19:30;0
19.04. 19:45;0
19.04. 20:00;0
19.04. 20:15;0
19.04. 20:30;0
19.04. 20:45;0
19.04. 21:00;0
19.04. 21:15;0
19.04. 21:30;0
19.04. 21:45;0
19.04. 22:00;0
19.04. 22:15;0
19.04. 22:30;0
19.04. 22:45;0
19.04. 23:00;0
19.04. 23:15;0
19.04. 23:30;0
19.04. 23:45;0
20.04. 00:00;0
20.04. 00:15;0
20.04. 00:30;0
20.04. 00:45;0
20.04. 01:00;0
20.04. 01:15;0
20.04. 01:30;0
20.04. 01:45;0
20.04. 02:00;0
20.04. 02:15;0
20.04. 02:30;0
20.04. 02:45;0
20.04. 03:00;0
20.04. 03:15;0
20.04. 03:30;0
20.04. 03:45;0
20.04. 04:00;0
20.04. 04:15;0
20.04. 04:30;0
20.04. 04:45;0
20.04. 05:00;0,12067
20.04. 05:15;2,1562
20.04. 05:30;5,0325
20.04. 05:45;7,5413
20.04. 06:00;11,192
20.04. 06:15;14,329
20.04. 06:30;17,808
20.04. 06:45;21,234
20.04. 07:00;25,948
20.04. 07:15;29,587
20.04. 07:30;33,108
20.04. 07:45;36,577
20.04. 08:00;39,844
20.04. 08:15;43,324
20.04. 08:30;47,058
20.04. 08:45;50,813
20.04. 09:00;53,794
20.04. 09:15;56,363
20.04. 09:30;58,826
20.04. 09:45;61,095
20.04. 10:00;63,289
20.04. 10:15;65,024
20.04. 10:30;66,59
20.04. 10:45;67,928
20.04. 11:00;68,482
20.04. 11:15;69,099
20.04. 11:30;69,695
20.04. 11:45;70,031
20.04. 12:00;65,916
20.04. 12:15;64,471
20.04. 12:30;64,081
20.04. 12:45;63,481
20.04. 13:00;61,474
20.04. 13:15;60,162
20.04. 13:30;58,424
20.04. 13:45;57,492
20.04. 14:00;52,065
20.04. 14:15;51,533
20.04. 14:30;55,909
20.04. 14:45;27,794
20.04. 15:00;43,447
20.04. 15:15;49,333
20.04. 15:30;44,406
20.04. 15:45;38,043
20.04. 16:00;34,637
20.04. 16:15;31,607
20.04. 16:30;28,607
20.04. 16:45;25,537
20.04. 17:00;18,986
20.04. 17:15;8,6981
20.04. 17:30;6,704
20.04. 17:45;15,053
20.04. 18:00;1,5907
20.04. 18:15;0,45407
20.04. 18:30;0,12777
20.04. 18:45;0
20.04. 19:00;0
20.04. 19:15;0
20.04. 19:30;0
20.04. 19:45;0
20.04. 20:00;0
20.04. 20:15;0
20.04. 20:30;0
20.04. 20:45;0
20.04. 21:00;0
20.04. 21:15;0
20.04. 21:30;0
20.04. 21:45;0
20.04. 22:00;0
20.04. 22:15;0
20.04. 22:30;0
20.04. 22:45;0
20.04. 23:00;0
20.04. 23:15;0
20.04. 23:30;0
20.04. 23:45;0
21.04. 00:00;0
21.04. 00:15;0
21.04. 00:30;0
21.04. 00:45;0
21.04. 01:00;0
21.04. 01:15;0
21.04. 01:30;0
21.04. 01:45;0
21.04. 02:00;0
21.04. 02:15;0
21.04. 02:30;0
21.04. 02:45;0
21.04. 03:00;0
21.04. 03:15;0
21.04. 03:30;0
21.04. 03:45;0
21.04. 04:00;0
21.04. 04:15;0
21.04. 04:30;0
21.04. 04:45;0
21.04. 05:00;0,25194
21.04. 05:15;1,0451
21.04. 05:30;1,0253
21.04. 05:45;0,78409
21.04. 06:00;1,4736
21.04. 06:15;2,9471
21.04. 06:30;9,3126
21.04. 06:45;16,641
21.04. 07:00;11,501
21.04. 07:15;11,657
21.04. 07:30;12,646
21.04. 07:45;7,2887
21.04. 08:00;7,5743
21.04. 08:15;17,602
21.04. 08:30;30,964
21.04. 08:45;33,544
21.04. 09:00;28,342
21.04. 09:15;29,868
21.04. 09:30;41,017
21.04. 09:45;63,258
21.04. 10:00;65,429
21.04. 10:15;63,761
21.04. 10:30;28,248
21.04. 10:45;17,864
21.04. 11:00;16,516
21.04. 11:15;38,431
21.04. 11:30;54,943
21.04. 11:45;55,194
21.04. 12:00;56,615
21.04. 12:15;42,377
21.04. 12:30;43,058
21.04. 12:45;61,84
21.04. 13:00;70,269
21.04. 13:15;23,066
21.04. 13:30;28,797
21.04. 13:45;30,421
21.04. 14:00;24,769
21.04. 14:15;20,466
21.04. 14:30;42,82
21.04. 14:45;55,934
21.04. 15:00;39,75
21.04. 15:15;23,944
21.04. 15:30;28,228
21.04. 15:45;18,24
21.04. 16:00;32,436
21.04. 16:15;18,739
21.04. 16:30;23,943
21.04. 16:45;19,248
21.04. 17:00;11,747
21.04. 17:15;7,14
21.04. 17:30;8,4867
21.04. 17:45;8,8633
21.04. 18:00;6,7086
21.04. 18:15;8,6475
21.04. 18:30;6,4761
21.04. 18:45;1,5487
21.04. 19:00;0
21.04. 19:15;0
21.04. 19:30;0
21.04. 19:45;0
21.04. 20:00;0
21.04. 20:15;0
21.04. 20:30;0
21.04. 20:45;0
21.04. 21:00;0
21.04. 21:15;0
21.04. 21:30;0
21.04. 21:45;0
21.04. 22:00;0
21.04. 22:15;0
21.04. 22:30;0
21.04. 22:45;0
21.04. 23:00;0
21.04. 23:15;0
21.04. 23:30;0
21.04. 23:45;0
22.04. 00:00;0
22.04. 00:15;0
22.04. 00:30;0
22.04. 00:45;0
22.04. 01:00;0
22.04. 01:15;0
22.04. 01:30;0
22.04. 01:45;0
22.04. 02:00;0
22.04. 02:15;0
22.04. 02:30;0
22.04. 02:45;0
22.04. 03:00;0
22.04. 03:15;0
22.04. 03:30;0
22.04. 03:45;0
22.04. 04:00;0
22.04. 04:15;0
22.04. 04:30;0
22.04. 04:45;0
22.04. 05:00;0,00701
22.04. 05:15;0,18795
22.04. 05:30;0,38013
22.04. 05:45;0,54213
22.04. 06:00;1,0409
22.04. 06:15;7,5011
22.04. 06:30;19,339
22.04. 06:45;24,288
22.04. 07:00;24,942
22.04. 07:15;32,048
22.04. 07:30;19,743
22.04. 07:45;14,603
22.04. 08:00;12,281
22.04. 08:15;14,089
22.04. 08:30;21,09
22.04. 08:45;38,084
22.04. 09:00;24,125
22.04. 09:15;23,761
22.04. 09:30;24,858
22.04. 09:45;44,844
22.04. 10:00;29,167
22.04. 10:15;37,693
22.04. 10:30;27,567
22.04. 10:45;38,49
22.04. 11:00;45,425
22.04. 11:15;23,785
22.04. 11:30;28,711
22.04. 11:45;37,897
22.04. 12:00;30,625
22.04. 12:15;40,78
22.04. 12:30;37,714
22.04. 12:45;60,724
22.04. 13:00;31,044
22.04. 13:15;38,279
22.04. 13:30;27,872
22.04. 13:45;37,572
22.04. 14:00;40,425
22.04. 14:15;32,973
22.04. 14:30;32,618
22.04. 14:45;24,213
22.04. 15:00;24,036
22.04. 15:15;20,944
22.04. 15:30;35,539
22.04. 15:45;43,729
22.04. 16:00;24,22
22.04. 16:15;36,685
22.04. 16:30;34,098
22.04. 16:45;23,993
22.04. 17:00;24,128
22.04. 17:15;18,461
22.04. 17:30;21,792
22.04. 17:45;16,578
22.04. 18:00;12,193
22.04. 18:15;8,6621
22.04. 18:30;2,4879
22.04. 18:45;0,35875
22.04. 19:00;0
22.04. 19:15;0
22.04. 19:30;0
22.04. 19:45;0
22.04. 20:00;0
22.04. 20:15;0
22.04. 20:30;0
22.04. 20:45;0
22.04. 21:00;0
22.04. 21:15;0
22.04. 21:30;0
22.04. 21:45;0
22.04. 22:00;0
22.04. 22:15;0
22.04. 22:30;0
22.04. 22:45;0
22.04. 23:00;0
22.04. 23:15;0
22.04. 23:30;0
22.04. 23:45;0
23.04. 00:00;0
23.04. 00:15;0
23.04. 00:30;0
23.04. 00:45;0
23.04. 01:00;0
23.04. 01:15;0
23.04. 01:30;0
23.04. 01:45;0
23.04. 02:00;0
23.04. 02:15;0
23.04. 02:30;0
23.04. 02:45;0
23.04. 03:00;0
23.04. 03:15;0
23.04. 03:30;0
23.04. 03:45;0
23.04. 04:00;0
23.04. 04:15;0
23.04. 04:30;0
23.04. 04:45;0
23.04. 05:00;0,53725
23.04. 05:15;2,2534
23.04. 05:30;8,5544
23.04. 05:45;6,5091
23.04. 06:00;9,6976
23.04. 06:15;16,561
23.04. 06:30;21,895
23.04. 06:45;25,391
23.04. 07:00;27,678
23.04. 07:15;32,17
23.04. 07:30;35,882
23.04. 07:45;39,471
23.04. 08:00;44,198
23.04. 08:15;47,911
23.04. 08:30;51,198
23.04. 08:45;54,354
23.04. 09:00;56,429
23.04. 09:15;58,769
23.04. 09:30;61,267
23.04. 09:45;63,549
23.04. 10:00;64,738
23.04. 10:15;66,197
23.04. 10:30;66,765
23.04. 10:45;67,506
23.04. 11:00;70,123
23.04. 11:15;71,581
23.04. 11:30;72,189
23.04. 11:45;72,519
23.04. 12:00;73,301
23.04. 12:15;73,227
23.04. 12:30;72,763
23.04. 12:45;72,083
23.04. 13:00;71,067
23.04. 13:15;69,832
23.04. 13:30;68,404
23.04. 13:45;66,733
23.04. 14:00;65,108
23.04. 14:15;62,963
23.04. 14:30;60,596
23.04. 14:45;58,013
23.04. 15:00;55,083
23.04. 15:15;51,99
23.04. 15:30;48,695
23.04. 15:45;45,409
23.04. 16:00;41,461
23.04. 16:15;37,472
23.04. 16:30;33,859
23.04. 16:45;30,214
23.04. 17:00;25,747
23.04. 17:15;21,993
23.04. 17:30;18,474
23.04. 17:45;14,969
23.04. 18:00;11,111
23.04. 18:15;8,0141
23.04. 18:30;2,0773
23.04. 18:45;0,39651
23.04. 19:00;0
23.04. 19:15;0
23.04. 19:30;0
23.04. 19:45;0
23.04. 20:00;0
23.04. 20:15;0
23.04. 20:30;0
23.04. 20:45;0
23.04. 21:00;0
23.04. 21:15;0
23.04. 21:30;0
23.04. 21:45;0
23.04. 22:00;0
23.04. 22:15;0
23.04. 22:30;0
23.04. 22:45;0
23.04. 23:00;0
23.04. 23:15;0
23.04. 23:30;0
23.04. 23:45;0
24.04. 00:00;0
24.04. 00:15;0
24.04. 00:30;0
24.04. 00:45;0
24.04. 01:00;0
24.04. 01:15;0
24.04. 01:30;0
24.04. 01:45;0
24.04. 02:00;0
24.04. 02:15;0
24.04. 02:30;0
24.04. 02:45;0
24.04. 03:00;0
24.04. 03:15;0
24.04. 03:30;0
24.04. 03:45;0
24.04. 04:00;0
24.04. 04:15;0
24.04. 04:30;0
24.04. 04:45;0
24.04. 05:00;0,05271
24.04. 05:15;0,12566
24.04. 05:30;0,30964
24.04. 05:45;0,55397
24.04. 06:00;0,77611
24.04. 06:15;3,2107
24.04. 06:30;9,1332
24.04. 06:45;10,77
24.04. 07:00;16,653
24.04. 07:15;16,604
24.04. 07:30;13,859
24.04. 07:45;12,301
24.04. 08:00;34,786
24.04. 08:15;22,402
24.04. 08:30;18,148
24.04. 08:45;24,972
24.04. 09:00;34,182
24.04. 09:15;39,84
24.04. 09:30;35,522
24.04. 09:45;59,501
24.04. 10:00;42,087
24.04. 10:15;61,908
24.04. 10:30;51,442
24.04. 10:45;66,972
24.04. 11:00;66,767
24.04. 11:15;62,059
24.04. 11:30;60,577
24.04. 11:45;67,751
24.04. 12:00;66,948
24.04. 12:15;68,652
24.04. 12:30;76,386
24.04. 12:45;67,943
24.04. 13:00;71,379
24.04. 13:15;65,804
24.04. 13:30;64,106
24.04. 13:45;68,764
24.04. 14:00;59,666
24.04. 14:15;60,645
24.04. 14:30;64,67
24.04. 14:45;54,829
24.04. 15:00;47,152
24.04. 15:15;54,103
24.04. 15:30;49,634
24.04. 15:45;45,217
24.04. 16:00;40,324
24.04. 16:15;35,592
24.04. 16:30;34,771
24.04. 16:45;29,878
24.04. 17:00;19,857
24.04. 17:15;26,763
24.04. 17:30;21,231
24.04. 17:45;11,241
24.04. 18:00;4,9136
24.04. 18:15;10,076
24.04. 18:30;7,8975
24.04. 18:45;1,9861
24.04. 19:00;0
24.04. 19:15;0
24.04. 19:30;0
24.04. 19:45;0
24.04. 20:00;0
24.04. 20:15;0
24.04. 20:30;0
24.04. 20:45;0
24.04. 21:00;0
24.04. 21:15;0
24.04. 21:30;0
24.04. 21:45;0
24.04. 22:00;0
24.04. 22:15;0
24.04. 22:30;0
24.04. 22:45;0
24.04. 23:00;0
24.04. 23:15;0
24.04. 23:30;0
24.04. 23:45;0
25.04. 00:00;0
25.04. 00:15;0
25.04. 00:30;0
25.04. 00:45;0
25.04. 01:00;0
25.04. 01:15;0
25.04. 01:30;0
25.04. 01:45;0
25.04. 02:00;0
25.04. 02:15;0
25.04. 02:30;0
25.04. 02:45;0
25.04. 03:00;0
25.04. 03:15;0
25.04. 03:30;0
25.04. 03:45;0
25.04. 04:00;0
25.04. 04:15;0
25.04. 04:30;0
25.04. 04:45;0
25.04. 05:00;1,2266
25.04. 05:15;4,1546
25.04. 05:30;5,4596
25.04. 05:45;8,7494
25.04. 06:00;8,4611
25.04. 06:15;15,084
25.04. 06:30;27,655
25.04. 06:45;28,559
25.04. 07:00;29,817
25.04. 07:15;33,046
25.04. 07:30;36,714
25.04. 07:45;40,287
25.04. 08:00;44,053
25.04. 08:15;47,364
25.04. 08:30;50,543
25.04. 08:45;53,559
25.04. 09:00;56,175
25.04. 09:15;58,647
25.04. 09:30;61,077
25.04. 09:45;63,307
25.04. 10:00;66,025
25.04. 10:15;67,912
25.04. 10:30;69,454
25.04. 10:45;70,774
25.04. 11:00;71,461
25.04. 11:15;72,024
25.04. 11:30;72,588
25.04. 11:45;72,908
25.04. 12:00;73,103
25.04. 12:15;72,89
25.04. 12:30;72,45
25.04. 12:45;71,775
25.04. 13:00;70,135
25.04. 13:15;68,735
25.04. 13:30;67,338
25.04. 13:45;65,7
25.04. 14:00;63,67
25.04. 14:15;61,514
25.04. 14:30;59,592
25.04. 14:45;57,09
25.04. 15:00;53,851
25.04. 15:15;50,853
25.04. 15:30;47,838
25.04. 15:45;44,68
25.04. 16:00;40,516
25.04. 16:15;36,937
25.04. 16:30;33,51
25.04. 16:45;30,02
25.04. 17:00;25,358
25.04. 17:15;21,666
25.04. 17:30;18,301
25.04. 17:45;14,953
25.04. 18:00;9,7574
25.04. 18:15;5,4571
25.04. 18:30;4,1802
25.04. 18:45;2,1958
25.04. 19:00;0
25.04. 19:15;0
25.04. 19:30;0
25.04. 19:45;0
25.04. 20:00;0
25.04. 20:15;0
25.04. 20:30;0
25.04. 20:45;0
25.04. 21:00;0
25.04. 21:15;0
25.04. 21:30;0
25.04. 21:45;0
25.04. 22:00;0
25.04. 22:15;0
25.04. 22:30;0
25.04. 22:45;0
25.04. 23:00;0
25.04. 23:15;0
25.04. 23:30;0
25.04. 23:45;0
26.04. 00:00;0
26.04. 00:15;0
26.04. 00:30;0
26.04. 00:45;0
26.04. 01:00;0
26.04. 01:15;0
26.04. 01:30;0
26.04. 01:45;0
26.04. 02:00;0
26.04. 02:15;0
26.04. 02:30;0
26.04. 02:45;0
26.04. 03:00;0
26.04. 03:15;0
26.04. 03:30;0
26.04. 03:45;0
26.04. 04:00;0
26.04. 04:15;0
26.04. 04:30;0
26.04. 04:45;0
26.04. 05:00;0,70033
26.04. 05:15;2,6595
26.04. 05:30;11,149
26.04. 05:45;6,8443
26.04. 06:00;10,832
26.04. 06:15;17,145
26.04. 06:30;20,594
26.04. 06:45;17,563
26.04. 07:00;12,718
26.04. 07:15;37,387
26.04. 07:30;39,408
26.04. 07:45;36,111
26.04. 08:00;25,057
26.04. 08:15;39,223
26.04. 08:30;48,867
26.04. 08:45;54,846
26.04. 09:00;33,459
26.04. 09:15;29,236
26.04. 09:30;58,065
26.04. 09:45;50,936
26.04. 10:00;25,415
26.04. 10:15;67,664
26.04. 10:30;69,377
26.04. 10:45;55,643
26.04. 11:00;41,47
26.04. 11:15;56,066
26.04. 11:30;40,134
26.04. 11:45;38,661
26.04. 12:00;30,616
26.04. 12:15;27,537
26.04. 12:30;30,385
26.04. 12:45;16,746
26.04. 13:00;16,605
26.04. 13:15;12,871
26.04. 13:30;9,7803
26.04. 13:45;6,4889
26.04. 14:00;9,535
26.04. 14:15;6,9978
26.04. 14:30;5,9454
26.04. 14:45;8,1137
26.04. 15:00;9,1102
26.04. 15:15;7,616
26.04. 15:30;6,3111
26.04. 15:45;4,9259
26.04. 16:00;4,4243
26.04. 16:15;4,2965
26.04. 16:30;5,0549
26.04. 16:45;5,4602
26.04. 17:00;5,2324
26.04. 17:15;4,9266
26.04. 17:30;5,102
26.04. 17:45;2,2304
26.04. 18:00;1,2416
26.04. 18:15;0,6731
26.04. 18:30;0,24572
26.04. 18:45;0,22521
26.04. 19:00;0
26.04. 19:15;0
26.04. 19:30;0
26.04. 19:45;0
26.04. 20:00;0
26.04. 20:15;0
26.04. 20:30;0
26.04. 20:45;0
26.04. 21:00;0
26.04. 21:15;0
26.04. 21:30;0
26.04. 21:45;0
26.04. 22:00;0
26.04. 22:15;0
26.04. 22:30;0
26.04. 22:45;0
26.04. 23:00;0
26.04. 23:15;0
26.04. 23:30;0
26.04. 23:45;0
27.04. 00:00;0
27.04. 00:15;0
27.04. 00:30;0
27.04. 00:45;0
27.04. 01:00;0
27.04. 01:15;0
27.04. 01:30;0
27.04. 01:45;0
27.04. 02:00;0
27.04. 02:15;0
27.04. 02:30;0
27.04. 02:45;0
27.04. 03:00;0
27.04. 03:15;0
27.04. 03:30;0
27.04. 03:45;0
27.04. 04:00;0
27.04. 04:15;0
27.04. 04:30;0
27.04. 04:45;0
27.04. 05:00;0,83747
27.04. 05:15;2,348
27.04. 05:30;3,5613
27.04. 05:45;3,4676
27.04. 06:00;10,131
27.04. 06:15;19,783
27.04. 06:30;21,508
27.04. 06:45;14,054
27.04. 07:00;19,65
27.04. 07:15;33,189
27.04. 07:30;36,758
27.04. 07:45;35,66
27.04. 08:00;34,369
27.04. 08:15;39,294
27.04. 08:30;31,796
27.04. 08:45;30,587
27.04. 09:00;28,26
27.04. 09:15;26,278
27.04. 09:30;33,382
27.04. 09:45;57,717
27.04. 10:00;41,755
27.04. 10:15;24,747
27.04. 10:30;33,582
27.04. 10:45;26,827
27.04. 11:00;27,88
27.04. 11:15;16,025
27.04. 11:30;8,7956
27.04. 11:45;6,9784
27.04. 12:00;10,921
27.04. 12:15;13,474
27.04. 12:30;12,016
27.04. 12:45;15,312
27.04. 13:00;18,243
27.04. 13:15;15,812
27.04. 13:30;11,278
27.04. 13:45;11,916
27.04. 14:00;17,024
27.04. 14:15;16,184
27.04. 14:30;7,6159
27.04. 14:45;9,3098
27.04. 15:00;17,251
27.04. 15:15;25,006
27.04. 15:30;29,313
27.04. 15:45;25,52
27.04. 16:00;19,818
27.04. 16:15;37,361
27.04. 16:30;30,215
27.04. 16:45;21,3
27.04. 17:00;12,786
27.04. 17:15;10,401
27.04. 17:30;8,6716
27.04. 17:45;8,9896
27.04. 18:00;4,8984
27.04. 18:15;2,4199
27.04. 18:30;1,0883
27.04. 18:45;0,31832
27.04. 19:00;0
27.04. 19:15;0
27.04. 19:30;0
27.04. 19:45;0
27.04. 20:00;0
27.04. 20:15;0
27.04. 20:30;0
27.04. 20:45;0
27.04. 21:00;0
27.04. 21:15;0
27.04. 21:30;0
27.04. 21:45;0
27.04. 22:00;0
27.04. 22:15;0
27.04. 22:30;0
27.04. 22:45;0
27.04. 23:00;0
27.04. 23:15;0
27.04. 23:30;0
27.04. 23:45;0
28.04. 00:00;0
28.04. 00:15;0
28.04. 00:30;0
28.04. 00:45;0
28.04. 01:00;0
28.04. 01:15;0
28.04. 01:30;0
28.04. 01:45;0
28.04. 02:00;0
28.04. 02:15;0
28.04. 02:30;0
28.04. 02:45;0
28.04. 03:00;0
28.04. 03:15;0
28.04. 03:30;0
28.04. 03:45;0
28.04. 04:00;0
28.04. 04:15;0
28.04. 04:30;0
28.04. 04:45;0
28.04. 05:00;1,7388
28.04. 05:15;1,7904
28.04. 05:30;3,0418
28.04. 05:45;8,9784
28.04. 06:00;16,357
28.04. 06:15;21,2
28.04. 06:30;23,039
28.04. 06:45;20,974
28.04. 07:00;30,379
28.04. 07:15;35,127
28.04. 07:30;38,868
28.04. 07:45;42,493
28.04. 08:00;45,962
28.04. 08:15;49,231
28.04. 08:30;52,427
28.04. 08:45;55,473
28.04. 09:00;57,494
28.04. 09:15;59,757
28.04. 09:30;62,175
28.04. 09:45;64,381
28.04. 10:00;66,008
28.04. 10:15;67,545
28.04. 10:30;69,049
28.04. 10:45;70,332
28.04. 11:00;72,015
28.04. 11:15;72,926
28.04. 11:30;73,477
28.04. 11:45;73,79
28.04. 12:00;73,865
28.04. 12:15;74,014
28.04. 12:30;73,76
28.04. 12:45;72,517
28.04. 13:00;70,925
28.04. 13:15;69,518
28.04. 13:30;68,123
28.04. 13:45;66,495
28.04. 14:00;62,044
28.04. 14:15;59,306
28.04. 14:30;57,123
28.04. 14:45;54,756
28.04. 15:00;49,494
28.04. 15:15;46,735
28.04. 15:30;44,02
28.04. 15:45;41,138
28.04. 16:00;32,933
28.04. 16:15;18,262
28.04. 16:30;37,531
28.04. 16:45;33,026
28.04. 17:00;22,788
28.04. 17:15;19,399
28.04. 17:30;16,585
28.04. 17:45;13,549
28.04. 18:00;10
28.04. 18:15;7,9297
28.04. 18:30;6,0224
28.04. 18:45;2,802
28.04. 19:00;0
28.04. 19:15;0
28.04. 19:30;0
28.04. 19:45;0
28.04. 20:00;0
28.04. 20:15;0
28.04. 20:30;0
28.04. 20:45;0
28.04. 21:00;0
28.04. 21:15;0
28.04. 21:30;0
28.04. 21:45;0
28.04. 22:00;0
28.04. 22:15;0
28.04. 22:30;0
28.04. 22:45;0
28.04. 23:00;0
28.04. 23:15;0
28.04. 23:30;0
28.04. 23:45;0
29.04. 00:00;0
29.04. 00:15;0
29.04. 00:30;0
29.04. 00:45;0
29.04. 01:00;0
29.04. 01:15;0
29.04. 01:30;0
29.04. 01:45;0
29.04. 02:00;0
29.04. 02:15;0
29.04. 02:30;0
29.04. 02:45;0
29.04. 03:00;0
29.04. 03:15;0
29.04. 03:30;0
29.04. 03:45;0
29.04. 04:00;0
29.04. 04:15;0
29.04. 04:30;0
29.04. 04:45;0
29.04. 05:00;2,6112
29.04. 05:15;7,2218
29.04. 05:30;5,6242
29.04. 05:45;6,8838
29.04. 06:00;12,111
29.04. 06:15;16,185
29.04. 06:30;13,99
29.04. 06:45;18,151
29.04. 07:00;26,107
29.04. 07:15;31,576
29.04. 07:30;33,125
29.04. 07:45;26,788
29.04. 08:00;38,521
29.04. 08:15;47,546
29.04. 08:30;39,109
29.04. 08:45;49,939
29.04. 09:00;46,459
29.04. 09:15;50,203
29.04. 09:30;60,228
29.04. 09:45;63,77
29.04. 10:00;53,822
29.04. 10:15;65,264
29.04. 10:30;52,414
29.04. 10:45;49,445
29.04. 11:00;41,011
29.04. 11:15;63,066
29.04. 11:30;67,039
29.04. 11:45;48,568
29.04. 12:00;61,055
29.04. 12:15;44,854
29.04. 12:30;70,866
29.04. 12:45;46,402
29.04. 13:00;51,54
29.04. 13:15;64,772
29.04. 13:30;56,175
29.04. 13:45;64,845
29.04. 14:00;58,962
29.04. 14:15;47,375
29.04. 14:30;51,58
29.04. 14:45;44,944
29.04. 15:00;30,009
29.04. 15:15;35,299
29.04. 15:30;48,571
29.04. 15:45;19,441
29.04. 16:00;15,166
29.04. 16:15;13,498
29.04. 16:30;15,457
29.04. 16:45;31,653
29.04. 17:00;17,355
29.04. 17:15;11,096
29.04. 17:30;10,668
29.04. 17:45;9,1517
29.04. 18:00;6,3788
29.04. 18:15;5,7303
29.04. 18:30;3,1078
29.04. 18:45;1,1218
29.04. 19:00;0
29.04. 19:15;0
29.04. 19:30;0
29.04. 19:45;0
29.04. 20:00;0
29.04. 20:15;0
29.04. 20:30;0
29.04. 20:45;0
29.04. 21:00;0
29.04. 21:15;0
29.04. 21:30;0
29.04. 21:45;0
29.04. 22:00;0
29.04. 22:15;0
29.04. 22:30;0
29.04. 22:45;0
29.04. 23:00;0
29.04. 23:15;0
29.04. 23:30;0
29.04. 23:45;0
30.04. 00:00;0
30.04. 00:15;0
30.04. 00:30;0
30.04. 00:45;0
30.04. 01:00;0
30.04. 01:15;0
30.04. 01:30;0
30.04. 01:45;0
30.04. 02:00;0
30.04. 02:15;0
30.04. 02:30;0
30.04. 02:45;0
30.04. 03:00;0
30.04. 03:15;0
30.04. 03:30;0
30.04. 03:45;0
30.04. 04:00;0
30.04. 04:15;0
30.04. 04:30;0
30.04. 04:45;0
30.04. 05:00;1,1621
30.04. 05:15;1,9769
30.04. 05:30;2,3939
30.04. 05:45;1,1982
30.04. 06:00;1,8774
30.04. 06:15;14,835
30.04. 06:30;22,14
30.04. 06:45;24,675
30.04. 07:00;15,976
30.04. 07:15;11,02
30.04. 07:30;10,422
30.04. 07:45;16,69
30.04. 08:00;24,346
30.04. 08:15;48,757
30.04. 08:30;43,668
30.04. 08:45;39,176
30.04. 09:00;39,949
30.04. 09:15;67,477
30.04. 09:30;63,275
30.04. 09:45;50,79
30.04. 10:00;34,334
30.04. 10:15;58,683
30.04. 10:30;50,405
30.04. 10:45;40,593
30.04. 11:00;25,328
30.04. 11:15;68,479
30.04. 11:30;68,284
30.04. 11:45;64,181
30.04. 12:00;38,74
30.04. 12:15;56,751
30.04. 12:30;73,135
30.04. 12:45;66,488
30.04. 13:00;62,142
30.04. 13:15;39,017
30.04. 13:30;20,686
30.04. 13:45;11,615
30.04. 14:00;13,403
30.04. 14:15;16,815
30.04. 14:30;19,36
30.04. 14:45;22,835
30.04. 15:00;23,381
30.04. 15:15;22,202
30.04. 15:30;19,726
30.04. 15:45;19,086
30.04. 16:00;15,681
30.04. 16:15;16,461
30.04. 16:30;20,659
30.04. 16:45;38,237
30.04. 17:00;15,869
30.04. 17:15;8,1263
30.04. 17:30;10,207
30.04. 17:45;6,6705
30.04. 18:00;2,5134
30.04. 18:15;0,74518
30.04. 18:30;0,11586
30.04. 18:45;0,01625
30.04. 19:00;0
30.04. 19:15;0
30.04. 19:30;0
30.04. 19:45;0
30.04. 20:00;0
30.04. 20:15;0
30.04. 20:30;0
30.04. 20:45;0
30.04. 21:00;0
30.04. 21:15;0
30.04. 21:30;0
30.04. 21:45;0
30.04. 22:00;0
30.04. 22:15;0
30.04. 22:30;0
30.04. 22:45;0
30.04. 23:00;0
30.04. 23:15;0
30.04. 23:30;0
30.04. 23:45;0
01.05. 00:00;0
01.05. 00:15;0
01.05. 00:30;0
01.05. 00:45;0
01.05. 01:00;0
01.05. 01:15;0
01.05. 01:30;0
01.05. 01:45;0
01.05. 02:00;0
01.05. 02:15;0
01.05. 02:30;0
01.05. 02:45;0
01.05. 03:00;0
01.05. 03:15;0
01.05. 03:30;0
01.05. 03:45;0
01.05. 04:00;0
01.05. 04:15;0
01.05. 04:30;0
01.05. 04:45;0,12056
01.05. 05:00;0,92652
01.05. 05:15;6,4924
01.05. 05:30;8,0834
01.05. 05:45;5,876
01.05. 06:00;6,4777
01.05. 06:15;9,3366
01.05. 06:30;25,046
01.05. 06:45;29,465
01.05. 07:00;28,27
01.05. 07:15;30,754
01.05. 07:30;33,53
01.05. 07:45;36,815
01.05. 08:00;41,747
01.05. 08:15;43,086
01.05. 08:30;52,428
01.05. 08:45;55,276
01.05. 09:00;56,871
01.05. 09:15;58,7
01.05. 09:30;61,035
01.05. 09:45;63,153
01.05. 10:00;65,678
01.05. 10:15;67,405
01.05. 10:30;68,861
01.05. 10:45;70,097
01.05. 11:00;70,937
01.05. 11:15;71,53
01.05. 11:30;72,054
01.05. 11:45;72,359
01.05. 12:00;72,497
01.05. 12:15;72,274
01.05. 12:30;71,933
01.05. 12:45;71,27
01.05. 13:00;70,439
01.05. 13:15;69,33
01.05. 13:30;67,676
01.05. 13:45;65,82
01.05. 14:00;63,726
01.05. 14:15;61,416
01.05. 14:30;59,207
01.05. 14:45;56,808
01.05. 15:00;53,701
01.05. 15:15;50,825
01.05. 15:30;47,943
01.05. 15:45;44,92
01.05. 16:00;41,217
01.05. 16:15;37,868
01.05. 16:30;34,555
01.05. 16:45;31,165
01.05. 17:00;25,937
01.05. 17:15;22,583
01.05. 17:30;19,344
01.05. 17:45;16,13
01.05. 18:00;12,154
01.05. 18:15;7,0632
01.05. 18:30;4,9398
01.05. 18:45;1,9091
01.05. 19:00;0
01.05. 19:15;0
01.05. 19:30;0
01.05. 19:45;0
01.05. 20:00;0
01.05. 20:15;0
01.05. 20:30;0
01.05. 20:45;0
01.05. 21:00;0
01.05. 21:15;0
01.05. 21:30;0
01.05. 21:45;0
01.05. 22:00;0
01.05. 22:15;0
01.05. 22:30;0
01.05. 22:45;0
01.05. 23:00;0
01.05. 23:15;0
01.05. 23:30;0
01.05. 23:45;0
02.05. 00:00;0
02.05. 00:15;0
02.05. 00:30;0
02.05. 00:45;0
02.05. 01:00;0
02.05. 01:15;0
02.05. 01:30;0
02.05. 01:45;0
02.05. 02:00;0
02.05. 02:15;0
02.05. 02:30;0
02.05. 02:45;0
02.05. 03:00;0
02.05. 03:15;0
02.05. 03:30;0
02.05. 03:45;0
02.05. 04:00;0
02.05. 04:15;0
02.05. 04:30;0,00453
02.05. 04:45;1,2276
02.05. 05:00;4,7092
02.05. 05:15;9,772
02.05. 05:30;8,8385
02.05. 05:45;8,0818
02.05. 06:00;14,304
02.05. 06:15;17,834
02.05. 06:30;26,699
02.05. 06:45;28,702
02.05. 07:00;32,155
02.05. 07:15;35,649
02.05. 07:30;39,25
02.05. 07:45;42,744
02.05. 08:00;46,653
02.05. 08:15;50,038
02.05. 08:30;53,189
02.05. 08:45;56,098
02.05. 09:00;59,083
02.05. 09:15;61,616
02.05. 09:30;64,001
02.05. 09:45;66,191
02.05. 10:00;68,029
02.05. 10:15;69,511
02.05. 10:30;70,996
02.05. 10:45;72,268
02.05. 11:00;72,961
02.05. 11:15;73,53
02.05. 11:30;74,062
02.05. 11:45;74,362
02.05. 12:00;74,854
02.05. 12:15;74,757
02.05. 12:30;74,315
02.05. 12:45;73,844
02.05. 13:00;72,997
02.05. 13:15;71,663
02.05. 13:30;70,284
02.05. 13:45;68,65
02.05. 14:00;65,812
02.05. 14:15;63,463
02.05. 14:30;61,202
02.05. 14:45;58,749
02.05. 15:00;55,301
02.05. 15:15;52,316
02.05. 15:30;49,38
02.05. 15:45;46,287
02.05. 16:00;42,217
02.05. 16:15;38,731
02.05. 16:30;35,361
02.05. 16:45;31,949
02.05. 17:00;26,291
02.05. 17:15;22,925
02.05. 17:30;19,671
02.05. 17:45;16,473
02.05. 18:00;10,029
02.05. 18:15;4,2127
02.05. 18:30;8,6925
02.05. 18:45;6,0663
02.05. 19:00;0
02.05. 19:15;0
02.05. 19:30;0
02.05. 19:45;0
02.05. 20:00;0
02.05. 20:15;0
02.05. 20:30;0
02.05. 20:45;0
02.05. 21:00;0
02.05. 21:15;0
02.05. 21:30;0
02.05. 21:45;0
02.05. 22:00;0
02.05. 22:15;0
02.05. 22:30;0
02.05. 22:45;0
02.05. 23:00;0
02.05. 23:15;0
02.05. 23:30;0
02.05. 23:45;0
03.05. 00:00;0
03.05. 00:15;0
03.05. 00:30;0
03.05. 00:45;0
03.05. 01:00;0
03.05. 01:15;0
03.05. 01:30;0
03.05. 01:45;0
03.05. 02:00;0
03.05. 02:15;0
03.05. 02:30;0
03.05. 02:45;0
03.05. 03:00;0
03.05. 03:15;0
03.05. 03:30;0
03.05. 03:45;0
03.05. 04:00;0
03.05. 04:15;0
03.05. 04:30;0
03.05. 04:45;0,74249
03.05. 05:00;2,6854
03.05. 05:15;2,3363
03.05. 05:30;4,8929
03.05. 05:45;6,08
03.05. 06:00;9,9503
03.05. 06:15;9,7745
03.05. 06:30;7,4196
03.05. 06:45;7,937
03.05. 07:00;16,952
03.05. 07:15;31,712
03.05. 07:30;18,629
03.05. 07:45;21,795
03.05. 08:00;21,645
03.05. 08:15;47,122
03.05. 08:30;44,076
03.05. 08:45;39,139
03.05. 09:00;43,841
03.05. 09:15;61,965
03.05. 09:30;51,053
03.05. 09:45;48,059
03.05. 10:00;59,246
03.05. 10:15;61,423
03.05. 10:30;76,297
03.05. 10:45;68,662
03.05. 11:00;47,392
03.05. 11:15;80,315
03.05. 11:30;73,253
03.05. 11:45;40,657
03.05. 12:00;41,287
03.05. 12:15;70,838
03.05. 12:30;64,56
03.05. 12:45;64,748
03.05. 13:00;65,495
03.05. 13:15;70,893
03.05. 13:30;31,14
03.05. 13:45;52,404
03.05. 14:00;65,731
03.05. 14:15;60,479
03.05. 14:30;26,366
03.05. 14:45;30,393
03.05. 15:00;27,238
03.05. 15:15;59,226
03.05. 15:30;47,998
03.05. 15:45;44,102
03.05. 16:00;32,831
03.05. 16:15;26,273
03.05. 16:30;36,222
03.05. 16:45;25,695
03.05. 17:00;15,686
03.05. 17:15;10,519
03.05. 17:30;11,174
03.05. 17:45;15,12
03.05. 18:00;5,7697
03.05. 18:15;3,786
03.05. 18:30;4,692
03.05. 18:45;3,5978
03.05. 19:00;0
03.05. 19:15;0
03.05. 19:30;0
03.05. 19:45;0
03.05. 20:00;0
03.05. 20:15;0
03.05. 20:30;0
03.05. 20:45;0
03.05. 21:00;0
03.05. 21:15;0
03.05. 21:30;0
03.05. 21:45;0
03.05. 22:00;0
03.05. 22:15;0
03.05. 22:30;0
03.05. 22:45;0
03.05. 23:00;0
03.05. 23:15;0
03.05. 23:30;0
03.05. 23:45;0
04.05. 00:00;0
04.05. 00:15;0
04.05. 00:30;0
04.05. 00:45;0
04.05. 01:00;0
04.05. 01:15;0
04.05. 01:30;0
04.05. 01:45;0
04.05. 02:00;0
04.05. 02:15;0
04.05. 02:30;0
04.05. 02:45;0
04.05. 03:00;0
04.05. 03:15;0
04.05. 03:30;0
04.05. 03:45;0
04.05. 04:00;0
04.05. 04:15;0
04.05. 04:30;0
04.05. 04:45;0
04.05. 05:00;1,1171
04.05. 05:15;1,195
04.05. 05:30;1,3945
04.05. 05:45;0,55801
04.05. 06:00;1,6965
04.05. 06:15;3,9533
04.05. 06:30;4,7529
04.05. 06:45;7,2579
04.05. 07:00;10,063
04.05. 07:15;11,636
04.05. 07:30;14,55
04.05. 07:45;15,397
04.05. 08:00;15,01
04.05. 08:15;20,024
04.05. 08:30;22,592
04.05. 08:45;19,988
04.05. 09:00;16,297
04.05. 09:15;17,124
04.05. 09:30;10,701
04.05. 09:45;4,4387
04.05. 10:00;13,213
04.05. 10:15;35,678
04.05. 10:30;44,347
04.05. 10:45;53,097
04.05. 11:00;54,062
04.05. 11:15;24,054
04.05. 11:30;22,377
04.05. 11:45;25,52
04.05. 12:00;36,728
04.05. 12:15;49,962
04.05. 12:30;59,33
04.05. 12:45;58,712
04.05. 13:00;34,627
04.05. 13:15;35,273
04.05. 13:30;42,19
04.05. 13:45;55,324
04.05. 14:00;36,683
04.05. 14:15;27,626
04.05. 14:30;30,497
04.05. 14:45;20,917
04.05. 15:00;14,756
04.05. 15:15;15,892
04.05. 15:30;32,626
04.05. 15:45;27,675
04.05. 16:00;20,032
04.05. 16:15;17,191
04.05. 16:30;13,251
04.05. 16:45;10,697
04.05. 17:00;11,618
04.05. 17:15;11,723
04.05. 17:30;15,802
04.05. 17:45;13,749
04.05. 18:00;5,4313
04.05. 18:15;4,2962
04.05. 18:30;2,5966
04.05. 18:45;1,8832
04.05. 19:00;0
04.05. 19:15;0
04.05. 19:30;0
04.05. 19:45;0
04.05. 20:00;0
04.05. 20:15;0
04.05. 20:30;0
04.05. 20:45;0
04.05. 21:00;0
04.05. 21:15;0
04.05. 21:30;0
04.05. 21:45;0
04.05. 22:00;0
04.05. 22:15;0
04.05. 22:30;0
04.05. 22:45;0
04.05. 23:00;0
04.05. 23:15;0
04.05. 23:30;0
04.05. 23:45;0
05.05. 00:00;0
05.05. 00:15;0
05.05. 00:30;0
05.05. 00:45;0
05.05. 01:00;0
05.05. 01:15;0
05.05. 01:30;0
05.05. 01:45;0
05.05. 02:00;0
05.05. 02:15;0
05.05. 02:30;0
05.05. 02:45;0
05.05. 03:00;0
05.05. 03:15;0
05.05. 03:30;0
05.05. 03:45;0
05.05. 04:00;0
05.05. 04:15;0
05.05. 04:30;0
05.05. 04:45;0
05.05. 05:00;1,328
05.05. 05:15;1,4015
05.05. 05:30;1,4696
05.05. 05:45;1,1205
05.05. 06:00;1,9981
05.05. 06:15;3,9094
05.05. 06:30;5,4167
05.05. 06:45;4,7621
05.05. 07:00;4,4386
05.05. 07:15;6,1397
05.05. 07:30;8,8919
05.05. 07:45;3,9556
05.05. 08:00;13,171
05.05. 08:15;19,601
05.05. 08:30;29,52
05.05. 08:45;28,162
05.05. 09:00;32,19
05.05. 09:15;28,294
05.05. 09:30;23,631
05.05. 09:45;22,357
05.05. 10:00;24,807
05.05. 10:15;22,464
05.05. 10:30;26,947
05.05. 10:45;31,686
05.05. 11:00;22,862
05.05. 11:15;17,514
05.05. 11:30;11,222
05.05. 11:45;6,3783
05.05. 12:00;8,4689
05.05. 12:15;9,6581
05.05. 12:30;14,597
05.05. 12:45;20,392
05.05. 13:00;20,37
05.05. 13:15;12,027
05.05. 13:30;4,9142
05.05. 13:45;6,933
05.05. 14:00;9,4364
05.05. 14:15;11,66
05.05. 14:30;12,917
05.05. 14:45;7,0378
05.05. 15:00;8,5155
05.05. 15:15;14,566
05.05. 15:30;17,442
05.05. 15:45;18,808
05.05. 16:00;17,068
05.05. 16:15;11,969
05.05. 16:30;7,2044
05.05. 16:45;4,5787
05.05. 17:00;4,6945
05.05. 17:15;6,1398
05.05. 17:30;7,7082
05.05. 17:45;7,1115
05.05. 18:00;5,2756
05.05. 18:15;5,3726
05.05. 18:30;5,2862
05.05. 18:45;2,8625
05.05. 19:00;0,57869
05.05. 19:15;0,02401
05.05. 19:30;0
05.05. 19:45;0
05.05. 20:00;0
05.05. 20:15;0
05.05. 20:30;0
05.05. 20:45;0
05.05. 21:00;0
05.05. 21:15;0
05.05. 21:30;0
05.05. 21:45;0
05.05. 22:00;0
05.05. 22:15;0
05.05. 22:30;0
05.05. 22:45;0
05.05. 23:00;0
05.05. 23:15;0
05.05. 23:30;0
05.05. 23:45;0
06.05. 00:00;0
06.05. 00:15;0
06.05. 00:30;0
06.05. 00:45;0
06.05. 01:00;0
06.05. 01:15;0
06.05. 01:30;0
06.05. 01:45;0
06.05. 02:00;0
06.05. 02:15;0
06.05. 02:30;0
06.05. 02:45;0
06.05. 03:00;0
06.05. 03:15;0
06.05. 03:30;0
06.05. 03:45;0
06.05. 04:00;0
06.05. 04:15;0
06.05. 04:30;0
06.05. 04:45;0
06.05. 05:00;0,96723
06.05. 05:15;0,45195
06.05. 05:30;0,73192
06.05. 05:45;1,8867
06.05. 06:00;4,4544
06.05. 06:15;2,1062
06.05. 06:30;2,0526
06.05. 06:45;1,8991
06.05. 07:00;2,4357
06.05. 07:15;4,0425
06.05. 07:30;5,523
06.05. 07:45;10,361
06.05. 08:00;9,9953
06.05. 08:15;9,4449
06.05. 08:30;10,447
06.05. 08:45;8,5273
06.05. 09:00;11,865
06.05. 09:15;15,339
06.05. 09:30;13,254
06.05. 09:45;18,055
06.05. 10:00;23,018
06.05. 10:15;11,642
06.05. 10:30;13,85
06.05. 10:45;15,865
06.05. 11:00;23,353
06.05. 11:15;23,941
06.05. 11:30;17,575
06.05. 11:45;19,758
06.05. 12:00;20,101
06.05. 12:15;15,698
06.05. 12:30;14,144
06.05. 12:45;11,548
06.05. 13:00;13,24
06.05. 13:15;9,9442
06.05. 13:30;18,24
06.05. 13:45;56,171
06.05. 14:00;41,068
06.05. 14:15;30,832
06.05. 14:30;30,977
06.05. 14:45;60,517
06.05. 15:00;57,837
06.05. 15:15;50,896
06.05. 15:30;42,392
06.05. 15:45;46,577
06.05. 16:00;50,392
06.05. 16:15;31,707
06.05. 16:30;17,622
06.05. 16:45;29,53
06.05. 17:00;25,487
06.05. 17:15;26,708
06.05. 17:30;22,935
06.05. 17:45;11,086
06.05. 18:00;14,381
06.05. 18:15;13,327
06.05. 18:30;9,4432
06.05. 18:45;7,1354
06.05. 19:00;0,9977
06.05. 19:15;0,13499
06.05. 19:30;0
06.05. 19:45;0
06.05. 20:00;0
06.05. 20:15;0
06.05. 20:30;0
06.05. 20:45;0
06.05. 21:00;0
06.05. 21:15;0
06.05. 21:30;0
06.05. 21:45;0
06.05. 22:00;0
06.05. 22:15;0
06.05. 22:30;0
06.05. 22:45;0
06.05. 23:00;0
06.05. 23:15;0
06.05. 23:30;0
06.05. 23:45;0
07.05. 00:00;0
07.05. 00:15;0
07.05. 00:30;0
07.05. 00:45;0
07.05. 01:00;0
07.05. 01:15;0
07.05. 01:30;0
07.05. 01:45;0
07.05. 02:00;0
07.05. 02:15;0
07.05. 02:30;0
07.05. 02:45;0
07.05. 03:00;0
07.05. 03:15;0
07.05. 03:30;0
07.05. 03:45;0
07.05. 04:00;0
07.05. 04:15;0
07.05. 04:30;0
07.05. 04:45;0
07.05. 05:00;0,34025
07.05. 05:15;0,3058
07.05. 05:30;0,33009
07.05. 05:45;0,47171
07.05. 06:00;1,1509
07.05. 06:15;3,1566
07.05. 06:30;5,0834
07.05. 06:45;8,2523
07.05. 07:00;10,093
07.05. 07:15;11,663
07.05. 07:30;18,054
07.05. 07:45;22,884
07.05. 08:00;27,103
07.05. 08:15;45,258
07.05. 08:30;23,265
07.05. 08:45;41,894
07.05. 09:00;59,79
07.05. 09:15;52,692
07.05. 09:30;51,371
07.05. 09:45;53,303
07.05. 10:00;57,79
07.05. 10:15;64,751
07.05. 10:30;60,646
07.05. 10:45;49,275
07.05. 11:00;39,439
07.05. 11:15;70,743
07.05. 11:30;41,45
07.05. 11:45;41,947
07.05. 12:00;32,787
07.05. 12:15;34,063
07.05. 12:30;57,435
07.05. 12:45;80,441
07.05. 13:00;55,795
07.05. 13:15;40,758
07.05. 13:30;36,556
07.05. 13:45;33,182
07.05. 14:00;28,013
07.05. 14:15;40,336
07.05. 14:30;32,985
07.05. 14:45;51,192
07.05. 15:00;36,47
07.05. 15:15;23,835
07.05. 15:30;41,097
07.05. 15:45;35,312
07.05. 16:00;42,432
07.05. 16:15;41,148
07.05. 16:30;28,086
07.05. 16:45;34,142
07.05. 17:00;26,071
07.05. 17:15;11,491
07.05. 17:30;15,71
07.05. 17:45;13,868
07.05. 18:00;10,526
07.05. 18:15;14,2
07.05. 18:30;10,547
07.05. 18:45;1,9979
07.05. 19:00;0,94538
07.05. 19:15;0,11381
07.05. 19:30;0
07.05. 19:45;0
07.05. 20:00;0
07.05. 20:15;0
07.05. 20:30;0
07.05. 20:45;0
07.05. 21:00;0
07.05. 21:15;0
07.05. 21:30;0
07.05. 21:45;0
07.05. 22:00;0
07.05. 22:15;0
07.05. 22:30;0
07.05. 22:45;0
07.05. 23:00;0
07.05. 23:15;0
07.05. 23:30;0
07.05. 23:45;0
08.05. 00:00;0
08.05. 00:15;0
08.05. 00:30;0
08.05. 00:45;0
08.05. 01:00;0
08.05. 01:15;0
08.05. 01:30;0
08.05. 01:45;0
08.05. 02:00;0
08.05. 02:15;0
08.05. 02:30;0
08.05. 02:45;0
08.05. 03:00;0
08.05. 03:15;0
08.05. 03:30;0
08.05. 03:45;0
08.05. 04:00;0
08.05. 04:15;0
08.05. 04:30;0,23655
08.05. 04:45;2,2667
08.05. 05:00;6,3267
08.05. 05:15;5,5081
08.05. 05:30;8,4639
08.05. 05:45;16,95
08.05. 06:00;23,51
08.05. 06:15;23,606
08.05. 06:30;18,884
08.05. 06:45;27,747
08.05. 07:00;37,152
08.05. 07:15;17,685
08.05. 07:30;33,953
08.05. 07:45;45,689
08.05. 08:00;39,262
08.05. 08:15;39,474
08.05. 08:30;51,944
08.05. 08:45;45,653
08.05. 09:00;40,79
08.05. 09:15;45,04
08.05. 09:30;55,384
08.05. 09:45;29,399
08.05. 10:00;28,118
08.05. 10:15;22,06
08.05. 10:30;28,091
08.05. 10:45;28,123
08.05. 11:00;20,793
08.05. 11:15;12,689
08.05. 11:30;19,332
08.05. 11:45;26,195
08.05. 12:00;26,241
08.05. 12:15;17,346
08.05. 12:30;16,805
08.05. 12:45;25,334
08.05. 13:00;24,599
08.05. 13:15;15,358
08.05. 13:30;19,565
08.05. 13:45;24,625
08.05. 14:00;37,798
08.05. 14:15;52,697
08.05. 14:30;42,368
08.05. 14:45;55,006
08.05. 15:00;52,188
08.05. 15:15;56,531
08.05. 15:30;54,226
08.05. 15:45;46,132
08.05. 16:00;42,907
08.05. 16:15;39,704
08.05. 16:30;32,546
08.05. 16:45;12,357
08.05. 17:00;20,075
08.05. 17:15;28,54
08.05. 17:30;20,372
08.05. 17:45;16,921
08.05. 18:00;17,847
08.05. 18:15;7,549
08.05. 18:30;6,9951
08.05. 18:45;7,6801
08.05. 19:00;1,9998
08.05. 19:15;0,13227
08.05. 19:30;0
08.05. 19:45;0
08.05. 20:00;0
08.05. 20:15;0
08.05. 20:30;0
08.05. 20:45;0
08.05. 21:00;0
08.05. 21:15;0
08.05. 21:30;0
08.05. 21:45;0
08.05. 22:00;0
08.05. 22:15;0
08.05. 22:30;0
08.05. 22:45;0
08.05. 23:00;0
08.05. 23:15;0
08.05. 23:30;0
08.05. 23:45;0
09.05. 00:00;0
09.05. 00:15;0
09.05. 00:30;0
09.05. 00:45;0
09.05. 01:00;0
09.05. 01:15;0
09.05. 01:30;0
09.05. 01:45;0
09.05. 02:00;0
09.05. 02:15;0
09.05. 02:30;0
09.05. 02:45;0
09.05. 03:00;0
09.05. 03:15;0
09.05. 03:30;0
09.05. 03:45;0
09.05. 04:00;0
09.05. 04:15;0
09.05. 04:30;0,66912
09.05. 04:45;3,2295
09.05. 05:00;2,8486
09.05. 05:15;7,8109
09.05. 05:30;13,088
09.05. 05:45;16,455
09.05. 06:00;19,291
09.05. 06:15;22,769
09.05. 06:30;26,343
09.05. 06:45;29,923
09.05. 07:00;33,414
09.05. 07:15;36,818
09.05. 07:30;40,247
09.05. 07:45;43,589
09.05. 08:00;45,93
09.05. 08:15;48,616
09.05. 08:30;51,514
09.05. 08:45;54,257
09.05. 09:00;56,688
09.05. 09:15;64,328
09.05. 09:30;54,362
09.05. 09:45;29,361
09.05. 10:00;55,592
09.05. 10:15;58,455
09.05. 10:30;60,849
09.05. 10:45;61,642
09.05. 11:00;64,408
09.05. 11:15;65,4
09.05. 11:30;64,998
09.05. 11:45;66,054
09.05. 12:00;66,849
09.05. 12:15;67,151
09.05. 12:30;66,591
09.05. 12:45;66,036
09.05. 13:00;69,676
09.05. 13:15;68,814
09.05. 13:30;67,462
09.05. 13:45;65,96
09.05. 14:00;62,373
09.05. 14:15;59,945
09.05. 14:30;57,887
09.05. 14:45;55,62
09.05. 15:00;40,433
09.05. 15:15;36,077
09.05. 15:30;45,217
09.05. 15:45;51,297
09.05. 16:00;48,294
09.05. 16:15;39,932
09.05. 16:30;36,494
09.05. 16:45;22,394
09.05. 17:00;16,792
09.05. 17:15;17,368
09.05. 17:30;21,954
09.05. 17:45;19,711
09.05. 18:00;9,5042
09.05. 18:15;4,6224
09.05. 18:30;2,4839
09.05. 18:45;1,4722
09.05. 19:00;0,26205
09.05. 19:15;0,0229
09.05. 19:30;0
09.05. 19:45;0
09.05. 20:00;0
09.05. 20:15;0
09.05. 20:30;0
09.05. 20:45;0
09.05. 21:00;0
09.05. 21:15;0
09.05. 21:30;0
09.05. 21:45;0
09.05. 22:00;0
09.05. 22:15;0
09.05. 22:30;0
09.05. 22:45;0
09.05. 23:00;0
09.05. 23:15;0
09.05. 23:30;0
09.05. 23:45;0
10.05. 00:00;0
10.05. 00:15;0
10.05. 00:30;0
10.05. 00:45;0
10.05. 01:00;0
10.05. 01:15;0
10.05. 01:30;0
10.05. 01:45;0
10.05. 02:00;0
10.05. 02:15;0
10.05. 02:30;0
10.05. 02:45;0
10.05. 03:00;0
10.05. 03:15;0
10.05. 03:30;0
10.05. 03:45;0
10.05. 04:00;0
10.05. 04:15;0
10.05. 04:30;0
10.05. 04:45;0
10.05. 05:00;1,444
10.05. 05:15;0,6137
10.05. 05:30;0,95215
10.05. 05:45;1,6014
10.05. 06:00;3,4403
10.05. 06:15;8,5313
10.05. 06:30;11,416
10.05. 06:45;11,391
10.05. 07:00;12,922
10.05. 07:15;11,486
10.05. 07:30;10,791
10.05. 07:45;11,171
10.05. 08:00;14,683
10.05. 08:15;19,652
10.05. 08:30;24,539
10.05. 08:45;56,329
10.05. 09:00;49,477
10.05. 09:15;51,119
10.05. 09:30;61,398
10.05. 09:45;48,268
10.05. 10:00;79,229
10.05. 10:15;59,778
10.05. 10:30;55,304
10.05. 10:45;73,248
10.05. 11:00;71,936
10.05. 11:15;77,5
10.05. 11:30;81,896
10.05. 11:45;66,716
10.05. 12:00;73,01
10.05. 12:15;60,734
10.05. 12:30;70,384
10.05. 12:45;81,938
10.05. 13:00;72,08
10.05. 13:15;75,652
10.05. 13:30;80,04
10.05. 13:45;57,513
10.05. 14:00;58,438
10.05. 14:15;69,468
10.05. 14:30;60,69
10.05. 14:45;51,28
10.05. 15:00;52,602
10.05. 15:15;50,58
10.05. 15:30;38,997
10.05. 15:45;42,717
10.05. 16:00;33,752
10.05. 16:15;41,665
10.05. 16:30;34,276
10.05. 16:45;28,902
10.05. 17:00;24,456
10.05. 17:15;28,558
10.05. 17:30;20,124
10.05. 17:45;14,2
10.05. 18:00;15,824
10.05. 18:15;7,559
10.05. 18:30;4,6163
10.05. 18:45;3,7349
10.05. 19:00;2,0113
10.05. 19:15;0,25535
10.05. 19:30;0
10.05. 19:45;0
10.05. 20:00;0
10.05. 20:15;0
10.05. 20:30;0
10.05. 20:45;0
10.05. 21:00;0
10.05. 21:15;0
10.05. 21:30;0
10.05. 21:45;0
10.05. 22:00;0
10.05. 22:15;0
10.05. 22:30;0
10.05. 22:45;0
10.05. 23:00;0
10.05. 23:15;0
10.05. 23:30;0
10.05. 23:45;0
11.05. 00:00;0
11.05. 00:15;0
11.05. 00:30;0
11.05. 00:45;0
11.05. 01:00;0
11.05. 01:15;0
11.05. 01:30;0
11.05. 01:45;0
11.05. 02:00;0
11.05. 02:15;0
11.05. 02:30;0
11.05. 02:45;0
11.05. 03:00;0
11.05. 03:15;0
11.05. 03:30;0
11.05. 03:45;0
11.05. 04:00;0
11.05. 04:15;0
11.05. 04:30;0
11.05. 04:45;0
11.05. 05:00;0,78956
11.05. 05:15;0,57304
11.05. 05:30;0,61896
11.05. 05:45;0,91739
11.05. 06:00;1,1484
11.05. 06:15;2,0728
11.05. 06:30;2,5733
11.05. 06:45;2,9738
11.05. 07:00;3,5803
11.05. 07:15;4,1329
11.05. 07:30;6,2492
11.05. 07:45;6,7422
11.05. 08:00;5,76
11.05. 08:15;8,9422
11.05. 08:30;12,473
11.05. 08:45;11,435
11.05. 09:00;14,132
11.05. 09:15;12,254
11.05. 09:30;7,9562
11.05. 09:45;8,2091
11.05. 10:00;9,8712
11.05. 10:15;9,819
11.05. 10:30;8,8785
11.05. 10:45;16,055
11.05. 11:00;14,06
11.05. 11:15;11,492
11.05. 11:30;9,1864
11.05. 11:45;9,8301
11.05. 12:00;12,662
11.05. 12:15;12,947
11.05. 12:30;14,995
11.05. 12:45;10,738
11.05. 13:00;12,326
11.05. 13:15;10,636
11.05. 13:30;11,962
11.05. 13:45;14,407
11.05. 14:00;15,507
11.05. 14:15;17,138
11.05. 14:30;14,239
11.05. 14:45;14,727
11.05. 15:00;16,314
11.05. 15:15;30,599
11.05. 15:30;31,188
11.05. 15:45;17,047
11.05. 16:00;13,113
11.05. 16:15;9,0423
11.05. 16:30;7,9476
11.05. 16:45;5,2889
11.05. 17:00;6,1744
11.05. 17:15;8,1409
11.05. 17:30;8,1216
11.05. 17:45;7,8433
11.05. 18:00;4,1348
11.05. 18:15;1,8613
11.05. 18:30;1,1101
11.05. 18:45;0,36637
11.05. 19:00;0,09789
11.05. 19:15;0
11.05. 19:30;0
11.05. 19:45;0
11.05. 20:00;0
11.05. 20:15;0
11.05. 20:30;0
11.05. 20:45;0
11.05. 21:00;0
11.05. 21:15;0
11.05. 21:30;0
11.05. 21:45;0
11.05. 22:00;0
11.05. 22:15;0
11.05. 22:30;0
11.05. 22:45;0
11.05. 23:00;0
11.05. 23:15;0
11.05. 23:30;0
11.05. 23:45;0
12.05. 00:00;0
12.05. 00:15;0
12.05. 00:30;0
12.05. 00:45;0
12.05. 01:00;0
12.05. 01:15;0
12.05. 01:30;0
12.05. 01:45;0
12.05. 02:00;0
12.05. 02:15;0
12.05. 02:30;0
12.05. 02:45;0
12.05. 03:00;0
12.05. 03:15;0
12.05. 03:30;0
12.05. 03:45;0
12.05. 04:00;0
12.05. 04:15;0,02528
12.05. 04:30;1,2284
12.05. 04:45;5,6113
12.05. 05:00;8,7738
12.05. 05:15;11,024
12.05. 05:30;14,59
12.05. 05:45;17,133
12.05. 06:00;21,978
12.05. 06:15;26,015
12.05. 06:30;29,933
12.05. 06:45;33,862
12.05. 07:00;38,135
12.05. 07:15;42,054
12.05. 07:30;45,808
12.05. 07:45;49,473
12.05. 08:00;52,891
12.05. 08:15;55,804
12.05. 08:30;58,681
12.05. 08:45;61,405
12.05. 09:00;34,589
12.05. 09:15;59,22
12.05. 09:30;66,958
12.05. 09:45;67,541
12.05. 10:00;57,058
12.05. 10:15;58,056
12.05. 10:30;59,625
12.05. 10:45;59,579
12.05. 11:00;60,174
12.05. 11:15;56,243
12.05. 11:30;62,382
12.05. 11:45;46,538
12.05. 12:00;61,41
12.05. 12:15;64,258
12.05. 12:30;63,312
12.05. 12:45;62,46
12.05. 13:00;62,976
12.05. 13:15;66,005
12.05. 13:30;73,962
12.05. 13:45;60,341
12.05. 14:00;62,499
12.05. 14:15;60,177
12.05. 14:30;58,064
12.05. 14:45;55,848
12.05. 15:00;44,255
12.05. 15:15;44,378
12.05. 15:30;39,381
12.05. 15:45;50,745
12.05. 16:00;41,794
12.05. 16:15;23,589
12.05. 16:30;22,471
12.05. 16:45;28,877
12.05. 17:00;19,469
12.05. 17:15;17,874
12.05. 17:30;26,611
12.05. 17:45;21,38
12.05. 18:00;13,306
12.05. 18:15;14,609
12.05. 18:30;12,46
12.05. 18:45;6,8123
12.05. 19:00;2,3265
12.05. 19:15;0,86118
12.05. 19:30;0,05222
12.05. 19:45;0
12.05. 20:00;0
12.05. 20:15;0
12.05. 20:30;0
12.05. 20:45;0
12.05. 21:00;0
12.05. 21:15;0
12.05. 21:30;0
12.05. 21:45;0
12.05. 22:00;0
12.05. 22:15;0
12.05. 22:30;0
12.05. 22:45;0
12.05. 23:00;0
12.05. 23:15;0
12.05. 23:30;0
12.05. 23:45;0
13.05. 00:00;0
13.05. 00:15;0
13.05. 00:30;0
13.05. 00:45;0
13.05. 01:00;0
13.05. 01:15;0
13.05. 01:30;0
13.05. 01:45;0
13.05. 02:00;0
13.05. 02:15;0
13.05. 02:30;0
13.05. 02:45;0
13.05. 03:00;0
13.05. 03:15;0
13.05. 03:30;0
13.05. 03:45;0
13.05. 04:00;0
13.05. 04:15;0,08156
13.05. 04:30;1,5301
13.05. 04:45;5,8169
13.05. 05:00;9,8575
13.05. 05:15;8,5698
13.05. 05:30;13,866
13.05. 05:45;17,796
13.05. 06:00;21,703
13.05. 06:15;25,234
13.05. 06:30;29,022
13.05. 06:45;32,75
13.05. 07:00;36,823
13.05. 07:15;40,533
13.05. 07:30;44,119
13.05. 07:45;47,619
13.05. 08:00;51,089
13.05. 08:15;54,262
13.05. 08:30;57,337
13.05. 08:45;60,287
13.05. 09:00;63,106
13.05. 09:15;65,599
13.05. 09:30;67,966
13.05. 09:45;70,116
13.05. 10:00;71,918
13.05. 10:15;73,15
13.05. 10:30;74,282
13.05. 10:45;75,525
13.05. 11:00;76,291
13.05. 11:15;76,935
13.05. 11:30;77,442
13.05. 11:45;77,737
13.05. 12:00;77,86
13.05. 12:15;77,323
13.05. 12:30;76,541
13.05. 12:45;76,046
13.05. 13:00;73,315
13.05. 13:15;71,414
13.05. 13:30;70,102
13.05. 13:45;68,559
13.05. 14:00;65,545
13.05. 14:15;63,204
13.05. 14:30;61,067
13.05. 14:45;58,729
13.05. 15:00;56,85
13.05. 15:15;54,385
13.05. 15:30;51,546
13.05. 15:45;48,555
13.05. 16:00;44,596
13.05. 16:15;40,934
13.05. 16:30;36,387
13.05. 16:45;32,028
13.05. 17:00;29,416
13.05. 17:15;26,17
13.05. 17:30;22,878
13.05. 17:45;19,788
13.05. 18:00;15,476
13.05. 18:15;12,452
13.05. 18:30;9,7927
13.05. 18:45;7,8761
13.05. 19:00;3,969
13.05. 19:15;0,27926
13.05. 19:30;0,00484
13.05. 19:45;0
13.05. 20:00;0
13.05. 20:15;0
13.05. 20:30;0
13.05. 20:45;0
13.05. 21:00;0
13.05. 21:15;0
13.05. 21:30;0
13.05. 21:45;0
13.05. 22:00;0
13.05. 22:15;0
13.05. 22:30;0
13.05. 22:45;0
13.05. 23:00;0
13.05. 23:15;0
13.05. 23:30;0
13.05. 23:45;0
14.05. 00:00;0
14.05. 00:15;0
14.05. 00:30;0
14.05. 00:45;0
14.05. 01:00;0
14.05. 01:15;0
14.05. 01:30;0
14.05. 01:45;0
14.05. 02:00;0
14.05. 02:15;0
14.05. 02:30;0
14.05. 02:45;0
14.05. 03:00;0
14.05. 03:15;0
14.05. 03:30;0
14.05. 03:45;0
14.05. 04:00;0
14.05. 04:15;0
14.05. 04:30;0,02193
14.05. 04:45;0,23257
14.05. 05:00;0,74524
14.05. 05:15;1,977
14.05. 05:30;8,7525
14.05. 05:45;9,8491
14.05. 06:00;10,851
14.05. 06:15;13,009
14.05. 06:30;15,372
14.05. 06:45;18,767
14.05. 07:00;26,594
14.05. 07:15;21,945
14.05. 07:30;20,424
14.05. 07:45;44,457
14.05. 08:00;49,183
14.05. 08:15;40,364
14.05. 08:30;32,829
14.05. 08:45;22,458
14.05. 09:00;24,76
14.05. 09:15;19,585
14.05. 09:30;62,413
14.05. 09:45;64,372
14.05. 10:00;67,519
14.05. 10:15;66,089
14.05. 10:30;59,625
14.05. 10:45;70,471
14.05. 11:00;82,374
14.05. 11:15;81,474
14.05. 11:30;65,822
14.05. 11:45;52,937
14.05. 12:00;48,516
14.05. 12:15;82,304
14.05. 12:30;77,097
14.05. 12:45;81,659
14.05. 13:00;60,743
14.05. 13:15;78,752
14.05. 13:30;69,643
14.05. 13:45;53,549
14.05. 14:00;55,255
14.05. 14:15;65,928
14.05. 14:30;56,124
14.05. 14:45;55,887
14.05. 15:00;48,565
14.05. 15:15;56,109
14.05. 15:30;52,354
14.05. 15:45;38,591
14.05. 16:00;40,917
14.05. 16:15;45,448
14.05. 16:30;39,611
14.05. 16:45;39,631
14.05. 17:00;34,122
14.05. 17:15;29,618
14.05. 17:30;21,478
14.05. 17:45;19,122
14.05. 18:00;12,131
14.05. 18:15;14,904
14.05. 18:30;10,067
14.05. 18:45;7,0063
14.05. 19:00;2,1466
14.05. 19:15;0,86823
14.05. 19:30;0,26285
14.05. 19:45;0
14.05. 20:00;0
14.05. 20:15;0
14.05. 20:30;0
14.05. 20:45;0
14.05. 21:00;0
14.05. 21:15;0
14.05. 21:30;0
14.05. 21:45;0
14.05. 22:00;0
14.05. 22:15;0
14.05. 22:30;0
14.05. 22:45;0
14.05. 23:00;0
14.05. 23:15;0
14.05. 23:30;0
14.05. 23:45;0
15.05. 00:00;0
15.05. 00:15;0
15.05. 00:30;0
15.05. 00:45;0
15.05. 01:00;0
15.05. 01:15;0
15.05. 01:30;0
15.05. 01:45;0
15.05. 02:00;0
15.05. 02:15;0
15.05. 02:30;0
15.05. 02:45;0
15.05. 03:00;0
15.05. 03:15;0
15.05. 03:30;0
15.05. 03:45;0
15.05. 04:00;0
15.05. 04:15;0,00472
15.05. 04:30;0,30784
15.05. 04:45;2,0793
15.05. 05:00;3,8564
15.05. 05:15;5,0284
15.05. 05:30;12,328
15.05. 05:45;14,983
15.05. 06:00;14,887
15.05. 06:15;8,5632
15.05. 06:30;14,105
15.05. 06:45;33,455
15.05. 07:00;37,047
15.05. 07:15;39,884
15.05. 07:30;21,364
15.05. 07:45;25,345
15.05. 08:00;18,161
15.05. 08:15;18,977
15.05. 08:30;36,101
15.05. 08:45;47,018
15.05. 09:00;20,905
15.05. 09:15;35,669
15.05. 09:30;61,355
15.05. 09:45;61,538
15.05. 10:00;66,018
15.05. 10:15;55,905
15.05. 10:30;61,427
15.05. 10:45;58,967
15.05. 11:00;42,908
15.05. 11:15;49,975
15.05. 11:30;69,043
15.05. 11:45;64,534
15.05. 12:00;74,239
15.05. 12:15;76,089
15.05. 12:30;35,785
15.05. 12:45;21,844
15.05. 13:00;26,814
15.05. 13:15;67,268
15.05. 13:30;64,711
15.05. 13:45;21,244
15.05. 14:00;35,71
15.05. 14:15;46,539
15.05. 14:30;50,92
15.05. 14:45;30,863
15.05. 15:00;54,677
15.05. 15:15;40,367
15.05. 15:30;39,218
15.05. 15:45;31,578
15.05. 16:00;46,224
15.05. 16:15;28,63
15.05. 16:30;33,036
15.05. 16:45;15,372
15.05. 17:00;19,302
15.05. 17:15;13,611
15.05. 17:30;17,036
15.05. 17:45;16,876
15.05. 18:00;7,5471
15.05. 18:15;7,6589
15.05. 18:30;5,3222
15.05. 18:45;2,9145
15.05. 19:00;0,89171
15.05. 19:15;0,21038
15.05. 19:30;0,00752
15.05. 19:45;0
15.05. 20:00;0
15.05. 20:15;0
15.05. 20:30;0
15.05. 20:45;0
15.05. 21:00;0
15.05. 21:15;0
15.05. 21:30;0
15.05. 21:45;0
15.05. 22:00;0
15.05. 22:15;0
15.05. 22:30;0
15.05. 22:45;0
15.05. 23:00;0
15.05. 23:15;0
15.05. 23:30;0
15.05. 23:45;0
16.05. 00:00;0
16.05. 00:15;0
16.05. 00:30;0
16.05. 00:45;0
16.05. 01:00;0
16.05. 01:15;0
16.05. 01:30;0
16.05. 01:45;0
16.05. 02:00;0
16.05. 02:15;0
16.05. 02:30;0
16.05. 02:45;0
16.05. 03:00;0
16.05. 03:15;0
16.05. 03:30;0
16.05. 03:45;0
16.05. 04:00;0
16.05. 04:15;0
16.05. 04:30;0
16.05. 04:45;0
16.05. 05:00;0,0832
16.05. 05:15;0,06701
16.05. 05:30;0,51481
16.05. 05:45;1,7181
16.05. 06:00;2,8123
16.05. 06:15;2,8215
16.05. 06:30;1,9458
16.05. 06:45;3,4386
16.05. 07:00;5,6116
16.05. 07:15;6,4614
16.05. 07:30;6,6605
16.05. 07:45;6,9802
16.05. 08:00;5,5859
16.05. 08:15;7,4244
16.05. 08:30;9,9389
16.05. 08:45;9,5788
16.05. 09:00;12,381
16.05. 09:15;15,543
16.05. 09:30;18,115
16.05. 09:45;23,282
16.05. 10:00;25,7
16.05. 10:15;32,389
16.05. 10:30;32,028
16.05. 10:45;54,02
16.05. 11:00;50,039
16.05. 11:15;49,623
16.05. 11:30;70,334
16.05. 11:45;61,378
16.05. 12:00;55,606
16.05. 12:15;51,174
16.05. 12:30;64,883
16.05. 12:45;65,564
16.05. 13:00;56,999
16.05. 13:15;52,325
16.05. 13:30;36,39
16.05. 13:45;40,935
16.05. 14:00;28,213
16.05. 14:15;33,913
16.05. 14:30;69,577
16.05. 14:45;48,423
16.05. 15:00;30,085
16.05. 15:15;29,258
16.05. 15:30;24,055
16.05. 15:45;24,213
16.05. 16:00;26,992
16.05. 16:15;37,359
16.05. 16:30;23,766
16.05. 16:45;18,938
16.05. 17:00;15,317
16.05. 17:15;17,368
16.05. 17:30;23,051
16.05. 17:45;21,972
16.05. 18:00;10,421
16.05. 18:15;5,9636
16.05. 18:30;3,2167
16.05. 18:45;1,0262
16.05. 19:00;0,26671
16.05. 19:15;0,07383
16.05. 19:30;0,00777
16.05. 19:45;0
16.05. 20:00;0
16.05. 20:15;0
16.05. 20:30;0
16.05. 20:45;0
16.05. 21:00;0
16.05. 21:15;0
16.05. 21:30;0
16.05. 21:45;0
16.05. 22:00;0
16.05. 22:15;0
16.05. 22:30;0
16.05. 22:45;0
16.05. 23:00;0
16.05. 23:15;0
16.05. 23:30;0
16.05. 23:45;0
17.05. 00:00;0
17.05. 00:15;0
17.05. 00:30;0
17.05. 00:45;0
17.05. 01:00;0
17.05. 01:15;0
17.05. 01:30;0
17.05. 01:45;0
17.05. 02:00;0
17.05. 02:15;0
17.05. 02:30;0
17.05. 02:45;0
17.05. 03:00;0
17.05. 03:15;0
17.05. 03:30;0
17.05. 03:45;0
17.05. 04:00;0
17.05. 04:15;0,31969
17.05. 04:30;1,7235
17.05. 04:45;1,5988
17.05. 05:00;1,5871
17.05. 05:15;8,7846
17.05. 05:30;11,944
17.05. 05:45;9,594
17.05. 06:00;20,127
17.05. 06:15;24,269
17.05. 06:30;25,202
17.05. 06:45;33,218
17.05. 07:00;30,694
17.05. 07:15;36,433
17.05. 07:30;41,368
17.05. 07:45;46,235
17.05. 08:00;48,01
17.05. 08:15;50,408
17.05. 08:30;53,243
17.05. 08:45;55,959
17.05. 09:00;60,587
17.05. 09:15;63,475
17.05. 09:30;65,696
17.05. 09:45;67,736
17.05. 10:00;67,622
17.05. 10:15;68,567
17.05. 10:30;69,95
17.05. 10:45;71,106
17.05. 11:00;71,397
17.05. 11:15;71,848
17.05. 11:30;72,31
17.05. 11:45;72,591
17.05. 12:00;71,847
17.05. 12:15;71,29
17.05. 12:30;70,888
17.05. 12:45;70,273
17.05. 13:00;68,315
17.05. 13:15;67,279
17.05. 13:30;65,989
17.05. 13:45;64,45
17.05. 14:00;66,502
17.05. 14:15;65,561
17.05. 14:30;63,393
17.05. 14:45;61,058
17.05. 15:00;56,269
17.05. 15:15;53,025
17.05. 15:30;50,32
17.05. 15:45;47,471
17.05. 16:00;45,515
17.05. 16:15;42,687
17.05. 16:30;39,407
17.05. 16:45;36,07
17.05. 17:00;31,847
17.05. 17:15;28,315
17.05. 17:30;24,993
17.05. 17:45;21,662
17.05. 18:00;17,105
17.05. 18:15;13,92
17.05. 18:30;11,079
17.05. 18:45;8,9935
17.05. 19:00;4,1608
17.05. 19:15;1,1634
17.05. 19:30;1,0461
17.05. 19:45;0,02039
17.05. 20:00;0
17.05. 20:15;0
17.05. 20:30;0
17.05. 20:45;0
17.05. 21:00;0
17.05. 21:15;0
17.05. 21:30;0
17.05. 21:45;0
17.05. 22:00;0
17.05. 22:15;0
17.05. 22:30;0
17.05. 22:45;0
17.05. 23:00;0
17.05. 23:15;0
17.05. 23:30;0
17.05. 23:45;0
18.05. 00:00;0
18.05. 00:15;0
18.05. 00:30;0
18.05. 00:45;0
18.05. 01:00;0
18.05. 01:15;0
18.05. 01:30;0
18.05. 01:45;0
18.05. 02:00;0
18.05. 02:15;0
18.05. 02:30;0
18.05. 02:45;0
18.05. 03:00;0
18.05. 03:15;0
18.05. 03:30;0
18.05. 03:45;0
18.05. 04:00;0
18.05. 04:15;0
18.05. 04:30;0
18.05. 04:45;0,23579
18.05. 05:00;0,40275
18.05. 05:15;0,56071
18.05. 05:30;0,26455
18.05. 05:45;0,81355
18.05. 06:00;0,73065
18.05. 06:15;1,1476
18.05. 06:30;3,4442
18.05. 06:45;5,6256
18.05. 07:00;14,316
18.05. 07:15;14,302
18.05. 07:30;13,271
18.05. 07:45;24,504
18.05. 08:00;26,98
18.05. 08:15;18,38
18.05. 08:30;16,464
18.05. 08:45;23,709
18.05. 09:00;36,222
18.05. 09:15;42,314
18.05. 09:30;38,13
18.05. 09:45;63,939
18.05. 10:00;49,508
18.05. 10:15;44,752
18.05. 10:30;41,501
18.05. 10:45;33,468
18.05. 11:00;44,143
18.05. 11:15;31,717
18.05. 11:30;18,815
18.05. 11:45;31,882
18.05. 12:00;35,582
18.05. 12:15;30,497
18.05. 12:30;33,703
18.05. 12:45;65,389
18.05. 13:00;56,061
18.05. 13:15;73,196
18.05. 13:30;55,593
18.05. 13:45;69,861
18.05. 14:00;52,719
18.05. 14:15;64,254
18.05. 14:30;56,945
18.05. 14:45;29,614
18.05. 15:00;46,28
18.05. 15:15;56,457
18.05. 15:30;26,352
18.05. 15:45;26,099
18.05. 16:00;32,995
18.05. 16:15;45,605
18.05. 16:30;36,377
18.05. 16:45;28,645
18.05. 17:00;27,094
18.05. 17:15;14,443
18.05. 17:30;17,11
18.05. 17:45;19,568
18.05. 18:00;12,571
18.05. 18:15;3,816
18.05. 18:30;4,4178
18.05. 18:45;2,2115
18.05. 19:00;1,7377
18.05. 19:15;0,9199
18.05. 19:30;0,52247
18.05. 19:45;0,04148
18.05. 20:00;0
18.05. 20:15;0
18.05. 20:30;0
18.05. 20:45;0
18.05. 21:00;0
18.05. 21:15;0
18.05. 21:30;0
18.05. 21:45;0
18.05. 22:00;0
18.05. 22:15;0
18.05. 22:30;0
18.05. 22:45;0
18.05. 23:00;0
18.05. 23:15;0
18.05. 23:30;0
18.05. 23:45;0
19.05. 00:00;0
19.05. 00:15;0
19.05. 00:30;0
19.05. 00:45;0
19.05. 01:00;0
19.05. 01:15;0
19.05. 01:30;0
19.05. 01:45;0
19.05. 02:00;0
19.05. 02:15;0
19.05. 02:30;0
19.05. 02:45;0
19.05. 03:00;0
19.05. 03:15;0
19.05. 03:30;0
19.05. 03:45;0
19.05. 04:00;0
19.05. 04:15;0
19.05. 04:30;0,02212
19.05. 04:45;0
19.05. 05:00;0,01166
19.05. 05:15;1,4858
19.05. 05:30;5,1743
19.05. 05:45;13,228
19.05. 06:00;21,529
19.05. 06:15;17,561
19.05. 06:30;19,49
19.05. 06:45;28,995
19.05. 07:00;32,955
19.05. 07:15;34,964
19.05. 07:30;42,733
19.05. 07:45;49,012
19.05. 08:00;50,463
19.05. 08:15;51,355
19.05. 08:30;52,191
19.05. 08:45;49,488
19.05. 09:00;51,729
19.05. 09:15;60,102
19.05. 09:30;60,623
19.05. 09:45;65,64
19.05. 10:00;52,061
19.05. 10:15;80,298
19.05. 10:30;56,669
19.05. 10:45;68,613
19.05. 11:00;46,451
19.05. 11:15;70,795
19.05. 11:30;73,968
19.05. 11:45;66,58
19.05. 12:00;34,408
19.05. 12:15;41,344
19.05. 12:30;46,294
19.05. 12:45;75,879
19.05. 13:00;46,486
19.05. 13:15;63,873
19.05. 13:30;37,656
19.05. 13:45;26,234
19.05. 14:00;10,584
19.05. 14:15;49,994
19.05. 14:30;76,555
19.05. 14:45;68,561
19.05. 15:00;58,635
19.05. 15:15;53,07
19.05. 15:30;53,426
19.05. 15:45;44,605
19.05. 16:00;46,697
19.05. 16:15;40,519
19.05. 16:30;34,148
19.05. 16:45;39,306
19.05. 17:00;28,184
19.05. 17:15;16,224
19.05. 17:30;9,4409
19.05. 17:45;24,031
19.05. 18:00;11,286
19.05. 18:15;7,741
19.05. 18:30;3,3505
19.05. 18:45;0,78019
19.05. 19:00;0,55202
19.05. 19:15;0,56967
19.05. 19:30;0,62241
19.05. 19:45;0,08182
19.05. 20:00;0
19.05. 20:15;0
19.05. 20:30;0
19.05. 20:45;0
19.05. 21:00;0
19.05. 21:15;0
19.05. 21:30;0
19.05. 21:45;0
19.05. 22:00;0
19.05. 22:15;0
19.05. 22:30;0
19.05. 22:45;0
19.05. 23:00;0
19.05. 23:15;0
19.05. 23:30;0
19.05. 23:45;0
20.05. 00:00;0
20.05. 00:15;0
20.05. 00:30;0
20.05. 00:45;0
20.05. 01:00;0
20.05. 01:15;0
20.05. 01:30;0
20.05. 01:45;0
20.05. 02:00;0
20.05. 02:15;0
20.05. 02:30;0
20.05. 02:45;0
20.05. 03:00;0
20.05. 03:15;0
20.05. 03:30;0
20.05. 03:45;0
20.05. 04:00;0
20.05. 04:15;0
20.05. 04:30;0,03299
20.05. 04:45;0,07605
20.05. 05:00;0,39698
20.05. 05:15;0,79812
20.05. 05:30;1,4395
20.05. 05:45;2,3503
20.05. 06:00;4,6152
20.05. 06:15;8,1073
20.05. 06:30;17,635
20.05. 06:45;21,311
20.05. 07:00;31,114
20.05. 07:15;30,028
20.05. 07:30;30,533
20.05. 07:45;18,682
20.05. 08:00;48,558
20.05. 08:15;42,668
20.05. 08:30;36,487
20.05. 08:45;55,243
20.05. 09:00;69,045
20.05. 09:15;62,847
20.05. 09:30;63,376
20.05. 09:45;37,618
20.05. 10:00;40,278
20.05. 10:15;71,099
20.05. 10:30;69,332
20.05. 10:45;69,682
20.05. 11:00;39,527
20.05. 11:15;70,781
20.05. 11:30;63,154
20.05. 11:45;69,321
20.05. 12:00;75,622
20.05. 12:15;71,221
20.05. 12:30;60,887
20.05. 12:45;33,509
20.05. 13:00;40,919
20.05. 13:15;73,257
20.05. 13:30;57,705
20.05. 13:45;60,023
20.05. 14:00;29,338
20.05. 14:15;57,91
20.05. 14:30;62,68
20.05. 14:45;49,321
20.05. 15:00;52,635
20.05. 15:15;45,856
20.05. 15:30;43,995
20.05. 15:45;23,447
20.05. 16:00;20,401
20.05. 16:15;26,87
20.05. 16:30;41,191
20.05. 16:45;31,317
20.05. 17:00;26,74
20.05. 17:15;18,423
20.05. 17:30;16,123
20.05. 17:45;15,379
20.05. 18:00;14,284
20.05. 18:15;11,322
20.05. 18:30;12,613
20.05. 18:45;11,282
20.05. 19:00;3,7261
20.05. 19:15;0,95453
20.05. 19:30;0,19339
20.05. 19:45;0,00231
20.05. 20:00;0
20.05. 20:15;0
20.05. 20:30;0
20.05. 20:45;0
20.05. 21:00;0
20.05. 21:15;0
20.05. 21:30;0
20.05. 21:45;0
20.05. 22:00;0
20.05. 22:15;0
20.05. 22:30;0
20.05. 22:45;0
20.05. 23:00;0
20.05. 23:15;0
20.05. 23:30;0
20.05. 23:45;0
21.05. 00:00;0
21.05. 00:15;0
21.05. 00:30;0
21.05. 00:45;0
21.05. 01:00;0
21.05. 01:15;0
21.05. 01:30;0
21.05. 01:45;0
21.05. 02:00;0
21.05. 02:15;0
21.05. 02:30;0
21.05. 02:45;0
21.05. 03:00;0
21.05. 03:15;0
21.05. 03:30;0
21.05. 03:45;0
21.05. 04:00;0
21.05. 04:15;0,17539
21.05. 04:30;1,9065
21.05. 04:45;3,6839
21.05. 05:00;5,3784
21.05. 05:15;5,2843
21.05. 05:30;9,386
21.05. 05:45;12,478
21.05. 06:00;17,398
21.05. 06:15;25,452
21.05. 06:30;20,779
21.05. 06:45;14,916
21.05. 07:00;18,381
21.05. 07:15;34,366
21.05. 07:30;38,42
21.05. 07:45;20,267
21.05. 08:00;20,5
21.05. 08:15;53,531
21.05. 08:30;43,431
21.05. 08:45;22,982
21.05. 09:00;15,784
21.05. 09:15;27,231
21.05. 09:30;75,855
21.05. 09:45;80,839
21.05. 10:00;73,769
21.05. 10:15;43,266
21.05. 10:30;26,085
21.05. 10:45;25,724
21.05. 11:00;21,332
21.05. 11:15;16,437
21.05. 11:30;11,335
21.05. 11:45;9,129
21.05. 12:00;9,7743
21.05. 12:15;12,537
21.05. 12:30;11,556
21.05. 12:45;6,8106
21.05. 13:00;6,2696
21.05. 13:15;9,086
21.05. 13:30;11,894
21.05. 13:45;11,328
21.05. 14:00;10,632
21.05. 14:15;7,6765
21.05. 14:30;5,2271
21.05. 14:45;3,1712
21.05. 15:00;3,5757
21.05. 15:15;19,285
21.05. 15:30;16,756
21.05. 15:45;13,121
21.05. 16:00;15,153
21.05. 16:15;17,136
21.05. 16:30;17,386
21.05. 16:45;17,744
21.05. 17:00;14,199
21.05. 17:15;5,6549
21.05. 17:30;5,966
21.05. 17:45;6,3655
21.05. 18:00;6,8302
21.05. 18:15;5,0407
21.05. 18:30;5,5978
21.05. 18:45;6,1188
21.05. 19:00;2,2484
21.05. 19:15;0,49168
21.05. 19:30;0,15418
21.05. 19:45;0
21.05. 20:00;0
21.05. 20:15;0
21.05. 20:30;0
21.05. 20:45;0
21.05. 21:00;0
21.05. 21:15;0
21.05. 21:30;0
21.05. 21:45;0
21.05. 22:00;0
21.05. 22:15;0
21.05. 22:30;0
21.05. 22:45;0
21.05. 23:00;0
21.05. 23:15;0
21.05. 23:30;0
21.05. 23:45;0
22.05. 00:00;0
22.05. 00:15;0
22.05. 00:30;0
22.05. 00:45;0
22.05. 01:00;0
22.05. 01:15;0
22.05. 01:30;0
22.05. 01:45;0
22.05. 02:00;0
22.05. 02:15;0
22.05. 02:30;0
22.05. 02:45;0
22.05. 03:00;0
22.05. 03:15;0
22.05. 03:30;0
22.05. 03:45;0
22.05. 04:00;0,0032
22.05. 04:15;0,0405
22.05. 04:30;0,20713
22.05. 04:45;0,42266
22.05. 05:00;0,73409
22.05. 05:15;1,2102
22.05. 05:30;4,8927
22.05. 05:45;13,785
22.05. 06:00;18,994
22.05. 06:15;10,146
22.05. 06:30;10,188
22.05. 06:45;18,892
22.05. 07:00;18,134
22.05. 07:15;13,685
22.05. 07:30;13,04
22.05. 07:45;13,683
22.05. 08:00;14,678
22.05. 08:15;22,799
22.05. 08:30;21,395
22.05. 08:45;31,529
22.05. 09:00;36,625
22.05. 09:15;15,54
22.05. 09:30;14,454
22.05. 09:45;13,268
22.05. 10:00;18,412
22.05. 10:15;21,123
22.05. 10:30;21,317
22.05. 10:45;62,362
22.05. 11:00;48,82
22.05. 11:15;63,894
22.05. 11:30;64,059
22.05. 11:45;78,625
22.05. 12:00;63,686
22.05. 12:15;45,696
22.05. 12:30;32,227
22.05. 12:45;60,512
22.05. 13:00;49,01
22.05. 13:15;64,734
22.05. 13:30;71,188
22.05. 13:45;74,627
22.05. 14:00;71,957
22.05. 14:15;45,592
22.05. 14:30;37,875
22.05. 14:45;35,572
22.05. 15:00;47,199
22.05. 15:15;30
22.05. 15:30;26,655
22.05. 15:45;14,168
22.05. 16:00;21,203
22.05. 16:15;32,896
22.05. 16:30;27,405
22.05. 16:45;19,918
22.05. 17:00;16,75
22.05. 17:15;15,285
22.05. 17:30;13,375
22.05. 17:45;23,139
22.05. 18:00;16,127
22.05. 18:15;8,2414
22.05. 18:30;6,6076
22.05. 18:45;4,6465
22.05. 19:00;0,3262
22.05. 19:15;0,07491
22.05. 19:30;0,01588
22.05. 19:45;0,00502
22.05. 20:00;0
22.05. 20:15;0
22.05. 20:30;0
22.05. 20:45;0
22.05. 21:00;0
22.05. 21:15;0
22.05. 21:30;0
22.05. 21:45;0
22.05. 22:00;0
22.05. 22:15;0
22.05. 22:30;0
22.05. 22:45;0
22.05. 23:00;0
22.05. 23:15;0
22.05. 23:30;0
22.05. 23:45;0
23.05. 00:00;0
23.05. 00:15;0
23.05. 00:30;0
23.05. 00:45;0
23.05. 01:00;0
23.05. 01:15;0
23.05. 01:30;0
23.05. 01:45;0
23.05. 02:00;0
23.05. 02:15;0
23.05. 02:30;0
23.05. 02:45;0
23.05. 03:00;0
23.05. 03:15;0
23.05. 03:30;0
23.05. 03:45;0
23.05. 04:00;0,03292
23.05. 04:15;1,2304
23.05. 04:30;4,677
23.05. 04:45;6,9462
23.05. 05:00;7,9873
23.05. 05:15;6,6874
23.05. 05:30;14,67
23.05. 05:45;21,327
23.05. 06:00;21,647
23.05. 06:15;24,621
23.05. 06:30;27,894
23.05. 06:45;31,154
23.05. 07:00;33,677
23.05. 07:15;36,961
23.05. 07:30;40,135
23.05. 07:45;43,184
23.05. 08:00;44,66
23.05. 08:15;47,206
23.05. 08:30;49,847
23.05. 08:45;52,582
23.05. 09:00;59,311
23.05. 09:15;61,726
23.05. 09:30;63,847
23.05. 09:45;65,791
23.05. 10:00;64,884
23.05. 10:15;66,184
23.05. 10:30;67,436
23.05. 10:45;68,552
23.05. 11:00;66,757
23.05. 11:15;66,682
23.05. 11:30;67,469
23.05. 11:45;67,959
23.05. 12:00;69,936
23.05. 12:15;70,348
23.05. 12:30;69,491
23.05. 12:45;69,799
23.05. 13:00;69,95
23.05. 13:15;68,91
23.05. 13:30;67,64
23.05. 13:45;66,213
23.05. 14:00;67,069
23.05. 14:15;65,124
23.05. 14:30;56,903
23.05. 14:45;47,233
23.05. 15:00;54,968
23.05. 15:15;52,719
23.05. 15:30;50,319
23.05. 15:45;49,378
23.05. 16:00;47,772
23.05. 16:15;45,031
23.05. 16:30;41,739
23.05. 16:45;38,352
23.05. 17:00;34,401
23.05. 17:15;30,534
23.05. 17:30;26,917
23.05. 17:45;23,502
23.05. 18:00;18,291
23.05. 18:15;15,441
23.05. 18:30;12,456
23.05. 18:45;9,7828
23.05. 19:00;4,5782
23.05. 19:15;1,8048
23.05. 19:30;0,41014
23.05. 19:45;0,01868
23.05. 20:00;0
23.05. 20:15;0
23.05. 20:30;0
23.05. 20:45;0
23.05. 21:00;0
23.05. 21:15;0
23.05. 21:30;0
23.05. 21:45;0
23.05. 22:00;0
23.05. 22:15;0
23.05. 22:30;0
23.05. 22:45;0
23.05. 23:00;0
23.05. 23:15;0
23.05. 23:30;0
23.05. 23:45;0
24.05. 00:00;0
24.05. 00:15;0
24.05. 00:30;0
24.05. 00:45;0
24.05. 01:00;0
24.05. 01:15;0
24.05. 01:30;0
24.05. 01:45;0
24.05. 02:00;0
24.05. 02:15;0
24.05. 02:30;0
24.05. 02:45;0
24.05. 03:00;0
24.05. 03:15;0
24.05. 03:30;0
24.05. 03:45;0
24.05. 04:00;0,03691
24.05. 04:15;1,0899
24.05. 04:30;2,8288
24.05. 04:45;2,9565
24.05. 05:00;11,031
24.05. 05:15;13,499
24.05. 05:30;14,668
24.05. 05:45;14,661
24.05. 06:00;24,065
24.05. 06:15;28,305
24.05. 06:30;30,577
24.05. 06:45;33,371
24.05. 07:00;37,342
24.05. 07:15;41,438
24.05. 07:30;45,623
24.05. 07:45;49,037
24.05. 08:00;52,271
24.05. 08:15;55,269
24.05. 08:30;58,227
24.05. 08:45;61,054
24.05. 09:00;64,122
24.05. 09:15;66,599
24.05. 09:30;68,861
24.05. 09:45;70,938
24.05. 10:00;72,961
24.05. 10:15;74,553
24.05. 10:30;75,463
24.05. 10:45;76,565
24.05. 11:00;76,857
24.05. 11:15;77,319
24.05. 11:30;77,827
24.05. 11:45;78,11
24.05. 12:00;75,454
24.05. 12:15;74,431
24.05. 12:30;74,043
24.05. 12:45;73,43
24.05. 13:00;70,084
24.05. 13:15;68,867
24.05. 13:30;67,671
24.05. 13:45;66,249
24.05. 14:00;64,209
24.05. 14:15;62,242
24.05. 14:30;60,27
24.05. 14:45;58,097
24.05. 15:00;51,492
24.05. 15:15;48,525
24.05. 15:30;45,573
24.05. 15:45;43,774
24.05. 16:00;38,473
24.05. 16:15;44,65
24.05. 16:30;29,064
24.05. 16:45;15,901
24.05. 17:00;27,376
24.05. 17:15;21,45
24.05. 17:30;22,132
24.05. 17:45;10,213
24.05. 18:00;13,142
24.05. 18:15;7,2698
24.05. 18:30;5,6396
24.05. 18:45;9,9108
24.05. 19:00;4,3563
24.05. 19:15;0,55349
24.05. 19:30;0,08103
24.05. 19:45;0,00211
24.05. 20:00;0
24.05. 20:15;0
24.05. 20:30;0
24.05. 20:45;0
24.05. 21:00;0
24.05. 21:15;0
24.05. 21:30;0
24.05. 21:45;0
24.05. 22:00;0
24.05. 22:15;0
24.05. 22:30;0
24.05. 22:45;0
24.05. 23:00;0
24.05. 23:15;0
24.05. 23:30;0
24.05. 23:45;0
25.05. 00:00;0
25.05. 00:15;0
25.05. 00:30;0
25.05. 00:45;0
25.05. 01:00;0
25.05. 01:15;0
25.05. 01:30;0
25.05. 01:45;0
25.05. 02:00;0
25.05. 02:15;0
25.05. 02:30;0
25.05. 02:45;0
25.05. 03:00;0
25.05. 03:15;0
25.05. 03:30;0
25.05. 03:45;0
25.05. 04:00;0,11133
25.05. 04:15;1,4459
25.05. 04:30;3,7974
25.05. 04:45;6,177
25.05. 05:00;9,3559
25.05. 05:15;11,778
25.05. 05:30;15,044
25.05. 05:45;18,099
25.05. 06:00;22,898
25.05. 06:15;26,419
25.05. 06:30;29,862
25.05. 06:45;33,316
25.05. 07:00;37,485
25.05. 07:15;41,081
25.05. 07:30;44,443
25.05. 07:45;47,718
25.05. 08:00;51,287
25.05. 08:15;54,368
25.05. 08:30;57,286
25.05. 08:45;60,06
25.05. 09:00;62,943
25.05. 09:15;65,333
25.05. 09:30;67,567
25.05. 09:45;69,59
25.05. 10:00;71,603
25.05. 10:15;73,188
25.05. 10:30;74,59
25.05. 10:45;75,784
25.05. 11:00;76,524
25.05. 11:15;77,068
25.05. 11:30;77,564
25.05. 11:45;77,847
25.05. 12:00;78,566
25.05. 12:15;78,526
25.05. 12:30;78,106
25.05. 12:45;77,465
25.05. 13:00;76,71
25.05. 13:15;75,571
25.05. 13:30;74,241
25.05. 13:45;72,712
25.05. 14:00;71,279
25.05. 14:15;68,412
25.05. 14:30;64,914
25.05. 14:45;62,329
25.05. 15:00;60,044
25.05. 15:15;57,608
25.05. 15:30;54,809
25.05. 15:45;51,867
25.05. 16:00;48,281
25.05. 16:15;45,009
25.05. 16:30;41,763
25.05. 16:45;38,429
25.05. 17:00;33,807
25.05. 17:15;30,178
25.05. 17:30;26,911
25.05. 17:45;23,61
25.05. 18:00;18,58
25.05. 18:15;15,407
25.05. 18:30;12,733
25.05. 18:45;9,9369
25.05. 19:00;3,778
25.05. 19:15;3,641
25.05. 19:30;1,8923
25.05. 19:45;0,36636
25.05. 20:00;0
25.05. 20:15;0
25.05. 20:30;0
25.05. 20:45;0
25.05. 21:00;0
25.05. 21:15;0
25.05. 21:30;0
25.05. 21:45;0
25.05. 22:00;0
25.05. 22:15;0
25.05. 22:30;0
25.05. 22:45;0
25.05. 23:00;0
25.05. 23:15;0
25.05. 23:30;0
25.05. 23:45;0
26.05. 00:00;0
26.05. 00:15;0
26.05. 00:30;0
26.05. 00:45;0
26.05. 01:00;0
26.05. 01:15;0
26.05. 01:30;0
26.05. 01:45;0
26.05. 02:00;0
26.05. 02:15;0
26.05. 02:30;0
26.05. 02:45;0
26.05. 03:00;0
26.05. 03:15;0
26.05. 03:30;0
26.05. 03:45;0
26.05. 04:00;0,14123
26.05. 04:15;0,54034
26.05. 04:30;4,8626
26.05. 04:45;3,1946
26.05. 05:00;3,2461
26.05. 05:15;7,8648
26.05. 05:30;17,475
26.05. 05:45;21,262
26.05. 06:00;25,276
26.05. 06:15;14,244
26.05. 06:30;13,53
26.05. 06:45;42,251
26.05. 07:00;49,792
26.05. 07:15;44,297
26.05. 07:30;34,183
26.05. 07:45;35,088
26.05. 08:00;35,566
26.05. 08:15;56,115
26.05. 08:30;65,503
26.05. 08:45;63,888
26.05. 09:00;59,732
26.05. 09:15;59,93
26.05. 09:30;70,862
26.05. 09:45;71,019
26.05. 10:00;71,646
26.05. 10:15;69,996
26.05. 10:30;68,644
26.05. 10:45;70,764
26.05. 11:00;52,265
26.05. 11:15;71,581
26.05. 11:30;37,262
26.05. 11:45;41,079
26.05. 12:00;20,218
26.05. 12:15;13,066
26.05. 12:30;10,847
26.05. 12:45;12,084
26.05. 13:00;9,7771
26.05. 13:15;6,2248
26.05. 13:30;5,8893
26.05. 13:45;3,6023
26.05. 14:00;2,2047
26.05. 14:15;9,4094
26.05. 14:30;5,9234
26.05. 14:45;6,4945
26.05. 15:00;5,7066
26.05. 15:15;4,8203
26.05. 15:30;8,0357
26.05. 15:45;8,3009
26.05. 16:00;6,8378
26.05. 16:15;8,9654
26.05. 16:30;17,178
26.05. 16:45;36,535
26.05. 17:00;12,734
26.05. 17:15;15,205
26.05. 17:30;15,546
26.05. 17:45;10,279
26.05. 18:00;2,8081
26.05. 18:15;1,8775
26.05. 18:30;1,5712
26.05. 18:45;0,4801
26.05. 19:00;0,71718
26.05. 19:15;0,89393
26.05. 19:30;1,6205
26.05. 19:45;0,67882
26.05. 20:00;0
26.05. 20:15;0
26.05. 20:30;0
26.05. 20:45;0
26.05. 21:00;0
26.05. 21:15;0
26.05. 21:30;0
26.05. 21:45;0
26.05. 22:00;0
26.05. 22:15;0
26.05. 22:30;0
26.05. 22:45;0
26.05. 23:00;0
26.05. 23:15;0
26.05. 23:30;0
26.05. 23:45;0
27.05. 00:00;0
27.05. 00:15;0
27.05. 00:30;0
27.05. 00:45;0
27.05. 01:00;0
27.05. 01:15;0
27.05. 01:30;0
27.05. 01:45;0
27.05. 02:00;0
27.05. 02:15;0
27.05. 02:30;0
27.05. 02:45;0
27.05. 03:00;0
27.05. 03:15;0
27.05. 03:30;0
27.05. 03:45;0
27.05. 04:00;0,12494
27.05. 04:15;0,42365
27.05. 04:30;1,14
27.05. 04:45;2,8273
27.05. 05:00;2,6812
27.05. 05:15;2,9735
27.05. 05:30;11,636
27.05. 05:45;8,5669
27.05. 06:00;10,903
27.05. 06:15;11,203
27.05. 06:30;22,947
27.05. 06:45;31,645
27.05. 07:00;40,774
27.05. 07:15;33,303
27.05. 07:30;37,137
27.05. 07:45;26,291
27.05. 08:00;24,481
27.05. 08:15;51,982
27.05. 08:30;58,459
27.05. 08:45;62,815
27.05. 09:00;66,129
27.05. 09:15;38,027
27.05. 09:30;46,161
27.05. 09:45;51,84
27.05. 10:00;21,155
27.05. 10:15;32,704
27.05. 10:30;77,813
27.05. 10:45;58,183
27.05. 11:00;49,918
27.05. 11:15;52,117
27.05. 11:30;80,065
27.05. 11:45;45,534
27.05. 12:00;74,688
27.05. 12:15;64,011
27.05. 12:30;72,199
27.05. 12:45;48,167
27.05. 13:00;34,16
27.05. 13:15;43,883
27.05. 13:30;23,52
27.05. 13:45;28,488
27.05. 14:00;35,997
27.05. 14:15;25,206
27.05. 14:30;25,572
27.05. 14:45;32,675
27.05. 15:00;31,122
27.05. 15:15;55,753
27.05. 15:30;36,413
27.05. 15:45;21,575
27.05. 16:00;27,597
27.05. 16:15;42,855
27.05. 16:30;43,177
27.05. 16:45;39,093
27.05. 17:00;30,297
27.05. 17:15;30,931
27.05. 17:30;21,114
27.05. 17:45;6,1858
27.05. 18:00;7,1739
27.05. 18:15;13,846
27.05. 18:30;9,9631
27.05. 18:45;5,5537
27.05. 19:00;4,4156
27.05. 19:15;2,9415
27.05. 19:30;1,1601
27.05. 19:45;0,2947
27.05. 20:00;0
27.05. 20:15;0
27.05. 20:30;0
27.05. 20:45;0
27.05. 21:00;0
27.05. 21:15;0
27.05. 21:30;0
27.05. 21:45;0
27.05. 22:00;0
27.05. 22:15;0
27.05. 22:30;0
27.05. 22:45;0
27.05. 23:00;0
27.05. 23:15;0
27.05. 23:30;0
27.05. 23:45;0
28.05. 00:00;0
28.05. 00:15;0
28.05. 00:30;0
28.05. 00:45;0
28.05. 01:00;0
28.05. 01:15;0
28.05. 01:30;0
28.05. 01:45;0
28.05. 02:00;0
28.05. 02:15;0
28.05. 02:30;0
28.05. 02:45;0
28.05. 03:00;0
28.05. 03:15;0
28.05. 03:30;0
28.05. 03:45;0
28.05. 04:00;0
28.05. 04:15;0,0351
28.05. 04:30;0,12989
28.05. 04:45;0,04974
28.05. 05:00;0,23003
28.05. 05:15;0,47003
28.05. 05:30;0,89855
28.05. 05:45;1,3661
28.05. 06:00;1,8932
28.05. 06:15;1,8018
28.05. 06:30;3,0679
28.05. 06:45;10,082
28.05. 07:00;10,016
28.05. 07:15;10,234
28.05. 07:30;7,542
28.05. 07:45;4,6274
28.05. 08:00;8,8881
28.05. 08:15;10,363
28.05. 08:30;14,178
28.05. 08:45;13,453
28.05. 09:00;11,396
28.05. 09:15;17,262
28.05. 09:30;17,662
28.05. 09:45;12,018
28.05. 10:00;18,7
28.05. 10:15;27,051
28.05. 10:30;23,485
28.05. 10:45;35,17
28.05. 11:00;37,918
28.05. 11:15;45,526
28.05. 11:30;45,117
28.05. 11:45;74,205
28.05. 12:00;37,715
28.05. 12:15;37,245
28.05. 12:30;45,887
28.05. 12:45;60,299
28.05. 13:00;32,998
28.05. 13:15;40,37
28.05. 13:30;44,061
28.05. 13:45;69,094
28.05. 14:00;57,856
28.05. 14:15;59,922
28.05. 14:30;63,184
28.05. 14:45;35,028
28.05. 15:00;58,138
28.05. 15:15;61,188
28.05. 15:30;39,753
28.05. 15:45;26,434
28.05. 16:00;27,601
28.05. 16:15;40,758
28.05. 16:30;42,702
28.05. 16:45;35,477
28.05. 17:00;26,329
28.05. 17:15;28,97
28.05. 17:30;27,997
28.05. 17:45;17,252
28.05. 18:00;19,118
28.05. 18:15;19,645
28.05. 18:30;8,5936
28.05. 18:45;7,9225
28.05. 19:00;5,7661
28.05. 19:15;5,9392
28.05. 19:30;0,37087
28.05. 19:45;0,02569
28.05. 20:00;0
28.05. 20:15;0
28.05. 20:30;0
28.05. 20:45;0
28.05. 21:00;0
28.05. 21:15;0
28.05. 21:30;0
28.05. 21:45;0
28.05. 22:00;0
28.05. 22:15;0
28.05. 22:30;0
28.05. 22:45;0
28.05. 23:00;0
28.05. 23:15;0
28.05. 23:30;0
28.05. 23:45;0
29.05. 00:00;0
29.05. 00:15;0
29.05. 00:30;0
29.05. 00:45;0
29.05. 01:00;0
29.05. 01:15;0
29.05. 01:30;0
29.05. 01:45;0
29.05. 02:00;0
29.05. 02:15;0
29.05. 02:30;0
29.05. 02:45;0
29.05. 03:00;0
29.05. 03:15;0
29.05. 03:30;0
29.05. 03:45;0
29.05. 04:00;0,35258
29.05. 04:15;1,2828
29.05. 04:30;1,5856
29.05. 04:45;2,8994
29.05. 05:00;4,3287
29.05. 05:15;5,5361
29.05. 05:30;5,7792
29.05. 05:45;4,9666
29.05. 06:00;5,7682
29.05. 06:15;7,9722
29.05. 06:30;6,9492
29.05. 06:45;9,0903
29.05. 07:00;11,615
29.05. 07:15;17,914
29.05. 07:30;26,079
29.05. 07:45;47,021
29.05. 08:00;47,035
29.05. 08:15;39,989
29.05. 08:30;34,807
29.05. 08:45;59,418
29.05. 09:00;69,433
29.05. 09:15;59,093
29.05. 09:30;57,114
29.05. 09:45;29,614
29.05. 10:00;38,436
29.05. 10:15;54,462
29.05. 10:30;65,144
29.05. 10:45;80,997
29.05. 11:00;67,197
29.05. 11:15;62,353
29.05. 11:30;60,102
29.05. 11:45;55,484
29.05. 12:00;67,488
29.05. 12:15;77,613
29.05. 12:30;67,218
29.05. 12:45;64,051
29.05. 13:00;61,844
29.05. 13:15;74,966
29.05. 13:30;81,575
29.05. 13:45;60,329
29.05. 14:00;72,172
29.05. 14:15;71,041
29.05. 14:30;60,23
29.05. 14:45;61,726
29.05. 15:00;38,931
29.05. 15:15;69,059
29.05. 15:30;65,055
29.05. 15:45;63,675
29.05. 16:00;47,403
29.05. 16:15;45,514
29.05. 16:30;50,72
29.05. 16:45;42,437
29.05. 17:00;33,834
29.05. 17:15;32,048
29.05. 17:30;31,662
29.05. 17:45;27,554
29.05. 18:00;21,913
29.05. 18:15;21,207
29.05. 18:30;12,682
29.05. 18:45;8,6366
29.05. 19:00;4,1003
29.05. 19:15;5,2174
29.05. 19:30;3,7916
29.05. 19:45;1,2591
29.05. 20:00;0
29.05. 20:15;0
29.05. 20:30;0
29.05. 20:45;0
29.05. 21:00;0
29.05. 21:15;0
29.05. 21:30;0
29.05. 21:45;0
29.05. 22:00;0
29.05. 22:15;0
29.05. 22:30;0
29.05. 22:45;0
29.05. 23:00;0
29.05. 23:15;0
29.05. 23:30;0
29.05. 23:45;0
30.05. 00:00;0
30.05. 00:15;0
30.05. 00:30;0
30.05. 00:45;0
30.05. 01:00;0
30.05. 01:15;0
30.05. 01:30;0
30.05. 01:45;0
30.05. 02:00;0
30.05. 02:15;0
30.05. 02:30;0
30.05. 02:45;0
30.05. 03:00;0
30.05. 03:15;0
30.05. 03:30;0
30.05. 03:45;0
30.05. 04:00;0
30.05. 04:15;0,00211
30.05. 04:30;0,07907
30.05. 04:45;0,10488
30.05. 05:00;0,15773
30.05. 05:15;0,60976
30.05. 05:30;1,1062
30.05. 05:45;1,8585
30.05. 06:00;3,0715
30.05. 06:15;4,4695
30.05. 06:30;10,293
30.05. 06:45;12,936
30.05. 07:00;22,235
30.05. 07:15;18,747
30.05. 07:30;13,031
30.05. 07:45;15,337
30.05. 08:00;19,817
30.05. 08:15;26,812
30.05. 08:30;25,118
30.05. 08:45;23,66
30.05. 09:00;25,766
30.05. 09:15;20,683
30.05. 09:30;18,842
30.05. 09:45;22,74
30.05. 10:00;31,244
30.05. 10:15;25,537
30.05. 10:30;22,276
30.05. 10:45;24,744
30.05. 11:00;27,38
30.05. 11:15;26,248
30.05. 11:30;29,135
30.05. 11:45;23,066
30.05. 12:00;17,989
30.05. 12:15;13,898
30.05. 12:30;13,202
30.05. 12:45;19,993
30.05. 13:00;26,643
30.05. 13:15;25,27
30.05. 13:30;34,768
30.05. 13:45;35,636
30.05. 14:00;28,552
30.05. 14:15;24,199
30.05. 14:30;19,086
30.05. 14:45;17,283
30.05. 15:00;25,078
30.05. 15:15;25,607
30.05. 15:30;26,123
30.05. 15:45;16,194
30.05. 16:00;10,05
30.05. 16:15;9,123
30.05. 16:30;8,7444
30.05. 16:45;7,2998
30.05. 17:00;8,2541
30.05. 17:15;9,684
30.05. 17:30;8,334
30.05. 17:45;7,6856
30.05. 18:00;4,5274
30.05. 18:15;1,6
30.05. 18:30;0,60067
30.05. 18:45;0,18644
30.05. 19:00;0,55531
30.05. 19:15;1,5218
30.05. 19:30;1,0635
30.05. 19:45;0,51275
30.05. 20:00;0
30.05. 20:15;0
30.05. 20:30;0
30.05. 20:45;0
30.05. 21:00;0
30.05. 21:15;0
30.05. 21:30;0
30.05. 21:45;0
30.05. 22:00;0
30.05. 22:15;0
30.05. 22:30;0
30.05. 22:45;0
30.05. 23:00;0
30.05. 23:15;0
30.05. 23:30;0
30.05. 23:45;0
31.05. 00:00;0
31.05. 00:15;0
31.05. 00:30;0
31.05. 00:45;0
31.05. 01:00;0
31.05. 01:15;0
31.05. 01:30;0
31.05. 01:45;0
31.05. 02:00;0
31.05. 02:15;0
31.05. 02:30;0
31.05. 02:45;0
31.05. 03:00;0
31.05. 03:15;0
31.05. 03:30;0
31.05. 03:45;0
31.05. 04:00;0,20017
31.05. 04:15;0,88935
31.05. 04:30;1,2774
31.05. 04:45;9,3472
31.05. 05:00;11,14
31.05. 05:15;11,085
31.05. 05:30;10,475
31.05. 05:45;8,9439
31.05. 06:00;15,69
31.05. 06:15;15,049
31.05. 06:30;16,382
31.05. 06:45;17,126
31.05. 07:00;14,607
31.05. 07:15;14,894
31.05. 07:30;20,483
31.05. 07:45;39,945
31.05. 08:00;45,333
31.05. 08:15;24,737
31.05. 08:30;32,088
31.05. 08:45;53,538
31.05. 09:00;37,653
31.05. 09:15;45,088
31.05. 09:30;47,021
31.05. 09:45;59,638
31.05. 10:00;36,179
31.05. 10:15;47,677
31.05. 10:30;54,358
31.05. 10:45;59,704
31.05. 11:00;53,657
31.05. 11:15;59,152
31.05. 11:30;34,33
31.05. 11:45;78,953
31.05. 12:00;71,506
31.05. 12:15;77,498
31.05. 12:30;32,893
31.05. 12:45;32,238
31.05. 13:00;13,335
31.05. 13:15;56,94
31.05. 13:30;82,401
31.05. 13:45;82,387
31.05. 14:00;47,449
31.05. 14:15;33,117
31.05. 14:30;53,759
31.05. 14:45;27,516
31.05. 15:00;10,533
31.05. 15:15;5,2015
31.05. 15:30;1,7954
31.05. 15:45;2,2175
31.05. 16:00;5,7748
31.05. 16:15;8,1174
31.05. 16:30;14,132
31.05. 16:45;15,44
31.05. 17:00;18,843
31.05. 17:15;11,265
31.05. 17:30;12,281
31.05. 17:45;12,804
31.05. 18:00;3,5177
31.05. 18:15;1,4821
31.05. 18:30;0,35235
31.05. 18:45;0,28936
31.05. 19:00;0,4655
31.05. 19:15;0,21164
31.05. 19:30;0,28197
31.05. 19:45;0,02214
31.05. 20:00;0
31.05. 20:15;0
31.05. 20:30;0
31.05. 20:45;0
31.05. 21:00;0
31.05. 21:15;0
31.05. 21:30;0
31.05. 21:45;0
31.05. 22:00;0
31.05. 22:15;0
31.05. 22:30;0
31.05. 22:45;0
31.05. 23:00;0
31.05. 23:15;0
31.05. 23:30;0
31.05. 23:45;0
01.06. 00:00;0
01.06. 00:15;0
01.06. 00:30;0
01.06. 00:45;0
01.06. 01:00;0
01.06. 01:15;0
01.06. 01:30;0
01.06. 01:45;0
01.06. 02:00;0
01.06. 02:15;0
01.06. 02:30;0
01.06. 02:45;0
01.06. 03:00;0
01.06. 03:15;0
01.06. 03:30;0
01.06. 03:45;0
01.06. 04:00;0,22711
01.06. 04:15;0,53065
01.06. 04:30;0,89408
01.06. 04:45;2,0209
01.06. 05:00;2,6935
01.06. 05:15;3,56
01.06. 05:30;8,5976
01.06. 05:45;15,236
01.06. 06:00;16,539
01.06. 06:15;16,201
01.06. 06:30;23,5
01.06. 06:45;28,114
01.06. 07:00;31,149
01.06. 07:15;28,698
01.06. 07:30;17,127
01.06. 07:45;10,381
01.06. 08:00;16,014
01.06. 08:15;27,064
01.06. 08:30;45,06
01.06. 08:45;45,654
01.06. 09:00;42,923
01.06. 09:15;37,174
01.06. 09:30;25,719
01.06. 09:45;27,875
01.06. 10:00;21,786
01.06. 10:15;17,646
01.06. 10:30;16,982
01.06. 10:45;13,508
01.06. 11:00;19,519
01.06. 11:15;22,291
01.06. 11:30;23,089
01.06. 11:45;23,268
01.06. 12:00;23,337
01.06. 12:15;20,577
01.06. 12:30;27,44
01.06. 12:45;27,179
01.06. 13:00;47,907
01.06. 13:15;66,325
01.06. 13:30;49,074
01.06. 13:45;41,861
01.06. 14:00;37,675
01.06. 14:15;23,089
01.06. 14:30;24,391
01.06. 14:45;18,441
01.06. 15:00;13,536
01.06. 15:15;10,1
01.06. 15:30;9,2412
01.06. 15:45;5,0138
01.06. 16:00;2,9683
01.06. 16:15;7,6806
01.06. 16:30;14,294
01.06. 16:45;31,542
01.06. 17:00;21,781
01.06. 17:15;12,417
01.06. 17:30;11,794
01.06. 17:45;8,2436
01.06. 18:00;8,4408
01.06. 18:15;5,9028
01.06. 18:30;7,0372
01.06. 18:45;8,8927
01.06. 19:00;3,0287
01.06. 19:15;1,0274
01.06. 19:30;0,33083
01.06. 19:45;0,02562
01.06. 20:00;0
01.06. 20:15;0
01.06. 20:30;0
01.06. 20:45;0
01.06. 21:00;0
01.06. 21:15;0
01.06. 21:30;0
01.06. 21:45;0
01.06. 22:00;0
01.06. 22:15;0
01.06. 22:30;0
01.06. 22:45;0
01.06. 23:00;0
01.06. 23:15;0
01.06. 23:30;0
01.06. 23:45;0
02.06. 00:00;0
02.06. 00:15;0
02.06. 00:30;0
02.06. 00:45;0
02.06. 01:00;0
02.06. 01:15;0
02.06. 01:30;0
02.06. 01:45;0
02.06. 02:00;0
02.06. 02:15;0
02.06. 02:30;0
02.06. 02:45;0
02.06. 03:00;0
02.06. 03:15;0
02.06. 03:30;0
02.06. 03:45;0
02.06. 04:00;0
02.06. 04:15;0,00457
02.06. 04:30;0,02436
02.06. 04:45;0,19456
02.06. 05:00;0,12054
02.06. 05:15;0,91233
02.06. 05:30;6,2082
02.06. 05:45;15,339
02.06. 06:00;9,7405
02.06. 06:15;6,4177
02.06. 06:30;10,175
02.06. 06:45;14,868
02.06. 07:00;14,855
02.06. 07:15;12,122
02.06. 07:30;46,954
02.06. 07:45;48,428
02.06. 08:00;48,061
02.06. 08:15;40,934
02.06. 08:30;41,72
02.06. 08:45;59,727
02.06. 09:00;46,719
02.06. 09:15;60,941
02.06. 09:30;72,107
02.06. 09:45;26,51
02.06. 10:00;46,787
02.06. 10:15;66,56
02.06. 10:30;76,456
02.06. 10:45;52,332
02.06. 11:00;43,041
02.06. 11:15;33,87
02.06. 11:30;76,153
02.06. 11:45;77,618
02.06. 12:00;61,058
02.06. 12:15;66,466
02.06. 12:30;66,829
02.06. 12:45;67,802
02.06. 13:00;36,9
02.06. 13:15;61,639
02.06. 13:30;75,874
02.06. 13:45;59,943
02.06. 14:00;14,381
02.06. 14:15;53,461
02.06. 14:30;62,715
02.06. 14:45;63,746
02.06. 15:00;31,448
02.06. 15:15;39,443
02.06. 15:30;23,983
02.06. 15:45;26,267
02.06. 16:00;24,853
02.06. 16:15;9,2439
02.06. 16:30;8,0322
02.06. 16:45;6,7169
02.06. 17:00;7,0307
02.06. 17:15;5,7135
02.06. 17:30;4,0079
02.06. 17:45;2,8888
02.06. 18:00;3,7477
02.06. 18:15;3,8206
02.06. 18:30;4,8819
02.06. 18:45;4,969
02.06. 19:00;3,7887
02.06. 19:15;0,98859
02.06. 19:30;0,44736
02.06. 19:45;0,11022
02.06. 20:00;0
02.06. 20:15;0
02.06. 20:30;0
02.06. 20:45;0
02.06. 21:00;0
02.06. 21:15;0
02.06. 21:30;0
02.06. 21:45;0
02.06. 22:00;0
02.06. 22:15;0
02.06. 22:30;0
02.06. 22:45;0
02.06. 23:00;0
02.06. 23:15;0
02.06. 23:30;0
02.06. 23:45;0
03.06. 00:00;0
03.06. 00:15;0
03.06. 00:30;0
03.06. 00:45;0
03.06. 01:00;0
03.06. 01:15;0
03.06. 01:30;0
03.06. 01:45;0
03.06. 02:00;0
03.06. 02:15;0
03.06. 02:30;0
03.06. 02:45;0
03.06. 03:00;0
03.06. 03:15;0
03.06. 03:30;0
03.06. 03:45;0
03.06. 04:00;0
03.06. 04:15;0,00609
03.06. 04:30;0,14134
03.06. 04:45;0,11698
03.06. 05:00;0,186
03.06. 05:15;0,42202
03.06. 05:30;1,0212
03.06. 05:45;0,98538
03.06. 06:00;1,0905
03.06. 06:15;1,0858
03.06. 06:30;1,3489
03.06. 06:45;4,4991
03.06. 07:00;4,9167
03.06. 07:15;8,9345
03.06. 07:30;11,674
03.06. 07:45;10,145
03.06. 08:00;15,724
03.06. 08:15;14,395
03.06. 08:30;11,064
03.06. 08:45;11,492
03.06. 09:00;8,1564
03.06. 09:15;17,397
03.06. 09:30;16,105
03.06. 09:45;21,204
03.06. 10:00;43,252
03.06. 10:15;50,7
03.06. 10:30;79,823
03.06. 10:45;82,214
03.06. 11:00;67,697
03.06. 11:15;58,862
03.06. 11:30;61,607
03.06. 11:45;68,39
03.06. 12:00;32,626
03.06. 12:15;69,085
03.06. 12:30;79,579
03.06. 12:45;72,763
03.06. 13:00;18,944
03.06. 13:15;24,355
03.06. 13:30;23,207
03.06. 13:45;15,264
03.06. 14:00;20,097
03.06. 14:15;19,041
03.06. 14:30;22,614
03.06. 14:45;53,75
03.06. 15:00;60,419
03.06. 15:15;57,627
03.06. 15:30;57,063
03.06. 15:45;56,476
03.06. 16:00;50,871
03.06. 16:15;42,616
03.06. 16:30;47,828
03.06. 16:45;35,905
03.06. 17:00;34,454
03.06. 17:15;35,278
03.06. 17:30;31,419
03.06. 17:45;24,32
03.06. 18:00;22,049
03.06. 18:15;15,162
03.06. 18:30;12,503
03.06. 18:45;13,145
03.06. 19:00;8,8634
03.06. 19:15;3,0326
03.06. 19:30;1,2853
03.06. 19:45;1,7732
03.06. 20:00;0,56774
03.06. 20:15;0
03.06. 20:30;0
03.06. 20:45;0
03.06. 21:00;0
03.06. 21:15;0
03.06. 21:30;0
03.06. 21:45;0
03.06. 22:00;0
03.06. 22:15;0
03.06. 22:30;0
03.06. 22:45;0
03.06. 23:00;0
03.06. 23:15;0
03.06. 23:30;0
03.06. 23:45;0
04.06. 00:00;0
04.06. 00:15;0
04.06. 00:30;0
04.06. 00:45;0
04.06. 01:00;0
04.06. 01:15;0
04.06. 01:30;0
04.06. 01:45;0
04.06. 02:00;0
04.06. 02:15;0
04.06. 02:30;0
04.06. 02:45;0
04.06. 03:00;0
04.06. 03:15;0
04.06. 03:30;0
04.06. 03:45;0
04.06. 04:00;0,39209
04.06. 04:15;0,77665
04.06. 04:30;2,4475
04.06. 04:45;3,6133
04.06. 05:00;10,288
04.06. 05:15;10,408
04.06. 05:30;11,101
04.06. 05:45;12,347
04.06. 06:00;21,006
04.06. 06:15;26,076
04.06. 06:30;29,658
04.06. 06:45;36,398
04.06. 07:00;44,975
04.06. 07:15;46,314
04.06. 07:30;48,76
04.06. 07:45;48
04.06. 08:00;68,038
04.06. 08:15;65,95
04.06. 08:30;62,205
04.06. 08:45;47,649
04.06. 09:00;63,004
04.06. 09:15;69,448
04.06. 09:30;69,913
04.06. 09:45;72,371
04.06. 10:00;75,683
04.06. 10:15;75,375
04.06. 10:30;66,302
04.06. 10:45;73,634
04.06. 11:00;20,455
04.06. 11:15;77,138
04.06. 11:30;82,131
04.06. 11:45;82,323
04.06. 12:00;61,22
04.06. 12:15;49,477
04.06. 12:30;62,581
04.06. 12:45;77,872
04.06. 13:00;43,939
04.06. 13:15;64,317
04.06. 13:30;66,395
04.06. 13:45;67,504
04.06. 14:00;49,685
04.06. 14:15;26,629
04.06. 14:30;65,441
04.06. 14:45;53,065
04.06. 15:00;46,05
04.06. 15:15;40,19
04.06. 15:30;41,744
04.06. 15:45;36,451
04.06. 16:00;41,146
04.06. 16:15;39,33
04.06. 16:30;18,683
04.06. 16:45;37,097
04.06. 17:00;33,624
04.06. 17:15;21,119
04.06. 17:30;17,877
04.06. 17:45;16,028
04.06. 18:00;12,948
04.06. 18:15;8,3076
04.06. 18:30;6,853
04.06. 18:45;10,021
04.06. 19:00;6,3731
04.06. 19:15;0,85249
04.06. 19:30;0,19018
04.06. 19:45;0,05893
04.06. 20:00;0
04.06. 20:15;0
04.06. 20:30;0
04.06. 20:45;0
04.06. 21:00;0
04.06. 21:15;0
04.06. 21:30;0
04.06. 21:45;0
04.06. 22:00;0
04.06. 22:15;0
04.06. 22:30;0
04.06. 22:45;0
04.06. 23:00;0
04.06. 23:15;0
04.06. 23:30;0
04.06. 23:45;0
05.06. 00:00;0
05.06. 00:15;0
05.06. 00:30;0
05.06. 00:45;0
05.06. 01:00;0
05.06. 01:15;0
05.06. 01:30;0
05.06. 01:45;0
05.06. 02:00;0
05.06. 02:15;0
05.06. 02:30;0
05.06. 02:45;0
05.06. 03:00;0
05.06. 03:15;0
05.06. 03:30;0
05.06. 03:45;0
05.06. 04:00;0,06893
05.06. 04:15;0,22953
05.06. 04:30;0,38101
05.06. 04:45;0,51598
05.06. 05:00;1,0312
05.06. 05:15;0,93873
05.06. 05:30;8,1413
05.06. 05:45;21,748
05.06. 06:00;20,146
05.06. 06:15;19,522
05.06. 06:30;27,867
05.06. 06:45;30,531
05.06. 07:00;42,805
05.06. 07:15;44,166
05.06. 07:30;38,537
05.06. 07:45;45,195
05.06. 08:00;45,851
05.06. 08:15;54,581
05.06. 08:30;57,518
05.06. 08:45;68,428
05.06. 09:00;54,76
05.06. 09:15;67,436
05.06. 09:30;72,95
05.06. 09:45;72,581
05.06. 10:00;60,781
05.06. 10:15;75,439
05.06. 10:30;76,218
05.06. 10:45;80,203
05.06. 11:00;74,087
05.06. 11:15;80,77
05.06. 11:30;78,269
05.06. 11:45;75,363
05.06. 12:00;66,192
05.06. 12:15;79,772
05.06. 12:30;80,421
05.06. 12:45;65,425
05.06. 13:00;69,428
05.06. 13:15;75,319
05.06. 13:30;75,076
05.06. 13:45;72,245
05.06. 14:00;28,392
05.06. 14:15;55,167
05.06. 14:30;79,067
05.06. 14:45;75,947
05.06. 15:00;54,081
05.06. 15:15;60,406
05.06. 15:30;55,109
05.06. 15:45;51,512
05.06. 16:00;47,373
05.06. 16:15;44,845
05.06. 16:30;43,032
05.06. 16:45;38,042
05.06. 17:00;39,072
05.06. 17:15;32,981
05.06. 17:30;21,803
05.06. 17:45;22,29
05.06. 18:00;15,317
05.06. 18:15;13,948
05.06. 18:30;14,484
05.06. 18:45;10,751
05.06. 19:00;7,6239
05.06. 19:15;2,5653
05.06. 19:30;1,2017
05.06. 19:45;0,78308
05.06. 20:00;0,79765
05.06. 20:15;0
05.06. 20:30;0
05.06. 20:45;0
05.06. 21:00;0
05.06. 21:15;0
05.06. 21:30;0
05.06. 21:45;0
05.06. 22:00;0
05.06. 22:15;0
05.06. 22:30;0
05.06. 22:45;0
05.06. 23:00;0
05.06. 23:15;0
05.06. 23:30;0
05.06. 23:45;0
06.06. 00:00;0
06.06. 00:15;0
06.06. 00:30;0
06.06. 00:45;0
06.06. 01:00;0
06.06. 01:15;0
06.06. 01:30;0
06.06. 01:45;0
06.06. 02:00;0
06.06. 02:15;0
06.06. 02:30;0
06.06. 02:45;0
06.06. 03:00;0
06.06. 03:15;0
06.06. 03:30;0
06.06. 03:45;0
06.06. 04:00;0,57179
06.06. 04:15;1,8699
06.06. 04:30;2,1155
06.06. 04:45;1,8262
06.06. 05:00;2,8633
06.06. 05:15;9,1252
06.06. 05:30;11,005
06.06. 05:45;18,435
06.06. 06:00;14,672
06.06. 06:15;21,721
06.06. 06:30;28,688
06.06. 06:45;34,393
06.06. 07:00;31,555
06.06. 07:15;34,78
06.06. 07:30;44,016
06.06. 07:45;53,751
06.06. 08:00;42,17
06.06. 08:15;66,314
06.06. 08:30;56,224
06.06. 08:45;51,959
06.06. 09:00;52,714
06.06. 09:15;62,953
06.06. 09:30;70,032
06.06. 09:45;71,024
06.06. 10:00;69,505
06.06. 10:15;72,436
06.06. 10:30;68,997
06.06. 10:45;72,348
06.06. 11:00;79,001
06.06. 11:15;77,248
06.06. 11:30;61,466
06.06. 11:45;74,486
06.06. 12:00;76,897
06.06. 12:15;72,936
06.06. 12:30;69,9
06.06. 12:45;70,391
06.06. 13:00;80,328
06.06. 13:15;76,092
06.06. 13:30;55,927
06.06. 13:45;71,949
06.06. 14:00;60,991
06.06. 14:15;72,079
06.06. 14:30;65,14
06.06. 14:45;60,672
06.06. 15:00;57,997
06.06. 15:15;58,776
06.06. 15:30;48,354
06.06. 15:45;40,372
06.06. 16:00;44,726
06.06. 16:15;27,849
06.06. 16:30;27,616
06.06. 16:45;24,134
06.06. 17:00;9,5697
06.06. 17:15;7,2211
06.06. 17:30;6,2007
06.06. 17:45;2,601
06.06. 18:00;2,0753
06.06. 18:15;5,6337
06.06. 18:30;7,7726
06.06. 18:45;4,8198
06.06. 19:00;5,0217
06.06. 19:15;7,338
06.06. 19:30;4,024
06.06. 19:45;2,0335
06.06. 20:00;0,80612
06.06. 20:15;0
06.06. 20:30;0
06.06. 20:45;0
06.06. 21:00;0
06.06. 21:15;0
06.06. 21:30;0
06.06. 21:45;0
06.06. 22:00;0
06.06. 22:15;0
06.06. 22:30;0
06.06. 22:45;0
06.06. 23:00;0
06.06. 23:15;0
06.06. 23:30;0
06.06. 23:45;0
07.06. 00:00;0
07.06. 00:15;0
07.06. 00:30;0
07.06. 00:45;0
07.06. 01:00;0
07.06. 01:15;0
07.06. 01:30;0
07.06. 01:45;0
07.06. 02:00;0
07.06. 02:15;0
07.06. 02:30;0
07.06. 02:45;0
07.06. 03:00;0
07.06. 03:15;0
07.06. 03:30;0
07.06. 03:45;0
07.06. 04:00;0,4975
07.06. 04:15;0,66543
07.06. 04:30;1,0209
07.06. 04:45;1,2584
07.06. 05:00;2,3923
07.06. 05:15;5,0284
07.06. 05:30;5,54
07.06. 05:45;12,634
07.06. 06:00;14,846
07.06. 06:15;19,413
07.06. 06:30;30,034
07.06. 06:45;16,704
07.06. 07:00;19,635
07.06. 07:15;34,404
07.06. 07:30;42,753
07.06. 07:45;50,952
07.06. 08:00;58,327
07.06. 08:15;45,674
07.06. 08:30;55,376
07.06. 08:45;58,703
07.06. 09:00;55,968
07.06. 09:15;55,22
07.06. 09:30;76,994
07.06. 09:45;65,556
07.06. 10:00;61,767
07.06. 10:15;80,017
07.06. 10:30;72,323
07.06. 10:45;55,631
07.06. 11:00;43,683
07.06. 11:15;81,585
07.06. 11:30;80,207
07.06. 11:45;75,569
07.06. 12:00;22,496
07.06. 12:15;27,708
07.06. 12:30;32,697
07.06. 12:45;33,031
07.06. 13:00;19,353
07.06. 13:15;21,668
07.06. 13:30;17,301
07.06. 13:45;17,899
07.06. 14:00;29,767
07.06. 14:15;46,232
07.06. 14:30;79,009
07.06. 14:45;66
07.06. 15:00;39,471
07.06. 15:15;52,638
07.06. 15:30;47,298
07.06. 15:45;37,299
07.06. 16:00;11,855
07.06. 16:15;9,7444
07.06. 16:30;6,8876
07.06. 16:45;5,1483
07.06. 17:00;4,2334
07.06. 17:15;3,1207
07.06. 17:30;0,81964
07.06. 17:45;0,82491
07.06. 18:00;0,66484
07.06. 18:15;1,7389
07.06. 18:30;1,0561
07.06. 18:45;0,54161
07.06. 19:00;0,30039
07.06. 19:15;0,30009
07.06. 19:30;0,06652
07.06. 19:45;0,03795
07.06. 20:00;0
07.06. 20:15;0
07.06. 20:30;0
07.06. 20:45;0
07.06. 21:00;0
07.06. 21:15;0
07.06. 21:30;0
07.06. 21:45;0
07.06. 22:00;0
07.06. 22:15;0
07.06. 22:30;0
07.06. 22:45;0
07.06. 23:00;0
07.06. 23:15;0
07.06. 23:30;0
07.06. 23:45;0
08.06. 00:00;0
08.06. 00:15;0
08.06. 00:30;0
08.06. 00:45;0
08.06. 01:00;0
08.06. 01:15;0
08.06. 01:30;0
08.06. 01:45;0
08.06. 02:00;0
08.06. 02:15;0
08.06. 02:30;0
08.06. 02:45;0
08.06. 03:00;0
08.06. 03:15;0
08.06. 03:30;0
08.06. 03:45;0
08.06. 04:00;0
08.06. 04:15;0,00632
08.06. 04:30;0,04907
08.06. 04:45;0,11252
08.06. 05:00;0,98654
08.06. 05:15;4,8329
08.06. 05:30;8,9276
08.06. 05:45;15,939
08.06. 06:00;12,991
08.06. 06:15;8,0215
08.06. 06:30;8,4282
08.06. 06:45;8,2686
08.06. 07:00;7,5303
08.06. 07:15;9,8912
08.06. 07:30;18,988
08.06. 07:45;36,186
08.06. 08:00;49,972
08.06. 08:15;31,745
08.06. 08:30;21,816
08.06. 08:45;29,082
08.06. 09:00;41,092
08.06. 09:15;34,078
08.06. 09:30;39,053
08.06. 09:45;38,641
08.06. 10:00;42,225
08.06. 10:15;52,693
08.06. 10:30;29,021
08.06. 10:45;29,623
08.06. 11:00;36,504
08.06. 11:15;42,832
08.06. 11:30;50,956
08.06. 11:45;37,059
08.06. 12:00;38,339
08.06. 12:15;45,141
08.06. 12:30;50,18
08.06. 12:45;33,553
08.06. 13:00;42,733
08.06. 13:15;58,074
08.06. 13:30;54,862
08.06. 13:45;37,459
08.06. 14:00;38,343
08.06. 14:15;52,378
08.06. 14:30;42,255
08.06. 14:45;33,827
08.06. 15:00;29,1
08.06. 15:15;20,582
08.06. 15:30;13,485
08.06. 15:45;10,375
08.06. 16:00;18,86
08.06. 16:15;35,721
08.06. 16:30;16,448
08.06. 16:45;11,739
08.06. 17:00;19,639
08.06. 17:15;43,88
08.06. 17:30;38,366
08.06. 17:45;14,023
08.06. 18:00;10,236
08.06. 18:15;11,393
08.06. 18:30;10,426
08.06. 18:45;14,677
08.06. 19:00;7,7681
08.06. 19:15;2,8363
08.06. 19:30;1,2872
08.06. 19:45;0,39505
08.06. 20:00;0,45458
08.06. 20:15;0
08.06. 20:30;0
08.06. 20:45;0
08.06. 21:00;0
08.06. 21:15;0
08.06. 21:30;0
08.06. 21:45;0
08.06. 22:00;0
08.06. 22:15;0
08.06. 22:30;0
08.06. 22:45;0
08.06. 23:00;0
08.06. 23:15;0
08.06. 23:30;0
08.06. 23:45;0
09.06. 00:00;0
09.06. 00:15;0
09.06. 00:30;0
09.06. 00:45;0
09.06. 01:00;0
09.06. 01:15;0
09.06. 01:30;0
09.06. 01:45;0
09.06. 02:00;0
09.06. 02:15;0
09.06. 02:30;0
09.06. 02:45;0
09.06. 03:00;0
09.06. 03:15;0
09.06. 03:30;0
09.06. 03:45;0
09.06. 04:00;1,1362
09.06. 04:15;2,6743
09.06. 04:30;2,7162
09.06. 04:45;5,3809
09.06. 05:00;5,7709
09.06. 05:15;12,44
09.06. 05:30;18,066
09.06. 05:45;21,089
09.06. 06:00;26,482
09.06. 06:15;26,718
09.06. 06:30;30,004
09.06. 06:45;37,348
09.06. 07:00;40,344
09.06. 07:15;43,298
09.06. 07:30;46,653
09.06. 07:45;49,933
09.06. 08:00;53,702
09.06. 08:15;56,812
09.06. 08:30;59,725
09.06. 08:45;62,499
09.06. 09:00;64,281
09.06. 09:15;66,299
09.06. 09:30;68,487
09.06. 09:45;70,515
09.06. 10:00;70,128
09.06. 10:15;71,414
09.06. 10:30;72,274
09.06. 10:45;73,22
09.06. 11:00;68,79
09.06. 11:15;78,443
09.06. 11:30;54,238
09.06. 11:45;65,82
09.06. 12:00;51,574
09.06. 12:15;57,345
09.06. 12:30;49,968
09.06. 12:45;59,163
09.06. 13:00;55,612
09.06. 13:15;57,873
09.06. 13:30;55,486
09.06. 13:45;54,751
09.06. 14:00;55,156
09.06. 14:15;61,47
09.06. 14:30;63,698
09.06. 14:45;66,795
09.06. 15:00;60,903
09.06. 15:15;58,44
09.06. 15:30;55,764
09.06. 15:45;52,949
09.06. 16:00;49,747
09.06. 16:15;46,494
09.06. 16:30;43,438
09.06. 16:45;40,547
09.06. 17:00;36,357
09.06. 17:15;32,858
09.06. 17:30;29,596
09.06. 17:45;26,332
09.06. 18:00;23,334
09.06. 18:15;18,005
09.06. 18:30;13,249
09.06. 18:45;10,096
09.06. 19:00;4,3394
09.06. 19:15;5,0078
09.06. 19:30;1,7696
09.06. 19:45;0,86069
09.06. 20:00;1,6179
09.06. 20:15;0,05156
09.06. 20:30;0
09.06. 20:45;0
09.06. 21:00;0
09.06. 21:15;0
09.06. 21:30;0
09.06. 21:45;0
09.06. 22:00;0
09.06. 22:15;0
09.06. 22:30;0
09.06. 22:45;0
09.06. 23:00;0
09.06. 23:15;0
09.06. 23:30;0
09.06. 23:45;0
10.06. 00:00;0
10.06. 00:15;0
10.06. 00:30;0
10.06. 00:45;0
10.06. 01:00;0
10.06. 01:15;0
10.06. 01:30;0
10.06. 01:45;0
10.06. 02:00;0
10.06. 02:15;0
10.06. 02:30;0
10.06. 02:45;0
10.06. 03:00;0
10.06. 03:15;0
10.06. 03:30;0
10.06. 03:45;0
10.06. 04:00;0
10.06. 04:15;0
10.06. 04:30;0,0418
10.06. 04:45;0,13744
10.06. 05:00;0,29106
10.06. 05:15;0,87031
10.06. 05:30;1,4188
10.06. 05:45;2,3833
10.06. 06:00;3,4798
10.06. 06:15;5,6088
10.06. 06:30;7,504
10.06. 06:45;10,25
10.06. 07:00;14,322
10.06. 07:15;12,663
10.06. 07:30;14,84
10.06. 07:45;18,427
10.06. 08:00;17,388
10.06. 08:15;14,513
10.06. 08:30;13,202
10.06. 08:45;9,4785
10.06. 09:00;18,574
10.06. 09:15;32,789
10.06. 09:30;23,77
10.06. 09:45;31,808
10.06. 10:00;52,211
10.06. 10:15;44,517
10.06. 10:30;21,863
10.06. 10:45;10,496
10.06. 11:00;6,9824
10.06. 11:15;26,559
10.06. 11:30;39,745
10.06. 11:45;49,701
10.06. 12:00;32,996
10.06. 12:15;26,643
10.06. 12:30;22,128
10.06. 12:45;20,047
10.06. 13:00;21,823
10.06. 13:15;13,855
10.06. 13:30;12,591
10.06. 13:45;12,463
10.06. 14:00;9,8736
10.06. 14:15;5,9418
10.06. 14:30;5,0752
10.06. 14:45;6,6456
10.06. 15:00;6,4222
10.06. 15:15;6,6802
10.06. 15:30;5,9601
10.06. 15:45;7,1774
10.06. 16:00;3,0549
10.06. 16:15;3,8595
10.06. 16:30;6,9079
10.06. 16:45;6,1218
10.06. 17:00;6,0692
10.06. 17:15;3,7761
10.06. 17:30;2,2871
10.06. 17:45;1,391
10.06. 18:00;1,3335
10.06. 18:15;1,7099
10.06. 18:30;2,0144
10.06. 18:45;1,1953
10.06. 19:00;0,49422
10.06. 19:15;0,29644
10.06. 19:30;0,16925
10.06. 19:45;0,01635
10.06. 20:00;0
10.06. 20:15;0
10.06. 20:30;0
10.06. 20:45;0
10.06. 21:00;0
10.06. 21:15;0
10.06. 21:30;0
10.06. 21:45;0
10.06. 22:00;0
10.06. 22:15;0
10.06. 22:30;0
10.06. 22:45;0
10.06. 23:00;0
10.06. 23:15;0
10.06. 23:30;0
10.06. 23:45;0
11.06. 00:00;0
11.06. 00:15;0
11.06. 00:30;0
11.06. 00:45;0
11.06. 01:00;0
11.06. 01:15;0
11.06. 01:30;0
11.06. 01:45;0
11.06. 02:00;0
11.06. 02:15;0
11.06. 02:30;0
11.06. 02:45;0
11.06. 03:00;0
11.06. 03:15;0
11.06. 03:30;0
11.06. 03:45;0
11.06. 04:00;0,05783
11.06. 04:15;0,09337
11.06. 04:30;0,16566
11.06. 04:45;0,16804
11.06. 05:00;0,19751
11.06. 05:15;0,1722
11.06. 05:30;0,80947
11.06. 05:45;2,4399
11.06. 06:00;4,0183
11.06. 06:15;3,3762
11.06. 06:30;3,1317
11.06. 06:45;2,7571
11.06. 07:00;4,0326
11.06. 07:15;13,723
11.06. 07:30;22,412
11.06. 07:45;25,41
11.06. 08:00;29,892
11.06. 08:15;26,77
11.06. 08:30;20,523
11.06. 08:45;17,467
11.06. 09:00;24,691
11.06. 09:15;22,798
11.06. 09:30;27,543
11.06. 09:45;25,135
11.06. 10:00;17,027
11.06. 10:15;24,171
11.06. 10:30;21,391
11.06. 10:45;16,039
11.06. 11:00;16,928
11.06. 11:15;17,37
11.06. 11:30;23,554
11.06. 11:45;37,274
11.06. 12:00;42,007
11.06. 12:15;50,909
11.06. 12:30;53,631
11.06. 12:45;40,802
11.06. 13:00;51,83
11.06. 13:15;73,1
11.06. 13:30;69,521
11.06. 13:45;72,003
11.06. 14:00;49,938
11.06. 14:15;61,335
11.06. 14:30;60,332
11.06. 14:45;50,318
11.06. 15:00;50,781
11.06. 15:15;54,921
11.06. 15:30;51,939
11.06. 15:45;24,352
11.06. 16:00;24,319
11.06. 16:15;28,586
11.06. 16:30;39,296
11.06. 16:45;39,663
11.06. 17:00;22,445
11.06. 17:15;16,416
11.06. 17:30;12,501
11.06. 17:45;10,302
11.06. 18:00;7,1187
11.06. 18:15;5,0185
11.06. 18:30;4,942
11.06. 18:45;3,1286
11.06. 19:00;1,8546
11.06. 19:15;0,72074
11.06. 19:30;0,21409
11.06. 19:45;0,04179
11.06. 20:00;0
11.06. 20:15;0
11.06. 20:30;0
11.06. 20:45;0
11.06. 21:00;0
11.06. 21:15;0
11.06. 21:30;0
11.06. 21:45;0
11.06. 22:00;0
11.06. 22:15;0
11.06. 22:30;0
11.06. 22:45;0
11.06. 23:00;0
11.06. 23:15;0
11.06. 23:30;0
11.06. 23:45;0
12.06. 00:00;0
12.06. 00:15;0
12.06. 00:30;0
12.06. 00:45;0
12.06. 01:00;0
12.06. 01:15;0
12.06. 01:30;0
12.06. 01:45;0
12.06. 02:00;0
12.06. 02:15;0
12.06. 02:30;0
12.06. 02:45;0
12.06. 03:00;0
12.06. 03:15;0
12.06. 03:30;0
12.06. 03:45;0
12.06. 04:00;0
12.06. 04:15;0,05732
12.06. 04:30;0,01087
12.06. 04:45;0,08051
12.06. 05:00;0,26882
12.06. 05:15;0,57598
12.06. 05:30;1,0634
12.06. 05:45;0,64636
12.06. 06:00;1,2348
12.06. 06:15;1,3448
12.06. 06:30;3,1716
12.06. 06:45;7,4344
12.06. 07:00;9,2852
12.06. 07:15;9,6173
12.06. 07:30;7,7633
12.06. 07:45;6,8991
12.06. 08:00;7,6167
12.06. 08:15;10,711
12.06. 08:30;18,794
12.06. 08:45;22,011
12.06. 09:00;14,165
12.06. 09:15;19,812
12.06. 09:30;21,332
12.06. 09:45;24,818
12.06. 10:00;22,073
12.06. 10:15;23,616
12.06. 10:30;18,465
12.06. 10:45;11,945
12.06. 11:00;11,943
12.06. 11:15;21,317
12.06. 11:30;36,678
12.06. 11:45;52,826
12.06. 12:00;27,808
12.06. 12:15;36,209
12.06. 12:30;55,019
12.06. 12:45;41,718
12.06. 13:00;32,487
12.06. 13:15;32,111
12.06. 13:30;35,339
12.06. 13:45;22,164
12.06. 14:00;27,742
12.06. 14:15;41,307
12.06. 14:30;38,061
12.06. 14:45;27,624
12.06. 15:00;29,547
12.06. 15:15;23,901
12.06. 15:30;16,578
12.06. 15:45;16,233
12.06. 16:00;14,905
12.06. 16:15;5,1038
12.06. 16:30;3,9563
12.06. 16:45;3,0893
12.06. 17:00;2,8393
12.06. 17:15;4,0315
12.06. 17:30;4,4058
12.06. 17:45;2,3222
12.06. 18:00;2,3186
12.06. 18:15;1,9989
12.06. 18:30;1,3058
12.06. 18:45;1,7774
12.06. 19:00;0,27464
12.06. 19:15;0,08021
12.06. 19:30;0,03223
12.06. 19:45;0
12.06. 20:00;0
12.06. 20:15;0
12.06. 20:30;0
12.06. 20:45;0
12.06. 21:00;0
12.06. 21:15;0
12.06. 21:30;0
12.06. 21:45;0
12.06. 22:00;0
12.06. 22:15;0
12.06. 22:30;0
12.06. 22:45;0
12.06. 23:00;0
12.06. 23:15;0
12.06. 23:30;0
12.06. 23:45;0
13.06. 00:00;0
13.06. 00:15;0
13.06. 00:30;0
13.06. 00:45;0
13.06. 01:00;0
13.06. 01:15;0
13.06. 01:30;0
13.06. 01:45;0
13.06. 02:00;0
13.06. 02:15;0
13.06. 02:30;0
13.06. 02:45;0
13.06. 03:00;0
13.06. 03:15;0
13.06. 03:30;0
13.06. 03:45;0
13.06. 04:00;0
13.06. 04:15;0
13.06. 04:30;0,05768
13.06. 04:45;0,11951
13.06. 05:00;0,16029
13.06. 05:15;0,47758
13.06. 05:30;0,99528
13.06. 05:45;2,6246
13.06. 06:00;3,5682
13.06. 06:15;6,6006
13.06. 06:30;11,325
13.06. 06:45;12,698
13.06. 07:00;17,618
13.06. 07:15;14,304
13.06. 07:30;12,786
13.06. 07:45;13,925
13.06. 08:00;13,997
13.06. 08:15;36,706
13.06. 08:30;34,32
13.06. 08:45;24,2
13.06. 09:00;25,037
13.06. 09:15;28,057
13.06. 09:30;45,153
13.06. 09:45;46,218
13.06. 10:00;25,29
13.06. 10:15;30,254
13.06. 10:30;54,206
13.06. 10:45;76,349
13.06. 11:00;64,575
13.06. 11:15;36,148
13.06. 11:30;35,631
13.06. 11:45;32,614
13.06. 12:00;27,705
13.06. 12:15;40,099
13.06. 12:30;31,384
13.06. 12:45;34,366
13.06. 13:00;31,244
13.06. 13:15;34,949
13.06. 13:30;60,145
13.06. 13:45;58,948
13.06. 14:00;50,747
13.06. 14:15;31,566
13.06. 14:30;65,255
13.06. 14:45;29,568
13.06. 15:00;46,537
13.06. 15:15;60,492
13.06. 15:30;27,307
13.06. 15:45;29,64
13.06. 16:00;29,053
13.06. 16:15;21,895
13.06. 16:30;36,825
13.06. 16:45;39,826
13.06. 17:00;34,798
13.06. 17:15;34,361
13.06. 17:30;9,612
13.06. 17:45;12,531
13.06. 18:00;22,345
13.06. 18:15;19,829
13.06. 18:30;17,112
13.06. 18:45;9,0596
13.06. 19:00;11,554
13.06. 19:15;4,276
13.06. 19:30;1,8335
13.06. 19:45;2,8166
13.06. 20:00;1,0172
13.06. 20:15;0,01302
13.06. 20:30;0
13.06. 20:45;0
13.06. 21:00;0
13.06. 21:15;0
13.06. 21:30;0
13.06. 21:45;0
13.06. 22:00;0
13.06. 22:15;0
13.06. 22:30;0
13.06. 22:45;0
13.06. 23:00;0
13.06. 23:15;0
13.06. 23:30;0
13.06. 23:45;0
14.06. 00:00;0
14.06. 00:15;0
14.06. 00:30;0
14.06. 00:45;0
14.06. 01:00;0
14.06. 01:15;0
14.06. 01:30;0
14.06. 01:45;0
14.06. 02:00;0
14.06. 02:15;0
14.06. 02:30;0
14.06. 02:45;0
14.06. 03:00;0
14.06. 03:15;0
14.06. 03:30;0
14.06. 03:45;0
14.06. 04:00;0,01104
14.06. 04:15;0
14.06. 04:30;0,04991
14.06. 04:45;0,12535
14.06. 05:00;0,63385
14.06. 05:15;1,5044
14.06. 05:30;3,732
14.06. 05:45;4,8574
14.06. 06:00;7,863
14.06. 06:15;12,757
14.06. 06:30;17,817
14.06. 06:45;18,754
14.06. 07:00;23,211
14.06. 07:15;40,282
14.06. 07:30;35,51
14.06. 07:45;46,833
14.06. 08:00;40,961
14.06. 08:15;60,624
14.06. 08:30;55,947
14.06. 08:45;58,085
14.06. 09:00;53,158
14.06. 09:15;65,783
14.06. 09:30;68,74
14.06. 09:45;41,448
14.06. 10:00;34,826
14.06. 10:15;39,961
14.06. 10:30;47,874
14.06. 10:45;53,789
14.06. 11:00;37,798
14.06. 11:15;33,936
14.06. 11:30;32,51
14.06. 11:45;32,251
14.06. 12:00;46,335
14.06. 12:15;43,517
14.06. 12:30;22,196
14.06. 12:45;10,189
14.06. 13:00;13,037
14.06. 13:15;33,924
14.06. 13:30;42,529
14.06. 13:45;46,205
14.06. 14:00;31,411
14.06. 14:15;36,794
14.06. 14:30;36,351
14.06. 14:45;32,728
14.06. 15:00;48,576
14.06. 15:15;29,292
14.06. 15:30;30,376
14.06. 15:45;26,802
14.06. 16:00;16,367
14.06. 16:15;19,829
14.06. 16:30;35,913
14.06. 16:45;40,385
14.06. 17:00;28,541
14.06. 17:15;17,443
14.06. 17:30;10,836
14.06. 17:45;7,1636
14.06. 18:00;4,8429
14.06. 18:15;7,5962
14.06. 18:30;7,125
14.06. 18:45;7,5067
14.06. 19:00;5,4936
14.06. 19:15;4,504
14.06. 19:30;1,735
14.06. 19:45;0,77093
14.06. 20:00;0,98366
14.06. 20:15;0,01248
14.06. 20:30;0
14.06. 20:45;0
14.06. 21:00;0
14.06. 21:15;0
14.06. 21:30;0
14.06. 21:45;0
14.06. 22:00;0
14.06. 22:15;0
14.06. 22:30;0
14.06. 22:45;0
14.06. 23:00;0
14.06. 23:15;0
14.06. 23:30;0
14.06. 23:45;0
15.06. 00:00;0
15.06. 00:15;0
15.06. 00:30;0
15.06. 00:45;0
15.06. 01:00;0
15.06. 01:15;0
15.06. 01:30;0
15.06. 01:45;0
15.06. 02:00;0
15.06. 02:15;0
15.06. 02:30;0
15.06. 02:45;0
15.06. 03:00;0
15.06. 03:15;0
15.06. 03:30;0
15.06. 03:45;0
15.06. 04:00;1,2924
15.06. 04:15;2,8815
15.06. 04:30;7,1391
15.06. 04:45;6,1067
15.06. 05:00;10,146
15.06. 05:15;11,457
15.06. 05:30;17,226
15.06. 05:45;22,676
15.06. 06:00;22,457
15.06. 06:15;29,585
15.06. 06:30;30,864
15.06. 06:45;32,027
15.06. 07:00;35,504
15.06. 07:15;40,035
15.06. 07:30;40,96
15.06. 07:45;35,348
15.06. 08:00;57,338
15.06. 08:15;61,911
15.06. 08:30;56,481
15.06. 08:45;20,248
15.06. 09:00;20,995
15.06. 09:15;71,305
15.06. 09:30;76,28
15.06. 09:45;76,565
15.06. 10:00;59,263
15.06. 10:15;66,608
15.06. 10:30;80,233
15.06. 10:45;72,02
15.06. 11:00;58,967
15.06. 11:15;79,524
15.06. 11:30;67,451
15.06. 11:45;81,351
15.06. 12:00;72,477
15.06. 12:15;59,805
15.06. 12:30;65,353
15.06. 12:45;79,097
15.06. 13:00;36,162
15.06. 13:15;49,546
15.06. 13:30;77,764
15.06. 13:45;72,699
15.06. 14:00;54,42
15.06. 14:15;48,958
15.06. 14:30;42,878
15.06. 14:45;57,217
15.06. 15:00;49,422
15.06. 15:15;37,823
15.06. 15:30;38,379
15.06. 15:45;35,17
15.06. 16:00;38,688
15.06. 16:15;35,76
15.06. 16:30;22,875
15.06. 16:45;14,547
15.06. 17:00;12,71
15.06. 17:15;15,868
15.06. 17:30;27,095
15.06. 17:45;27,928
15.06. 18:00;19,158
15.06. 18:15;5,0045
15.06. 18:30;3,986
15.06. 18:45;3,3317
15.06. 19:00;1,568
15.06. 19:15;0,77719
15.06. 19:30;0,32264
15.06. 19:45;0,0554
15.06. 20:00;0
15.06. 20:15;0
15.06. 20:30;0
15.06. 20:45;0
15.06. 21:00;0
15.06. 21:15;0
15.06. 21:30;0
15.06. 21:45;0
15.06. 22:00;0
15.06. 22:15;0
15.06. 22:30;0
15.06. 22:45;0
15.06. 23:00;0
15.06. 23:15;0
15.06. 23:30;0
15.06. 23:45;0
16.06. 00:00;0
16.06. 00:15;0
16.06. 00:30;0
16.06. 00:45;0
16.06. 01:00;0
16.06. 01:15;0
16.06. 01:30;0
16.06. 01:45;0
16.06. 02:00;0
16.06. 02:15;0
16.06. 02:30;0
16.06. 02:45;0
16.06. 03:00;0
16.06. 03:15;0
16.06. 03:30;0
16.06. 03:45;0
16.06. 04:00;0,77702
16.06. 04:15;0,5254
16.06. 04:30;0,58418
16.06. 04:45;0,60434
16.06. 05:00;1,6129
16.06. 05:15;3,1073
16.06. 05:30;3,608
16.06. 05:45;4,5965
16.06. 06:00;5,1173
16.06. 06:15;4,7395
16.06. 06:30;5,3282
16.06. 06:45;6,6251
16.06. 07:00;13,049
16.06. 07:15;17,397
16.06. 07:30;15,072
16.06. 07:45;19,922
16.06. 08:00;18,182
16.06. 08:15;21,398
16.06. 08:30;19,63
16.06. 08:45;22,16
16.06. 09:00;25,771
16.06. 09:15;26,355
16.06. 09:30;19,042
16.06. 09:45;19,27
16.06. 10:00;18,729
16.06. 10:15;19,393
16.06. 10:30;42,076
16.06. 10:45;71,577
16.06. 11:00;52,513
16.06. 11:15;49,224
16.06. 11:30;45,762
16.06. 11:45;60,588
16.06. 12:00;49,742
16.06. 12:15;37,563
16.06. 12:30;33,696
16.06. 12:45;38,119
16.06. 13:00;33,486
16.06. 13:15;39,46
16.06. 13:30;45,519
16.06. 13:45;30,813
16.06. 14:00;24,182
16.06. 14:15;16,062
16.06. 14:30;12,166
16.06. 14:45;10,082
16.06. 15:00;10,675
16.06. 15:15;11,757
16.06. 15:30;12,227
16.06. 15:45;17,978
16.06. 16:00;12,602
16.06. 16:15;8,061
16.06. 16:30;4,7696
16.06. 16:45;3,3522
16.06. 17:00;3,239
16.06. 17:15;9,1768
16.06. 17:30;17,304
16.06. 17:45;22,486
16.06. 18:00;10,408
16.06. 18:15;6,3608
16.06. 18:30;6,0308
16.06. 18:45;5,4912
16.06. 19:00;4,3234
16.06. 19:15;2,1634
16.06. 19:30;1,68
16.06. 19:45;1,3319
16.06. 20:00;0,67863
16.06. 20:15;0,0178
16.06. 20:30;0
16.06. 20:45;0
16.06. 21:00;0
16.06. 21:15;0
16.06. 21:30;0
16.06. 21:45;0
16.06. 22:00;0
16.06. 22:15;0
16.06. 22:30;0
16.06. 22:45;0
16.06. 23:00;0
16.06. 23:15;0
16.06. 23:30;0
16.06. 23:45;0
17.06. 00:00;0
17.06. 00:15;0
17.06. 00:30;0
17.06. 00:45;0
17.06. 01:00;0
17.06. 01:15;0
17.06. 01:30;0
17.06. 01:45;0
17.06. 02:00;0
17.06. 02:15;0
17.06. 02:30;0
17.06. 02:45;0
17.06. 03:00;0
17.06. 03:15;0
17.06. 03:30;0
17.06. 03:45;0
17.06. 04:00;0,32824
17.06. 04:15;0,64825
17.06. 04:30;1,0598
17.06. 04:45;1,966
17.06. 05:00;6,1957
17.06. 05:15;11,41
17.06. 05:30;9,3147
17.06. 05:45;10,523
17.06. 06:00;14,681
17.06. 06:15;26,356
17.06. 06:30;30,008
17.06. 06:45;35,887
17.06. 07:00;30,816
17.06. 07:15;38,277
17.06. 07:30;48,25
17.06. 07:45;51,683
17.06. 08:00;49,437
17.06. 08:15;54,191
17.06. 08:30;48,498
17.06. 08:45;50,452
17.06. 09:00;45,175
17.06. 09:15;70,675
17.06. 09:30;73,208
17.06. 09:45;73,661
17.06. 10:00;69,684
17.06. 10:15;78,344
17.06. 10:30;78,61
17.06. 10:45;73,835
17.06. 11:00;58,324
17.06. 11:15;81,629
17.06. 11:30;80,315
17.06. 11:45;81,096
17.06. 12:00;71,418
17.06. 12:15;79,851
17.06. 12:30;78,825
17.06. 12:45;70,142
17.06. 13:00;71,985
17.06. 13:15;79,543
17.06. 13:30;77,4
17.06. 13:45;73,597
17.06. 14:00;72,609
17.06. 14:15;71,641
17.06. 14:30;68,954
17.06. 14:45;60,813
17.06. 15:00;44,872
17.06. 15:15;53,357
17.06. 15:30;42,298
17.06. 15:45;39,744
17.06. 16:00;40,288
17.06. 16:15;27,103
17.06. 16:30;24,885
17.06. 16:45;17,83
17.06. 17:00;16,483
17.06. 17:15;23,583
17.06. 17:30;20,987
17.06. 17:45;13,628
17.06. 18:00;16,721
17.06. 18:15;11,898
17.06. 18:30;7,7195
17.06. 18:45;7,4751
17.06. 19:00;7,408
17.06. 19:15;4,6164
17.06. 19:30;4,1554
17.06. 19:45;4,2314
17.06. 20:00;0
17.06. 20:15;0
17.06. 20:30;0
17.06. 20:45;0
17.06. 21:00;0
17.06. 21:15;0
17.06. 21:30;0
17.06. 21:45;0
17.06. 22:00;0
17.06. 22:15;0
17.06. 22:30;0
17.06. 22:45;0
17.06. 23:00;0
17.06. 23:15;0
17.06. 23:30;0
17.06. 23:45;0
18.06. 00:00;0
18.06. 00:15;0
18.06. 00:30;0
18.06. 00:45;0
18.06. 01:00;0
18.06. 01:15;0
18.06. 01:30;0
18.06. 01:45;0
18.06. 02:00;0
18.06. 02:15;0
18.06. 02:30;0
18.06. 02:45;0
18.06. 03:00;0
18.06. 03:15;0
18.06. 03:30;0
18.06. 03:45;0
18.06. 04:00;0,86029
18.06. 04:15;1,0837
18.06. 04:30;0,76981
18.06. 04:45;0,48127
18.06. 05:00;0,86868
18.06. 05:15;3,2194
18.06. 05:30;6,1712
18.06. 05:45;5,3883
18.06. 06:00;12,413
18.06. 06:15;16,272
18.06. 06:30;29,189
18.06. 06:45;17,33
18.06. 07:00;22,095
18.06. 07:15;38,533
18.06. 07:30;52,28
18.06. 07:45;46,521
18.06. 08:00;45,715
18.06. 08:15;52,96
18.06. 08:30;45,502
18.06. 08:45;52,861
18.06. 09:00;51,143
18.06. 09:15;38,734
18.06. 09:30;58,779
18.06. 09:45;43,111
18.06. 10:00;14,695
18.06. 10:15;32,592
18.06. 10:30;81,815
18.06. 10:45;82,082
18.06. 11:00;59,425
18.06. 11:15;71,468
18.06. 11:30;63,395
18.06. 11:45;31,861
18.06. 12:00;36,942
18.06. 12:15;36,474
18.06. 12:30;37,615
18.06. 12:45;57,478
18.06. 13:00;52,91
18.06. 13:15;49,451
18.06. 13:30;34,134
18.06. 13:45;43,672
18.06. 14:00;41,28
18.06. 14:15;52,253
18.06. 14:30;56,45
18.06. 14:45;43,532
18.06. 15:00;48,137
18.06. 15:15;57,601
18.06. 15:30;47,45
18.06. 15:45;20,269
18.06. 16:00;18,814
18.06. 16:15;22,622
18.06. 16:30;39,58
18.06. 16:45;42,244
18.06. 17:00;33,788
18.06. 17:15;17,395
18.06. 17:30;29,049
18.06. 17:45;13,131
18.06. 18:00;11,179
18.06. 18:15;18,53
18.06. 18:30;15,215
18.06. 18:45;7,0562
18.06. 19:00;2,2526
18.06. 19:15;1,1582
18.06. 19:30;0,90845
18.06. 19:45;0,31919
18.06. 20:00;0
18.06. 20:15;0
18.06. 20:30;0
18.06. 20:45;0
18.06. 21:00;0
18.06. 21:15;0
18.06. 21:30;0
18.06. 21:45;0
18.06. 22:00;0
18.06. 22:15;0
18.06. 22:30;0
18.06. 22:45;0
18.06. 23:00;0
18.06. 23:15;0
18.06. 23:30;0
18.06. 23:45;0
19.06. 00:00;0
19.06. 00:15;0
19.06. 00:30;0
19.06. 00:45;0
19.06. 01:00;0
19.06. 01:15;0
19.06. 01:30;0
19.06. 01:45;0
19.06. 02:00;0
19.06. 02:15;0
19.06. 02:30;0
19.06. 02:45;0
19.06. 03:00;0
19.06. 03:15;0
19.06. 03:30;0
19.06. 03:45;0
19.06. 04:00;0,02638
19.06. 04:15;0,01539
19.06. 04:30;0
19.06. 04:45;0,0793
19.06. 05:00;0,5784
19.06. 05:15;1,5229
19.06. 05:30;3,9508
19.06. 05:45;11,04
19.06. 06:00;15,051
19.06. 06:15;18,516
19.06. 06:30;28,431
19.06. 06:45;9,3602
19.06. 07:00;13,202
19.06. 07:15;17,879
19.06. 07:30;28,936
19.06. 07:45;40,478
19.06. 08:00;31,89
19.06. 08:15;40,057
19.06. 08:30;46,642
19.06. 08:45;49,285
19.06. 09:00;23,021
19.06. 09:15;57,405
19.06. 09:30;67,513
19.06. 09:45;52,942
19.06. 10:00;41,435
19.06. 10:15;41,701
19.06. 10:30;40,102
19.06. 10:45;42,976
19.06. 11:00;35,345
19.06. 11:15;38,86
19.06. 11:30;40,011
19.06. 11:45;31,48
19.06. 12:00;37,316
19.06. 12:15;34,825
19.06. 12:30;73,577
19.06. 12:45;72,127
19.06. 13:00;52,58
19.06. 13:15;63,013
19.06. 13:30;46,55
19.06. 13:45;21,46
19.06. 14:00;28,483
19.06. 14:15;36,336
19.06. 14:30;55,292
19.06. 14:45;49,541
19.06. 15:00;34,136
19.06. 15:15;57,119
19.06. 15:30;58,18
19.06. 15:45;51,788
19.06. 16:00;37,879
19.06. 16:15;24,28
19.06. 16:30;19,214
19.06. 16:45;20,469
19.06. 17:00;17,665
19.06. 17:15;14,391
19.06. 17:30;13,159
19.06. 17:45;7,7597
19.06. 18:00;5,9213
19.06. 18:15;7,3053
19.06. 18:30;6,6473
19.06. 18:45;4,3137
19.06. 19:00;3,8273
19.06. 19:15;2,7119
19.06. 19:30;2,441
19.06. 19:45;3,0535
19.06. 20:00;0
19.06. 20:15;0
19.06. 20:30;0
19.06. 20:45;0
19.06. 21:00;0
19.06. 21:15;0
19.06. 21:30;0
19.06. 21:45;0
19.06. 22:00;0
19.06. 22:15;0
19.06. 22:30;0
19.06. 22:45;0
19.06. 23:00;0
19.06. 23:15;0
19.06. 23:30;0
19.06. 23:45;0
20.06. 00:00;0
20.06. 00:15;0
20.06. 00:30;0
20.06. 00:45;0
20.06. 01:00;0
20.06. 01:15;0
20.06. 01:30;0
20.06. 01:45;0
20.06. 02:00;0
20.06. 02:15;0
20.06. 02:30;0
20.06. 02:45;0
20.06. 03:00;0
20.06. 03:15;0
20.06. 03:30;0
20.06. 03:45;0
20.06. 04:00;0,03072
20.06. 04:15;0,06718
20.06. 04:30;0,1509
20.06. 04:45;0,25977
20.06. 05:00;1,2517
20.06. 05:15;7,077
20.06. 05:30;11,049
20.06. 05:45;7,7286
20.06. 06:00;8,6939
20.06. 06:15;8,5165
20.06. 06:30;8,9138
20.06. 06:45;19,525
20.06. 07:00;17,188
20.06. 07:15;11,852
20.06. 07:30;11,637
20.06. 07:45;11,549
20.06. 08:00;12,59
20.06. 08:15;12,511
20.06. 08:30;19,066
20.06. 08:45;24,542
20.06. 09:00;17,916
20.06. 09:15;16,621
20.06. 09:30;14,049
20.06. 09:45;24,633
20.06. 10:00;34,655
20.06. 10:15;33,128
20.06. 10:30;37,898
20.06. 10:45;32,673
20.06. 11:00;37,746
20.06. 11:15;64,531
20.06. 11:30;49,401
20.06. 11:45;49,849
20.06. 12:00;47,867
20.06. 12:15;72,237
20.06. 12:30;45,986
20.06. 12:45;67,742
20.06. 13:00;38,244
20.06. 13:15;61,186
20.06. 13:30;56,429
20.06. 13:45;64,512
20.06. 14:00;34,63
20.06. 14:15;59,332
20.06. 14:30;63,734
20.06. 14:45;66,329
20.06. 15:00;41,798
20.06. 15:15;51,663
20.06. 15:30;67,538
20.06. 15:45;55,345
20.06. 16:00;46,718
20.06. 16:15;48,501
20.06. 16:30;43,079
20.06. 16:45;39,278
20.06. 17:00;37,802
20.06. 17:15;33,573
20.06. 17:30;26,018
20.06. 17:45;25,357
20.06. 18:00;21,622
20.06. 18:15;20,535
20.06. 18:30;16,718
20.06. 18:45;10,52
20.06. 19:00;7,9708
20.06. 19:15;8,8428
20.06. 19:30;2,4955
20.06. 19:45;2,8603
20.06. 20:00;1,0762
20.06. 20:15;0
20.06. 20:30;0
20.06. 20:45;0
20.06. 21:00;0
20.06. 21:15;0
20.06. 21:30;0
20.06. 21:45;0
20.06. 22:00;0
20.06. 22:15;0
20.06. 22:30;0
20.06. 22:45;0
20.06. 23:00;0
20.06. 23:15;0
20.06. 23:30;0
20.06. 23:45;0
21.06. 00:00;0
21.06. 00:15;0
21.06. 00:30;0
21.06. 00:45;0
21.06. 01:00;0
21.06. 01:15;0
21.06. 01:30;0
21.06. 01:45;0
21.06. 02:00;0
21.06. 02:15;0
21.06. 02:30;0
21.06. 02:45;0
21.06. 03:00;0
21.06. 03:15;0
21.06. 03:30;0
21.06. 03:45;0
21.06. 04:00;0,41675
21.06. 04:15;0,43698
21.06. 04:30;0,77344
21.06. 04:45;1,6293
21.06. 05:00;2,8197
21.06. 05:15;2,4529
21.06. 05:30;2,8194
21.06. 05:45;2,0809
21.06. 06:00;3,2079
21.06. 06:15;3,7631
21.06. 06:30;5,8896
21.06. 06:45;19,972
21.06. 07:00;25,526
21.06. 07:15;13,433
21.06. 07:30;18,733
21.06. 07:45;24,245
21.06. 08:00;28,691
21.06. 08:15;43,272
21.06. 08:30;62,437
21.06. 08:45;62,042
21.06. 09:00;59,629
21.06. 09:15;59,342
21.06. 09:30;61,942
21.06. 09:45;40,457
21.06. 10:00;68,532
21.06. 10:15;78,445
21.06. 10:30;71,937
21.06. 10:45;71,611
21.06. 11:00;77,234
21.06. 11:15;68,272
21.06. 11:30;81,42
21.06. 11:45;70,341
21.06. 12:00;75,311
21.06. 12:15;70,199
21.06. 12:30;82,317
21.06. 12:45;70,835
21.06. 13:00;69,016
21.06. 13:15;65,856
21.06. 13:30;76,209
21.06. 13:45;81,125
21.06. 14:00;68,541
21.06. 14:15;77,104
21.06. 14:30;67,585
21.06. 14:45;61,417
21.06. 15:00;56,281
21.06. 15:15;67,173
21.06. 15:30;63,568
21.06. 15:45;52,042
21.06. 16:00;52,206
21.06. 16:15;46,634
21.06. 16:30;44,736
21.06. 16:45;43,642
21.06. 17:00;40,873
21.06. 17:15;39,584
21.06. 17:30;25,599
21.06. 17:45;24,634
21.06. 18:00;21,541
21.06. 18:15;13,731
21.06. 18:30;16,871
21.06. 18:45;10,605
21.06. 19:00;6,6781
21.06. 19:15;4,681
21.06. 19:30;2,1342
21.06. 19:45;0,26897
21.06. 20:00;1,2412
21.06. 20:15;0,20425
21.06. 20:30;0
21.06. 20:45;0
21.06. 21:00;0
21.06. 21:15;0
21.06. 21:30;0
21.06. 21:45;0
21.06. 22:00;0
21.06. 22:15;0
21.06. 22:30;0
21.06. 22:45;0
21.06. 23:00;0
21.06. 23:15;0
21.06. 23:30;0
21.06. 23:45;0
22.06. 00:00;0
22.06. 00:15;0
22.06. 00:30;0
22.06. 00:45;0
22.06. 01:00;0
22.06. 01:15;0
22.06. 01:30;0
22.06. 01:45;0
22.06. 02:00;0
22.06. 02:15;0
22.06. 02:30;0
22.06. 02:45;0
22.06. 03:00;0
22.06. 03:15;0
22.06. 03:30;0
22.06. 03:45;0
22.06. 04:00;0
22.06. 04:15;0
22.06. 04:30;0,10017
22.06. 04:45;0,15266
22.06. 05:00;0,2874
22.06. 05:15;0,73608
22.06. 05:30;0,78806
22.06. 05:45;1,0044
22.06. 06:00;1,1725
22.06. 06:15;4,0919
22.06. 06:30;11,258
22.06. 06:45;27,907
22.06. 07:00;28,329
22.06. 07:15;28,851
22.06. 07:30;44,388
22.06. 07:45;50,552
22.06. 08:00;53,787
22.06. 08:15;56,38
22.06. 08:30;54,522
22.06. 08:45;44,379
22.06. 09:00;59,217
22.06. 09:15;63,013
22.06. 09:30;60,81
22.06. 09:45;37,425
22.06. 10:00;49,202
22.06. 10:15;48,308
22.06. 10:30;58,34
22.06. 10:45;75,866
22.06. 11:00;81,946
22.06. 11:15;66,699
22.06. 11:30;48,295
22.06. 11:45;62,557
22.06. 12:00;80,142
22.06. 12:15;61,615
22.06. 12:30;75,951
22.06. 12:45;24,394
22.06. 13:00;23,885
22.06. 13:15;23,324
22.06. 13:30;62,809
22.06. 13:45;67,07
22.06. 14:00;41,344
22.06. 14:15;18,803
22.06. 14:30;10,197
22.06. 14:45;10,078
22.06. 15:00;11,368
22.06. 15:15;25,168
22.06. 15:30;51,419
22.06. 15:45;51,663
22.06. 16:00;32,293
22.06. 16:15;50,298
22.06. 16:30;45,847
22.06. 16:45;39,895
22.06. 17:00;33,058
22.06. 17:15;15,656
22.06. 17:30;10,084
22.06. 17:45;8,1118
22.06. 18:00;4,907
22.06. 18:15;4,4551
22.06. 18:30;2,8153
22.06. 18:45;1,2221
22.06. 19:00;1,8775
22.06. 19:15;1,8032
22.06. 19:30;1,4311
22.06. 19:45;0,25122
22.06. 20:00;0,41161
22.06. 20:15;0,16623
22.06. 20:30;0
22.06. 20:45;0
22.06. 21:00;0
22.06. 21:15;0
22.06. 21:30;0
22.06. 21:45;0
22.06. 22:00;0
22.06. 22:15;0
22.06. 22:30;0
22.06. 22:45;0
22.06. 23:00;0
22.06. 23:15;0
22.06. 23:30;0
22.06. 23:45;0
23.06. 00:00;0
23.06. 00:15;0
23.06. 00:30;0
23.06. 00:45;0
23.06. 01:00;0
23.06. 01:15;0
23.06. 01:30;0
23.06. 01:45;0
23.06. 02:00;0
23.06. 02:15;0
23.06. 02:30;0
23.06. 02:45;0
23.06. 03:00;0
23.06. 03:15;0
23.06. 03:30;0
23.06. 03:45;0
23.06. 04:00;0,96927
23.06. 04:15;1,6964
23.06. 04:30;3,3438
23.06. 04:45;5,5266
23.06. 05:00;5,4671
23.06. 05:15;5,3175
23.06. 05:30;5,747
23.06. 05:45;6,5335
23.06. 06:00;7,5085
23.06. 06:15;12,558
23.06. 06:30;24,387
23.06. 06:45;35,771
23.06. 07:00;25,516
23.06. 07:15;47,92
23.06. 07:30;51,676
23.06. 07:45;21,366
23.06. 08:00;25,622
23.06. 08:15;52,03
23.06. 08:30;63,946
23.06. 08:45;53,539
23.06. 09:00;43,923
23.06. 09:15;57,382
23.06. 09:30;69,222
23.06. 09:45;43,289
23.06. 10:00;28,759
23.06. 10:15;32,707
23.06. 10:30;71,993
23.06. 10:45;69,867
23.06. 11:00;42,091
23.06. 11:15;33,381
23.06. 11:30;33,412
23.06. 11:45;39,682
23.06. 12:00;35,327
23.06. 12:15;17,781
23.06. 12:30;15,991
23.06. 12:45;20,627
23.06. 13:00;17,649
23.06. 13:15;9,587
23.06. 13:30;6,2826
23.06. 13:45;6,3896
23.06. 14:00;6,7023
23.06. 14:15;9,4429
23.06. 14:30;11,099
23.06. 14:45;7,3511
23.06. 15:00;7,1598
23.06. 15:15;8,7907
23.06. 15:30;10,779
23.06. 15:45;9,8975
23.06. 16:00;5,7583
23.06. 16:15;8,5248
23.06. 16:30;10,552
23.06. 16:45;8,6886
23.06. 17:00;8,7421
23.06. 17:15;7,3529
23.06. 17:30;3,9685
23.06. 17:45;2,3341
23.06. 18:00;1,958
23.06. 18:15;2,5926
23.06. 18:30;3,3409
23.06. 18:45;3,2514
23.06. 19:00;0,94987
23.06. 19:15;0,26231
23.06. 19:30;0,19422
23.06. 19:45;0,1349
23.06. 20:00;0,1486
23.06. 20:15;0,00202
23.06. 20:30;0
23.06. 20:45;0
23.06. 21:00;0
23.06. 21:15;0
23.06. 21:30;0
23.06. 21:45;0
23.06. 22:00;0
23.06. 22:15;0
23.06. 22:30;0
23.06. 22:45;0
23.06. 23:00;0
23.06. 23:15;0
23.06. 23:30;0
23.06. 23:45;0
24.06. 00:00;0
24.06. 00:15;0
24.06. 00:30;0
24.06. 00:45;0
24.06. 01:00;0
24.06. 01:15;0
24.06. 01:30;0
24.06. 01:45;0
24.06. 02:00;0
24.06. 02:15;0
24.06. 02:30;0
24.06. 02:45;0
24.06. 03:00;0
24.06. 03:15;0
24.06. 03:30;0
24.06. 03:45;0
24.06. 04:00;0,54017
24.06. 04:15;0,50507
24.06. 04:30;0,53919
24.06. 04:45;0,65113
24.06. 05:00;0,50598
24.06. 05:15;1,0088
24.06. 05:30;1,8441
24.06. 05:45;2,8342
24.06. 06:00;6,5225
24.06. 06:15;15,391
24.06. 06:30;9,2618
24.06. 06:45;8,5177
24.06. 07:00;7,358
24.06. 07:15;11,112
24.06. 07:30;8,042
24.06. 07:45;16,813
24.06. 08:00;26,538
24.06. 08:15;25,38
24.06. 08:30;17,878
24.06. 08:45;13,738
24.06. 09:00;12,414
24.06. 09:15;16,011
24.06. 09:30;20,013
24.06. 09:45;19,314
24.06. 10:00;17,608
24.06. 10:15;16,856
24.06. 10:30;16,759
24.06. 10:45;17,231
24.06. 11:00;12,63
24.06. 11:15;13,322
24.06. 11:30;17,001
24.06. 11:45;17,586
24.06. 12:00;16,863
24.06. 12:15;12,103
24.06. 12:30;11,106
24.06. 12:45;15,598
24.06. 13:00;14,242
24.06. 13:15;14,91
24.06. 13:30;8,0518
24.06. 13:45;10,108
24.06. 14:00;13,034
24.06. 14:15;10,941
24.06. 14:30;11,996
24.06. 14:45;12,982
24.06. 15:00;14,151
24.06. 15:15;9,956
24.06. 15:30;10,363
24.06. 15:45;11,317
24.06. 16:00;10,73
24.06. 16:15;9,4835
24.06. 16:30;8,5568
24.06. 16:45;6,3551
24.06. 17:00;5,8877
24.06. 17:15;12,788
24.06. 17:30;12,343
24.06. 17:45;7,6633
24.06. 18:00;5,1675
24.06. 18:15;6,3272
24.06. 18:30;5,4332
24.06. 18:45;4,3826
24.06. 19:00;3,4903
24.06. 19:15;2,0623
24.06. 19:30;1,3413
24.06. 19:45;0,44282
24.06. 20:00;0,75324
24.06. 20:15;0,09393
24.06. 20:30;0
24.06. 20:45;0
24.06. 21:00;0
24.06. 21:15;0
24.06. 21:30;0
24.06. 21:45;0
24.06. 22:00;0
24.06. 22:15;0
24.06. 22:30;0
24.06. 22:45;0
24.06. 23:00;0
24.06. 23:15;0
24.06. 23:30;0
24.06. 23:45;0
25.06. 00:00;0
25.06. 00:15;0
25.06. 00:30;0
25.06. 00:45;0
25.06. 01:00;0
25.06. 01:15;0
25.06. 01:30;0
25.06. 01:45;0
25.06. 02:00;0
25.06. 02:15;0
25.06. 02:30;0
25.06. 02:45;0
25.06. 03:00;0
25.06. 03:15;0
25.06. 03:30;0
25.06. 03:45;0
25.06. 04:00;0,18731
25.06. 04:15;0,24831
25.06. 04:30;0,17374
25.06. 04:45;0,09478
25.06. 05:00;0,33864
25.06. 05:15;2,0527
25.06. 05:30;4,5898
25.06. 05:45;12,89
25.06. 06:00;17,352
25.06. 06:15;11,575
25.06. 06:30;20,886
25.06. 06:45;28,229
25.06. 07:00;38,15
25.06. 07:15;37,401
25.06. 07:30;20,552
25.06. 07:45;40,549
25.06. 08:00;40,668
25.06. 08:15;45,669
25.06. 08:30;47,334
25.06. 08:45;58,552
25.06. 09:00;59,029
25.06. 09:15;57,007
25.06. 09:30;47,759
25.06. 09:45;63,169
25.06. 10:00;34,225
25.06. 10:15;75,672
25.06. 10:30;77,932
25.06. 10:45;74,207
25.06. 11:00;74,89
25.06. 11:15;76,352
25.06. 11:30;75,014
25.06. 11:45;61,718
25.06. 12:00;40,363
25.06. 12:15;79,45
25.06. 12:30;75,587
25.06. 12:45;76,672
25.06. 13:00;46,332
25.06. 13:15;72,143
25.06. 13:30;79,44
25.06. 13:45;73,997
25.06. 14:00;64,657
25.06. 14:15;68,453
25.06. 14:30;67,601
25.06. 14:45;65,086
25.06. 15:00;57,552
25.06. 15:15;64,094
25.06. 15:30;58,35
25.06. 15:45;54,025
25.06. 16:00;52,373
25.06. 16:15;49,158
25.06. 16:30;47,728
25.06. 16:45;35,126
25.06. 17:00;38,739
25.06. 17:15;33,259
25.06. 17:30;33,672
25.06. 17:45;25,269
25.06. 18:00;24,691
25.06. 18:15;21,868
25.06. 18:30;18,049
25.06. 18:45;9,0229
25.06. 19:00;6,2771
25.06. 19:15;8,8005
25.06. 19:30;7,5468
25.06. 19:45;3,2556
25.06. 20:00;0,64108
25.06. 20:15;0,01527
25.06. 20:30;0
25.06. 20:45;0
25.06. 21:00;0
25.06. 21:15;0
25.06. 21:30;0
25.06. 21:45;0
25.06. 22:00;0
25.06. 22:15;0
25.06. 22:30;0
25.06. 22:45;0
25.06. 23:00;0
25.06. 23:15;0
25.06. 23:30;0
25.06. 23:45;0
26.06. 00:00;0
26.06. 00:15;0
26.06. 00:30;0
26.06. 00:45;0
26.06. 01:00;0
26.06. 01:15;0
26.06. 01:30;0
26.06. 01:45;0
26.06. 02:00;0
26.06. 02:15;0
26.06. 02:30;0
26.06. 02:45;0
26.06. 03:00;0
26.06. 03:15;0
26.06. 03:30;0
26.06. 03:45;0
26.06. 04:00;0
26.06. 04:15;0,01038
26.06. 04:30;0,01921
26.06. 04:45;0,15929
26.06. 05:00;1,6928
26.06. 05:15;2,0796
26.06. 05:30;3,8602
26.06. 05:45;7,0594
26.06. 06:00;7,3936
26.06. 06:15;7,2909
26.06. 06:30;5,1413
26.06. 06:45;4,5252
26.06. 07:00;3,9782
26.06. 07:15;6,1183
26.06. 07:30;25,865
26.06. 07:45;35,517
26.06. 08:00;24,915
26.06. 08:15;17,973
26.06. 08:30;53,33
26.06. 08:45;52,19
26.06. 09:00;50,644
26.06. 09:15;47,381
26.06. 09:30;52,032
26.06. 09:45;49,602
26.06. 10:00;66,591
26.06. 10:15;47,59
26.06. 10:30;67,56
26.06. 10:45;81,853
26.06. 11:00;59,39
26.06. 11:15;72,906
26.06. 11:30;77,486
26.06. 11:45;79,787
26.06. 12:00;69,088
26.06. 12:15;54,406
26.06. 12:30;73,942
26.06. 12:45;81,238
26.06. 13:00;72,714
26.06. 13:15;71,071
26.06. 13:30;55,762
26.06. 13:45;48,094
26.06. 14:00;31,412
26.06. 14:15;38,933
26.06. 14:30;62,086
26.06. 14:45;70,106
26.06. 15:00;57,736
26.06. 15:15;55,862
26.06. 15:30;25,231
26.06. 15:45;13,09
26.06. 16:00;14,22
26.06. 16:15;34,107
26.06. 16:30;42,156
26.06. 16:45;23,685
26.06. 17:00;25,487
26.06. 17:15;32,818
26.06. 17:30;30,976
26.06. 17:45;16,966
26.06. 18:00;13,6
26.06. 18:15;15,862
26.06. 18:30;16,725
26.06. 18:45;13,74
26.06. 19:00;8,3678
26.06. 19:15;2,0313
26.06. 19:30;1,1446
26.06. 19:45;0,85462
26.06. 20:00;0,17479
26.06. 20:15;0
26.06. 20:30;0
26.06. 20:45;0
26.06. 21:00;0
26.06. 21:15;0
26.06. 21:30;0
26.06. 21:45;0
26.06. 22:00;0
26.06. 22:15;0
26.06. 22:30;0
26.06. 22:45;0
26.06. 23:00;0
26.06. 23:15;0
26.06. 23:30;0
26.06. 23:45;0
27.06. 00:00;0
27.06. 00:15;0
27.06. 00:30;0
27.06. 00:45;0
27.06. 01:00;0
27.06. 01:15;0
27.06. 01:30;0
27.06. 01:45;0
27.06. 02:00;0
27.06. 02:15;0
27.06. 02:30;0
27.06. 02:45;0
27.06. 03:00;0
27.06. 03:15;0
27.06. 03:30;0
27.06. 03:45;0
27.06. 04:00;0
27.06. 04:15;0,02286
27.06. 04:30;0,05198
27.06. 04:45;0,06061
27.06. 05:00;0,38941
27.06. 05:15;0,47545
27.06. 05:30;0,85156
27.06. 05:45;1,1756
27.06. 06:00;1,332
27.06. 06:15;3,2411
27.06. 06:30;5,7474
27.06. 06:45;5,9752
27.06. 07:00;8,9867
27.06. 07:15;11,681
27.06. 07:30;14,893
27.06. 07:45;14,577
27.06. 08:00;17,577
27.06. 08:15;23,498
27.06. 08:30;27,259
27.06. 08:45;32,404
27.06. 09:00;43,101
27.06. 09:15;44,237
27.06. 09:30;44,012
27.06. 09:45;35,215
27.06. 10:00;44,602
27.06. 10:15;44,971
27.06. 10:30;41,526
27.06. 10:45;44,385
27.06. 11:00;41,213
27.06. 11:15;38,617
27.06. 11:30;34,332
27.06. 11:45;35,585
27.06. 12:00;28,437
27.06. 12:15;28,798
27.06. 12:30;23,413
27.06. 12:45;19,572
27.06. 13:00;28,968
27.06. 13:15;40,396
27.06. 13:30;43,375
27.06. 13:45;50,256
27.06. 14:00;47,377
27.06. 14:15;77,421
27.06. 14:30;66,313
27.06. 14:45;69,743
27.06. 15:00;66,137
27.06. 15:15;58,642
27.06. 15:30;52,249
27.06. 15:45;22,718
27.06. 16:00;28,561
27.06. 16:15;55,625
27.06. 16:30;52,618
27.06. 16:45;47,918
27.06. 17:00;31,632
27.06. 17:15;25,027
27.06. 17:30;22,272
27.06. 17:45;23,992
27.06. 18:00;20,67
27.06. 18:15;12,335
27.06. 18:30;8,1194
27.06. 18:45;4,7933
27.06. 19:00;4,5573
27.06. 19:15;2,3838
27.06. 19:30;0,8151
27.06. 19:45;0,9048
27.06. 20:00;0,18636
27.06. 20:15;0
27.06. 20:30;0
27.06. 20:45;0
27.06. 21:00;0
27.06. 21:15;0
27.06. 21:30;0
27.06. 21:45;0
27.06. 22:00;0
27.06. 22:15;0
27.06. 22:30;0
27.06. 22:45;0
27.06. 23:00;0
27.06. 23:15;0
27.06. 23:30;0
27.06. 23:45;0
28.06. 00:00;0
28.06. 00:15;0
28.06. 00:30;0
28.06. 00:45;0
28.06. 01:00;0
28.06. 01:15;0
28.06. 01:30;0
28.06. 01:45;0
28.06. 02:00;0
28.06. 02:15;0
28.06. 02:30;0
28.06. 02:45;0
28.06. 03:00;0
28.06. 03:15;0
28.06. 03:30;0
28.06. 03:45;0
28.06. 04:00;1,0025
28.06. 04:15;1,3566
28.06. 04:30;2,1161
28.06. 04:45;8,1047
28.06. 05:00;8,8089
28.06. 05:15;15,073
28.06. 05:30;14,308
28.06. 05:45;15,306
28.06. 06:00;10,939
28.06. 06:15;8,6547
28.06. 06:30;11,034
28.06. 06:45;23,741
28.06. 07:00;13,083
28.06. 07:15;10,917
28.06. 07:30;12,24
28.06. 07:45;9,0775
28.06. 08:00;5,094
28.06. 08:15;14,03
28.06. 08:30;41,448
28.06. 08:45;74,539
28.06. 09:00;67,449
28.06. 09:15;55,753
28.06. 09:30;27,942
28.06. 09:45;29,826
28.06. 10:00;37,26
28.06. 10:15;64,41
28.06. 10:30;65,29
28.06. 10:45;49,017
28.06. 11:00;54,331
28.06. 11:15;63,444
28.06. 11:30;73,998
28.06. 11:45;57,286
28.06. 12:00;61,437
28.06. 12:15;67,082
28.06. 12:30;67,451
28.06. 12:45;73,04
28.06. 13:00;30,081
28.06. 13:15;60,981
28.06. 13:30;72,13
28.06. 13:45;79,112
28.06. 14:00;47,082
28.06. 14:15;41,245
28.06. 14:30;49,629
28.06. 14:45;71,982
28.06. 15:00;56,326
28.06. 15:15;28,97
28.06. 15:30;51,663
28.06. 15:45;57,222
28.06. 16:00;44,417
28.06. 16:15;27,893
28.06. 16:30;25,278
28.06. 16:45;39,162
28.06. 17:00;41,457
28.06. 17:15;36,442
28.06. 17:30;24,516
28.06. 17:45;24,951
28.06. 18:00;24,377
28.06. 18:15;22,482
28.06. 18:30;17,898
28.06. 18:45;13,398
28.06. 19:00;5,684
28.06. 19:15;8,1183
28.06. 19:30;8,2367
28.06. 19:45;4,4046
28.06. 20:00;1,7066
28.06. 20:15;0,16526
28.06. 20:30;0
28.06. 20:45;0
28.06. 21:00;0
28.06. 21:15;0
28.06. 21:30;0
28.06. 21:45;0
28.06. 22:00;0
28.06. 22:15;0
28.06. 22:30;0
28.06. 22:45;0
28.06. 23:00;0
28.06. 23:15;0
28.06. 23:30;0
28.06. 23:45;0
29.06. 00:00;0
29.06. 00:15;0
29.06. 00:30;0
29.06. 00:45;0
29.06. 01:00;0
29.06. 01:15;0
29.06. 01:30;0
29.06. 01:45;0
29.06. 02:00;0
29.06. 02:15;0
29.06. 02:30;0
29.06. 02:45;0
29.06. 03:00;0
29.06. 03:15;0
29.06. 03:30;0
29.06. 03:45;0
29.06. 04:00;0,95531
29.06. 04:15;1,896
29.06. 04:30;1,3752
29.06. 04:45;1,0037
29.06. 05:00;1,0826
29.06. 05:15;2,7877
29.06. 05:30;5,1866
29.06. 05:45;8,2323
29.06. 06:00;8,0517
29.06. 06:15;9,4066
29.06. 06:30;12,518
29.06. 06:45;40,319
29.06. 07:00;40,817
29.06. 07:15;44,825
29.06. 07:30;39,547
29.06. 07:45;41,474
29.06. 08:00;31,194
29.06. 08:15;54,237
29.06. 08:30;59,7
29.06. 08:45;59,805
29.06. 09:00;34,412
29.06. 09:15;57,572
29.06. 09:30;66,882
29.06. 09:45;43,927
29.06. 10:00;32,016
29.06. 10:15;25,215
29.06. 10:30;27,174
29.06. 10:45;37,771
29.06. 11:00;35,936
29.06. 11:15;48,35
29.06. 11:30;57,898
29.06. 11:45;22,26
29.06. 12:00;27,422
29.06. 12:15;47,512
29.06. 12:30;36,682
29.06. 12:45;36,492
29.06. 13:00;30,447
29.06. 13:15;57,686
29.06. 13:30;34,136
29.06. 13:45;26,165
29.06. 14:00;30,828
29.06. 14:15;43,957
29.06. 14:30;53,614
29.06. 14:45;45,033
29.06. 15:00;51,042
29.06. 15:15;63,578
29.06. 15:30;53,603
29.06. 15:45;49,568
29.06. 16:00;44,08
29.06. 16:15;47,79
29.06. 16:30;41,586
29.06. 16:45;12,065
29.06. 17:00;13,696
29.06. 17:15;17,529
29.06. 17:30;19,194
29.06. 17:45;26,477
29.06. 18:00;16,154
29.06. 18:15;6,194
29.06. 18:30;2,5217
29.06. 18:45;2,6541
29.06. 19:00;2,6101
29.06. 19:15;1,1334
29.06. 19:30;0,35313
29.06. 19:45;0,08988
29.06. 20:00;0,11458
29.06. 20:15;0,01156
29.06. 20:30;0
29.06. 20:45;0
29.06. 21:00;0
29.06. 21:15;0
29.06. 21:30;0
29.06. 21:45;0
29.06. 22:00;0
29.06. 22:15;0
29.06. 22:30;0
29.06. 22:45;0
29.06. 23:00;0
29.06. 23:15;0
29.06. 23:30;0
29.06. 23:45;0
30.06. 00:00;0
30.06. 00:15;0
30.06. 00:30;0
30.06. 00:45;0
30.06. 01:00;0
30.06. 01:15;0
30.06. 01:30;0
30.06. 01:45;0
30.06. 02:00;0
30.06. 02:15;0
30.06. 02:30;0
30.06. 02:45;0
30.06. 03:00;0
30.06. 03:15;0
30.06. 03:30;0
30.06. 03:45;0
30.06. 04:00;0
30.06. 04:15;0
30.06. 04:30;0
30.06. 04:45;0,03819
30.06. 05:00;0,27528
30.06. 05:15;1,257
30.06. 05:30;1,2767
30.06. 05:45;1,8363
30.06. 06:00;3,9355
30.06. 06:15;5,7232
30.06. 06:30;8,3736
30.06. 06:45;7,7065
30.06. 07:00;8,0639
30.06. 07:15;7,8212
30.06. 07:30;7,7069
30.06. 07:45;6,4639
30.06. 08:00;4,4913
30.06. 08:15;10,58
30.06. 08:30;17,335
30.06. 08:45;13,412
30.06. 09:00;13,514
30.06. 09:15;40,37
30.06. 09:30;54,938
30.06. 09:45;31,469
30.06. 10:00;38,605
30.06. 10:15;48,023
30.06. 10:30;47,487
30.06. 10:45;29,711
30.06. 11:00;25,263
30.06. 11:15;17,168
30.06. 11:30;20,93
30.06. 11:45;22,811
30.06. 12:00;20,412
30.06. 12:15;15,613
30.06. 12:30;16,269
30.06. 12:45;16,779
30.06. 13:00;23,696
30.06. 13:15;23,295
30.06. 13:30;18,961
30.06. 13:45;15,723
30.06. 14:00;14,846
30.06. 14:15;10,184
30.06. 14:30;8,8748
30.06. 14:45;8,3795
30.06. 15:00;9,1303
30.06. 15:15;11,005
30.06. 15:30;11,612
30.06. 15:45;8,2096
30.06. 16:00;7,711
30.06. 16:15;9,0901
30.06. 16:30;10,443
30.06. 16:45;9,5123
30.06. 17:00;5,7091
30.06. 17:15;7,0096
30.06. 17:30;8,0989
30.06. 17:45;6,4164
30.06. 18:00;5,7683
30.06. 18:15;4,2576
30.06. 18:30;2,2739
30.06. 18:45;2,0392
30.06. 19:00;1,571
30.06. 19:15;0,50849
30.06. 19:30;0,18681
30.06. 19:45;0,00803
30.06. 20:00;0
30.06. 20:15;0
30.06. 20:30;0
30.06. 20:45;0
30.06. 21:00;0
30.06. 21:15;0
30.06. 21:30;0
30.06. 21:45;0
30.06. 22:00;0
30.06. 22:15;0
30.06. 22:30;0
30.06. 22:45;0
30.06. 23:00;0
30.06. 23:15;0
30.06. 23:30;0
30.06. 23:45;0
01.07. 00:00;0
01.07. 00:15;0
01.07. 00:30;0
01.07. 00:45;0
01.07. 01:00;0
01.07. 01:15;0
01.07. 01:30;0
01.07. 01:45;0
01.07. 02:00;0
01.07. 02:15;0
01.07. 02:30;0
01.07. 02:45;0
01.07. 03:00;0
01.07. 03:15;0
01.07. 03:30;0
01.07. 03:45;0
01.07. 04:00;0,53367
01.07. 04:15;0,60832
01.07. 04:30;1,2217
01.07. 04:45;3,0989
01.07. 05:00;8,0064
01.07. 05:15;13,71
01.07. 05:30;12,391
01.07. 05:45;14,054
01.07. 06:00;20,773
01.07. 06:15;22,314
01.07. 06:30;23,38
01.07. 06:45;35,189
01.07. 07:00;39,13
01.07. 07:15;41,193
01.07. 07:30;26,93
01.07. 07:45;36,796
01.07. 08:00;33,887
01.07. 08:15;55,869
01.07. 08:30;45,463
01.07. 08:45;41,307
01.07. 09:00;47,88
01.07. 09:15;24,3
01.07. 09:30;29,179
01.07. 09:45;33,656
01.07. 10:00;38,15
01.07. 10:15;19,327
01.07. 10:30;16,559
01.07. 10:45;15,16
01.07. 11:00;17,458
01.07. 11:15;15,87
01.07. 11:30;18,161
01.07. 11:45;19,939
01.07. 12:00;16,736
01.07. 12:15;31,354
01.07. 12:30;34,941
01.07. 12:45;45,402
01.07. 13:00;58,782
01.07. 13:15;36,597
01.07. 13:30;22,538
01.07. 13:45;46,96
01.07. 14:00;57,182
01.07. 14:15;48,272
01.07. 14:30;33,814
01.07. 14:45;30,687
01.07. 15:00;18,694
01.07. 15:15;28,847
01.07. 15:30;48,09
01.07. 15:45;33,123
01.07. 16:00;29,998
01.07. 16:15;11,385
01.07. 16:30;10,28
01.07. 16:45;8,9752
01.07. 17:00;9,2342
01.07. 17:15;25,07
01.07. 17:30;23,865
01.07. 17:45;26,381
01.07. 18:00;21,582
01.07. 18:15;10,209
01.07. 18:30;9,0769
01.07. 18:45;6,8149
01.07. 19:00;10,057
01.07. 19:15;4,0906
01.07. 19:30;2,6966
01.07. 19:45;0,50424
01.07. 20:00;1,0208
01.07. 20:15;0,17241
01.07. 20:30;0
01.07. 20:45;0
01.07. 21:00;0
01.07. 21:15;0
01.07. 21:30;0
01.07. 21:45;0
01.07. 22:00;0
01.07. 22:15;0
01.07. 22:30;0
01.07. 22:45;0
01.07. 23:00;0
01.07. 23:15;0
01.07. 23:30;0
01.07. 23:45;0
02.07. 00:00;0
02.07. 00:15;0
02.07. 00:30;0
02.07. 00:45;0
02.07. 01:00;0
02.07. 01:15;0
02.07. 01:30;0
02.07. 01:45;0
02.07. 02:00;0
02.07. 02:15;0
02.07. 02:30;0
02.07. 02:45;0
02.07. 03:00;0
02.07. 03:15;0
02.07. 03:30;0
02.07. 03:45;0
02.07. 04:00;0,00403
02.07. 04:15;0,02088
02.07. 04:30;0,03282
02.07. 04:45;0,14959
02.07. 05:00;0,46967
02.07. 05:15;4,1102
02.07. 05:30;19,767
02.07. 05:45;21,509
02.07. 06:00;21,163
02.07. 06:15;26,676
02.07. 06:30;31,373
02.07. 06:45;33,567
02.07. 07:00;37,06
02.07. 07:15;41,738
02.07. 07:30;44,612
02.07. 07:45;50,478
02.07. 08:00;52,131
02.07. 08:15;58,419
02.07. 08:30;48,169
02.07. 08:45;46,102
02.07. 09:00;65,28
02.07. 09:15;45,763
02.07. 09:30;54,566
02.07. 09:45;39,261
02.07. 10:00;56,142
02.07. 10:15;69,557
02.07. 10:30;53,954
02.07. 10:45;39,159
02.07. 11:00;39,887
02.07. 11:15;50,154
02.07. 11:30;57,925
02.07. 11:45;58,989
02.07. 12:00;61,454
02.07. 12:15;28,705
02.07. 12:30;25,401
02.07. 12:45;35,945
02.07. 13:00;63,907
02.07. 13:15;69,389
02.07. 13:30;74,425
02.07. 13:45;75,625
02.07. 14:00;55,304
02.07. 14:15;63,62
02.07. 14:30;63,705
02.07. 14:45;68,498
02.07. 15:00;56,791
02.07. 15:15;27,063
02.07. 15:30;43,232
02.07. 15:45;33,161
02.07. 16:00;25,964
02.07. 16:15;29,241
02.07. 16:30;42,668
02.07. 16:45;44,517
02.07. 17:00;37,026
02.07. 17:15;28,022
02.07. 17:30;33,986
02.07. 17:45;21,548
02.07. 18:00;16,749
02.07. 18:15;16,528
02.07. 18:30;12,182
02.07. 18:45;7,0591
02.07. 19:00;4,0231
02.07. 19:15;5,8088
02.07. 19:30;6,9474
02.07. 19:45;2,1054
02.07. 20:00;0,45506
02.07. 20:15;0,13479
02.07. 20:30;0
02.07. 20:45;0
02.07. 21:00;0
02.07. 21:15;0
02.07. 21:30;0
02.07. 21:45;0
02.07. 22:00;0
02.07. 22:15;0
02.07. 22:30;0
02.07. 22:45;0
02.07. 23:00;0
02.07. 23:15;0
02.07. 23:30;0
02.07. 23:45;0
03.07. 00:00;0
03.07. 00:15;0
03.07. 00:30;0
03.07. 00:45;0
03.07. 01:00;0
03.07. 01:15;0
03.07. 01:30;0
03.07. 01:45;0
03.07. 02:00;0
03.07. 02:15;0
03.07. 02:30;0
03.07. 02:45;0
03.07. 03:00;0
03.07. 03:15;0
03.07. 03:30;0
03.07. 03:45;0
03.07. 04:00;0,13425
03.07. 04:15;0,57727
03.07. 04:30;2,3444
03.07. 04:45;2,8216
03.07. 05:00;3,5868
03.07. 05:15;7,5419
03.07. 05:30;14,207
03.07. 05:45;17,137
03.07. 06:00;24,429
03.07. 06:15;26,611
03.07. 06:30;27,99
03.07. 06:45;24,881
03.07. 07:00;32,594
03.07. 07:15;38,501
03.07. 07:30;55,871
03.07. 07:45;20,254
03.07. 08:00;18,437
03.07. 08:15;31,97
03.07. 08:30;50,536
03.07. 08:45;63,778
03.07. 09:00;38,17
03.07. 09:15;35,564
03.07. 09:30;30,396
03.07. 09:45;18,874
03.07. 10:00;23,885
03.07. 10:15;24,433
03.07. 10:30;36,423
03.07. 10:45;75,429
03.07. 11:00;75,579
03.07. 11:15;46,627
03.07. 11:30;43,789
03.07. 11:45;59,963
03.07. 12:00;32,218
03.07. 12:15;28,041
03.07. 12:30;54,913
03.07. 12:45;45,332
03.07. 13:00;27,184
03.07. 13:15;37,731
03.07. 13:30;63,089
03.07. 13:45;71,25
03.07. 14:00;51,689
03.07. 14:15;32,179
03.07. 14:30;35,993
03.07. 14:45;18,5
03.07. 15:00;19,038
03.07. 15:15;18,89
03.07. 15:30;42,131
03.07. 15:45;40,832
03.07. 16:00;13,519
03.07. 16:15;6,0722
03.07. 16:30;3,6821
03.07. 16:45;5,9218
03.07. 17:00;14,107
03.07. 17:15;35,967
03.07. 17:30;30,055
03.07. 17:45;17,614
03.07. 18:00;16,386
03.07. 18:15;22,06
03.07. 18:30;18,838
03.07. 18:45;10,324
03.07. 19:00;6,889
03.07. 19:15;7,5288
03.07. 19:30;7,6936
03.07. 19:45;2,8323
03.07. 20:00;0,74242
03.07. 20:15;0,00236
03.07. 20:30;0
03.07. 20:45;0
03.07. 21:00;0
03.07. 21:15;0
03.07. 21:30;0
03.07. 21:45;0
03.07. 22:00;0
03.07. 22:15;0
03.07. 22:30;0
03.07. 22:45;0
03.07. 23:00;0
03.07. 23:15;0
03.07. 23:30;0
03.07. 23:45;0
04.07. 00:00;0
04.07. 00:15;0
04.07. 00:30;0
04.07. 00:45;0
04.07. 01:00;0
04.07. 01:15;0
04.07. 01:30;0
04.07. 01:45;0
04.07. 02:00;0
04.07. 02:15;0
04.07. 02:30;0
04.07. 02:45;0
04.07. 03:00;0
04.07. 03:15;0
04.07. 03:30;0
04.07. 03:45;0
04.07. 04:00;0,47487
04.07. 04:15;2,3577
04.07. 04:30;1,3613
04.07. 04:45;2,5658
04.07. 05:00;6,3386
04.07. 05:15;7,9344
04.07. 05:30;6,8242
04.07. 05:45;6,7923
04.07. 06:00;11,996
04.07. 06:15;20,965
04.07. 06:30;31,089
04.07. 06:45;38,13
04.07. 07:00;17,761
04.07. 07:15;38,588
04.07. 07:30;51,269
04.07. 07:45;56,374
04.07. 08:00;52,463
04.07. 08:15;42,389
04.07. 08:30;55,328
04.07. 08:45;43,528
04.07. 09:00;31,182
04.07. 09:15;51,532
04.07. 09:30;62,057
04.07. 09:45;63,232
04.07. 10:00;45,523
04.07. 10:15;72,888
04.07. 10:30;61,896
04.07. 10:45;59,673
04.07. 11:00;55,911
04.07. 11:15;35,394
04.07. 11:30;58,317
04.07. 11:45;32,453
04.07. 12:00;21,452
04.07. 12:15;24,255
04.07. 12:30;31,167
04.07. 12:45;36,368
04.07. 13:00;36,848
04.07. 13:15;26,641
04.07. 13:30;23,286
04.07. 13:45;22,31
04.07. 14:00;19,847
04.07. 14:15;44,494
04.07. 14:30;61,437
04.07. 14:45;52,494
04.07. 15:00;42,416
04.07. 15:15;51,285
04.07. 15:30;32,535
04.07. 15:45;30,738
04.07. 16:00;35,249
04.07. 16:15;25,291
04.07. 16:30;25,572
04.07. 16:45;20,53
04.07. 17:00;17,063
04.07. 17:15;11,257
04.07. 17:30;8,8573
04.07. 17:45;7,4519
04.07. 18:00;5,086
04.07. 18:15;4,5433
04.07. 18:30;5,7012
04.07. 18:45;8,0441
04.07. 19:00;1,8178
04.07. 19:15;0,46079
04.07. 19:30;0,18672
04.07. 19:45;0,06359
04.07. 20:00;0,10684
04.07. 20:15;0,02039
04.07. 20:30;0
04.07. 20:45;0
04.07. 21:00;0
04.07. 21:15;0
04.07. 21:30;0
04.07. 21:45;0
04.07. 22:00;0
04.07. 22:15;0
04.07. 22:30;0
04.07. 22:45;0
04.07. 23:00;0
04.07. 23:15;0
04.07. 23:30;0
04.07. 23:45;0
05.07. 00:00;0
05.07. 00:15;0
05.07. 00:30;0
05.07. 00:45;0
05.07. 01:00;0
05.07. 01:15;0
05.07. 01:30;0
05.07. 01:45;0
05.07. 02:00;0
05.07. 02:15;0
05.07. 02:30;0
05.07. 02:45;0
05.07. 03:00;0
05.07. 03:15;0
05.07. 03:30;0
05.07. 03:45;0
05.07. 04:00;0
05.07. 04:15;0,00404
05.07. 04:30;0,00656
05.07. 04:45;0,56728
05.07. 05:00;1,6963
05.07. 05:15;4,2272
05.07. 05:30;16,97
05.07. 05:45;24,126
05.07. 06:00;20,503
05.07. 06:15;26,987
05.07. 06:30;32,212
05.07. 06:45;34,891
05.07. 07:00;36,271
05.07. 07:15;42,047
05.07. 07:30;33,418
05.07. 07:45;47,198
05.07. 08:00;51,279
05.07. 08:15;55,105
05.07. 08:30;55,246
05.07. 08:45;43,428
05.07. 09:00;39,599
05.07. 09:15;56,998
05.07. 09:30;54,233
05.07. 09:45;41,597
05.07. 10:00;25,09
05.07. 10:15;29,083
05.07. 10:30;37,984
05.07. 10:45;30,502
05.07. 11:00;22,115
05.07. 11:15;22,047
05.07. 11:30;22,801
05.07. 11:45;24,125
05.07. 12:00;20,816
05.07. 12:15;19,037
05.07. 12:30;29,66
05.07. 12:45;31,427
05.07. 13:00;17,418
05.07. 13:15;20,879
05.07. 13:30;26,58
05.07. 13:45;22,644
05.07. 14:00;18,231
05.07. 14:15;11,351
05.07. 14:30;12,765
05.07. 14:45;11,769
05.07. 15:00;13,8
05.07. 15:15;18,922
05.07. 15:30;50,525
05.07. 15:45;59,745
05.07. 16:00;43,925
05.07. 16:15;46,448
05.07. 16:30;46,081
05.07. 16:45;40,576
05.07. 17:00;34,112
05.07. 17:15;33,818
05.07. 17:30;30,302
05.07. 17:45;20,205
05.07. 18:00;10,213
05.07. 18:15;14,223
05.07. 18:30;17,726
05.07. 18:45;11,622
05.07. 19:00;5,7588
05.07. 19:15;9,0946
05.07. 19:30;8,2014
05.07. 19:45;4,059
05.07. 20:00;1,2646
05.07. 20:15;0,06317
05.07. 20:30;0
05.07. 20:45;0
05.07. 21:00;0
05.07. 21:15;0
05.07. 21:30;0
05.07. 21:45;0
05.07. 22:00;0
05.07. 22:15;0
05.07. 22:30;0
05.07. 22:45;0
05.07. 23:00;0
05.07. 23:15;0
05.07. 23:30;0
05.07. 23:45;0
06.07. 00:00;0
06.07. 00:15;0
06.07. 00:30;0
06.07. 00:45;0
06.07. 01:00;0
06.07. 01:15;0
06.07. 01:30;0
06.07. 01:45;0
06.07. 02:00;0
06.07. 02:15;0
06.07. 02:30;0
06.07. 02:45;0
06.07. 03:00;0
06.07. 03:15;0
06.07. 03:30;0
06.07. 03:45;0
06.07. 04:00;0,43423
06.07. 04:15;2,2187
06.07. 04:30;2,9934
06.07. 04:45;3,4141
06.07. 05:00;4,5791
06.07. 05:15;5,4875
06.07. 05:30;17,114
06.07. 05:45;21,28
06.07. 06:00;19,116
06.07. 06:15;25,396
06.07. 06:30;26,096
06.07. 06:45;36,769
06.07. 07:00;40,387
06.07. 07:15;42,048
06.07. 07:30;47,568
06.07. 07:45;47,384
06.07. 08:00;41,289
06.07. 08:15;63,939
06.07. 08:30;60,802
06.07. 08:45;60,081
06.07. 09:00;44,34
06.07. 09:15;51,08
06.07. 09:30;66,048
06.07. 09:45;70,561
06.07. 10:00;51,877
06.07. 10:15;38,458
06.07. 10:30;41,892
06.07. 10:45;53,542
06.07. 11:00;62,472
06.07. 11:15;51,001
06.07. 11:30;20,861
06.07. 11:45;19,133
06.07. 12:00;18,704
06.07. 12:15;40,928
06.07. 12:30;57,585
06.07. 12:45;56,731
06.07. 13:00;37,783
06.07. 13:15;55,509
06.07. 13:30;57,304
06.07. 13:45;67,259
06.07. 14:00;33,713
06.07. 14:15;53,815
06.07. 14:30;64,552
06.07. 14:45;60,675
06.07. 15:00;44,157
06.07. 15:15;54,073
06.07. 15:30;47,367
06.07. 15:45;50,769
06.07. 16:00;38,424
06.07. 16:15;43,903
06.07. 16:30;48,047
06.07. 16:45;39,241
06.07. 17:00;32,422
06.07. 17:15;34,703
06.07. 17:30;33,757
06.07. 17:45;29,734
06.07. 18:00;25,783
06.07. 18:15;12,832
06.07. 18:30;15,921
06.07. 18:45;8,3012
06.07. 19:00;8,9565
06.07. 19:15;7,1714
06.07. 19:30;7,285
06.07. 19:45;3,2755
06.07. 20:00;1,3276
06.07. 20:15;0,02274
06.07. 20:30;0
06.07. 20:45;0
06.07. 21:00;0
06.07. 21:15;0
06.07. 21:30;0
06.07. 21:45;0
06.07. 22:00;0
06.07. 22:15;0
06.07. 22:30;0
06.07. 22:45;0
06.07. 23:00;0
06.07. 23:15;0
06.07. 23:30;0
06.07. 23:45;0
07.07. 00:00;0
07.07. 00:15;0
07.07. 00:30;0
07.07. 00:45;0
07.07. 01:00;0
07.07. 01:15;0
07.07. 01:30;0
07.07. 01:45;0
07.07. 02:00;0
07.07. 02:15;0
07.07. 02:30;0
07.07. 02:45;0
07.07. 03:00;0
07.07. 03:15;0
07.07. 03:30;0
07.07. 03:45;0
07.07. 04:00;0,24188
07.07. 04:15;0,71121
07.07. 04:30;1,147
07.07. 04:45;1,9637
07.07. 05:00;5,394
07.07. 05:15;11,961
07.07. 05:30;16,464
07.07. 05:45;17,195
07.07. 06:00;16,657
07.07. 06:15;27,068
07.07. 06:30;32,253
07.07. 06:45;35,59
07.07. 07:00;38,152
07.07. 07:15;40,856
07.07. 07:30;44,165
07.07. 07:45;47,409
07.07. 08:00;51,349
07.07. 08:15;54,568
07.07. 08:30;57,506
07.07. 08:45;60,307
07.07. 09:00;62,594
07.07. 09:15;64,785
07.07. 09:30;67,014
07.07. 09:45;69,1
07.07. 10:00;70,585
07.07. 10:15;72,093
07.07. 10:30;73,544
07.07. 10:45;74,8
07.07. 11:00;75,69
07.07. 11:15;76,371
07.07. 11:30;76,962
07.07. 11:45;77,348
07.07. 12:00;77,531
07.07. 12:15;77,398
07.07. 12:30;77,108
07.07. 12:45;76,611
07.07. 13:00;74,783
07.07. 13:15;73,489
07.07. 13:30;72,357
07.07. 13:45;71,024
07.07. 14:00;69,038
07.07. 14:15;67,142
07.07. 14:30;65,23
07.07. 14:45;63,138
07.07. 15:00;62,177
07.07. 15:15;60,038
07.07. 15:30;57,366
07.07. 15:45;54,558
07.07. 16:00;51,409
07.07. 16:15;48,325
07.07. 16:30;45,167
07.07. 16:45;41,933
07.07. 17:00;37,685
07.07. 17:15;34,159
07.07. 17:30;30,86
07.07. 17:45;27,544
07.07. 18:00;16,106
07.07. 18:15;9,326
07.07. 18:30;10,371
07.07. 18:45;10,477
07.07. 19:00;2,717
07.07. 19:15;0,4129
07.07. 19:30;0,19555
07.07. 19:45;0,03457
07.07. 20:00;0
07.07. 20:15;0
07.07. 20:30;0
07.07. 20:45;0
07.07. 21:00;0
07.07. 21:15;0
07.07. 21:30;0
07.07. 21:45;0
07.07. 22:00;0
07.07. 22:15;0
07.07. 22:30;0
07.07. 22:45;0
07.07. 23:00;0
07.07. 23:15;0
07.07. 23:30;0
07.07. 23:45;0
08.07. 00:00;0
08.07. 00:15;0
08.07. 00:30;0
08.07. 00:45;0
08.07. 01:00;0
08.07. 01:15;0
08.07. 01:30;0
08.07. 01:45;0
08.07. 02:00;0
08.07. 02:15;0
08.07. 02:30;0
08.07. 02:45;0
08.07. 03:00;0
08.07. 03:15;0
08.07. 03:30;0
08.07. 03:45;0
08.07. 04:00;0,01164
08.07. 04:15;0,12712
08.07. 04:30;0,48766
08.07. 04:45;1,0118
08.07. 05:00;2,2455
08.07. 05:15;5,5785
08.07. 05:30;5,6969
08.07. 05:45;10,321
08.07. 06:00;12,724
08.07. 06:15;8,7363
08.07. 06:30;10,312
08.07. 06:45;14,817
08.07. 07:00;13,971
08.07. 07:15;12,045
08.07. 07:30;10,143
08.07. 07:45;11,04
08.07. 08:00;17,873
08.07. 08:15;23,171
08.07. 08:30;19,754
08.07. 08:45;33,669
08.07. 09:00;36,184
08.07. 09:15;47,935
08.07. 09:30;58,98
08.07. 09:45;70,027
08.07. 10:00;49,42
08.07. 10:15;70,603
08.07. 10:30;46,906
08.07. 10:45;34,687
08.07. 11:00;33,992
08.07. 11:15;38,801
08.07. 11:30;29,89
08.07. 11:45;32,349
08.07. 12:00;26,18
08.07. 12:15;21,848
08.07. 12:30;21,933
08.07. 12:45;19,668
08.07. 13:00;13,778
08.07. 13:15;16,693
08.07. 13:30;24,142
08.07. 13:45;23,2
08.07. 14:00;18,446
08.07. 14:15;14,776
08.07. 14:30;15,736
08.07. 14:45;15,768
08.07. 15:00;12,763
08.07. 15:15;9,2522
08.07. 15:30;6,3701
08.07. 15:45;4,2952
08.07. 16:00;6,2429
08.07. 16:15;8,6707
08.07. 16:30;20,651
08.07. 16:45;37,888
08.07. 17:00;29,527
08.07. 17:15;32,063
08.07. 17:30;35,064
08.07. 17:45;30,737
08.07. 18:00;29,611
08.07. 18:15;18,512
08.07. 18:30;9,6244
08.07. 18:45;10,972
08.07. 19:00;6,5842
08.07. 19:15;3,4932
08.07. 19:30;1,7116
08.07. 19:45;0,56571
08.07. 20:00;0
08.07. 20:15;0
08.07. 20:30;0
08.07. 20:45;0
08.07. 21:00;0
08.07. 21:15;0
08.07. 21:30;0
08.07. 21:45;0
08.07. 22:00;0
08.07. 22:15;0
08.07. 22:30;0
08.07. 22:45;0
08.07. 23:00;0
08.07. 23:15;0
08.07. 23:30;0
08.07. 23:45;0
09.07. 00:00;0
09.07. 00:15;0
09.07. 00:30;0
09.07. 00:45;0
09.07. 01:00;0
09.07. 01:15;0
09.07. 01:30;0
09.07. 01:45;0
09.07. 02:00;0
09.07. 02:15;0
09.07. 02:30;0
09.07. 02:45;0
09.07. 03:00;0
09.07. 03:15;0
09.07. 03:30;0
09.07. 03:45;0
09.07. 04:00;0,01033
09.07. 04:15;0,11588
09.07. 04:30;0,28096
09.07. 04:45;0,37321
09.07. 05:00;0,90771
09.07. 05:15;0,78258
09.07. 05:30;1,5703
09.07. 05:45;2,7626
09.07. 06:00;4,7155
09.07. 06:15;4,6226
09.07. 06:30;2,3398
09.07. 06:45;4,2872
09.07. 07:00;6,5771
09.07. 07:15;5,7207
09.07. 07:30;7,6936
09.07. 07:45;5,8535
09.07. 08:00;9,5482
09.07. 08:15;14,559
09.07. 08:30;17,453
09.07. 08:45;18,404
09.07. 09:00;26,039
09.07. 09:15;26,696
09.07. 09:30;28,472
09.07. 09:45;24,354
09.07. 10:00;48,562
09.07. 10:15;51,426
09.07. 10:30;68,665
09.07. 10:45;63,692
09.07. 11:00;62,515
09.07. 11:15;45,934
09.07. 11:30;61,93
09.07. 11:45;60,414
09.07. 12:00;46,861
09.07. 12:15;39,709
09.07. 12:30;65,406
09.07. 12:45;50,243
09.07. 13:00;46,404
09.07. 13:15;60,593
09.07. 13:30;36,16
09.07. 13:45;39,829
09.07. 14:00;65,384
09.07. 14:15;45,252
09.07. 14:30;36,458
09.07. 14:45;34,567
09.07. 15:00;46,278
09.07. 15:15;35,205
09.07. 15:30;17,773
09.07. 15:45;21,231
09.07. 16:00;18,762
09.07. 16:15;20,076
09.07. 16:30;27,082
09.07. 16:45;54,389
09.07. 17:00;32,247
09.07. 17:15;19,061
09.07. 17:30;23,588
09.07. 17:45;13,947
09.07. 18:00;8,9439
09.07. 18:15;11,915
09.07. 18:30;14,793
09.07. 18:45;18,11
09.07. 19:00;12,467
09.07. 19:15;6,6528
09.07. 19:30;2,1562
09.07. 19:45;0,93044
09.07. 20:00;1,0123
09.07. 20:15;0,01531
09.07. 20:30;0
09.07. 20:45;0
09.07. 21:00;0
09.07. 21:15;0
09.07. 21:30;0
09.07. 21:45;0
09.07. 22:00;0
09.07. 22:15;0
09.07. 22:30;0
09.07. 22:45;0
09.07. 23:00;0
09.07. 23:15;0
09.07. 23:30;0
09.07. 23:45;0
10.07. 00:00;0
10.07. 00:15;0
10.07. 00:30;0
10.07. 00:45;0
10.07. 01:00;0
10.07. 01:15;0
10.07. 01:30;0
10.07. 01:45;0
10.07. 02:00;0
10.07. 02:15;0
10.07. 02:30;0
10.07. 02:45;0
10.07. 03:00;0
10.07. 03:15;0
10.07. 03:30;0
10.07. 03:45;0
10.07. 04:00;0
10.07. 04:15;0
10.07. 04:30;0,00674
10.07. 04:45;0,07435
10.07. 05:00;0,12386
10.07. 05:15;0,22119
10.07. 05:30;0,62472
10.07. 05:45;1,8886
10.07. 06:00;4,3937
10.07. 06:15;6,2507
10.07. 06:30;7,0319
10.07. 06:45;11,709
10.07. 07:00;19,438
10.07. 07:15;20,299
10.07. 07:30;17,851
10.07. 07:45;26,076
10.07. 08:00;36,373
10.07. 08:15;32,058
10.07. 08:30;30,315
10.07. 08:45;25,276
10.07. 09:00;24,213
10.07. 09:15;37,868
10.07. 09:30;39,106
10.07. 09:45;42,973
10.07. 10:00;37,815
10.07. 10:15;30,319
10.07. 10:30;13,256
10.07. 10:45;9,9071
10.07. 11:00;7,2449
10.07. 11:15;11,061
10.07. 11:30;42,517
10.07. 11:45;41,842
10.07. 12:00;29,933
10.07. 12:15;39,551
10.07. 12:30;45,346
10.07. 12:45;55,943
10.07. 13:00;49,539
10.07. 13:15;50,677
10.07. 13:30;42,238
10.07. 13:45;43,769
10.07. 14:00;35,562
10.07. 14:15;29,528
10.07. 14:30;29,885
10.07. 14:45;25,023
10.07. 15:00;31,4
10.07. 15:15;22,766
10.07. 15:30;35,87
10.07. 15:45;69,839
10.07. 16:00;44,018
10.07. 16:15;16,159
10.07. 16:30;6,744
10.07. 16:45;8,3873
10.07. 17:00;12,784
10.07. 17:15;23,079
10.07. 17:30;21,39
10.07. 17:45;18,397
10.07. 18:00;15,524
10.07. 18:15;10,526
10.07. 18:30;11,736
10.07. 18:45;15,945
10.07. 19:00;6,0118
10.07. 19:15;2,8485
10.07. 19:30;1,8262
10.07. 19:45;0,85886
10.07. 20:00;0,95411
10.07. 20:15;0,03232
10.07. 20:30;0
10.07. 20:45;0
10.07. 21:00;0
10.07. 21:15;0
10.07. 21:30;0
10.07. 21:45;0
10.07. 22:00;0
10.07. 22:15;0
10.07. 22:30;0
10.07. 22:45;0
10.07. 23:00;0
10.07. 23:15;0
10.07. 23:30;0
10.07. 23:45;0
11.07. 00:00;0
11.07. 00:15;0
11.07. 00:30;0
11.07. 00:45;0
11.07. 01:00;0
11.07. 01:15;0
11.07. 01:30;0
11.07. 01:45;0
11.07. 02:00;0
11.07. 02:15;0
11.07. 02:30;0
11.07. 02:45;0
11.07. 03:00;0
11.07. 03:15;0
11.07. 03:30;0
11.07. 03:45;0
11.07. 04:00;0,16153
11.07. 04:15;1,6029
11.07. 04:30;1,0623
11.07. 04:45;1,3827
11.07. 05:00;2,3685
11.07. 05:15;6,5335
11.07. 05:30;14,529
11.07. 05:45;23,993
11.07. 06:00;20,937
11.07. 06:15;26,534
11.07. 06:30;30,152
11.07. 06:45;29,358
11.07. 07:00;35,656
11.07. 07:15;38,17
11.07. 07:30;41,081
11.07. 07:45;49,339
11.07. 08:00;60,226
11.07. 08:15;51,533
11.07. 08:30;56,321
11.07. 08:45;44,719
11.07. 09:00;51,164
11.07. 09:15;65,993
11.07. 09:30;47,668
11.07. 09:45;48,364
11.07. 10:00;55,851
11.07. 10:15;68,752
11.07. 10:30;55,962
11.07. 10:45;45,222
11.07. 11:00;27,903
11.07. 11:15;63,116
11.07. 11:30;76,852
11.07. 11:45;61,524
11.07. 12:00;35,615
11.07. 12:15;62,377
11.07. 12:30;74,685
11.07. 12:45;65,211
11.07. 13:00;74,527
11.07. 13:15;44,926
11.07. 13:30;19,341
11.07. 13:45;18,505
11.07. 14:00;33,687
11.07. 14:15;35,999
11.07. 14:30;39,994
11.07. 14:45;62,788
11.07. 15:00;60,35
11.07. 15:15;48,125
11.07. 15:30;18,493
11.07. 15:45;30,722
11.07. 16:00;35,667
11.07. 16:15;25,159
11.07. 16:30;24,304
11.07. 16:45;43,339
11.07. 17:00;43,781
11.07. 17:15;27,143
11.07. 17:30;14,686
11.07. 17:45;24,375
11.07. 18:00;26,017
11.07. 18:15;9,2591
11.07. 18:30;5,0129
11.07. 18:45;4,5441
11.07. 19:00;2,268
11.07. 19:15;2,2545
11.07. 19:30;3,3093
11.07. 19:45;3,2929
11.07. 20:00;0,55117
11.07. 20:15;0
11.07. 20:30;0
11.07. 20:45;0
11.07. 21:00;0
11.07. 21:15;0
11.07. 21:30;0
11.07. 21:45;0
11.07. 22:00;0
11.07. 22:15;0
11.07. 22:30;0
11.07. 22:45;0
11.07. 23:00;0
11.07. 23:15;0
11.07. 23:30;0
11.07. 23:45;0
12.07. 00:00;0
12.07. 00:15;0
12.07. 00:30;0
12.07. 00:45;0
12.07. 01:00;0
12.07. 01:15;0
12.07. 01:30;0
12.07. 01:45;0
12.07. 02:00;0
12.07. 02:15;0
12.07. 02:30;0
12.07. 02:45;0
12.07. 03:00;0
12.07. 03:15;0
12.07. 03:30;0
12.07. 03:45;0
12.07. 04:00;0
12.07. 04:15;0,00225
12.07. 04:30;0,07954
12.07. 04:45;0,20695
12.07. 05:00;0,44966
12.07. 05:15;0,88013
12.07. 05:30;0,69736
12.07. 05:45;0,82976
12.07. 06:00;1,5559
12.07. 06:15;2,079
12.07. 06:30;2,1003
12.07. 06:45;2,9575
12.07. 07:00;4,3767
12.07. 07:15;5,7842
12.07. 07:30;6,3047
12.07. 07:45;3,8818
12.07. 08:00;5,4381
12.07. 08:15;6,7529
12.07. 08:30;9,2935
12.07. 08:45;10,789
12.07. 09:00;12,664
12.07. 09:15;13,146
12.07. 09:30;10,28
12.07. 09:45;8,9133
12.07. 10:00;14,552
12.07. 10:15;23,23
12.07. 10:30;23,441
12.07. 10:45;18,561
12.07. 11:00;19,066
12.07. 11:15;21,547
12.07. 11:30;23,258
12.07. 11:45;29,98
12.07. 12:00;31,031
12.07. 12:15;23,252
12.07. 12:30;14,512
12.07. 12:45;16,976
12.07. 13:00;20,265
12.07. 13:15;16,413
12.07. 13:30;18,982
12.07. 13:45;20,48
12.07. 14:00;20,968
12.07. 14:15;21,399
12.07. 14:30;16,435
12.07. 14:45;15,035
12.07. 15:00;17,329
12.07. 15:15;21,31
12.07. 15:30;36,51
12.07. 15:45;37,578
12.07. 16:00;46,139
12.07. 16:15;28,293
12.07. 16:30;26,647
12.07. 16:45;16,471
12.07. 17:00;21,296
12.07. 17:15;12,556
12.07. 17:30;8,1771
12.07. 17:45;8,7807
12.07. 18:00;7,7388
12.07. 18:15;11,588
12.07. 18:30;7,9427
12.07. 18:45;7,0752
12.07. 19:00;4,3597
12.07. 19:15;3,0103
12.07. 19:30;1,8325
12.07. 19:45;0,57451
12.07. 20:00;0
12.07. 20:15;0
12.07. 20:30;0
12.07. 20:45;0
12.07. 21:00;0
12.07. 21:15;0
12.07. 21:30;0
12.07. 21:45;0
12.07. 22:00;0
12.07. 22:15;0
12.07. 22:30;0
12.07. 22:45;0
12.07. 23:00;0
12.07. 23:15;0
12.07. 23:30;0
12.07. 23:45;0
13.07. 00:00;0
13.07. 00:15;0
13.07. 00:30;0
13.07. 00:45;0
13.07. 01:00;0
13.07. 01:15;0
13.07. 01:30;0
13.07. 01:45;0
13.07. 02:00;0
13.07. 02:15;0
13.07. 02:30;0
13.07. 02:45;0
13.07. 03:00;0
13.07. 03:15;0
13.07. 03:30;0
13.07. 03:45;0
13.07. 04:00;0
13.07. 04:15;0
13.07. 04:30;0
13.07. 04:45;0
13.07. 05:00;0,00809
13.07. 05:15;0,10217
13.07. 05:30;0,25034
13.07. 05:45;4,3779
13.07. 06:00;7,6554
13.07. 06:15;5,2717
13.07. 06:30;6,8875
13.07. 06:45;5,6813
13.07. 07:00;4,14
13.07. 07:15;11,46
13.07. 07:30;28,377
13.07. 07:45;29,27
13.07. 08:00;20,573
13.07. 08:15;23,105
13.07. 08:30;28,376
13.07. 08:45;28,449
13.07. 09:00;30,442
13.07. 09:15;28,152
13.07. 09:30;25,549
13.07. 09:45;32,992
13.07. 10:00;32,809
13.07. 10:15;33,75
13.07. 10:30;41,999
13.07. 10:45;37,737
13.07. 11:00;30,211
13.07. 11:15;42,402
13.07. 11:30;60,032
13.07. 11:45;51,891
13.07. 12:00;59,82
13.07. 12:15;22,952
13.07. 12:30;24,631
13.07. 12:45;21,118
13.07. 13:00;23,719
13.07. 13:15;19,151
13.07. 13:30;24,646
13.07. 13:45;27,537
13.07. 14:00;16,602
13.07. 14:15;22,512
13.07. 14:30;24,306
13.07. 14:45;23,715
13.07. 15:00;19,837
13.07. 15:15;23,256
13.07. 15:30;19,896
13.07. 15:45;19,351
13.07. 16:00;19,165
13.07. 16:15;20,664
13.07. 16:30;18,102
13.07. 16:45;20,145
13.07. 17:00;10,56
13.07. 17:15;11,878
13.07. 17:30;13,087
13.07. 17:45;15,548
13.07. 18:00;14,135
13.07. 18:15;9,4025
13.07. 18:30;3,9508
13.07. 18:45;3,7451
13.07. 19:00;2,3167
13.07. 19:15;2,3759
13.07. 19:30;1,3276
13.07. 19:45;0,45508
13.07. 20:00;0
13.07. 20:15;0
13.07. 20:30;0
13.07. 20:45;0
13.07. 21:00;0
13.07. 21:15;0
13.07. 21:30;0
13.07. 21:45;0
13.07. 22:00;0
13.07. 22:15;0
13.07. 22:30;0
13.07. 22:45;0
13.07. 23:00;0
13.07. 23:15;0
13.07. 23:30;0
13.07. 23:45;0
14.07. 00:00;0
14.07. 00:15;0
14.07. 00:30;0
14.07. 00:45;0
14.07. 01:00;0
14.07. 01:15;0
14.07. 01:30;0
14.07. 01:45;0
14.07. 02:00;0
14.07. 02:15;0
14.07. 02:30;0
14.07. 02:45;0
14.07. 03:00;0
14.07. 03:15;0
14.07. 03:30;0
14.07. 03:45;0
14.07. 04:00;0
14.07. 04:15;0
14.07. 04:30;0
14.07. 04:45;0
14.07. 05:00;0,42586
14.07. 05:15;0,41072
14.07. 05:30;0,59391
14.07. 05:45;0,52529
14.07. 06:00;0,44932
14.07. 06:15;1,3024
14.07. 06:30;4,5966
14.07. 06:45;8,8518
14.07. 07:00;16,269
14.07. 07:15;12,727
14.07. 07:30;10,892
14.07. 07:45;8,7188
14.07. 08:00;14,418
14.07. 08:15;30,607
14.07. 08:30;45,67
14.07. 08:45;49,593
14.07. 09:00;48,608
14.07. 09:15;36,471
14.07. 09:30;41,623
14.07. 09:45;35,873
14.07. 10:00;34,449
14.07. 10:15;42,73
14.07. 10:30;47,803
14.07. 10:45;56,698
14.07. 11:00;38,457
14.07. 11:15;47,857
14.07. 11:30;46,885
14.07. 11:45;68,371
14.07. 12:00;69,59
14.07. 12:15;47,983
14.07. 12:30;45,873
14.07. 12:45;50,275
14.07. 13:00;31,553
14.07. 13:15;41,905
14.07. 13:30;69,44
14.07. 13:45;53,447
14.07. 14:00;34,061
14.07. 14:15;50,373
14.07. 14:30;42,835
14.07. 14:45;34,802
14.07. 15:00;32,926
14.07. 15:15;31,362
14.07. 15:30;33,713
14.07. 15:45;43,81
14.07. 16:00;29,734
14.07. 16:15;23,512
14.07. 16:30;33,067
14.07. 16:45;29,13
14.07. 17:00;13,553
14.07. 17:15;11,401
14.07. 17:30;13,241
14.07. 17:45;18,405
14.07. 18:00;4,5624
14.07. 18:15;3,1176
14.07. 18:30;2,3361
14.07. 18:45;1,0502
14.07. 19:00;2,102
14.07. 19:15;1,992
14.07. 19:30;0,9627
14.07. 19:45;0,29022
14.07. 20:00;0,48511
14.07. 20:15;0
14.07. 20:30;0
14.07. 20:45;0
14.07. 21:00;0
14.07. 21:15;0
14.07. 21:30;0
14.07. 21:45;0
14.07. 22:00;0
14.07. 22:15;0
14.07. 22:30;0
14.07. 22:45;0
14.07. 23:00;0
14.07. 23:15;0
14.07. 23:30;0
14.07. 23:45;0
15.07. 00:00;0
15.07. 00:15;0
15.07. 00:30;0
15.07. 00:45;0
15.07. 01:00;0
15.07. 01:15;0
15.07. 01:30;0
15.07. 01:45;0
15.07. 02:00;0
15.07. 02:15;0
15.07. 02:30;0
15.07. 02:45;0
15.07. 03:00;0
15.07. 03:15;0
15.07. 03:30;0
15.07. 03:45;0
15.07. 04:00;0
15.07. 04:15;0
15.07. 04:30;0,00201
15.07. 04:45;0,01342
15.07. 05:00;0,04417
15.07. 05:15;0,05799
15.07. 05:30;0,69138
15.07. 05:45;1,5258
15.07. 06:00;1,2433
15.07. 06:15;2,5621
15.07. 06:30;4,2281
15.07. 06:45;6,0369
15.07. 07:00;6,3543
15.07. 07:15;8,2853
15.07. 07:30;9,9547
15.07. 07:45;20,527
15.07. 08:00;24,672
15.07. 08:15;22,813
15.07. 08:30;22,085
15.07. 08:45;25,74
15.07. 09:00;30,094
15.07. 09:15;42,9
15.07. 09:30;56,506
15.07. 09:45;56,55
15.07. 10:00;39,449
15.07. 10:15;69,843
15.07. 10:30;56,857
15.07. 10:45;42,059
15.07. 11:00;38,203
15.07. 11:15;43,764
15.07. 11:30;47,465
15.07. 11:45;74,24
15.07. 12:00;52,876
15.07. 12:15;46,913
15.07. 12:30;33,942
15.07. 12:45;41,354
15.07. 13:00;42,218
15.07. 13:15;37,686
15.07. 13:30;35,398
15.07. 13:45;54,37
15.07. 14:00;55,05
15.07. 14:15;37,8
15.07. 14:30;35,37
15.07. 14:45;35,173
15.07. 15:00;37,196
15.07. 15:15;32,676
15.07. 15:30;31,183
15.07. 15:45;28,878
15.07. 16:00;27,9
15.07. 16:15;22,067
15.07. 16:30;13,469
15.07. 16:45;27,357
15.07. 17:00;22,109
15.07. 17:15;14,59
15.07. 17:30;13,649
15.07. 17:45;13,561
15.07. 18:00;8,9293
15.07. 18:15;6,3677
15.07. 18:30;5,3421
15.07. 18:45;3,8334
15.07. 19:00;1,8305
15.07. 19:15;0,60074
15.07. 19:30;0,51108
15.07. 19:45;0,09099
15.07. 20:00;0
15.07. 20:15;0
15.07. 20:30;0
15.07. 20:45;0
15.07. 21:00;0
15.07. 21:15;0
15.07. 21:30;0
15.07. 21:45;0
15.07. 22:00;0
15.07. 22:15;0
15.07. 22:30;0
15.07. 22:45;0
15.07. 23:00;0
15.07. 23:15;0
15.07. 23:30;0
15.07. 23:45;0
16.07. 00:00;0
16.07. 00:15;0
16.07. 00:30;0
16.07. 00:45;0
16.07. 01:00;0
16.07. 01:15;0
16.07. 01:30;0
16.07. 01:45;0
16.07. 02:00;0
16.07. 02:15;0
16.07. 02:30;0
16.07. 02:45;0
16.07. 03:00;0
16.07. 03:15;0
16.07. 03:30;0
16.07. 03:45;0
16.07. 04:00;0
16.07. 04:15;0
16.07. 04:30;0
16.07. 04:45;0,03083
16.07. 05:00;0,15195
16.07. 05:15;0,25059
16.07. 05:30;0,46023
16.07. 05:45;0,87909
16.07. 06:00;1,4611
16.07. 06:15;1,9222
16.07. 06:30;2,0437
16.07. 06:45;5,7171
16.07. 07:00;8,8105
16.07. 07:15;9,5346
16.07. 07:30;8,1076
16.07. 07:45;5,4614
16.07. 08:00;8,4764
16.07. 08:15;11,66
16.07. 08:30;10,098
16.07. 08:45;14,655
16.07. 09:00;14,965
16.07. 09:15;14,585
16.07. 09:30;16,268
16.07. 09:45;11,938
16.07. 10:00;12,596
16.07. 10:15;21,202
16.07. 10:30;20,048
16.07. 10:45;16,335
16.07. 11:00;13,727
16.07. 11:15;15,774
16.07. 11:30;20,802
16.07. 11:45;20,453
16.07. 12:00;25,684
16.07. 12:15;22,395
16.07. 12:30;25,548
16.07. 12:45;17,473
16.07. 13:00;14,053
16.07. 13:15;14,916
16.07. 13:30;17,826
16.07. 13:45;16,437
16.07. 14:00;18,956
16.07. 14:15;19,933
16.07. 14:30;19,712
16.07. 14:45;16,944
16.07. 15:00;19,245
16.07. 15:15;24,115
16.07. 15:30;25,453
16.07. 15:45;31,041
16.07. 16:00;21,184
16.07. 16:15;14,97
16.07. 16:30;11,957
16.07. 16:45;10,663
16.07. 17:00;13,675
16.07. 17:15;14,059
16.07. 17:30;8,9485
16.07. 17:45;8,9903
16.07. 18:00;7,4991
16.07. 18:15;15,014
16.07. 18:30;16,886
16.07. 18:45;9,4951
16.07. 19:00;5,0489
16.07. 19:15;8,5727
16.07. 19:30;6,23
16.07. 19:45;2,5807
16.07. 20:00;0,81563
16.07. 20:15;0
16.07. 20:30;0
16.07. 20:45;0
16.07. 21:00;0
16.07. 21:15;0
16.07. 21:30;0
16.07. 21:45;0
16.07. 22:00;0
16.07. 22:15;0
16.07. 22:30;0
16.07. 22:45;0
16.07. 23:00;0
16.07. 23:15;0
16.07. 23:30;0
16.07. 23:45;0
17.07. 00:00;0
17.07. 00:15;0
17.07. 00:30;0
17.07. 00:45;0
17.07. 01:00;0
17.07. 01:15;0
17.07. 01:30;0
17.07. 01:45;0
17.07. 02:00;0
17.07. 02:15;0
17.07. 02:30;0
17.07. 02:45;0
17.07. 03:00;0
17.07. 03:15;0
17.07. 03:30;0
17.07. 03:45;0
17.07. 04:00;0
17.07. 04:15;0,43783
17.07. 04:30;0,91073
17.07. 04:45;0,6129
17.07. 05:00;1,1722
17.07. 05:15;4,2669
17.07. 05:30;10,334
17.07. 05:45;17,494
17.07. 06:00;20,016
17.07. 06:15;17,738
17.07. 06:30;31,568
17.07. 06:45;18,999
17.07. 07:00;30,83
17.07. 07:15;34,931
17.07. 07:30;32,033
17.07. 07:45;43,207
17.07. 08:00;45,019
17.07. 08:15;49,685
17.07. 08:30;34,936
17.07. 08:45;22,672
17.07. 09:00;19,124
17.07. 09:15;47,445
17.07. 09:30;63,336
17.07. 09:45;58,283
17.07. 10:00;64,496
17.07. 10:15;70,105
17.07. 10:30;67,278
17.07. 10:45;41,694
17.07. 11:00;41,816
17.07. 11:15;74,343
17.07. 11:30;60,358
17.07. 11:45;57,961
17.07. 12:00;22,061
17.07. 12:15;55,398
17.07. 12:30;69,676
17.07. 12:45;80,107
17.07. 13:00;74,192
17.07. 13:15;52,876
17.07. 13:30;50,484
17.07. 13:45;49,291
17.07. 14:00;32,968
17.07. 14:15;71,849
17.07. 14:30;68,799
17.07. 14:45;65,268
17.07. 15:00;53,126
17.07. 15:15;53,485
17.07. 15:30;51,85
17.07. 15:45;50,245
17.07. 16:00;53,026
17.07. 16:15;47,283
17.07. 16:30;36,626
17.07. 16:45;31,193
17.07. 17:00;36,844
17.07. 17:15;34,038
17.07. 17:30;23,044
17.07. 17:45;13,438
17.07. 18:00;13,551
17.07. 18:15;11,613
17.07. 18:30;8,5046
17.07. 18:45;9,8283
17.07. 19:00;8,4311
17.07. 19:15;3,3156
17.07. 19:30;0,442
17.07. 19:45;0,12945
17.07. 20:00;0
17.07. 20:15;0
17.07. 20:30;0
17.07. 20:45;0
17.07. 21:00;0
17.07. 21:15;0
17.07. 21:30;0
17.07. 21:45;0
17.07. 22:00;0
17.07. 22:15;0
17.07. 22:30;0
17.07. 22:45;0
17.07. 23:00;0
17.07. 23:15;0
17.07. 23:30;0
17.07. 23:45;0
18.07. 00:00;0
18.07. 00:15;0
18.07. 00:30;0
18.07. 00:45;0
18.07. 01:00;0
18.07. 01:15;0
18.07. 01:30;0
18.07. 01:45;0
18.07. 02:00;0
18.07. 02:15;0
18.07. 02:30;0
18.07. 02:45;0
18.07. 03:00;0
18.07. 03:15;0
18.07. 03:30;0
18.07. 03:45;0
18.07. 04:00;0
18.07. 04:15;0
18.07. 04:30;0
18.07. 04:45;0,17596
18.07. 05:00;0,6581
18.07. 05:15;3,2997
18.07. 05:30;10,008
18.07. 05:45;14,08
18.07. 06:00;18,851
18.07. 06:15;16,431
18.07. 06:30;13,646
18.07. 06:45;14,837
18.07. 07:00;17,415
18.07. 07:15;19,597
18.07. 07:30;42,764
18.07. 07:45;33,846
18.07. 08:00;35,4
18.07. 08:15;48,649
18.07. 08:30;51,943
18.07. 08:45;43,924
18.07. 09:00;58,711
18.07. 09:15;65,846
18.07. 09:30;59,24
18.07. 09:45;59,333
18.07. 10:00;68,823
18.07. 10:15;67,352
18.07. 10:30;75,548
18.07. 10:45;65,181
18.07. 11:00;50,488
18.07. 11:15;78,646
18.07. 11:30;58,202
18.07. 11:45;79,368
18.07. 12:00;66,665
18.07. 12:15;74,029
18.07. 12:30;73,474
18.07. 12:45;62,823
18.07. 13:00;80,129
18.07. 13:15;51,174
18.07. 13:30;75,657
18.07. 13:45;73,126
18.07. 14:00;73,537
18.07. 14:15;73,323
18.07. 14:30;37,221
18.07. 14:45;63,874
18.07. 15:00;53,081
18.07. 15:15;62,362
18.07. 15:30;51,822
18.07. 15:45;36,278
18.07. 16:00;48,235
18.07. 16:15;44,893
18.07. 16:30;41,804
18.07. 16:45;29,63
18.07. 17:00;43,027
18.07. 17:15;35,19
18.07. 17:30;19,811
18.07. 17:45;19,473
18.07. 18:00;18,7
18.07. 18:15;15,64
18.07. 18:30;15,649
18.07. 18:45;9,554
18.07. 19:00;6,2626
18.07. 19:15;3,9307
18.07. 19:30;3,8489
18.07. 19:45;1,1858
18.07. 20:00;0
18.07. 20:15;0
18.07. 20:30;0
18.07. 20:45;0
18.07. 21:00;0
18.07. 21:15;0
18.07. 21:30;0
18.07. 21:45;0
18.07. 22:00;0
18.07. 22:15;0
18.07. 22:30;0
18.07. 22:45;0
18.07. 23:00;0
18.07. 23:15;0
18.07. 23:30;0
18.07. 23:45;0
19.07. 00:00;0
19.07. 00:15;0
19.07. 00:30;0
19.07. 00:45;0
19.07. 01:00;0
19.07. 01:15;0
19.07. 01:30;0
19.07. 01:45;0
19.07. 02:00;0
19.07. 02:15;0
19.07. 02:30;0
19.07. 02:45;0
19.07. 03:00;0
19.07. 03:15;0
19.07. 03:30;0
19.07. 03:45;0
19.07. 04:00;0
19.07. 04:15;0
19.07. 04:30;0,02559
19.07. 04:45;0,01431
19.07. 05:00;0,22512
19.07. 05:15;0,36095
19.07. 05:30;1,1686
19.07. 05:45;3,1739
19.07. 06:00;5,524
19.07. 06:15;7,0877
19.07. 06:30;12,12
19.07. 06:45;15,223
19.07. 07:00;19,443
19.07. 07:15;16,433
19.07. 07:30;21,238
19.07. 07:45;41,217
19.07. 08:00;34,001
19.07. 08:15;37,143
19.07. 08:30;36,719
19.07. 08:45;26,137
19.07. 09:00;30,09
19.07. 09:15;29,549
19.07. 09:30;34,484
19.07. 09:45;65,344
19.07. 10:00;37,289
19.07. 10:15;27,909
19.07. 10:30;44,411
19.07. 10:45;67,73
19.07. 11:00;52,898
19.07. 11:15;41,354
19.07. 11:30;50,655
19.07. 11:45;49,039
19.07. 12:00;37,058
19.07. 12:15;59,086
19.07. 12:30;64,124
19.07. 12:45;63,658
19.07. 13:00;52,013
19.07. 13:15;65,52
19.07. 13:30;58,297
19.07. 13:45;72,181
19.07. 14:00;58,658
19.07. 14:15;60,4
19.07. 14:30;44,891
19.07. 14:45;52,058
19.07. 15:00;39,95
19.07. 15:15;55,746
19.07. 15:30;51,458
19.07. 15:45;52,038
19.07. 16:00;32,733
19.07. 16:15;39,589
19.07. 16:30;45,644
19.07. 16:45;31,552
19.07. 17:00;16,19
19.07. 17:15;34,044
19.07. 17:30;30,07
19.07. 17:45;17,398
19.07. 18:00;6,1921
19.07. 18:15;16,285
19.07. 18:30;15,169
19.07. 18:45;13,604
19.07. 19:00;5,4884
19.07. 19:15;2,211
19.07. 19:30;1,2727
19.07. 19:45;0,28038
19.07. 20:00;0,29122
19.07. 20:15;0
19.07. 20:30;0
19.07. 20:45;0
19.07. 21:00;0
19.07. 21:15;0
19.07. 21:30;0
19.07. 21:45;0
19.07. 22:00;0
19.07. 22:15;0
19.07. 22:30;0
19.07. 22:45;0
19.07. 23:00;0
19.07. 23:15;0
19.07. 23:30;0
19.07. 23:45;0
20.07. 00:00;0
20.07. 00:15;0
20.07. 00:30;0
20.07. 00:45;0
20.07. 01:00;0
20.07. 01:15;0
20.07. 01:30;0
20.07. 01:45;0
20.07. 02:00;0
20.07. 02:15;0
20.07. 02:30;0
20.07. 02:45;0
20.07. 03:00;0
20.07. 03:15;0
20.07. 03:30;0
20.07. 03:45;0
20.07. 04:00;0
20.07. 04:15;0,09717
20.07. 04:30;0,77718
20.07. 04:45;0,6515
20.07. 05:00;1,7538
20.07. 05:15;4,7562
20.07. 05:30;7,1472
20.07. 05:45;9,1651
20.07. 06:00;10,268
20.07. 06:15;14,09
20.07. 06:30;16,762
20.07. 06:45;27,275
20.07. 07:00;33,707
20.07. 07:15;27,844
20.07. 07:30;33,928
20.07. 07:45;43,172
20.07. 08:00;34,992
20.07. 08:15;46,198
20.07. 08:30;61,946
20.07. 08:45;54,693
20.07. 09:00;45,162
20.07. 09:15;39,016
20.07. 09:30;60,993
20.07. 09:45;57,276
20.07. 10:00;12,828
20.07. 10:15;47,255
20.07. 10:30;78,98
20.07. 10:45;76,521
20.07. 11:00;74,48
20.07. 11:15;82,32
20.07. 11:30;61,043
20.07. 11:45;55,226
20.07. 12:00;69,918
20.07. 12:15;77,821
20.07. 12:30;75,632
20.07. 12:45;76,15
20.07. 13:00;48,911
20.07. 13:15;72,508
20.07. 13:30;78,463
20.07. 13:45;78,86
20.07. 14:00;59,211
20.07. 14:15;68,371
20.07. 14:30;56,896
20.07. 14:45;48,685
20.07. 15:00;43,846
20.07. 15:15;50,96
20.07. 15:30;62,072
20.07. 15:45;32,057
20.07. 16:00;34,98
20.07. 16:15;41,069
20.07. 16:30;25,483
20.07. 16:45;34,189
20.07. 17:00;27,157
20.07. 17:15;11,963
20.07. 17:30;5,12
20.07. 17:45;2,1861
20.07. 18:00;2,1586
20.07. 18:15;2,4277
20.07. 18:30;2,5002
20.07. 18:45;1,8616
20.07. 19:00;1,1168
20.07. 19:15;0,79116
20.07. 19:30;0,30945
20.07. 19:45;0,08228
20.07. 20:00;0
20.07. 20:15;0
20.07. 20:30;0
20.07. 20:45;0
20.07. 21:00;0
20.07. 21:15;0
20.07. 21:30;0
20.07. 21:45;0
20.07. 22:00;0
20.07. 22:15;0
20.07. 22:30;0
20.07. 22:45;0
20.07. 23:00;0
20.07. 23:15;0
20.07. 23:30;0
20.07. 23:45;0
21.07. 00:00;0
21.07. 00:15;0
21.07. 00:30;0
21.07. 00:45;0
21.07. 01:00;0
21.07. 01:15;0
21.07. 01:30;0
21.07. 01:45;0
21.07. 02:00;0
21.07. 02:15;0
21.07. 02:30;0
21.07. 02:45;0
21.07. 03:00;0
21.07. 03:15;0
21.07. 03:30;0
21.07. 03:45;0
21.07. 04:00;0
21.07. 04:15;0,17749
21.07. 04:30;1,8552
21.07. 04:45;1,5942
21.07. 05:00;1,5391
21.07. 05:15;4,4876
21.07. 05:30;10,6
21.07. 05:45;10,553
21.07. 06:00;10,712
21.07. 06:15;11,287
21.07. 06:30;9,269
21.07. 06:45;8,5628
21.07. 07:00;8,8529
21.07. 07:15;22,102
21.07. 07:30;20,564
21.07. 07:45;31,796
21.07. 08:00;46,378
21.07. 08:15;35,897
21.07. 08:30;15,657
21.07. 08:45;15,359
21.07. 09:00;21,215
21.07. 09:15;34,169
21.07. 09:30;34,63
21.07. 09:45;45,909
21.07. 10:00;43,008
21.07. 10:15;32,422
21.07. 10:30;35,529
21.07. 10:45;47,265
21.07. 11:00;32,741
21.07. 11:15;35,943
21.07. 11:30;34,633
21.07. 11:45;21,928
21.07. 12:00;22,464
21.07. 12:15;43,559
21.07. 12:30;54,581
21.07. 12:45;20,978
21.07. 13:00;18,17
21.07. 13:15;40,198
21.07. 13:30;33,501
21.07. 13:45;57,295
21.07. 14:00;36,099
21.07. 14:15;64,168
21.07. 14:30;54,58
21.07. 14:45;45,395
21.07. 15:00;43,459
21.07. 15:15;55,803
21.07. 15:30;47,634
21.07. 15:45;42,932
21.07. 16:00;42,001
21.07. 16:15;48,729
21.07. 16:30;42,82
21.07. 16:45;37,136
21.07. 17:00;27,572
21.07. 17:15;35,385
21.07. 17:30;27,869
21.07. 17:45;29,195
21.07. 18:00;21,657
21.07. 18:15;9,7886
21.07. 18:30;14,527
21.07. 18:45;5,8668
21.07. 19:00;4,0061
21.07. 19:15;3,5247
21.07. 19:30;5,8464
21.07. 19:45;1,7182
21.07. 20:00;0,35164
21.07. 20:15;0
21.07. 20:30;0
21.07. 20:45;0
21.07. 21:00;0
21.07. 21:15;0
21.07. 21:30;0
21.07. 21:45;0
21.07. 22:00;0
21.07. 22:15;0
21.07. 22:30;0
21.07. 22:45;0
21.07. 23:00;0
21.07. 23:15;0
21.07. 23:30;0
21.07. 23:45;0
22.07. 00:00;0
22.07. 00:15;0
22.07. 00:30;0
22.07. 00:45;0
22.07. 01:00;0
22.07. 01:15;0
22.07. 01:30;0
22.07. 01:45;0
22.07. 02:00;0
22.07. 02:15;0
22.07. 02:30;0
22.07. 02:45;0
22.07. 03:00;0
22.07. 03:15;0
22.07. 03:30;0
22.07. 03:45;0
22.07. 04:00;0
22.07. 04:15;0,14556
22.07. 04:30;1,7346
22.07. 04:45;1,3584
22.07. 05:00;2,2214
22.07. 05:15;4,2342
22.07. 05:30;6,1915
22.07. 05:45;13,613
22.07. 06:00;4,5485
22.07. 06:15;5,8317
22.07. 06:30;7,0559
22.07. 06:45;6,4965
22.07. 07:00;4,9646
22.07. 07:15;7,6648
22.07. 07:30;5,4836
22.07. 07:45;4,6021
22.07. 08:00;6,483
22.07. 08:15;10,586
22.07. 08:30;6,6051
22.07. 08:45;6,074
22.07. 09:00;7,8392
22.07. 09:15;10,37
22.07. 09:30;9,8266
22.07. 09:45;8,7683
22.07. 10:00;11,312
22.07. 10:15;10,262
22.07. 10:30;12,307
22.07. 10:45;9,9476
22.07. 11:00;12,361
22.07. 11:15;12,568
22.07. 11:30;10,844
22.07. 11:45;14,858
22.07. 12:00;17,118
22.07. 12:15;18,61
22.07. 12:30;14,087
22.07. 12:45;14,739
22.07. 13:00;19,976
22.07. 13:15;21,266
22.07. 13:30;20,933
22.07. 13:45;14,005
22.07. 14:00;22,972
22.07. 14:15;21,525
22.07. 14:30;20,064
22.07. 14:45;9,6504
22.07. 15:00;8,5464
22.07. 15:15;12,394
22.07. 15:30;16,932
22.07. 15:45;44,791
22.07. 16:00;33,221
22.07. 16:15;21,739
22.07. 16:30;14,251
22.07. 16:45;21,807
22.07. 17:00;37,185
22.07. 17:15;31,878
22.07. 17:30;14,034
22.07. 17:45;19,592
22.07. 18:00;27,859
22.07. 18:15;16,849
22.07. 18:30;10,529
22.07. 18:45;7,4896
22.07. 19:00;6,5155
22.07. 19:15;8,7946
22.07. 19:30;3,0344
22.07. 19:45;0,37563
22.07. 20:00;0
22.07. 20:15;0
22.07. 20:30;0
22.07. 20:45;0
22.07. 21:00;0
22.07. 21:15;0
22.07. 21:30;0
22.07. 21:45;0
22.07. 22:00;0
22.07. 22:15;0
22.07. 22:30;0
22.07. 22:45;0
22.07. 23:00;0
22.07. 23:15;0
22.07. 23:30;0
22.07. 23:45;0
23.07. 00:00;0
23.07. 00:15;0
23.07. 00:30;0
23.07. 00:45;0
23.07. 01:00;0
23.07. 01:15;0
23.07. 01:30;0
23.07. 01:45;0
23.07. 02:00;0
23.07. 02:15;0
23.07. 02:30;0
23.07. 02:45;0
23.07. 03:00;0
23.07. 03:15;0
23.07. 03:30;0
23.07. 03:45;0
23.07. 04:00;0
23.07. 04:15;0
23.07. 04:30;0
23.07. 04:45;0
23.07. 05:00;5,0118
23.07. 05:15;2,3674
23.07. 05:30;1,8531
23.07. 05:45;2,6122
23.07. 06:00;2,7758
23.07. 06:15;4,1945
23.07. 06:30;6,2491
23.07. 06:45;26,601
23.07. 07:00;29,318
23.07. 07:15;16,773
23.07. 07:30;17,892
23.07. 07:45;17,584
23.07. 08:00;33,506
23.07. 08:15;53,466
23.07. 08:30;36,74
23.07. 08:45;42,353
23.07. 09:00;39,458
23.07. 09:15;68,975
23.07. 09:30;70,523
23.07. 09:45;60,04
23.07. 10:00;55,763
23.07. 10:15;64,129
23.07. 10:30;78,638
23.07. 10:45;72,308
23.07. 11:00;62,854
23.07. 11:15;66,079
23.07. 11:30;79,57
23.07. 11:45;80,197
23.07. 12:00;64,95
23.07. 12:15;59,096
23.07. 12:30;80,027
23.07. 12:45;82,001
23.07. 13:00;65,006
23.07. 13:15;61,835
23.07. 13:30;78,55
23.07. 13:45;80,277
23.07. 14:00;61,399
23.07. 14:15;63,599
23.07. 14:30;73,834
23.07. 14:45;63,624
23.07. 15:00;52,992
23.07. 15:15;57,145
23.07. 15:30;48,946
23.07. 15:45;56,006
23.07. 16:00;41,663
23.07. 16:15;38,515
23.07. 16:30;42,367
23.07. 16:45;40,841
23.07. 17:00;31,128
23.07. 17:15;22,225
23.07. 17:30;28,588
23.07. 17:45;27,38
23.07. 18:00;21,679
23.07. 18:15;13,848
23.07. 18:30;4,7745
23.07. 18:45;5,6279
23.07. 19:00;1,6185
23.07. 19:15;1,1748
23.07. 19:30;0,8581
23.07. 19:45;0,16802
23.07. 20:00;0
23.07. 20:15;0
23.07. 20:30;0
23.07. 20:45;0
23.07. 21:00;0
23.07. 21:15;0
23.07. 21:30;0
23.07. 21:45;0
23.07. 22:00;0
23.07. 22:15;0
23.07. 22:30;0
23.07. 22:45;0
23.07. 23:00;0
23.07. 23:15;0
23.07. 23:30;0
23.07. 23:45;0
24.07. 00:00;0
24.07. 00:15;0
24.07. 00:30;0
24.07. 00:45;0
24.07. 01:00;0
24.07. 01:15;0
24.07. 01:30;0
24.07. 01:45;0
24.07. 02:00;0
24.07. 02:15;0
24.07. 02:30;0
24.07. 02:45;0
24.07. 03:00;0
24.07. 03:15;0
24.07. 03:30;0
24.07. 03:45;0
24.07. 04:00;0
24.07. 04:15;0,01127
24.07. 04:30;0,4434
24.07. 04:45;0,94442
24.07. 05:00;1,5629
24.07. 05:15;1,5692
24.07. 05:30;2,3591
24.07. 05:45;3,067
24.07. 06:00;4,7269
24.07. 06:15;5,1953
24.07. 06:30;6,0748
24.07. 06:45;7,8225
24.07. 07:00;8,9826
24.07. 07:15;8,3744
24.07. 07:30;7,099
24.07. 07:45;2,0774
24.07. 08:00;3,5912
24.07. 08:15;8,966
24.07. 08:30;14,673
24.07. 08:45;41,73
24.07. 09:00;47,292
24.07. 09:15;30,391
24.07. 09:30;41,537
24.07. 09:45;32,031
24.07. 10:00;25,477
24.07. 10:15;25,448
24.07. 10:30;42,42
24.07. 10:45;60,106
24.07. 11:00;66,278
24.07. 11:15;39,497
24.07. 11:30;40,171
24.07. 11:45;29,629
24.07. 12:00;15,392
24.07. 12:15;62,979
24.07. 12:30;75,56
24.07. 12:45;59,528
24.07. 13:00;52,993
24.07. 13:15;53,483
24.07. 13:30;75,835
24.07. 13:45;41,456
24.07. 14:00;38,321
24.07. 14:15;37,116
24.07. 14:30;35,78
24.07. 14:45;72,165
24.07. 15:00;40,452
24.07. 15:15;51,695
24.07. 15:30;42,112
24.07. 15:45;20,747
24.07. 16:00;29,904
24.07. 16:15;44,052
24.07. 16:30;38,069
24.07. 16:45;36,734
24.07. 17:00;33,796
24.07. 17:15;27,874
24.07. 17:30;16,285
24.07. 17:45;21,138
24.07. 18:00;17,466
24.07. 18:15;9,4529
24.07. 18:30;14,186
24.07. 18:45;6,7996
24.07. 19:00;6,5653
24.07. 19:15;3,1244
24.07. 19:30;1,0467
24.07. 19:45;0,23509
24.07. 20:00;0
24.07. 20:15;0
24.07. 20:30;0
24.07. 20:45;0
24.07. 21:00;0
24.07. 21:15;0
24.07. 21:30;0
24.07. 21:45;0
24.07. 22:00;0
24.07. 22:15;0
24.07. 22:30;0
24.07. 22:45;0
24.07. 23:00;0
24.07. 23:15;0
24.07. 23:30;0
24.07. 23:45;0
25.07. 00:00;0
25.07. 00:15;0
25.07. 00:30;0
25.07. 00:45;0
25.07. 01:00;0
25.07. 01:15;0
25.07. 01:30;0
25.07. 01:45;0
25.07. 02:00;0
25.07. 02:15;0
25.07. 02:30;0
25.07. 02:45;0
25.07. 03:00;0
25.07. 03:15;0
25.07. 03:30;0
25.07. 03:45;0
25.07. 04:00;0
25.07. 04:15;0
25.07. 04:30;0,15331
25.07. 04:45;0,44101
25.07. 05:00;0,66254
25.07. 05:15;1,6049
25.07. 05:30;7,9351
25.07. 05:45;16,449
25.07. 06:00;20,433
25.07. 06:15;15,275
25.07. 06:30;18,683
25.07. 06:45;20,253
25.07. 07:00;23,27
25.07. 07:15;28,575
25.07. 07:30;37,77
25.07. 07:45;38,625
25.07. 08:00;37,854
25.07. 08:15;40,63
25.07. 08:30;52,684
25.07. 08:45;55,526
25.07. 09:00;47,903
25.07. 09:15;34,077
25.07. 09:30;45,89
25.07. 09:45;81,79
25.07. 10:00;38,561
25.07. 10:15;60,415
25.07. 10:30;34,993
25.07. 10:45;72,181
25.07. 11:00;62,515
25.07. 11:15;48,005
25.07. 11:30;35,704
25.07. 11:45;45,482
25.07. 12:00;32,412
25.07. 12:15;39,917
25.07. 12:30;51,334
25.07. 12:45;58,65
25.07. 13:00;48,364
25.07. 13:15;44,877
25.07. 13:30;39,67
25.07. 13:45;29,015
25.07. 14:00;21,179
25.07. 14:15;19,798
25.07. 14:30;19,65
25.07. 14:45;33,579
25.07. 15:00;39,294
25.07. 15:15;23,731
25.07. 15:30;17,211
25.07. 15:45;15,172
25.07. 16:00;10,548
25.07. 16:15;10,194
25.07. 16:30;21,941
25.07. 16:45;25,958
25.07. 17:00;12,916
25.07. 17:15;11,73
25.07. 17:30;14,904
25.07. 17:45;9,8327
25.07. 18:00;8,3058
25.07. 18:15;8,2752
25.07. 18:30;11,902
25.07. 18:45;7,349
25.07. 19:00;7,1367
25.07. 19:15;2,0823
25.07. 19:30;0,84229
25.07. 19:45;0,30257
25.07. 20:00;0
25.07. 20:15;0
25.07. 20:30;0
25.07. 20:45;0
25.07. 21:00;0
25.07. 21:15;0
25.07. 21:30;0
25.07. 21:45;0
25.07. 22:00;0
25.07. 22:15;0
25.07. 22:30;0
25.07. 22:45;0
25.07. 23:00;0
25.07. 23:15;0
25.07. 23:30;0
25.07. 23:45;0
26.07. 00:00;0
26.07. 00:15;0
26.07. 00:30;0
26.07. 00:45;0
26.07. 01:00;0
26.07. 01:15;0
26.07. 01:30;0
26.07. 01:45;0
26.07. 02:00;0
26.07. 02:15;0
26.07. 02:30;0
26.07. 02:45;0
26.07. 03:00;0
26.07. 03:15;0
26.07. 03:30;0
26.07. 03:45;0
26.07. 04:00;0
26.07. 04:15;0
26.07. 04:30;0
26.07. 04:45;0
26.07. 05:00;0,60886
26.07. 05:15;0,16294
26.07. 05:30;0,18478
26.07. 05:45;0,2861
26.07. 06:00;1,8655
26.07. 06:15;6,2135
26.07. 06:30;12,286
26.07. 06:45;17,032
26.07. 07:00;14,098
26.07. 07:15;11,518
26.07. 07:30;16,366
26.07. 07:45;18,194
26.07. 08:00;20,388
26.07. 08:15;21,886
26.07. 08:30;21,496
26.07. 08:45;16,049
26.07. 09:00;33,468
26.07. 09:15;42,338
26.07. 09:30;28,73
26.07. 09:45;29,838
26.07. 10:00;34,719
26.07. 10:15;66,324
26.07. 10:30;62,444
26.07. 10:45;39,036
26.07. 11:00;40,427
26.07. 11:15;46,381
26.07. 11:30;64,916
26.07. 11:45;36,186
26.07. 12:00;27,792
26.07. 12:15;39,029
26.07. 12:30;45,322
26.07. 12:45;43,362
26.07. 13:00;29,366
26.07. 13:15;28,154
26.07. 13:30;33,932
26.07. 13:45;33,165
26.07. 14:00;34,681
26.07. 14:15;22,449
26.07. 14:30;20,226
26.07. 14:45;22,945
26.07. 15:00;21,145
26.07. 15:15;19,588
26.07. 15:30;24,594
26.07. 15:45;24,48
26.07. 16:00;23,36
26.07. 16:15;23,709
26.07. 16:30;24,693
26.07. 16:45;25,522
26.07. 17:00;39,765
26.07. 17:15;18,322
26.07. 17:30;18,289
26.07. 17:45;15,479
26.07. 18:00;8,7149
26.07. 18:15;8,1799
26.07. 18:30;8,9765
26.07. 18:45;4,6625
26.07. 19:00;1,578
26.07. 19:15;0,64241
26.07. 19:30;0,26821
26.07. 19:45;0,04057
26.07. 20:00;0
26.07. 20:15;0
26.07. 20:30;0
26.07. 20:45;0
26.07. 21:00;0
26.07. 21:15;0
26.07. 21:30;0
26.07. 21:45;0
26.07. 22:00;0
26.07. 22:15;0
26.07. 22:30;0
26.07. 22:45;0
26.07. 23:00;0
26.07. 23:15;0
26.07. 23:30;0
26.07. 23:45;0
27.07. 00:00;0
27.07. 00:15;0
27.07. 00:30;0
27.07. 00:45;0
27.07. 01:00;0
27.07. 01:15;0
27.07. 01:30;0
27.07. 01:45;0
27.07. 02:00;0
27.07. 02:15;0
27.07. 02:30;0
27.07. 02:45;0
27.07. 03:00;0
27.07. 03:15;0
27.07. 03:30;0
27.07. 03:45;0
27.07. 04:00;0
27.07. 04:15;0,00746
27.07. 04:30;0,29517
27.07. 04:45;0,83837
27.07. 05:00;5,5101
27.07. 05:15;11,324
27.07. 05:30;8,5295
27.07. 05:45;12,033
27.07. 06:00;16,309
27.07. 06:15;27,268
27.07. 06:30;24,79
27.07. 06:45;24,612
27.07. 07:00;29,506
27.07. 07:15;35,253
27.07. 07:30;41,015
27.07. 07:45;44,828
27.07. 08:00;44,504
27.07. 08:15;39,787
27.07. 08:30;53,274
27.07. 08:45;56,396
27.07. 09:00;33,9
27.07. 09:15;43,342
27.07. 09:30;65,944
27.07. 09:45;67,632
27.07. 10:00;60,449
27.07. 10:15;51,349
27.07. 10:30;45,393
27.07. 10:45;55,892
27.07. 11:00;42,718
27.07. 11:15;70,383
27.07. 11:30;57,575
27.07. 11:45;54,486
27.07. 12:00;51,723
27.07. 12:15;45,942
27.07. 12:30;43,291
27.07. 12:45;73,542
27.07. 13:00;59,469
27.07. 13:15;36,524
27.07. 13:30;36,973
27.07. 13:45;33,432
27.07. 14:00;21,716
27.07. 14:15;18,96
27.07. 14:30;24,333
27.07. 14:45;42,402
27.07. 15:00;24,051
27.07. 15:15;19,831
27.07. 15:30;18,299
27.07. 15:45;9,5674
27.07. 16:00;9,0871
27.07. 16:15;29,225
27.07. 16:30;44,211
27.07. 16:45;25,302
27.07. 17:00;13,259
27.07. 17:15;10,321
27.07. 17:30;13,9
27.07. 17:45;15,238
27.07. 18:00;9,3885
27.07. 18:15;4,0923
27.07. 18:30;3,3316
27.07. 18:45;2,178
27.07. 19:00;1,5571
27.07. 19:15;1,3707
27.07. 19:30;1,8101
27.07. 19:45;0,28788
27.07. 20:00;0
27.07. 20:15;0
27.07. 20:30;0
27.07. 20:45;0
27.07. 21:00;0
27.07. 21:15;0
27.07. 21:30;0
27.07. 21:45;0
27.07. 22:00;0
27.07. 22:15;0
27.07. 22:30;0
27.07. 22:45;0
27.07. 23:00;0
27.07. 23:15;0
27.07. 23:30;0
27.07. 23:45;0
28.07. 00:00;0
28.07. 00:15;0
28.07. 00:30;0
28.07. 00:45;0
28.07. 01:00;0
28.07. 01:15;0
28.07. 01:30;0
28.07. 01:45;0
28.07. 02:00;0
28.07. 02:15;0
28.07. 02:30;0
28.07. 02:45;0
28.07. 03:00;0
28.07. 03:15;0
28.07. 03:30;0
28.07. 03:45;0
28.07. 04:00;0
28.07. 04:15;0
28.07. 04:30;0
28.07. 04:45;0
28.07. 05:00;4,0164
28.07. 05:15;3,7536
28.07. 05:30;4,2266
28.07. 05:45;2,8977
28.07. 06:00;4,5438
28.07. 06:15;21,135
28.07. 06:30;27,503
28.07. 06:45;33,17
28.07. 07:00;35,616
28.07. 07:15;37,843
28.07. 07:30;39,407
28.07. 07:45;39,928
28.07. 08:00;39,862
28.07. 08:15;50,836
28.07. 08:30;60,077
28.07. 08:45;57,682
28.07. 09:00;57,113
28.07. 09:15;55,982
28.07. 09:30;60,51
28.07. 09:45;63,951
28.07. 10:00;47,111
28.07. 10:15;64,084
28.07. 10:30;71,737
28.07. 10:45;53,537
28.07. 11:00;55,707
28.07. 11:15;68,075
28.07. 11:30;53,259
28.07. 11:45;44,261
28.07. 12:00;64,288
28.07. 12:15;69,501
28.07. 12:30;35,088
28.07. 12:45;65,331
28.07. 13:00;47,098
28.07. 13:15;52,228
28.07. 13:30;56,185
28.07. 13:45;52,272
28.07. 14:00;64,264
28.07. 14:15;60,347
28.07. 14:30;41,257
28.07. 14:45;33,297
28.07. 15:00;36,3
28.07. 15:15;42,36
28.07. 15:30;47,695
28.07. 15:45;25,222
28.07. 16:00;18,574
28.07. 16:15;23,944
28.07. 16:30;28,13
28.07. 16:45;29,631
28.07. 17:00;21,163
28.07. 17:15;23,303
28.07. 17:30;22,412
28.07. 17:45;15,704
28.07. 18:00;13,62
28.07. 18:15;17,334
28.07. 18:30;17,17
28.07. 18:45;5,2889
28.07. 19:00;5,9267
28.07. 19:15;4,1575
28.07. 19:30;1,6581
28.07. 19:45;0,30411
28.07. 20:00;0
28.07. 20:15;0
28.07. 20:30;0
28.07. 20:45;0
28.07. 21:00;0
28.07. 21:15;0
28.07. 21:30;0
28.07. 21:45;0
28.07. 22:00;0
28.07. 22:15;0
28.07. 22:30;0
28.07. 22:45;0
28.07. 23:00;0
28.07. 23:15;0
28.07. 23:30;0
28.07. 23:45;0
29.07. 00:00;0
29.07. 00:15;0
29.07. 00:30;0
29.07. 00:45;0
29.07. 01:00;0
29.07. 01:15;0
29.07. 01:30;0
29.07. 01:45;0
29.07. 02:00;0
29.07. 02:15;0
29.07. 02:30;0
29.07. 02:45;0
29.07. 03:00;0
29.07. 03:15;0
29.07. 03:30;0
29.07. 03:45;0
29.07. 04:00;0
29.07. 04:15;0
29.07. 04:30;0,16436
29.07. 04:45;0,7874
29.07. 05:00;2,5034
29.07. 05:15;6,6745
29.07. 05:30;9,8181
29.07. 05:45;15,425
29.07. 06:00;19,243
29.07. 06:15;16,885
29.07. 06:30;22,644
29.07. 06:45;32,203
29.07. 07:00;32,907
29.07. 07:15;35,681
29.07. 07:30;39,037
29.07. 07:45;42,73
29.07. 08:00;46,644
29.07. 08:15;49,889
29.07. 08:30;52,896
29.07. 08:45;55,781
29.07. 09:00;58,768
29.07. 09:15;61,422
29.07. 09:30;62,722
29.07. 09:45;64,351
29.07. 10:00;66,46
29.07. 10:15;68,129
29.07. 10:30;70,102
29.07. 10:45;72,125
29.07. 11:00;72,858
29.07. 11:15;73,361
29.07. 11:30;73,497
29.07. 11:45;73,828
29.07. 12:00;74,274
29.07. 12:15;74,233
29.07. 12:30;73,966
29.07. 12:45;73,473
29.07. 13:00;72,887
29.07. 13:15;71,908
29.07. 13:30;70,734
29.07. 13:45;69,351
29.07. 14:00;67,758
29.07. 14:15;65,922
29.07. 14:30;63,917
29.07. 14:45;61,725
29.07. 15:00;59,12
29.07. 15:15;56,075
29.07. 15:30;53,384
29.07. 15:45;50,544
29.07. 16:00;47,309
29.07. 16:15;44,222
29.07. 16:30;41,036
29.07. 16:45;37,657
29.07. 17:00;33,583
29.07. 17:15;29,596
29.07. 17:30;26,399
29.07. 17:45;23,564
29.07. 18:00;16,632
29.07. 18:15;13,773
29.07. 18:30;12,234
29.07. 18:45;8,6949
29.07. 19:00;5,0779
29.07. 19:15;2,8132
29.07. 19:30;2,207
29.07. 19:45;0,34246
29.07. 20:00;0
29.07. 20:15;0
29.07. 20:30;0
29.07. 20:45;0
29.07. 21:00;0
29.07. 21:15;0
29.07. 21:30;0
29.07. 21:45;0
29.07. 22:00;0
29.07. 22:15;0
29.07. 22:30;0
29.07. 22:45;0
29.07. 23:00;0
29.07. 23:15;0
29.07. 23:30;0
29.07. 23:45;0
30.07. 00:00;0
30.07. 00:15;0
30.07. 00:30;0
30.07. 00:45;0
30.07. 01:00;0
30.07. 01:15;0
30.07. 01:30;0
30.07. 01:45;0
30.07. 02:00;0
30.07. 02:15;0
30.07. 02:30;0
30.07. 02:45;0
30.07. 03:00;0
30.07. 03:15;0
30.07. 03:30;0
30.07. 03:45;0
30.07. 04:00;0
30.07. 04:15;0
30.07. 04:30;0,02804
30.07. 04:45;0,45103
30.07. 05:00;3,2293
30.07. 05:15;5,7578
30.07. 05:30;9,5566
30.07. 05:45;13,01
30.07. 06:00;13,585
30.07. 06:15;21,642
30.07. 06:30;24,917
30.07. 06:45;28,037
30.07. 07:00;32,354
30.07. 07:15;34,837
30.07. 07:30;38,096
30.07. 07:45;41,35
30.07. 08:00;45,248
30.07. 08:15;48,585
30.07. 08:30;51,636
30.07. 08:45;54,717
30.07. 09:00;57,341
30.07. 09:15;59,864
30.07. 09:30;62,188
30.07. 09:45;64,337
30.07. 10:00;66,227
30.07. 10:15;67,459
30.07. 10:30;69,112
30.07. 10:45;70,352
30.07. 11:00;71,49
30.07. 11:15;72,409
30.07. 11:30;73,051
30.07. 11:45;73,469
30.07. 12:00;73,468
30.07. 12:15;73,273
30.07. 12:30;72,991
30.07. 12:45;72,51
30.07. 13:00;71,914
30.07. 13:15;70,965
30.07. 13:30;69,807
30.07. 13:45;68,439
30.07. 14:00;67,002
30.07. 14:15;65,209
30.07. 14:30;63,221
30.07. 14:45;61,042
30.07. 15:00;58,445
30.07. 15:15;55,843
30.07. 15:30;53,146
30.07. 15:45;50,303
30.07. 16:00;47,142
30.07. 16:15;44,047
30.07. 16:30;40,847
30.07. 16:45;37,55
30.07. 17:00;33,102
30.07. 17:15;29,543
30.07. 17:30;26,239
30.07. 17:45;22,926
30.07. 18:00;17,211
30.07. 18:15;14,235
30.07. 18:30;9,3727
30.07. 18:45;8,7336
30.07. 19:00;5,3722
30.07. 19:15;3,4259
30.07. 19:30;1,2264
30.07. 19:45;0,11965
30.07. 20:00;0
30.07. 20:15;0
30.07. 20:30;0
30.07. 20:45;0
30.07. 21:00;0
30.07. 21:15;0
30.07. 21:30;0
30.07. 21:45;0
30.07. 22:00;0
30.07. 22:15;0
30.07. 22:30;0
30.07. 22:45;0
30.07. 23:00;0
30.07. 23:15;0
30.07. 23:30;0
30.07. 23:45;0
31.07. 00:00;0
31.07. 00:15;0
31.07. 00:30;0
31.07. 00:45;0
31.07. 01:00;0
31.07. 01:15;0
31.07. 01:30;0
31.07. 01:45;0
31.07. 02:00;0
31.07. 02:15;0
31.07. 02:30;0
31.07. 02:45;0
31.07. 03:00;0
31.07. 03:15;0
31.07. 03:30;0
31.07. 03:45;0
31.07. 04:00;0
31.07. 04:15;0
31.07. 04:30;0
31.07. 04:45;0
31.07. 05:00;5,7051
31.07. 05:15;3,3924
31.07. 05:30;3,2275
31.07. 05:45;12,953
31.07. 06:00;13,482
31.07. 06:15;12,531
31.07. 06:30;22,908
31.07. 06:45;32,666
31.07. 07:00;28,656
31.07. 07:15;31,989
31.07. 07:30;40,772
31.07. 07:45;43,283
31.07. 08:00;45,2
31.07. 08:15;48,059
31.07. 08:30;51,005
31.07. 08:45;53,819
31.07. 09:00;56,625
31.07. 09:15;59,071
31.07. 09:30;61,382
31.07. 09:45;63,503
31.07. 10:00;65,597
31.07. 10:15;67,267
31.07. 10:30;68,78
31.07. 10:45;70,094
31.07. 11:00;69,321
31.07. 11:15;69,549
31.07. 11:30;70,18
31.07. 11:45;70,58
31.07. 12:00;75,154
31.07. 12:15;55,864
31.07. 12:30;38,067
31.07. 12:45;39,937
31.07. 13:00;46,284
31.07. 13:15;57,204
31.07. 13:30;66,19
31.07. 13:45;55,044
31.07. 14:00;55,826
31.07. 14:15;55,38
31.07. 14:30;53,352
31.07. 14:45;51,433
31.07. 15:00;48,063
31.07. 15:15;45,945
31.07. 15:30;43,477
31.07. 15:45;41,767
31.07. 16:00;20,598
31.07. 16:15;33,247
31.07. 16:30;39,465
31.07. 16:45;36,704
31.07. 17:00;27,524
31.07. 17:15;12,48
31.07. 17:30;8,3748
31.07. 17:45;10,275
31.07. 18:00;5,2737
31.07. 18:15;2,3784
31.07. 18:30;1,9978
31.07. 18:45;2,1991
31.07. 19:00;2,0602
31.07. 19:15;1,2962
31.07. 19:30;0,7257
31.07. 19:45;0,06118
31.07. 20:00;0
31.07. 20:15;0
31.07. 20:30;0
31.07. 20:45;0
31.07. 21:00;0
31.07. 21:15;0
31.07. 21:30;0
31.07. 21:45;0
31.07. 22:00;0
31.07. 22:15;0
31.07. 22:30;0
31.07. 22:45;0
31.07. 23:00;0
31.07. 23:15;0
31.07. 23:30;0
31.07. 23:45;0
01.08. 00:00;0
01.08. 00:15;0
01.08. 00:30;0
01.08. 00:45;0
01.08. 01:00;0
01.08. 01:15;0
01.08. 01:30;0
01.08. 01:45;0
01.08. 02:00;0
01.08. 02:15;0
01.08. 02:30;0
01.08. 02:45;0
01.08. 03:00;0
01.08. 03:15;0
01.08. 03:30;0
01.08. 03:45;0
01.08. 04:00;0
01.08. 04:15;0
01.08. 04:30;0
01.08. 04:45;0
01.08. 05:00;1,2626
01.08. 05:15;0,86144
01.08. 05:30;0,9339
01.08. 05:45;1,0071
01.08. 06:00;1,1588
01.08. 06:15;1,8339
01.08. 06:30;8,507
01.08. 06:45;18,94
01.08. 07:00;10,962
01.08. 07:15;10,778
01.08. 07:30;22,963
01.08. 07:45;13,788
01.08. 08:00;32,473
01.08. 08:15;15,644
01.08. 08:30;23,794
01.08. 08:45;24,798
01.08. 09:00;16,081
01.08. 09:15;29,793
01.08. 09:30;64,691
01.08. 09:45;57,858
01.08. 10:00;48,979
01.08. 10:15;28,353
01.08. 10:30;46,59
01.08. 10:45;67,696
01.08. 11:00;32,006
01.08. 11:15;39,337
01.08. 11:30;56,803
01.08. 11:45;54,366
01.08. 12:00;33,236
01.08. 12:15;30,468
01.08. 12:30;42,71
01.08. 12:45;67,698
01.08. 13:00;52,353
01.08. 13:15;38,191
01.08. 13:30;38,792
01.08. 13:45;50,553
01.08. 14:00;45,484
01.08. 14:15;38,243
01.08. 14:30;32,927
01.08. 14:45;42,64
01.08. 15:00;55,823
01.08. 15:15;54,927
01.08. 15:30;29,167
01.08. 15:45;26,8
01.08. 16:00;25,543
01.08. 16:15;32,392
01.08. 16:30;44,508
01.08. 16:45;40,619
01.08. 17:00;33,816
01.08. 17:15;29,102
01.08. 17:30;25,869
01.08. 17:45;8,8603
01.08. 18:00;9,5568
01.08. 18:15;18,863
01.08. 18:30;13,307
01.08. 18:45;10,945
01.08. 19:00;4,17
01.08. 19:15;2,0218
01.08. 19:30;1,2437
01.08. 19:45;0,01888
01.08. 20:00;0
01.08. 20:15;0
01.08. 20:30;0
01.08. 20:45;0
01.08. 21:00;0
01.08. 21:15;0
01.08. 21:30;0
01.08. 21:45;0
01.08. 22:00;0
01.08. 22:15;0
01.08. 22:30;0
01.08. 22:45;0
01.08. 23:00;0
01.08. 23:15;0
01.08. 23:30;0
01.08. 23:45;0
02.08. 00:00;0
02.08. 00:15;0
02.08. 00:30;0
02.08. 00:45;0
02.08. 01:00;0
02.08. 01:15;0
02.08. 01:30;0
02.08. 01:45;0
02.08. 02:00;0
02.08. 02:15;0
02.08. 02:30;0
02.08. 02:45;0
02.08. 03:00;0
02.08. 03:15;0
02.08. 03:30;0
02.08. 03:45;0
02.08. 04:00;0
02.08. 04:15;0
02.08. 04:30;0
02.08. 04:45;0
02.08. 05:00;4,094
02.08. 05:15;5,7586
02.08. 05:30;5,6958
02.08. 05:45;10,265
02.08. 06:00;17,211
02.08. 06:15;22,245
02.08. 06:30;22,038
02.08. 06:45;23,044
02.08. 07:00;27,743
02.08. 07:15;37,827
02.08. 07:30;36,306
02.08. 07:45;42,821
02.08. 08:00;48,762
02.08. 08:15;49,763
02.08. 08:30;39,487
02.08. 08:45;14,34
02.08. 09:00;14,992
02.08. 09:15;40,468
02.08. 09:30;76,667
02.08. 09:45;73,684
02.08. 10:00;60,8
02.08. 10:15;69,142
02.08. 10:30;72,343
02.08. 10:45;72,769
02.08. 11:00;64,378
02.08. 11:15;71,12
02.08. 11:30;72,973
02.08. 11:45;78,512
02.08. 12:00;57,799
02.08. 12:15;74,503
02.08. 12:30;75,687
02.08. 12:45;71,454
02.08. 13:00;56,494
02.08. 13:15;71,926
02.08. 13:30;71,049
02.08. 13:45;76,27
02.08. 14:00;59,464
02.08. 14:15;59,783
02.08. 14:30;64,322
02.08. 14:45;57,119
02.08. 15:00;48,892
02.08. 15:15;42,328
02.08. 15:30;48,469
02.08. 15:45;36,828
02.08. 16:00;26,68
02.08. 16:15;20,18
02.08. 16:30;19,781
02.08. 16:45;15,72
02.08. 17:00;8,0699
02.08. 17:15;12,554
02.08. 17:30;14,951
02.08. 17:45;10,536
02.08. 18:00;9,0709
02.08. 18:15;5,7488
02.08. 18:30;3,3835
02.08. 18:45;1,9661
02.08. 19:00;1,1109
02.08. 19:15;0,10169
02.08. 19:30;0
02.08. 19:45;0
02.08. 20:00;0
02.08. 20:15;0
02.08. 20:30;0
02.08. 20:45;0
02.08. 21:00;0
02.08. 21:15;0
02.08. 21:30;0
02.08. 21:45;0
02.08. 22:00;0
02.08. 22:15;0
02.08. 22:30;0
02.08. 22:45;0
02.08. 23:00;0
02.08. 23:15;0
02.08. 23:30;0
02.08. 23:45;0
03.08. 00:00;0
03.08. 00:15;0
03.08. 00:30;0
03.08. 00:45;0
03.08. 01:00;0
03.08. 01:15;0
03.08. 01:30;0
03.08. 01:45;0
03.08. 02:00;0
03.08. 02:15;0
03.08. 02:30;0
03.08. 02:45;0
03.08. 03:00;0
03.08. 03:15;0
03.08. 03:30;0
03.08. 03:45;0
03.08. 04:00;0
03.08. 04:15;0
03.08. 04:30;0
03.08. 04:45;0
03.08. 05:00;2,1468
03.08. 05:15;1,2387
03.08. 05:30;1,44
03.08. 05:45;2,6195
03.08. 06:00;3,2397
03.08. 06:15;2,6055
03.08. 06:30;3,2254
03.08. 06:45;3,5895
03.08. 07:00;2,4789
03.08. 07:15;4,3269
03.08. 07:30;12,586
03.08. 07:45;21,805
03.08. 08:00;18,318
03.08. 08:15;15,942
03.08. 08:30;16,577
03.08. 08:45;14,456
03.08. 09:00;23,47
03.08. 09:15;30,529
03.08. 09:30;34,392
03.08. 09:45;54,762
03.08. 10:00;43,508
03.08. 10:15;70,423
03.08. 10:30;55,808
03.08. 10:45;41,161
03.08. 11:00;44,081
03.08. 11:15;67,156
03.08. 11:30;74,409
03.08. 11:45;51,947
03.08. 12:00;27,673
03.08. 12:15;63,396
03.08. 12:30;74,777
03.08. 12:45;68,038
03.08. 13:00;63,258
03.08. 13:15;63,304
03.08. 13:30;41,432
03.08. 13:45;33,405
03.08. 14:00;29,885
03.08. 14:15;21,788
03.08. 14:30;20,138
03.08. 14:45;12,047
03.08. 15:00;13,431
03.08. 15:15;14,897
03.08. 15:30;9,2658
03.08. 15:45;6,4829
03.08. 16:00;12,27
03.08. 16:15;14,047
03.08. 16:30;10,337
03.08. 16:45;13,164
03.08. 17:00;13,133
03.08. 17:15;11,17
03.08. 17:30;9,4427
03.08. 17:45;8,1159
03.08. 18:00;7,3263
03.08. 18:15;10,176
03.08. 18:30;9,5865
03.08. 18:45;3,7216
03.08. 19:00;3,3002
03.08. 19:15;2,9846
03.08. 19:30;1,0242
03.08. 19:45;0,00368
03.08. 20:00;0
03.08. 20:15;0
03.08. 20:30;0
03.08. 20:45;0
03.08. 21:00;0
03.08. 21:15;0
03.08. 21:30;0
03.08. 21:45;0
03.08. 22:00;0
03.08. 22:15;0
03.08. 22:30;0
03.08. 22:45;0
03.08. 23:00;0
03.08. 23:15;0
03.08. 23:30;0
03.08. 23:45;0
04.08. 00:00;0
04.08. 00:15;0
04.08. 00:30;0
04.08. 00:45;0
04.08. 01:00;0
04.08. 01:15;0
04.08. 01:30;0
04.08. 01:45;0
04.08. 02:00;0
04.08. 02:15;0
04.08. 02:30;0
04.08. 02:45;0
04.08. 03:00;0
04.08. 03:15;0
04.08. 03:30;0
04.08. 03:45;0
04.08. 04:00;0
04.08. 04:15;0
04.08. 04:30;0
04.08. 04:45;0
04.08. 05:00;1,4678
04.08. 05:15;0,60241
04.08. 05:30;0,85154
04.08. 05:45;0,84253
04.08. 06:00;1,372
04.08. 06:15;3,0402
04.08. 06:30;10,278
04.08. 06:45;27,267
04.08. 07:00;32,989
04.08. 07:15;28,035
04.08. 07:30;24,463
04.08. 07:45;28,894
04.08. 08:00;44,659
04.08. 08:15;36,49
04.08. 08:30;27,225
04.08. 08:45;25,589
04.08. 09:00;20,544
04.08. 09:15;17,238
04.08. 09:30;20,108
04.08. 09:45;24,453
04.08. 10:00;20,583
04.08. 10:15;21,585
04.08. 10:30;29,055
04.08. 10:45;33,27
04.08. 11:00;30,398
04.08. 11:15;30,938
04.08. 11:30;32,515
04.08. 11:45;25,095
04.08. 12:00;26,201
04.08. 12:15;59,634
04.08. 12:30;53,713
04.08. 12:45;25,052
04.08. 13:00;23,084
04.08. 13:15;31,871
04.08. 13:30;53,686
04.08. 13:45;54,888
04.08. 14:00;40,514
04.08. 14:15;32,699
04.08. 14:30;36,609
04.08. 14:45;23,986
04.08. 15:00;32,945
04.08. 15:15;41,076
04.08. 15:30;23,188
04.08. 15:45;25,127
04.08. 16:00;25,366
04.08. 16:15;21,915
04.08. 16:30;14,201
04.08. 16:45;9,9814
04.08. 17:00;11,841
04.08. 17:15;15,468
04.08. 17:30;12,394
04.08. 17:45;12,131
04.08. 18:00;5,7022
04.08. 18:15;3,5056
04.08. 18:30;1,6927
04.08. 18:45;0,23526
04.08. 19:00;0,00917
04.08. 19:15;0
04.08. 19:30;0,00232
04.08. 19:45;0
04.08. 20:00;0
04.08. 20:15;0
04.08. 20:30;0
04.08. 20:45;0
04.08. 21:00;0
04.08. 21:15;0
04.08. 21:30;0
04.08. 21:45;0
04.08. 22:00;0
04.08. 22:15;0
04.08. 22:30;0
04.08. 22:45;0
04.08. 23:00;0
04.08. 23:15;0
04.08. 23:30;0
04.08. 23:45;0
05.08. 00:00;0
05.08. 00:15;0
05.08. 00:30;0
05.08. 00:45;0
05.08. 01:00;0
05.08. 01:15;0
05.08. 01:30;0
05.08. 01:45;0
05.08. 02:00;0
05.08. 02:15;0
05.08. 02:30;0
05.08. 02:45;0
05.08. 03:00;0
05.08. 03:15;0
05.08. 03:30;0
05.08. 03:45;0
05.08. 04:00;0
05.08. 04:15;0
05.08. 04:30;0
05.08. 04:45;0
05.08. 05:00;1,3056
05.08. 05:15;0,97022
05.08. 05:30;0,5965
05.08. 05:45;0,32289
05.08. 06:00;1,011
05.08. 06:15;6,243
05.08. 06:30;14,612
05.08. 06:45;19,234
05.08. 07:00;11,338
05.08. 07:15;14,058
05.08. 07:30;23,339
05.08. 07:45;46,224
05.08. 08:00;32,409
05.08. 08:15;39,469
05.08. 08:30;38,446
05.08. 08:45;34,006
05.08. 09:00;30,085
05.08. 09:15;46,475
05.08. 09:30;62,18
05.08. 09:45;64,118
05.08. 10:00;68,234
05.08. 10:15;63,168
05.08. 10:30;70,293
05.08. 10:45;48,855
05.08. 11:00;37,2
05.08. 11:15;60,173
05.08. 11:30;71,501
05.08. 11:45;70,352
05.08. 12:00;54,337
05.08. 12:15;38,853
05.08. 12:30;40,867
05.08. 12:45;50,997
05.08. 13:00;57,983
05.08. 13:15;60,835
05.08. 13:30;42,419
05.08. 13:45;31,056
05.08. 14:00;16,109
05.08. 14:15;49,871
05.08. 14:30;61,246
05.08. 14:45;58,827
05.08. 15:00;29,289
05.08. 15:15;17,46
05.08. 15:30;23,873
05.08. 15:45;18,057
05.08. 16:00;14,425
05.08. 16:15;20,347
05.08. 16:30;28,186
05.08. 16:45;24,508
05.08. 17:00;20,939
05.08. 17:15;23,168
05.08. 17:30;10,63
05.08. 17:45;12,962
05.08. 18:00;12,03
05.08. 18:15;11,746
05.08. 18:30;12,683
05.08. 18:45;10,712
05.08. 19:00;8,2518
05.08. 19:15;1,7485
05.08. 19:30;0,35056
05.08. 19:45;0
05.08. 20:00;0
05.08. 20:15;0
05.08. 20:30;0
05.08. 20:45;0
05.08. 21:00;0
05.08. 21:15;0
05.08. 21:30;0
05.08. 21:45;0
05.08. 22:00;0
05.08. 22:15;0
05.08. 22:30;0
05.08. 22:45;0
05.08. 23:00;0
05.08. 23:15;0
05.08. 23:30;0
05.08. 23:45;0
06.08. 00:00;0
06.08. 00:15;0
06.08. 00:30;0
06.08. 00:45;0
06.08. 01:00;0
06.08. 01:15;0
06.08. 01:30;0
06.08. 01:45;0
06.08. 02:00;0
06.08. 02:15;0
06.08. 02:30;0
06.08. 02:45;0
06.08. 03:00;0
06.08. 03:15;0
06.08. 03:30;0
06.08. 03:45;0
06.08. 04:00;0
06.08. 04:15;0
06.08. 04:30;0
06.08. 04:45;0
06.08. 05:00;1,173
06.08. 05:15;4,1344
06.08. 05:30;6,8879
06.08. 05:45;5,9139
06.08. 06:00;8,4643
06.08. 06:15;9,0837
06.08. 06:30;20,644
06.08. 06:45;18,637
06.08. 07:00;19,851
06.08. 07:15;24,84
06.08. 07:30;22,354
06.08. 07:45;40,972
06.08. 08:00;20,574
06.08. 08:15;29,53
06.08. 08:30;48,39
06.08. 08:45;59,763
06.08. 09:00;46,074
06.08. 09:15;68,407
06.08. 09:30;62,425
06.08. 09:45;38,68
06.08. 10:00;54,013
06.08. 10:15;46,978
06.08. 10:30;67,881
06.08. 10:45;50,342
06.08. 11:00;46,337
06.08. 11:15;47,42
06.08. 11:30;67,799
06.08. 11:45;57,246
06.08. 12:00;23,57
06.08. 12:15;38,482
06.08. 12:30;60,083
06.08. 12:45;30,828
06.08. 13:00;21,977
06.08. 13:15;29,353
06.08. 13:30;44,711
06.08. 13:45;26,844
06.08. 14:00;25,674
06.08. 14:15;19,559
06.08. 14:30;15,664
06.08. 14:45;13,648
06.08. 15:00;12,243
06.08. 15:15;19,313
06.08. 15:30;36,755
06.08. 15:45;31,519
06.08. 16:00;15,595
06.08. 16:15;12,221
06.08. 16:30;9,1023
06.08. 16:45;7,5309
06.08. 17:00;7,4111
06.08. 17:15;12,781
06.08. 17:30;18,297
06.08. 17:45;9,2119
06.08. 18:00;10,244
06.08. 18:15;7,8341
06.08. 18:30;4,9882
06.08. 18:45;2,2501
06.08. 19:00;1,3802
06.08. 19:15;1,1585
06.08. 19:30;0,25513
06.08. 19:45;0
06.08. 20:00;0
06.08. 20:15;0
06.08. 20:30;0
06.08. 20:45;0
06.08. 21:00;0
06.08. 21:15;0
06.08. 21:30;0
06.08. 21:45;0
06.08. 22:00;0
06.08. 22:15;0
06.08. 22:30;0
06.08. 22:45;0
06.08. 23:00;0
06.08. 23:15;0
06.08. 23:30;0
06.08. 23:45;0
07.08. 00:00;0
07.08. 00:15;0
07.08. 00:30;0
07.08. 00:45;0
07.08. 01:00;0
07.08. 01:15;0
07.08. 01:30;0
07.08. 01:45;0
07.08. 02:00;0
07.08. 02:15;0
07.08. 02:30;0
07.08. 02:45;0
07.08. 03:00;0
07.08. 03:15;0
07.08. 03:30;0
07.08. 03:45;0
07.08. 04:00;0
07.08. 04:15;0
07.08. 04:30;0
07.08. 04:45;0
07.08. 05:00;0,16052
07.08. 05:15;0,16288
07.08. 05:30;0,18784
07.08. 05:45;0,17791
07.08. 06:00;0,4408
07.08. 06:15;1,6012
07.08. 06:30;2,6965
07.08. 06:45;6,9457
07.08. 07:00;9,6229
07.08. 07:15;10,813
07.08. 07:30;4,88
07.08. 07:45;4,9824
07.08. 08:00;5,7588
07.08. 08:15;13,867
07.08. 08:30;23,682
07.08. 08:45;24,472
07.08. 09:00;37,771
07.08. 09:15;33,661
07.08. 09:30;33,877
07.08. 09:45;43,503
07.08. 10:00;34,858
07.08. 10:15;38,917
07.08. 10:30;28,868
07.08. 10:45;23,571
07.08. 11:00;30,553
07.08. 11:15;34,934
07.08. 11:30;37,16
07.08. 11:45;63,998
07.08. 12:00;52,814
07.08. 12:15;50,342
07.08. 12:30;42,995
07.08. 12:45;42,985
07.08. 13:00;32,439
07.08. 13:15;37,387
07.08. 13:30;47,609
07.08. 13:45;40,606
07.08. 14:00;39,74
07.08. 14:15;34,868
07.08. 14:30;32,615
07.08. 14:45;30,03
07.08. 15:00;29,835
07.08. 15:15;33,66
07.08. 15:30;53,223
07.08. 15:45;42,889
07.08. 16:00;34,578
07.08. 16:15;28,679
07.08. 16:30;22,361
07.08. 16:45;20,061
07.08. 17:00;14,684
07.08. 17:15;21,009
07.08. 17:30;22,427
07.08. 17:45;9,6609
07.08. 18:00;7,2581
07.08. 18:15;8,1005
07.08. 18:30;5,3348
07.08. 18:45;3,3372
07.08. 19:00;0,74539
07.08. 19:15;0,03239
07.08. 19:30;0
07.08. 19:45;0
07.08. 20:00;0
07.08. 20:15;0
07.08. 20:30;0
07.08. 20:45;0
07.08. 21:00;0
07.08. 21:15;0
07.08. 21:30;0
07.08. 21:45;0
07.08. 22:00;0
07.08. 22:15;0
07.08. 22:30;0
07.08. 22:45;0
07.08. 23:00;0
07.08. 23:15;0
07.08. 23:30;0
07.08. 23:45;0
08.08. 00:00;0
08.08. 00:15;0
08.08. 00:30;0
08.08. 00:45;0
08.08. 01:00;0
08.08. 01:15;0
08.08. 01:30;0
08.08. 01:45;0
08.08. 02:00;0
08.08. 02:15;0
08.08. 02:30;0
08.08. 02:45;0
08.08. 03:00;0
08.08. 03:15;0
08.08. 03:30;0
08.08. 03:45;0
08.08. 04:00;0
08.08. 04:15;0
08.08. 04:30;0
08.08. 04:45;0
08.08. 05:00;0,05127
08.08. 05:15;0,12312
08.08. 05:30;0,20511
08.08. 05:45;0,33811
08.08. 06:00;1,5195
08.08. 06:15;2,5623
08.08. 06:30;5,9552
08.08. 06:45;8,639
08.08. 07:00;9,0773
08.08. 07:15;10,615
08.08. 07:30;15,175
08.08. 07:45;17,772
08.08. 08:00;12,582
08.08. 08:15;11,552
08.08. 08:30;14,047
08.08. 08:45;15,555
08.08. 09:00;43,487
08.08. 09:15;39,541
08.08. 09:30;22,805
08.08. 09:45;27,537
08.08. 10:00;33,86
08.08. 10:15;42,819
08.08. 10:30;65,207
08.08. 10:45;58,401
08.08. 11:00;39,51
08.08. 11:15;19,087
08.08. 11:30;25,436
08.08. 11:45;29,532
08.08. 12:00;28,612
08.08. 12:15;49,875
08.08. 12:30;66,421
08.08. 12:45;74,313
08.08. 13:00;76,196
08.08. 13:15;51,866
08.08. 13:30;53
08.08. 13:45;68,703
08.08. 14:00;28,113
08.08. 14:15;47,931
08.08. 14:30;50,81
08.08. 14:45;68,527
08.08. 15:00;60,124
08.08. 15:15;52,167
08.08. 15:30;26,581
08.08. 15:45;25,034
08.08. 16:00;26,466
08.08. 16:15;44,31
08.08. 16:30;31,907
08.08. 16:45;20,373
08.08. 17:00;21,769
08.08. 17:15;22,382
08.08. 17:30;22,983
08.08. 17:45;22,596
08.08. 18:00;10,614
08.08. 18:15;5,8067
08.08. 18:30;13,918
08.08. 18:45;14,564
08.08. 19:00;2,5726
08.08. 19:15;1,478
08.08. 19:30;0,19419
08.08. 19:45;0
08.08. 20:00;0
08.08. 20:15;0
08.08. 20:30;0
08.08. 20:45;0
08.08. 21:00;0
08.08. 21:15;0
08.08. 21:30;0
08.08. 21:45;0
08.08. 22:00;0
08.08. 22:15;0
08.08. 22:30;0
08.08. 22:45;0
08.08. 23:00;0
08.08. 23:15;0
08.08. 23:30;0
08.08. 23:45;0
09.08. 00:00;0
09.08. 00:15;0
09.08. 00:30;0
09.08. 00:45;0
09.08. 01:00;0
09.08. 01:15;0
09.08. 01:30;0
09.08. 01:45;0
09.08. 02:00;0
09.08. 02:15;0
09.08. 02:30;0
09.08. 02:45;0
09.08. 03:00;0
09.08. 03:15;0
09.08. 03:30;0
09.08. 03:45;0
09.08. 04:00;0
09.08. 04:15;0
09.08. 04:30;0
09.08. 04:45;0
09.08. 05:00;2,7982
09.08. 05:15;5,3844
09.08. 05:30;7,398
09.08. 05:45;9,0955
09.08. 06:00;16,318
09.08. 06:15;20,836
09.08. 06:30;19,038
09.08. 06:45;23,068
09.08. 07:00;32,638
09.08. 07:15;26,971
09.08. 07:30;37,195
09.08. 07:45;42,05
09.08. 08:00;44,224
09.08. 08:15;49,406
09.08. 08:30;50,297
09.08. 08:45;47,268
09.08. 09:00;50,602
09.08. 09:15;55,78
09.08. 09:30;60,344
09.08. 09:45;62,472
09.08. 10:00;32,712
09.08. 10:15;47,671
09.08. 10:30;52,997
09.08. 10:45;38,044
09.08. 11:00;40,972
09.08. 11:15;49,145
09.08. 11:30;38,327
09.08. 11:45;44,502
09.08. 12:00;53,704
09.08. 12:15;72,506
09.08. 12:30;40,752
09.08. 12:45;28,79
09.08. 13:00;25,482
09.08. 13:15;29,561
09.08. 13:30;33,223
09.08. 13:45;23,202
09.08. 14:00;13,564
09.08. 14:15;16,277
09.08. 14:30;25,136
09.08. 14:45;20,553
09.08. 15:00;19,207
09.08. 15:15;15,807
09.08. 15:30;11,362
09.08. 15:45;8,7676
09.08. 16:00;6,0035
09.08. 16:15;18,625
09.08. 16:30;35,494
09.08. 16:45;34,767
09.08. 17:00;28,026
09.08. 17:15;23,198
09.08. 17:30;15,721
09.08. 17:45;13,479
09.08. 18:00;12,802
09.08. 18:15;14,516
09.08. 18:30;8,7472
09.08. 18:45;5,5341
09.08. 19:00;1,478
09.08. 19:15;0,35672
09.08. 19:30;0,02438
09.08. 19:45;0
09.08. 20:00;0
09.08. 20:15;0
09.08. 20:30;0
09.08. 20:45;0
09.08. 21:00;0
09.08. 21:15;0
09.08. 21:30;0
09.08. 21:45;0
09.08. 22:00;0
09.08. 22:15;0
09.08. 22:30;0
09.08. 22:45;0
09.08. 23:00;0
09.08. 23:15;0
09.08. 23:30;0
09.08. 23:45;0
10.08. 00:00;0
10.08. 00:15;0
10.08. 00:30;0
10.08. 00:45;0
10.08. 01:00;0
10.08. 01:15;0
10.08. 01:30;0
10.08. 01:45;0
10.08. 02:00;0
10.08. 02:15;0
10.08. 02:30;0
10.08. 02:45;0
10.08. 03:00;0
10.08. 03:15;0
10.08. 03:30;0
10.08. 03:45;0
10.08. 04:00;0
10.08. 04:15;0
10.08. 04:30;0
10.08. 04:45;0
10.08. 05:00;1,5573
10.08. 05:15;1,9688
10.08. 05:30;1,2061
10.08. 05:45;1,7054
10.08. 06:00;2,6849
10.08. 06:15;13,944
10.08. 06:30;18,278
10.08. 06:45;17,902
10.08. 07:00;20,109
10.08. 07:15;15,52
10.08. 07:30;14,54
10.08. 07:45;26,632
10.08. 08:00;36,833
10.08. 08:15;37,351
10.08. 08:30;44,527
10.08. 08:45;52,673
10.08. 09:00;61,045
10.08. 09:15;53,448
10.08. 09:30;44,752
10.08. 09:45;56,191
10.08. 10:00;62,844
10.08. 10:15;49,681
10.08. 10:30;48,185
10.08. 10:45;48,206
10.08. 11:00;59,274
10.08. 11:15;69,745
10.08. 11:30;41,128
10.08. 11:45;50,617
10.08. 12:00;40,887
10.08. 12:15;32,751
10.08. 12:30;41,274
10.08. 12:45;59,042
10.08. 13:00;69,818
10.08. 13:15;67,847
10.08. 13:30;33,148
10.08. 13:45;23,35
10.08. 14:00;40,655
10.08. 14:15;64,955
10.08. 14:30;53,91
10.08. 14:45;37,182
10.08. 15:00;60,746
10.08. 15:15;50,059
10.08. 15:30;38,656
10.08. 15:45;34,05
10.08. 16:00;39,426
10.08. 16:15;34,006
10.08. 16:30;31,55
10.08. 16:45;28,017
10.08. 17:00;32,598
10.08. 17:15;22,429
10.08. 17:30;16,672
10.08. 17:45;8,0818
10.08. 18:00;5,3388
10.08. 18:15;11,867
10.08. 18:30;4,5393
10.08. 18:45;2,7367
10.08. 19:00;2,268
10.08. 19:15;0,57811
10.08. 19:30;0,002
10.08. 19:45;0
10.08. 20:00;0
10.08. 20:15;0
10.08. 20:30;0
10.08. 20:45;0
10.08. 21:00;0
10.08. 21:15;0
10.08. 21:30;0
10.08. 21:45;0
10.08. 22:00;0
10.08. 22:15;0
10.08. 22:30;0
10.08. 22:45;0
10.08. 23:00;0
10.08. 23:15;0
10.08. 23:30;0
10.08. 23:45;0
11.08. 00:00;0
11.08. 00:15;0
11.08. 00:30;0
11.08. 00:45;0
11.08. 01:00;0
11.08. 01:15;0
11.08. 01:30;0
11.08. 01:45;0
11.08. 02:00;0
11.08. 02:15;0
11.08. 02:30;0
11.08. 02:45;0
11.08. 03:00;0
11.08. 03:15;0
11.08. 03:30;0
11.08. 03:45;0
11.08. 04:00;0
11.08. 04:15;0
11.08. 04:30;0
11.08. 04:45;0
11.08. 05:00;2,3463
11.08. 05:15;6,3693
11.08. 05:30;7,0915
11.08. 05:45;5,5224
11.08. 06:00;13,986
11.08. 06:15;20,151
11.08. 06:30;21,856
11.08. 06:45;19,891
11.08. 07:00;28,434
11.08. 07:15;34,866
11.08. 07:30;30,06
11.08. 07:45;34,979
11.08. 08:00;33,744
11.08. 08:15;18,427
11.08. 08:30;44,051
11.08. 08:45;48,493
11.08. 09:00;53,667
11.08. 09:15;46,397
11.08. 09:30;26,629
11.08. 09:45;22,79
11.08. 10:00;27,219
11.08. 10:15;27,551
11.08. 10:30;44,143
11.08. 10:45;63,406
11.08. 11:00;61,932
11.08. 11:15;28,26
11.08. 11:30;25,583
11.08. 11:45;33,928
11.08. 12:00;28,387
11.08. 12:15;26,527
11.08. 12:30;15,952
11.08. 12:45;13,576
11.08. 13:00;15,429
11.08. 13:15;49,82
11.08. 13:30;61,654
11.08. 13:45;59,586
11.08. 14:00;60,067
11.08. 14:15;64,29
11.08. 14:30;61,328
11.08. 14:45;50,724
11.08. 15:00;39,881
11.08. 15:15;32,589
11.08. 15:30;28,246
11.08. 15:45;20,635
11.08. 16:00;26,443
11.08. 16:15;29,707
11.08. 16:30;40,312
11.08. 16:45;36,528
11.08. 17:00;32,783
11.08. 17:15;27,281
11.08. 17:30;24,1
11.08. 17:45;14,313
11.08. 18:00;12,912
11.08. 18:15;8,4251
11.08. 18:30;4,0811
11.08. 18:45;11,043
11.08. 19:00;3,7808
11.08. 19:15;0,20273
11.08. 19:30;0
11.08. 19:45;0
11.08. 20:00;0
11.08. 20:15;0
11.08. 20:30;0
11.08. 20:45;0
11.08. 21:00;0
11.08. 21:15;0
11.08. 21:30;0
11.08. 21:45;0
11.08. 22:00;0
11.08. 22:15;0
11.08. 22:30;0
11.08. 22:45;0
11.08. 23:00;0
11.08. 23:15;0
11.08. 23:30;0
11.08. 23:45;0
12.08. 00:00;0
12.08. 00:15;0
12.08. 00:30;0
12.08. 00:45;0
12.08. 01:00;0
12.08. 01:15;0
12.08. 01:30;0
12.08. 01:45;0
12.08. 02:00;0
12.08. 02:15;0
12.08. 02:30;0
12.08. 02:45;0
12.08. 03:00;0
12.08. 03:15;0
12.08. 03:30;0
12.08. 03:45;0
12.08. 04:00;0
12.08. 04:15;0
12.08. 04:30;0
12.08. 04:45;0
12.08. 05:00;0,27115
12.08. 05:15;0,59193
12.08. 05:30;0,94395
12.08. 05:45;1,4582
12.08. 06:00;5,8088
12.08. 06:15;6,9103
12.08. 06:30;8,7666
12.08. 06:45;9,4175
12.08. 07:00;9,0516
12.08. 07:15;5,639
12.08. 07:30;6,6904
12.08. 07:45;5,8729
12.08. 08:00;4,3879
12.08. 08:15;15,055
12.08. 08:30;23,016
12.08. 08:45;21,39
12.08. 09:00;28,539
12.08. 09:15;26,755
12.08. 09:30;24,897
12.08. 09:45;21,283
12.08. 10:00;17,27
12.08. 10:15;17,77
12.08. 10:30;17,135
12.08. 10:45;43,573
12.08. 11:00;31,765
12.08. 11:15;20,741
12.08. 11:30;26,016
12.08. 11:45;19,49
12.08. 12:00;27,13
12.08. 12:15;33,559
12.08. 12:30;38,984
12.08. 12:45;60,854
12.08. 13:00;56,645
12.08. 13:15;36,69
12.08. 13:30;44,985
12.08. 13:45;60,349
12.08. 14:00;46,186
12.08. 14:15;42,64
12.08. 14:30;34,878
12.08. 14:45;28,108
12.08. 15:00;23,726
12.08. 15:15;23,637
12.08. 15:30;33,393
12.08. 15:45;22,787
12.08. 16:00;31,558
12.08. 16:15;20,658
12.08. 16:30;12,217
12.08. 16:45;16,542
12.08. 17:00;11,662
12.08. 17:15;8,3903
12.08. 17:30;10,932
12.08. 17:45;15,252
12.08. 18:00;6,0242
12.08. 18:15;5,1821
12.08. 18:30;6,5812
12.08. 18:45;3,7551
12.08. 19:00;2,1057
12.08. 19:15;0,55327
12.08. 19:30;0,00305
12.08. 19:45;0
12.08. 20:00;0
12.08. 20:15;0
12.08. 20:30;0
12.08. 20:45;0
12.08. 21:00;0
12.08. 21:15;0
12.08. 21:30;0
12.08. 21:45;0
12.08. 22:00;0
12.08. 22:15;0
12.08. 22:30;0
12.08. 22:45;0
12.08. 23:00;0
12.08. 23:15;0
12.08. 23:30;0
12.08. 23:45;0
13.08. 00:00;0
13.08. 00:15;0
13.08. 00:30;0
13.08. 00:45;0
13.08. 01:00;0
13.08. 01:15;0
13.08. 01:30;0
13.08. 01:45;0
13.08. 02:00;0
13.08. 02:15;0
13.08. 02:30;0
13.08. 02:45;0
13.08. 03:00;0
13.08. 03:15;0
13.08. 03:30;0
13.08. 03:45;0
13.08. 04:00;0
13.08. 04:15;0
13.08. 04:30;0
13.08. 04:45;0
13.08. 05:00;0,25905
13.08. 05:15;0,55145
13.08. 05:30;0,70112
13.08. 05:45;0,43039
13.08. 06:00;0,60394
13.08. 06:15;0,61096
13.08. 06:30;1,2515
13.08. 06:45;2,5359
13.08. 07:00;5,0353
13.08. 07:15;5,519
13.08. 07:30;2,7046
13.08. 07:45;0,84391
13.08. 08:00;1,0501
13.08. 08:15;3,0366
13.08. 08:30;9,982
13.08. 08:45;14,277
13.08. 09:00;21,514
13.08. 09:15;14,894
13.08. 09:30;6,6311
13.08. 09:45;3,0454
13.08. 10:00;5,36
13.08. 10:15;12,201
13.08. 10:30;16,11
13.08. 10:45;11,722
13.08. 11:00;5,9052
13.08. 11:15;13,454
13.08. 11:30;14,813
13.08. 11:45;18,641
13.08. 12:00;17,234
13.08. 12:15;14,399
13.08. 12:30;6,8686
13.08. 12:45;1,4044
13.08. 13:00;3,9036
13.08. 13:15;11,3
13.08. 13:30;11,514
13.08. 13:45;7,4114
13.08. 14:00;6,7716
13.08. 14:15;9,6122
13.08. 14:30;7,4203
13.08. 14:45;5,9947
13.08. 15:00;6,8323
13.08. 15:15;6,3725
13.08. 15:30;6,3573
13.08. 15:45;6,6539
13.08. 16:00;6,873
13.08. 16:15;9,4335
13.08. 16:30;9,5295
13.08. 16:45;9,7976
13.08. 17:00;7,0847
13.08. 17:15;6,5038
13.08. 17:30;4,9372
13.08. 17:45;5,7314
13.08. 18:00;4,0622
13.08. 18:15;2,7387
13.08. 18:30;2,0084
13.08. 18:45;0,44516
13.08. 19:00;0,22332
13.08. 19:15;0,0422
13.08. 19:30;0
13.08. 19:45;0
13.08. 20:00;0
13.08. 20:15;0
13.08. 20:30;0
13.08. 20:45;0
13.08. 21:00;0
13.08. 21:15;0
13.08. 21:30;0
13.08. 21:45;0
13.08. 22:00;0
13.08. 22:15;0
13.08. 22:30;0
13.08. 22:45;0
13.08. 23:00;0
13.08. 23:15;0
13.08. 23:30;0
13.08. 23:45;0
14.08. 00:00;0
14.08. 00:15;0
14.08. 00:30;0
14.08. 00:45;0
14.08. 01:00;0
14.08. 01:15;0
14.08. 01:30;0
14.08. 01:45;0
14.08. 02:00;0
14.08. 02:15;0
14.08. 02:30;0
14.08. 02:45;0
14.08. 03:00;0
14.08. 03:15;0
14.08. 03:30;0
14.08. 03:45;0
14.08. 04:00;0
14.08. 04:15;0
14.08. 04:30;0
14.08. 04:45;0
14.08. 05:00;0,32177
14.08. 05:15;0,37628
14.08. 05:30;0,50362
14.08. 05:45;0,72197
14.08. 06:00;0,45142
14.08. 06:15;1,8284
14.08. 06:30;3,5827
14.08. 06:45;9,7462
14.08. 07:00;12,755
14.08. 07:15;8,8761
14.08. 07:30;6,5581
14.08. 07:45;5,7758
14.08. 08:00;5,877
14.08. 08:15;11,759
14.08. 08:30;11,103
14.08. 08:45;27,638
14.08. 09:00;25,33
14.08. 09:15;20,294
14.08. 09:30;16,812
14.08. 09:45;16,699
14.08. 10:00;18,018
14.08. 10:15;33,099
14.08. 10:30;31,873
14.08. 10:45;16,335
14.08. 11:00;32,041
14.08. 11:15;36,66
14.08. 11:30;27,746
14.08. 11:45;52,363
14.08. 12:00;31,328
14.08. 12:15;41,575
14.08. 12:30;50,791
14.08. 12:45;61,901
14.08. 13:00;48,634
14.08. 13:15;65,733
14.08. 13:30;48,585
14.08. 13:45;20,561
14.08. 14:00;29,159
14.08. 14:15;56,203
14.08. 14:30;59,504
14.08. 14:45;54,837
14.08. 15:00;52,489
14.08. 15:15;47,027
14.08. 15:30;35,827
14.08. 15:45;44,363
14.08. 16:00;31,979
14.08. 16:15;36,115
14.08. 16:30;36,77
14.08. 16:45;31,957
14.08. 17:00;29,066
14.08. 17:15;17,865
14.08. 17:30;19,085
14.08. 17:45;17,65
14.08. 18:00;13,026
14.08. 18:15;7,3024
14.08. 18:30;8,6865
14.08. 18:45;3,8916
14.08. 19:00;1,4178
14.08. 19:15;0,07824
14.08. 19:30;0
14.08. 19:45;0
14.08. 20:00;0
14.08. 20:15;0
14.08. 20:30;0
14.08. 20:45;0
14.08. 21:00;0
14.08. 21:15;0
14.08. 21:30;0
14.08. 21:45;0
14.08. 22:00;0
14.08. 22:15;0
14.08. 22:30;0
14.08. 22:45;0
14.08. 23:00;0
14.08. 23:15;0
14.08. 23:30;0
14.08. 23:45;0
15.08. 00:00;0
15.08. 00:15;0
15.08. 00:30;0
15.08. 00:45;0
15.08. 01:00;0
15.08. 01:15;0
15.08. 01:30;0
15.08. 01:45;0
15.08. 02:00;0
15.08. 02:15;0
15.08. 02:30;0
15.08. 02:45;0
15.08. 03:00;0
15.08. 03:15;0
15.08. 03:30;0
15.08. 03:45;0
15.08. 04:00;0
15.08. 04:15;0
15.08. 04:30;0
15.08. 04:45;0
15.08. 05:00;1,1591
15.08. 05:15;3,7695
15.08. 05:30;1,4217
15.08. 05:45;4,4115
15.08. 06:00;4,8828
15.08. 06:15;12,536
15.08. 06:30;19,14
15.08. 06:45;21,334
15.08. 07:00;30,058
15.08. 07:15;26,741
15.08. 07:30;31,639
15.08. 07:45;28,61
15.08. 08:00;38,937
15.08. 08:15;41,821
15.08. 08:30;44,653
15.08. 08:45;47,402
15.08. 09:00;49,923
15.08. 09:15;52,959
15.08. 09:30;56,597
15.08. 09:45;58,422
15.08. 10:00;59,491
15.08. 10:15;61,028
15.08. 10:30;63,035
15.08. 10:45;64,796
15.08. 11:00;65,513
15.08. 11:15;66,063
15.08. 11:30;66,641
15.08. 11:45;66,958
15.08. 12:00;67,019
15.08. 12:15;66,611
15.08. 12:30;66,646
15.08. 12:45;65,634
15.08. 13:00;65,205
15.08. 13:15;64,291
15.08. 13:30;63,11
15.08. 13:45;61,721
15.08. 14:00;59,868
15.08. 14:15;57,969
15.08. 14:30;56,031
15.08. 14:45;53,851
15.08. 15:00;51,146
15.08. 15:15;48,805
15.08. 15:30;46,066
15.08. 15:45;43,388
15.08. 16:00;40,395
15.08. 16:15;37,266
15.08. 16:30;33,872
15.08. 16:45;30,773
15.08. 17:00;26,642
15.08. 17:15;23,384
15.08. 17:30;20,169
15.08. 17:45;16,976
15.08. 18:00;10,862
15.08. 18:15;9,44
15.08. 18:30;8,7044
15.08. 18:45;6,9614
15.08. 19:00;1,268
15.08. 19:15;0,13619
15.08. 19:30;0
15.08. 19:45;0
15.08. 20:00;0
15.08. 20:15;0
15.08. 20:30;0
15.08. 20:45;0
15.08. 21:00;0
15.08. 21:15;0
15.08. 21:30;0
15.08. 21:45;0
15.08. 22:00;0
15.08. 22:15;0
15.08. 22:30;0
15.08. 22:45;0
15.08. 23:00;0
15.08. 23:15;0
15.08. 23:30;0
15.08. 23:45;0
16.08. 00:00;0
16.08. 00:15;0
16.08. 00:30;0
16.08. 00:45;0
16.08. 01:00;0
16.08. 01:15;0
16.08. 01:30;0
16.08. 01:45;0
16.08. 02:00;0
16.08. 02:15;0
16.08. 02:30;0
16.08. 02:45;0
16.08. 03:00;0
16.08. 03:15;0
16.08. 03:30;0
16.08. 03:45;0
16.08. 04:00;0
16.08. 04:15;0
16.08. 04:30;0
16.08. 04:45;0
16.08. 05:00;0,91682
16.08. 05:15;2,8844
16.08. 05:30;4,1663
16.08. 05:45;5,3866
16.08. 06:00;11,458
16.08. 06:15;8,2913
16.08. 06:30;11,246
16.08. 06:45;31,231
16.08. 07:00;38,463
16.08. 07:15;28,948
16.08. 07:30;23,477
16.08. 07:45;29,914
16.08. 08:00;38,43
16.08. 08:15;42,835
16.08. 08:30;45,724
16.08. 08:45;48,561
16.08. 09:00;51,141
16.08. 09:15;54,26
16.08. 09:30;56,266
16.08. 09:45;58,32
16.08. 10:00;60,209
16.08. 10:15;61,826
16.08. 10:30;63,32
16.08. 10:45;64,622
16.08. 11:00;65,459
16.08. 11:15;66,113
16.08. 11:30;66,719
16.08. 11:45;67,104
16.08. 12:00;67,564
16.08. 12:15;67,181
16.08. 12:30;66,518
16.08. 12:45;66,001
16.08. 13:00;65,274
16.08. 13:15;64,248
16.08. 13:30;63,053
16.08. 13:45;61,628
16.08. 14:00;60,463
16.08. 14:15;44,711
16.08. 14:30;50,183
16.08. 14:45;42,91
16.08. 15:00;47,699
16.08. 15:15;28,619
16.08. 15:30;26,107
16.08. 15:45;21,17
16.08. 16:00;28,395
16.08. 16:15;29,05
16.08. 16:30;29,299
16.08. 16:45;25,916
16.08. 17:00;26,528
16.08. 17:15;28,353
16.08. 17:30;16,536
16.08. 17:45;10,002
16.08. 18:00;11,318
16.08. 18:15;9,0439
16.08. 18:30;7,1855
16.08. 18:45;4,6057
16.08. 19:00;1,2177
16.08. 19:15;0,05129
16.08. 19:30;0
16.08. 19:45;0
16.08. 20:00;0
16.08. 20:15;0
16.08. 20:30;0
16.08. 20:45;0
16.08. 21:00;0
16.08. 21:15;0
16.08. 21:30;0
16.08. 21:45;0
16.08. 22:00;0
16.08. 22:15;0
16.08. 22:30;0
16.08. 22:45;0
16.08. 23:00;0
16.08. 23:15;0
16.08. 23:30;0
16.08. 23:45;0
17.08. 00:00;0
17.08. 00:15;0
17.08. 00:30;0
17.08. 00:45;0
17.08. 01:00;0
17.08. 01:15;0
17.08. 01:30;0
17.08. 01:45;0
17.08. 02:00;0
17.08. 02:15;0
17.08. 02:30;0
17.08. 02:45;0
17.08. 03:00;0
17.08. 03:15;0
17.08. 03:30;0
17.08. 03:45;0
17.08. 04:00;0
17.08. 04:15;0
17.08. 04:30;0
17.08. 04:45;0
17.08. 05:00;0,00507
17.08. 05:15;0,15189
17.08. 05:30;0,37271
17.08. 05:45;0,7522
17.08. 06:00;0,93546
17.08. 06:15;1,0587
17.08. 06:30;0,79519
17.08. 06:45;2,3485
17.08. 07:00;3,6807
17.08. 07:15;4,1594
17.08. 07:30;3,7851
17.08. 07:45;5,5038
17.08. 08:00;4,8812
17.08. 08:15;4,6532
17.08. 08:30;7,6763
17.08. 08:45;5,913
17.08. 09:00;8,3003
17.08. 09:15;14,674
17.08. 09:30;13,256
17.08. 09:45;19,433
17.08. 10:00;19,776
17.08. 10:15;13,8
17.08. 10:30;14,051
17.08. 10:45;11,713
17.08. 11:00;16,616
17.08. 11:15;20,033
17.08. 11:30;52,961
17.08. 11:45;53,679
17.08. 12:00;38,629
17.08. 12:15;64,737
17.08. 12:30;81,14
17.08. 12:45;45,643
17.08. 13:00;43,622
17.08. 13:15;68,484
17.08. 13:30;66,834
17.08. 13:45;63,478
17.08. 14:00;54,754
17.08. 14:15;72,686
17.08. 14:30;61,165
17.08. 14:45;50,045
17.08. 15:00;55,189
17.08. 15:15;53,536
17.08. 15:30;44,261
17.08. 15:45;44,189
17.08. 16:00;42,414
17.08. 16:15;41,384
17.08. 16:30;36,355
17.08. 16:45;26,683
17.08. 17:00;22,605
17.08. 17:15;27,558
17.08. 17:30;22,528
17.08. 17:45;17,284
17.08. 18:00;13,878
17.08. 18:15;6,8097
17.08. 18:30;7,7567
17.08. 18:45;5,4071
17.08. 19:00;0,68088
17.08. 19:15;0,01143
17.08. 19:30;0
17.08. 19:45;0
17.08. 20:00;0
17.08. 20:15;0
17.08. 20:30;0
17.08. 20:45;0
17.08. 21:00;0
17.08. 21:15;0
17.08. 21:30;0
17.08. 21:45;0
17.08. 22:00;0
17.08. 22:15;0
17.08. 22:30;0
17.08. 22:45;0
17.08. 23:00;0
17.08. 23:15;0
17.08. 23:30;0
17.08. 23:45;0
18.08. 00:00;0
18.08. 00:15;0
18.08. 00:30;0
18.08. 00:45;0
18.08. 01:00;0
18.08. 01:15;0
18.08. 01:30;0
18.08. 01:45;0
18.08. 02:00;0
18.08. 02:15;0
18.08. 02:30;0
18.08. 02:45;0
18.08. 03:00;0
18.08. 03:15;0
18.08. 03:30;0
18.08. 03:45;0
18.08. 04:00;0
18.08. 04:15;0
18.08. 04:30;0
18.08. 04:45;0
18.08. 05:00;0,11535
18.08. 05:15;0,2728
18.08. 05:30;0,23413
18.08. 05:45;0,60144
18.08. 06:00;0,99946
18.08. 06:15;1,257
18.08. 06:30;1,8209
18.08. 06:45;4,6544
18.08. 07:00;4,4331
18.08. 07:15;4,7738
18.08. 07:30;6,1184
18.08. 07:45;4,3608
18.08. 08:00;2,905
18.08. 08:15;5,2327
18.08. 08:30;9,2488
18.08. 08:45;12
18.08. 09:00;16,216
18.08. 09:15;13,463
18.08. 09:30;7,9359
18.08. 09:45;7,1599
18.08. 10:00;11,635
18.08. 10:15;13,763
18.08. 10:30;15,088
18.08. 10:45;8,6702
18.08. 11:00;8,4458
18.08. 11:15;7,4249
18.08. 11:30;7,5275
18.08. 11:45;9,2485
18.08. 12:00;11,29
18.08. 12:15;6,4471
18.08. 12:30;11,337
18.08. 12:45;12,256
18.08. 13:00;11,074
18.08. 13:15;13,194
18.08. 13:30;13,27
18.08. 13:45;15,048
18.08. 14:00;11,734
18.08. 14:15;9,9051
18.08. 14:30;10,484
18.08. 14:45;7,8401
18.08. 15:00;8,083
18.08. 15:15;12,841
18.08. 15:30;10,349
18.08. 15:45;11,819
18.08. 16:00;15,141
18.08. 16:15;14,405
18.08. 16:30;14,688
18.08. 16:45;11,705
18.08. 17:00;12,419
18.08. 17:15;13,653
18.08. 17:30;12,056
18.08. 17:45;5,5743
18.08. 18:00;4,6281
18.08. 18:15;3,1012
18.08. 18:30;2,2323
18.08. 18:45;1,13
18.08. 19:00;0
18.08. 19:15;0
18.08. 19:30;0
18.08. 19:45;0
18.08. 20:00;0
18.08. 20:15;0
18.08. 20:30;0
18.08. 20:45;0
18.08. 21:00;0
18.08. 21:15;0
18.08. 21:30;0
18.08. 21:45;0
18.08. 22:00;0
18.08. 22:15;0
18.08. 22:30;0
18.08. 22:45;0
18.08. 23:00;0
18.08. 23:15;0
18.08. 23:30;0
18.08. 23:45;0
19.08. 00:00;0
19.08. 00:15;0
19.08. 00:30;0
19.08. 00:45;0
19.08. 01:00;0
19.08. 01:15;0
19.08. 01:30;0
19.08. 01:45;0
19.08. 02:00;0
19.08. 02:15;0
19.08. 02:30;0
19.08. 02:45;0
19.08. 03:00;0
19.08. 03:15;0
19.08. 03:30;0
19.08. 03:45;0
19.08. 04:00;0
19.08. 04:15;0
19.08. 04:30;0
19.08. 04:45;0
19.08. 05:00;0
19.08. 05:15;0
19.08. 05:30;0
19.08. 05:45;0
19.08. 06:00;0,23609
19.08. 06:15;5,7153
19.08. 06:30;9,6173
19.08. 06:45;8,9146
19.08. 07:00;10,386
19.08. 07:15;11,156
19.08. 07:30;11,397
19.08. 07:45;10,01
19.08. 08:00;14,042
19.08. 08:15;16,074
19.08. 08:30;19,042
19.08. 08:45;18,373
19.08. 09:00;15,859
19.08. 09:15;21,887
19.08. 09:30;29,538
19.08. 09:45;34,822
19.08. 10:00;42,46
19.08. 10:15;31,582
19.08. 10:30;37,793
19.08. 10:45;37,881
19.08. 11:00;40,631
19.08. 11:15;46,312
19.08. 11:30;43,537
19.08. 11:45;43,101
19.08. 12:00;70,626
19.08. 12:15;68,438
19.08. 12:30;35,073
19.08. 12:45;21,418
19.08. 13:00;13,885
19.08. 13:15;50,6
19.08. 13:30;56,851
19.08. 13:45;62,029
19.08. 14:00;61,74
19.08. 14:15;55,715
19.08. 14:30;35,054
19.08. 14:45;27,625
19.08. 15:00;28,51
19.08. 15:15;40,893
19.08. 15:30;30,92
19.08. 15:45;36,633
19.08. 16:00;44,026
19.08. 16:15;20,973
19.08. 16:30;9,4221
19.08. 16:45;10,007
19.08. 17:00;4,8228
19.08. 17:15;3,4583
19.08. 17:30;3,4045
19.08. 17:45;3,5313
19.08. 18:00;2,4062
19.08. 18:15;2,0336
19.08. 18:30;1,3269
19.08. 18:45;0,25076
19.08. 19:00;0
19.08. 19:15;0
19.08. 19:30;0
19.08. 19:45;0
19.08. 20:00;0
19.08. 20:15;0
19.08. 20:30;0
19.08. 20:45;0
19.08. 21:00;0
19.08. 21:15;0
19.08. 21:30;0
19.08. 21:45;0
19.08. 22:00;0
19.08. 22:15;0
19.08. 22:30;0
19.08. 22:45;0
19.08. 23:00;0
19.08. 23:15;0
19.08. 23:30;0
19.08. 23:45;0
20.08. 00:00;0
20.08. 00:15;0
20.08. 00:30;0
20.08. 00:45;0
20.08. 01:00;0
20.08. 01:15;0
20.08. 01:30;0
20.08. 01:45;0
20.08. 02:00;0
20.08. 02:15;0
20.08. 02:30;0
20.08. 02:45;0
20.08. 03:00;0
20.08. 03:15;0
20.08. 03:30;0
20.08. 03:45;0
20.08. 04:00;0
20.08. 04:15;0
20.08. 04:30;0
20.08. 04:45;0
20.08. 05:00;0,30529
20.08. 05:15;1,8396
20.08. 05:30;2,9658
20.08. 05:45;4,8465
20.08. 06:00;8,4444
20.08. 06:15;11,715
20.08. 06:30;10,296
20.08. 06:45;22,558
20.08. 07:00;20,711
20.08. 07:15;15,584
20.08. 07:30;20,684
20.08. 07:45;20,26
20.08. 08:00;23,322
20.08. 08:15;38,842
20.08. 08:30;21,502
20.08. 08:45;12,076
20.08. 09:00;32,147
20.08. 09:15;20,991
20.08. 09:30;44,583
20.08. 09:45;57,707
20.08. 10:00;54,862
20.08. 10:15;49,574
20.08. 10:30;58,808
20.08. 10:45;67,329
20.08. 11:00;46,024
20.08. 11:15;63,881
20.08. 11:30;59,998
20.08. 11:45;73,986
20.08. 12:00;69,476
20.08. 12:15;62,965
20.08. 12:30;68,368
20.08. 12:45;59,19
20.08. 13:00;64,873
20.08. 13:15;73,193
20.08. 13:30;53,962
20.08. 13:45;55,48
20.08. 14:00;48,275
20.08. 14:15;55,612
20.08. 14:30;54,142
20.08. 14:45;52,265
20.08. 15:00;28,444
20.08. 15:15;43,924
20.08. 15:30;46,193
20.08. 15:45;46,964
20.08. 16:00;38,395
20.08. 16:15;23,166
20.08. 16:30;23,295
20.08. 16:45;30,103
20.08. 17:00;28,728
20.08. 17:15;14,944
20.08. 17:30;10,601
20.08. 17:45;8,2837
20.08. 18:00;6,1909
20.08. 18:15;6,7017
20.08. 18:30;8,6127
20.08. 18:45;3,9279
20.08. 19:00;0,49916
20.08. 19:15;0
20.08. 19:30;0
20.08. 19:45;0
20.08. 20:00;0
20.08. 20:15;0
20.08. 20:30;0
20.08. 20:45;0
20.08. 21:00;0
20.08. 21:15;0
20.08. 21:30;0
20.08. 21:45;0
20.08. 22:00;0
20.08. 22:15;0
20.08. 22:30;0
20.08. 22:45;0
20.08. 23:00;0
20.08. 23:15;0
20.08. 23:30;0
20.08. 23:45;0
21.08. 00:00;0
21.08. 00:15;0
21.08. 00:30;0
21.08. 00:45;0
21.08. 01:00;0
21.08. 01:15;0
21.08. 01:30;0
21.08. 01:45;0
21.08. 02:00;0
21.08. 02:15;0
21.08. 02:30;0
21.08. 02:45;0
21.08. 03:00;0
21.08. 03:15;0
21.08. 03:30;0
21.08. 03:45;0
21.08. 04:00;0
21.08. 04:15;0
21.08. 04:30;0
21.08. 04:45;0
21.08. 05:00;0
21.08. 05:15;0,0734
21.08. 05:30;0,10051
21.08. 05:45;0,23177
21.08. 06:00;0,58716
21.08. 06:15;1,1466
21.08. 06:30;0,86675
21.08. 06:45;1,8989
21.08. 07:00;2,395
21.08. 07:15;4,5455
21.08. 07:30;5,8059
21.08. 07:45;6,643
21.08. 08:00;8,2239
21.08. 08:15;10,548
21.08. 08:30;12,873
21.08. 08:45;14,095
21.08. 09:00;13,561
21.08. 09:15;11,394
21.08. 09:30;13,038
21.08. 09:45;13,506
21.08. 10:00;16,559
21.08. 10:15;18,809
21.08. 10:30;25,098
21.08. 10:45;23,086
21.08. 11:00;25,783
21.08. 11:15;27,487
21.08. 11:30;23,363
21.08. 11:45;25,073
21.08. 12:00;26,401
21.08. 12:15;20,149
21.08. 12:30;22,043
21.08. 12:45;25,309
21.08. 13:00;22,796
21.08. 13:15;13,708
21.08. 13:30;12,351
21.08. 13:45;14,467
21.08. 14:00;11,085
21.08. 14:15;9,5707
21.08. 14:30;9,9028
21.08. 14:45;8,0916
21.08. 15:00;9,6686
21.08. 15:15;10,115
21.08. 15:30;7,3754
21.08. 15:45;5,6958
21.08. 16:00;3,0794
21.08. 16:15;6,38
21.08. 16:30;10,044
21.08. 16:45;13,753
21.08. 17:00;12,881
21.08. 17:15;7,0296
21.08. 17:30;4,3551
21.08. 17:45;1,5103
21.08. 18:00;2,3768
21.08. 18:15;5,0543
21.08. 18:30;5,0687
21.08. 18:45;1,673
21.08. 19:00;0
21.08. 19:15;0
21.08. 19:30;0
21.08. 19:45;0
21.08. 20:00;0
21.08. 20:15;0
21.08. 20:30;0
21.08. 20:45;0
21.08. 21:00;0
21.08. 21:15;0
21.08. 21:30;0
21.08. 21:45;0
21.08. 22:00;0
21.08. 22:15;0
21.08. 22:30;0
21.08. 22:45;0
21.08. 23:00;0
21.08. 23:15;0
21.08. 23:30;0
21.08. 23:45;0
22.08. 00:00;0
22.08. 00:15;0
22.08. 00:30;0
22.08. 00:45;0
22.08. 01:00;0
22.08. 01:15;0
22.08. 01:30;0
22.08. 01:45;0
22.08. 02:00;0
22.08. 02:15;0
22.08. 02:30;0
22.08. 02:45;0
22.08. 03:00;0
22.08. 03:15;0
22.08. 03:30;0
22.08. 03:45;0
22.08. 04:00;0
22.08. 04:15;0
22.08. 04:30;0
22.08. 04:45;0
22.08. 05:00;0,06553
22.08. 05:15;0,6438
22.08. 05:30;0,61813
22.08. 05:45;1,125
22.08. 06:00;1,1202
22.08. 06:15;1,7726
22.08. 06:30;4,3761
22.08. 06:45;22,401
22.08. 07:00;23,6
22.08. 07:15;11,22
22.08. 07:30;6,96
22.08. 07:45;8,1124
22.08. 08:00;13,317
22.08. 08:15;27,087
22.08. 08:30;37,675
22.08. 08:45;25,024
22.08. 09:00;33,416
22.08. 09:15;54,204
22.08. 09:30;46,105
22.08. 09:45;49,166
22.08. 10:00;58,453
22.08. 10:15;69,895
22.08. 10:30;56,413
22.08. 10:45;46,553
22.08. 11:00;54,61
22.08. 11:15;66,264
22.08. 11:30;70,012
22.08. 11:45;63,628
22.08. 12:00;74,297
22.08. 12:15;70,17
22.08. 12:30;63,328
22.08. 12:45;46,96
22.08. 13:00;59,677
22.08. 13:15;67,798
22.08. 13:30;58,182
22.08. 13:45;57,795
22.08. 14:00;59,362
22.08. 14:15;61,301
22.08. 14:30;52,966
22.08. 14:45;44,841
22.08. 15:00;52,277
22.08. 15:15;57,318
22.08. 15:30;30,351
22.08. 15:45;37,185
22.08. 16:00;40,874
22.08. 16:15;32,305
22.08. 16:30;30,596
22.08. 16:45;23,451
22.08. 17:00;16,505
22.08. 17:15;22,549
22.08. 17:30;16,96
22.08. 17:45;16,623
22.08. 18:00;12,575
22.08. 18:15;2,3475
22.08. 18:30;5,3019
22.08. 18:45;2,7517
22.08. 19:00;0,30386
22.08. 19:15;0
22.08. 19:30;0
22.08. 19:45;0
22.08. 20:00;0
22.08. 20:15;0
22.08. 20:30;0
22.08. 20:45;0
22.08. 21:00;0
22.08. 21:15;0
22.08. 21:30;0
22.08. 21:45;0
22.08. 22:00;0
22.08. 22:15;0
22.08. 22:30;0
22.08. 22:45;0
22.08. 23:00;0
22.08. 23:15;0
22.08. 23:30;0
22.08. 23:45;0
23.08. 00:00;0
23.08. 00:15;0
23.08. 00:30;0
23.08. 00:45;0
23.08. 01:00;0
23.08. 01:15;0
23.08. 01:30;0
23.08. 01:45;0
23.08. 02:00;0
23.08. 02:15;0
23.08. 02:30;0
23.08. 02:45;0
23.08. 03:00;0
23.08. 03:15;0
23.08. 03:30;0
23.08. 03:45;0
23.08. 04:00;0
23.08. 04:15;0
23.08. 04:30;0
23.08. 04:45;0
23.08. 05:00;0,04919
23.08. 05:15;0,90304
23.08. 05:30;1,5324
23.08. 05:45;2,1477
23.08. 06:00;3,5488
23.08. 06:15;4,893
23.08. 06:30;15,132
23.08. 06:45;18,922
23.08. 07:00;20,989
23.08. 07:15;26,649
23.08. 07:30;32,1
23.08. 07:45;18,756
23.08. 08:00;19,362
23.08. 08:15;39,905
23.08. 08:30;45,388
23.08. 08:45;50,739
23.08. 09:00;56,494
23.08. 09:15;47,176
23.08. 09:30;48,768
23.08. 09:45;50,737
23.08. 10:00;56,004
23.08. 10:15;57,753
23.08. 10:30;59,178
23.08. 10:45;60,454
23.08. 11:00;60,77
23.08. 11:15;61,282
23.08. 11:30;61,88
23.08. 11:45;62,234
23.08. 12:00;62,909
23.08. 12:15;64,036
23.08. 12:30;63,255
23.08. 12:45;63,129
23.08. 13:00;62,093
23.08. 13:15;61,13
23.08. 13:30;59,903
23.08. 13:45;58,481
23.08. 14:00;56,797
23.08. 14:15;54,901
23.08. 14:30;52,874
23.08. 14:45;50,657
23.08. 15:00;48,275
23.08. 15:15;45,695
23.08. 15:30;42,368
23.08. 15:45;39,29
23.08. 16:00;36,259
23.08. 16:15;33,212
23.08. 16:30;30,117
23.08. 16:45;26,942
23.08. 17:00;22,57
23.08. 17:15;19,28
23.08. 17:30;16,457
23.08. 17:45;13,252
23.08. 18:00;11,323
23.08. 18:15;7,5046
23.08. 18:30;1,7992
23.08. 18:45;1,38
23.08. 19:00;0,31592
23.08. 19:15;0
23.08. 19:30;0
23.08. 19:45;0
23.08. 20:00;0
23.08. 20:15;0
23.08. 20:30;0
23.08. 20:45;0
23.08. 21:00;0
23.08. 21:15;0
23.08. 21:30;0
23.08. 21:45;0
23.08. 22:00;0
23.08. 22:15;0
23.08. 22:30;0
23.08. 22:45;0
23.08. 23:00;0
23.08. 23:15;0
23.08. 23:30;0
23.08. 23:45;0
24.08. 00:00;0
24.08. 00:15;0
24.08. 00:30;0
24.08. 00:45;0
24.08. 01:00;0
24.08. 01:15;0
24.08. 01:30;0
24.08. 01:45;0
24.08. 02:00;0
24.08. 02:15;0
24.08. 02:30;0
24.08. 02:45;0
24.08. 03:00;0
24.08. 03:15;0
24.08. 03:30;0
24.08. 03:45;0
24.08. 04:00;0
24.08. 04:15;0
24.08. 04:30;0
24.08. 04:45;0
24.08. 05:00;0,00934
24.08. 05:15;1,1238
24.08. 05:30;3,3135
24.08. 05:45;5,2938
24.08. 06:00;9,9722
24.08. 06:15;14,008
24.08. 06:30;13,031
24.08. 06:45;10,825
24.08. 07:00;15,263
24.08. 07:15;19,765
24.08. 07:30;25,055
24.08. 07:45;23,385
24.08. 08:00;11,483
24.08. 08:15;35,744
24.08. 08:30;45,829
24.08. 08:45;35,263
24.08. 09:00;11,772
24.08. 09:15;35,35
24.08. 09:30;52,791
24.08. 09:45;57,969
24.08. 10:00;59,497
24.08. 10:15;42,279
24.08. 10:30;54,672
24.08. 10:45;57,873
24.08. 11:00;44,312
24.08. 11:15;62,542
24.08. 11:30;57,98
24.08. 11:45;72,557
24.08. 12:00;65,629
24.08. 12:15;58,899
24.08. 12:30;65,608
24.08. 12:45;55,968
24.08. 13:00;42,01
24.08. 13:15;51,417
24.08. 13:30;58,741
24.08. 13:45;61,278
24.08. 14:00;59,09
24.08. 14:15;35,949
24.08. 14:30;44,857
24.08. 14:45;48,249
24.08. 15:00;45,946
24.08. 15:15;39,485
24.08. 15:30;40,995
24.08. 15:45;27,373
24.08. 16:00;32,036
24.08. 16:15;31,869
24.08. 16:30;25,33
24.08. 16:45;14,786
24.08. 17:00;12,313
24.08. 17:15;13,469
24.08. 17:30;15,096
24.08. 17:45;8,9079
24.08. 18:00;2,2063
24.08. 18:15;0,93325
24.08. 18:30;0,61651
24.08. 18:45;0,05106
24.08. 19:00;0
24.08. 19:15;0
24.08. 19:30;0
24.08. 19:45;0
24.08. 20:00;0
24.08. 20:15;0
24.08. 20:30;0
24.08. 20:45;0
24.08. 21:00;0
24.08. 21:15;0
24.08. 21:30;0
24.08. 21:45;0
24.08. 22:00;0
24.08. 22:15;0
24.08. 22:30;0
24.08. 22:45;0
24.08. 23:00;0
24.08. 23:15;0
24.08. 23:30;0
24.08. 23:45;0
25.08. 00:00;0
25.08. 00:15;0
25.08. 00:30;0
25.08. 00:45;0
25.08. 01:00;0
25.08. 01:15;0
25.08. 01:30;0
25.08. 01:45;0
25.08. 02:00;0
25.08. 02:15;0
25.08. 02:30;0
25.08. 02:45;0
25.08. 03:00;0
25.08. 03:15;0
25.08. 03:30;0
25.08. 03:45;0
25.08. 04:00;0
25.08. 04:15;0
25.08. 04:30;0
25.08. 04:45;0
25.08. 05:00;0,00508
25.08. 05:15;1,0088
25.08. 05:30;1,0207
25.08. 05:45;1,1048
25.08. 06:00;1,7759
25.08. 06:15;3,9608
25.08. 06:30;7,5052
25.08. 06:45;20,162
25.08. 07:00;22,45
25.08. 07:15;20,486
25.08. 07:30;20,431
25.08. 07:45;21,031
25.08. 08:00;14,988
25.08. 08:15;28,055
25.08. 08:30;48,303
25.08. 08:45;50,158
25.08. 09:00;38,617
25.08. 09:15;48,201
25.08. 09:30;51,861
25.08. 09:45;55,587
25.08. 10:00;54,936
25.08. 10:15;55,793
25.08. 10:30;57,251
25.08. 10:45;58,487
25.08. 11:00;59,917
25.08. 11:15;60,653
25.08. 11:30;61,251
25.08. 11:45;61,587
25.08. 12:00;61,461
25.08. 12:15;61,21
25.08. 12:30;60,943
25.08. 12:45;60,412
25.08. 13:00;58,533
25.08. 13:15;57,477
25.08. 13:30;56,295
25.08. 13:45;54,942
25.08. 14:00;54,082
25.08. 14:15;52,466
25.08. 14:30;50,483
25.08. 14:45;48,288
25.08. 15:00;46,013
25.08. 15:15;43,554
25.08. 15:30;40,892
25.08. 15:45;38,099
25.08. 16:00;35,162
25.08. 16:15;32,182
25.08. 16:30;29,083
25.08. 16:45;25,928
25.08. 17:00;21,691
25.08. 17:15;18,659
25.08. 17:30;15,564
25.08. 17:45;12,446
25.08. 18:00;7,9928
25.08. 18:15;6,5861
25.08. 18:30;3,124
25.08. 18:45;1,4704
25.08. 19:00;0
25.08. 19:15;0
25.08. 19:30;0
25.08. 19:45;0
25.08. 20:00;0
25.08. 20:15;0
25.08. 20:30;0
25.08. 20:45;0
25.08. 21:00;0
25.08. 21:15;0
25.08. 21:30;0
25.08. 21:45;0
25.08. 22:00;0
25.08. 22:15;0
25.08. 22:30;0
25.08. 22:45;0
25.08. 23:00;0
25.08. 23:15;0
25.08. 23:30;0
25.08. 23:45;0
26.08. 00:00;0
26.08. 00:15;0
26.08. 00:30;0
26.08. 00:45;0
26.08. 01:00;0
26.08. 01:15;0
26.08. 01:30;0
26.08. 01:45;0
26.08. 02:00;0
26.08. 02:15;0
26.08. 02:30;0
26.08. 02:45;0
26.08. 03:00;0
26.08. 03:15;0
26.08. 03:30;0
26.08. 03:45;0
26.08. 04:00;0
26.08. 04:15;0
26.08. 04:30;0
26.08. 04:45;0
26.08. 05:00;0
26.08. 05:15;0
26.08. 05:30;0
26.08. 05:45;0
26.08. 06:00;5,5682
26.08. 06:15;5,1306
26.08. 06:30;4,5839
26.08. 06:45;4,6945
26.08. 07:00;22,787
26.08. 07:15;14,903
26.08. 07:30;22,954
26.08. 07:45;30,61
26.08. 08:00;34,907
26.08. 08:15;38,454
26.08. 08:30;38,921
26.08. 08:45;33,488
26.08. 09:00;39,987
26.08. 09:15;49,801
26.08. 09:30;56,202
26.08. 09:45;57,529
26.08. 10:00;62,985
26.08. 10:15;65,654
26.08. 10:30;63,651
26.08. 10:45;38,12
26.08. 11:00;66,544
26.08. 11:15;62,151
26.08. 11:30;66,547
26.08. 11:45;52,118
26.08. 12:00;59,083
26.08. 12:15;71,796
26.08. 12:30;73,353
26.08. 12:45;42,7
26.08. 13:00;48,188
26.08. 13:15;71,877
26.08. 13:30;63,76
26.08. 13:45;48,029
26.08. 14:00;43,655
26.08. 14:15;57,937
26.08. 14:30;51,28
26.08. 14:45;55,559
26.08. 15:00;49,352
26.08. 15:15;46,261
26.08. 15:30;43,829
26.08. 15:45;29,61
26.08. 16:00;24,876
26.08. 16:15;34,913
26.08. 16:30;34,242
26.08. 16:45;27,507
26.08. 17:00;21,287
26.08. 17:15;19,012
26.08. 17:30;16,339
26.08. 17:45;10
26.08. 18:00;6,6919
26.08. 18:15;5,5289
26.08. 18:30;4,2056
26.08. 18:45;1,1601
26.08. 19:00;0
26.08. 19:15;0
26.08. 19:30;0
26.08. 19:45;0
26.08. 20:00;0
26.08. 20:15;0
26.08. 20:30;0
26.08. 20:45;0
26.08. 21:00;0
26.08. 21:15;0
26.08. 21:30;0
26.08. 21:45;0
26.08. 22:00;0
26.08. 22:15;0
26.08. 22:30;0
26.08. 22:45;0
26.08. 23:00;0
26.08. 23:15;0
26.08. 23:30;0
26.08. 23:45;0
27.08. 00:00;0
27.08. 00:15;0
27.08. 00:30;0
27.08. 00:45;0
27.08. 01:00;0
27.08. 01:15;0
27.08. 01:30;0
27.08. 01:45;0
27.08. 02:00;0
27.08. 02:15;0
27.08. 02:30;0
27.08. 02:45;0
27.08. 03:00;0
27.08. 03:15;0
27.08. 03:30;0
27.08. 03:45;0
27.08. 04:00;0
27.08. 04:15;0
27.08. 04:30;0
27.08. 04:45;0
27.08. 05:00;0
27.08. 05:15;0
27.08. 05:30;0,11582
27.08. 05:45;0,22113
27.08. 06:00;0,89304
27.08. 06:15;3,3388
27.08. 06:30;8,3018
27.08. 06:45;13,659
27.08. 07:00;12,955
27.08. 07:15;14,986
27.08. 07:30;18,568
27.08. 07:45;11,796
27.08. 08:00;20,192
27.08. 08:15;32,054
27.08. 08:30;25,394
27.08. 08:45;21,742
27.08. 09:00;19,837
27.08. 09:15;22,465
27.08. 09:30;23,653
27.08. 09:45;23,133
27.08. 10:00;27,251
27.08. 10:15;37,362
27.08. 10:30;26,113
27.08. 10:45;16,194
27.08. 11:00;21,726
27.08. 11:15;30,316
27.08. 11:30;35,927
27.08. 11:45;37,267
27.08. 12:00;13,605
27.08. 12:15;8,7494
27.08. 12:30;6,0912
27.08. 12:45;4,1876
27.08. 13:00;4,1795
27.08. 13:15;4,2191
27.08. 13:30;6,504
27.08. 13:45;7,9396
27.08. 14:00;9,1489
27.08. 14:15;7,8416
27.08. 14:30;14,511
27.08. 14:45;15,459
27.08. 15:00;19,271
27.08. 15:15;38,686
27.08. 15:30;47,265
27.08. 15:45;29,36
27.08. 16:00;32,999
27.08. 16:15;30,275
27.08. 16:30;32,495
27.08. 16:45;12,618
27.08. 17:00;10,469
27.08. 17:15;8,8407
27.08. 17:30;9,4786
27.08. 17:45;5,6875
27.08. 18:00;4,0498
27.08. 18:15;3,4811
27.08. 18:30;3,3753
27.08. 18:45;0,41018
27.08. 19:00;0
27.08. 19:15;0
27.08. 19:30;0
27.08. 19:45;0
27.08. 20:00;0
27.08. 20:15;0
27.08. 20:30;0
27.08. 20:45;0
27.08. 21:00;0
27.08. 21:15;0
27.08. 21:30;0
27.08. 21:45;0
27.08. 22:00;0
27.08. 22:15;0
27.08. 22:30;0
27.08. 22:45;0
27.08. 23:00;0
27.08. 23:15;0
27.08. 23:30;0
27.08. 23:45;0
28.08. 00:00;0
28.08. 00:15;0
28.08. 00:30;0
28.08. 00:45;0
28.08. 01:00;0
28.08. 01:15;0
28.08. 01:30;0
28.08. 01:45;0
28.08. 02:00;0
28.08. 02:15;0
28.08. 02:30;0
28.08. 02:45;0
28.08. 03:00;0
28.08. 03:15;0
28.08. 03:30;0
28.08. 03:45;0
28.08. 04:00;0
28.08. 04:15;0
28.08. 04:30;0
28.08. 04:45;0
28.08. 05:00;0
28.08. 05:15;0,081
28.08. 05:30;0,67941
28.08. 05:45;1,5337
28.08. 06:00;3,2316
28.08. 06:15;14,143
28.08. 06:30;16,673
28.08. 06:45;15,466
28.08. 07:00;25,888
28.08. 07:15;26,395
28.08. 07:30;20,996
28.08. 07:45;39,109
28.08. 08:00;40,507
28.08. 08:15;21,955
28.08. 08:30;42,47
28.08. 08:45;46,494
28.08. 09:00;43,056
28.08. 09:15;54,745
28.08. 09:30;55,363
28.08. 09:45;45,033
28.08. 10:00;32,717
28.08. 10:15;56,47
28.08. 10:30;49,176
28.08. 10:45;43,165
28.08. 11:00;29,49
28.08. 11:15;28,405
28.08. 11:30;28,539
28.08. 11:45;46,059
28.08. 12:00;61,82
28.08. 12:15;38,726
28.08. 12:30;23,586
28.08. 12:45;40,585
28.08. 13:00;29,728
28.08. 13:15;43,095
28.08. 13:30;27,489
28.08. 13:45;31,23
28.08. 14:00;23,911
28.08. 14:15;14,798
28.08. 14:30;22,358
28.08. 14:45;19,653
28.08. 15:00;17,072
28.08. 15:15;18,849
28.08. 15:30;16,494
28.08. 15:45;18,984
28.08. 16:00;24,568
28.08. 16:15;10,414
28.08. 16:30;8,321
28.08. 16:45;14,055
28.08. 17:00;11,495
28.08. 17:15;10,865
28.08. 17:30;10,914
28.08. 17:45;5,1766
28.08. 18:00;4,138
28.08. 18:15;1,9189
28.08. 18:30;0,76678
28.08. 18:45;0,19493
28.08. 19:00;0
28.08. 19:15;0
28.08. 19:30;0
28.08. 19:45;0
28.08. 20:00;0
28.08. 20:15;0
28.08. 20:30;0
28.08. 20:45;0
28.08. 21:00;0
28.08. 21:15;0
28.08. 21:30;0
28.08. 21:45;0
28.08. 22:00;0
28.08. 22:15;0
28.08. 22:30;0
28.08. 22:45;0
28.08. 23:00;0
28.08. 23:15;0
28.08. 23:30;0
28.08. 23:45;0
29.08. 00:00;0
29.08. 00:15;0
29.08. 00:30;0
29.08. 00:45;0
29.08. 01:00;0
29.08. 01:15;0
29.08. 01:30;0
29.08. 01:45;0
29.08. 02:00;0
29.08. 02:15;0
29.08. 02:30;0
29.08. 02:45;0
29.08. 03:00;0
29.08. 03:15;0
29.08. 03:30;0
29.08. 03:45;0
29.08. 04:00;0
29.08. 04:15;0
29.08. 04:30;0
29.08. 04:45;0
29.08. 05:00;0
29.08. 05:15;0,0988
29.08. 05:30;0,86575
29.08. 05:45;2,1073
29.08. 06:00;3,7034
29.08. 06:15;5,9769
29.08. 06:30;15,935
29.08. 06:45;21,049
29.08. 07:00;24,21
29.08. 07:15;24,047
29.08. 07:30;26,341
29.08. 07:45;26,784
29.08. 08:00;34,769
29.08. 08:15;30,443
29.08. 08:30;30,946
29.08. 08:45;24,459
29.08. 09:00;35,678
29.08. 09:15;46,901
29.08. 09:30;51,063
29.08. 09:45;47,644
29.08. 10:00;27,903
29.08. 10:15;35,033
29.08. 10:30;48,736
29.08. 10:45;54,628
29.08. 11:00;39,192
29.08. 11:15;55,748
29.08. 11:30;38,735
29.08. 11:45;27,857
29.08. 12:00;27,421
29.08. 12:15;54,986
29.08. 12:30;52,71
29.08. 12:45;61,352
29.08. 13:00;54,976
29.08. 13:15;36,55
29.08. 13:30;38,999
29.08. 13:45;25,214
29.08. 14:00;31,059
29.08. 14:15;35,537
29.08. 14:30;29,479
29.08. 14:45;22,101
29.08. 15:00;26,385
29.08. 15:15;29,721
29.08. 15:30;23,812
29.08. 15:45;23,365
29.08. 16:00;32,45
29.08. 16:15;28,759
29.08. 16:30;21,293
29.08. 16:45;20,043
29.08. 17:00;22,448
29.08. 17:15;18,046
29.08. 17:30;15,38
29.08. 17:45;12,592
29.08. 18:00;10,812
29.08. 18:15;5,7035
29.08. 18:30;2,1505
29.08. 18:45;0,1941
29.08. 19:00;0
29.08. 19:15;0
29.08. 19:30;0
29.08. 19:45;0
29.08. 20:00;0
29.08. 20:15;0
29.08. 20:30;0
29.08. 20:45;0
29.08. 21:00;0
29.08. 21:15;0
29.08. 21:30;0
29.08. 21:45;0
29.08. 22:00;0
29.08. 22:15;0
29.08. 22:30;0
29.08. 22:45;0
29.08. 23:00;0
29.08. 23:15;0
29.08. 23:30;0
29.08. 23:45;0
30.08. 00:00;0
30.08. 00:15;0
30.08. 00:30;0
30.08. 00:45;0
30.08. 01:00;0
30.08. 01:15;0
30.08. 01:30;0
30.08. 01:45;0
30.08. 02:00;0
30.08. 02:15;0
30.08. 02:30;0
30.08. 02:45;0
30.08. 03:00;0
30.08. 03:15;0
30.08. 03:30;0
30.08. 03:45;0
30.08. 04:00;0
30.08. 04:15;0
30.08. 04:30;0
30.08. 04:45;0
30.08. 05:00;0
30.08. 05:15;0,12242
30.08. 05:30;1,8757
30.08. 05:45;3,2614
30.08. 06:00;8,7418
30.08. 06:15;11,272
30.08. 06:30;14,242
30.08. 06:45;17,766
30.08. 07:00;22,63
30.08. 07:15;26,267
30.08. 07:30;29,783
30.08. 07:45;33,232
30.08. 08:00;37,056
30.08. 08:15;40,425
30.08. 08:30;43,573
30.08. 08:45;46,582
30.08. 09:00;49,937
30.08. 09:15;52,695
30.08. 09:30;55,195
30.08. 09:45;57,484
30.08. 10:00;56,437
30.08. 10:15;57,11
30.08. 10:30;58,621
30.08. 10:45;59,909
30.08. 11:00;44,695
30.08. 11:15;32,035
30.08. 11:30;36,705
30.08. 11:45;65,061
30.08. 12:00;33,884
30.08. 12:15;44,227
30.08. 12:30;52,78
30.08. 12:45;19,552
30.08. 13:00;17,065
30.08. 13:15;59,88
30.08. 13:30;62,727
30.08. 13:45;59,567
30.08. 14:00;49,261
30.08. 14:15;46,905
30.08. 14:30;45,049
30.08. 14:45;43,151
30.08. 15:00;43,182
30.08. 15:15;41,046
30.08. 15:30;38,517
30.08. 15:45;35,428
30.08. 16:00;29,16
30.08. 16:15;42,873
30.08. 16:30;37,68
30.08. 16:45;12,554
30.08. 17:00;19,829
30.08. 17:15;17,473
30.08. 17:30;14,205
30.08. 17:45;11,223
30.08. 18:00;7,3258
30.08. 18:15;4,7889
30.08. 18:30;1,5889
30.08. 18:45;0,15226
30.08. 19:00;0
30.08. 19:15;0
30.08. 19:30;0
30.08. 19:45;0
30.08. 20:00;0
30.08. 20:15;0
30.08. 20:30;0
30.08. 20:45;0
30.08. 21:00;0
30.08. 21:15;0
30.08. 21:30;0
30.08. 21:45;0
30.08. 22:00;0
30.08. 22:15;0
30.08. 22:30;0
30.08. 22:45;0
30.08. 23:00;0
30.08. 23:15;0
30.08. 23:30;0
30.08. 23:45;0
31.08. 00:00;0
31.08. 00:15;0
31.08. 00:30;0
31.08. 00:45;0
31.08. 01:00;0
31.08. 01:15;0
31.08. 01:30;0
31.08. 01:45;0
31.08. 02:00;0
31.08. 02:15;0
31.08. 02:30;0
31.08. 02:45;0
31.08. 03:00;0
31.08. 03:15;0
31.08. 03:30;0
31.08. 03:45;0
31.08. 04:00;0
31.08. 04:15;0
31.08. 04:30;0
31.08. 04:45;0
31.08. 05:00;0
31.08. 05:15;0
31.08. 05:30;0,02948
31.08. 05:45;0,16119
31.08. 06:00;1,4967
31.08. 06:15;4,035
31.08. 06:30;10,603
31.08. 06:45;23,928
31.08. 07:00;18,156
31.08. 07:15;24,361
31.08. 07:30;18,948
31.08. 07:45;11,66
31.08. 08:00;14,546
31.08. 08:15;24,552
31.08. 08:30;46,813
31.08. 08:45;41,342
31.08. 09:00;34,332
31.08. 09:15;35,815
31.08. 09:30;39,049
31.08. 09:45;22,471
31.08. 10:00;22,524
31.08. 10:15;33,257
31.08. 10:30;36,724
31.08. 10:45;25,948
31.08. 11:00;24,968
31.08. 11:15;21,677
31.08. 11:30;17,398
31.08. 11:45;18,461
31.08. 12:00;20,167
31.08. 12:15;21,417
31.08. 12:30;22,497
31.08. 12:45;20,088
31.08. 13:00;25,131
31.08. 13:15;24,261
31.08. 13:30;13,596
31.08. 13:45;14,78
31.08. 14:00;18,224
31.08. 14:15;15,198
31.08. 14:30;8,3522
31.08. 14:45;11,013
31.08. 15:00;10,786
31.08. 15:15;4,7866
31.08. 15:30;5,9393
31.08. 15:45;6,2388
31.08. 16:00;5,7428
31.08. 16:15;3,7996
31.08. 16:30;2,9897
31.08. 16:45;1,0048
31.08. 17:00;0,866
31.08. 17:15;1,1178
31.08. 17:30;0,7821
31.08. 17:45;0,62509
31.08. 18:00;0,56223
31.08. 18:15;0,12318
31.08. 18:30;0,04702
31.08. 18:45;0
31.08. 19:00;0
31.08. 19:15;0
31.08. 19:30;0
31.08. 19:45;0
31.08. 20:00;0
31.08. 20:15;0
31.08. 20:30;0
31.08. 20:45;0
31.08. 21:00;0
31.08. 21:15;0
31.08. 21:30;0
31.08. 21:45;0
31.08. 22:00;0
31.08. 22:15;0
31.08. 22:30;0
31.08. 22:45;0
31.08. 23:00;0
31.08. 23:15;0
31.08. 23:30;0
31.08. 23:45;0
01.09. 00:00;0
01.09. 00:15;0
01.09. 00:30;0
01.09. 00:45;0
01.09. 01:00;0
01.09. 01:15;0
01.09. 01:30;0
01.09. 01:45;0
01.09. 02:00;0
01.09. 02:15;0
01.09. 02:30;0
01.09. 02:45;0
01.09. 03:00;0
01.09. 03:15;0
01.09. 03:30;0
01.09. 03:45;0
01.09. 04:00;0
01.09. 04:15;0
01.09. 04:30;0
01.09. 04:45;0
01.09. 05:00;0
01.09. 05:15;0,00211
01.09. 05:30;0,25377
01.09. 05:45;0,92753
01.09. 06:00;5,4806
01.09. 06:15;4,4236
01.09. 06:30;7,6893
01.09. 06:45;13,437
01.09. 07:00;13,774
01.09. 07:15;24,048
01.09. 07:30;33,538
01.09. 07:45;27,775
01.09. 08:00;21,812
01.09. 08:15;38,684
01.09. 08:30;43,882
01.09. 08:45;53,328
01.09. 09:00;49,451
01.09. 09:15;50,247
01.09. 09:30;51,162
01.09. 09:45;53,806
01.09. 10:00;54,423
01.09. 10:15;60,181
01.09. 10:30;59,684
01.09. 10:45;60,302
01.09. 11:00;45,175
01.09. 11:15;64,81
01.09. 11:30;71,866
01.09. 11:45;57,641
01.09. 12:00;60,653
01.09. 12:15;49,986
01.09. 12:30;62,84
01.09. 12:45;62,592
01.09. 13:00;63,817
01.09. 13:15;60,08
01.09. 13:30;58,73
01.09. 13:45;60,345
01.09. 14:00;45,189
01.09. 14:15;34,489
01.09. 14:30;42,685
01.09. 14:45;48,219
01.09. 15:00;25,633
01.09. 15:15;46,133
01.09. 15:30;41,641
01.09. 15:45;30,823
01.09. 16:00;32,394
01.09. 16:15;14,956
01.09. 16:30;10,308
01.09. 16:45;21,264
01.09. 17:00;12,944
01.09. 17:15;9,0234
01.09. 17:30;11,069
01.09. 17:45;9,959
01.09. 18:00;3,4126
01.09. 18:15;1,0562
01.09. 18:30;0,28228
01.09. 18:45;0
01.09. 19:00;0
01.09. 19:15;0
01.09. 19:30;0
01.09. 19:45;0
01.09. 20:00;0
01.09. 20:15;0
01.09. 20:30;0
01.09. 20:45;0
01.09. 21:00;0
01.09. 21:15;0
01.09. 21:30;0
01.09. 21:45;0
01.09. 22:00;0
01.09. 22:15;0
01.09. 22:30;0
01.09. 22:45;0
01.09. 23:00;0
01.09. 23:15;0
01.09. 23:30;0
01.09. 23:45;0
02.09. 00:00;0
02.09. 00:15;0
02.09. 00:30;0
02.09. 00:45;0
02.09. 01:00;0
02.09. 01:15;0
02.09. 01:30;0
02.09. 01:45;0
02.09. 02:00;0
02.09. 02:15;0
02.09. 02:30;0
02.09. 02:45;0
02.09. 03:00;0
02.09. 03:15;0
02.09. 03:30;0
02.09. 03:45;0
02.09. 04:00;0
02.09. 04:15;0
02.09. 04:30;0
02.09. 04:45;0
02.09. 05:00;0
02.09. 05:15;0,00625
02.09. 05:30;0,47236
02.09. 05:45;3,4559
02.09. 06:00;10,032
02.09. 06:15;5,696
02.09. 06:30;5,4701
02.09. 06:45;7,6144
02.09. 07:00;7,7212
02.09. 07:15;9,3545
02.09. 07:30;14,363
02.09. 07:45;18,112
02.09. 08:00;15,549
02.09. 08:15;18,847
02.09. 08:30;11,119
02.09. 08:45;13,823
02.09. 09:00;23,233
02.09. 09:15;19,82
02.09. 09:30;32,472
02.09. 09:45;52,806
02.09. 10:00;34,61
02.09. 10:15;33,294
02.09. 10:30;35,967
02.09. 10:45;44,627
02.09. 11:00;55,548
02.09. 11:15;51,698
02.09. 11:30;31,465
02.09. 11:45;29,007
02.09. 12:00;29,344
02.09. 12:15;31,128
02.09. 12:30;40,727
02.09. 12:45;37,431
02.09. 13:00;27,741
02.09. 13:15;16,58
02.09. 13:30;16,265
02.09. 13:45;13,695
02.09. 14:00;8,4273
02.09. 14:15;6,2494
02.09. 14:30;8,9306
02.09. 14:45;9,9097
02.09. 15:00;14,938
02.09. 15:15;17,85
02.09. 15:30;17,274
02.09. 15:45;17,39
02.09. 16:00;18,686
02.09. 16:15;12,803
02.09. 16:30;12,445
02.09. 16:45;14,869
02.09. 17:00;11,014
02.09. 17:15;5,1243
02.09. 17:30;2,4772
02.09. 17:45;1,272
02.09. 18:00;0,36906
02.09. 18:15;0,03604
02.09. 18:30;0
02.09. 18:45;0
02.09. 19:00;0
02.09. 19:15;0
02.09. 19:30;0
02.09. 19:45;0
02.09. 20:00;0
02.09. 20:15;0
02.09. 20:30;0
02.09. 20:45;0
02.09. 21:00;0
02.09. 21:15;0
02.09. 21:30;0
02.09. 21:45;0
02.09. 22:00;0
02.09. 22:15;0
02.09. 22:30;0
02.09. 22:45;0
02.09. 23:00;0
02.09. 23:15;0
02.09. 23:30;0
02.09. 23:45;0
03.09. 00:00;0
03.09. 00:15;0
03.09. 00:30;0
03.09. 00:45;0
03.09. 01:00;0
03.09. 01:15;0
03.09. 01:30;0
03.09. 01:45;0
03.09. 02:00;0
03.09. 02:15;0
03.09. 02:30;0
03.09. 02:45;0
03.09. 03:00;0
03.09. 03:15;0
03.09. 03:30;0
03.09. 03:45;0
03.09. 04:00;0
03.09. 04:15;0
03.09. 04:30;0
03.09. 04:45;0
03.09. 05:00;0
03.09. 05:15;0
03.09. 05:30;0
03.09. 05:45;0,06761
03.09. 06:00;0,17431
03.09. 06:15;0,3295
03.09. 06:30;0,68426
03.09. 06:45;1,5675
03.09. 07:00;2,4372
03.09. 07:15;2,4249
03.09. 07:30;2,884
03.09. 07:45;4,6477
03.09. 08:00;7,7113
03.09. 08:15;8,922
03.09. 08:30;8,3192
03.09. 08:45;8,4735
03.09. 09:00;8,9224
03.09. 09:15;10,027
03.09. 09:30;10,794
03.09. 09:45;6,8504
03.09. 10:00;7,3946
03.09. 10:15;9,5139
03.09. 10:30;9,8355
03.09. 10:45;10,627
03.09. 11:00;10,033
03.09. 11:15;11,483
03.09. 11:30;12,429
03.09. 11:45;9,338
03.09. 12:00;13,914
03.09. 12:15;12,254
03.09. 12:30;14,242
03.09. 12:45;12,817
03.09. 13:00;8,5086
03.09. 13:15;9,3689
03.09. 13:30;5,7331
03.09. 13:45;18,473
03.09. 14:00;14,933
03.09. 14:15;7,0772
03.09. 14:30;2,7165
03.09. 14:45;1,6233
03.09. 15:00;3,8864
03.09. 15:15;4,6379
03.09. 15:30;10,099
03.09. 15:45;11,56
03.09. 16:00;7,5626
03.09. 16:15;8,8341
03.09. 16:30;8,2257
03.09. 16:45;7,4871
03.09. 17:00;5,5764
03.09. 17:15;4,405
03.09. 17:30;3,9524
03.09. 17:45;1,4229
03.09. 18:00;0,32299
03.09. 18:15;0,05229
03.09. 18:30;0
03.09. 18:45;0
03.09. 19:00;0
03.09. 19:15;0
03.09. 19:30;0
03.09. 19:45;0
03.09. 20:00;0
03.09. 20:15;0
03.09. 20:30;0
03.09. 20:45;0
03.09. 21:00;0
03.09. 21:15;0
03.09. 21:30;0
03.09. 21:45;0
03.09. 22:00;0
03.09. 22:15;0
03.09. 22:30;0
03.09. 22:45;0
03.09. 23:00;0
03.09. 23:15;0
03.09. 23:30;0
03.09. 23:45;0
04.09. 00:00;0
04.09. 00:15;0
04.09. 00:30;0
04.09. 00:45;0
04.09. 01:00;0
04.09. 01:15;0
04.09. 01:30;0
04.09. 01:45;0
04.09. 02:00;0
04.09. 02:15;0
04.09. 02:30;0
04.09. 02:45;0
04.09. 03:00;0
04.09. 03:15;0
04.09. 03:30;0
04.09. 03:45;0
04.09. 04:00;0
04.09. 04:15;0
04.09. 04:30;0
04.09. 04:45;0
04.09. 05:00;0
04.09. 05:15;0
04.09. 05:30;0,10629
04.09. 05:45;0,30065
04.09. 06:00;0,70973
04.09. 06:15;1,9047
04.09. 06:30;4,4973
04.09. 06:45;6,3683
04.09. 07:00;5,9731
04.09. 07:15;7,1557
04.09. 07:30;9,2219
04.09. 07:45;6,4217
04.09. 08:00;7,9657
04.09. 08:15;10,462
04.09. 08:30;13,861
04.09. 08:45;13,28
04.09. 09:00;15,83
04.09. 09:15;15,014
04.09. 09:30;17,264
04.09. 09:45;21,047
04.09. 10:00;18,883
04.09. 10:15;19,462
04.09. 10:30;16,882
04.09. 10:45;11,851
04.09. 11:00;9,201
04.09. 11:15;8,7148
04.09. 11:30;13,516
04.09. 11:45;16,501
04.09. 12:00;15,042
04.09. 12:15;15,799
04.09. 12:30;10,999
04.09. 12:45;4,7831
04.09. 13:00;6,3954
04.09. 13:15;14,341
04.09. 13:30;39,138
04.09. 13:45;26,566
04.09. 14:00;20,789
04.09. 14:15;26,453
04.09. 14:30;26,192
04.09. 14:45;26,11
04.09. 15:00;25,768
04.09. 15:15;21,069
04.09. 15:30;22,647
04.09. 15:45;16,917
04.09. 16:00;19,755
04.09. 16:15;23,491
04.09. 16:30;27,518
04.09. 16:45;14,289
04.09. 17:00;9,1975
04.09. 17:15;11,708
04.09. 17:30;16,023
04.09. 17:45;12,915
04.09. 18:00;5,9471
04.09. 18:15;0,91571
04.09. 18:30;0,10797
04.09. 18:45;0
04.09. 19:00;0
04.09. 19:15;0
04.09. 19:30;0
04.09. 19:45;0
04.09. 20:00;0
04.09. 20:15;0
04.09. 20:30;0
04.09. 20:45;0
04.09. 21:00;0
04.09. 21:15;0
04.09. 21:30;0
04.09. 21:45;0
04.09. 22:00;0
04.09. 22:15;0
04.09. 22:30;0
04.09. 22:45;0
04.09. 23:00;0
04.09. 23:15;0
04.09. 23:30;0
04.09. 23:45;0
05.09. 00:00;0
05.09. 00:15;0
05.09. 00:30;0
05.09. 00:45;0
05.09. 01:00;0
05.09. 01:15;0
05.09. 01:30;0
05.09. 01:45;0
05.09. 02:00;0
05.09. 02:15;0
05.09. 02:30;0
05.09. 02:45;0
05.09. 03:00;0
05.09. 03:15;0
05.09. 03:30;0
05.09. 03:45;0
05.09. 04:00;0
05.09. 04:15;0
05.09. 04:30;0
05.09. 04:45;0
05.09. 05:00;0
05.09. 05:15;0
05.09. 05:30;0
05.09. 05:45;0
05.09. 06:00;4,0624
05.09. 06:15;1,2931
05.09. 06:30;1,2836
05.09. 06:45;1,1338
05.09. 07:00;4,0028
05.09. 07:15;6,5995
05.09. 07:30;5,9816
05.09. 07:45;6,5991
05.09. 08:00;11,909
05.09. 08:15;10,711
05.09. 08:30;12,383
05.09. 08:45;13,035
05.09. 09:00;17,33
05.09. 09:15;31,233
05.09. 09:30;39,907
05.09. 09:45;27,051
05.09. 10:00;32,562
05.09. 10:15;47,139
05.09. 10:30;32,479
05.09. 10:45;35,433
05.09. 11:00;46,714
05.09. 11:15;43,272
05.09. 11:30;26,231
05.09. 11:45;21,579
05.09. 12:00;21,432
05.09. 12:15;22,635
05.09. 12:30;30,243
05.09. 12:45;13,855
05.09. 13:00;20,652
05.09. 13:15;48,811
05.09. 13:30;22,471
05.09. 13:45;19,185
05.09. 14:00;17,808
05.09. 14:15;20,439
05.09. 14:30;15,864
05.09. 14:45;18,498
05.09. 15:00;16,828
05.09. 15:15;10,663
05.09. 15:30;7,1779
05.09. 15:45;5,6051
05.09. 16:00;5,3286
05.09. 16:15;6,4703
05.09. 16:30;5,0881
05.09. 16:45;4,6254
05.09. 17:00;4,5866
05.09. 17:15;2,8614
05.09. 17:30;1,9383
05.09. 17:45;2,2852
05.09. 18:00;1,9199
05.09. 18:15;0,48734
05.09. 18:30;0,06522
05.09. 18:45;0
05.09. 19:00;0
05.09. 19:15;0
05.09. 19:30;0
05.09. 19:45;0
05.09. 20:00;0
05.09. 20:15;0
05.09. 20:30;0
05.09. 20:45;0
05.09. 21:00;0
05.09. 21:15;0
05.09. 21:30;0
05.09. 21:45;0
05.09. 22:00;0
05.09. 22:15;0
05.09. 22:30;0
05.09. 22:45;0
05.09. 23:00;0
05.09. 23:15;0
05.09. 23:30;0
05.09. 23:45;0
06.09. 00:00;0
06.09. 00:15;0
06.09. 00:30;0
06.09. 00:45;0
06.09. 01:00;0
06.09. 01:15;0
06.09. 01:30;0
06.09. 01:45;0
06.09. 02:00;0
06.09. 02:15;0
06.09. 02:30;0
06.09. 02:45;0
06.09. 03:00;0
06.09. 03:15;0
06.09. 03:30;0
06.09. 03:45;0
06.09. 04:00;0
06.09. 04:15;0
06.09. 04:30;0
06.09. 04:45;0
06.09. 05:00;0
06.09. 05:15;0
06.09. 05:30;0,14868
06.09. 05:45;0,90639
06.09. 06:00;1,8524
06.09. 06:15;5,9928
06.09. 06:30;13,323
06.09. 06:45;16,992
06.09. 07:00;20,329
06.09. 07:15;25,43
06.09. 07:30;23,561
06.09. 07:45;26,926
06.09. 08:00;34,065
06.09. 08:15;36,735
06.09. 08:30;39,791
06.09. 08:45;42,727
06.09. 09:00;46,002
06.09. 09:15;48,682
06.09. 09:30;51,133
06.09. 09:45;53,367
06.09. 10:00;55,041
06.09. 10:15;56,755
06.09. 10:30;58,433
06.09. 10:45;60,169
06.09. 11:00;57,654
06.09. 11:15;57,966
06.09. 11:30;57,845
06.09. 11:45;58,475
06.09. 12:00;56,718
06.09. 12:15;56,152
06.09. 12:30;56,21
06.09. 12:45;55,629
06.09. 13:00;56,333
06.09. 13:15;40,137
06.09. 13:30;36,461
06.09. 13:45;57,549
06.09. 14:00;53,304
06.09. 14:15;46,012
06.09. 14:30;31,571
06.09. 14:45;48,448
06.09. 15:00;32,792
06.09. 15:15;23,228
06.09. 15:30;37,861
06.09. 15:45;38,689
06.09. 16:00;24,777
06.09. 16:15;9,0206
06.09. 16:30;14,196
06.09. 16:45;12,55
06.09. 17:00;10,042
06.09. 17:15;6,0217
06.09. 17:30;2,7542
06.09. 17:45;2,0779
06.09. 18:00;0,86711
06.09. 18:15;0,12518
06.09. 18:30;0
06.09. 18:45;0
06.09. 19:00;0
06.09. 19:15;0
06.09. 19:30;0
06.09. 19:45;0
06.09. 20:00;0
06.09. 20:15;0
06.09. 20:30;0
06.09. 20:45;0
06.09. 21:00;0
06.09. 21:15;0
06.09. 21:30;0
06.09. 21:45;0
06.09. 22:00;0
06.09. 22:15;0
06.09. 22:30;0
06.09. 22:45;0
06.09. 23:00;0
06.09. 23:15;0
06.09. 23:30;0
06.09. 23:45;0
07.09. 00:00;0
07.09. 00:15;0
07.09. 00:30;0
07.09. 00:45;0
07.09. 01:00;0
07.09. 01:15;0
07.09. 01:30;0
07.09. 01:45;0
07.09. 02:00;0
07.09. 02:15;0
07.09. 02:30;0
07.09. 02:45;0
07.09. 03:00;0
07.09. 03:15;0
07.09. 03:30;0
07.09. 03:45;0
07.09. 04:00;0
07.09. 04:15;0
07.09. 04:30;0
07.09. 04:45;0
07.09. 05:00;0
07.09. 05:15;0
07.09. 05:30;0,23958
07.09. 05:45;0,73543
07.09. 06:00;2,9311
07.09. 06:15;6,3111
07.09. 06:30;7,2593
07.09. 06:45;12,589
07.09. 07:00;20,362
07.09. 07:15;13,448
07.09. 07:30;7,4588
07.09. 07:45;4,2171
07.09. 08:00;2,1726
07.09. 08:15;7,6895
07.09. 08:30;16,902
07.09. 08:45;25,23
07.09. 09:00;18,215
07.09. 09:15;21,988
07.09. 09:30;12,976
07.09. 09:45;6,3882
07.09. 10:00;7,4449
07.09. 10:15;15,08
07.09. 10:30;21,341
07.09. 10:45;19,616
07.09. 11:00;20,875
07.09. 11:15;17,812
07.09. 11:30;22,846
07.09. 11:45;25,495
07.09. 12:00;19,824
07.09. 12:15;19,536
07.09. 12:30;24,357
07.09. 12:45;39,509
07.09. 13:00;41,841
07.09. 13:15;23,919
07.09. 13:30;34,852
07.09. 13:45;50,779
07.09. 14:00;48,5
07.09. 14:15;47,465
07.09. 14:30;24,25
07.09. 14:45;24,201
07.09. 15:00;29,851
07.09. 15:15;26,768
07.09. 15:30;44,934
07.09. 15:45;35,159
07.09. 16:00;30,381
07.09. 16:15;30,903
07.09. 16:30;26,758
07.09. 16:45;23,288
07.09. 17:00;16,505
07.09. 17:15;14,268
07.09. 17:30;7,4768
07.09. 17:45;6,5734
07.09. 18:00;2,2094
07.09. 18:15;0,20048
07.09. 18:30;0
07.09. 18:45;0
07.09. 19:00;0
07.09. 19:15;0
07.09. 19:30;0
07.09. 19:45;0
07.09. 20:00;0
07.09. 20:15;0
07.09. 20:30;0
07.09. 20:45;0
07.09. 21:00;0
07.09. 21:15;0
07.09. 21:30;0
07.09. 21:45;0
07.09. 22:00;0
07.09. 22:15;0
07.09. 22:30;0
07.09. 22:45;0
07.09. 23:00;0
07.09. 23:15;0
07.09. 23:30;0
07.09. 23:45;0
08.09. 00:00;0
08.09. 00:15;0
08.09. 00:30;0
08.09. 00:45;0
08.09. 01:00;0
08.09. 01:15;0
08.09. 01:30;0
08.09. 01:45;0
08.09. 02:00;0
08.09. 02:15;0
08.09. 02:30;0
08.09. 02:45;0
08.09. 03:00;0
08.09. 03:15;0
08.09. 03:30;0
08.09. 03:45;0
08.09. 04:00;0
08.09. 04:15;0
08.09. 04:30;0
08.09. 04:45;0
08.09. 05:00;0
08.09. 05:15;0
08.09. 05:30;0
08.09. 05:45;0
08.09. 06:00;0,42855
08.09. 06:15;0,3769
08.09. 06:30;0,30642
08.09. 06:45;0,29777
08.09. 07:00;0,22492
08.09. 07:15;0,89699
08.09. 07:30;4,0905
08.09. 07:45;14,035
08.09. 08:00;26,692
08.09. 08:15;21,323
08.09. 08:30;9,7058
08.09. 08:45;9,2411
08.09. 09:00;8,7807
08.09. 09:15;12,796
08.09. 09:30;45,034
08.09. 09:45;46,075
08.09. 10:00;44,825
08.09. 10:15;23,251
08.09. 10:30;30,263
08.09. 10:45;31,963
08.09. 11:00;25,558
08.09. 11:15;42,298
08.09. 11:30;46,031
08.09. 11:45;40,516
08.09. 12:00;44,148
08.09. 12:15;38,068
08.09. 12:30;36,783
08.09. 12:45;17,037
08.09. 13:00;23,163
08.09. 13:15;31,219
08.09. 13:30;30,786
08.09. 13:45;32,072
08.09. 14:00;24,549
08.09. 14:15;30,727
08.09. 14:30;37,461
08.09. 14:45;13,295
08.09. 15:00;14,455
08.09. 15:15;13,96
08.09. 15:30;13,212
08.09. 15:45;14,253
08.09. 16:00;13,951
08.09. 16:15;12,18
08.09. 16:30;9,0997
08.09. 16:45;7,433
08.09. 17:00;8,0314
08.09. 17:15;6,9371
08.09. 17:30;7,5752
08.09. 17:45;4,134
08.09. 18:00;2,36
08.09. 18:15;0,26619
08.09. 18:30;0
08.09. 18:45;0
08.09. 19:00;0
08.09. 19:15;0
08.09. 19:30;0
08.09. 19:45;0
08.09. 20:00;0
08.09. 20:15;0
08.09. 20:30;0
08.09. 20:45;0
08.09. 21:00;0
08.09. 21:15;0
08.09. 21:30;0
08.09. 21:45;0
08.09. 22:00;0
08.09. 22:15;0
08.09. 22:30;0
08.09. 22:45;0
08.09. 23:00;0
08.09. 23:15;0
08.09. 23:30;0
08.09. 23:45;0
09.09. 00:00;0
09.09. 00:15;0
09.09. 00:30;0
09.09. 00:45;0
09.09. 01:00;0
09.09. 01:15;0
09.09. 01:30;0
09.09. 01:45;0
09.09. 02:00;0
09.09. 02:15;0
09.09. 02:30;0
09.09. 02:45;0
09.09. 03:00;0
09.09. 03:15;0
09.09. 03:30;0
09.09. 03:45;0
09.09. 04:00;0
09.09. 04:15;0
09.09. 04:30;0
09.09. 04:45;0
09.09. 05:00;0
09.09. 05:15;0
09.09. 05:30;0
09.09. 05:45;0
09.09. 06:00;4,0098
09.09. 06:15;1,4652
09.09. 06:30;2,2676
09.09. 06:45;3,5585
09.09. 07:00;7,7656
09.09. 07:15;18,742
09.09. 07:30;10,069
09.09. 07:45;10,011
09.09. 08:00;12,789
09.09. 08:15;13,64
09.09. 08:30;15,488
09.09. 08:45;23,206
09.09. 09:00;34,88
09.09. 09:15;29,673
09.09. 09:30;31,457
09.09. 09:45;24,179
09.09. 10:00;21,87
09.09. 10:15;22,474
09.09. 10:30;29,003
09.09. 10:45;48,985
09.09. 11:00;35,029
09.09. 11:15;25,348
09.09. 11:30;21,205
09.09. 11:45;20,579
09.09. 12:00;28,933
09.09. 12:15;27,723
09.09. 12:30;23,965
09.09. 12:45;17,815
09.09. 13:00;22,069
09.09. 13:15;31,657
09.09. 13:30;14,209
09.09. 13:45;15,692
09.09. 14:00;16,167
09.09. 14:15;15,509
09.09. 14:30;22,787
09.09. 14:45;31,925
09.09. 15:00;20,896
09.09. 15:15;15,76
09.09. 15:30;24,111
09.09. 15:45;13,289
09.09. 16:00;14,005
09.09. 16:15;11,892
09.09. 16:30;9,5245
09.09. 16:45;10,299
09.09. 17:00;7,5844
09.09. 17:15;3,9652
09.09. 17:30;2,4056
09.09. 17:45;1,3065
09.09. 18:00;0,88559
09.09. 18:15;0,95179
09.09. 18:30;0
09.09. 18:45;0
09.09. 19:00;0
09.09. 19:15;0
09.09. 19:30;0
09.09. 19:45;0
09.09. 20:00;0
09.09. 20:15;0
09.09. 20:30;0
09.09. 20:45;0
09.09. 21:00;0
09.09. 21:15;0
09.09. 21:30;0
09.09. 21:45;0
09.09. 22:00;0
09.09. 22:15;0
09.09. 22:30;0
09.09. 22:45;0
09.09. 23:00;0
09.09. 23:15;0
09.09. 23:30;0
09.09. 23:45;0
10.09. 00:00;0
10.09. 00:15;0
10.09. 00:30;0
10.09. 00:45;0
10.09. 01:00;0
10.09. 01:15;0
10.09. 01:30;0
10.09. 01:45;0
10.09. 02:00;0
10.09. 02:15;0
10.09. 02:30;0
10.09. 02:45;0
10.09. 03:00;0
10.09. 03:15;0
10.09. 03:30;0
10.09. 03:45;0
10.09. 04:00;0
10.09. 04:15;0
10.09. 04:30;0
10.09. 04:45;0
10.09. 05:00;0
10.09. 05:15;0
10.09. 05:30;0
10.09. 05:45;0
10.09. 06:00;5,8406
10.09. 06:15;4,38
10.09. 06:30;2,4162
10.09. 06:45;4,3814
10.09. 07:00;7,6186
10.09. 07:15;15,722
10.09. 07:30;9,6992
10.09. 07:45;11,599
10.09. 08:00;12,019
10.09. 08:15;21,628
10.09. 08:30;28,022
10.09. 08:45;17,309
10.09. 09:00;41,621
10.09. 09:15;29,558
10.09. 09:30;38,953
10.09. 09:45;31,749
10.09. 10:00;30,942
10.09. 10:15;38,998
10.09. 10:30;61,195
10.09. 10:45;62,883
10.09. 11:00;37,342
10.09. 11:15;71,139
10.09. 11:30;62,778
10.09. 11:45;64,175
10.09. 12:00;58,229
10.09. 12:15;42,213
10.09. 12:30;55,431
10.09. 12:45;61,401
10.09. 13:00;55,234
10.09. 13:15;59,301
10.09. 13:30;29,761
10.09. 13:45;14,873
10.09. 14:00;15,085
10.09. 14:15;33,55
10.09. 14:30;33,589
10.09. 14:45;33,86
10.09. 15:00;32,04
10.09. 15:15;21,581
10.09. 15:30;32,149
10.09. 15:45;34,628
10.09. 16:00;30,384
10.09. 16:15;23,374
10.09. 16:30;13,338
10.09. 16:45;17,112
10.09. 17:00;13,203
10.09. 17:15;6,0333
10.09. 17:30;6,1989
10.09. 17:45;6,7312
10.09. 18:00;1,9183
10.09. 18:15;0,31392
10.09. 18:30;0
10.09. 18:45;0
10.09. 19:00;0
10.09. 19:15;0
10.09. 19:30;0
10.09. 19:45;0
10.09. 20:00;0
10.09. 20:15;0
10.09. 20:30;0
10.09. 20:45;0
10.09. 21:00;0
10.09. 21:15;0
10.09. 21:30;0
10.09. 21:45;0
10.09. 22:00;0
10.09. 22:15;0
10.09. 22:30;0
10.09. 22:45;0
10.09. 23:00;0
10.09. 23:15;0
10.09. 23:30;0
10.09. 23:45;0
11.09. 00:00;0
11.09. 00:15;0
11.09. 00:30;0
11.09. 00:45;0
11.09. 01:00;0
11.09. 01:15;0
11.09. 01:30;0
11.09. 01:45;0
11.09. 02:00;0
11.09. 02:15;0
11.09. 02:30;0
11.09. 02:45;0
11.09. 03:00;0
11.09. 03:15;0
11.09. 03:30;0
11.09. 03:45;0
11.09. 04:00;0
11.09. 04:15;0
11.09. 04:30;0
11.09. 04:45;0
11.09. 05:00;0
11.09. 05:15;0
11.09. 05:30;0
11.09. 05:45;0
11.09. 06:00;2,9399
11.09. 06:15;1,9664
11.09. 06:30;4,0754
11.09. 06:45;3,9539
11.09. 07:00;5,7641
11.09. 07:15;9,4283
11.09. 07:30;11,753
11.09. 07:45;18,61
11.09. 08:00;20,285
11.09. 08:15;26,798
11.09. 08:30;18,51
11.09. 08:45;17,208
11.09. 09:00;14,598
11.09. 09:15;16,734
11.09. 09:30;23,162
11.09. 09:45;48,454
11.09. 10:00;24,91
11.09. 10:15;21,288
11.09. 10:30;21,95
11.09. 10:45;15,605
11.09. 11:00;12,47
11.09. 11:15;8,2095
11.09. 11:30;5,5041
11.09. 11:45;7,1
11.09. 12:00;9,0714
11.09. 12:15;10,876
11.09. 12:30;14,442
11.09. 12:45;14,552
11.09. 13:00;17,054
11.09. 13:15;16,634
11.09. 13:30;19,325
11.09. 13:45;19,593
11.09. 14:00;14,79
11.09. 14:15;14,236
11.09. 14:30;14,865
11.09. 14:45;10,086
11.09. 15:00;8,645
11.09. 15:15;8,0364
11.09. 15:30;8,0722
11.09. 15:45;9,9971
11.09. 16:00;11,402
11.09. 16:15;10,447
11.09. 16:30;10,25
11.09. 16:45;8,9092
11.09. 17:00;8,4253
11.09. 17:15;5,0987
11.09. 17:30;9,9901
11.09. 17:45;7,9936
11.09. 18:00;2,5255
11.09. 18:15;0,41349
11.09. 18:30;0
11.09. 18:45;0
11.09. 19:00;0
11.09. 19:15;0
11.09. 19:30;0
11.09. 19:45;0
11.09. 20:00;0
11.09. 20:15;0
11.09. 20:30;0
11.09. 20:45;0
11.09. 21:00;0
11.09. 21:15;0
11.09. 21:30;0
11.09. 21:45;0
11.09. 22:00;0
11.09. 22:15;0
11.09. 22:30;0
11.09. 22:45;0
11.09. 23:00;0
11.09. 23:15;0
11.09. 23:30;0
11.09. 23:45;0
12.09. 00:00;0
12.09. 00:15;0
12.09. 00:30;0
12.09. 00:45;0
12.09. 01:00;0
12.09. 01:15;0
12.09. 01:30;0
12.09. 01:45;0
12.09. 02:00;0
12.09. 02:15;0
12.09. 02:30;0
12.09. 02:45;0
12.09. 03:00;0
12.09. 03:15;0
12.09. 03:30;0
12.09. 03:45;0
12.09. 04:00;0
12.09. 04:15;0
12.09. 04:30;0
12.09. 04:45;0
12.09. 05:00;0
12.09. 05:15;0
12.09. 05:30;0
12.09. 05:45;0
12.09. 06:00;1,656
12.09. 06:15;2,7698
12.09. 06:30;3,6912
12.09. 06:45;5,3786
12.09. 07:00;11,594
12.09. 07:15;19,479
12.09. 07:30;18,473
12.09. 07:45;16,447
12.09. 08:00;24,152
12.09. 08:15;33,993
12.09. 08:30;40,343
12.09. 08:45;30,284
12.09. 09:00;26,251
12.09. 09:15;25,1
12.09. 09:30;54,838
12.09. 09:45;51,528
12.09. 10:00;44,483
12.09. 10:15;42,474
12.09. 10:30;59,227
12.09. 10:45;49,457
12.09. 11:00;36,802
12.09. 11:15;59,167
12.09. 11:30;58,811
12.09. 11:45;60,576
12.09. 12:00;58,779
12.09. 12:15;63,142
12.09. 12:30;58,688
12.09. 12:45;54,199
12.09. 13:00;44,652
12.09. 13:15;61,296
12.09. 13:30;57,727
12.09. 13:45;57,211
12.09. 14:00;31,32
12.09. 14:15;36,605
12.09. 14:30;47,549
12.09. 14:45;46,096
12.09. 15:00;34,306
12.09. 15:15;29,417
12.09. 15:30;23,58
12.09. 15:45;14,735
12.09. 16:00;27,9
12.09. 16:15;18,559
12.09. 16:30;5,2019
12.09. 16:45;3,1572
12.09. 17:00;1,3736
12.09. 17:15;6,8929
12.09. 17:30;7,5804
12.09. 17:45;1,1655
12.09. 18:00;0,28964
12.09. 18:15;0,25805
12.09. 18:30;0
12.09. 18:45;0
12.09. 19:00;0
12.09. 19:15;0
12.09. 19:30;0
12.09. 19:45;0
12.09. 20:00;0
12.09. 20:15;0
12.09. 20:30;0
12.09. 20:45;0
12.09. 21:00;0
12.09. 21:15;0
12.09. 21:30;0
12.09. 21:45;0
12.09. 22:00;0
12.09. 22:15;0
12.09. 22:30;0
12.09. 22:45;0
12.09. 23:00;0
12.09. 23:15;0
12.09. 23:30;0
12.09. 23:45;0
13.09. 00:00;0
13.09. 00:15;0
13.09. 00:30;0
13.09. 00:45;0
13.09. 01:00;0
13.09. 01:15;0
13.09. 01:30;0
13.09. 01:45;0
13.09. 02:00;0
13.09. 02:15;0
13.09. 02:30;0
13.09. 02:45;0
13.09. 03:00;0
13.09. 03:15;0
13.09. 03:30;0
13.09. 03:45;0
13.09. 04:00;0
13.09. 04:15;0
13.09. 04:30;0
13.09. 04:45;0
13.09. 05:00;0
13.09. 05:15;0
13.09. 05:30;0
13.09. 05:45;0
13.09. 06:00;0,10557
13.09. 06:15;0,06169
13.09. 06:30;0,1269
13.09. 06:45;0,18289
13.09. 07:00;0,67978
13.09. 07:15;2,7181
13.09. 07:30;6,5463
13.09. 07:45;8,4961
13.09. 08:00;6,8068
13.09. 08:15;8,18
13.09. 08:30;14,273
13.09. 08:45;16,304
13.09. 09:00;13,631
13.09. 09:15;14,234
13.09. 09:30;18,119
13.09. 09:45;10,908
13.09. 10:00;17,949
13.09. 10:15;19,738
13.09. 10:30;29,039
13.09. 10:45;41,878
13.09. 11:00;37,908
13.09. 11:15;32,52
13.09. 11:30;33,726
13.09. 11:45;27,077
13.09. 12:00;30,833
13.09. 12:15;66,676
13.09. 12:30;29,089
13.09. 12:45;19,817
13.09. 13:00;32,203
13.09. 13:15;57,772
13.09. 13:30;46,41
13.09. 13:45;26,504
13.09. 14:00;44,797
13.09. 14:15;51,516
13.09. 14:30;36,546
13.09. 14:45;21,94
13.09. 15:00;21,413
13.09. 15:15;25,061
13.09. 15:30;9,4113
13.09. 15:45;4,0236
13.09. 16:00;8,2043
13.09. 16:15;13,562
13.09. 16:30;11,281
13.09. 16:45;7,807
13.09. 17:00;8,8795
13.09. 17:15;9,0501
13.09. 17:30;2,9496
13.09. 17:45;1,2719
13.09. 18:00;1,4265
13.09. 18:15;0,13074
13.09. 18:30;0
13.09. 18:45;0
13.09. 19:00;0
13.09. 19:15;0
13.09. 19:30;0
13.09. 19:45;0
13.09. 20:00;0
13.09. 20:15;0
13.09. 20:30;0
13.09. 20:45;0
13.09. 21:00;0
13.09. 21:15;0
13.09. 21:30;0
13.09. 21:45;0
13.09. 22:00;0
13.09. 22:15;0
13.09. 22:30;0
13.09. 22:45;0
13.09. 23:00;0
13.09. 23:15;0
13.09. 23:30;0
13.09. 23:45;0
14.09. 00:00;0
14.09. 00:15;0
14.09. 00:30;0
14.09. 00:45;0
14.09. 01:00;0
14.09. 01:15;0
14.09. 01:30;0
14.09. 01:45;0
14.09. 02:00;0
14.09. 02:15;0
14.09. 02:30;0
14.09. 02:45;0
14.09. 03:00;0
14.09. 03:15;0
14.09. 03:30;0
14.09. 03:45;0
14.09. 04:00;0
14.09. 04:15;0
14.09. 04:30;0
14.09. 04:45;0
14.09. 05:00;0
14.09. 05:15;0
14.09. 05:30;0
14.09. 05:45;0
14.09. 06:00;2,1514
14.09. 06:15;2,8359
14.09. 06:30;1,4775
14.09. 06:45;1,5698
14.09. 07:00;3,2147
14.09. 07:15;9,6734
14.09. 07:30;7,7603
14.09. 07:45;13,384
14.09. 08:00;15,006
14.09. 08:15;11,949
14.09. 08:30;18,116
14.09. 08:45;19,841
14.09. 09:00;19,09
14.09. 09:15;12,674
14.09. 09:30;11,485
14.09. 09:45;12,79
14.09. 10:00;16,312
14.09. 10:15;16,02
14.09. 10:30;10,705
14.09. 10:45;10,24
14.09. 11:00;12,799
14.09. 11:15;13,898
14.09. 11:30;15,507
14.09. 11:45;14,572
14.09. 12:00;11,231
14.09. 12:15;17,172
14.09. 12:30;21,409
14.09. 12:45;17,933
14.09. 13:00;17,44
14.09. 13:15;16,292
14.09. 13:30;10,865
14.09. 13:45;11,223
14.09. 14:00;10,252
14.09. 14:15;15,842
14.09. 14:30;17,656
14.09. 14:45;14,002
14.09. 15:00;13,785
14.09. 15:15;9,5317
14.09. 15:30;4,6395
14.09. 15:45;3,7916
14.09. 16:00;6,504
14.09. 16:15;5,9441
14.09. 16:30;5,8265
14.09. 16:45;8,0142
14.09. 17:00;7,1988
14.09. 17:15;3,13
14.09. 17:30;1,6931
14.09. 17:45;0,73369
14.09. 18:00;0,20519
14.09. 18:15;0
14.09. 18:30;0
14.09. 18:45;0
14.09. 19:00;0
14.09. 19:15;0
14.09. 19:30;0
14.09. 19:45;0
14.09. 20:00;0
14.09. 20:15;0
14.09. 20:30;0
14.09. 20:45;0
14.09. 21:00;0
14.09. 21:15;0
14.09. 21:30;0
14.09. 21:45;0
14.09. 22:00;0
14.09. 22:15;0
14.09. 22:30;0
14.09. 22:45;0
14.09. 23:00;0
14.09. 23:15;0
14.09. 23:30;0
14.09. 23:45;0
15.09. 00:00;0
15.09. 00:15;0
15.09. 00:30;0
15.09. 00:45;0
15.09. 01:00;0
15.09. 01:15;0
15.09. 01:30;0
15.09. 01:45;0
15.09. 02:00;0
15.09. 02:15;0
15.09. 02:30;0
15.09. 02:45;0
15.09. 03:00;0
15.09. 03:15;0
15.09. 03:30;0
15.09. 03:45;0
15.09. 04:00;0
15.09. 04:15;0
15.09. 04:30;0
15.09. 04:45;0
15.09. 05:00;0
15.09. 05:15;0
15.09. 05:30;0
15.09. 05:45;0
15.09. 06:00;0,50683
15.09. 06:15;0,29771
15.09. 06:30;0,34344
15.09. 06:45;0,55579
15.09. 07:00;1,0197
15.09. 07:15;3,4266
15.09. 07:30;8,3746
15.09. 07:45;10,605
15.09. 08:00;15,819
15.09. 08:15;16,171
15.09. 08:30;11,066
15.09. 08:45;11,492
15.09. 09:00;9,0332
15.09. 09:15;13,825
15.09. 09:30;37,822
15.09. 09:45;50,854
15.09. 10:00;47,456
15.09. 10:15;52,44
15.09. 10:30;27,174
15.09. 10:45;29,276
15.09. 11:00;26,285
15.09. 11:15;45,701
15.09. 11:30;62,303
15.09. 11:45;50,017
15.09. 12:00;45,08
15.09. 12:15;51,635
15.09. 12:30;47,182
15.09. 12:45;38,806
15.09. 13:00;34,256
15.09. 13:15;57,005
15.09. 13:30;55,116
15.09. 13:45;53,097
15.09. 14:00;35,256
15.09. 14:15;61,25
15.09. 14:30;47,661
15.09. 14:45;24,664
15.09. 15:00;22,407
15.09. 15:15;36,991
15.09. 15:30;31,333
15.09. 15:45;28,501
15.09. 16:00;21,122
15.09. 16:15;25,621
15.09. 16:30;19,811
15.09. 16:45;17,376
15.09. 17:00;8,8417
15.09. 17:15;8,7781
15.09. 17:30;7,5699
15.09. 17:45;2,0631
15.09. 18:00;0,4501
15.09. 18:15;0,0029
15.09. 18:30;0
15.09. 18:45;0
15.09. 19:00;0
15.09. 19:15;0
15.09. 19:30;0
15.09. 19:45;0
15.09. 20:00;0
15.09. 20:15;0
15.09. 20:30;0
15.09. 20:45;0
15.09. 21:00;0
15.09. 21:15;0
15.09. 21:30;0
15.09. 21:45;0
15.09. 22:00;0
15.09. 22:15;0
15.09. 22:30;0
15.09. 22:45;0
15.09. 23:00;0
15.09. 23:15;0
15.09. 23:30;0
15.09. 23:45;0
16.09. 00:00;0
16.09. 00:15;0
16.09. 00:30;0
16.09. 00:45;0
16.09. 01:00;0
16.09. 01:15;0
16.09. 01:30;0
16.09. 01:45;0
16.09. 02:00;0
16.09. 02:15;0
16.09. 02:30;0
16.09. 02:45;0
16.09. 03:00;0
16.09. 03:15;0
16.09. 03:30;0
16.09. 03:45;0
16.09. 04:00;0
16.09. 04:15;0
16.09. 04:30;0
16.09. 04:45;0
16.09. 05:00;0
16.09. 05:15;0
16.09. 05:30;0
16.09. 05:45;0
16.09. 06:00;0,70952
16.09. 06:15;0,82692
16.09. 06:30;1,2675
16.09. 06:45;0,71401
16.09. 07:00;1,58
16.09. 07:15;2,1109
16.09. 07:30;4,8051
16.09. 07:45;9,662
16.09. 08:00;19,537
16.09. 08:15;30,557
16.09. 08:30;17,395
16.09. 08:45;13,309
16.09. 09:00;13,529
16.09. 09:15;14,871
16.09. 09:30;14,328
16.09. 09:45;20,497
16.09. 10:00;7,4873
16.09. 10:15;5,1226
16.09. 10:30;4,6318
16.09. 10:45;4,6154
16.09. 11:00;3,6339
16.09. 11:15;7,403
16.09. 11:30;7,3042
16.09. 11:45;6,373
16.09. 12:00;6,3359
16.09. 12:15;4,0534
16.09. 12:30;4,1084
16.09. 12:45;7,8536
16.09. 13:00;10,755
16.09. 13:15;11,254
16.09. 13:30;10,559
16.09. 13:45;10,499
16.09. 14:00;6,8872
16.09. 14:15;7,6394
16.09. 14:30;10,907
16.09. 14:45;38,721
16.09. 15:00;23,102
16.09. 15:15;15,603
16.09. 15:30;9,6917
16.09. 15:45;6,0039
16.09. 16:00;4,2659
16.09. 16:15;11,787
16.09. 16:30;18,12
16.09. 16:45;13,897
16.09. 17:00;8,3067
16.09. 17:15;7,5275
16.09. 17:30;2,747
16.09. 17:45;1,9671
16.09. 18:00;0,29368
16.09. 18:15;0
16.09. 18:30;0
16.09. 18:45;0
16.09. 19:00;0
16.09. 19:15;0
16.09. 19:30;0
16.09. 19:45;0
16.09. 20:00;0
16.09. 20:15;0
16.09. 20:30;0
16.09. 20:45;0
16.09. 21:00;0
16.09. 21:15;0
16.09. 21:30;0
16.09. 21:45;0
16.09. 22:00;0
16.09. 22:15;0
16.09. 22:30;0
16.09. 22:45;0
16.09. 23:00;0
16.09. 23:15;0
16.09. 23:30;0
16.09. 23:45;0
17.09. 00:00;0
17.09. 00:15;0
17.09. 00:30;0
17.09. 00:45;0
17.09. 01:00;0
17.09. 01:15;0
17.09. 01:30;0
17.09. 01:45;0
17.09. 02:00;0
17.09. 02:15;0
17.09. 02:30;0
17.09. 02:45;0
17.09. 03:00;0
17.09. 03:15;0
17.09. 03:30;0
17.09. 03:45;0
17.09. 04:00;0
17.09. 04:15;0
17.09. 04:30;0
17.09. 04:45;0
17.09. 05:00;0
17.09. 05:15;0
17.09. 05:30;0
17.09. 05:45;0
17.09. 06:00;2,8862
17.09. 06:15;6,173
17.09. 06:30;4,7492
17.09. 06:45;7,839
17.09. 07:00;14,436
17.09. 07:15;7,7098
17.09. 07:30;6,8133
17.09. 07:45;7,3953
17.09. 08:00;8,8728
17.09. 08:15;8,5731
17.09. 08:30;9,1816
17.09. 08:45;11,062
17.09. 09:00;10,506
17.09. 09:15;8,9472
17.09. 09:30;9,8438
17.09. 09:45;11,529
17.09. 10:00;13,664
17.09. 10:15;13,763
17.09. 10:30;9,7214
17.09. 10:45;17,717
17.09. 11:00;21,492
17.09. 11:15;17,849
17.09. 11:30;12,005
17.09. 11:45;6,111
17.09. 12:00;9,5945
17.09. 12:15;12,843
17.09. 12:30;14,951
17.09. 12:45;13,355
17.09. 13:00;12,167
17.09. 13:15;10,666
17.09. 13:30;9,6507
17.09. 13:45;9,0791
17.09. 14:00;8,4242
17.09. 14:15;6,3873
17.09. 14:30;2,6494
17.09. 14:45;1,2081
17.09. 15:00;1,7462
17.09. 15:15;2,7787
17.09. 15:30;3,5924
17.09. 15:45;8,1494
17.09. 16:00;2,4408
17.09. 16:15;2,0891
17.09. 16:30;1,3218
17.09. 16:45;0,64773
17.09. 17:00;0,58688
17.09. 17:15;0,95008
17.09. 17:30;0,30966
17.09. 17:45;0,21099
17.09. 18:00;0
17.09. 18:15;0
17.09. 18:30;0
17.09. 18:45;0
17.09. 19:00;0
17.09. 19:15;0
17.09. 19:30;0
17.09. 19:45;0
17.09. 20:00;0
17.09. 20:15;0
17.09. 20:30;0
17.09. 20:45;0
17.09. 21:00;0
17.09. 21:15;0
17.09. 21:30;0
17.09. 21:45;0
17.09. 22:00;0
17.09. 22:15;0
17.09. 22:30;0
17.09. 22:45;0
17.09. 23:00;0
17.09. 23:15;0
17.09. 23:30;0
17.09. 23:45;0
18.09. 00:00;0
18.09. 00:15;0
18.09. 00:30;0
18.09. 00:45;0
18.09. 01:00;0
18.09. 01:15;0
18.09. 01:30;0
18.09. 01:45;0
18.09. 02:00;0
18.09. 02:15;0
18.09. 02:30;0
18.09. 02:45;0
18.09. 03:00;0
18.09. 03:15;0
18.09. 03:30;0
18.09. 03:45;0
18.09. 04:00;0
18.09. 04:15;0
18.09. 04:30;0
18.09. 04:45;0
18.09. 05:00;0
18.09. 05:15;0
18.09. 05:30;0
18.09. 05:45;0
18.09. 06:00;0,89361
18.09. 06:15;3,8284
18.09. 06:30;6,9681
18.09. 06:45;11,792
18.09. 07:00;14,524
18.09. 07:15;15,277
18.09. 07:30;23,41
18.09. 07:45;26,292
18.09. 08:00;28,874
18.09. 08:15;31,728
18.09. 08:30;34,771
18.09. 08:45;37,665
18.09. 09:00;40,772
18.09. 09:15;44,52
18.09. 09:30;46,925
18.09. 09:45;48,852
18.09. 10:00;51,143
18.09. 10:15;53,247
18.09. 10:30;54,793
18.09. 10:45;55,724
18.09. 11:00;56,547
18.09. 11:15;57,463
18.09. 11:30;57,742
18.09. 11:45;57,991
18.09. 12:00;57,928
18.09. 12:15;57,582
18.09. 12:30;57,067
18.09. 12:45;56,309
18.09. 13:00;55,29
18.09. 13:15;53,971
18.09. 13:30;52,472
18.09. 13:45;50,751
18.09. 14:00;49,183
18.09. 14:15;46,806
18.09. 14:30;43,08
18.09. 14:45;40,735
18.09. 15:00;38,199
18.09. 15:15;35,345
18.09. 15:30;32,317
18.09. 15:45;29,153
18.09. 16:00;24,309
18.09. 16:15;21,057
18.09. 16:30;17,895
18.09. 16:45;14,662
18.09. 17:00;12,46
18.09. 17:15;8,5026
18.09. 17:30;1,6556
18.09. 17:45;0,6388
18.09. 18:00;0,30856
18.09. 18:15;0
18.09. 18:30;0
18.09. 18:45;0
18.09. 19:00;0
18.09. 19:15;0
18.09. 19:30;0
18.09. 19:45;0
18.09. 20:00;0
18.09. 20:15;0
18.09. 20:30;0
18.09. 20:45;0
18.09. 21:00;0
18.09. 21:15;0
18.09. 21:30;0
18.09. 21:45;0
18.09. 22:00;0
18.09. 22:15;0
18.09. 22:30;0
18.09. 22:45;0
18.09. 23:00;0
18.09. 23:15;0
18.09. 23:30;0
18.09. 23:45;0
19.09. 00:00;0
19.09. 00:15;0
19.09. 00:30;0
19.09. 00:45;0
19.09. 01:00;0
19.09. 01:15;0
19.09. 01:30;0
19.09. 01:45;0
19.09. 02:00;0
19.09. 02:15;0
19.09. 02:30;0
19.09. 02:45;0
19.09. 03:00;0
19.09. 03:15;0
19.09. 03:30;0
19.09. 03:45;0
19.09. 04:00;0
19.09. 04:15;0
19.09. 04:30;0
19.09. 04:45;0
19.09. 05:00;0
19.09. 05:15;0
19.09. 05:30;0
19.09. 05:45;0
19.09. 06:00;0,94389
19.09. 06:15;3,5322
19.09. 06:30;10,827
19.09. 06:45;8,3515
19.09. 07:00;10,234
19.09. 07:15;17,196
19.09. 07:30;21,552
19.09. 07:45;32,22
19.09. 08:00;36,059
19.09. 08:15;35,296
19.09. 08:30;31,919
19.09. 08:45;33,358
19.09. 09:00;23,532
19.09. 09:15;32,318
19.09. 09:30;51,801
19.09. 09:45;32,753
19.09. 10:00;21,462
19.09. 10:15;22,649
19.09. 10:30;28,034
19.09. 10:45;29,476
19.09. 11:00;27,97
19.09. 11:15;18,656
19.09. 11:30;14,166
19.09. 11:45;12,014
19.09. 12:00;10,637
19.09. 12:15;15,71
19.09. 12:30;17,251
19.09. 12:45;15,869
19.09. 13:00;19,252
19.09. 13:15;11,729
19.09. 13:30;9,6988
19.09. 13:45;10,69
19.09. 14:00;12,067
19.09. 14:15;14,602
19.09. 14:30;14,786
19.09. 14:45;11,562
19.09. 15:00;9,9808
19.09. 15:15;8,9187
19.09. 15:30;7,4849
19.09. 15:45;6,9688
19.09. 16:00;5,243
19.09. 16:15;5,943
19.09. 16:30;7,0246
19.09. 16:45;4,7416
19.09. 17:00;2,6388
19.09. 17:15;1,411
19.09. 17:30;1,5609
19.09. 17:45;0,63569
19.09. 18:00;0
19.09. 18:15;0
19.09. 18:30;0
19.09. 18:45;0
19.09. 19:00;0
19.09. 19:15;0
19.09. 19:30;0
19.09. 19:45;0
19.09. 20:00;0
19.09. 20:15;0
19.09. 20:30;0
19.09. 20:45;0
19.09. 21:00;0
19.09. 21:15;0
19.09. 21:30;0
19.09. 21:45;0
19.09. 22:00;0
19.09. 22:15;0
19.09. 22:30;0
19.09. 22:45;0
19.09. 23:00;0
19.09. 23:15;0
19.09. 23:30;0
19.09. 23:45;0
20.09. 00:00;0
20.09. 00:15;0
20.09. 00:30;0
20.09. 00:45;0
20.09. 01:00;0
20.09. 01:15;0
20.09. 01:30;0
20.09. 01:45;0
20.09. 02:00;0
20.09. 02:15;0
20.09. 02:30;0
20.09. 02:45;0
20.09. 03:00;0
20.09. 03:15;0
20.09. 03:30;0
20.09. 03:45;0
20.09. 04:00;0
20.09. 04:15;0
20.09. 04:30;0
20.09. 04:45;0
20.09. 05:00;0
20.09. 05:15;0
20.09. 05:30;0
20.09. 05:45;0
20.09. 06:00;2,1831
20.09. 06:15;6,1381
20.09. 06:30;6,276
20.09. 06:45;5,0392
20.09. 07:00;8,3217
20.09. 07:15;11,654
20.09. 07:30;18,762
20.09. 07:45;21,477
20.09. 08:00;16,401
20.09. 08:15;13,934
20.09. 08:30;16,859
20.09. 08:45;22,817
20.09. 09:00;18,402
20.09. 09:15;18,472
20.09. 09:30;16,168
20.09. 09:45;17,015
20.09. 10:00;17,56
20.09. 10:15;10,346
20.09. 10:30;12,004
20.09. 10:45;7,0931
20.09. 11:00;6,8431
20.09. 11:15;9,9593
20.09. 11:30;11,916
20.09. 11:45;17,131
20.09. 12:00;14,311
20.09. 12:15;9,6548
20.09. 12:30;9,4501
20.09. 12:45;11,964
20.09. 13:00;13,688
20.09. 13:15;12,811
20.09. 13:30;14,192
20.09. 13:45;15,108
20.09. 14:00;17,883
20.09. 14:15;20,429
20.09. 14:30;16,433
20.09. 14:45;15,796
20.09. 15:00;13,96
20.09. 15:15;14,089
20.09. 15:30;15,971
20.09. 15:45;20,422
20.09. 16:00;11,213
20.09. 16:15;7,5779
20.09. 16:30;10,797
20.09. 16:45;11,181
20.09. 17:00;4,1444
20.09. 17:15;2,158
20.09. 17:30;0,96697
20.09. 17:45;0,13418
20.09. 18:00;0
20.09. 18:15;0
20.09. 18:30;0
20.09. 18:45;0
20.09. 19:00;0
20.09. 19:15;0
20.09. 19:30;0
20.09. 19:45;0
20.09. 20:00;0
20.09. 20:15;0
20.09. 20:30;0
20.09. 20:45;0
20.09. 21:00;0
20.09. 21:15;0
20.09. 21:30;0
20.09. 21:45;0
20.09. 22:00;0
20.09. 22:15;0
20.09. 22:30;0
20.09. 22:45;0
20.09. 23:00;0
20.09. 23:15;0
20.09. 23:30;0
20.09. 23:45;0
21.09. 00:00;0
21.09. 00:15;0
21.09. 00:30;0
21.09. 00:45;0
21.09. 01:00;0
21.09. 01:15;0
21.09. 01:30;0
21.09. 01:45;0
21.09. 02:00;0
21.09. 02:15;0
21.09. 02:30;0
21.09. 02:45;0
21.09. 03:00;0
21.09. 03:15;0
21.09. 03:30;0
21.09. 03:45;0
21.09. 04:00;0
21.09. 04:15;0
21.09. 04:30;0
21.09. 04:45;0
21.09. 05:00;0
21.09. 05:15;0
21.09. 05:30;0
21.09. 05:45;0
21.09. 06:00;1,2683
21.09. 06:15;3,9478
21.09. 06:30;8,6579
21.09. 06:45;6,2902
21.09. 07:00;11,306
21.09. 07:15;21,199
21.09. 07:30;17,249
21.09. 07:45;23,219
21.09. 08:00;27,122
21.09. 08:15;30,985
21.09. 08:30;34,027
21.09. 08:45;36,982
21.09. 09:00;39,599
21.09. 09:15;42,068
21.09. 09:30;44,428
21.09. 09:45;46,536
21.09. 10:00;47,661
21.09. 10:15;49,058
21.09. 10:30;50,587
21.09. 10:45;51,797
21.09. 11:00;53,276
21.09. 11:15;54,07
21.09. 11:30;54,572
21.09. 11:45;54,815
21.09. 12:00;55,857
21.09. 12:15;55,741
21.09. 12:30;55,194
21.09. 12:45;54,423
21.09. 13:00;52,948
21.09. 13:15;51,517
21.09. 13:30;50,036
21.09. 13:45;48,316
21.09. 14:00;46,256
21.09. 14:15;43,581
21.09. 14:30;40,876
21.09. 14:45;38,129
21.09. 15:00;35,147
21.09. 15:15;32,214
21.09. 15:30;29,301
21.09. 15:45;26,27
21.09. 16:00;25,005
21.09. 16:15;21,252
21.09. 16:30;8,1656
21.09. 16:45;8,9012
21.09. 17:00;6,3751
21.09. 17:15;3,6632
21.09. 17:30;2,228
21.09. 17:45;1,1089
21.09. 18:00;0
21.09. 18:15;0
21.09. 18:30;0
21.09. 18:45;0
21.09. 19:00;0
21.09. 19:15;0
21.09. 19:30;0
21.09. 19:45;0
21.09. 20:00;0
21.09. 20:15;0
21.09. 20:30;0
21.09. 20:45;0
21.09. 21:00;0
21.09. 21:15;0
21.09. 21:30;0
21.09. 21:45;0
21.09. 22:00;0
21.09. 22:15;0
21.09. 22:30;0
21.09. 22:45;0
21.09. 23:00;0
21.09. 23:15;0
21.09. 23:30;0
21.09. 23:45;0
22.09. 00:00;0
22.09. 00:15;0
22.09. 00:30;0
22.09. 00:45;0
22.09. 01:00;0
22.09. 01:15;0
22.09. 01:30;0
22.09. 01:45;0
22.09. 02:00;0
22.09. 02:15;0
22.09. 02:30;0
22.09. 02:45;0
22.09. 03:00;0
22.09. 03:15;0
22.09. 03:30;0
22.09. 03:45;0
22.09. 04:00;0
22.09. 04:15;0
22.09. 04:30;0
22.09. 04:45;0
22.09. 05:00;0
22.09. 05:15;0
22.09. 05:30;0
22.09. 05:45;0
22.09. 06:00;0,83547
22.09. 06:15;4,9951
22.09. 06:30;6,8418
22.09. 06:45;6,2031
22.09. 07:00;9,8703
22.09. 07:15;18,263
22.09. 07:30;25,773
22.09. 07:45;14,18
22.09. 08:00;13,457
22.09. 08:15;20,843
22.09. 08:30;36,332
22.09. 08:45;40,305
22.09. 09:00;41,726
22.09. 09:15;39,551
22.09. 09:30;28,48
22.09. 09:45;44,504
22.09. 10:00;48,863
22.09. 10:15;51,15
22.09. 10:30;45,918
22.09. 10:45;47,877
22.09. 11:00;41,258
22.09. 11:15;59,53
22.09. 11:30;56,858
22.09. 11:45;58,044
22.09. 12:00;53,697
22.09. 12:15;41,019
22.09. 12:30;47,574
22.09. 12:45;47,252
22.09. 13:00;50,64
22.09. 13:15;27,709
22.09. 13:30;22,628
22.09. 13:45;19,935
22.09. 14:00;27,139
22.09. 14:15;28,971
22.09. 14:30;26,637
22.09. 14:45;16,151
22.09. 15:00;17,493
22.09. 15:15;16,032
22.09. 15:30;21,177
22.09. 15:45;15,205
22.09. 16:00;9,8211
22.09. 16:15;7,9821
22.09. 16:30;5,8946
22.09. 16:45;8,4825
22.09. 17:00;4,9635
22.09. 17:15;1,4523
22.09. 17:30;0,43818
22.09. 17:45;0,03072
22.09. 18:00;0
22.09. 18:15;0
22.09. 18:30;0
22.09. 18:45;0
22.09. 19:00;0
22.09. 19:15;0
22.09. 19:30;0
22.09. 19:45;0
22.09. 20:00;0
22.09. 20:15;0
22.09. 20:30;0
22.09. 20:45;0
22.09. 21:00;0
22.09. 21:15;0
22.09. 21:30;0
22.09. 21:45;0
22.09. 22:00;0
22.09. 22:15;0
22.09. 22:30;0
22.09. 22:45;0
22.09. 23:00;0
22.09. 23:15;0
22.09. 23:30;0
22.09. 23:45;0
23.09. 00:00;0
23.09. 00:15;0
23.09. 00:30;0
23.09. 00:45;0
23.09. 01:00;0
23.09. 01:15;0
23.09. 01:30;0
23.09. 01:45;0
23.09. 02:00;0
23.09. 02:15;0
23.09. 02:30;0
23.09. 02:45;0
23.09. 03:00;0
23.09. 03:15;0
23.09. 03:30;0
23.09. 03:45;0
23.09. 04:00;0
23.09. 04:15;0
23.09. 04:30;0
23.09. 04:45;0
23.09. 05:00;0
23.09. 05:15;0
23.09. 05:30;0
23.09. 05:45;0
23.09. 06:00;0,73381
23.09. 06:15;3,996
23.09. 06:30;4,529
23.09. 06:45;7,0351
23.09. 07:00;13,795
23.09. 07:15;17,604
23.09. 07:30;21,352
23.09. 07:45;14,846
23.09. 08:00;25,604
23.09. 08:15;29,883
23.09. 08:30;32,865
23.09. 08:45;35,751
23.09. 09:00;38,665
23.09. 09:15;41,192
23.09. 09:30;43,542
23.09. 09:45;45,705
23.09. 10:00;47,386
23.09. 10:15;49,444
23.09. 10:30;51,119
23.09. 10:45;52,362
23.09. 11:00;53,004
23.09. 11:15;53,374
23.09. 11:30;53,053
23.09. 11:45;53,239
23.09. 12:00;53,394
23.09. 12:15;53,125
23.09. 12:30;52,595
23.09. 12:45;51,836
23.09. 13:00;50,739
23.09. 13:15;49,427
23.09. 13:30;47,958
23.09. 13:45;46,261
23.09. 14:00;44,655
23.09. 14:15;42,603
23.09. 14:30;40,263
23.09. 14:45;37,71
23.09. 15:00;34,089
23.09. 15:15;31,06
23.09. 15:30;28,162
23.09. 15:45;25,136
23.09. 16:00;19,977
23.09. 16:15;16,901
23.09. 16:30;14,037
23.09. 16:45;11,172
23.09. 17:00;4,8608
23.09. 17:15;7,521
23.09. 17:30;1,355
23.09. 17:45;0,12948
23.09. 18:00;0
23.09. 18:15;0
23.09. 18:30;0
23.09. 18:45;0
23.09. 19:00;0
23.09. 19:15;0
23.09. 19:30;0
23.09. 19:45;0
23.09. 20:00;0
23.09. 20:15;0
23.09. 20:30;0
23.09. 20:45;0
23.09. 21:00;0
23.09. 21:15;0
23.09. 21:30;0
23.09. 21:45;0
23.09. 22:00;0
23.09. 22:15;0
23.09. 22:30;0
23.09. 22:45;0
23.09. 23:00;0
23.09. 23:15;0
23.09. 23:30;0
23.09. 23:45;0
24.09. 00:00;0
24.09. 00:15;0
24.09. 00:30;0
24.09. 00:45;0
24.09. 01:00;0
24.09. 01:15;0
24.09. 01:30;0
24.09. 01:45;0
24.09. 02:00;0
24.09. 02:15;0
24.09. 02:30;0
24.09. 02:45;0
24.09. 03:00;0
24.09. 03:15;0
24.09. 03:30;0
24.09. 03:45;0
24.09. 04:00;0
24.09. 04:15;0
24.09. 04:30;0
24.09. 04:45;0
24.09. 05:00;0
24.09. 05:15;0
24.09. 05:30;0
24.09. 05:45;0
24.09. 06:00;0,72091
24.09. 06:15;2,9595
24.09. 06:30;8,4526
24.09. 06:45;4,2266
24.09. 07:00;5,5294
24.09. 07:15;14,582
24.09. 07:30;22,281
24.09. 07:45;24,711
24.09. 08:00;26,165
24.09. 08:15;29,726
24.09. 08:30;32,786
24.09. 08:45;35,689
24.09. 09:00;38,957
24.09. 09:15;41,606
24.09. 09:30;43,998
24.09. 09:45;46,209
24.09. 10:00;48,326
24.09. 10:15;49,98
24.09. 10:30;51,471
24.09. 10:45;52,73
24.09. 11:00;53,424
24.09. 11:15;53,954
24.09. 11:30;54,443
24.09. 11:45;54,67
24.09. 12:00;54,175
24.09. 12:15;53,681
24.09. 12:30;53,153
24.09. 12:45;52,369
24.09. 13:00;51,198
24.09. 13:15;49,83
24.09. 13:30;48,331
24.09. 13:45;46,578
24.09. 14:00;44,65
24.09. 14:15;42,505
24.09. 14:30;40,119
24.09. 14:45;37,546
24.09. 15:00;34,315
24.09. 15:15;31,327
24.09. 15:30;28,347
24.09. 15:45;25,256
24.09. 16:00;20,405
24.09. 16:15;17,156
24.09. 16:30;14,25
24.09. 16:45;11,249
24.09. 17:00;8,0817
24.09. 17:15;2,4896
24.09. 17:30;1,6158
24.09. 17:45;0,24641
24.09. 18:00;0
24.09. 18:15;0
24.09. 18:30;0
24.09. 18:45;0
24.09. 19:00;0
24.09. 19:15;0
24.09. 19:30;0
24.09. 19:45;0
24.09. 20:00;0
24.09. 20:15;0
24.09. 20:30;0
24.09. 20:45;0
24.09. 21:00;0
24.09. 21:15;0
24.09. 21:30;0
24.09. 21:45;0
24.09. 22:00;0
24.09. 22:15;0
24.09. 22:30;0
24.09. 22:45;0
24.09. 23:00;0
24.09. 23:15;0
24.09. 23:30;0
24.09. 23:45;0
25.09. 00:00;0
25.09. 00:15;0
25.09. 00:30;0
25.09. 00:45;0
25.09. 01:00;0
25.09. 01:15;0
25.09. 01:30;0
25.09. 01:45;0
25.09. 02:00;0
25.09. 02:15;0
25.09. 02:30;0
25.09. 02:45;0
25.09. 03:00;0
25.09. 03:15;0
25.09. 03:30;0
25.09. 03:45;0
25.09. 04:00;0
25.09. 04:15;0
25.09. 04:30;0
25.09. 04:45;0
25.09. 05:00;0
25.09. 05:15;0
25.09. 05:30;0
25.09. 05:45;0
25.09. 06:00;0,3021
25.09. 06:15;2,2629
25.09. 06:30;6,3466
25.09. 06:45;5,0494
25.09. 07:00;10,196
25.09. 07:15;17,32
25.09. 07:30;16,509
25.09. 07:45;21,334
25.09. 08:00;26,541
25.09. 08:15;28,816
25.09. 08:30;31,812
25.09. 08:45;34,69
25.09. 09:00;38,28
25.09. 09:15;41,024
25.09. 09:30;43,394
25.09. 09:45;45,603
25.09. 10:00;47,461
25.09. 10:15;49,007
25.09. 10:30;50,494
25.09. 10:45;51,727
25.09. 11:00;52,581
25.09. 11:15;53,162
25.09. 11:30;53,633
25.09. 11:45;53,843
25.09. 12:00;53,413
25.09. 12:15;52,916
25.09. 12:30;52,374
25.09. 12:45;51,577
25.09. 13:00;50,302
25.09. 13:15;48,898
25.09. 13:30;47,396
25.09. 13:45;45,659
25.09. 14:00;39,701
25.09. 14:15;39,156
25.09. 14:30;30,064
25.09. 14:45;32,61
25.09. 15:00;27,002
25.09. 15:15;24,788
25.09. 15:30;23,026
25.09. 15:45;13,663
25.09. 16:00;11,072
25.09. 16:15;6,5548
25.09. 16:30;4,5749
25.09. 16:45;4,4765
25.09. 17:00;2,4424
25.09. 17:15;1,2792
25.09. 17:30;0,63968
25.09. 17:45;0,03912
25.09. 18:00;0
25.09. 18:15;0
25.09. 18:30;0
25.09. 18:45;0
25.09. 19:00;0
25.09. 19:15;0
25.09. 19:30;0
25.09. 19:45;0
25.09. 20:00;0
25.09. 20:15;0
25.09. 20:30;0
25.09. 20:45;0
25.09. 21:00;0
25.09. 21:15;0
25.09. 21:30;0
25.09. 21:45;0
25.09. 22:00;0
25.09. 22:15;0
25.09. 22:30;0
25.09. 22:45;0
25.09. 23:00;0
25.09. 23:15;0
25.09. 23:30;0
25.09. 23:45;0
26.09. 00:00;0
26.09. 00:15;0
26.09. 00:30;0
26.09. 00:45;0
26.09. 01:00;0
26.09. 01:15;0
26.09. 01:30;0
26.09. 01:45;0
26.09. 02:00;0
26.09. 02:15;0
26.09. 02:30;0
26.09. 02:45;0
26.09. 03:00;0
26.09. 03:15;0
26.09. 03:30;0
26.09. 03:45;0
26.09. 04:00;0
26.09. 04:15;0
26.09. 04:30;0
26.09. 04:45;0
26.09. 05:00;0
26.09. 05:15;0
26.09. 05:30;0
26.09. 05:45;0
26.09. 06:00;0,00913
26.09. 06:15;0,25103
26.09. 06:30;0,54483
26.09. 06:45;0,27253
26.09. 07:00;1,8011
26.09. 07:15;4,4619
26.09. 07:30;5,7371
26.09. 07:45;8,6851
26.09. 08:00;13,894
26.09. 08:15;9,1056
26.09. 08:30;7,6119
26.09. 08:45;10,08
26.09. 09:00;10,328
26.09. 09:15;13,804
26.09. 09:30;14,865
26.09. 09:45;17,529
26.09. 10:00;21,237
26.09. 10:15;18,826
26.09. 10:30;22,165
26.09. 10:45;18,326
26.09. 11:00;25,142
26.09. 11:15;30,862
26.09. 11:30;27,28
26.09. 11:45;24,672
26.09. 12:00;16,822
26.09. 12:15;35,996
26.09. 12:30;42,406
26.09. 12:45;28,409
26.09. 13:00;16,651
26.09. 13:15;23,674
26.09. 13:30;20,288
26.09. 13:45;28,867
26.09. 14:00;29,199
26.09. 14:15;15,28
26.09. 14:30;15,285
26.09. 14:45;16,129
26.09. 15:00;17,859
26.09. 15:15;16,05
26.09. 15:30;12,42
26.09. 15:45;29,346
26.09. 16:00;24,281
26.09. 16:15;12,639
26.09. 16:30;4,9041
26.09. 16:45;2,0836
26.09. 17:00;1,7135
26.09. 17:15;3,7809
26.09. 17:30;1,5978
26.09. 17:45;0,08382
26.09. 18:00;0
26.09. 18:15;0
26.09. 18:30;0
26.09. 18:45;0
26.09. 19:00;0
26.09. 19:15;0
26.09. 19:30;0
26.09. 19:45;0
26.09. 20:00;0
26.09. 20:15;0
26.09. 20:30;0
26.09. 20:45;0
26.09. 21:00;0
26.09. 21:15;0
26.09. 21:30;0
26.09. 21:45;0
26.09. 22:00;0
26.09. 22:15;0
26.09. 22:30;0
26.09. 22:45;0
26.09. 23:00;0
26.09. 23:15;0
26.09. 23:30;0
26.09. 23:45;0
27.09. 00:00;0
27.09. 00:15;0
27.09. 00:30;0
27.09. 00:45;0
27.09. 01:00;0
27.09. 01:15;0
27.09. 01:30;0
27.09. 01:45;0
27.09. 02:00;0
27.09. 02:15;0
27.09. 02:30;0
27.09. 02:45;0
27.09. 03:00;0
27.09. 03:15;0
27.09. 03:30;0
27.09. 03:45;0
27.09. 04:00;0
27.09. 04:15;0
27.09. 04:30;0
27.09. 04:45;0
27.09. 05:00;0
27.09. 05:15;0
27.09. 05:30;0
27.09. 05:45;0
27.09. 06:00;0,01431
27.09. 06:15;0,82079
27.09. 06:30;2,5034
27.09. 06:45;6,9372
27.09. 07:00;13,37
27.09. 07:15;14,808
27.09. 07:30;16,198
27.09. 07:45;14,257
27.09. 08:00;23,134
27.09. 08:15;27,007
27.09. 08:30;29,878
27.09. 08:45;32,664
27.09. 09:00;36,025
27.09. 09:15;38,464
27.09. 09:30;40,751
27.09. 09:45;42,812
27.09. 10:00;45,052
27.09. 10:15;46,715
27.09. 10:30;48,126
27.09. 10:45;49,326
27.09. 11:00;50,495
27.09. 11:15;51,176
27.09. 11:30;51,638
27.09. 11:45;51,844
27.09. 12:00;52,076
27.09. 12:15;51,784
27.09. 12:30;51,207
27.09. 12:45;50,423
27.09. 13:00;49,088
27.09. 13:15;47,658
27.09. 13:30;46,151
27.09. 13:45;44,413
27.09. 14:00;41,496
27.09. 14:15;38,491
27.09. 14:30;35,483
27.09. 14:45;33,004
27.09. 15:00;29,934
27.09. 15:15;24,413
27.09. 15:30;22,299
27.09. 15:45;10,896
27.09. 16:00;8,0149
27.09. 16:15;10,017
27.09. 16:30;7,1469
27.09. 16:45;9,4919
27.09. 17:00;2,0319
27.09. 17:15;0,91728
27.09. 17:30;0,20166
27.09. 17:45;0
27.09. 18:00;0
27.09. 18:15;0
27.09. 18:30;0
27.09. 18:45;0
27.09. 19:00;0
27.09. 19:15;0
27.09. 19:30;0
27.09. 19:45;0
27.09. 20:00;0
27.09. 20:15;0
27.09. 20:30;0
27.09. 20:45;0
27.09. 21:00;0
27.09. 21:15;0
27.09. 21:30;0
27.09. 21:45;0
27.09. 22:00;0
27.09. 22:15;0
27.09. 22:30;0
27.09. 22:45;0
27.09. 23:00;0
27.09. 23:15;0
27.09. 23:30;0
27.09. 23:45;0
28.09. 00:00;0
28.09. 00:15;0
28.09. 00:30;0
28.09. 00:45;0
28.09. 01:00;0
28.09. 01:15;0
28.09. 01:30;0
28.09. 01:45;0
28.09. 02:00;0
28.09. 02:15;0
28.09. 02:30;0
28.09. 02:45;0
28.09. 03:00;0
28.09. 03:15;0
28.09. 03:30;0
28.09. 03:45;0
28.09. 04:00;0
28.09. 04:15;0
28.09. 04:30;0
28.09. 04:45;0
28.09. 05:00;0
28.09. 05:15;0
28.09. 05:30;0
28.09. 05:45;0
28.09. 06:00;0,08553
28.09. 06:15;0,26115
28.09. 06:30;0,92295
28.09. 06:45;1,7126
28.09. 07:00;3,9216
28.09. 07:15;11,15
28.09. 07:30;8,5354
28.09. 07:45;7,2067
28.09. 08:00;18,826
28.09. 08:15;13,109
28.09. 08:30;17,932
28.09. 08:45;28,802
28.09. 09:00;29,42
28.09. 09:15;29,649
28.09. 09:30;33,439
28.09. 09:45;37,878
28.09. 10:00;39,745
28.09. 10:15;24,477
28.09. 10:30;37,43
28.09. 10:45;38,661
28.09. 11:00;48,564
28.09. 11:15;50,539
28.09. 11:30;30,416
28.09. 11:45;21,69
28.09. 12:00;41,282
28.09. 12:15;54,273
28.09. 12:30;43,004
28.09. 12:45;34,266
28.09. 13:00;36,246
28.09. 13:15;43,244
28.09. 13:30;42,066
28.09. 13:45;39,974
28.09. 14:00;26,967
28.09. 14:15;28,561
28.09. 14:30;39,45
28.09. 14:45;35,27
28.09. 15:00;31,548
28.09. 15:15;28,188
28.09. 15:30;7,9196
28.09. 15:45;9,9781
28.09. 16:00;8,4504
28.09. 16:15;8,1743
28.09. 16:30;4,6376
28.09. 16:45;4,8373
28.09. 17:00;3,9497
28.09. 17:15;0,36505
28.09. 17:30;0,04208
28.09. 17:45;0
28.09. 18:00;0
28.09. 18:15;0
28.09. 18:30;0
28.09. 18:45;0
28.09. 19:00;0
28.09. 19:15;0
28.09. 19:30;0
28.09. 19:45;0
28.09. 20:00;0
28.09. 20:15;0
28.09. 20:30;0
28.09. 20:45;0
28.09. 21:00;0
28.09. 21:15;0
28.09. 21:30;0
28.09. 21:45;0
28.09. 22:00;0
28.09. 22:15;0
28.09. 22:30;0
28.09. 22:45;0
28.09. 23:00;0
28.09. 23:15;0
28.09. 23:30;0
28.09. 23:45;0
29.09. 00:00;0
29.09. 00:15;0
29.09. 00:30;0
29.09. 00:45;0
29.09. 01:00;0
29.09. 01:15;0
29.09. 01:30;0
29.09. 01:45;0
29.09. 02:00;0
29.09. 02:15;0
29.09. 02:30;0
29.09. 02:45;0
29.09. 03:00;0
29.09. 03:15;0
29.09. 03:30;0
29.09. 03:45;0
29.09. 04:00;0
29.09. 04:15;0
29.09. 04:30;0
29.09. 04:45;0
29.09. 05:00;0
29.09. 05:15;0
29.09. 05:30;0
29.09. 05:45;0
29.09. 06:00;0,00196
29.09. 06:15;0,18202
29.09. 06:30;1,5283
29.09. 06:45;5,989
29.09. 07:00;11,163
29.09. 07:15;14,44
29.09. 07:30;13,684
29.09. 07:45;16,864
29.09. 08:00;20,373
29.09. 08:15;29,893
29.09. 08:30;31,857
29.09. 08:45;27,976
29.09. 09:00;35,569
29.09. 09:15;37,422
29.09. 09:30;39,636
29.09. 09:45;41,736
29.09. 10:00;44,111
29.09. 10:15;45,818
29.09. 10:30;47,244
29.09. 10:45;48,427
29.09. 11:00;49,352
29.09. 11:15;49,924
29.09. 11:30;50,366
29.09. 11:45;50,564
29.09. 12:00;50,346
29.09. 12:15;50,013
29.09. 12:30;49,382
29.09. 12:45;48,069
29.09. 13:00;47,11
29.09. 13:15;45,952
29.09. 13:30;44,46
29.09. 13:45;42,725
29.09. 14:00;40,613
29.09. 14:15;38,391
29.09. 14:30;36,045
29.09. 14:45;33,548
29.09. 15:00;30,05
29.09. 15:15;27,093
29.09. 15:30;24,256
29.09. 15:45;21,297
29.09. 16:00;16,447
29.09. 16:15;13,45
29.09. 16:30;10,881
29.09. 16:45;8,632
29.09. 17:00;4,997
29.09. 17:15;2,0142
29.09. 17:30;0,36259
29.09. 17:45;0
29.09. 18:00;0
29.09. 18:15;0
29.09. 18:30;0
29.09. 18:45;0
29.09. 19:00;0
29.09. 19:15;0
29.09. 19:30;0
29.09. 19:45;0
29.09. 20:00;0
29.09. 20:15;0
29.09. 20:30;0
29.09. 20:45;0
29.09. 21:00;0
29.09. 21:15;0
29.09. 21:30;0
29.09. 21:45;0
29.09. 22:00;0
29.09. 22:15;0
29.09. 22:30;0
29.09. 22:45;0
29.09. 23:00;0
29.09. 23:15;0
29.09. 23:30;0
29.09. 23:45;0
30.09. 00:00;0
30.09. 00:15;0
30.09. 00:30;0
30.09. 00:45;0
30.09. 01:00;0
30.09. 01:15;0
30.09. 01:30;0
30.09. 01:45;0
30.09. 02:00;0
30.09. 02:15;0
30.09. 02:30;0
30.09. 02:45;0
30.09. 03:00;0
30.09. 03:15;0
30.09. 03:30;0
30.09. 03:45;0
30.09. 04:00;0
30.09. 04:15;0
30.09. 04:30;0
30.09. 04:45;0
30.09. 05:00;0
30.09. 05:15;0
30.09. 05:30;0
30.09. 05:45;0
30.09. 06:00;0,00523
30.09. 06:15;0,33112
30.09. 06:30;4,7652
30.09. 06:45;2,9466
30.09. 07:00;9,4398
30.09. 07:15;7,5061
30.09. 07:30;9,0583
30.09. 07:45;26,905
30.09. 08:00;28,169
30.09. 08:15;28,406
30.09. 08:30;24,604
30.09. 08:45;24,786
30.09. 09:00;31,093
30.09. 09:15;37,855
30.09. 09:30;40,185
30.09. 09:45;40,918
30.09. 10:00;43,009
30.09. 10:15;44,681
30.09. 10:30;46,108
30.09. 10:45;47,254
30.09. 11:00;47,852
30.09. 11:15;48,349
30.09. 11:30;48,772
30.09. 11:45;48,975
30.09. 12:00;48,38
30.09. 12:15;47,939
30.09. 12:30;47,366
30.09. 12:45;46,624
30.09. 13:00;45,597
30.09. 13:15;44,147
30.09. 13:30;42,747
30.09. 13:45;40,733
30.09. 14:00;39,077
30.09. 14:15;37,212
30.09. 14:30;34,958
30.09. 14:45;32,478
30.09. 15:00;29,832
30.09. 15:15;26,438
30.09. 15:30;23,507
30.09. 15:45;19,568
30.09. 16:00;15,851
30.09. 16:15;12,95
30.09. 16:30;10,25
30.09. 16:45;8,1975
30.09. 17:00;4,3826
30.09. 17:15;1,6267
30.09. 17:30;0,21325
30.09. 17:45;0
30.09. 18:00;0
30.09. 18:15;0
30.09. 18:30;0
30.09. 18:45;0
30.09. 19:00;0
30.09. 19:15;0
30.09. 19:30;0
30.09. 19:45;0
30.09. 20:00;0
30.09. 20:15;0
30.09. 20:30;0
30.09. 20:45;0
30.09. 21:00;0
30.09. 21:15;0
30.09. 21:30;0
30.09. 21:45;0
30.09. 22:00;0
30.09. 22:15;0
30.09. 22:30;0
30.09. 22:45;0
30.09. 23:00;0
30.09. 23:15;0
30.09. 23:30;0
30.09. 23:45;0
01.10. 00:00;0
01.10. 00:15;0
01.10. 00:30;0
01.10. 00:45;0
01.10. 01:00;0
01.10. 01:15;0
01.10. 01:30;0
01.10. 01:45;0
01.10. 02:00;0
01.10. 02:15;0
01.10. 02:30;0
01.10. 02:45;0
01.10. 03:00;0
01.10. 03:15;0
01.10. 03:30;0
01.10. 03:45;0
01.10. 04:00;0
01.10. 04:15;0
01.10. 04:30;0
01.10. 04:45;0
01.10. 05:00;0
01.10. 05:15;0
01.10. 05:30;0
01.10. 05:45;0
01.10. 06:00;0
01.10. 06:15;0,46044
01.10. 06:30;1,3826
01.10. 06:45;2,8862
01.10. 07:00;3,8767
01.10. 07:15;9,8329
01.10. 07:30;17,169
01.10. 07:45;20,219
01.10. 08:00;21,292
01.10. 08:15;23,847
01.10. 08:30;26,932
01.10. 08:45;29,374
01.10. 09:00;32,512
01.10. 09:15;34,881
01.10. 09:30;36,948
01.10. 09:45;39,042
01.10. 10:00;39,142
01.10. 10:15;40,835
01.10. 10:30;41,785
01.10. 10:45;42,653
01.10. 11:00;44,044
01.10. 11:15;44,59
01.10. 11:30;45,131
01.10. 11:45;45,532
01.10. 12:00;48,261
01.10. 12:15;50,048
01.10. 12:30;44,774
01.10. 12:45;39,603
01.10. 13:00;52,424
01.10. 13:15;27,073
01.10. 13:30;23,14
01.10. 13:45;36,493
01.10. 14:00;33,219
01.10. 14:15;36,8
01.10. 14:30;28,853
01.10. 14:45;27,727
01.10. 15:00;25,661
01.10. 15:15;23,262
01.10. 15:30;19,096
01.10. 15:45;10,867
01.10. 16:00;8,5424
01.10. 16:15;10,055
01.10. 16:30;8,1502
01.10. 16:45;9,2941
01.10. 17:00;4,431
01.10. 17:15;0,75867
01.10. 17:30;0,10624
01.10. 17:45;0
01.10. 18:00;0
01.10. 18:15;0
01.10. 18:30;0
01.10. 18:45;0
01.10. 19:00;0
01.10. 19:15;0
01.10. 19:30;0
01.10. 19:45;0
01.10. 20:00;0
01.10. 20:15;0
01.10. 20:30;0
01.10. 20:45;0
01.10. 21:00;0
01.10. 21:15;0
01.10. 21:30;0
01.10. 21:45;0
01.10. 22:00;0
01.10. 22:15;0
01.10. 22:30;0
01.10. 22:45;0
01.10. 23:00;0
01.10. 23:15;0
01.10. 23:30;0
01.10. 23:45;0
02.10. 00:00;0
02.10. 00:15;0
02.10. 00:30;0
02.10. 00:45;0
02.10. 01:00;0
02.10. 01:15;0
02.10. 01:30;0
02.10. 01:45;0
02.10. 02:00;0
02.10. 02:15;0
02.10. 02:30;0
02.10. 02:45;0
02.10. 03:00;0
02.10. 03:15;0
02.10. 03:30;0
02.10. 03:45;0
02.10. 04:00;0
02.10. 04:15;0
02.10. 04:30;0
02.10. 04:45;0
02.10. 05:00;0
02.10. 05:15;0
02.10. 05:30;0
02.10. 05:45;0
02.10. 06:00;0
02.10. 06:15;0,05312
02.10. 06:30;0,32316
02.10. 06:45;0,62221
02.10. 07:00;1,4015
02.10. 07:15;4,9814
02.10. 07:30;10,477
02.10. 07:45;21,684
02.10. 08:00;17,67
02.10. 08:15;11,245
02.10. 08:30;13,527
02.10. 08:45;8,8769
02.10. 09:00;8,6701
02.10. 09:15;7,9956
02.10. 09:30;6,2809
02.10. 09:45;5,1906
02.10. 10:00;3,4483
02.10. 10:15;4,169
02.10. 10:30;5,7
02.10. 10:45;6,8421
02.10. 11:00;6,2823
02.10. 11:15;6,5406
02.10. 11:30;32,709
02.10. 11:45;20,415
02.10. 12:00;19,57
02.10. 12:15;25,222
02.10. 12:30;22,397
02.10. 12:45;33,076
02.10. 13:00;36,68
02.10. 13:15;43,447
02.10. 13:30;24,961
02.10. 13:45;12,26
02.10. 14:00;22,043
02.10. 14:15;32,166
02.10. 14:30;35,245
02.10. 14:45;33,101
02.10. 15:00;25,892
02.10. 15:15;17,234
02.10. 15:30;23,612
02.10. 15:45;14,341
02.10. 16:00;14,453
02.10. 16:15;8,7644
02.10. 16:30;6,0333
02.10. 16:45;7,2689
02.10. 17:00;1,9792
02.10. 17:15;0,28585
02.10. 17:30;0,06928
02.10. 17:45;0
02.10. 18:00;0
02.10. 18:15;0
02.10. 18:30;0
02.10. 18:45;0
02.10. 19:00;0
02.10. 19:15;0
02.10. 19:30;0
02.10. 19:45;0
02.10. 20:00;0
02.10. 20:15;0
02.10. 20:30;0
02.10. 20:45;0
02.10. 21:00;0
02.10. 21:15;0
02.10. 21:30;0
02.10. 21:45;0
02.10. 22:00;0
02.10. 22:15;0
02.10. 22:30;0
02.10. 22:45;0
02.10. 23:00;0
02.10. 23:15;0
02.10. 23:30;0
02.10. 23:45;0
03.10. 00:00;0
03.10. 00:15;0
03.10. 00:30;0
03.10. 00:45;0
03.10. 01:00;0
03.10. 01:15;0
03.10. 01:30;0
03.10. 01:45;0
03.10. 02:00;0
03.10. 02:15;0
03.10. 02:30;0
03.10. 02:45;0
03.10. 03:00;0
03.10. 03:15;0
03.10. 03:30;0
03.10. 03:45;0
03.10. 04:00;0
03.10. 04:15;0
03.10. 04:30;0
03.10. 04:45;0
03.10. 05:00;0
03.10. 05:15;0
03.10. 05:30;0
03.10. 05:45;0
03.10. 06:00;0
03.10. 06:15;0,66174
03.10. 06:30;2,4748
03.10. 06:45;2,5252
03.10. 07:00;6,1528
03.10. 07:15;9,9904
03.10. 07:30;17,083
03.10. 07:45;20,306
03.10. 08:00;22,95
03.10. 08:15;25,545
03.10. 08:30;28,518
03.10. 08:45;31,363
03.10. 09:00;34,176
03.10. 09:15;37,861
03.10. 09:30;40,473
03.10. 09:45;42,488
03.10. 10:00;44,447
03.10. 10:15;45,971
03.10. 10:30;47,421
03.10. 10:45;48,642
03.10. 11:00;49,278
03.10. 11:15;49,868
03.10. 11:30;50,301
03.10. 11:45;50,361
03.10. 12:00;49,725
03.10. 12:15;49,359
03.10. 12:30;48,959
03.10. 12:45;48,439
03.10. 13:00;39,2
03.10. 13:15;26,805
03.10. 13:30;41,778
03.10. 13:45;41,134
03.10. 14:00;37,172
03.10. 14:15;40,141
03.10. 14:30;32,581
03.10. 14:45;33,535
03.10. 15:00;27,529
03.10. 15:15;24,392
03.10. 15:30;21,492
03.10. 15:45;18,831
03.10. 16:00;14,546
03.10. 16:15;5,9002
03.10. 16:30;3,8269
03.10. 16:45;6,4619
03.10. 17:00;3,2967
03.10. 17:15;0,0968
03.10. 17:30;0
03.10. 17:45;0
03.10. 18:00;0
03.10. 18:15;0
03.10. 18:30;0
03.10. 18:45;0
03.10. 19:00;0
03.10. 19:15;0
03.10. 19:30;0
03.10. 19:45;0
03.10. 20:00;0
03.10. 20:15;0
03.10. 20:30;0
03.10. 20:45;0
03.10. 21:00;0
03.10. 21:15;0
03.10. 21:30;0
03.10. 21:45;0
03.10. 22:00;0
03.10. 22:15;0
03.10. 22:30;0
03.10. 22:45;0
03.10. 23:00;0
03.10. 23:15;0
03.10. 23:30;0
03.10. 23:45;0
04.10. 00:00;0
04.10. 00:15;0
04.10. 00:30;0
04.10. 00:45;0
04.10. 01:00;0
04.10. 01:15;0
04.10. 01:30;0
04.10. 01:45;0
04.10. 02:00;0
04.10. 02:15;0
04.10. 02:30;0
04.10. 02:45;0
04.10. 03:00;0
04.10. 03:15;0
04.10. 03:30;0
04.10. 03:45;0
04.10. 04:00;0
04.10. 04:15;0
04.10. 04:30;0
04.10. 04:45;0
04.10. 05:00;0
04.10. 05:15;0
04.10. 05:30;0
04.10. 05:45;0
04.10. 06:00;0
04.10. 06:15;0,00732
04.10. 06:30;0,13859
04.10. 06:45;0,72972
04.10. 07:00;2,1634
04.10. 07:15;4,3368
04.10. 07:30;5,3552
04.10. 07:45;7,1525
04.10. 08:00;9,4013
04.10. 08:15;10,281
04.10. 08:30;12,148
04.10. 08:45;18,043
04.10. 09:00;18,923
04.10. 09:15;22,103
04.10. 09:30;13,902
04.10. 09:45;14,902
04.10. 10:00;21,709
04.10. 10:15;31,083
04.10. 10:30;20,047
04.10. 10:45;22,12
04.10. 11:00;19,126
04.10. 11:15;46,864
04.10. 11:30;67,556
04.10. 11:45;48,779
04.10. 12:00;38,594
04.10. 12:15;27,683
04.10. 12:30;31,464
04.10. 12:45;29,265
04.10. 13:00;25,663
04.10. 13:15;12,64
04.10. 13:30;7,7631
04.10. 13:45;6,7999
04.10. 14:00;6,7219
04.10. 14:15;7,7917
04.10. 14:30;7,668
04.10. 14:45;8,6589
04.10. 15:00;5,2254
04.10. 15:15;2,6569
04.10. 15:30;1,4727
04.10. 15:45;1,177
04.10. 16:00;1,319
04.10. 16:15;2,5072
04.10. 16:30;2,333
04.10. 16:45;1,1863
04.10. 17:00;0,49041
04.10. 17:15;0,04436
04.10. 17:30;0
04.10. 17:45;0
04.10. 18:00;0
04.10. 18:15;0
04.10. 18:30;0
04.10. 18:45;0
04.10. 19:00;0
04.10. 19:15;0
04.10. 19:30;0
04.10. 19:45;0
04.10. 20:00;0
04.10. 20:15;0
04.10. 20:30;0
04.10. 20:45;0
04.10. 21:00;0
04.10. 21:15;0
04.10. 21:30;0
04.10. 21:45;0
04.10. 22:00;0
04.10. 22:15;0
04.10. 22:30;0
04.10. 22:45;0
04.10. 23:00;0
04.10. 23:15;0
04.10. 23:30;0
04.10. 23:45;0
05.10. 00:00;0
05.10. 00:15;0
05.10. 00:30;0
05.10. 00:45;0
05.10. 01:00;0
05.10. 01:15;0
05.10. 01:30;0
05.10. 01:45;0
05.10. 02:00;0
05.10. 02:15;0
05.10. 02:30;0
05.10. 02:45;0
05.10. 03:00;0
05.10. 03:15;0
05.10. 03:30;0
05.10. 03:45;0
05.10. 04:00;0
05.10. 04:15;0
05.10. 04:30;0
05.10. 04:45;0
05.10. 05:00;0
05.10. 05:15;0
05.10. 05:30;0
05.10. 05:45;0
05.10. 06:00;0
05.10. 06:15;0,00691
05.10. 06:30;0,25708
05.10. 06:45;0,86417
05.10. 07:00;3,1626
05.10. 07:15;4,3049
05.10. 07:30;5,8188
05.10. 07:45;6,8853
05.10. 08:00;6,7872
05.10. 08:15;8,893
05.10. 08:30;13,668
05.10. 08:45;17,336
05.10. 09:00;19,373
05.10. 09:15;7,8486
05.10. 09:30;13,855
05.10. 09:45;12,129
05.10. 10:00;9,8807
05.10. 10:15;14,449
05.10. 10:30;32,897
05.10. 10:45;50,567
05.10. 11:00;29,789
05.10. 11:15;40,757
05.10. 11:30;21,073
05.10. 11:45;28,916
05.10. 12:00;26,702
05.10. 12:15;17,674
05.10. 12:30;13,191
05.10. 12:45;28,189
05.10. 13:00;25,585
05.10. 13:15;12,019
05.10. 13:30;12,617
05.10. 13:45;9,7826
05.10. 14:00;11,342
05.10. 14:15;21,227
05.10. 14:30;32,85
05.10. 14:45;28,845
05.10. 15:00;22,784
05.10. 15:15;10,296
05.10. 15:30;9,5122
05.10. 15:45;17,892
05.10. 16:00;10,649
05.10. 16:15;5,1964
05.10. 16:30;6,4195
05.10. 16:45;8,9652
05.10. 17:00;1,083
05.10. 17:15;0,1975
05.10. 17:30;0
05.10. 17:45;0
05.10. 18:00;0
05.10. 18:15;0
05.10. 18:30;0
05.10. 18:45;0
05.10. 19:00;0
05.10. 19:15;0
05.10. 19:30;0
05.10. 19:45;0
05.10. 20:00;0
05.10. 20:15;0
05.10. 20:30;0
05.10. 20:45;0
05.10. 21:00;0
05.10. 21:15;0
05.10. 21:30;0
05.10. 21:45;0
05.10. 22:00;0
05.10. 22:15;0
05.10. 22:30;0
05.10. 22:45;0
05.10. 23:00;0
05.10. 23:15;0
05.10. 23:30;0
05.10. 23:45;0
06.10. 00:00;0
06.10. 00:15;0
06.10. 00:30;0
06.10. 00:45;0
06.10. 01:00;0
06.10. 01:15;0
06.10. 01:30;0
06.10. 01:45;0
06.10. 02:00;0
06.10. 02:15;0
06.10. 02:30;0
06.10. 02:45;0
06.10. 03:00;0
06.10. 03:15;0
06.10. 03:30;0
06.10. 03:45;0
06.10. 04:00;0
06.10. 04:15;0
06.10. 04:30;0
06.10. 04:45;0
06.10. 05:00;0
06.10. 05:15;0
06.10. 05:30;0
06.10. 05:45;0
06.10. 06:00;0
06.10. 06:15;0
06.10. 06:30;0
06.10. 06:45;0
06.10. 07:00;1,2747
06.10. 07:15;0,87822
06.10. 07:30;0,97481
06.10. 07:45;0,42854
06.10. 08:00;0,85305
06.10. 08:15;1,6979
06.10. 08:30;2,041
06.10. 08:45;3,0371
06.10. 09:00;4,4835
06.10. 09:15;7,3746
06.10. 09:30;7,3086
06.10. 09:45;9,1108
06.10. 10:00;7,521
06.10. 10:15;10,638
06.10. 10:30;10,869
06.10. 10:45;10,955
06.10. 11:00;9,6095
06.10. 11:15;9,1389
06.10. 11:30;9,7118
06.10. 11:45;11,185
06.10. 12:00;5,7089
06.10. 12:15;4,952
06.10. 12:30;5,6587
06.10. 12:45;5,6913
06.10. 13:00;2,5497
06.10. 13:15;3,9837
06.10. 13:30;6,5983
06.10. 13:45;5,9497
06.10. 14:00;6,6621
06.10. 14:15;8,4609
06.10. 14:30;7,9364
06.10. 14:45;6,9682
06.10. 15:00;5,0361
06.10. 15:15;2,6155
06.10. 15:30;3,1614
06.10. 15:45;4,2246
06.10. 16:00;3,9558
06.10. 16:15;4,8177
06.10. 16:30;5,5575
06.10. 16:45;3,2608
06.10. 17:00;3,4794
06.10. 17:15;0,12402
06.10. 17:30;0
06.10. 17:45;0
06.10. 18:00;0
06.10. 18:15;0
06.10. 18:30;0
06.10. 18:45;0
06.10. 19:00;0
06.10. 19:15;0
06.10. 19:30;0
06.10. 19:45;0
06.10. 20:00;0
06.10. 20:15;0
06.10. 20:30;0
06.10. 20:45;0
06.10. 21:00;0
06.10. 21:15;0
06.10. 21:30;0
06.10. 21:45;0
06.10. 22:00;0
06.10. 22:15;0
06.10. 22:30;0
06.10. 22:45;0
06.10. 23:00;0
06.10. 23:15;0
06.10. 23:30;0
06.10. 23:45;0
07.10. 00:00;0
07.10. 00:15;0
07.10. 00:30;0
07.10. 00:45;0
07.10. 01:00;0
07.10. 01:15;0
07.10. 01:30;0
07.10. 01:45;0
07.10. 02:00;0
07.10. 02:15;0
07.10. 02:30;0
07.10. 02:45;0
07.10. 03:00;0
07.10. 03:15;0
07.10. 03:30;0
07.10. 03:45;0
07.10. 04:00;0
07.10. 04:15;0
07.10. 04:30;0
07.10. 04:45;0
07.10. 05:00;0
07.10. 05:15;0
07.10. 05:30;0
07.10. 05:45;0
07.10. 06:00;0
07.10. 06:15;0
07.10. 06:30;0,02577
07.10. 06:45;0,2025
07.10. 07:00;0,46367
07.10. 07:15;1,9747
07.10. 07:30;4,8207
07.10. 07:45;9,3069
07.10. 08:00;9,3187
07.10. 08:15;6,3555
07.10. 08:30;7,3854
07.10. 08:45;8,294
07.10. 09:00;7,5312
07.10. 09:15;9,3924
07.10. 09:30;10,252
07.10. 09:45;5,3475
07.10. 10:00;5,8924
07.10. 10:15;6,9584
07.10. 10:30;7,1325
07.10. 10:45;6,8988
07.10. 11:00;5,009
07.10. 11:15;7,271
07.10. 11:30;5,3417
07.10. 11:45;7,6532
07.10. 12:00;8,9018
07.10. 12:15;6,4486
07.10. 12:30;1,8262
07.10. 12:45;0,50012
07.10. 13:00;0,15731
07.10. 13:15;0,6385
07.10. 13:30;7,9276
07.10. 13:45;11,608
07.10. 14:00;7,8444
07.10. 14:15;5,7071
07.10. 14:30;3,0736
07.10. 14:45;1,2353
07.10. 15:00;1,6703
07.10. 15:15;3,0792
07.10. 15:30;2,3416
07.10. 15:45;2,0797
07.10. 16:00;2,7081
07.10. 16:15;1,7473
07.10. 16:30;1,4576
07.10. 16:45;1,3064
07.10. 17:00;0
07.10. 17:15;0
07.10. 17:30;0
07.10. 17:45;0
07.10. 18:00;0
07.10. 18:15;0
07.10. 18:30;0
07.10. 18:45;0
07.10. 19:00;0
07.10. 19:15;0
07.10. 19:30;0
07.10. 19:45;0
07.10. 20:00;0
07.10. 20:15;0
07.10. 20:30;0
07.10. 20:45;0
07.10. 21:00;0
07.10. 21:15;0
07.10. 21:30;0
07.10. 21:45;0
07.10. 22:00;0
07.10. 22:15;0
07.10. 22:30;0
07.10. 22:45;0
07.10. 23:00;0
07.10. 23:15;0
07.10. 23:30;0
07.10. 23:45;0
08.10. 00:00;0
08.10. 00:15;0
08.10. 00:30;0
08.10. 00:45;0
08.10. 01:00;0
08.10. 01:15;0
08.10. 01:30;0
08.10. 01:45;0
08.10. 02:00;0
08.10. 02:15;0
08.10. 02:30;0
08.10. 02:45;0
08.10. 03:00;0
08.10. 03:15;0
08.10. 03:30;0
08.10. 03:45;0
08.10. 04:00;0
08.10. 04:15;0
08.10. 04:30;0
08.10. 04:45;0
08.10. 05:00;0
08.10. 05:15;0
08.10. 05:30;0
08.10. 05:45;0
08.10. 06:00;0
08.10. 06:15;0
08.10. 06:30;0,01439
08.10. 06:45;0,02538
08.10. 07:00;0,08042
08.10. 07:15;0,17172
08.10. 07:30;3,4979
08.10. 07:45;7,8086
08.10. 08:00;11,801
08.10. 08:15;7,7064
08.10. 08:30;3,4909
08.10. 08:45;2,7386
08.10. 09:00;4,8154
08.10. 09:15;13,207
08.10. 09:30;11,289
08.10. 09:45;8,2132
08.10. 10:00;7,9431
08.10. 10:15;4,0413
08.10. 10:30;5,2056
08.10. 10:45;6,5864
08.10. 11:00;7,673
08.10. 11:15;8,2342
08.10. 11:30;9,8401
08.10. 11:45;9,7351
08.10. 12:00;11,595
08.10. 12:15;10,915
08.10. 12:30;7,5068
08.10. 12:45;4,1618
08.10. 13:00;5,6975
08.10. 13:15;4,9383
08.10. 13:30;5,5114
08.10. 13:45;9,9732
08.10. 14:00;9,5683
08.10. 14:15;6,6895
08.10. 14:30;11,065
08.10. 14:45;10,812
08.10. 15:00;8,8421
08.10. 15:15;9,198
08.10. 15:30;8,3245
08.10. 15:45;10,515
08.10. 16:00;6,4747
08.10. 16:15;4,5454
08.10. 16:30;2,5013
08.10. 16:45;0,83088
08.10. 17:00;0,58822
08.10. 17:15;0,04438
08.10. 17:30;0
08.10. 17:45;0
08.10. 18:00;0
08.10. 18:15;0
08.10. 18:30;0
08.10. 18:45;0
08.10. 19:00;0
08.10. 19:15;0
08.10. 19:30;0
08.10. 19:45;0
08.10. 20:00;0
08.10. 20:15;0
08.10. 20:30;0
08.10. 20:45;0
08.10. 21:00;0
08.10. 21:15;0
08.10. 21:30;0
08.10. 21:45;0
08.10. 22:00;0
08.10. 22:15;0
08.10. 22:30;0
08.10. 22:45;0
08.10. 23:00;0
08.10. 23:15;0
08.10. 23:30;0
08.10. 23:45;0
09.10. 00:00;0
09.10. 00:15;0
09.10. 00:30;0
09.10. 00:45;0
09.10. 01:00;0
09.10. 01:15;0
09.10. 01:30;0
09.10. 01:45;0
09.10. 02:00;0
09.10. 02:15;0
09.10. 02:30;0
09.10. 02:45;0
09.10. 03:00;0
09.10. 03:15;0
09.10. 03:30;0
09.10. 03:45;0
09.10. 04:00;0
09.10. 04:15;0
09.10. 04:30;0
09.10. 04:45;0
09.10. 05:00;0
09.10. 05:15;0
09.10. 05:30;0
09.10. 05:45;0
09.10. 06:00;0
09.10. 06:15;0
09.10. 06:30;0
09.10. 06:45;0
09.10. 07:00;5,2976
09.10. 07:15;3,1088
09.10. 07:30;2,9334
09.10. 07:45;3,2124
09.10. 08:00;3,0772
09.10. 08:15;2,4612
09.10. 08:30;5,0678
09.10. 08:45;5,7819
09.10. 09:00;6,4322
09.10. 09:15;4,7826
09.10. 09:30;6,7546
09.10. 09:45;8,2993
09.10. 10:00;8,1236
09.10. 10:15;7,8016
09.10. 10:30;7,0852
09.10. 10:45;7,6577
09.10. 11:00;6,9084
09.10. 11:15;7,5609
09.10. 11:30;9,5045
09.10. 11:45;9,1005
09.10. 12:00;10,45
09.10. 12:15;11,088
09.10. 12:30;11,15
09.10. 12:45;12,449
09.10. 13:00;10,722
09.10. 13:15;10,487
09.10. 13:30;8,0878
09.10. 13:45;6,5059
09.10. 14:00;10,069
09.10. 14:15;15,337
09.10. 14:30;11,23
09.10. 14:45;5,972
09.10. 15:00;5,3835
09.10. 15:15;6,8612
09.10. 15:30;6,2167
09.10. 15:45;6,829
09.10. 16:00;2,2394
09.10. 16:15;0,63122
09.10. 16:30;0,17998
09.10. 16:45;0,02028
09.10. 17:00;0,17449
09.10. 17:15;0,00591
09.10. 17:30;0
09.10. 17:45;0
09.10. 18:00;0
09.10. 18:15;0
09.10. 18:30;0
09.10. 18:45;0
09.10. 19:00;0
09.10. 19:15;0
09.10. 19:30;0
09.10. 19:45;0
09.10. 20:00;0
09.10. 20:15;0
09.10. 20:30;0
09.10. 20:45;0
09.10. 21:00;0
09.10. 21:15;0
09.10. 21:30;0
09.10. 21:45;0
09.10. 22:00;0
09.10. 22:15;0
09.10. 22:30;0
09.10. 22:45;0
09.10. 23:00;0
09.10. 23:15;0
09.10. 23:30;0
09.10. 23:45;0
10.10. 00:00;0
10.10. 00:15;0
10.10. 00:30;0
10.10. 00:45;0
10.10. 01:00;0
10.10. 01:15;0
10.10. 01:30;0
10.10. 01:45;0
10.10. 02:00;0
10.10. 02:15;0
10.10. 02:30;0
10.10. 02:45;0
10.10. 03:00;0
10.10. 03:15;0
10.10. 03:30;0
10.10. 03:45;0
10.10. 04:00;0
10.10. 04:15;0
10.10. 04:30;0
10.10. 04:45;0
10.10. 05:00;0
10.10. 05:15;0
10.10. 05:30;0
10.10. 05:45;0
10.10. 06:00;0
10.10. 06:15;0
10.10. 06:30;0
10.10. 06:45;0
10.10. 07:00;8,9147
10.10. 07:15;7,117
10.10. 07:30;5,4311
10.10. 07:45;7,4698
10.10. 08:00;8,8799
10.10. 08:15;13,725
10.10. 08:30;11,32
10.10. 08:45;6,058
10.10. 09:00;4,3098
10.10. 09:15;8,8931
10.10. 09:30;29,671
10.10. 09:45;29,503
10.10. 10:00;16,676
10.10. 10:15;11,103
10.10. 10:30;8,7408
10.10. 10:45;7,1033
10.10. 11:00;10,895
10.10. 11:15;8,4633
10.10. 11:30;8,4156
10.10. 11:45;7,6046
10.10. 12:00;9,9735
10.10. 12:15;9,5775
10.10. 12:30;9,4621
10.10. 12:45;9,9604
10.10. 13:00;10,635
10.10. 13:15;9,7075
10.10. 13:30;10,48
10.10. 13:45;10,886
10.10. 14:00;8,697
10.10. 14:15;8,5986
10.10. 14:30;10,412
10.10. 14:45;10,393
10.10. 15:00;9,6856
10.10. 15:15;5,7081
10.10. 15:30;3,8368
10.10. 15:45;3,9628
10.10. 16:00;2,4402
10.10. 16:15;1,0683
10.10. 16:30;0,39999
10.10. 16:45;0,05598
10.10. 17:00;0,44331
10.10. 17:15;0,00312
10.10. 17:30;0
10.10. 17:45;0
10.10. 18:00;0
10.10. 18:15;0
10.10. 18:30;0
10.10. 18:45;0
10.10. 19:00;0
10.10. 19:15;0
10.10. 19:30;0
10.10. 19:45;0
10.10. 20:00;0
10.10. 20:15;0
10.10. 20:30;0
10.10. 20:45;0
10.10. 21:00;0
10.10. 21:15;0
10.10. 21:30;0
10.10. 21:45;0
10.10. 22:00;0
10.10. 22:15;0
10.10. 22:30;0
10.10. 22:45;0
10.10. 23:00;0
10.10. 23:15;0
10.10. 23:30;0
10.10. 23:45;0
11.10. 00:00;0
11.10. 00:15;0
11.10. 00:30;0
11.10. 00:45;0
11.10. 01:00;0
11.10. 01:15;0
11.10. 01:30;0
11.10. 01:45;0
11.10. 02:00;0
11.10. 02:15;0
11.10. 02:30;0
11.10. 02:45;0
11.10. 03:00;0
11.10. 03:15;0
11.10. 03:30;0
11.10. 03:45;0
11.10. 04:00;0
11.10. 04:15;0
11.10. 04:30;0
11.10. 04:45;0
11.10. 05:00;0
11.10. 05:15;0
11.10. 05:30;0
11.10. 05:45;0
11.10. 06:00;0
11.10. 06:15;0
11.10. 06:30;0,00652
11.10. 06:45;0,30978
11.10. 07:00;0,62369
11.10. 07:15;3,4786
11.10. 07:30;6,6868
11.10. 07:45;10,774
11.10. 08:00;13,436
11.10. 08:15;8,1424
11.10. 08:30;11,08
11.10. 08:45;25,573
11.10. 09:00;32,131
11.10. 09:15;22,137
11.10. 09:30;13,272
11.10. 09:45;17,162
11.10. 10:00;26,364
11.10. 10:15;16,609
11.10. 10:30;12,467
11.10. 10:45;18,419
11.10. 11:00;11,411
11.10. 11:15;12,432
11.10. 11:30;12,856
11.10. 11:45;13,211
11.10. 12:00;14,496
11.10. 12:15;12,936
11.10. 12:30;18,798
11.10. 12:45;18,351
11.10. 13:00;13,763
11.10. 13:15;15,805
11.10. 13:30;14,31
11.10. 13:45;23,309
11.10. 14:00;23,506
11.10. 14:15;17,027
11.10. 14:30;11,713
11.10. 14:45;5,6587
11.10. 15:00;4,7596
11.10. 15:15;4,3307
11.10. 15:30;10,677
11.10. 15:45;13,818
11.10. 16:00;4,6267
11.10. 16:15;2,0681
11.10. 16:30;0,9768
11.10. 16:45;0,44294
11.10. 17:00;0,80938
11.10. 17:15;0
11.10. 17:30;0
11.10. 17:45;0
11.10. 18:00;0
11.10. 18:15;0
11.10. 18:30;0
11.10. 18:45;0
11.10. 19:00;0
11.10. 19:15;0
11.10. 19:30;0
11.10. 19:45;0
11.10. 20:00;0
11.10. 20:15;0
11.10. 20:30;0
11.10. 20:45;0
11.10. 21:00;0
11.10. 21:15;0
11.10. 21:30;0
11.10. 21:45;0
11.10. 22:00;0
11.10. 22:15;0
11.10. 22:30;0
11.10. 22:45;0
11.10. 23:00;0
11.10. 23:15;0
11.10. 23:30;0
11.10. 23:45;0
12.10. 00:00;0
12.10. 00:15;0
12.10. 00:30;0
12.10. 00:45;0
12.10. 01:00;0
12.10. 01:15;0
12.10. 01:30;0
12.10. 01:45;0
12.10. 02:00;0
12.10. 02:15;0
12.10. 02:30;0
12.10. 02:45;0
12.10. 03:00;0
12.10. 03:15;0
12.10. 03:30;0
12.10. 03:45;0
12.10. 04:00;0
12.10. 04:15;0
12.10. 04:30;0
12.10. 04:45;0
12.10. 05:00;0
12.10. 05:15;0
12.10. 05:30;0
12.10. 05:45;0
12.10. 06:00;0
12.10. 06:15;0
12.10. 06:30;0
12.10. 06:45;0
12.10. 07:00;4,1949
12.10. 07:15;5,2268
12.10. 07:30;2,8731
12.10. 07:45;3,0995
12.10. 08:00;4,9015
12.10. 08:15;6,5077
12.10. 08:30;7,7645
12.10. 08:45;7,3253
12.10. 09:00;7,9106
12.10. 09:15;10,986
12.10. 09:30;14,373
12.10. 09:45;12,841
12.10. 10:00;20,459
12.10. 10:15;31,819
12.10. 10:30;44,354
12.10. 10:45;42,18
12.10. 11:00;47,132
12.10. 11:15;46,358
12.10. 11:30;43,13
12.10. 11:45;33,289
12.10. 12:00;31,689
12.10. 12:15;37,022
12.10. 12:30;46,844
12.10. 12:45;38,455
12.10. 13:00;23,105
12.10. 13:15;28,53
12.10. 13:30;20,185
12.10. 13:45;20,513
12.10. 14:00;11,603
12.10. 14:15;16,869
12.10. 14:30;22,717
12.10. 14:45;20,179
12.10. 15:00;18,571
12.10. 15:15;10,954
12.10. 15:30;8,4888
12.10. 15:45;3,628
12.10. 16:00;3,4011
12.10. 16:15;3,8722
12.10. 16:30;10,465
12.10. 16:45;0,86443
12.10. 17:00;0,26983
12.10. 17:15;0
12.10. 17:30;0
12.10. 17:45;0
12.10. 18:00;0
12.10. 18:15;0
12.10. 18:30;0
12.10. 18:45;0
12.10. 19:00;0
12.10. 19:15;0
12.10. 19:30;0
12.10. 19:45;0
12.10. 20:00;0
12.10. 20:15;0
12.10. 20:30;0
12.10. 20:45;0
12.10. 21:00;0
12.10. 21:15;0
12.10. 21:30;0
12.10. 21:45;0
12.10. 22:00;0
12.10. 22:15;0
12.10. 22:30;0
12.10. 22:45;0
12.10. 23:00;0
12.10. 23:15;0
12.10. 23:30;0
12.10. 23:45;0
13.10. 00:00;0
13.10. 00:15;0
13.10. 00:30;0
13.10. 00:45;0
13.10. 01:00;0
13.10. 01:15;0
13.10. 01:30;0
13.10. 01:45;0
13.10. 02:00;0
13.10. 02:15;0
13.10. 02:30;0
13.10. 02:45;0
13.10. 03:00;0
13.10. 03:15;0
13.10. 03:30;0
13.10. 03:45;0
13.10. 04:00;0
13.10. 04:15;0
13.10. 04:30;0
13.10. 04:45;0
13.10. 05:00;0
13.10. 05:15;0
13.10. 05:30;0
13.10. 05:45;0
13.10. 06:00;0
13.10. 06:15;0
13.10. 06:30;0
13.10. 06:45;0
13.10. 07:00;4,0153
13.10. 07:15;4,0216
13.10. 07:30;4,4452
13.10. 07:45;9,3654
13.10. 08:00;10,922
13.10. 08:15;13,636
13.10. 08:30;10,528
13.10. 08:45;15,933
13.10. 09:00;21,937
13.10. 09:15;19,764
13.10. 09:30;32,481
13.10. 09:45;38,34
13.10. 10:00;40,526
13.10. 10:15;32,128
13.10. 10:30;28,321
13.10. 10:45;43,336
13.10. 11:00;20,983
13.10. 11:15;31,368
13.10. 11:30;44,196
13.10. 11:45;50,968
13.10. 12:00;39,508
13.10. 12:15;21,103
13.10. 12:30;21,688
13.10. 12:45;29,806
13.10. 13:00;22,147
13.10. 13:15;16,444
13.10. 13:30;19,979
13.10. 13:45;17,152
13.10. 14:00;14,967
13.10. 14:15;11,615
13.10. 14:30;15,565
13.10. 14:45;11,388
13.10. 15:00;9,4845
13.10. 15:15;7,9169
13.10. 15:30;5,972
13.10. 15:45;5,006
13.10. 16:00;2,6065
13.10. 16:15;1,6115
13.10. 16:30;1,1675
13.10. 16:45;0,38729
13.10. 17:00;0
13.10. 17:15;0
13.10. 17:30;0
13.10. 17:45;0
13.10. 18:00;0
13.10. 18:15;0
13.10. 18:30;0
13.10. 18:45;0
13.10. 19:00;0
13.10. 19:15;0
13.10. 19:30;0
13.10. 19:45;0
13.10. 20:00;0
13.10. 20:15;0
13.10. 20:30;0
13.10. 20:45;0
13.10. 21:00;0
13.10. 21:15;0
13.10. 21:30;0
13.10. 21:45;0
13.10. 22:00;0
13.10. 22:15;0
13.10. 22:30;0
13.10. 22:45;0
13.10. 23:00;0
13.10. 23:15;0
13.10. 23:30;0
13.10. 23:45;0
14.10. 00:00;0
14.10. 00:15;0
14.10. 00:30;0
14.10. 00:45;0
14.10. 01:00;0
14.10. 01:15;0
14.10. 01:30;0
14.10. 01:45;0
14.10. 02:00;0
14.10. 02:15;0
14.10. 02:30;0
14.10. 02:45;0
14.10. 03:00;0
14.10. 03:15;0
14.10. 03:30;0
14.10. 03:45;0
14.10. 04:00;0
14.10. 04:15;0
14.10. 04:30;0
14.10. 04:45;0
14.10. 05:00;0
14.10. 05:15;0
14.10. 05:30;0
14.10. 05:45;0
14.10. 06:00;0
14.10. 06:15;0
14.10. 06:30;0,03207
14.10. 06:45;0,32644
14.10. 07:00;0,95001
14.10. 07:15;3,7964
14.10. 07:30;10,349
14.10. 07:45;16,116
14.10. 08:00;20,156
14.10. 08:15;18,37
14.10. 08:30;21,824
14.10. 08:45;20,417
14.10. 09:00;27,969
14.10. 09:15;30,076
14.10. 09:30;32,214
14.10. 09:45;34,195
14.10. 10:00;36,539
14.10. 10:15;38,085
14.10. 10:30;39,41
14.10. 10:45;40,539
14.10. 11:00;41,747
14.10. 11:15;42,381
14.10. 11:30;42,731
14.10. 11:45;42,878
14.10. 12:00;42,144
14.10. 12:15;41,397
14.10. 12:30;41,328
14.10. 12:45;41,166
14.10. 13:00;40,69
14.10. 13:15;36,949
14.10. 13:30;27,267
14.10. 13:45;19,056
14.10. 14:00;31,236
14.10. 14:15;35,654
14.10. 14:30;31,036
14.10. 14:45;13,118
14.10. 15:00;18,866
14.10. 15:15;20,148
14.10. 15:30;15,55
14.10. 15:45;5,4959
14.10. 16:00;3,6025
14.10. 16:15;3,2604
14.10. 16:30;6,1011
14.10. 16:45;1,7572
14.10. 17:00;0
14.10. 17:15;0
14.10. 17:30;0
14.10. 17:45;0
14.10. 18:00;0
14.10. 18:15;0
14.10. 18:30;0
14.10. 18:45;0
14.10. 19:00;0
14.10. 19:15;0
14.10. 19:30;0
14.10. 19:45;0
14.10. 20:00;0
14.10. 20:15;0
14.10. 20:30;0
14.10. 20:45;0
14.10. 21:00;0
14.10. 21:15;0
14.10. 21:30;0
14.10. 21:45;0
14.10. 22:00;0
14.10. 22:15;0
14.10. 22:30;0
14.10. 22:45;0
14.10. 23:00;0
14.10. 23:15;0
14.10. 23:30;0
14.10. 23:45;0
15.10. 00:00;0
15.10. 00:15;0
15.10. 00:30;0
15.10. 00:45;0
15.10. 01:00;0
15.10. 01:15;0
15.10. 01:30;0
15.10. 01:45;0
15.10. 02:00;0
15.10. 02:15;0
15.10. 02:30;0
15.10. 02:45;0
15.10. 03:00;0
15.10. 03:15;0
15.10. 03:30;0
15.10. 03:45;0
15.10. 04:00;0
15.10. 04:15;0
15.10. 04:30;0
15.10. 04:45;0
15.10. 05:00;0
15.10. 05:15;0
15.10. 05:30;0
15.10. 05:45;0
15.10. 06:00;0
15.10. 06:15;0
15.10. 06:30;0
15.10. 06:45;0
15.10. 07:00;2,5178
15.10. 07:15;2,3587
15.10. 07:30;2,5563
15.10. 07:45;3,4395
15.10. 08:00;4,9602
15.10. 08:15;7,6228
15.10. 08:30;14,699
15.10. 08:45;14,691
15.10. 09:00;16,933
15.10. 09:15;12,217
15.10. 09:30;9,8703
15.10. 09:45;8,4509
15.10. 10:00;7,4167
15.10. 10:15;9,0442
15.10. 10:30;10,439
15.10. 10:45;6,9891
15.10. 11:00;7,7131
15.10. 11:15;12,095
15.10. 11:30;8,6733
15.10. 11:45;5,3475
15.10. 12:00;4,9609
15.10. 12:15;9,654
15.10. 12:30;12,293
15.10. 12:45;10,88
15.10. 13:00;11,729
15.10. 13:15;7,5363
15.10. 13:30;5,604
15.10. 13:45;5,6876
15.10. 14:00;7,1374
15.10. 14:15;10,477
15.10. 14:30;9,4669
15.10. 14:45;8,2268
15.10. 15:00;7,9746
15.10. 15:15;7,4163
15.10. 15:30;3,9758
15.10. 15:45;2,3
15.10. 16:00;2,7932
15.10. 16:15;1,3299
15.10. 16:30;0,64701
15.10. 16:45;0,13174
15.10. 17:00;0
15.10. 17:15;0
15.10. 17:30;0
15.10. 17:45;0
15.10. 18:00;0
15.10. 18:15;0
15.10. 18:30;0
15.10. 18:45;0
15.10. 19:00;0
15.10. 19:15;0
15.10. 19:30;0
15.10. 19:45;0
15.10. 20:00;0
15.10. 20:15;0
15.10. 20:30;0
15.10. 20:45;0
15.10. 21:00;0
15.10. 21:15;0
15.10. 21:30;0
15.10. 21:45;0
15.10. 22:00;0
15.10. 22:15;0
15.10. 22:30;0
15.10. 22:45;0
15.10. 23:00;0
15.10. 23:15;0
15.10. 23:30;0
15.10. 23:45;0
16.10. 00:00;0
16.10. 00:15;0
16.10. 00:30;0
16.10. 00:45;0
16.10. 01:00;0
16.10. 01:15;0
16.10. 01:30;0
16.10. 01:45;0
16.10. 02:00;0
16.10. 02:15;0
16.10. 02:30;0
16.10. 02:45;0
16.10. 03:00;0
16.10. 03:15;0
16.10. 03:30;0
16.10. 03:45;0
16.10. 04:00;0
16.10. 04:15;0
16.10. 04:30;0
16.10. 04:45;0
16.10. 05:00;0
16.10. 05:15;0
16.10. 05:30;0
16.10. 05:45;0
16.10. 06:00;0
16.10. 06:15;0
16.10. 06:30;0
16.10. 06:45;0
16.10. 07:00;4,8018
16.10. 07:15;8,6311
16.10. 07:30;7,1185
16.10. 07:45;9,6062
16.10. 08:00;8,5924
16.10. 08:15;22,186
16.10. 08:30;21,908
16.10. 08:45;21,109
16.10. 09:00;28,132
16.10. 09:15;30,551
16.10. 09:30;32,597
16.10. 09:45;31,765
16.10. 10:00;37,125
16.10. 10:15;40,906
16.10. 10:30;33,912
16.10. 10:45;41,309
16.10. 11:00;35,526
16.10. 11:15;40,756
16.10. 11:30;46,785
16.10. 11:45;43,684
16.10. 12:00;39,178
16.10. 12:15;48,33
16.10. 12:30;36,027
16.10. 12:45;35,808
16.10. 13:00;28,502
16.10. 13:15;25,213
16.10. 13:30;18,159
16.10. 13:45;13,178
16.10. 14:00;11,696
16.10. 14:15;13,764
16.10. 14:30;19,227
16.10. 14:45;13,243
16.10. 15:00;10,507
16.10. 15:15;8,3019
16.10. 15:30;7,7001
16.10. 15:45;5,223
16.10. 16:00;4,6166
16.10. 16:15;3,1836
16.10. 16:30;1,7911
16.10. 16:45;1,6096
16.10. 17:00;0
16.10. 17:15;0
16.10. 17:30;0
16.10. 17:45;0
16.10. 18:00;0
16.10. 18:15;0
16.10. 18:30;0
16.10. 18:45;0
16.10. 19:00;0
16.10. 19:15;0
16.10. 19:30;0
16.10. 19:45;0
16.10. 20:00;0
16.10. 20:15;0
16.10. 20:30;0
16.10. 20:45;0
16.10. 21:00;0
16.10. 21:15;0
16.10. 21:30;0
16.10. 21:45;0
16.10. 22:00;0
16.10. 22:15;0
16.10. 22:30;0
16.10. 22:45;0
16.10. 23:00;0
16.10. 23:15;0
16.10. 23:30;0
16.10. 23:45;0
17.10. 00:00;0
17.10. 00:15;0
17.10. 00:30;0
17.10. 00:45;0
17.10. 01:00;0
17.10. 01:15;0
17.10. 01:30;0
17.10. 01:45;0
17.10. 02:00;0
17.10. 02:15;0
17.10. 02:30;0
17.10. 02:45;0
17.10. 03:00;0
17.10. 03:15;0
17.10. 03:30;0
17.10. 03:45;0
17.10. 04:00;0
17.10. 04:15;0
17.10. 04:30;0
17.10. 04:45;0
17.10. 05:00;0
17.10. 05:15;0
17.10. 05:30;0
17.10. 05:45;0
17.10. 06:00;0
17.10. 06:15;0
17.10. 06:30;0
17.10. 06:45;0
17.10. 07:00;3,4918
17.10. 07:15;6,6471
17.10. 07:30;5,4692
17.10. 07:45;4,7229
17.10. 08:00;8,5175
17.10. 08:15;14,494
17.10. 08:30;10,273
17.10. 08:45;8,1503
17.10. 09:00;11,853
17.10. 09:15;15,952
17.10. 09:30;31,857
17.10. 09:45;28,672
17.10. 10:00;20,586
17.10. 10:15;18,22
17.10. 10:30;26,603
17.10. 10:45;20,622
17.10. 11:00;9,9144
17.10. 11:15;17,593
17.10. 11:30;15,528
17.10. 11:45;18,349
17.10. 12:00;16,338
17.10. 12:15;13,735
17.10. 12:30;14,737
17.10. 12:45;16,439
17.10. 13:00;13,661
17.10. 13:15;9,7118
17.10. 13:30;7,2236
17.10. 13:45;7,729
17.10. 14:00;7,2732
17.10. 14:15;13,496
17.10. 14:30;14,64
17.10. 14:45;16,002
17.10. 15:00;9,4102
17.10. 15:15;10,45
17.10. 15:30;15,694
17.10. 15:45;13,14
17.10. 16:00;6,4504
17.10. 16:15;1,7065
17.10. 16:30;1,101
17.10. 16:45;0,29535
17.10. 17:00;0
17.10. 17:15;0
17.10. 17:30;0
17.10. 17:45;0
17.10. 18:00;0
17.10. 18:15;0
17.10. 18:30;0
17.10. 18:45;0
17.10. 19:00;0
17.10. 19:15;0
17.10. 19:30;0
17.10. 19:45;0
17.10. 20:00;0
17.10. 20:15;0
17.10. 20:30;0
17.10. 20:45;0
17.10. 21:00;0
17.10. 21:15;0
17.10. 21:30;0
17.10. 21:45;0
17.10. 22:00;0
17.10. 22:15;0
17.10. 22:30;0
17.10. 22:45;0
17.10. 23:00;0
17.10. 23:15;0
17.10. 23:30;0
17.10. 23:45;0
18.10. 00:00;0
18.10. 00:15;0
18.10. 00:30;0
18.10. 00:45;0
18.10. 01:00;0
18.10. 01:15;0
18.10. 01:30;0
18.10. 01:45;0
18.10. 02:00;0
18.10. 02:15;0
18.10. 02:30;0
18.10. 02:45;0
18.10. 03:00;0
18.10. 03:15;0
18.10. 03:30;0
18.10. 03:45;0
18.10. 04:00;0
18.10. 04:15;0
18.10. 04:30;0
18.10. 04:45;0
18.10. 05:00;0
18.10. 05:15;0
18.10. 05:30;0
18.10. 05:45;0
18.10. 06:00;0
18.10. 06:15;0
18.10. 06:30;0
18.10. 06:45;0
18.10. 07:00;1,7967
18.10. 07:15;1,0092
18.10. 07:30;2,8784
18.10. 07:45;3,8346
18.10. 08:00;3,9212
18.10. 08:15;3,2044
18.10. 08:30;4,8774
18.10. 08:45;8,8387
18.10. 09:00;11,511
18.10. 09:15;14,788
18.10. 09:30;13,463
18.10. 09:45;28,892
18.10. 10:00;30,233
18.10. 10:15;32,847
18.10. 10:30;27,75
18.10. 10:45;22,418
18.10. 11:00;26,469
18.10. 11:15;33,079
18.10. 11:30;41,914
18.10. 11:45;38,741
18.10. 12:00;37,875
18.10. 12:15;30,078
18.10. 12:30;29,878
18.10. 12:45;29,045
18.10. 13:00;14,973
18.10. 13:15;18,851
18.10. 13:30;13,306
18.10. 13:45;17,994
18.10. 14:00;13,825
18.10. 14:15;11,911
18.10. 14:30;22,587
18.10. 14:45;10,693
18.10. 15:00;9,8117
18.10. 15:15;9,5429
18.10. 15:30;14,101
18.10. 15:45;11,65
18.10. 16:00;3,5849
18.10. 16:15;2,3692
18.10. 16:30;1,7168
18.10. 16:45;0,16354
18.10. 17:00;0
18.10. 17:15;0
18.10. 17:30;0
18.10. 17:45;0
18.10. 18:00;0
18.10. 18:15;0
18.10. 18:30;0
18.10. 18:45;0
18.10. 19:00;0
18.10. 19:15;0
18.10. 19:30;0
18.10. 19:45;0
18.10. 20:00;0
18.10. 20:15;0
18.10. 20:30;0
18.10. 20:45;0
18.10. 21:00;0
18.10. 21:15;0
18.10. 21:30;0
18.10. 21:45;0
18.10. 22:00;0
18.10. 22:15;0
18.10. 22:30;0
18.10. 22:45;0
18.10. 23:00;0
18.10. 23:15;0
18.10. 23:30;0
18.10. 23:45;0
19.10. 00:00;0
19.10. 00:15;0
19.10. 00:30;0
19.10. 00:45;0
19.10. 01:00;0
19.10. 01:15;0
19.10. 01:30;0
19.10. 01:45;0
19.10. 02:00;0
19.10. 02:15;0
19.10. 02:30;0
19.10. 02:45;0
19.10. 03:00;0
19.10. 03:15;0
19.10. 03:30;0
19.10. 03:45;0
19.10. 04:00;0
19.10. 04:15;0
19.10. 04:30;0
19.10. 04:45;0
19.10. 05:00;0
19.10. 05:15;0
19.10. 05:30;0
19.10. 05:45;0
19.10. 06:00;0
19.10. 06:15;0
19.10. 06:30;0
19.10. 06:45;0
19.10. 07:00;2,8431
19.10. 07:15;2,4572
19.10. 07:30;2,5171
19.10. 07:45;3,1747
19.10. 08:00;4,1296
19.10. 08:15;6,0629
19.10. 08:30;8,8658
19.10. 08:45;5,8193
19.10. 09:00;5,0763
19.10. 09:15;7,8364
19.10. 09:30;17,806
19.10. 09:45;22,142
19.10. 10:00;19,669
19.10. 10:15;15,202
19.10. 10:30;20,076
19.10. 10:45;20,282
19.10. 11:00;15,036
19.10. 11:15;7,5074
19.10. 11:30;4,5675
19.10. 11:45;7,081
19.10. 12:00;6,7027
19.10. 12:15;6,4053
19.10. 12:30;10,205
19.10. 12:45;22,942
19.10. 13:00;28,535
19.10. 13:15;17,827
19.10. 13:30;19,709
19.10. 13:45;8,7621
19.10. 14:00;14,424
19.10. 14:15;26,898
19.10. 14:30;21,896
19.10. 14:45;25,393
19.10. 15:00;26,591
19.10. 15:15;13,457
19.10. 15:30;7,5224
19.10. 15:45;6,5021
19.10. 16:00;6,9495
19.10. 16:15;5,2254
19.10. 16:30;2,9254
19.10. 16:45;0,39191
19.10. 17:00;0
19.10. 17:15;0
19.10. 17:30;0
19.10. 17:45;0
19.10. 18:00;0
19.10. 18:15;0
19.10. 18:30;0
19.10. 18:45;0
19.10. 19:00;0
19.10. 19:15;0
19.10. 19:30;0
19.10. 19:45;0
19.10. 20:00;0
19.10. 20:15;0
19.10. 20:30;0
19.10. 20:45;0
19.10. 21:00;0
19.10. 21:15;0
19.10. 21:30;0
19.10. 21:45;0
19.10. 22:00;0
19.10. 22:15;0
19.10. 22:30;0
19.10. 22:45;0
19.10. 23:00;0
19.10. 23:15;0
19.10. 23:30;0
19.10. 23:45;0
20.10. 00:00;0
20.10. 00:15;0
20.10. 00:30;0
20.10. 00:45;0
20.10. 01:00;0
20.10. 01:15;0
20.10. 01:30;0
20.10. 01:45;0
20.10. 02:00;0
20.10. 02:15;0
20.10. 02:30;0
20.10. 02:45;0
20.10. 03:00;0
20.10. 03:15;0
20.10. 03:30;0
20.10. 03:45;0
20.10. 04:00;0
20.10. 04:15;0
20.10. 04:30;0
20.10. 04:45;0
20.10. 05:00;0
20.10. 05:15;0
20.10. 05:30;0
20.10. 05:45;0
20.10. 06:00;0
20.10. 06:15;0
20.10. 06:30;0
20.10. 06:45;0
20.10. 07:00;2,5982
20.10. 07:15;1,5128
20.10. 07:30;2,0895
20.10. 07:45;3,59
20.10. 08:00;5,5471
20.10. 08:15;5,4731
20.10. 08:30;8,8975
20.10. 08:45;12,29
20.10. 09:00;12,392
20.10. 09:15;12,168
20.10. 09:30;14,326
20.10. 09:45;17,379
20.10. 10:00;15,357
20.10. 10:15;15,272
20.10. 10:30;19
20.10. 10:45;19,715
20.10. 11:00;18,303
20.10. 11:15;22,016
20.10. 11:30;25,367
20.10. 11:45;25,339
20.10. 12:00;25,768
20.10. 12:15;32,256
20.10. 12:30;32,925
20.10. 12:45;15,664
20.10. 13:00;25,244
20.10. 13:15;27,824
20.10. 13:30;16,295
20.10. 13:45;16,183
20.10. 14:00;14,208
20.10. 14:15;19,332
20.10. 14:30;12,982
20.10. 14:45;8,6138
20.10. 15:00;9,4715
20.10. 15:15;6,3497
20.10. 15:30;2,4796
20.10. 15:45;1,34
20.10. 16:00;1,1104
20.10. 16:15;3,941
20.10. 16:30;2,7843
20.10. 16:45;0,59352
20.10. 17:00;0
20.10. 17:15;0
20.10. 17:30;0
20.10. 17:45;0
20.10. 18:00;0
20.10. 18:15;0
20.10. 18:30;0
20.10. 18:45;0
20.10. 19:00;0
20.10. 19:15;0
20.10. 19:30;0
20.10. 19:45;0
20.10. 20:00;0
20.10. 20:15;0
20.10. 20:30;0
20.10. 20:45;0
20.10. 21:00;0
20.10. 21:15;0
20.10. 21:30;0
20.10. 21:45;0
20.10. 22:00;0
20.10. 22:15;0
20.10. 22:30;0
20.10. 22:45;0
20.10. 23:00;0
20.10. 23:15;0
20.10. 23:30;0
20.10. 23:45;0
21.10. 00:00;0
21.10. 00:15;0
21.10. 00:30;0
21.10. 00:45;0
21.10. 01:00;0
21.10. 01:15;0
21.10. 01:30;0
21.10. 01:45;0
21.10. 02:00;0
21.10. 02:15;0
21.10. 02:30;0
21.10. 02:45;0
21.10. 03:00;0
21.10. 03:15;0
21.10. 03:30;0
21.10. 03:45;0
21.10. 04:00;0
21.10. 04:15;0
21.10. 04:30;0
21.10. 04:45;0
21.10. 05:00;0
21.10. 05:15;0
21.10. 05:30;0
21.10. 05:45;0
21.10. 06:00;0
21.10. 06:15;0
21.10. 06:30;0
21.10. 06:45;0
21.10. 07:00;2,3646
21.10. 07:15;3,2475
21.10. 07:30;3,3915
21.10. 07:45;9,6201
21.10. 08:00;15,806
21.10. 08:15;18,043
21.10. 08:30;14,547
21.10. 08:45;20,336
21.10. 09:00;24,925
21.10. 09:15;27,86
21.10. 09:30;30,006
21.10. 09:45;31,999
21.10. 10:00;33,89
21.10. 10:15;35,42
21.10. 10:30;36,769
21.10. 10:45;37,872
21.10. 11:00;37,003
21.10. 11:15;37,403
21.10. 11:30;37,775
21.10. 11:45;37,847
21.10. 12:00;29,47
21.10. 12:15;25,81
21.10. 12:30;34,938
21.10. 12:45;36,586
21.10. 13:00;29,435
21.10. 13:15;27,625
21.10. 13:30;26,211
21.10. 13:45;24,965
21.10. 14:00;26,26
21.10. 14:15;31,34
21.10. 14:30;25,671
21.10. 14:45;18,574
21.10. 15:00;15,583
21.10. 15:15;16,311
21.10. 15:30;9,749
21.10. 15:45;6,237
21.10. 16:00;2,5053
21.10. 16:15;1,4429
21.10. 16:30;1,1571
21.10. 16:45;0,19679
21.10. 17:00;0
21.10. 17:15;0
21.10. 17:30;0
21.10. 17:45;0
21.10. 18:00;0
21.10. 18:15;0
21.10. 18:30;0
21.10. 18:45;0
21.10. 19:00;0
21.10. 19:15;0
21.10. 19:30;0
21.10. 19:45;0
21.10. 20:00;0
21.10. 20:15;0
21.10. 20:30;0
21.10. 20:45;0
21.10. 21:00;0
21.10. 21:15;0
21.10. 21:30;0
21.10. 21:45;0
21.10. 22:00;0
21.10. 22:15;0
21.10. 22:30;0
21.10. 22:45;0
21.10. 23:00;0
21.10. 23:15;0
21.10. 23:30;0
21.10. 23:45;0
22.10. 00:00;0
22.10. 00:15;0
22.10. 00:30;0
22.10. 00:45;0
22.10. 01:00;0
22.10. 01:15;0
22.10. 01:30;0
22.10. 01:45;0
22.10. 02:00;0
22.10. 02:15;0
22.10. 02:30;0
22.10. 02:45;0
22.10. 03:00;0
22.10. 03:15;0
22.10. 03:30;0
22.10. 03:45;0
22.10. 04:00;0
22.10. 04:15;0
22.10. 04:30;0
22.10. 04:45;0
22.10. 05:00;0
22.10. 05:15;0
22.10. 05:30;0
22.10. 05:45;0
22.10. 06:00;0
22.10. 06:15;0
22.10. 06:30;0
22.10. 06:45;0
22.10. 07:00;2,0745
22.10. 07:15;5,2615
22.10. 07:30;9,0161
22.10. 07:45;6,2448
22.10. 08:00;11,399
22.10. 08:15;13,801
22.10. 08:30;16,492
22.10. 08:45;18,778
22.10. 09:00;21,777
22.10. 09:15;28,204
22.10. 09:30;28,667
22.10. 09:45;28,384
22.10. 10:00;32,627
22.10. 10:15;35,613
22.10. 10:30;36,935
22.10. 10:45;38,061
22.10. 11:00;38,81
22.10. 11:15;39,005
22.10. 11:30;39,43
22.10. 11:45;39,094
22.10. 12:00;38,958
22.10. 12:15;38,517
22.10. 12:30;37,815
22.10. 12:45;36,885
22.10. 13:00;24,359
22.10. 13:15;21,175
22.10. 13:30;34,662
22.10. 13:45;32,992
22.10. 14:00;24,603
22.10. 14:15;26,707
22.10. 14:30;24,578
22.10. 14:45;21,366
22.10. 15:00;19,151
22.10. 15:15;12,313
22.10. 15:30;8,1601
22.10. 15:45;4,9336
22.10. 16:00;3,6029
22.10. 16:15;1,184
22.10. 16:30;0,38227
22.10. 16:45;0
22.10. 17:00;0
22.10. 17:15;0
22.10. 17:30;0
22.10. 17:45;0
22.10. 18:00;0
22.10. 18:15;0
22.10. 18:30;0
22.10. 18:45;0
22.10. 19:00;0
22.10. 19:15;0
22.10. 19:30;0
22.10. 19:45;0
22.10. 20:00;0
22.10. 20:15;0
22.10. 20:30;0
22.10. 20:45;0
22.10. 21:00;0
22.10. 21:15;0
22.10. 21:30;0
22.10. 21:45;0
22.10. 22:00;0
22.10. 22:15;0
22.10. 22:30;0
22.10. 22:45;0
22.10. 23:00;0
22.10. 23:15;0
22.10. 23:30;0
22.10. 23:45;0
23.10. 00:00;0
23.10. 00:15;0
23.10. 00:30;0
23.10. 00:45;0
23.10. 01:00;0
23.10. 01:15;0
23.10. 01:30;0
23.10. 01:45;0
23.10. 02:00;0
23.10. 02:15;0
23.10. 02:30;0
23.10. 02:45;0
23.10. 03:00;0
23.10. 03:15;0
23.10. 03:30;0
23.10. 03:45;0
23.10. 04:00;0
23.10. 04:15;0
23.10. 04:30;0
23.10. 04:45;0
23.10. 05:00;0
23.10. 05:15;0
23.10. 05:30;0
23.10. 05:45;0
23.10. 06:00;0
23.10. 06:15;0
23.10. 06:30;0
23.10. 06:45;0
23.10. 07:00;1,1646
23.10. 07:15;5,1716
23.10. 07:30;9,6424
23.10. 07:45;4,258
23.10. 08:00;8,4513
23.10. 08:15;17,315
23.10. 08:30;20,439
23.10. 08:45;20,174
23.10. 09:00;24,809
23.10. 09:15;26,5
23.10. 09:30;28,662
23.10. 09:45;30,605
23.10. 10:00;32,756
23.10. 10:15;34,254
23.10. 10:30;35,596
23.10. 10:45;36,693
23.10. 11:00;37,106
23.10. 11:15;37,466
23.10. 11:30;37,825
23.10. 11:45;37,9
23.10. 12:00;37,667
23.10. 12:15;37,161
23.10. 12:30;36,512
23.10. 12:45;35,643
23.10. 13:00;25,68
23.10. 13:15;19,449
23.10. 13:30;31,618
23.10. 13:45;34,664
23.10. 14:00;31,383
23.10. 14:15;25,568
23.10. 14:30;18,521
23.10. 14:45;19,653
23.10. 15:00;18,511
23.10. 15:15;9,5128
23.10. 15:30;9,6386
23.10. 15:45;8,5769
23.10. 16:00;6,6957
23.10. 16:15;1,1035
23.10. 16:30;0,07243
23.10. 16:45;0
23.10. 17:00;0
23.10. 17:15;0
23.10. 17:30;0
23.10. 17:45;0
23.10. 18:00;0
23.10. 18:15;0
23.10. 18:30;0
23.10. 18:45;0
23.10. 19:00;0
23.10. 19:15;0
23.10. 19:30;0
23.10. 19:45;0
23.10. 20:00;0
23.10. 20:15;0
23.10. 20:30;0
23.10. 20:45;0
23.10. 21:00;0
23.10. 21:15;0
23.10. 21:30;0
23.10. 21:45;0
23.10. 22:00;0
23.10. 22:15;0
23.10. 22:30;0
23.10. 22:45;0
23.10. 23:00;0
23.10. 23:15;0
23.10. 23:30;0
23.10. 23:45;0
24.10. 00:00;0
24.10. 00:15;0
24.10. 00:30;0
24.10. 00:45;0
24.10. 01:00;0
24.10. 01:15;0
24.10. 01:30;0
24.10. 01:45;0
24.10. 02:00;0
24.10. 02:15;0
24.10. 02:30;0
24.10. 02:45;0
24.10. 03:00;0
24.10. 03:15;0
24.10. 03:30;0
24.10. 03:45;0
24.10. 04:00;0
24.10. 04:15;0
24.10. 04:30;0
24.10. 04:45;0
24.10. 05:00;0
24.10. 05:15;0
24.10. 05:30;0
24.10. 05:45;0
24.10. 06:00;0
24.10. 06:15;0
24.10. 06:30;0
24.10. 06:45;0
24.10. 07:00;1,1217
24.10. 07:15;2,3729
24.10. 07:30;1,8662
24.10. 07:45;1,9375
24.10. 08:00;3,1056
24.10. 08:15;6,547
24.10. 08:30;10,468
24.10. 08:45;7,4932
24.10. 09:00;15,807
24.10. 09:15;23,061
24.10. 09:30;24,551
24.10. 09:45;17,991
24.10. 10:00;16,442
24.10. 10:15;20,647
24.10. 10:30;34,749
24.10. 10:45;39,07
24.10. 11:00;34,132
24.10. 11:15;15,074
24.10. 11:30;7,0014
24.10. 11:45;5,2249
24.10. 12:00;9,8808
24.10. 12:15;12,205
24.10. 12:30;14,422
24.10. 12:45;28,345
24.10. 13:00;18,998
24.10. 13:15;13,886
24.10. 13:30;16,514
24.10. 13:45;17,685
24.10. 14:00;13,361
24.10. 14:15;11,662
24.10. 14:30;10,372
24.10. 14:45;5,4115
24.10. 15:00;4,7809
24.10. 15:15;3,9604
24.10. 15:30;9,307
24.10. 15:45;12,167
24.10. 16:00;3,5954
24.10. 16:15;1,3847
24.10. 16:30;0,40499
24.10. 16:45;0,00502
24.10. 17:00;0
24.10. 17:15;0
24.10. 17:30;0
24.10. 17:45;0
24.10. 18:00;0
24.10. 18:15;0
24.10. 18:30;0
24.10. 18:45;0
24.10. 19:00;0
24.10. 19:15;0
24.10. 19:30;0
24.10. 19:45;0
24.10. 20:00;0
24.10. 20:15;0
24.10. 20:30;0
24.10. 20:45;0
24.10. 21:00;0
24.10. 21:15;0
24.10. 21:30;0
24.10. 21:45;0
24.10. 22:00;0
24.10. 22:15;0
24.10. 22:30;0
24.10. 22:45;0
24.10. 23:00;0
24.10. 23:15;0
24.10. 23:30;0
24.10. 23:45;0
25.10. 00:00;0
25.10. 00:15;0
25.10. 00:30;0
25.10. 00:45;0
25.10. 01:00;0
25.10. 01:15;0
25.10. 01:30;0
25.10. 01:45;0
25.10. 02:00;0
25.10. 02:15;0
25.10. 02:30;0
25.10. 02:45;0
25.10. 03:00;0
25.10. 03:15;0
25.10. 03:30;0
25.10. 03:45;0
25.10. 04:00;0
25.10. 04:15;0
25.10. 04:30;0
25.10. 04:45;0
25.10. 05:00;0
25.10. 05:15;0
25.10. 05:30;0
25.10. 05:45;0
25.10. 06:00;0
25.10. 06:15;0
25.10. 06:30;0
25.10. 06:45;0
25.10. 07:00;0,32056
25.10. 07:15;0,95731
25.10. 07:30;1,1278
25.10. 07:45;0,82489
25.10. 08:00;1,5053
25.10. 08:15;3,434
25.10. 08:30;18,098
25.10. 08:45;10,785
25.10. 09:00;10,757
25.10. 09:15;14,625
25.10. 09:30;14,972
25.10. 09:45;14,507
25.10. 10:00;10,475
25.10. 10:15;10,987
25.10. 10:30;10,449
25.10. 10:45;15,251
25.10. 11:00;9,1594
25.10. 11:15;9,2162
25.10. 11:30;6,0488
25.10. 11:45;4,3058
25.10. 12:00;5,8681
25.10. 12:15;9,0028
25.10. 12:30;15,181
25.10. 12:45;11,062
25.10. 13:00;11,438
25.10. 13:15;7,7774
25.10. 13:30;7,6525
25.10. 13:45;5,4193
25.10. 14:00;4,8057
25.10. 14:15;5,6846
25.10. 14:30;6,5332
25.10. 14:45;4,1039
25.10. 15:00;2,7463
25.10. 15:15;1,4878
25.10. 15:30;0,6128
25.10. 15:45;1,2532
25.10. 16:00;0,33468
25.10. 16:15;0,05752
25.10. 16:30;0
25.10. 16:45;0
25.10. 17:00;0
25.10. 17:15;0
25.10. 17:30;0
25.10. 17:45;0
25.10. 18:00;0
25.10. 18:15;0
25.10. 18:30;0
25.10. 18:45;0
25.10. 19:00;0
25.10. 19:15;0
25.10. 19:30;0
25.10. 19:45;0
25.10. 20:00;0
25.10. 20:15;0
25.10. 20:30;0
25.10. 20:45;0
25.10. 21:00;0
25.10. 21:15;0
25.10. 21:30;0
25.10. 21:45;0
25.10. 22:00;0
25.10. 22:15;0
25.10. 22:30;0
25.10. 22:45;0
25.10. 23:00;0
25.10. 23:15;0
25.10. 23:30;0
25.10. 23:45;0
26.10. 00:00;0
26.10. 00:15;0
26.10. 00:30;0
26.10. 00:45;0
26.10. 01:00;0
26.10. 01:15;0
26.10. 01:30;0
26.10. 01:45;0
26.10. 02:00;0
26.10. 02:15;0
26.10. 02:30;0
26.10. 02:45;0
26.10. 03:00;0
26.10. 03:15;0
26.10. 03:30;0
26.10. 03:45;0
26.10. 04:00;0
26.10. 04:15;0
26.10. 04:30;0
26.10. 04:45;0
26.10. 05:00;0
26.10. 05:15;0
26.10. 05:30;0
26.10. 05:45;0
26.10. 06:00;0
26.10. 06:15;0
26.10. 06:30;0
26.10. 06:45;0
26.10. 07:00;0,00221
26.10. 07:15;0,09201
26.10. 07:30;0,13265
26.10. 07:45;0,10102
26.10. 08:00;1,1372
26.10. 08:15;4,3995
26.10. 08:30;9,4481
26.10. 08:45;14,117
26.10. 09:00;11,934
26.10. 09:15;12,414
26.10. 09:30;13,838
26.10. 09:45;10,118
26.10. 10:00;9,0564
26.10. 10:15;13,141
26.10. 10:30;6,5608
26.10. 10:45;8,0256
26.10. 11:00;8,529
26.10. 11:15;9,3743
26.10. 11:30;10,389
26.10. 11:45;14,454
26.10. 12:00;10,345
26.10. 12:15;4,0472
26.10. 12:30;3,7939
26.10. 12:45;4,8526
26.10. 13:00;4,512
26.10. 13:15;13,148
26.10. 13:30;23,796
26.10. 13:45;32,101
26.10. 14:00;11,137
26.10. 14:15;2,538
26.10. 14:30;1,6933
26.10. 14:45;0,95876
26.10. 15:00;0,64576
26.10. 15:15;0,95763
26.10. 15:30;1,2047
26.10. 15:45;1,0178
26.10. 16:00;0,81845
26.10. 16:15;0,34154
26.10. 16:30;0,00865
26.10. 16:45;0
26.10. 17:00;0
26.10. 17:15;0
26.10. 17:30;0
26.10. 17:45;0
26.10. 18:00;0
26.10. 18:15;0
26.10. 18:30;0
26.10. 18:45;0
26.10. 19:00;0
26.10. 19:15;0
26.10. 19:30;0
26.10. 19:45;0
26.10. 20:00;0
26.10. 20:15;0
26.10. 20:30;0
26.10. 20:45;0
26.10. 21:00;0
26.10. 21:15;0
26.10. 21:30;0
26.10. 21:45;0
26.10. 22:00;0
26.10. 22:15;0
26.10. 22:30;0
26.10. 22:45;0
26.10. 23:00;0
26.10. 23:15;0
26.10. 23:30;0
26.10. 23:45;0
27.10. 00:00;0
27.10. 00:15;0
27.10. 00:30;0
27.10. 00:45;0
27.10. 01:00;0
27.10. 01:15;0
27.10. 01:30;0
27.10. 01:45;0
27.10. 02:00;0
27.10. 02:15;0
27.10. 02:30;0
27.10. 02:45;0
27.10. 03:00;0
27.10. 03:15;0
27.10. 03:30;0
27.10. 03:45;0
27.10. 04:00;0
27.10. 04:15;0
27.10. 04:30;0
27.10. 04:45;0
27.10. 05:00;0
27.10. 05:15;0
27.10. 05:30;0
27.10. 05:45;0
27.10. 06:00;0
27.10. 06:15;0
27.10. 06:30;0
27.10. 06:45;0
27.10. 07:00;0,2777
27.10. 07:15;1,0909
27.10. 07:30;2,2359
27.10. 07:45;5,4684
27.10. 08:00;8,7202
27.10. 08:15;7,8382
27.10. 08:30;8,5787
27.10. 08:45;9,6168
27.10. 09:00;12,717
27.10. 09:15;10,207
27.10. 09:30;12,49
27.10. 09:45;13,418
27.10. 10:00;12,006
27.10. 10:15;16,876
27.10. 10:30;32,066
27.10. 10:45;19,548
27.10. 11:00;18,189
27.10. 11:15;21,689
27.10. 11:30;33,441
27.10. 11:45;27,053
27.10. 12:00;24,245
27.10. 12:15;12,499
27.10. 12:30;9,8762
27.10. 12:45;9,2387
27.10. 13:00;9,5626
27.10. 13:15;8,3278
27.10. 13:30;6,5021
27.10. 13:45;11,246
27.10. 14:00;11,067
27.10. 14:15;7,2492
27.10. 14:30;4,1949
27.10. 14:45;3,8955
27.10. 15:00;3,2591
27.10. 15:15;3,0198
27.10. 15:30;2,3642
27.10. 15:45;0,73367
27.10. 16:00;0,76824
27.10. 16:15;0,16729
27.10. 16:30;0,00221
27.10. 16:45;0
27.10. 17:00;0
27.10. 17:15;0
27.10. 17:30;0
27.10. 17:45;0
27.10. 18:00;0
27.10. 18:15;0
27.10. 18:30;0
27.10. 18:45;0
27.10. 19:00;0
27.10. 19:15;0
27.10. 19:30;0
27.10. 19:45;0
27.10. 20:00;0
27.10. 20:15;0
27.10. 20:30;0
27.10. 20:45;0
27.10. 21:00;0
27.10. 21:15;0
27.10. 21:30;0
27.10. 21:45;0
27.10. 22:00;0
27.10. 22:15;0
27.10. 22:30;0
27.10. 22:45;0
27.10. 23:00;0
27.10. 23:15;0
27.10. 23:30;0
27.10. 23:45;0
28.10. 00:00;0
28.10. 00:15;0
28.10. 00:30;0
28.10. 00:45;0
28.10. 01:00;0
28.10. 01:15;0
28.10. 01:30;0
28.10. 01:45;0
28.10. 02:00;0
28.10. 02:15;0
28.10. 02:30;0
28.10. 02:45;0
28.10. 03:00;0
28.10. 03:15;0
28.10. 03:30;0
28.10. 03:45;0
28.10. 04:00;0
28.10. 04:15;0
28.10. 04:30;0
28.10. 04:45;0
28.10. 05:00;0
28.10. 05:15;0
28.10. 05:30;0
28.10. 05:45;0
28.10. 06:00;0
28.10. 06:15;0
28.10. 06:30;0
28.10. 06:45;0
28.10. 07:00;0,12005
28.10. 07:15;0,44029
28.10. 07:30;1,0358
28.10. 07:45;1,9533
28.10. 08:00;2,2674
28.10. 08:15;3,516
28.10. 08:30;3,8953
28.10. 08:45;5,4711
28.10. 09:00;5,0793
28.10. 09:15;7,3083
28.10. 09:30;5,4782
28.10. 09:45;5,4272
28.10. 10:00;4,5806
28.10. 10:15;4,1548
28.10. 10:30;5,1282
28.10. 10:45;6,5687
28.10. 11:00;6,365
28.10. 11:15;6,7669
28.10. 11:30;5,8442
28.10. 11:45;9,4461
28.10. 12:00;10,275
28.10. 12:15;11,197
28.10. 12:30;8,5935
28.10. 12:45;4,6705
28.10. 13:00;4,6999
28.10. 13:15;6,2686
28.10. 13:30;4,9607
28.10. 13:45;2,7286
28.10. 14:00;4,1015
28.10. 14:15;5,0246
28.10. 14:30;6,7307
28.10. 14:45;6,4763
28.10. 15:00;4,6514
28.10. 15:15;3,6718
28.10. 15:30;3,4378
28.10. 15:45;1,6578
28.10. 16:00;0,44502
28.10. 16:15;0,18968
28.10. 16:30;0
28.10. 16:45;0
28.10. 17:00;0
28.10. 17:15;0
28.10. 17:30;0
28.10. 17:45;0
28.10. 18:00;0
28.10. 18:15;0
28.10. 18:30;0
28.10. 18:45;0
28.10. 19:00;0
28.10. 19:15;0
28.10. 19:30;0
28.10. 19:45;0
28.10. 20:00;0
28.10. 20:15;0
28.10. 20:30;0
28.10. 20:45;0
28.10. 21:00;0
28.10. 21:15;0
28.10. 21:30;0
28.10. 21:45;0
28.10. 22:00;0
28.10. 22:15;0
28.10. 22:30;0
28.10. 22:45;0
28.10. 23:00;0
28.10. 23:15;0
28.10. 23:30;0
28.10. 23:45;0
29.10. 00:00;0
29.10. 00:15;0
29.10. 00:30;0
29.10. 00:45;0
29.10. 01:00;0
29.10. 01:15;0
29.10. 01:30;0
29.10. 01:45;0
29.10. 02:00;0
29.10. 02:15;0
29.10. 02:30;0
29.10. 02:45;0
29.10. 03:00;0
29.10. 03:15;0
29.10. 03:30;0
29.10. 03:45;0
29.10. 04:00;0
29.10. 04:15;0
29.10. 04:30;0
29.10. 04:45;0
29.10. 05:00;0
29.10. 05:15;0
29.10. 05:30;0
29.10. 05:45;0
29.10. 06:00;0
29.10. 06:15;0
29.10. 06:30;0
29.10. 06:45;0
29.10. 07:00;0,03003
29.10. 07:15;0,12456
29.10. 07:30;0,11676
29.10. 07:45;0,07122
29.10. 08:00;0,44376
29.10. 08:15;9,4311
29.10. 08:30;12,519
29.10. 08:45;14,11
29.10. 09:00;13,531
29.10. 09:15;8,496
29.10. 09:30;6,9227
29.10. 09:45;9,7301
29.10. 10:00;17,161
29.10. 10:15;24,168
29.10. 10:30;20,377
29.10. 10:45;31,672
29.10. 11:00;23,005
29.10. 11:15;31,616
29.10. 11:30;35,461
29.10. 11:45;25,363
29.10. 12:00;20,285
29.10. 12:15;16,899
29.10. 12:30;25,086
29.10. 12:45;24,871
29.10. 13:00;26,916
29.10. 13:15;28,317
29.10. 13:30;20,383
29.10. 13:45;14,354
29.10. 14:00;12,138
29.10. 14:15;21,05
29.10. 14:30;21,944
29.10. 14:45;19,117
29.10. 15:00;13,336
29.10. 15:15;9,5409
29.10. 15:30;5,0152
29.10. 15:45;4,2012
29.10. 16:00;1,5659
29.10. 16:15;0,39337
29.10. 16:30;0
29.10. 16:45;0
29.10. 17:00;0
29.10. 17:15;0
29.10. 17:30;0
29.10. 17:45;0
29.10. 18:00;0
29.10. 18:15;0
29.10. 18:30;0
29.10. 18:45;0
29.10. 19:00;0
29.10. 19:15;0
29.10. 19:30;0
29.10. 19:45;0
29.10. 20:00;0
29.10. 20:15;0
29.10. 20:30;0
29.10. 20:45;0
29.10. 21:00;0
29.10. 21:15;0
29.10. 21:30;0
29.10. 21:45;0
29.10. 22:00;0
29.10. 22:15;0
29.10. 22:30;0
29.10. 22:45;0
29.10. 23:00;0
29.10. 23:15;0
29.10. 23:30;0
29.10. 23:45;0
30.10. 00:00;0
30.10. 00:15;0
30.10. 00:30;0
30.10. 00:45;0
30.10. 01:00;0
30.10. 01:15;0
30.10. 01:30;0
30.10. 01:45;0
30.10. 02:00;0
30.10. 02:15;0
30.10. 02:30;0
30.10. 02:45;0
30.10. 03:00;0
30.10. 03:15;0
30.10. 03:30;0
30.10. 03:45;0
30.10. 04:00;0
30.10. 04:15;0
30.10. 04:30;0
30.10. 04:45;0
30.10. 05:00;0
30.10. 05:15;0
30.10. 05:30;0
30.10. 05:45;0
30.10. 06:00;0
30.10. 06:15;0
30.10. 06:30;0
30.10. 06:45;0
30.10. 07:00;0,053
30.10. 07:15;0,21571
30.10. 07:30;0,21024
30.10. 07:45;0,10271
30.10. 08:00;0,52348
30.10. 08:15;2,2026
30.10. 08:30;3,3044
30.10. 08:45;2,2825
30.10. 09:00;3,2644
30.10. 09:15;7,4836
30.10. 09:30;8,9699
30.10. 09:45;10,634
30.10. 10:00;11,5
30.10. 10:15;10,658
30.10. 10:30;9,3253
30.10. 10:45;9,2834
30.10. 11:00;9,0111
30.10. 11:15;8,5298
30.10. 11:30;6,3213
30.10. 11:45;7,2847
30.10. 12:00;7,2202
30.10. 12:15;6,4271
30.10. 12:30;5,8721
30.10. 12:45;11,937
30.10. 13:00;14,509
30.10. 13:15;15,748
30.10. 13:30;13,044
30.10. 13:45;8,4325
30.10. 14:00;8,2812
30.10. 14:15;7,4022
30.10. 14:30;8,7704
30.10. 14:45;12,081
30.10. 15:00;6,1837
30.10. 15:15;1,9073
30.10. 15:30;0,43982
30.10. 15:45;0,35168
30.10. 16:00;0,22951
30.10. 16:15;0,18351
30.10. 16:30;0
30.10. 16:45;0
30.10. 17:00;0
30.10. 17:15;0
30.10. 17:30;0
30.10. 17:45;0
30.10. 18:00;0
30.10. 18:15;0
30.10. 18:30;0
30.10. 18:45;0
30.10. 19:00;0
30.10. 19:15;0
30.10. 19:30;0
30.10. 19:45;0
30.10. 20:00;0
30.10. 20:15;0
30.10. 20:30;0
30.10. 20:45;0
30.10. 21:00;0
30.10. 21:15;0
30.10. 21:30;0
30.10. 21:45;0
30.10. 22:00;0
30.10. 22:15;0
30.10. 22:30;0
30.10. 22:45;0
30.10. 23:00;0
30.10. 23:15;0
30.10. 23:30;0
30.10. 23:45;0
31.10. 00:00;0
31.10. 00:15;0
31.10. 00:30;0
31.10. 00:45;0
31.10. 01:00;0
31.10. 01:15;0
31.10. 01:30;0
31.10. 01:45;0
31.10. 02:00;0
31.10. 02:15;0
31.10. 02:30;0
31.10. 02:45;0
31.10. 03:00;0
31.10. 03:15;0
31.10. 03:30;0
31.10. 03:45;0
31.10. 04:00;0
31.10. 04:15;0
31.10. 04:30;0
31.10. 04:45;0
31.10. 05:00;0
31.10. 05:15;0
31.10. 05:30;0
31.10. 05:45;0
31.10. 06:00;0
31.10. 06:15;0
31.10. 06:30;0
31.10. 06:45;0
31.10. 07:00;0
31.10. 07:15;0,06424
31.10. 07:30;0,21049
31.10. 07:45;0,14812
31.10. 08:00;0,34776
31.10. 08:15;1,1951
31.10. 08:30;1,4594
31.10. 08:45;2,0276
31.10. 09:00;3,9057
31.10. 09:15;4,9127
31.10. 09:30;6,406
31.10. 09:45;5,5707
31.10. 10:00;5,6678
31.10. 10:15;5,8932
31.10. 10:30;4,7852
31.10. 10:45;2,3019
31.10. 11:00;1,8538
31.10. 11:15;8,3046
31.10. 11:30;8,78
31.10. 11:45;6,5677
31.10. 12:00;6,2813
31.10. 12:15;4,91
31.10. 12:30;4,7615
31.10. 12:45;4,0637
31.10. 13:00;3,1161
31.10. 13:15;5,3597
31.10. 13:30;4,7465
31.10. 13:45;3,8842
31.10. 14:00;3,8325
31.10. 14:15;3,6237
31.10. 14:30;2,0376
31.10. 14:45;0,76274
31.10. 15:00;0,91875
31.10. 15:15;0,69353
31.10. 15:30;1,1967
31.10. 15:45;0,99248
31.10. 16:00;0,11876
31.10. 16:15;0
31.10. 16:30;0
31.10. 16:45;0
31.10. 17:00;0
31.10. 17:15;0
31.10. 17:30;0
31.10. 17:45;0
31.10. 18:00;0
31.10. 18:15;0
31.10. 18:30;0
31.10. 18:45;0
31.10. 19:00;0
31.10. 19:15;0
31.10. 19:30;0
31.10. 19:45;0
31.10. 20:00;0
31.10. 20:15;0
31.10. 20:30;0
31.10. 20:45;0
31.10. 21:00;0
31.10. 21:15;0
31.10. 21:30;0
31.10. 21:45;0
31.10. 22:00;0
31.10. 22:15;0
31.10. 22:30;0
31.10. 22:45;0
31.10. 23:00;0
31.10. 23:15;0
31.10. 23:30;0
31.10. 23:45;0
01.11. 00:00;0
01.11. 00:15;0
01.11. 00:30;0
01.11. 00:45;0
01.11. 01:00;0
01.11. 01:15;0
01.11. 01:30;0
01.11. 01:45;0
01.11. 02:00;0
01.11. 02:15;0
01.11. 02:30;0
01.11. 02:45;0
01.11. 03:00;0
01.11. 03:15;0
01.11. 03:30;0
01.11. 03:45;0
01.11. 04:00;0
01.11. 04:15;0
01.11. 04:30;0
01.11. 04:45;0
01.11. 05:00;0
01.11. 05:15;0
01.11. 05:30;0
01.11. 05:45;0
01.11. 06:00;0
01.11. 06:15;0
01.11. 06:30;0
01.11. 06:45;0
01.11. 07:00;0,02564
01.11. 07:15;1,2226
01.11. 07:30;1,5167
01.11. 07:45;1,2684
01.11. 08:00;1,6314
01.11. 08:15;1,6037
01.11. 08:30;2,2682
01.11. 08:45;3,044
01.11. 09:00;5,5824
01.11. 09:15;5,6818
01.11. 09:30;5,7604
01.11. 09:45;7,5073
01.11. 10:00;5,8891
01.11. 10:15;5,6062
01.11. 10:30;7,5687
01.11. 10:45;7,0294
01.11. 11:00;10,278
01.11. 11:15;10,953
01.11. 11:30;13,222
01.11. 11:45;19,341
01.11. 12:00;17,182
01.11. 12:15;12,22
01.11. 12:30;6,0459
01.11. 12:45;4,499
01.11. 13:00;5,8732
01.11. 13:15;6,891
01.11. 13:30;6,2606
01.11. 13:45;6,8061
01.11. 14:00;6,1118
01.11. 14:15;7,3897
01.11. 14:30;9,0749
01.11. 14:45;9,0241
01.11. 15:00;6,2527
01.11. 15:15;5,8953
01.11. 15:30;8,6487
01.11. 15:45;4,2455
01.11. 16:00;0
01.11. 16:15;0
01.11. 16:30;0
01.11. 16:45;0
01.11. 17:00;0
01.11. 17:15;0
01.11. 17:30;0
01.11. 17:45;0
01.11. 18:00;0
01.11. 18:15;0
01.11. 18:30;0
01.11. 18:45;0
01.11. 19:00;0
01.11. 19:15;0
01.11. 19:30;0
01.11. 19:45;0
01.11. 20:00;0
01.11. 20:15;0
01.11. 20:30;0
01.11. 20:45;0
01.11. 21:00;0
01.11. 21:15;0
01.11. 21:30;0
01.11. 21:45;0
01.11. 22:00;0
01.11. 22:15;0
01.11. 22:30;0
01.11. 22:45;0
01.11. 23:00;0
01.11. 23:15;0
01.11. 23:30;0
01.11. 23:45;0
02.11. 00:00;0
02.11. 00:15;0
02.11. 00:30;0
02.11. 00:45;0
02.11. 01:00;0
02.11. 01:15;0
02.11. 01:30;0
02.11. 01:45;0
02.11. 02:00;0
02.11. 02:15;0
02.11. 02:30;0
02.11. 02:45;0
02.11. 03:00;0
02.11. 03:15;0
02.11. 03:30;0
02.11. 03:45;0
02.11. 04:00;0
02.11. 04:15;0
02.11. 04:30;0
02.11. 04:45;0
02.11. 05:00;0
02.11. 05:15;0
02.11. 05:30;0
02.11. 05:45;0
02.11. 06:00;0
02.11. 06:15;0
02.11. 06:30;0
02.11. 06:45;0
02.11. 07:00;0,01695
02.11. 07:15;1,2325
02.11. 07:30;4,7813
02.11. 07:45;7,7734
02.11. 08:00;9,693
02.11. 08:15;12,399
02.11. 08:30;15,168
02.11. 08:45;17,828
02.11. 09:00;21,618
02.11. 09:15;24,286
02.11. 09:30;26,832
02.11. 09:45;29,311
02.11. 10:00;31,355
02.11. 10:15;32,93
02.11. 10:30;34,365
02.11. 10:45;35,553
02.11. 11:00;36,241
02.11. 11:15;36,72
02.11. 11:30;37,081
02.11. 11:45;37,164
02.11. 12:00;36,588
02.11. 12:15;35,992
02.11. 12:30;35,263
02.11. 12:45;34,287
02.11. 13:00;31,568
02.11. 13:15;29,694
02.11. 13:30;28,076
02.11. 13:45;26,241
02.11. 14:00;19,351
02.11. 14:15;14,373
02.11. 14:30;16,506
02.11. 14:45;17,185
02.11. 15:00;5,911
02.11. 15:15;6,6194
02.11. 15:30;6,4649
02.11. 15:45;5,5047
02.11. 16:00;0
02.11. 16:15;0
02.11. 16:30;0
02.11. 16:45;0
02.11. 17:00;0
02.11. 17:15;0
02.11. 17:30;0
02.11. 17:45;0
02.11. 18:00;0
02.11. 18:15;0
02.11. 18:30;0
02.11. 18:45;0
02.11. 19:00;0
02.11. 19:15;0
02.11. 19:30;0
02.11. 19:45;0
02.11. 20:00;0
02.11. 20:15;0
02.11. 20:30;0
02.11. 20:45;0
02.11. 21:00;0
02.11. 21:15;0
02.11. 21:30;0
02.11. 21:45;0
02.11. 22:00;0
02.11. 22:15;0
02.11. 22:30;0
02.11. 22:45;0
02.11. 23:00;0
02.11. 23:15;0
02.11. 23:30;0
02.11. 23:45;0
03.11. 00:00;0
03.11. 00:15;0
03.11. 00:30;0
03.11. 00:45;0
03.11. 01:00;0
03.11. 01:15;0
03.11. 01:30;0
03.11. 01:45;0
03.11. 02:00;0
03.11. 02:15;0
03.11. 02:30;0
03.11. 02:45;0
03.11. 03:00;0
03.11. 03:15;0
03.11. 03:30;0
03.11. 03:45;0
03.11. 04:00;0
03.11. 04:15;0
03.11. 04:30;0
03.11. 04:45;0
03.11. 05:00;0
03.11. 05:15;0
03.11. 05:30;0
03.11. 05:45;0
03.11. 06:00;0
03.11. 06:15;0
03.11. 06:30;0
03.11. 06:45;0
03.11. 07:00;0
03.11. 07:15;0,71096
03.11. 07:30;3,687
03.11. 07:45;8,7882
03.11. 08:00;10,449
03.11. 08:15;12,663
03.11. 08:30;15,663
03.11. 08:45;14,12
03.11. 09:00;20,831
03.11. 09:15;24,11
03.11. 09:30;26,487
03.11. 09:45;28,64
03.11. 10:00;30,108
03.11. 10:15;31,544
03.11. 10:30;32,946
03.11. 10:45;34,102
03.11. 11:00;34,671
03.11. 11:15;34,576
03.11. 11:30;34,267
03.11. 11:45;34,473
03.11. 12:00;32,828
03.11. 12:15;31,846
03.11. 12:30;30,909
03.11. 12:45;29,715
03.11. 13:00;26,747
03.11. 13:15;25,141
03.11. 13:30;23,918
03.11. 13:45;22,336
03.11. 14:00;15,256
03.11. 14:15;18,853
03.11. 14:30;22,847
03.11. 14:45;18,915
03.11. 15:00;14,787
03.11. 15:15;8,7767
03.11. 15:30;5,0887
03.11. 15:45;2,3349
03.11. 16:00;0
03.11. 16:15;0
03.11. 16:30;0
03.11. 16:45;0
03.11. 17:00;0
03.11. 17:15;0
03.11. 17:30;0
03.11. 17:45;0
03.11. 18:00;0
03.11. 18:15;0
03.11. 18:30;0
03.11. 18:45;0
03.11. 19:00;0
03.11. 19:15;0
03.11. 19:30;0
03.11. 19:45;0
03.11. 20:00;0
03.11. 20:15;0
03.11. 20:30;0
03.11. 20:45;0
03.11. 21:00;0
03.11. 21:15;0
03.11. 21:30;0
03.11. 21:45;0
03.11. 22:00;0
03.11. 22:15;0
03.11. 22:30;0
03.11. 22:45;0
03.11. 23:00;0
03.11. 23:15;0
03.11. 23:30;0
03.11. 23:45;0
04.11. 00:00;0
04.11. 00:15;0
04.11. 00:30;0
04.11. 00:45;0
04.11. 01:00;0
04.11. 01:15;0
04.11. 01:30;0
04.11. 01:45;0
04.11. 02:00;0
04.11. 02:15;0
04.11. 02:30;0
04.11. 02:45;0
04.11. 03:00;0
04.11. 03:15;0
04.11. 03:30;0
04.11. 03:45;0
04.11. 04:00;0
04.11. 04:15;0
04.11. 04:30;0
04.11. 04:45;0
04.11. 05:00;0
04.11. 05:15;0
04.11. 05:30;0
04.11. 05:45;0
04.11. 06:00;0
04.11. 06:15;0
04.11. 06:30;0
04.11. 06:45;0
04.11. 07:00;0
04.11. 07:15;0,14557
04.11. 07:30;1,0767
04.11. 07:45;1,8553
04.11. 08:00;2,9657
04.11. 08:15;3,6875
04.11. 08:30;4,2836
04.11. 08:45;4,2957
04.11. 09:00;4,624
04.11. 09:15;4,8444
04.11. 09:30;5,7463
04.11. 09:45;4,5496
04.11. 10:00;3,37
04.11. 10:15;4,3797
04.11. 10:30;8,6943
04.11. 10:45;12,175
04.11. 11:00;12,487
04.11. 11:15;11,023
04.11. 11:30;10,354
04.11. 11:45;10,847
04.11. 12:00;12,485
04.11. 12:15;14,441
04.11. 12:30;13,621
04.11. 12:45;12,532
04.11. 13:00;8,4551
04.11. 13:15;9,213
04.11. 13:30;8,0465
04.11. 13:45;7,8807
04.11. 14:00;5,0341
04.11. 14:15;3,1991
04.11. 14:30;2,1921
04.11. 14:45;1,8078
04.11. 15:00;1,6051
04.11. 15:15;2,2623
04.11. 15:30;2,094
04.11. 15:45;1,2632
04.11. 16:00;0
04.11. 16:15;0
04.11. 16:30;0
04.11. 16:45;0
04.11. 17:00;0
04.11. 17:15;0
04.11. 17:30;0
04.11. 17:45;0
04.11. 18:00;0
04.11. 18:15;0
04.11. 18:30;0
04.11. 18:45;0
04.11. 19:00;0
04.11. 19:15;0
04.11. 19:30;0
04.11. 19:45;0
04.11. 20:00;0
04.11. 20:15;0
04.11. 20:30;0
04.11. 20:45;0
04.11. 21:00;0
04.11. 21:15;0
04.11. 21:30;0
04.11. 21:45;0
04.11. 22:00;0
04.11. 22:15;0
04.11. 22:30;0
04.11. 22:45;0
04.11. 23:00;0
04.11. 23:15;0
04.11. 23:30;0
04.11. 23:45;0
05.11. 00:00;0
05.11. 00:15;0
05.11. 00:30;0
05.11. 00:45;0
05.11. 01:00;0
05.11. 01:15;0
05.11. 01:30;0
05.11. 01:45;0
05.11. 02:00;0
05.11. 02:15;0
05.11. 02:30;0
05.11. 02:45;0
05.11. 03:00;0
05.11. 03:15;0
05.11. 03:30;0
05.11. 03:45;0
05.11. 04:00;0
05.11. 04:15;0
05.11. 04:30;0
05.11. 04:45;0
05.11. 05:00;0
05.11. 05:15;0
05.11. 05:30;0
05.11. 05:45;0
05.11. 06:00;0
05.11. 06:15;0
05.11. 06:30;0
05.11. 06:45;0
05.11. 07:00;0
05.11. 07:15;0
05.11. 07:30;0,00801
05.11. 07:45;0,19486
05.11. 08:00;0,40113
05.11. 08:15;0,60123
05.11. 08:30;1,1098
05.11. 08:45;1,1789
05.11. 09:00;1,4753
05.11. 09:15;2,1337
05.11. 09:30;2,764
05.11. 09:45;3,3789
05.11. 10:00;3,6232
05.11. 10:15;4,4765
05.11. 10:30;3,0748
05.11. 10:45;5,2684
05.11. 11:00;5,8664
05.11. 11:15;6,124
05.11. 11:30;4,4962
05.11. 11:45;4,4959
05.11. 12:00;4,8454
05.11. 12:15;3,4666
05.11. 12:30;3,4372
05.11. 12:45;6,7475
05.11. 13:00;7,9569
05.11. 13:15;6,8805
05.11. 13:30;3,411
05.11. 13:45;1,7234
05.11. 14:00;2,9864
05.11. 14:15;4,6614
05.11. 14:30;4,708
05.11. 14:45;4,9146
05.11. 15:00;2,2645
05.11. 15:15;0,79363
05.11. 15:30;0,43
05.11. 15:45;0,09752
05.11. 16:00;0
05.11. 16:15;0
05.11. 16:30;0
05.11. 16:45;0
05.11. 17:00;0
05.11. 17:15;0
05.11. 17:30;0
05.11. 17:45;0
05.11. 18:00;0
05.11. 18:15;0
05.11. 18:30;0
05.11. 18:45;0
05.11. 19:00;0
05.11. 19:15;0
05.11. 19:30;0
05.11. 19:45;0
05.11. 20:00;0
05.11. 20:15;0
05.11. 20:30;0
05.11. 20:45;0
05.11. 21:00;0
05.11. 21:15;0
05.11. 21:30;0
05.11. 21:45;0
05.11. 22:00;0
05.11. 22:15;0
05.11. 22:30;0
05.11. 22:45;0
05.11. 23:00;0
05.11. 23:15;0
05.11. 23:30;0
05.11. 23:45;0
06.11. 00:00;0
06.11. 00:15;0
06.11. 00:30;0
06.11. 00:45;0
06.11. 01:00;0
06.11. 01:15;0
06.11. 01:30;0
06.11. 01:45;0
06.11. 02:00;0
06.11. 02:15;0
06.11. 02:30;0
06.11. 02:45;0
06.11. 03:00;0
06.11. 03:15;0
06.11. 03:30;0
06.11. 03:45;0
06.11. 04:00;0
06.11. 04:15;0
06.11. 04:30;0
06.11. 04:45;0
06.11. 05:00;0
06.11. 05:15;0
06.11. 05:30;0
06.11. 05:45;0
06.11. 06:00;0
06.11. 06:15;0
06.11. 06:30;0
06.11. 06:45;0
06.11. 07:00;0
06.11. 07:15;0,08666
06.11. 07:30;0,95499
06.11. 07:45;0,58039
06.11. 08:00;1,108
06.11. 08:15;1,6062
06.11. 08:30;2,647
06.11. 08:45;3,9331
06.11. 09:00;6,8089
06.11. 09:15;7,5569
06.11. 09:30;8,0991
06.11. 09:45;8,8234
06.11. 10:00;10,679
06.11. 10:15;10,217
06.11. 10:30;10,368
06.11. 10:45;16,776
06.11. 11:00;17,376
06.11. 11:15;12,711
06.11. 11:30;9,5014
06.11. 11:45;5,4915
06.11. 12:00;11,784
06.11. 12:15;13,791
06.11. 12:30;17,569
06.11. 12:45;15,514
06.11. 13:00;11,983
06.11. 13:15;8,361
06.11. 13:30;6,3715
06.11. 13:45;5,1065
06.11. 14:00;7,0537
06.11. 14:15;6,7919
06.11. 14:30;6,9442
06.11. 14:45;3,9165
06.11. 15:00;3,0092
06.11. 15:15;2,4587
06.11. 15:30;1,628
06.11. 15:45;3,0084
06.11. 16:00;0
06.11. 16:15;0
06.11. 16:30;0
06.11. 16:45;0
06.11. 17:00;0
06.11. 17:15;0
06.11. 17:30;0
06.11. 17:45;0
06.11. 18:00;0
06.11. 18:15;0
06.11. 18:30;0
06.11. 18:45;0
06.11. 19:00;0
06.11. 19:15;0
06.11. 19:30;0
06.11. 19:45;0
06.11. 20:00;0
06.11. 20:15;0
06.11. 20:30;0
06.11. 20:45;0
06.11. 21:00;0
06.11. 21:15;0
06.11. 21:30;0
06.11. 21:45;0
06.11. 22:00;0
06.11. 22:15;0
06.11. 22:30;0
06.11. 22:45;0
06.11. 23:00;0
06.11. 23:15;0
06.11. 23:30;0
06.11. 23:45;0
07.11. 00:00;0
07.11. 00:15;0
07.11. 00:30;0
07.11. 00:45;0
07.11. 01:00;0
07.11. 01:15;0
07.11. 01:30;0
07.11. 01:45;0
07.11. 02:00;0
07.11. 02:15;0
07.11. 02:30;0
07.11. 02:45;0
07.11. 03:00;0
07.11. 03:15;0
07.11. 03:30;0
07.11. 03:45;0
07.11. 04:00;0
07.11. 04:15;0
07.11. 04:30;0
07.11. 04:45;0
07.11. 05:00;0
07.11. 05:15;0
07.11. 05:30;0
07.11. 05:45;0
07.11. 06:00;0
07.11. 06:15;0
07.11. 06:30;0
07.11. 06:45;0
07.11. 07:00;0
07.11. 07:15;0,0099
07.11. 07:30;0,26424
07.11. 07:45;0,31085
07.11. 08:00;1,2178
07.11. 08:15;3,2996
07.11. 08:30;4,6258
07.11. 08:45;4,5345
07.11. 09:00;6,0419
07.11. 09:15;5,0698
07.11. 09:30;6,7807
07.11. 09:45;5,0619
07.11. 10:00;4,3861
07.11. 10:15;4,1434
07.11. 10:30;7,3185
07.11. 10:45;9,5273
07.11. 11:00;9,5267
07.11. 11:15;8,3951
07.11. 11:30;8,9277
07.11. 11:45;6,9084
07.11. 12:00;9,1091
07.11. 12:15;9,7048
07.11. 12:30;10,33
07.11. 12:45;8,6103
07.11. 13:00;9,5791
07.11. 13:15;15,544
07.11. 13:30;20,499
07.11. 13:45;10,127
07.11. 14:00;15,531
07.11. 14:15;18,665
07.11. 14:30;10,592
07.11. 14:45;6,4184
07.11. 15:00;10,1
07.11. 15:15;6,6721
07.11. 15:30;2,2753
07.11. 15:45;1,5916
07.11. 16:00;0
07.11. 16:15;0
07.11. 16:30;0
07.11. 16:45;0
07.11. 17:00;0
07.11. 17:15;0
07.11. 17:30;0
07.11. 17:45;0
07.11. 18:00;0
07.11. 18:15;0
07.11. 18:30;0
07.11. 18:45;0
07.11. 19:00;0
07.11. 19:15;0
07.11. 19:30;0
07.11. 19:45;0
07.11. 20:00;0
07.11. 20:15;0
07.11. 20:30;0
07.11. 20:45;0
07.11. 21:00;0
07.11. 21:15;0
07.11. 21:30;0
07.11. 21:45;0
07.11. 22:00;0
07.11. 22:15;0
07.11. 22:30;0
07.11. 22:45;0
07.11. 23:00;0
07.11. 23:15;0
07.11. 23:30;0
07.11. 23:45;0
08.11. 00:00;0
08.11. 00:15;0
08.11. 00:30;0
08.11. 00:45;0
08.11. 01:00;0
08.11. 01:15;0
08.11. 01:30;0
08.11. 01:45;0
08.11. 02:00;0
08.11. 02:15;0
08.11. 02:30;0
08.11. 02:45;0
08.11. 03:00;0
08.11. 03:15;0
08.11. 03:30;0
08.11. 03:45;0
08.11. 04:00;0
08.11. 04:15;0
08.11. 04:30;0
08.11. 04:45;0
08.11. 05:00;0
08.11. 05:15;0
08.11. 05:30;0
08.11. 05:45;0
08.11. 06:00;0
08.11. 06:15;0
08.11. 06:30;0
08.11. 06:45;0
08.11. 07:00;0
08.11. 07:15;0,0967
08.11. 07:30;1,2744
08.11. 07:45;5,2489
08.11. 08:00;8,7725
08.11. 08:15;10,898
08.11. 08:30;9,7761
08.11. 08:45;15,032
08.11. 09:00;17,353
08.11. 09:15;19,326
08.11. 09:30;21,371
08.11. 09:45;23,252
08.11. 10:00;24,734
08.11. 10:15;26,13
08.11. 10:30;27,36
08.11. 10:45;27,895
08.11. 11:00;30,016
08.11. 11:15;30,661
08.11. 11:30;30,992
08.11. 11:45;31,081
08.11. 12:00;32,187
08.11. 12:15;32,098
08.11. 12:30;31,409
08.11. 12:45;30,469
08.11. 13:00;28,949
08.11. 13:15;27,104
08.11. 13:30;24,953
08.11. 13:45;22,99
08.11. 14:00;20,509
08.11. 14:15;18,21
08.11. 14:30;15,976
08.11. 14:45;13,591
08.11. 15:00;5,3691
08.11. 15:15;7,3424
08.11. 15:30;8,2974
08.11. 15:45;3,2688
08.11. 16:00;0
08.11. 16:15;0
08.11. 16:30;0
08.11. 16:45;0
08.11. 17:00;0
08.11. 17:15;0
08.11. 17:30;0
08.11. 17:45;0
08.11. 18:00;0
08.11. 18:15;0
08.11. 18:30;0
08.11. 18:45;0
08.11. 19:00;0
08.11. 19:15;0
08.11. 19:30;0
08.11. 19:45;0
08.11. 20:00;0
08.11. 20:15;0
08.11. 20:30;0
08.11. 20:45;0
08.11. 21:00;0
08.11. 21:15;0
08.11. 21:30;0
08.11. 21:45;0
08.11. 22:00;0
08.11. 22:15;0
08.11. 22:30;0
08.11. 22:45;0
08.11. 23:00;0
08.11. 23:15;0
08.11. 23:30;0
08.11. 23:45;0
09.11. 00:00;0
09.11. 00:15;0
09.11. 00:30;0
09.11. 00:45;0
09.11. 01:00;0
09.11. 01:15;0
09.11. 01:30;0
09.11. 01:45;0
09.11. 02:00;0
09.11. 02:15;0
09.11. 02:30;0
09.11. 02:45;0
09.11. 03:00;0
09.11. 03:15;0
09.11. 03:30;0
09.11. 03:45;0
09.11. 04:00;0
09.11. 04:15;0
09.11. 04:30;0
09.11. 04:45;0
09.11. 05:00;0
09.11. 05:15;0
09.11. 05:30;0
09.11. 05:45;0
09.11. 06:00;0
09.11. 06:15;0
09.11. 06:30;0
09.11. 06:45;0
09.11. 07:00;0
09.11. 07:15;0,01411
09.11. 07:30;0,65487
09.11. 07:45;4,1834
09.11. 08:00;7,372
09.11. 08:15;4,7102
09.11. 08:30;10,406
09.11. 08:45;11,028
09.11. 09:00;17,874
09.11. 09:15;18,228
09.11. 09:30;10,434
09.11. 09:45;7,8089
09.11. 10:00;7,441
09.11. 10:15;11,07
09.11. 10:30;9,5707
09.11. 10:45;14,527
09.11. 11:00;11,742
09.11. 11:15;9,6158
09.11. 11:30;9,3822
09.11. 11:45;7,8201
09.11. 12:00;6,0749
09.11. 12:15;5,0075
09.11. 12:30;12,603
09.11. 12:45;11,697
09.11. 13:00;14,669
09.11. 13:15;7,6452
09.11. 13:30;7,9994
09.11. 13:45;13,966
09.11. 14:00;9,2816
09.11. 14:15;6,4878
09.11. 14:30;5,4438
09.11. 14:45;7,7553
09.11. 15:00;9,7036
09.11. 15:15;4,4611
09.11. 15:30;3,3985
09.11. 15:45;1,9149
09.11. 16:00;0
09.11. 16:15;0
09.11. 16:30;0
09.11. 16:45;0
09.11. 17:00;0
09.11. 17:15;0
09.11. 17:30;0
09.11. 17:45;0
09.11. 18:00;0
09.11. 18:15;0
09.11. 18:30;0
09.11. 18:45;0
09.11. 19:00;0
09.11. 19:15;0
09.11. 19:30;0
09.11. 19:45;0
09.11. 20:00;0
09.11. 20:15;0
09.11. 20:30;0
09.11. 20:45;0
09.11. 21:00;0
09.11. 21:15;0
09.11. 21:30;0
09.11. 21:45;0
09.11. 22:00;0
09.11. 22:15;0
09.11. 22:30;0
09.11. 22:45;0
09.11. 23:00;0
09.11. 23:15;0
09.11. 23:30;0
09.11. 23:45;0
10.11. 00:00;0
10.11. 00:15;0
10.11. 00:30;0
10.11. 00:45;0
10.11. 01:00;0
10.11. 01:15;0
10.11. 01:30;0
10.11. 01:45;0
10.11. 02:00;0
10.11. 02:15;0
10.11. 02:30;0
10.11. 02:45;0
10.11. 03:00;0
10.11. 03:15;0
10.11. 03:30;0
10.11. 03:45;0
10.11. 04:00;0
10.11. 04:15;0
10.11. 04:30;0
10.11. 04:45;0
10.11. 05:00;0
10.11. 05:15;0
10.11. 05:30;0
10.11. 05:45;0
10.11. 06:00;0
10.11. 06:15;0
10.11. 06:30;0
10.11. 06:45;0
10.11. 07:00;0
10.11. 07:15;0,01734
10.11. 07:30;0,57402
10.11. 07:45;1,5865
10.11. 08:00;6,1803
10.11. 08:15;6,7464
10.11. 08:30;7,7107
10.11. 08:45;12,087
10.11. 09:00;13,086
10.11. 09:15;12,852
10.11. 09:30;22,428
10.11. 09:45;22,55
10.11. 10:00;26,717
10.11. 10:15;20,707
10.11. 10:30;28,866
10.11. 10:45;33,689
10.11. 11:00;28,794
10.11. 11:15;29,778
10.11. 11:30;30,11
10.11. 11:45;30,203
10.11. 12:00;29,256
10.11. 12:15;28,024
10.11. 12:30;27,62
10.11. 12:45;26,654
10.11. 13:00;27,973
10.11. 13:15;24,132
10.11. 13:30;15,365
10.11. 13:45;14,453
10.11. 14:00;18,356
10.11. 14:15;10,589
10.11. 14:30;9,9626
10.11. 14:45;6,9072
10.11. 15:00;6,391
10.11. 15:15;5,0502
10.11. 15:30;3,3047
10.11. 15:45;1,4553
10.11. 16:00;0
10.11. 16:15;0
10.11. 16:30;0
10.11. 16:45;0
10.11. 17:00;0
10.11. 17:15;0
10.11. 17:30;0
10.11. 17:45;0
10.11. 18:00;0
10.11. 18:15;0
10.11. 18:30;0
10.11. 18:45;0
10.11. 19:00;0
10.11. 19:15;0
10.11. 19:30;0
10.11. 19:45;0
10.11. 20:00;0
10.11. 20:15;0
10.11. 20:30;0
10.11. 20:45;0
10.11. 21:00;0
10.11. 21:15;0
10.11. 21:30;0
10.11. 21:45;0
10.11. 22:00;0
10.11. 22:15;0
10.11. 22:30;0
10.11. 22:45;0
10.11. 23:00;0
10.11. 23:15;0
10.11. 23:30;0
10.11. 23:45;0
11.11. 00:00;0
11.11. 00:15;0
11.11. 00:30;0
11.11. 00:45;0
11.11. 01:00;0
11.11. 01:15;0
11.11. 01:30;0
11.11. 01:45;0
11.11. 02:00;0
11.11. 02:15;0
11.11. 02:30;0
11.11. 02:45;0
11.11. 03:00;0
11.11. 03:15;0
11.11. 03:30;0
11.11. 03:45;0
11.11. 04:00;0
11.11. 04:15;0
11.11. 04:30;0
11.11. 04:45;0
11.11. 05:00;0
11.11. 05:15;0
11.11. 05:30;0
11.11. 05:45;0
11.11. 06:00;0
11.11. 06:15;0
11.11. 06:30;0
11.11. 06:45;0
11.11. 07:00;0
11.11. 07:15;0
11.11. 07:30;0,20001
11.11. 07:45;0,78843
11.11. 08:00;0,95237
11.11. 08:15;1,2957
11.11. 08:30;1,3903
11.11. 08:45;1,7249
11.11. 09:00;2,6067
11.11. 09:15;2,727
11.11. 09:30;3,7243
11.11. 09:45;2,4731
11.11. 10:00;1,7545
11.11. 10:15;1,2779
11.11. 10:30;4,9146
11.11. 10:45;7,6813
11.11. 11:00;5,1539
11.11. 11:15;3,8504
11.11. 11:30;3,1865
11.11. 11:45;3,2258
11.11. 12:00;2,2549
11.11. 12:15;5,3033
11.11. 12:30;4,7748
11.11. 12:45;5,589
11.11. 13:00;3,5507
11.11. 13:15;1,8714
11.11. 13:30;1,5947
11.11. 13:45;1,1867
11.11. 14:00;1,5565
11.11. 14:15;1,5889
11.11. 14:30;1,5784
11.11. 14:45;1,356
11.11. 15:00;0,60102
11.11. 15:15;2,0797
11.11. 15:30;2,4718
11.11. 15:45;1,2596
11.11. 16:00;0
11.11. 16:15;0
11.11. 16:30;0
11.11. 16:45;0
11.11. 17:00;0
11.11. 17:15;0
11.11. 17:30;0
11.11. 17:45;0
11.11. 18:00;0
11.11. 18:15;0
11.11. 18:30;0
11.11. 18:45;0
11.11. 19:00;0
11.11. 19:15;0
11.11. 19:30;0
11.11. 19:45;0
11.11. 20:00;0
11.11. 20:15;0
11.11. 20:30;0
11.11. 20:45;0
11.11. 21:00;0
11.11. 21:15;0
11.11. 21:30;0
11.11. 21:45;0
11.11. 22:00;0
11.11. 22:15;0
11.11. 22:30;0
11.11. 22:45;0
11.11. 23:00;0
11.11. 23:15;0
11.11. 23:30;0
11.11. 23:45;0
12.11. 00:00;0
12.11. 00:15;0
12.11. 00:30;0
12.11. 00:45;0
12.11. 01:00;0
12.11. 01:15;0
12.11. 01:30;0
12.11. 01:45;0
12.11. 02:00;0
12.11. 02:15;0
12.11. 02:30;0
12.11. 02:45;0
12.11. 03:00;0
12.11. 03:15;0
12.11. 03:30;0
12.11. 03:45;0
12.11. 04:00;0
12.11. 04:15;0
12.11. 04:30;0
12.11. 04:45;0
12.11. 05:00;0
12.11. 05:15;0
12.11. 05:30;0
12.11. 05:45;0
12.11. 06:00;0
12.11. 06:15;0
12.11. 06:30;0
12.11. 06:45;0
12.11. 07:00;0
12.11. 07:15;0
12.11. 07:30;0,08002
12.11. 07:45;0,35927
12.11. 08:00;0,48841
12.11. 08:15;1,5931
12.11. 08:30;4,5267
12.11. 08:45;7,683
12.11. 09:00;6,949
12.11. 09:15;8,175
12.11. 09:30;6,8407
12.11. 09:45;9,7645
12.11. 10:00;11,118
12.11. 10:15;7,4338
12.11. 10:30;4,3105
12.11. 10:45;1,7856
12.11. 11:00;4,5783
12.11. 11:15;5,5215
12.11. 11:30;10,759
12.11. 11:45;12,87
12.11. 12:00;9,2191
12.11. 12:15;9,7685
12.11. 12:30;9,4314
12.11. 12:45;10,953
12.11. 13:00;9,5219
12.11. 13:15;7,043
12.11. 13:30;6,0031
12.11. 13:45;6,2624
12.11. 14:00;4,0395
12.11. 14:15;2,4601
12.11. 14:30;2,2993
12.11. 14:45;2,1843
12.11. 15:00;2,3799
12.11. 15:15;2,3905
12.11. 15:30;2,0691
12.11. 15:45;0,6204
12.11. 16:00;0
12.11. 16:15;0
12.11. 16:30;0
12.11. 16:45;0
12.11. 17:00;0
12.11. 17:15;0
12.11. 17:30;0
12.11. 17:45;0
12.11. 18:00;0
12.11. 18:15;0
12.11. 18:30;0
12.11. 18:45;0
12.11. 19:00;0
12.11. 19:15;0
12.11. 19:30;0
12.11. 19:45;0
12.11. 20:00;0
12.11. 20:15;0
12.11. 20:30;0
12.11. 20:45;0
12.11. 21:00;0
12.11. 21:15;0
12.11. 21:30;0
12.11. 21:45;0
12.11. 22:00;0
12.11. 22:15;0
12.11. 22:30;0
12.11. 22:45;0
12.11. 23:00;0
12.11. 23:15;0
12.11. 23:30;0
12.11. 23:45;0
13.11. 00:00;0
13.11. 00:15;0
13.11. 00:30;0
13.11. 00:45;0
13.11. 01:00;0
13.11. 01:15;0
13.11. 01:30;0
13.11. 01:45;0
13.11. 02:00;0
13.11. 02:15;0
13.11. 02:30;0
13.11. 02:45;0
13.11. 03:00;0
13.11. 03:15;0
13.11. 03:30;0
13.11. 03:45;0
13.11. 04:00;0
13.11. 04:15;0
13.11. 04:30;0
13.11. 04:45;0
13.11. 05:00;0
13.11. 05:15;0
13.11. 05:30;0
13.11. 05:45;0
13.11. 06:00;0
13.11. 06:15;0
13.11. 06:30;0
13.11. 06:45;0
13.11. 07:00;0
13.11. 07:15;0
13.11. 07:30;0,38481
13.11. 07:45;2,1309
13.11. 08:00;3,9369
13.11. 08:15;3,8188
13.11. 08:30;3,5023
13.11. 08:45;4,9119
13.11. 09:00;6,3513
13.11. 09:15;6,7247
13.11. 09:30;4,3685
13.11. 09:45;4,1777
13.11. 10:00;3,7662
13.11. 10:15;4,2042
13.11. 10:30;3,9049
13.11. 10:45;2,6784
13.11. 11:00;2,7927
13.11. 11:15;2,8653
13.11. 11:30;4,9593
13.11. 11:45;6,7218
13.11. 12:00;4,5979
13.11. 12:15;3,6545
13.11. 12:30;3,6248
13.11. 12:45;3,0748
13.11. 13:00;4,0994
13.11. 13:15;4,4935
13.11. 13:30;2,5992
13.11. 13:45;1,6292
13.11. 14:00;1,6106
13.11. 14:15;3,2024
13.11. 14:30;2,6478
13.11. 14:45;2,3261
13.11. 15:00;1,9342
13.11. 15:15;1,3285
13.11. 15:30;0,7645
13.11. 15:45;0,14998
13.11. 16:00;0
13.11. 16:15;0
13.11. 16:30;0
13.11. 16:45;0
13.11. 17:00;0
13.11. 17:15;0
13.11. 17:30;0
13.11. 17:45;0
13.11. 18:00;0
13.11. 18:15;0
13.11. 18:30;0
13.11. 18:45;0
13.11. 19:00;0
13.11. 19:15;0
13.11. 19:30;0
13.11. 19:45;0
13.11. 20:00;0
13.11. 20:15;0
13.11. 20:30;0
13.11. 20:45;0
13.11. 21:00;0
13.11. 21:15;0
13.11. 21:30;0
13.11. 21:45;0
13.11. 22:00;0
13.11. 22:15;0
13.11. 22:30;0
13.11. 22:45;0
13.11. 23:00;0
13.11. 23:15;0
13.11. 23:30;0
13.11. 23:45;0
14.11. 00:00;0
14.11. 00:15;0
14.11. 00:30;0
14.11. 00:45;0
14.11. 01:00;0
14.11. 01:15;0
14.11. 01:30;0
14.11. 01:45;0
14.11. 02:00;0
14.11. 02:15;0
14.11. 02:30;0
14.11. 02:45;0
14.11. 03:00;0
14.11. 03:15;0
14.11. 03:30;0
14.11. 03:45;0
14.11. 04:00;0
14.11. 04:15;0
14.11. 04:30;0
14.11. 04:45;0
14.11. 05:00;0
14.11. 05:15;0
14.11. 05:30;0
14.11. 05:45;0
14.11. 06:00;0
14.11. 06:15;0
14.11. 06:30;0
14.11. 06:45;0
14.11. 07:00;0
14.11. 07:15;0
14.11. 07:30;0,00754
14.11. 07:45;0,21786
14.11. 08:00;1,1656
14.11. 08:15;2,3369
14.11. 08:30;4,1112
14.11. 08:45;13,089
14.11. 09:00;17,238
14.11. 09:15;11,966
14.11. 09:30;11,371
14.11. 09:45;11,837
14.11. 10:00;15,489
14.11. 10:15;11,842
14.11. 10:30;8,9039
14.11. 10:45;7,0504
14.11. 11:00;10,091
14.11. 11:15;9,9136
14.11. 11:30;15,686
14.11. 11:45;14,414
14.11. 12:00;10,052
14.11. 12:15;8,1905
14.11. 12:30;6,3885
14.11. 12:45;6,9444
14.11. 13:00;3,8121
14.11. 13:15;3,7474
14.11. 13:30;3,1828
14.11. 13:45;2,2312
14.11. 14:00;2,0957
14.11. 14:15;3,0222
14.11. 14:30;3,5285
14.11. 14:45;1,8171
14.11. 15:00;2,2278
14.11. 15:15;2,2512
14.11. 15:30;0,86374
14.11. 15:45;0,24818
14.11. 16:00;0
14.11. 16:15;0
14.11. 16:30;0
14.11. 16:45;0
14.11. 17:00;0
14.11. 17:15;0
14.11. 17:30;0
14.11. 17:45;0
14.11. 18:00;0
14.11. 18:15;0
14.11. 18:30;0
14.11. 18:45;0
14.11. 19:00;0
14.11. 19:15;0
14.11. 19:30;0
14.11. 19:45;0
14.11. 20:00;0
14.11. 20:15;0
14.11. 20:30;0
14.11. 20:45;0
14.11. 21:00;0
14.11. 21:15;0
14.11. 21:30;0
14.11. 21:45;0
14.11. 22:00;0
14.11. 22:15;0
14.11. 22:30;0
14.11. 22:45;0
14.11. 23:00;0
14.11. 23:15;0
14.11. 23:30;0
14.11. 23:45;0
15.11. 00:00;0
15.11. 00:15;0
15.11. 00:30;0
15.11. 00:45;0
15.11. 01:00;0
15.11. 01:15;0
15.11. 01:30;0
15.11. 01:45;0
15.11. 02:00;0
15.11. 02:15;0
15.11. 02:30;0
15.11. 02:45;0
15.11. 03:00;0
15.11. 03:15;0
15.11. 03:30;0
15.11. 03:45;0
15.11. 04:00;0
15.11. 04:15;0
15.11. 04:30;0
15.11. 04:45;0
15.11. 05:00;0
15.11. 05:15;0
15.11. 05:30;0
15.11. 05:45;0
15.11. 06:00;0
15.11. 06:15;0
15.11. 06:30;0
15.11. 06:45;0
15.11. 07:00;0
15.11. 07:15;0
15.11. 07:30;0,1667
15.11. 07:45;2,7761
15.11. 08:00;5,4315
15.11. 08:15;8,0541
15.11. 08:30;11,262
15.11. 08:45;10,451
15.11. 09:00;5,8957
15.11. 09:15;19,653
15.11. 09:30;20,621
15.11. 09:45;21,899
15.11. 10:00;20,408
15.11. 10:15;10,668
15.11. 10:30;9,135
15.11. 10:45;8,9155
15.11. 11:00;8,2986
15.11. 11:15;11,638
15.11. 11:30;27,702
15.11. 11:45;21,976
15.11. 12:00;21,607
15.11. 12:15;21,463
15.11. 12:30;18,863
15.11. 12:45;20,372
15.11. 13:00;12,816
15.11. 13:15;20,677
15.11. 13:30;19,769
15.11. 13:45;12,947
15.11. 14:00;12,577
15.11. 14:15;13,659
15.11. 14:30;17,509
15.11. 14:45;12,135
15.11. 15:00;8,5949
15.11. 15:15;2,5791
15.11. 15:30;1,1751
15.11. 15:45;0,36067
15.11. 16:00;0
15.11. 16:15;0
15.11. 16:30;0
15.11. 16:45;0
15.11. 17:00;0
15.11. 17:15;0
15.11. 17:30;0
15.11. 17:45;0
15.11. 18:00;0
15.11. 18:15;0
15.11. 18:30;0
15.11. 18:45;0
15.11. 19:00;0
15.11. 19:15;0
15.11. 19:30;0
15.11. 19:45;0
15.11. 20:00;0
15.11. 20:15;0
15.11. 20:30;0
15.11. 20:45;0
15.11. 21:00;0
15.11. 21:15;0
15.11. 21:30;0
15.11. 21:45;0
15.11. 22:00;0
15.11. 22:15;0
15.11. 22:30;0
15.11. 22:45;0
15.11. 23:00;0
15.11. 23:15;0
15.11. 23:30;0
15.11. 23:45;0
16.11. 00:00;0
16.11. 00:15;0
16.11. 00:30;0
16.11. 00:45;0
16.11. 01:00;0
16.11. 01:15;0
16.11. 01:30;0
16.11. 01:45;0
16.11. 02:00;0
16.11. 02:15;0
16.11. 02:30;0
16.11. 02:45;0
16.11. 03:00;0
16.11. 03:15;0
16.11. 03:30;0
16.11. 03:45;0
16.11. 04:00;0
16.11. 04:15;0
16.11. 04:30;0
16.11. 04:45;0
16.11. 05:00;0
16.11. 05:15;0
16.11. 05:30;0
16.11. 05:45;0
16.11. 06:00;0
16.11. 06:15;0
16.11. 06:30;0
16.11. 06:45;0
16.11. 07:00;0
16.11. 07:15;0
16.11. 07:30;0,13124
16.11. 07:45;1,9037
16.11. 08:00;4,5782
16.11. 08:15;7,8091
16.11. 08:30;6,6051
16.11. 08:45;9,2147
16.11. 09:00;14,502
16.11. 09:15;19,316
16.11. 09:30;18,002
16.11. 09:45;16,614
16.11. 10:00;21,565
16.11. 10:15;23,03
16.11. 10:30;24,299
16.11. 10:45;25,345
16.11. 11:00;25,517
16.11. 11:15;25,804
16.11. 11:30;26,144
16.11. 11:45;26,239
16.11. 12:00;27,141
16.11. 12:15;27,017
16.11. 12:30;26,376
16.11. 12:45;25,511
16.11. 13:00;23,508
16.11. 13:15;21,961
16.11. 13:30;20,508
16.11. 13:45;18,859
16.11. 14:00;16,129
16.11. 14:15;14,177
16.11. 14:30;12,199
16.11. 14:45;10,099
16.11. 15:00;7,1345
16.11. 15:15;7,0241
16.11. 15:30;1,1968
16.11. 15:45;0,7012
16.11. 16:00;0
16.11. 16:15;0
16.11. 16:30;0
16.11. 16:45;0
16.11. 17:00;0
16.11. 17:15;0
16.11. 17:30;0
16.11. 17:45;0
16.11. 18:00;0
16.11. 18:15;0
16.11. 18:30;0
16.11. 18:45;0
16.11. 19:00;0
16.11. 19:15;0
16.11. 19:30;0
16.11. 19:45;0
16.11. 20:00;0
16.11. 20:15;0
16.11. 20:30;0
16.11. 20:45;0
16.11. 21:00;0
16.11. 21:15;0
16.11. 21:30;0
16.11. 21:45;0
16.11. 22:00;0
16.11. 22:15;0
16.11. 22:30;0
16.11. 22:45;0
16.11. 23:00;0
16.11. 23:15;0
16.11. 23:30;0
16.11. 23:45;0
17.11. 00:00;0
17.11. 00:15;0
17.11. 00:30;0
17.11. 00:45;0
17.11. 01:00;0
17.11. 01:15;0
17.11. 01:30;0
17.11. 01:45;0
17.11. 02:00;0
17.11. 02:15;0
17.11. 02:30;0
17.11. 02:45;0
17.11. 03:00;0
17.11. 03:15;0
17.11. 03:30;0
17.11. 03:45;0
17.11. 04:00;0
17.11. 04:15;0
17.11. 04:30;0
17.11. 04:45;0
17.11. 05:00;0
17.11. 05:15;0
17.11. 05:30;0
17.11. 05:45;0
17.11. 06:00;0
17.11. 06:15;0
17.11. 06:30;0
17.11. 06:45;0
17.11. 07:00;0
17.11. 07:15;0
17.11. 07:30;0,04731
17.11. 07:45;1,4474
17.11. 08:00;2,711
17.11. 08:15;5,8541
17.11. 08:30;7,2243
17.11. 08:45;5,9199
17.11. 09:00;5,0446
17.11. 09:15;5,7146
17.11. 09:30;6,7084
17.11. 09:45;18,85
17.11. 10:00;9,1255
17.11. 10:15;6,7206
17.11. 10:30;6,1748
17.11. 10:45;8,9557
17.11. 11:00;8,1673
17.11. 11:15;7,6111
17.11. 11:30;14,793
17.11. 11:45;12,291
17.11. 12:00;17,013
17.11. 12:15;22,596
17.11. 12:30;23,103
17.11. 12:45;13,149
17.11. 13:00;10,779
17.11. 13:15;6,1841
17.11. 13:30;18,831
17.11. 13:45;17,798
17.11. 14:00;10,248
17.11. 14:15;6,4821
17.11. 14:30;8,0195
17.11. 14:45;8,798
17.11. 15:00;2,7496
17.11. 15:15;2,4508
17.11. 15:30;1,0198
17.11. 15:45;0,09295
17.11. 16:00;0
17.11. 16:15;0
17.11. 16:30;0
17.11. 16:45;0
17.11. 17:00;0
17.11. 17:15;0
17.11. 17:30;0
17.11. 17:45;0
17.11. 18:00;0
17.11. 18:15;0
17.11. 18:30;0
17.11. 18:45;0
17.11. 19:00;0
17.11. 19:15;0
17.11. 19:30;0
17.11. 19:45;0
17.11. 20:00;0
17.11. 20:15;0
17.11. 20:30;0
17.11. 20:45;0
17.11. 21:00;0
17.11. 21:15;0
17.11. 21:30;0
17.11. 21:45;0
17.11. 22:00;0
17.11. 22:15;0
17.11. 22:30;0
17.11. 22:45;0
17.11. 23:00;0
17.11. 23:15;0
17.11. 23:30;0
17.11. 23:45;0
18.11. 00:00;0
18.11. 00:15;0
18.11. 00:30;0
18.11. 00:45;0
18.11. 01:00;0
18.11. 01:15;0
18.11. 01:30;0
18.11. 01:45;0
18.11. 02:00;0
18.11. 02:15;0
18.11. 02:30;0
18.11. 02:45;0
18.11. 03:00;0
18.11. 03:15;0
18.11. 03:30;0
18.11. 03:45;0
18.11. 04:00;0
18.11. 04:15;0
18.11. 04:30;0
18.11. 04:45;0
18.11. 05:00;0
18.11. 05:15;0
18.11. 05:30;0
18.11. 05:45;0
18.11. 06:00;0
18.11. 06:15;0
18.11. 06:30;0
18.11. 06:45;0
18.11. 07:00;0
18.11. 07:15;0
18.11. 07:30;0
18.11. 07:45;0,13004
18.11. 08:00;0,40647
18.11. 08:15;1,2897
18.11. 08:30;2,3533
18.11. 08:45;5,125
18.11. 09:00;5,2122
18.11. 09:15;3,3565
18.11. 09:30;2,6587
18.11. 09:45;2,169
18.11. 10:00;4,6487
18.11. 10:15;6,0637
18.11. 10:30;11,908
18.11. 10:45;13,862
18.11. 11:00;14,459
18.11. 11:15;7,3873
18.11. 11:30;6,694
18.11. 11:45;7,9044
18.11. 12:00;8,4747
18.11. 12:15;16,747
18.11. 12:30;17,566
18.11. 12:45;19,394
18.11. 13:00;11,904
18.11. 13:15;11,933
18.11. 13:30;14,738
18.11. 13:45;18,491
18.11. 14:00;10,803
18.11. 14:15;7,3541
18.11. 14:30;6,0307
18.11. 14:45;3,4749
18.11. 15:00;1,7736
18.11. 15:15;0,8619
18.11. 15:30;0,43944
18.11. 15:45;0,05799
18.11. 16:00;0
18.11. 16:15;0
18.11. 16:30;0
18.11. 16:45;0
18.11. 17:00;0
18.11. 17:15;0
18.11. 17:30;0
18.11. 17:45;0
18.11. 18:00;0
18.11. 18:15;0
18.11. 18:30;0
18.11. 18:45;0
18.11. 19:00;0
18.11. 19:15;0
18.11. 19:30;0
18.11. 19:45;0
18.11. 20:00;0
18.11. 20:15;0
18.11. 20:30;0
18.11. 20:45;0
18.11. 21:00;0
18.11. 21:15;0
18.11. 21:30;0
18.11. 21:45;0
18.11. 22:00;0
18.11. 22:15;0
18.11. 22:30;0
18.11. 22:45;0
18.11. 23:00;0
18.11. 23:15;0
18.11. 23:30;0
18.11. 23:45;0
19.11. 00:00;0
19.11. 00:15;0
19.11. 00:30;0
19.11. 00:45;0
19.11. 01:00;0
19.11. 01:15;0
19.11. 01:30;0
19.11. 01:45;0
19.11. 02:00;0
19.11. 02:15;0
19.11. 02:30;0
19.11. 02:45;0
19.11. 03:00;0
19.11. 03:15;0
19.11. 03:30;0
19.11. 03:45;0
19.11. 04:00;0
19.11. 04:15;0
19.11. 04:30;0
19.11. 04:45;0
19.11. 05:00;0
19.11. 05:15;0
19.11. 05:30;0
19.11. 05:45;0
19.11. 06:00;0
19.11. 06:15;0
19.11. 06:30;0
19.11. 06:45;0
19.11. 07:00;0
19.11. 07:15;0
19.11. 07:30;0
19.11. 07:45;0
19.11. 08:00;1,9639
19.11. 08:15;1,8247
19.11. 08:30;3,7589
19.11. 08:45;5,1394
19.11. 09:00;13,089
19.11. 09:15;12,245
19.11. 09:30;6,3394
19.11. 09:45;11,42
19.11. 10:00;10,23
19.11. 10:15;16,015
19.11. 10:30;13,567
19.11. 10:45;10,537
19.11. 11:00;14,029
19.11. 11:15;15,734
19.11. 11:30;17,051
19.11. 11:45;18,17
19.11. 12:00;10,943
19.11. 12:15;10,862
19.11. 12:30;23,382
19.11. 12:45;6,2978
19.11. 13:00;8,7914
19.11. 13:15;10,301
19.11. 13:30;10,756
19.11. 13:45;6,9835
19.11. 14:00;5,8358
19.11. 14:15;6,8343
19.11. 14:30;6,828
19.11. 14:45;6,914
19.11. 15:00;2,8349
19.11. 15:15;1,4601
19.11. 15:30;0,27936
19.11. 15:45;0,02992
19.11. 16:00;0
19.11. 16:15;0
19.11. 16:30;0
19.11. 16:45;0
19.11. 17:00;0
19.11. 17:15;0
19.11. 17:30;0
19.11. 17:45;0
19.11. 18:00;0
19.11. 18:15;0
19.11. 18:30;0
19.11. 18:45;0
19.11. 19:00;0
19.11. 19:15;0
19.11. 19:30;0
19.11. 19:45;0
19.11. 20:00;0
19.11. 20:15;0
19.11. 20:30;0
19.11. 20:45;0
19.11. 21:00;0
19.11. 21:15;0
19.11. 21:30;0
19.11. 21:45;0
19.11. 22:00;0
19.11. 22:15;0
19.11. 22:30;0
19.11. 22:45;0
19.11. 23:00;0
19.11. 23:15;0
19.11. 23:30;0
19.11. 23:45;0
20.11. 00:00;0
20.11. 00:15;0
20.11. 00:30;0
20.11. 00:45;0
20.11. 01:00;0
20.11. 01:15;0
20.11. 01:30;0
20.11. 01:45;0
20.11. 02:00;0
20.11. 02:15;0
20.11. 02:30;0
20.11. 02:45;0
20.11. 03:00;0
20.11. 03:15;0
20.11. 03:30;0
20.11. 03:45;0
20.11. 04:00;0
20.11. 04:15;0
20.11. 04:30;0
20.11. 04:45;0
20.11. 05:00;0
20.11. 05:15;0
20.11. 05:30;0
20.11. 05:45;0
20.11. 06:00;0
20.11. 06:15;0
20.11. 06:30;0
20.11. 06:45;0
20.11. 07:00;0
20.11. 07:15;0
20.11. 07:30;0
20.11. 07:45;0
20.11. 08:00;2,4413
20.11. 08:15;2,6392
20.11. 08:30;0,91923
20.11. 08:45;1,1545
20.11. 09:00;1,7942
20.11. 09:15;2,6028
20.11. 09:30;5,9312
20.11. 09:45;12,292
20.11. 10:00;12,778
20.11. 10:15;12,287
20.11. 10:30;12,275
20.11. 10:45;13,84
20.11. 11:00;20,73
20.11. 11:15;25,36
20.11. 11:30;27,361
20.11. 11:45;28,192
20.11. 12:00;25,567
20.11. 12:15;20,087
20.11. 12:30;24,725
20.11. 12:45;25,685
20.11. 13:00;18,781
20.11. 13:15;14,96
20.11. 13:30;19,214
20.11. 13:45;21,338
20.11. 14:00;14,091
20.11. 14:15;5,4173
20.11. 14:30;6,0933
20.11. 14:45;6,6089
20.11. 15:00;2,9789
20.11. 15:15;0,97521
20.11. 15:30;0,28258
20.11. 15:45;0,02272
20.11. 16:00;0
20.11. 16:15;0
20.11. 16:30;0
20.11. 16:45;0
20.11. 17:00;0
20.11. 17:15;0
20.11. 17:30;0
20.11. 17:45;0
20.11. 18:00;0
20.11. 18:15;0
20.11. 18:30;0
20.11. 18:45;0
20.11. 19:00;0
20.11. 19:15;0
20.11. 19:30;0
20.11. 19:45;0
20.11. 20:00;0
20.11. 20:15;0
20.11. 20:30;0
20.11. 20:45;0
20.11. 21:00;0
20.11. 21:15;0
20.11. 21:30;0
20.11. 21:45;0
20.11. 22:00;0
20.11. 22:15;0
20.11. 22:30;0
20.11. 22:45;0
20.11. 23:00;0
20.11. 23:15;0
20.11. 23:30;0
20.11. 23:45;0
21.11. 00:00;0
21.11. 00:15;0
21.11. 00:30;0
21.11. 00:45;0
21.11. 01:00;0
21.11. 01:15;0
21.11. 01:30;0
21.11. 01:45;0
21.11. 02:00;0
21.11. 02:15;0
21.11. 02:30;0
21.11. 02:45;0
21.11. 03:00;0
21.11. 03:15;0
21.11. 03:30;0
21.11. 03:45;0
21.11. 04:00;0
21.11. 04:15;0
21.11. 04:30;0
21.11. 04:45;0
21.11. 05:00;0
21.11. 05:15;0
21.11. 05:30;0
21.11. 05:45;0
21.11. 06:00;0
21.11. 06:15;0
21.11. 06:30;0
21.11. 06:45;0
21.11. 07:00;0
21.11. 07:15;0
21.11. 07:30;0
21.11. 07:45;0
21.11. 08:00;2,444
21.11. 08:15;3,4984
21.11. 08:30;1,5937
21.11. 08:45;2,0769
21.11. 09:00;2,0543
21.11. 09:15;4,6011
21.11. 09:30;5,6275
21.11. 09:45;6,2707
21.11. 10:00;5,5639
21.11. 10:15;7,4569
21.11. 10:30;12,444
21.11. 10:45;11,84
21.11. 11:00;7,7277
21.11. 11:15;5,9039
21.11. 11:30;7,0486
21.11. 11:45;6,4033
21.11. 12:00;2,6197
21.11. 12:15;3,7332
21.11. 12:30;4,23
21.11. 12:45;2,9946
21.11. 13:00;2,6611
21.11. 13:15;3,0013
21.11. 13:30;2,857
21.11. 13:45;2,4685
21.11. 14:00;3,0363
21.11. 14:15;4,054
21.11. 14:30;3,4884
21.11. 14:45;3,4312
21.11. 15:00;0,17848
21.11. 15:15;0,0112
21.11. 15:30;0
21.11. 15:45;0
21.11. 16:00;0
21.11. 16:15;0
21.11. 16:30;0
21.11. 16:45;0
21.11. 17:00;0
21.11. 17:15;0
21.11. 17:30;0
21.11. 17:45;0
21.11. 18:00;0
21.11. 18:15;0
21.11. 18:30;0
21.11. 18:45;0
21.11. 19:00;0
21.11. 19:15;0
21.11. 19:30;0
21.11. 19:45;0
21.11. 20:00;0
21.11. 20:15;0
21.11. 20:30;0
21.11. 20:45;0
21.11. 21:00;0
21.11. 21:15;0
21.11. 21:30;0
21.11. 21:45;0
21.11. 22:00;0
21.11. 22:15;0
21.11. 22:30;0
21.11. 22:45;0
21.11. 23:00;0
21.11. 23:15;0
21.11. 23:30;0
21.11. 23:45;0
22.11. 00:00;0
22.11. 00:15;0
22.11. 00:30;0
22.11. 00:45;0
22.11. 01:00;0
22.11. 01:15;0
22.11. 01:30;0
22.11. 01:45;0
22.11. 02:00;0
22.11. 02:15;0
22.11. 02:30;0
22.11. 02:45;0
22.11. 03:00;0
22.11. 03:15;0
22.11. 03:30;0
22.11. 03:45;0
22.11. 04:00;0
22.11. 04:15;0
22.11. 04:30;0
22.11. 04:45;0
22.11. 05:00;0
22.11. 05:15;0
22.11. 05:30;0
22.11. 05:45;0
22.11. 06:00;0
22.11. 06:15;0
22.11. 06:30;0
22.11. 06:45;0
22.11. 07:00;0
22.11. 07:15;0
22.11. 07:30;0
22.11. 07:45;0,68261
22.11. 08:00;2,7208
22.11. 08:15;2,7277
22.11. 08:30;2,8407
22.11. 08:45;5,127
22.11. 09:00;10,238
22.11. 09:15;11,918
22.11. 09:30;8,724
22.11. 09:45;15,571
22.11. 10:00;14,758
22.11. 10:15;15,53
22.11. 10:30;24,692
22.11. 10:45;21,966
22.11. 11:00;26,16
22.11. 11:15;12,45
22.11. 11:30;13,317
22.11. 11:45;19,986
22.11. 12:00;12,228
22.11. 12:15;14,852
22.11. 12:30;20,806
22.11. 12:45;19,649
22.11. 13:00;27,394
22.11. 13:15;12,437
22.11. 13:30;7,5798
22.11. 13:45;10,827
22.11. 14:00;9,6315
22.11. 14:15;12,351
22.11. 14:30;13,371
22.11. 14:45;6,9252
22.11. 15:00;4,7955
22.11. 15:15;1,0926
22.11. 15:30;0,28851
22.11. 15:45;0,03474
22.11. 16:00;0
22.11. 16:15;0
22.11. 16:30;0
22.11. 16:45;0
22.11. 17:00;0
22.11. 17:15;0
22.11. 17:30;0
22.11. 17:45;0
22.11. 18:00;0
22.11. 18:15;0
22.11. 18:30;0
22.11. 18:45;0
22.11. 19:00;0
22.11. 19:15;0
22.11. 19:30;0
22.11. 19:45;0
22.11. 20:00;0
22.11. 20:15;0
22.11. 20:30;0
22.11. 20:45;0
22.11. 21:00;0
22.11. 21:15;0
22.11. 21:30;0
22.11. 21:45;0
22.11. 22:00;0
22.11. 22:15;0
22.11. 22:30;0
22.11. 22:45;0
22.11. 23:00;0
22.11. 23:15;0
22.11. 23:30;0
22.11. 23:45;0
23.11. 00:00;0
23.11. 00:15;0
23.11. 00:30;0
23.11. 00:45;0
23.11. 01:00;0
23.11. 01:15;0
23.11. 01:30;0
23.11. 01:45;0
23.11. 02:00;0
23.11. 02:15;0
23.11. 02:30;0
23.11. 02:45;0
23.11. 03:00;0
23.11. 03:15;0
23.11. 03:30;0
23.11. 03:45;0
23.11. 04:00;0
23.11. 04:15;0
23.11. 04:30;0
23.11. 04:45;0
23.11. 05:00;0
23.11. 05:15;0
23.11. 05:30;0
23.11. 05:45;0
23.11. 06:00;0
23.11. 06:15;0
23.11. 06:30;0
23.11. 06:45;0
23.11. 07:00;0
23.11. 07:15;0
23.11. 07:30;0
23.11. 07:45;0
23.11. 08:00;0,64191
23.11. 08:15;0,73888
23.11. 08:30;0,8444
23.11. 08:45;1,0189
23.11. 09:00;2,4384
23.11. 09:15;4,7789
23.11. 09:30;5,5099
23.11. 09:45;8,8713
23.11. 10:00;9,2418
23.11. 10:15;6,7509
23.11. 10:30;7,8164
23.11. 10:45;8,8533
23.11. 11:00;12,103
23.11. 11:15;8,0805
23.11. 11:30;8,1313
23.11. 11:45;10,331
23.11. 12:00;10,058
23.11. 12:15;11,137
23.11. 12:30;6,1505
23.11. 12:45;4,6947
23.11. 13:00;4,2529
23.11. 13:15;4,4468
23.11. 13:30;4,3145
23.11. 13:45;4,4722
23.11. 14:00;4,5133
23.11. 14:15;3,6753
23.11. 14:30;2,4262
23.11. 14:45;1,7049
23.11. 15:00;1,124
23.11. 15:15;0,25649
23.11. 15:30;0,02166
23.11. 15:45;0
23.11. 16:00;0
23.11. 16:15;0
23.11. 16:30;0
23.11. 16:45;0
23.11. 17:00;0
23.11. 17:15;0
23.11. 17:30;0
23.11. 17:45;0
23.11. 18:00;0
23.11. 18:15;0
23.11. 18:30;0
23.11. 18:45;0
23.11. 19:00;0
23.11. 19:15;0
23.11. 19:30;0
23.11. 19:45;0
23.11. 20:00;0
23.11. 20:15;0
23.11. 20:30;0
23.11. 20:45;0
23.11. 21:00;0
23.11. 21:15;0
23.11. 21:30;0
23.11. 21:45;0
23.11. 22:00;0
23.11. 22:15;0
23.11. 22:30;0
23.11. 22:45;0
23.11. 23:00;0
23.11. 23:15;0
23.11. 23:30;0
23.11. 23:45;0
24.11. 00:00;0
24.11. 00:15;0
24.11. 00:30;0
24.11. 00:45;0
24.11. 01:00;0
24.11. 01:15;0
24.11. 01:30;0
24.11. 01:45;0
24.11. 02:00;0
24.11. 02:15;0
24.11. 02:30;0
24.11. 02:45;0
24.11. 03:00;0
24.11. 03:15;0
24.11. 03:30;0
24.11. 03:45;0
24.11. 04:00;0
24.11. 04:15;0
24.11. 04:30;0
24.11. 04:45;0
24.11. 05:00;0
24.11. 05:15;0
24.11. 05:30;0
24.11. 05:45;0
24.11. 06:00;0
24.11. 06:15;0
24.11. 06:30;0
24.11. 06:45;0
24.11. 07:00;0
24.11. 07:15;0
24.11. 07:30;0
24.11. 07:45;0
24.11. 08:00;1,6527
24.11. 08:15;3,9087
24.11. 08:30;4,4334
24.11. 08:45;6,9428
24.11. 09:00;4,7923
24.11. 09:15;15,361
24.11. 09:30;17,276
24.11. 09:45;18,542
24.11. 10:00;18,912
24.11. 10:15;20,602
24.11. 10:30;21,922
24.11. 10:45;23,028
24.11. 11:00;23,708
24.11. 11:15;24,154
24.11. 11:30;24,296
24.11. 11:45;23,918
24.11. 12:00;23,797
24.11. 12:15;22,861
24.11. 12:30;22,496
24.11. 12:45;21,649
24.11. 13:00;18,799
24.11. 13:15;17,514
24.11. 13:30;16,269
24.11. 13:45;14,956
24.11. 14:00;7,7005
24.11. 14:15;9,5723
24.11. 14:30;11,521
24.11. 14:45;9,3133
24.11. 15:00;3,3199
24.11. 15:15;0,69553
24.11. 15:30;1,3363
24.11. 15:45;0,20698
24.11. 16:00;0
24.11. 16:15;0
24.11. 16:30;0
24.11. 16:45;0
24.11. 17:00;0
24.11. 17:15;0
24.11. 17:30;0
24.11. 17:45;0
24.11. 18:00;0
24.11. 18:15;0
24.11. 18:30;0
24.11. 18:45;0
24.11. 19:00;0
24.11. 19:15;0
24.11. 19:30;0
24.11. 19:45;0
24.11. 20:00;0
24.11. 20:15;0
24.11. 20:30;0
24.11. 20:45;0
24.11. 21:00;0
24.11. 21:15;0
24.11. 21:30;0
24.11. 21:45;0
24.11. 22:00;0
24.11. 22:15;0
24.11. 22:30;0
24.11. 22:45;0
24.11. 23:00;0
24.11. 23:15;0
24.11. 23:30;0
24.11. 23:45;0
25.11. 00:00;0
25.11. 00:15;0
25.11. 00:30;0
25.11. 00:45;0
25.11. 01:00;0
25.11. 01:15;0
25.11. 01:30;0
25.11. 01:45;0
25.11. 02:00;0
25.11. 02:15;0
25.11. 02:30;0
25.11. 02:45;0
25.11. 03:00;0
25.11. 03:15;0
25.11. 03:30;0
25.11. 03:45;0
25.11. 04:00;0
25.11. 04:15;0
25.11. 04:30;0
25.11. 04:45;0
25.11. 05:00;0
25.11. 05:15;0
25.11. 05:30;0
25.11. 05:45;0
25.11. 06:00;0
25.11. 06:15;0
25.11. 06:30;0
25.11. 06:45;0
25.11. 07:00;0
25.11. 07:15;0
25.11. 07:30;0
25.11. 07:45;0
25.11. 08:00;0,7408
25.11. 08:15;2,3277
25.11. 08:30;2,3469
25.11. 08:45;2,3932
25.11. 09:00;3,5724
25.11. 09:15;7,8808
25.11. 09:30;6,6503
25.11. 09:45;8,071
25.11. 10:00;7,5502
25.11. 10:15;8,0172
25.11. 10:30;8,6412
25.11. 10:45;12,808
25.11. 11:00;8,3474
25.11. 11:15;7,2637
25.11. 11:30;8,1387
25.11. 11:45;9,117
25.11. 12:00;9,4707
25.11. 12:15;4,8158
25.11. 12:30;4,7255
25.11. 12:45;4,6313
25.11. 13:00;3,8424
25.11. 13:15;4,2795
25.11. 13:30;6,27
25.11. 13:45;5,2199
25.11. 14:00;3,8764
25.11. 14:15;1,6732
25.11. 14:30;1,6042
25.11. 14:45;1,2623
25.11. 15:00;0,16392
25.11. 15:15;0
25.11. 15:30;0
25.11. 15:45;0
25.11. 16:00;0
25.11. 16:15;0
25.11. 16:30;0
25.11. 16:45;0
25.11. 17:00;0
25.11. 17:15;0
25.11. 17:30;0
25.11. 17:45;0
25.11. 18:00;0
25.11. 18:15;0
25.11. 18:30;0
25.11. 18:45;0
25.11. 19:00;0
25.11. 19:15;0
25.11. 19:30;0
25.11. 19:45;0
25.11. 20:00;0
25.11. 20:15;0
25.11. 20:30;0
25.11. 20:45;0
25.11. 21:00;0
25.11. 21:15;0
25.11. 21:30;0
25.11. 21:45;0
25.11. 22:00;0
25.11. 22:15;0
25.11. 22:30;0
25.11. 22:45;0
25.11. 23:00;0
25.11. 23:15;0
25.11. 23:30;0
25.11. 23:45;0
26.11. 00:00;0
26.11. 00:15;0
26.11. 00:30;0
26.11. 00:45;0
26.11. 01:00;0
26.11. 01:15;0
26.11. 01:30;0
26.11. 01:45;0
26.11. 02:00;0
26.11. 02:15;0
26.11. 02:30;0
26.11. 02:45;0
26.11. 03:00;0
26.11. 03:15;0
26.11. 03:30;0
26.11. 03:45;0
26.11. 04:00;0
26.11. 04:15;0
26.11. 04:30;0
26.11. 04:45;0
26.11. 05:00;0
26.11. 05:15;0
26.11. 05:30;0
26.11. 05:45;0
26.11. 06:00;0
26.11. 06:15;0
26.11. 06:30;0
26.11. 06:45;0
26.11. 07:00;0
26.11. 07:15;0
26.11. 07:30;0
26.11. 07:45;0
26.11. 08:00;0,98198
26.11. 08:15;2,7986
26.11. 08:30;3,9553
26.11. 08:45;2,8839
26.11. 09:00;3,898
26.11. 09:15;14,296
26.11. 09:30;14,493
26.11. 09:45;12,844
26.11. 10:00;9,8705
26.11. 10:15;11,286
26.11. 10:30;11,068
26.11. 10:45;12,594
26.11. 11:00;11,256
26.11. 11:15;13,484
26.11. 11:30;13,727
26.11. 11:45;11,438
26.11. 12:00;11,377
26.11. 12:15;11,193
26.11. 12:30;8,7628
26.11. 12:45;6,9502
26.11. 13:00;8,1418
26.11. 13:15;8,7667
26.11. 13:30;6,9657
26.11. 13:45;6,4203
26.11. 14:00;3,7086
26.11. 14:15;1,1879
26.11. 14:30;0,26776
26.11. 14:45;0,08396
26.11. 15:00;0,63272
26.11. 15:15;0,84783
26.11. 15:30;0,26135
26.11. 15:45;0
26.11. 16:00;0
26.11. 16:15;0
26.11. 16:30;0
26.11. 16:45;0
26.11. 17:00;0
26.11. 17:15;0
26.11. 17:30;0
26.11. 17:45;0
26.11. 18:00;0
26.11. 18:15;0
26.11. 18:30;0
26.11. 18:45;0
26.11. 19:00;0
26.11. 19:15;0
26.11. 19:30;0
26.11. 19:45;0
26.11. 20:00;0
26.11. 20:15;0
26.11. 20:30;0
26.11. 20:45;0
26.11. 21:00;0
26.11. 21:15;0
26.11. 21:30;0
26.11. 21:45;0
26.11. 22:00;0
26.11. 22:15;0
26.11. 22:30;0
26.11. 22:45;0
26.11. 23:00;0
26.11. 23:15;0
26.11. 23:30;0
26.11. 23:45;0
27.11. 00:00;0
27.11. 00:15;0
27.11. 00:30;0
27.11. 00:45;0
27.11. 01:00;0
27.11. 01:15;0
27.11. 01:30;0
27.11. 01:45;0
27.11. 02:00;0
27.11. 02:15;0
27.11. 02:30;0
27.11. 02:45;0
27.11. 03:00;0
27.11. 03:15;0
27.11. 03:30;0
27.11. 03:45;0
27.11. 04:00;0
27.11. 04:15;0
27.11. 04:30;0
27.11. 04:45;0
27.11. 05:00;0
27.11. 05:15;0
27.11. 05:30;0
27.11. 05:45;0
27.11. 06:00;0
27.11. 06:15;0
27.11. 06:30;0
27.11. 06:45;0
27.11. 07:00;0
27.11. 07:15;0
27.11. 07:30;0
27.11. 07:45;0
27.11. 08:00;0,16181
27.11. 08:15;0,90511
27.11. 08:30;2,4641
27.11. 08:45;2,7228
27.11. 09:00;3,9389
27.11. 09:15;5,712
27.11. 09:30;8,474
27.11. 09:45;9,8653
27.11. 10:00;16,963
27.11. 10:15;18,589
27.11. 10:30;17,411
27.11. 10:45;11,501
27.11. 11:00;14,857
27.11. 11:15;28,18
27.11. 11:30;24,308
27.11. 11:45;23,872
27.11. 12:00;16,772
27.11. 12:15;17,27
27.11. 12:30;25,133
27.11. 12:45;24,675
27.11. 13:00;20,244
27.11. 13:15;20,158
27.11. 13:30;12,527
27.11. 13:45;10,345
27.11. 14:00;13,284
27.11. 14:15;9,3178
27.11. 14:30;6,0079
27.11. 14:45;7,2155
27.11. 15:00;1,5486
27.11. 15:15;1,1901
27.11. 15:30;0,79618
27.11. 15:45;0,04774
27.11. 16:00;0
27.11. 16:15;0
27.11. 16:30;0
27.11. 16:45;0
27.11. 17:00;0
27.11. 17:15;0
27.11. 17:30;0
27.11. 17:45;0
27.11. 18:00;0
27.11. 18:15;0
27.11. 18:30;0
27.11. 18:45;0
27.11. 19:00;0
27.11. 19:15;0
27.11. 19:30;0
27.11. 19:45;0
27.11. 20:00;0
27.11. 20:15;0
27.11. 20:30;0
27.11. 20:45;0
27.11. 21:00;0
27.11. 21:15;0
27.11. 21:30;0
27.11. 21:45;0
27.11. 22:00;0
27.11. 22:15;0
27.11. 22:30;0
27.11. 22:45;0
27.11. 23:00;0
27.11. 23:15;0
27.11. 23:30;0
27.11. 23:45;0
28.11. 00:00;0
28.11. 00:15;0
28.11. 00:30;0
28.11. 00:45;0
28.11. 01:00;0
28.11. 01:15;0
28.11. 01:30;0
28.11. 01:45;0
28.11. 02:00;0
28.11. 02:15;0
28.11. 02:30;0
28.11. 02:45;0
28.11. 03:00;0
28.11. 03:15;0
28.11. 03:30;0
28.11. 03:45;0
28.11. 04:00;0
28.11. 04:15;0
28.11. 04:30;0
28.11. 04:45;0
28.11. 05:00;0
28.11. 05:15;0
28.11. 05:30;0
28.11. 05:45;0
28.11. 06:00;0
28.11. 06:15;0
28.11. 06:30;0
28.11. 06:45;0
28.11. 07:00;0
28.11. 07:15;0
28.11. 07:30;0
28.11. 07:45;0
28.11. 08:00;0,77494
28.11. 08:15;3,057
28.11. 08:30;3,4411
28.11. 08:45;3,4613
28.11. 09:00;9,3496
28.11. 09:15;14,541
28.11. 09:30;13,762
28.11. 09:45;9,7944
28.11. 10:00;17,171
28.11. 10:15;19,037
28.11. 10:30;20,344
28.11. 10:45;21,423
28.11. 11:00;22,425
28.11. 11:15;23,097
28.11. 11:30;23,521
28.11. 11:45;23,761
28.11. 12:00;23,941
28.11. 12:15;23,64
28.11. 12:30;23,063
28.11. 12:45;22,253
28.11. 13:00;21,154
28.11. 13:15;19,844
28.11. 13:30;18,376
28.11. 13:45;16,711
28.11. 14:00;11,964
28.11. 14:15;10,22
28.11. 14:30;9,3296
28.11. 14:45;6,7393
28.11. 15:00;2,9739
28.11. 15:15;0,25305
28.11. 15:30;0,01531
28.11. 15:45;0
28.11. 16:00;0
28.11. 16:15;0
28.11. 16:30;0
28.11. 16:45;0
28.11. 17:00;0
28.11. 17:15;0
28.11. 17:30;0
28.11. 17:45;0
28.11. 18:00;0
28.11. 18:15;0
28.11. 18:30;0
28.11. 18:45;0
28.11. 19:00;0
28.11. 19:15;0
28.11. 19:30;0
28.11. 19:45;0
28.11. 20:00;0
28.11. 20:15;0
28.11. 20:30;0
28.11. 20:45;0
28.11. 21:00;0
28.11. 21:15;0
28.11. 21:30;0
28.11. 21:45;0
28.11. 22:00;0
28.11. 22:15;0
28.11. 22:30;0
28.11. 22:45;0
28.11. 23:00;0
28.11. 23:15;0
28.11. 23:30;0
28.11. 23:45;0
29.11. 00:00;0
29.11. 00:15;0
29.11. 00:30;0
29.11. 00:45;0
29.11. 01:00;0
29.11. 01:15;0
29.11. 01:30;0
29.11. 01:45;0
29.11. 02:00;0
29.11. 02:15;0
29.11. 02:30;0
29.11. 02:45;0
29.11. 03:00;0
29.11. 03:15;0
29.11. 03:30;0
29.11. 03:45;0
29.11. 04:00;0
29.11. 04:15;0
29.11. 04:30;0
29.11. 04:45;0
29.11. 05:00;0
29.11. 05:15;0
29.11. 05:30;0
29.11. 05:45;0
29.11. 06:00;0
29.11. 06:15;0
29.11. 06:30;0
29.11. 06:45;0
29.11. 07:00;0
29.11. 07:15;0
29.11. 07:30;0
29.11. 07:45;0
29.11. 08:00;0,26796
29.11. 08:15;0,86254
29.11. 08:30;0,56213
29.11. 08:45;0,66114
29.11. 09:00;1,5199
29.11. 09:15;5,0282
29.11. 09:30;12,933
29.11. 09:45;11,988
29.11. 10:00;9,1491
29.11. 10:15;5,6452
29.11. 10:30;6,3862
29.11. 10:45;4,2598
29.11. 11:00;2,9925
29.11. 11:15;1,8422
29.11. 11:30;2,8132
29.11. 11:45;3,3727
29.11. 12:00;2,2627
29.11. 12:15;1,6698
29.11. 12:30;2,1529
29.11. 12:45;1,9134
29.11. 13:00;1,8779
29.11. 13:15;3,3564
29.11. 13:30;4,2818
29.11. 13:45;2,7849
29.11. 14:00;2,8063
29.11. 14:15;2,1607
29.11. 14:30;2,8485
29.11. 14:45;1,4683
29.11. 15:00;0
29.11. 15:15;0
29.11. 15:30;0
29.11. 15:45;0
29.11. 16:00;0
29.11. 16:15;0
29.11. 16:30;0
29.11. 16:45;0
29.11. 17:00;0
29.11. 17:15;0
29.11. 17:30;0
29.11. 17:45;0
29.11. 18:00;0
29.11. 18:15;0
29.11. 18:30;0
29.11. 18:45;0
29.11. 19:00;0
29.11. 19:15;0
29.11. 19:30;0
29.11. 19:45;0
29.11. 20:00;0
29.11. 20:15;0
29.11. 20:30;0
29.11. 20:45;0
29.11. 21:00;0
29.11. 21:15;0
29.11. 21:30;0
29.11. 21:45;0
29.11. 22:00;0
29.11. 22:15;0
29.11. 22:30;0
29.11. 22:45;0
29.11. 23:00;0
29.11. 23:15;0
29.11. 23:30;0
29.11. 23:45;0
30.11. 00:00;0
30.11. 00:15;0
30.11. 00:30;0
30.11. 00:45;0
30.11. 01:00;0
30.11. 01:15;0
30.11. 01:30;0
30.11. 01:45;0
30.11. 02:00;0
30.11. 02:15;0
30.11. 02:30;0
30.11. 02:45;0
30.11. 03:00;0
30.11. 03:15;0
30.11. 03:30;0
30.11. 03:45;0
30.11. 04:00;0
30.11. 04:15;0
30.11. 04:30;0
30.11. 04:45;0
30.11. 05:00;0
30.11. 05:15;0
30.11. 05:30;0
30.11. 05:45;0
30.11. 06:00;0
30.11. 06:15;0
30.11. 06:30;0
30.11. 06:45;0
30.11. 07:00;0
30.11. 07:15;0
30.11. 07:30;0
30.11. 07:45;0
30.11. 08:00;0,54026
30.11. 08:15;1,5929
30.11. 08:30;1,7339
30.11. 08:45;6,2369
30.11. 09:00;7,374
30.11. 09:15;10,236
30.11. 09:30;13,488
30.11. 09:45;15,288
30.11. 10:00;18,879
30.11. 10:15;21,229
30.11. 10:30;20,139
30.11. 10:45;16,054
30.11. 11:00;21,65
30.11. 11:15;23,642
30.11. 11:30;23,208
30.11. 11:45;19,167
30.11. 12:00;22,089
30.11. 12:15;23,629
30.11. 12:30;15,885
30.11. 12:45;26,054
30.11. 13:00;18,79
30.11. 13:15;14,327
30.11. 13:30;17,671
30.11. 13:45;15,168
30.11. 14:00;6,993
30.11. 14:15;8,8071
30.11. 14:30;7,6064
30.11. 14:45;7,6775
30.11. 15:00;2,45
30.11. 15:15;0,5241
30.11. 15:30;0,06569
30.11. 15:45;0
30.11. 16:00;0
30.11. 16:15;0
30.11. 16:30;0
30.11. 16:45;0
30.11. 17:00;0
30.11. 17:15;0
30.11. 17:30;0
30.11. 17:45;0
30.11. 18:00;0
30.11. 18:15;0
30.11. 18:30;0
30.11. 18:45;0
30.11. 19:00;0
30.11. 19:15;0
30.11. 19:30;0
30.11. 19:45;0
30.11. 20:00;0
30.11. 20:15;0
30.11. 20:30;0
30.11. 20:45;0
30.11. 21:00;0
30.11. 21:15;0
30.11. 21:30;0
30.11. 21:45;0
30.11. 22:00;0
30.11. 22:15;0
30.11. 22:30;0
30.11. 22:45;0
30.11. 23:00;0
30.11. 23:15;0
30.11. 23:30;0
30.11. 23:45;0
01.12. 00:00;0
01.12. 00:15;0
01.12. 00:30;0
01.12. 00:45;0
01.12. 01:00;0
01.12. 01:15;0
01.12. 01:30;0
01.12. 01:45;0
01.12. 02:00;0
01.12. 02:15;0
01.12. 02:30;0
01.12. 02:45;0
01.12. 03:00;0
01.12. 03:15;0
01.12. 03:30;0
01.12. 03:45;0
01.12. 04:00;0
01.12. 04:15;0
01.12. 04:30;0
01.12. 04:45;0
01.12. 05:00;0
01.12. 05:15;0
01.12. 05:30;0
01.12. 05:45;0
01.12. 06:00;0
01.12. 06:15;0
01.12. 06:30;0
01.12. 06:45;0
01.12. 07:00;0
01.12. 07:15;0
01.12. 07:30;0
01.12. 07:45;0
01.12. 08:00;0,18354
01.12. 08:15;0,83659
01.12. 08:30;1,3641
01.12. 08:45;4,7107
01.12. 09:00;9,9517
01.12. 09:15;8,4907
01.12. 09:30;9,6791
01.12. 09:45;15,201
01.12. 10:00;13,811
01.12. 10:15;14,851
01.12. 10:30;15,839
01.12. 10:45;16,677
01.12. 11:00;16,295
01.12. 11:15;10,112
01.12. 11:30;16,074
01.12. 11:45;20,698
01.12. 12:00;25,358
01.12. 12:15;25,413
01.12. 12:30;13,6
01.12. 12:45;15,853
01.12. 13:00;19,708
01.12. 13:15;19,05
01.12. 13:30;17,61
01.12. 13:45;15,979
01.12. 14:00;14,064
01.12. 14:15;12,053
01.12. 14:30;9,9725
01.12. 14:45;7,8722
01.12. 15:00;5,4921
01.12. 15:15;2,8004
01.12. 15:30;0,81511
01.12. 15:45;0,00982
01.12. 16:00;0
01.12. 16:15;0
01.12. 16:30;0
01.12. 16:45;0
01.12. 17:00;0
01.12. 17:15;0
01.12. 17:30;0
01.12. 17:45;0
01.12. 18:00;0
01.12. 18:15;0
01.12. 18:30;0
01.12. 18:45;0
01.12. 19:00;0
01.12. 19:15;0
01.12. 19:30;0
01.12. 19:45;0
01.12. 20:00;0
01.12. 20:15;0
01.12. 20:30;0
01.12. 20:45;0
01.12. 21:00;0
01.12. 21:15;0
01.12. 21:30;0
01.12. 21:45;0
01.12. 22:00;0
01.12. 22:15;0
01.12. 22:30;0
01.12. 22:45;0
01.12. 23:00;0
01.12. 23:15;0
01.12. 23:30;0
01.12. 23:45;0
02.12. 00:00;0
02.12. 00:15;0
02.12. 00:30;0
02.12. 00:45;0
02.12. 01:00;0
02.12. 01:15;0
02.12. 01:30;0
02.12. 01:45;0
02.12. 02:00;0
02.12. 02:15;0
02.12. 02:30;0
02.12. 02:45;0
02.12. 03:00;0
02.12. 03:15;0
02.12. 03:30;0
02.12. 03:45;0
02.12. 04:00;0
02.12. 04:15;0
02.12. 04:30;0
02.12. 04:45;0
02.12. 05:00;0
02.12. 05:15;0
02.12. 05:30;0
02.12. 05:45;0
02.12. 06:00;0
02.12. 06:15;0
02.12. 06:30;0
02.12. 06:45;0
02.12. 07:00;0
02.12. 07:15;0
02.12. 07:30;0
02.12. 07:45;0
02.12. 08:00;0,04297
02.12. 08:15;0,39949
02.12. 08:30;0,89357
02.12. 08:45;0,65402
02.12. 09:00;0,8362
02.12. 09:15;3,1493
02.12. 09:30;4,3121
02.12. 09:45;2,9223
02.12. 10:00;2,8544
02.12. 10:15;1,713
02.12. 10:30;1,4133
02.12. 10:45;1,165
02.12. 11:00;1,6852
02.12. 11:15;1,8116
02.12. 11:30;1,8182
02.12. 11:45;2,1523
02.12. 12:00;1,7339
02.12. 12:15;1,4319
02.12. 12:30;1,8091
02.12. 12:45;2,5189
02.12. 13:00;2,3649
02.12. 13:15;1,3004
02.12. 13:30;1,8907
02.12. 13:45;1,1837
02.12. 14:00;0,81112
02.12. 14:15;1,2052
02.12. 14:30;0,87258
02.12. 14:45;0,7516
02.12. 15:00;0,34468
02.12. 15:15;0,18618
02.12. 15:30;0,02463
02.12. 15:45;0
02.12. 16:00;0
02.12. 16:15;0
02.12. 16:30;0
02.12. 16:45;0
02.12. 17:00;0
02.12. 17:15;0
02.12. 17:30;0
02.12. 17:45;0
02.12. 18:00;0
02.12. 18:15;0
02.12. 18:30;0
02.12. 18:45;0
02.12. 19:00;0
02.12. 19:15;0
02.12. 19:30;0
02.12. 19:45;0
02.12. 20:00;0
02.12. 20:15;0
02.12. 20:30;0
02.12. 20:45;0
02.12. 21:00;0
02.12. 21:15;0
02.12. 21:30;0
02.12. 21:45;0
02.12. 22:00;0
02.12. 22:15;0
02.12. 22:30;0
02.12. 22:45;0
02.12. 23:00;0
02.12. 23:15;0
02.12. 23:30;0
02.12. 23:45;0
03.12. 00:00;0
03.12. 00:15;0
03.12. 00:30;0
03.12. 00:45;0
03.12. 01:00;0
03.12. 01:15;0
03.12. 01:30;0
03.12. 01:45;0
03.12. 02:00;0
03.12. 02:15;0
03.12. 02:30;0
03.12. 02:45;0
03.12. 03:00;0
03.12. 03:15;0
03.12. 03:30;0
03.12. 03:45;0
03.12. 04:00;0
03.12. 04:15;0
03.12. 04:30;0
03.12. 04:45;0
03.12. 05:00;0
03.12. 05:15;0
03.12. 05:30;0
03.12. 05:45;0
03.12. 06:00;0
03.12. 06:15;0
03.12. 06:30;0
03.12. 06:45;0
03.12. 07:00;0
03.12. 07:15;0
03.12. 07:30;0
03.12. 07:45;0
03.12. 08:00;0,0229
03.12. 08:15;0,28265
03.12. 08:30;0,88701
03.12. 08:45;2,0409
03.12. 09:00;3,2028
03.12. 09:15;4,4791
03.12. 09:30;6,3548
03.12. 09:45;6,9704
03.12. 10:00;5,9421
03.12. 10:15;5,5655
03.12. 10:30;6,5432
03.12. 10:45;5,5018
03.12. 11:00;5,1926
03.12. 11:15;4,4479
03.12. 11:30;5,7411
03.12. 11:45;8,1642
03.12. 12:00;8,1263
03.12. 12:15;5,5932
03.12. 12:30;5,2234
03.12. 12:45;2,8139
03.12. 13:00;1,972
03.12. 13:15;1,9808
03.12. 13:30;6,7517
03.12. 13:45;6,657
03.12. 14:00;4,6514
03.12. 14:15;4,4921
03.12. 14:30;2,4192
03.12. 14:45;1,6402
03.12. 15:00;1,793
03.12. 15:15;0,8861
03.12. 15:30;0,52669
03.12. 15:45;0,01394
03.12. 16:00;0
03.12. 16:15;0
03.12. 16:30;0
03.12. 16:45;0
03.12. 17:00;0
03.12. 17:15;0
03.12. 17:30;0
03.12. 17:45;0
03.12. 18:00;0
03.12. 18:15;0
03.12. 18:30;0
03.12. 18:45;0
03.12. 19:00;0
03.12. 19:15;0
03.12. 19:30;0
03.12. 19:45;0
03.12. 20:00;0
03.12. 20:15;0
03.12. 20:30;0
03.12. 20:45;0
03.12. 21:00;0
03.12. 21:15;0
03.12. 21:30;0
03.12. 21:45;0
03.12. 22:00;0
03.12. 22:15;0
03.12. 22:30;0
03.12. 22:45;0
03.12. 23:00;0
03.12. 23:15;0
03.12. 23:30;0
03.12. 23:45;0
04.12. 00:00;0
04.12. 00:15;0
04.12. 00:30;0
04.12. 00:45;0
04.12. 01:00;0
04.12. 01:15;0
04.12. 01:30;0
04.12. 01:45;0
04.12. 02:00;0
04.12. 02:15;0
04.12. 02:30;0
04.12. 02:45;0
04.12. 03:00;0
04.12. 03:15;0
04.12. 03:30;0
04.12. 03:45;0
04.12. 04:00;0
04.12. 04:15;0
04.12. 04:30;0
04.12. 04:45;0
04.12. 05:00;0
04.12. 05:15;0
04.12. 05:30;0
04.12. 05:45;0
04.12. 06:00;0
04.12. 06:15;0
04.12. 06:30;0
04.12. 06:45;0
04.12. 07:00;0
04.12. 07:15;0
04.12. 07:30;0
04.12. 07:45;0
04.12. 08:00;0,02337
04.12. 08:15;0,47801
04.12. 08:30;1,143
04.12. 08:45;1,8153
04.12. 09:00;2,4119
04.12. 09:15;4,8565
04.12. 09:30;4,9349
04.12. 09:45;3,9887
04.12. 10:00;4,4961
04.12. 10:15;3,7829
04.12. 10:30;1,3106
04.12. 10:45;0,27364
04.12. 11:00;0,14969
04.12. 11:15;2,0398
04.12. 11:30;4,1264
04.12. 11:45;6,129
04.12. 12:00;5,4447
04.12. 12:15;3,4518
04.12. 12:30;3,7828
04.12. 12:45;2,2162
04.12. 13:00;3,0295
04.12. 13:15;3,686
04.12. 13:30;4,4356
04.12. 13:45;3,4275
04.12. 14:00;2,5807
04.12. 14:15;2,2753
04.12. 14:30;0,98324
04.12. 14:45;0,63436
04.12. 15:00;0,42203
04.12. 15:15;0,03311
04.12. 15:30;0
04.12. 15:45;0
04.12. 16:00;0
04.12. 16:15;0
04.12. 16:30;0
04.12. 16:45;0
04.12. 17:00;0
04.12. 17:15;0
04.12. 17:30;0
04.12. 17:45;0
04.12. 18:00;0
04.12. 18:15;0
04.12. 18:30;0
04.12. 18:45;0
04.12. 19:00;0
04.12. 19:15;0
04.12. 19:30;0
04.12. 19:45;0
04.12. 20:00;0
04.12. 20:15;0
04.12. 20:30;0
04.12. 20:45;0
04.12. 21:00;0
04.12. 21:15;0
04.12. 21:30;0
04.12. 21:45;0
04.12. 22:00;0
04.12. 22:15;0
04.12. 22:30;0
04.12. 22:45;0
04.12. 23:00;0
04.12. 23:15;0
04.12. 23:30;0
04.12. 23:45;0
05.12. 00:00;0
05.12. 00:15;0
05.12. 00:30;0
05.12. 00:45;0
05.12. 01:00;0
05.12. 01:15;0
05.12. 01:30;0
05.12. 01:45;0
05.12. 02:00;0
05.12. 02:15;0
05.12. 02:30;0
05.12. 02:45;0
05.12. 03:00;0
05.12. 03:15;0
05.12. 03:30;0
05.12. 03:45;0
05.12. 04:00;0
05.12. 04:15;0
05.12. 04:30;0
05.12. 04:45;0
05.12. 05:00;0
05.12. 05:15;0
05.12. 05:30;0
05.12. 05:45;0
05.12. 06:00;0
05.12. 06:15;0
05.12. 06:30;0
05.12. 06:45;0
05.12. 07:00;0
05.12. 07:15;0
05.12. 07:30;0
05.12. 07:45;0
05.12. 08:00;0,06118
05.12. 08:15;0,62128
05.12. 08:30;1,8793
05.12. 08:45;4,2665
05.12. 09:00;5,3138
05.12. 09:15;7,6408
05.12. 09:30;7,3806
05.12. 09:45;14,93
05.12. 10:00;15,111
05.12. 10:15;16,237
05.12. 10:30;12,932
05.12. 10:45;6,7065
05.12. 11:00;24,206
05.12. 11:15;25,848
05.12. 11:30;23,579
05.12. 11:45;17,358
05.12. 12:00;18,96
05.12. 12:15;24,075
05.12. 12:30;24,084
05.12. 12:45;22,946
05.12. 13:00;17,13
05.12. 13:15;18,347
05.12. 13:30;15,185
05.12. 13:45;12,85
05.12. 14:00;14,789
05.12. 14:15;8,8971
05.12. 14:30;3,6477
05.12. 14:45;3,0351
05.12. 15:00;2,6974
05.12. 15:15;1,0216
05.12. 15:30;0,28246
05.12. 15:45;0
05.12. 16:00;0
05.12. 16:15;0
05.12. 16:30;0
05.12. 16:45;0
05.12. 17:00;0
05.12. 17:15;0
05.12. 17:30;0
05.12. 17:45;0
05.12. 18:00;0
05.12. 18:15;0
05.12. 18:30;0
05.12. 18:45;0
05.12. 19:00;0
05.12. 19:15;0
05.12. 19:30;0
05.12. 19:45;0
05.12. 20:00;0
05.12. 20:15;0
05.12. 20:30;0
05.12. 20:45;0
05.12. 21:00;0
05.12. 21:15;0
05.12. 21:30;0
05.12. 21:45;0
05.12. 22:00;0
05.12. 22:15;0
05.12. 22:30;0
05.12. 22:45;0
05.12. 23:00;0
05.12. 23:15;0
05.12. 23:30;0
05.12. 23:45;0
06.12. 00:00;0
06.12. 00:15;0
06.12. 00:30;0
06.12. 00:45;0
06.12. 01:00;0
06.12. 01:15;0
06.12. 01:30;0
06.12. 01:45;0
06.12. 02:00;0
06.12. 02:15;0
06.12. 02:30;0
06.12. 02:45;0
06.12. 03:00;0
06.12. 03:15;0
06.12. 03:30;0
06.12. 03:45;0
06.12. 04:00;0
06.12. 04:15;0
06.12. 04:30;0
06.12. 04:45;0
06.12. 05:00;0
06.12. 05:15;0
06.12. 05:30;0
06.12. 05:45;0
06.12. 06:00;0
06.12. 06:15;0
06.12. 06:30;0
06.12. 06:45;0
06.12. 07:00;0
06.12. 07:15;0
06.12. 07:30;0
06.12. 07:45;0
06.12. 08:00;0
06.12. 08:15;0,08874
06.12. 08:30;0,33322
06.12. 08:45;0,55743
06.12. 09:00;1,0966
06.12. 09:15;2,3689
06.12. 09:30;4,0864
06.12. 09:45;8,4842
06.12. 10:00;8,1592
06.12. 10:15;9,4024
06.12. 10:30;11,125
06.12. 10:45;19,013
06.12. 11:00;21,013
06.12. 11:15;13,502
06.12. 11:30;13,242
06.12. 11:45;8,1563
06.12. 12:00;8,5666
06.12. 12:15;11,339
06.12. 12:30;8,4662
06.12. 12:45;6,3047
06.12. 13:00;4,4701
06.12. 13:15;3,5708
06.12. 13:30;5,6758
06.12. 13:45;5,3177
06.12. 14:00;6,3936
06.12. 14:15;6,5775
06.12. 14:30;2,7296
06.12. 14:45;1,4741
06.12. 15:00;1,1551
06.12. 15:15;0,78072
06.12. 15:30;0,36935
06.12. 15:45;0
06.12. 16:00;0
06.12. 16:15;0
06.12. 16:30;0
06.12. 16:45;0
06.12. 17:00;0
06.12. 17:15;0
06.12. 17:30;0
06.12. 17:45;0
06.12. 18:00;0
06.12. 18:15;0
06.12. 18:30;0
06.12. 18:45;0
06.12. 19:00;0
06.12. 19:15;0
06.12. 19:30;0
06.12. 19:45;0
06.12. 20:00;0
06.12. 20:15;0
06.12. 20:30;0
06.12. 20:45;0
06.12. 21:00;0
06.12. 21:15;0
06.12. 21:30;0
06.12. 21:45;0
06.12. 22:00;0
06.12. 22:15;0
06.12. 22:30;0
06.12. 22:45;0
06.12. 23:00;0
06.12. 23:15;0
06.12. 23:30;0
06.12. 23:45;0
07.12. 00:00;0
07.12. 00:15;0
07.12. 00:30;0
07.12. 00:45;0
07.12. 01:00;0
07.12. 01:15;0
07.12. 01:30;0
07.12. 01:45;0
07.12. 02:00;0
07.12. 02:15;0
07.12. 02:30;0
07.12. 02:45;0
07.12. 03:00;0
07.12. 03:15;0
07.12. 03:30;0
07.12. 03:45;0
07.12. 04:00;0
07.12. 04:15;0
07.12. 04:30;0
07.12. 04:45;0
07.12. 05:00;0
07.12. 05:15;0
07.12. 05:30;0
07.12. 05:45;0
07.12. 06:00;0
07.12. 06:15;0
07.12. 06:30;0
07.12. 06:45;0
07.12. 07:00;0
07.12. 07:15;0
07.12. 07:30;0
07.12. 07:45;0
07.12. 08:00;0
07.12. 08:15;0,46521
07.12. 08:30;1,0205
07.12. 08:45;1,3468
07.12. 09:00;2,6802
07.12. 09:15;11,752
07.12. 09:30;5,0694
07.12. 09:45;4,7063
07.12. 10:00;5,9298
07.12. 10:15;5,5074
07.12. 10:30;5,0324
07.12. 10:45;4,135
07.12. 11:00;4,0869
07.12. 11:15;3,1643
07.12. 11:30;3,5226
07.12. 11:45;2,5091
07.12. 12:00;1,8954
07.12. 12:15;1,1299
07.12. 12:30;2,3122
07.12. 12:45;3,165
07.12. 13:00;2,3973
07.12. 13:15;1,7202
07.12. 13:30;0,96625
07.12. 13:45;0,95659
07.12. 14:00;0,66865
07.12. 14:15;0,69436
07.12. 14:30;0,40021
07.12. 14:45;0,32959
07.12. 15:00;0,06607
07.12. 15:15;0,00434
07.12. 15:30;0
07.12. 15:45;0
07.12. 16:00;0
07.12. 16:15;0
07.12. 16:30;0
07.12. 16:45;0
07.12. 17:00;0
07.12. 17:15;0
07.12. 17:30;0
07.12. 17:45;0
07.12. 18:00;0
07.12. 18:15;0
07.12. 18:30;0
07.12. 18:45;0
07.12. 19:00;0
07.12. 19:15;0
07.12. 19:30;0
07.12. 19:45;0
07.12. 20:00;0
07.12. 20:15;0
07.12. 20:30;0
07.12. 20:45;0
07.12. 21:00;0
07.12. 21:15;0
07.12. 21:30;0
07.12. 21:45;0
07.12. 22:00;0
07.12. 22:15;0
07.12. 22:30;0
07.12. 22:45;0
07.12. 23:00;0
07.12. 23:15;0
07.12. 23:30;0
07.12. 23:45;0
08.12. 00:00;0
08.12. 00:15;0
08.12. 00:30;0
08.12. 00:45;0
08.12. 01:00;0
08.12. 01:15;0
08.12. 01:30;0
08.12. 01:45;0
08.12. 02:00;0
08.12. 02:15;0
08.12. 02:30;0
08.12. 02:45;0
08.12. 03:00;0
08.12. 03:15;0
08.12. 03:30;0
08.12. 03:45;0
08.12. 04:00;0
08.12. 04:15;0
08.12. 04:30;0
08.12. 04:45;0
08.12. 05:00;0
08.12. 05:15;0
08.12. 05:30;0
08.12. 05:45;0
08.12. 06:00;0
08.12. 06:15;0
08.12. 06:30;0
08.12. 06:45;0
08.12. 07:00;0
08.12. 07:15;0
08.12. 07:30;0
08.12. 07:45;0
08.12. 08:00;0,00328
08.12. 08:15;0,39153
08.12. 08:30;0,46299
08.12. 08:45;3,1606
08.12. 09:00;6,0608
08.12. 09:15;9,2016
08.12. 09:30;6,8704
08.12. 09:45;10,673
08.12. 10:00;14,005
08.12. 10:15;16,764
08.12. 10:30;18,157
08.12. 10:45;21,197
08.12. 11:00;18,313
08.12. 11:15;19,921
08.12. 11:30;11,434
08.12. 11:45;13,026
08.12. 12:00;18,565
08.12. 12:15;16,53
08.12. 12:30;7,5187
08.12. 12:45;5,2332
08.12. 13:00;5,6686
08.12. 13:15;10,682
08.12. 13:30;9,3106
08.12. 13:45;9,9126
08.12. 14:00;9,3785
08.12. 14:15;2,9987
08.12. 14:30;2,7331
08.12. 14:45;4,3366
08.12. 15:00;2,0595
08.12. 15:15;0,60007
08.12. 15:30;0,03276
08.12. 15:45;0
08.12. 16:00;0
08.12. 16:15;0
08.12. 16:30;0
08.12. 16:45;0
08.12. 17:00;0
08.12. 17:15;0
08.12. 17:30;0
08.12. 17:45;0
08.12. 18:00;0
08.12. 18:15;0
08.12. 18:30;0
08.12. 18:45;0
08.12. 19:00;0
08.12. 19:15;0
08.12. 19:30;0
08.12. 19:45;0
08.12. 20:00;0
08.12. 20:15;0
08.12. 20:30;0
08.12. 20:45;0
08.12. 21:00;0
08.12. 21:15;0
08.12. 21:30;0
08.12. 21:45;0
08.12. 22:00;0
08.12. 22:15;0
08.12. 22:30;0
08.12. 22:45;0
08.12. 23:00;0
08.12. 23:15;0
08.12. 23:30;0
08.12. 23:45;0
09.12. 00:00;0
09.12. 00:15;0
09.12. 00:30;0
09.12. 00:45;0
09.12. 01:00;0
09.12. 01:15;0
09.12. 01:30;0
09.12. 01:45;0
09.12. 02:00;0
09.12. 02:15;0
09.12. 02:30;0
09.12. 02:45;0
09.12. 03:00;0
09.12. 03:15;0
09.12. 03:30;0
09.12. 03:45;0
09.12. 04:00;0
09.12. 04:15;0
09.12. 04:30;0
09.12. 04:45;0
09.12. 05:00;0
09.12. 05:15;0
09.12. 05:30;0
09.12. 05:45;0
09.12. 06:00;0
09.12. 06:15;0
09.12. 06:30;0
09.12. 06:45;0
09.12. 07:00;0
09.12. 07:15;0
09.12. 07:30;0
09.12. 07:45;0
09.12. 08:00;0
09.12. 08:15;0
09.12. 08:30;0,00728
09.12. 08:45;0,00591
09.12. 09:00;1,1355
09.12. 09:15;3,9298
09.12. 09:30;4,0394
09.12. 09:45;5,0096
09.12. 10:00;4,9338
09.12. 10:15;3,5629
09.12. 10:30;3,5578
09.12. 10:45;4,1224
09.12. 11:00;4,9096
09.12. 11:15;3,9104
09.12. 11:30;2,5598
09.12. 11:45;2,0754
09.12. 12:00;1,7967
09.12. 12:15;2,821
09.12. 12:30;3,2984
09.12. 12:45;2,9795
09.12. 13:00;1,8639
09.12. 13:15;1,8923
09.12. 13:30;1,5562
09.12. 13:45;1,7176
09.12. 14:00;1,4102
09.12. 14:15;1,0084
09.12. 14:30;0,62529
09.12. 14:45;0,16076
09.12. 15:00;0,0864
09.12. 15:15;0,0942
09.12. 15:30;0
09.12. 15:45;0
09.12. 16:00;0
09.12. 16:15;0
09.12. 16:30;0
09.12. 16:45;0
09.12. 17:00;0
09.12. 17:15;0
09.12. 17:30;0
09.12. 17:45;0
09.12. 18:00;0
09.12. 18:15;0
09.12. 18:30;0
09.12. 18:45;0
09.12. 19:00;0
09.12. 19:15;0
09.12. 19:30;0
09.12. 19:45;0
09.12. 20:00;0
09.12. 20:15;0
09.12. 20:30;0
09.12. 20:45;0
09.12. 21:00;0
09.12. 21:15;0
09.12. 21:30;0
09.12. 21:45;0
09.12. 22:00;0
09.12. 22:15;0
09.12. 22:30;0
09.12. 22:45;0
09.12. 23:00;0
09.12. 23:15;0
09.12. 23:30;0
09.12. 23:45;0
10.12. 00:00;0
10.12. 00:15;0
10.12. 00:30;0
10.12. 00:45;0
10.12. 01:00;0
10.12. 01:15;0
10.12. 01:30;0
10.12. 01:45;0
10.12. 02:00;0
10.12. 02:15;0
10.12. 02:30;0
10.12. 02:45;0
10.12. 03:00;0
10.12. 03:15;0
10.12. 03:30;0
10.12. 03:45;0
10.12. 04:00;0
10.12. 04:15;0
10.12. 04:30;0
10.12. 04:45;0
10.12. 05:00;0
10.12. 05:15;0
10.12. 05:30;0
10.12. 05:45;0
10.12. 06:00;0
10.12. 06:15;0
10.12. 06:30;0
10.12. 06:45;0
10.12. 07:00;0
10.12. 07:15;0
10.12. 07:30;0
10.12. 07:45;0
10.12. 08:00;0
10.12. 08:15;0,40083
10.12. 08:30;0,44179
10.12. 08:45;0,38835
10.12. 09:00;0,41583
10.12. 09:15;1,8825
10.12. 09:30;4,5948
10.12. 09:45;6,0408
10.12. 10:00;3,1204
10.12. 10:15;2,0453
10.12. 10:30;1,9428
10.12. 10:45;2,0331
10.12. 11:00;2,4293
10.12. 11:15;2,1696
10.12. 11:30;1,9528
10.12. 11:45;1,3182
10.12. 12:00;2,0042
10.12. 12:15;1,8195
10.12. 12:30;1,1717
10.12. 12:45;1,6367
10.12. 13:00;1,9863
10.12. 13:15;1,5596
10.12. 13:30;1,1671
10.12. 13:45;0,77131
10.12. 14:00;0,94058
10.12. 14:15;1,3024
10.12. 14:30;0,66245
10.12. 14:45;0,45215
10.12. 15:00;0,84593
10.12. 15:15;0,48225
10.12. 15:30;0,07262
10.12. 15:45;0
10.12. 16:00;0
10.12. 16:15;0
10.12. 16:30;0
10.12. 16:45;0
10.12. 17:00;0
10.12. 17:15;0
10.12. 17:30;0
10.12. 17:45;0
10.12. 18:00;0
10.12. 18:15;0
10.12. 18:30;0
10.12. 18:45;0
10.12. 19:00;0
10.12. 19:15;0
10.12. 19:30;0
10.12. 19:45;0
10.12. 20:00;0
10.12. 20:15;0
10.12. 20:30;0
10.12. 20:45;0
10.12. 21:00;0
10.12. 21:15;0
10.12. 21:30;0
10.12. 21:45;0
10.12. 22:00;0
10.12. 22:15;0
10.12. 22:30;0
10.12. 22:45;0
10.12. 23:00;0
10.12. 23:15;0
10.12. 23:30;0
10.12. 23:45;0
11.12. 00:00;0
11.12. 00:15;0
11.12. 00:30;0
11.12. 00:45;0
11.12. 01:00;0
11.12. 01:15;0
11.12. 01:30;0
11.12. 01:45;0
11.12. 02:00;0
11.12. 02:15;0
11.12. 02:30;0
11.12. 02:45;0
11.12. 03:00;0
11.12. 03:15;0
11.12. 03:30;0
11.12. 03:45;0
11.12. 04:00;0
11.12. 04:15;0
11.12. 04:30;0
11.12. 04:45;0
11.12. 05:00;0
11.12. 05:15;0
11.12. 05:30;0
11.12. 05:45;0
11.12. 06:00;0
11.12. 06:15;0
11.12. 06:30;0
11.12. 06:45;0
11.12. 07:00;0
11.12. 07:15;0
11.12. 07:30;0
11.12. 07:45;0
11.12. 08:00;0
11.12. 08:15;0,002
11.12. 08:30;0
11.12. 08:45;0,00497
11.12. 09:00;0,56619
11.12. 09:15;1,0101
11.12. 09:30;3,6473
11.12. 09:45;5,9458
11.12. 10:00;4,5544
11.12. 10:15;5,1665
11.12. 10:30;4,3139
11.12. 10:45;4,2464
11.12. 11:00;4,1864
11.12. 11:15;4,7948
11.12. 11:30;5,9727
11.12. 11:45;4,9472
11.12. 12:00;5,2038
11.12. 12:15;6,7775
11.12. 12:30;7,2123
11.12. 12:45;5,5971
11.12. 13:00;4,8934
11.12. 13:15;4,6174
11.12. 13:30;5,6864
11.12. 13:45;2,9334
11.12. 14:00;2,2677
11.12. 14:15;1,5301
11.12. 14:30;1,0974
11.12. 14:45;0,65405
11.12. 15:00;0,26724
11.12. 15:15;0,08211
11.12. 15:30;0,01082
11.12. 15:45;0
11.12. 16:00;0
11.12. 16:15;0
11.12. 16:30;0
11.12. 16:45;0
11.12. 17:00;0
11.12. 17:15;0
11.12. 17:30;0
11.12. 17:45;0
11.12. 18:00;0
11.12. 18:15;0
11.12. 18:30;0
11.12. 18:45;0
11.12. 19:00;0
11.12. 19:15;0
11.12. 19:30;0
11.12. 19:45;0
11.12. 20:00;0
11.12. 20:15;0
11.12. 20:30;0
11.12. 20:45;0
11.12. 21:00;0
11.12. 21:15;0
11.12. 21:30;0
11.12. 21:45;0
11.12. 22:00;0
11.12. 22:15;0
11.12. 22:30;0
11.12. 22:45;0
11.12. 23:00;0
11.12. 23:15;0
11.12. 23:30;0
11.12. 23:45;0
12.12. 00:00;0
12.12. 00:15;0
12.12. 00:30;0
12.12. 00:45;0
12.12. 01:00;0
12.12. 01:15;0
12.12. 01:30;0
12.12. 01:45;0
12.12. 02:00;0
12.12. 02:15;0
12.12. 02:30;0
12.12. 02:45;0
12.12. 03:00;0
12.12. 03:15;0
12.12. 03:30;0
12.12. 03:45;0
12.12. 04:00;0
12.12. 04:15;0
12.12. 04:30;0
12.12. 04:45;0
12.12. 05:00;0
12.12. 05:15;0
12.12. 05:30;0
12.12. 05:45;0
12.12. 06:00;0
12.12. 06:15;0
12.12. 06:30;0
12.12. 06:45;0
12.12. 07:00;0
12.12. 07:15;0
12.12. 07:30;0
12.12. 07:45;0
12.12. 08:00;0
12.12. 08:15;0,09496
12.12. 08:30;0,34513
12.12. 08:45;0,58031
12.12. 09:00;1,3591
12.12. 09:15;2,2348
12.12. 09:30;4,341
12.12. 09:45;5,5255
12.12. 10:00;4,1262
12.12. 10:15;2,4153
12.12. 10:30;0,96722
12.12. 10:45;0,99947
12.12. 11:00;3,0943
12.12. 11:15;3,0564
12.12. 11:30;3,8063
12.12. 11:45;5,2199
12.12. 12:00;4,0472
12.12. 12:15;3,8925
12.12. 12:30;2,574
12.12. 12:45;0,95041
12.12. 13:00;2,0534
12.12. 13:15;2,9897
12.12. 13:30;2,1682
12.12. 13:45;0,49016
12.12. 14:00;1,0631
12.12. 14:15;2,0398
12.12. 14:30;1,8572
12.12. 14:45;0,95444
12.12. 15:00;0,20809
12.12. 15:15;0,02711
12.12. 15:30;0
12.12. 15:45;0
12.12. 16:00;0
12.12. 16:15;0
12.12. 16:30;0
12.12. 16:45;0
12.12. 17:00;0
12.12. 17:15;0
12.12. 17:30;0
12.12. 17:45;0
12.12. 18:00;0
12.12. 18:15;0
12.12. 18:30;0
12.12. 18:45;0
12.12. 19:00;0
12.12. 19:15;0
12.12. 19:30;0
12.12. 19:45;0
12.12. 20:00;0
12.12. 20:15;0
12.12. 20:30;0
12.12. 20:45;0
12.12. 21:00;0
12.12. 21:15;0
12.12. 21:30;0
12.12. 21:45;0
12.12. 22:00;0
12.12. 22:15;0
12.12. 22:30;0
12.12. 22:45;0
12.12. 23:00;0
12.12. 23:15;0
12.12. 23:30;0
12.12. 23:45;0
13.12. 00:00;0
13.12. 00:15;0
13.12. 00:30;0
13.12. 00:45;0
13.12. 01:00;0
13.12. 01:15;0
13.12. 01:30;0
13.12. 01:45;0
13.12. 02:00;0
13.12. 02:15;0
13.12. 02:30;0
13.12. 02:45;0
13.12. 03:00;0
13.12. 03:15;0
13.12. 03:30;0
13.12. 03:45;0
13.12. 04:00;0
13.12. 04:15;0
13.12. 04:30;0
13.12. 04:45;0
13.12. 05:00;0
13.12. 05:15;0
13.12. 05:30;0
13.12. 05:45;0
13.12. 06:00;0
13.12. 06:15;0
13.12. 06:30;0
13.12. 06:45;0
13.12. 07:00;0
13.12. 07:15;0
13.12. 07:30;0
13.12. 07:45;0
13.12. 08:00;0
13.12. 08:15;0,03631
13.12. 08:30;0,2352
13.12. 08:45;1,2505
13.12. 09:00;3,2591
13.12. 09:15;4,2311
13.12. 09:30;3,2401
13.12. 09:45;3,3468
13.12. 10:00;4,2901
13.12. 10:15;4,5842
13.12. 10:30;4,7172
13.12. 10:45;6,0478
13.12. 11:00;8,1513
13.12. 11:15;3,6461
13.12. 11:30;2,817
13.12. 11:45;2,2115
13.12. 12:00;2,208
13.12. 12:15;1,8552
13.12. 12:30;2,1677
13.12. 12:45;2,8975
13.12. 13:00;2,6401
13.12. 13:15;1,8185
13.12. 13:30;1,8396
13.12. 13:45;1,2074
13.12. 14:00;1,3534
13.12. 14:15;1,4736
13.12. 14:30;1,0364
13.12. 14:45;0,53773
13.12. 15:00;0,19157
13.12. 15:15;0,14298
13.12. 15:30;0,0198
13.12. 15:45;0
13.12. 16:00;0
13.12. 16:15;0
13.12. 16:30;0
13.12. 16:45;0
13.12. 17:00;0
13.12. 17:15;0
13.12. 17:30;0
13.12. 17:45;0
13.12. 18:00;0
13.12. 18:15;0
13.12. 18:30;0
13.12. 18:45;0
13.12. 19:00;0
13.12. 19:15;0
13.12. 19:30;0
13.12. 19:45;0
13.12. 20:00;0
13.12. 20:15;0
13.12. 20:30;0
13.12. 20:45;0
13.12. 21:00;0
13.12. 21:15;0
13.12. 21:30;0
13.12. 21:45;0
13.12. 22:00;0
13.12. 22:15;0
13.12. 22:30;0
13.12. 22:45;0
13.12. 23:00;0
13.12. 23:15;0
13.12. 23:30;0
13.12. 23:45;0
14.12. 00:00;0
14.12. 00:15;0
14.12. 00:30;0
14.12. 00:45;0
14.12. 01:00;0
14.12. 01:15;0
14.12. 01:30;0
14.12. 01:45;0
14.12. 02:00;0
14.12. 02:15;0
14.12. 02:30;0
14.12. 02:45;0
14.12. 03:00;0
14.12. 03:15;0
14.12. 03:30;0
14.12. 03:45;0
14.12. 04:00;0
14.12. 04:15;0
14.12. 04:30;0
14.12. 04:45;0
14.12. 05:00;0
14.12. 05:15;0
14.12. 05:30;0
14.12. 05:45;0
14.12. 06:00;0
14.12. 06:15;0
14.12. 06:30;0
14.12. 06:45;0
14.12. 07:00;0
14.12. 07:15;0
14.12. 07:30;0
14.12. 07:45;0
14.12. 08:00;0
14.12. 08:15;0,03217
14.12. 08:30;0,31285
14.12. 08:45;0,48216
14.12. 09:00;1,3442
14.12. 09:15;1,6814
14.12. 09:30;3,174
14.12. 09:45;6,4613
14.12. 10:00;4,7611
14.12. 10:15;1,83
14.12. 10:30;1,9273
14.12. 10:45;2,3305
14.12. 11:00;3,2065
14.12. 11:15;4,3027
14.12. 11:30;4,373
14.12. 11:45;3,0068
14.12. 12:00;2,8345
14.12. 12:15;2,9633
14.12. 12:30;3,7002
14.12. 12:45;3,606
14.12. 13:00;2,2762
14.12. 13:15;1,4691
14.12. 13:30;2,5877
14.12. 13:45;2,365
14.12. 14:00;1,8098
14.12. 14:15;0,82197
14.12. 14:30;0,27674
14.12. 14:45;0,09209
14.12. 15:00;0,0677
14.12. 15:15;0,0211
14.12. 15:30;0,02401
14.12. 15:45;0
14.12. 16:00;0
14.12. 16:15;0
14.12. 16:30;0
14.12. 16:45;0
14.12. 17:00;0
14.12. 17:15;0
14.12. 17:30;0
14.12. 17:45;0
14.12. 18:00;0
14.12. 18:15;0
14.12. 18:30;0
14.12. 18:45;0
14.12. 19:00;0
14.12. 19:15;0
14.12. 19:30;0
14.12. 19:45;0
14.12. 20:00;0
14.12. 20:15;0
14.12. 20:30;0
14.12. 20:45;0
14.12. 21:00;0
14.12. 21:15;0
14.12. 21:30;0
14.12. 21:45;0
14.12. 22:00;0
14.12. 22:15;0
14.12. 22:30;0
14.12. 22:45;0
14.12. 23:00;0
14.12. 23:15;0
14.12. 23:30;0
14.12. 23:45;0
15.12. 00:00;0
15.12. 00:15;0
15.12. 00:30;0
15.12. 00:45;0
15.12. 01:00;0
15.12. 01:15;0
15.12. 01:30;0
15.12. 01:45;0
15.12. 02:00;0
15.12. 02:15;0
15.12. 02:30;0
15.12. 02:45;0
15.12. 03:00;0
15.12. 03:15;0
15.12. 03:30;0
15.12. 03:45;0
15.12. 04:00;0
15.12. 04:15;0
15.12. 04:30;0
15.12. 04:45;0
15.12. 05:00;0
15.12. 05:15;0
15.12. 05:30;0
15.12. 05:45;0
15.12. 06:00;0
15.12. 06:15;0
15.12. 06:30;0
15.12. 06:45;0
15.12. 07:00;0
15.12. 07:15;0
15.12. 07:30;0
15.12. 07:45;0
15.12. 08:00;0
15.12. 08:15;0,19662
15.12. 08:30;1,1194
15.12. 08:45;1,8676
15.12. 09:00;6,4362
15.12. 09:15;7,1324
15.12. 09:30;10,507
15.12. 09:45;11,211
15.12. 10:00;16,533
15.12. 10:15;16,133
15.12. 10:30;12,208
15.12. 10:45;21,503
15.12. 11:00;22,231
15.12. 11:15;11,735
15.12. 11:30;20,046
15.12. 11:45;21,762
15.12. 12:00;23,458
15.12. 12:15;20,241
15.12. 12:30;13,829
15.12. 12:45;11,472
15.12. 13:00;10,745
15.12. 13:15;12,261
15.12. 13:30;11,612
15.12. 13:45;12,514
15.12. 14:00;3,8339
15.12. 14:15;2,7381
15.12. 14:30;6,2807
15.12. 14:45;6,783
15.12. 15:00;1,8454
15.12. 15:15;0,32354
15.12. 15:30;0,00839
15.12. 15:45;0
15.12. 16:00;0
15.12. 16:15;0
15.12. 16:30;0
15.12. 16:45;0
15.12. 17:00;0
15.12. 17:15;0
15.12. 17:30;0
15.12. 17:45;0
15.12. 18:00;0
15.12. 18:15;0
15.12. 18:30;0
15.12. 18:45;0
15.12. 19:00;0
15.12. 19:15;0
15.12. 19:30;0
15.12. 19:45;0
15.12. 20:00;0
15.12. 20:15;0
15.12. 20:30;0
15.12. 20:45;0
15.12. 21:00;0
15.12. 21:15;0
15.12. 21:30;0
15.12. 21:45;0
15.12. 22:00;0
15.12. 22:15;0
15.12. 22:30;0
15.12. 22:45;0
15.12. 23:00;0
15.12. 23:15;0
15.12. 23:30;0
15.12. 23:45;0
16.12. 00:00;0
16.12. 00:15;0
16.12. 00:30;0
16.12. 00:45;0
16.12. 01:00;0
16.12. 01:15;0
16.12. 01:30;0
16.12. 01:45;0
16.12. 02:00;0
16.12. 02:15;0
16.12. 02:30;0
16.12. 02:45;0
16.12. 03:00;0
16.12. 03:15;0
16.12. 03:30;0
16.12. 03:45;0
16.12. 04:00;0
16.12. 04:15;0
16.12. 04:30;0
16.12. 04:45;0
16.12. 05:00;0
16.12. 05:15;0
16.12. 05:30;0
16.12. 05:45;0
16.12. 06:00;0
16.12. 06:15;0
16.12. 06:30;0
16.12. 06:45;0
16.12. 07:00;0
16.12. 07:15;0
16.12. 07:30;0
16.12. 07:45;0
16.12. 08:00;0
16.12. 08:15;0,02471
16.12. 08:30;0,32839
16.12. 08:45;0,79035
16.12. 09:00;8,0143
16.12. 09:15;4,4952
16.12. 09:30;3,5271
16.12. 09:45;2,8812
16.12. 10:00;2,6676
16.12. 10:15;5,8377
16.12. 10:30;8,0949
16.12. 10:45;7,8317
16.12. 11:00;8,6537
16.12. 11:15;5,7695
16.12. 11:30;4,6938
16.12. 11:45;3,7457
16.12. 12:00;4,8311
16.12. 12:15;2,9396
16.12. 12:30;2,677
16.12. 12:45;7,5913
16.12. 13:00;8,7016
16.12. 13:15;8,6214
16.12. 13:30;3,5126
16.12. 13:45;3,5783
16.12. 14:00;4,5406
16.12. 14:15;5,8659
16.12. 14:30;5,4992
16.12. 14:45;3,0828
16.12. 15:00;1,2581
16.12. 15:15;0,17092
16.12. 15:30;0
16.12. 15:45;0
16.12. 16:00;0
16.12. 16:15;0
16.12. 16:30;0
16.12. 16:45;0
16.12. 17:00;0
16.12. 17:15;0
16.12. 17:30;0
16.12. 17:45;0
16.12. 18:00;0
16.12. 18:15;0
16.12. 18:30;0
16.12. 18:45;0
16.12. 19:00;0
16.12. 19:15;0
16.12. 19:30;0
16.12. 19:45;0
16.12. 20:00;0
16.12. 20:15;0
16.12. 20:30;0
16.12. 20:45;0
16.12. 21:00;0
16.12. 21:15;0
16.12. 21:30;0
16.12. 21:45;0
16.12. 22:00;0
16.12. 22:15;0
16.12. 22:30;0
16.12. 22:45;0
16.12. 23:00;0
16.12. 23:15;0
16.12. 23:30;0
16.12. 23:45;0
17.12. 00:00;0
17.12. 00:15;0
17.12. 00:30;0
17.12. 00:45;0
17.12. 01:00;0
17.12. 01:15;0
17.12. 01:30;0
17.12. 01:45;0
17.12. 02:00;0
17.12. 02:15;0
17.12. 02:30;0
17.12. 02:45;0
17.12. 03:00;0
17.12. 03:15;0
17.12. 03:30;0
17.12. 03:45;0
17.12. 04:00;0
17.12. 04:15;0
17.12. 04:30;0
17.12. 04:45;0
17.12. 05:00;0
17.12. 05:15;0
17.12. 05:30;0
17.12. 05:45;0
17.12. 06:00;0
17.12. 06:15;0
17.12. 06:30;0
17.12. 06:45;0
17.12. 07:00;0
17.12. 07:15;0
17.12. 07:30;0
17.12. 07:45;0
17.12. 08:00;0
17.12. 08:15;0
17.12. 08:30;0,10031
17.12. 08:45;0,3438
17.12. 09:00;0,91782
17.12. 09:15;1,9521
17.12. 09:30;4,3488
17.12. 09:45;5,7539
17.12. 10:00;4,0635
17.12. 10:15;3,5461
17.12. 10:30;3,1628
17.12. 10:45;2,619
17.12. 11:00;3,1999
17.12. 11:15;2,4525
17.12. 11:30;3,4994
17.12. 11:45;2,8488
17.12. 12:00;2,333
17.12. 12:15;2,3496
17.12. 12:30;2,5969
17.12. 12:45;1,9906
17.12. 13:00;1,2522
17.12. 13:15;2,0545
17.12. 13:30;0,87349
17.12. 13:45;1,4172
17.12. 14:00;0,7252
17.12. 14:15;0,97576
17.12. 14:30;0,66483
17.12. 14:45;0,34779
17.12. 15:00;0,05083
17.12. 15:15;0,00394
17.12. 15:30;0
17.12. 15:45;0
17.12. 16:00;0
17.12. 16:15;0
17.12. 16:30;0
17.12. 16:45;0
17.12. 17:00;0
17.12. 17:15;0
17.12. 17:30;0
17.12. 17:45;0
17.12. 18:00;0
17.12. 18:15;0
17.12. 18:30;0
17.12. 18:45;0
17.12. 19:00;0
17.12. 19:15;0
17.12. 19:30;0
17.12. 19:45;0
17.12. 20:00;0
17.12. 20:15;0
17.12. 20:30;0
17.12. 20:45;0
17.12. 21:00;0
17.12. 21:15;0
17.12. 21:30;0
17.12. 21:45;0
17.12. 22:00;0
17.12. 22:15;0
17.12. 22:30;0
17.12. 22:45;0
17.12. 23:00;0
17.12. 23:15;0
17.12. 23:30;0
17.12. 23:45;0
18.12. 00:00;0
18.12. 00:15;0
18.12. 00:30;0
18.12. 00:45;0
18.12. 01:00;0
18.12. 01:15;0
18.12. 01:30;0
18.12. 01:45;0
18.12. 02:00;0
18.12. 02:15;0
18.12. 02:30;0
18.12. 02:45;0
18.12. 03:00;0
18.12. 03:15;0
18.12. 03:30;0
18.12. 03:45;0
18.12. 04:00;0
18.12. 04:15;0
18.12. 04:30;0
18.12. 04:45;0
18.12. 05:00;0
18.12. 05:15;0
18.12. 05:30;0
18.12. 05:45;0
18.12. 06:00;0
18.12. 06:15;0
18.12. 06:30;0
18.12. 06:45;0
18.12. 07:00;0
18.12. 07:15;0
18.12. 07:30;0
18.12. 07:45;0
18.12. 08:00;0
18.12. 08:15;0
18.12. 08:30;0
18.12. 08:45;0
18.12. 09:00;5,4087
18.12. 09:15;2,6365
18.12. 09:30;1,2174
18.12. 09:45;0,54302
18.12. 10:00;1,1684
18.12. 10:15;2,0707
18.12. 10:30;2,3453
18.12. 10:45;2,8899
18.12. 11:00;2,3653
18.12. 11:15;0,73498
18.12. 11:30;0,49936
18.12. 11:45;1,3342
18.12. 12:00;1,4371
18.12. 12:15;1,0751
18.12. 12:30;1,2023
18.12. 12:45;0,69376
18.12. 13:00;0,42724
18.12. 13:15;0,87631
18.12. 13:30;1,1977
18.12. 13:45;1,599
18.12. 14:00;1,7554
18.12. 14:15;1,4254
18.12. 14:30;1,1415
18.12. 14:45;0,82145
18.12. 15:00;0,07904
18.12. 15:15;0,0071
18.12. 15:30;0
18.12. 15:45;0
18.12. 16:00;0
18.12. 16:15;0
18.12. 16:30;0
18.12. 16:45;0
18.12. 17:00;0
18.12. 17:15;0
18.12. 17:30;0
18.12. 17:45;0
18.12. 18:00;0
18.12. 18:15;0
18.12. 18:30;0
18.12. 18:45;0
18.12. 19:00;0
18.12. 19:15;0
18.12. 19:30;0
18.12. 19:45;0
18.12. 20:00;0
18.12. 20:15;0
18.12. 20:30;0
18.12. 20:45;0
18.12. 21:00;0
18.12. 21:15;0
18.12. 21:30;0
18.12. 21:45;0
18.12. 22:00;0
18.12. 22:15;0
18.12. 22:30;0
18.12. 22:45;0
18.12. 23:00;0
18.12. 23:15;0
18.12. 23:30;0
18.12. 23:45;0
19.12. 00:00;0
19.12. 00:15;0
19.12. 00:30;0
19.12. 00:45;0
19.12. 01:00;0
19.12. 01:15;0
19.12. 01:30;0
19.12. 01:45;0
19.12. 02:00;0
19.12. 02:15;0
19.12. 02:30;0
19.12. 02:45;0
19.12. 03:00;0
19.12. 03:15;0
19.12. 03:30;0
19.12. 03:45;0
19.12. 04:00;0
19.12. 04:15;0
19.12. 04:30;0
19.12. 04:45;0
19.12. 05:00;0
19.12. 05:15;0
19.12. 05:30;0
19.12. 05:45;0
19.12. 06:00;0
19.12. 06:15;0
19.12. 06:30;0
19.12. 06:45;0
19.12. 07:00;0
19.12. 07:15;0
19.12. 07:30;0
19.12. 07:45;0
19.12. 08:00;0
19.12. 08:15;0,02429
19.12. 08:30;0,45215
19.12. 08:45;1,0271
19.12. 09:00;1,8677
19.12. 09:15;2,988
19.12. 09:30;4,0463
19.12. 09:45;6,3893
19.12. 10:00;3,3169
19.12. 10:15;2,4661
19.12. 10:30;1,828
19.12. 10:45;1,184
19.12. 11:00;1,0521
19.12. 11:15;2,0406
19.12. 11:30;3,6368
19.12. 11:45;3,491
19.12. 12:00;3,5656
19.12. 12:15;3,4733
19.12. 12:30;3,6821
19.12. 12:45;2,4079
19.12. 13:00;1,718
19.12. 13:15;1,4347
19.12. 13:30;2,5228
19.12. 13:45;1,7625
19.12. 14:00;1,1717
19.12. 14:15;0,88791
19.12. 14:30;1,0079
19.12. 14:45;0,56485
19.12. 15:00;0,1857
19.12. 15:15;0,03113
19.12. 15:30;0
19.12. 15:45;0
19.12. 16:00;0
19.12. 16:15;0
19.12. 16:30;0
19.12. 16:45;0
19.12. 17:00;0
19.12. 17:15;0
19.12. 17:30;0
19.12. 17:45;0
19.12. 18:00;0
19.12. 18:15;0
19.12. 18:30;0
19.12. 18:45;0
19.12. 19:00;0
19.12. 19:15;0
19.12. 19:30;0
19.12. 19:45;0
19.12. 20:00;0
19.12. 20:15;0
19.12. 20:30;0
19.12. 20:45;0
19.12. 21:00;0
19.12. 21:15;0
19.12. 21:30;0
19.12. 21:45;0
19.12. 22:00;0
19.12. 22:15;0
19.12. 22:30;0
19.12. 22:45;0
19.12. 23:00;0
19.12. 23:15;0
19.12. 23:30;0
19.12. 23:45;0
20.12. 00:00;0
20.12. 00:15;0
20.12. 00:30;0
20.12. 00:45;0
20.12. 01:00;0
20.12. 01:15;0
20.12. 01:30;0
20.12. 01:45;0
20.12. 02:00;0
20.12. 02:15;0
20.12. 02:30;0
20.12. 02:45;0
20.12. 03:00;0
20.12. 03:15;0
20.12. 03:30;0
20.12. 03:45;0
20.12. 04:00;0
20.12. 04:15;0
20.12. 04:30;0
20.12. 04:45;0
20.12. 05:00;0
20.12. 05:15;0
20.12. 05:30;0
20.12. 05:45;0
20.12. 06:00;0
20.12. 06:15;0
20.12. 06:30;0
20.12. 06:45;0
20.12. 07:00;0
20.12. 07:15;0
20.12. 07:30;0
20.12. 07:45;0
20.12. 08:00;0
20.12. 08:15;0
20.12. 08:30;0
20.12. 08:45;0
20.12. 09:00;0,55712
20.12. 09:15;0,58451
20.12. 09:30;0,65819
20.12. 09:45;0,53845
20.12. 10:00;1,5908
20.12. 10:15;4,5809
20.12. 10:30;5,9673
20.12. 10:45;5,2139
20.12. 11:00;4,6035
20.12. 11:15;5,3982
20.12. 11:30;4,563
20.12. 11:45;2,294
20.12. 12:00;1,7873
20.12. 12:15;2,9117
20.12. 12:30;6,5996
20.12. 12:45;4,6747
20.12. 13:00;4,6997
20.12. 13:15;4,863
20.12. 13:30;2,7236
20.12. 13:45;2,4502
20.12. 14:00;1,9598
20.12. 14:15;1,8731
20.12. 14:30;2,843
20.12. 14:45;1,5999
20.12. 15:00;0,08602
20.12. 15:15;0
20.12. 15:30;0
20.12. 15:45;0
20.12. 16:00;0
20.12. 16:15;0
20.12. 16:30;0
20.12. 16:45;0
20.12. 17:00;0
20.12. 17:15;0
20.12. 17:30;0
20.12. 17:45;0
20.12. 18:00;0
20.12. 18:15;0
20.12. 18:30;0
20.12. 18:45;0
20.12. 19:00;0
20.12. 19:15;0
20.12. 19:30;0
20.12. 19:45;0
20.12. 20:00;0
20.12. 20:15;0
20.12. 20:30;0
20.12. 20:45;0
20.12. 21:00;0
20.12. 21:15;0
20.12. 21:30;0
20.12. 21:45;0
20.12. 22:00;0
20.12. 22:15;0
20.12. 22:30;0
20.12. 22:45;0
20.12. 23:00;0
20.12. 23:15;0
20.12. 23:30;0
20.12. 23:45;0
21.12. 00:00;0
21.12. 00:15;0
21.12. 00:30;0
21.12. 00:45;0
21.12. 01:00;0
21.12. 01:15;0
21.12. 01:30;0
21.12. 01:45;0
21.12. 02:00;0
21.12. 02:15;0
21.12. 02:30;0
21.12. 02:45;0
21.12. 03:00;0
21.12. 03:15;0
21.12. 03:30;0
21.12. 03:45;0
21.12. 04:00;0
21.12. 04:15;0
21.12. 04:30;0
21.12. 04:45;0
21.12. 05:00;0
21.12. 05:15;0
21.12. 05:30;0
21.12. 05:45;0
21.12. 06:00;0
21.12. 06:15;0
21.12. 06:30;0
21.12. 06:45;0
21.12. 07:00;0
21.12. 07:15;0
21.12. 07:30;0
21.12. 07:45;0
21.12. 08:00;0
21.12. 08:15;0
21.12. 08:30;0,41581
21.12. 08:45;2,414
21.12. 09:00;5,6574
21.12. 09:15;5,8091
21.12. 09:30;10,055
21.12. 09:45;8,4541
21.12. 10:00;7,7629
21.12. 10:15;15,63
21.12. 10:30;17,752
21.12. 10:45;20,582
21.12. 11:00;17,413
21.12. 11:15;19,06
21.12. 11:30;19,598
21.12. 11:45;19,893
21.12. 12:00;15,155
21.12. 12:15;14,745
21.12. 12:30;15,188
21.12. 12:45;13,627
21.12. 13:00;13,332
21.12. 13:15;12,555
21.12. 13:30;11,398
21.12. 13:45;10,319
21.12. 14:00;8,3491
21.12. 14:15;5,5463
21.12. 14:30;4,196
21.12. 14:45;5,1872
21.12. 15:00;3,3001
21.12. 15:15;1,3099
21.12. 15:30;0,59729
21.12. 15:45;0
21.12. 16:00;0
21.12. 16:15;0
21.12. 16:30;0
21.12. 16:45;0
21.12. 17:00;0
21.12. 17:15;0
21.12. 17:30;0
21.12. 17:45;0
21.12. 18:00;0
21.12. 18:15;0
21.12. 18:30;0
21.12. 18:45;0
21.12. 19:00;0
21.12. 19:15;0
21.12. 19:30;0
21.12. 19:45;0
21.12. 20:00;0
21.12. 20:15;0
21.12. 20:30;0
21.12. 20:45;0
21.12. 21:00;0
21.12. 21:15;0
21.12. 21:30;0
21.12. 21:45;0
21.12. 22:00;0
21.12. 22:15;0
21.12. 22:30;0
21.12. 22:45;0
21.12. 23:00;0
21.12. 23:15;0
21.12. 23:30;0
21.12. 23:45;0
22.12. 00:00;0
22.12. 00:15;0
22.12. 00:30;0
22.12. 00:45;0
22.12. 01:00;0
22.12. 01:15;0
22.12. 01:30;0
22.12. 01:45;0
22.12. 02:00;0
22.12. 02:15;0
22.12. 02:30;0
22.12. 02:45;0
22.12. 03:00;0
22.12. 03:15;0
22.12. 03:30;0
22.12. 03:45;0
22.12. 04:00;0
22.12. 04:15;0
22.12. 04:30;0
22.12. 04:45;0
22.12. 05:00;0
22.12. 05:15;0
22.12. 05:30;0
22.12. 05:45;0
22.12. 06:00;0
22.12. 06:15;0
22.12. 06:30;0
22.12. 06:45;0
22.12. 07:00;0
22.12. 07:15;0
22.12. 07:30;0
22.12. 07:45;0
22.12. 08:00;0
22.12. 08:15;0,002
22.12. 08:30;0,27631
22.12. 08:45;0,67934
22.12. 09:00;2,0446
22.12. 09:15;3,084
22.12. 09:30;4,1116
22.12. 09:45;5,4901
22.12. 10:00;7,3176
22.12. 10:15;6,0554
22.12. 10:30;4,7635
22.12. 10:45;3,7853
22.12. 11:00;4,5975
22.12. 11:15;4,6843
22.12. 11:30;4,6451
22.12. 11:45;5,8858
22.12. 12:00;4,8794
22.12. 12:15;2,8146
22.12. 12:30;2,2376
22.12. 12:45;1,518
22.12. 13:00;1,499
22.12. 13:15;1,8044
22.12. 13:30;1,9928
22.12. 13:45;2,1958
22.12. 14:00;1,8053
22.12. 14:15;0,6333
22.12. 14:30;0,57794
22.12. 14:45;0,46484
22.12. 15:00;0
22.12. 15:15;0
22.12. 15:30;0
22.12. 15:45;0
22.12. 16:00;0
22.12. 16:15;0
22.12. 16:30;0
22.12. 16:45;0
22.12. 17:00;0
22.12. 17:15;0
22.12. 17:30;0
22.12. 17:45;0
22.12. 18:00;0
22.12. 18:15;0
22.12. 18:30;0
22.12. 18:45;0
22.12. 19:00;0
22.12. 19:15;0
22.12. 19:30;0
22.12. 19:45;0
22.12. 20:00;0
22.12. 20:15;0
22.12. 20:30;0
22.12. 20:45;0
22.12. 21:00;0
22.12. 21:15;0
22.12. 21:30;0
22.12. 21:45;0
22.12. 22:00;0
22.12. 22:15;0
22.12. 22:30;0
22.12. 22:45;0
22.12. 23:00;0
22.12. 23:15;0
22.12. 23:30;0
22.12. 23:45;0
23.12. 00:00;0
23.12. 00:15;0
23.12. 00:30;0
23.12. 00:45;0
23.12. 01:00;0
23.12. 01:15;0
23.12. 01:30;0
23.12. 01:45;0
23.12. 02:00;0
23.12. 02:15;0
23.12. 02:30;0
23.12. 02:45;0
23.12. 03:00;0
23.12. 03:15;0
23.12. 03:30;0
23.12. 03:45;0
23.12. 04:00;0
23.12. 04:15;0
23.12. 04:30;0
23.12. 04:45;0
23.12. 05:00;0
23.12. 05:15;0
23.12. 05:30;0
23.12. 05:45;0
23.12. 06:00;0
23.12. 06:15;0
23.12. 06:30;0
23.12. 06:45;0
23.12. 07:00;0
23.12. 07:15;0
23.12. 07:30;0
23.12. 07:45;0
23.12. 08:00;0
23.12. 08:15;0
23.12. 08:30;0,02253
23.12. 08:45;0,19845
23.12. 09:00;2,5277
23.12. 09:15;6,9047
23.12. 09:30;3,9074
23.12. 09:45;4,0079
23.12. 10:00;2,3352
23.12. 10:15;3,7257
23.12. 10:30;14,739
23.12. 10:45;14,081
23.12. 11:00;8,977
23.12. 11:15;3,7712
23.12. 11:30;2,7093
23.12. 11:45;2,4939
23.12. 12:00;2,184
23.12. 12:15;1,0046
23.12. 12:30;0,91137
23.12. 12:45;1,2465
23.12. 13:00;1,3966
23.12. 13:15;0,99347
23.12. 13:30;0,61084
23.12. 13:45;1,7101
23.12. 14:00;2,0156
23.12. 14:15;0,95254
23.12. 14:30;0,7532
23.12. 14:45;0,88911
23.12. 15:00;0,36366
23.12. 15:15;0,17925
23.12. 15:30;0,01054
23.12. 15:45;0
23.12. 16:00;0
23.12. 16:15;0
23.12. 16:30;0
23.12. 16:45;0
23.12. 17:00;0
23.12. 17:15;0
23.12. 17:30;0
23.12. 17:45;0
23.12. 18:00;0
23.12. 18:15;0
23.12. 18:30;0
23.12. 18:45;0
23.12. 19:00;0
23.12. 19:15;0
23.12. 19:30;0
23.12. 19:45;0
23.12. 20:00;0
23.12. 20:15;0
23.12. 20:30;0
23.12. 20:45;0
23.12. 21:00;0
23.12. 21:15;0
23.12. 21:30;0
23.12. 21:45;0
23.12. 22:00;0
23.12. 22:15;0
23.12. 22:30;0
23.12. 22:45;0
23.12. 23:00;0
23.12. 23:15;0
23.12. 23:30;0
23.12. 23:45;0
24.12. 00:00;0
24.12. 00:15;0
24.12. 00:30;0
24.12. 00:45;0
24.12. 01:00;0
24.12. 01:15;0
24.12. 01:30;0
24.12. 01:45;0
24.12. 02:00;0
24.12. 02:15;0
24.12. 02:30;0
24.12. 02:45;0
24.12. 03:00;0
24.12. 03:15;0
24.12. 03:30;0
24.12. 03:45;0
24.12. 04:00;0
24.12. 04:15;0
24.12. 04:30;0
24.12. 04:45;0
24.12. 05:00;0
24.12. 05:15;0
24.12. 05:30;0
24.12. 05:45;0
24.12. 06:00;0
24.12. 06:15;0
24.12. 06:30;0
24.12. 06:45;0
24.12. 07:00;0
24.12. 07:15;0
24.12. 07:30;0
24.12. 07:45;0
24.12. 08:00;0
24.12. 08:15;0
24.12. 08:30;0,07404
24.12. 08:45;0,32884
24.12. 09:00;0,72685
24.12. 09:15;2,3023
24.12. 09:30;4,0427
24.12. 09:45;4,5082
24.12. 10:00;2,5791
24.12. 10:15;0,94983
24.12. 10:30;0,84069
24.12. 10:45;0,56063
24.12. 11:00;0,50448
24.12. 11:15;1,0978
24.12. 11:30;1,125
24.12. 11:45;2,1486
24.12. 12:00;3,8062
24.12. 12:15;2,9445
24.12. 12:30;1,41
24.12. 12:45;1,5484
24.12. 13:00;2,0587
24.12. 13:15;2,7847
24.12. 13:30;2,5194
24.12. 13:45;3,0993
24.12. 14:00;4,8373
24.12. 14:15;5,1771
24.12. 14:30;3,321
24.12. 14:45;3,7432
24.12. 15:00;4,806
24.12. 15:15;0,8455
24.12. 15:30;0,06401
24.12. 15:45;0
24.12. 16:00;0
24.12. 16:15;0
24.12. 16:30;0
24.12. 16:45;0
24.12. 17:00;0
24.12. 17:15;0
24.12. 17:30;0
24.12. 17:45;0
24.12. 18:00;0
24.12. 18:15;0
24.12. 18:30;0
24.12. 18:45;0
24.12. 19:00;0
24.12. 19:15;0
24.12. 19:30;0
24.12. 19:45;0
24.12. 20:00;0
24.12. 20:15;0
24.12. 20:30;0
24.12. 20:45;0
24.12. 21:00;0
24.12. 21:15;0
24.12. 21:30;0
24.12. 21:45;0
24.12. 22:00;0
24.12. 22:15;0
24.12. 22:30;0
24.12. 22:45;0
24.12. 23:00;0
24.12. 23:15;0
24.12. 23:30;0
24.12. 23:45;0
25.12. 00:00;0
25.12. 00:15;0
25.12. 00:30;0
25.12. 00:45;0
25.12. 01:00;0
25.12. 01:15;0
25.12. 01:30;0
25.12. 01:45;0
25.12. 02:00;0
25.12. 02:15;0
25.12. 02:30;0
25.12. 02:45;0
25.12. 03:00;0
25.12. 03:15;0
25.12. 03:30;0
25.12. 03:45;0
25.12. 04:00;0
25.12. 04:15;0
25.12. 04:30;0
25.12. 04:45;0
25.12. 05:00;0
25.12. 05:15;0
25.12. 05:30;0
25.12. 05:45;0
25.12. 06:00;0
25.12. 06:15;0
25.12. 06:30;0
25.12. 06:45;0
25.12. 07:00;0
25.12. 07:15;0
25.12. 07:30;0
25.12. 07:45;0
25.12. 08:00;0
25.12. 08:15;0
25.12. 08:30;0,05988
25.12. 08:45;0,09368
25.12. 09:00;0,54939
25.12. 09:15;1,2953
25.12. 09:30;3,0248
25.12. 09:45;3,9712
25.12. 10:00;2,1224
25.12. 10:15;2,5175
25.12. 10:30;2,1225
25.12. 10:45;1,2437
25.12. 11:00;1,127
25.12. 11:15;2,0585
25.12. 11:30;2,0545
25.12. 11:45;1,0844
25.12. 12:00;1,3747
25.12. 12:15;1,806
25.12. 12:30;1,5095
25.12. 12:45;1,5643
25.12. 13:00;0,78957
25.12. 13:15;1,7571
25.12. 13:30;0,93512
25.12. 13:45;0,91481
25.12. 14:00;0,55511
25.12. 14:15;0,28661
25.12. 14:30;0,37417
25.12. 14:45;0,56359
25.12. 15:00;0,10203
25.12. 15:15;0
25.12. 15:30;0
25.12. 15:45;0
25.12. 16:00;0
25.12. 16:15;0
25.12. 16:30;0
25.12. 16:45;0
25.12. 17:00;0
25.12. 17:15;0
25.12. 17:30;0
25.12. 17:45;0
25.12. 18:00;0
25.12. 18:15;0
25.12. 18:30;0
25.12. 18:45;0
25.12. 19:00;0
25.12. 19:15;0
25.12. 19:30;0
25.12. 19:45;0
25.12. 20:00;0
25.12. 20:15;0
25.12. 20:30;0
25.12. 20:45;0
25.12. 21:00;0
25.12. 21:15;0
25.12. 21:30;0
25.12. 21:45;0
25.12. 22:00;0
25.12. 22:15;0
25.12. 22:30;0
25.12. 22:45;0
25.12. 23:00;0
25.12. 23:15;0
25.12. 23:30;0
25.12. 23:45;0
26.12. 00:00;0
26.12. 00:15;0
26.12. 00:30;0
26.12. 00:45;0
26.12. 01:00;0
26.12. 01:15;0
26.12. 01:30;0
26.12. 01:45;0
26.12. 02:00;0
26.12. 02:15;0
26.12. 02:30;0
26.12. 02:45;0
26.12. 03:00;0
26.12. 03:15;0
26.12. 03:30;0
26.12. 03:45;0
26.12. 04:00;0
26.12. 04:15;0
26.12. 04:30;0
26.12. 04:45;0
26.12. 05:00;0
26.12. 05:15;0
26.12. 05:30;0
26.12. 05:45;0
26.12. 06:00;0
26.12. 06:15;0
26.12. 06:30;0
26.12. 06:45;0
26.12. 07:00;0
26.12. 07:15;0
26.12. 07:30;0
26.12. 07:45;0
26.12. 08:00;0
26.12. 08:15;0
26.12. 08:30;0,06277
26.12. 08:45;0,44134
26.12. 09:00;1,2138
26.12. 09:15;2,5416
26.12. 09:30;3,7746
26.12. 09:45;5,201
26.12. 10:00;5,081
26.12. 10:15;3,5767
26.12. 10:30;2,8131
26.12. 10:45;2,0155
26.12. 11:00;2,0733
26.12. 11:15;3,6003
26.12. 11:30;3,7787
26.12. 11:45;4,2312
26.12. 12:00;5,2374
26.12. 12:15;8,2752
26.12. 12:30;12,156
26.12. 12:45;10,951
26.12. 13:00;11,974
26.12. 13:15;6,5777
26.12. 13:30;4,1346
26.12. 13:45;6,4132
26.12. 14:00;4,3638
26.12. 14:15;2,5384
26.12. 14:30;1,6744
26.12. 14:45;1,1355
26.12. 15:00;0,48562
26.12. 15:15;0,24459
26.12. 15:30;0,21416
26.12. 15:45;0,01224
26.12. 16:00;0
26.12. 16:15;0
26.12. 16:30;0
26.12. 16:45;0
26.12. 17:00;0
26.12. 17:15;0
26.12. 17:30;0
26.12. 17:45;0
26.12. 18:00;0
26.12. 18:15;0
26.12. 18:30;0
26.12. 18:45;0
26.12. 19:00;0
26.12. 19:15;0
26.12. 19:30;0
26.12. 19:45;0
26.12. 20:00;0
26.12. 20:15;0
26.12. 20:30;0
26.12. 20:45;0
26.12. 21:00;0
26.12. 21:15;0
26.12. 21:30;0
26.12. 21:45;0
26.12. 22:00;0
26.12. 22:15;0
26.12. 22:30;0
26.12. 22:45;0
26.12. 23:00;0
26.12. 23:15;0
26.12. 23:30;0
26.12. 23:45;0
27.12. 00:00;0
27.12. 00:15;0
27.12. 00:30;0
27.12. 00:45;0
27.12. 01:00;0
27.12. 01:15;0
27.12. 01:30;0
27.12. 01:45;0
27.12. 02:00;0
27.12. 02:15;0
27.12. 02:30;0
27.12. 02:45;0
27.12. 03:00;0
27.12. 03:15;0
27.12. 03:30;0
27.12. 03:45;0
27.12. 04:00;0
27.12. 04:15;0
27.12. 04:30;0
27.12. 04:45;0
27.12. 05:00;0
27.12. 05:15;0
27.12. 05:30;0
27.12. 05:45;0
27.12. 06:00;0
27.12. 06:15;0
27.12. 06:30;0
27.12. 06:45;0
27.12. 07:00;0
27.12. 07:15;0
27.12. 07:30;0
27.12. 07:45;0
27.12. 08:00;0
27.12. 08:15;0,00998
27.12. 08:30;0,78123
27.12. 08:45;1,4348
27.12. 09:00;2,0821
27.12. 09:15;5,964
27.12. 09:30;9,8043
27.12. 09:45;12,115
27.12. 10:00;13,75
27.12. 10:15;15,641
27.12. 10:30;14,532
27.12. 10:45;16,879
27.12. 11:00;17,576
27.12. 11:15;17,541
27.12. 11:30;16,299
27.12. 11:45;19,81
27.12. 12:00;9,6448
27.12. 12:15;8,5017
27.12. 12:30;10,819
27.12. 12:45;11,368
27.12. 13:00;8,3961
27.12. 13:15;4,0053
27.12. 13:30;1,4527
27.12. 13:45;1,5329
27.12. 14:00;1,8496
27.12. 14:15;4,0205
27.12. 14:30;3,0633
27.12. 14:45;3,1272
27.12. 15:00;1,4457
27.12. 15:15;0,24646
27.12. 15:30;0,00259
27.12. 15:45;0
27.12. 16:00;0
27.12. 16:15;0
27.12. 16:30;0
27.12. 16:45;0
27.12. 17:00;0
27.12. 17:15;0
27.12. 17:30;0
27.12. 17:45;0
27.12. 18:00;0
27.12. 18:15;0
27.12. 18:30;0
27.12. 18:45;0
27.12. 19:00;0
27.12. 19:15;0
27.12. 19:30;0
27.12. 19:45;0
27.12. 20:00;0
27.12. 20:15;0
27.12. 20:30;0
27.12. 20:45;0
27.12. 21:00;0
27.12. 21:15;0
27.12. 21:30;0
27.12. 21:45;0
27.12. 22:00;0
27.12. 22:15;0
27.12. 22:30;0
27.12. 22:45;0
27.12. 23:00;0
27.12. 23:15;0
27.12. 23:30;0
27.12. 23:45;0
28.12. 00:00;0
28.12. 00:15;0
28.12. 00:30;0
28.12. 00:45;0
28.12. 01:00;0
28.12. 01:15;0
28.12. 01:30;0
28.12. 01:45;0
28.12. 02:00;0
28.12. 02:15;0
28.12. 02:30;0
28.12. 02:45;0
28.12. 03:00;0
28.12. 03:15;0
28.12. 03:30;0
28.12. 03:45;0
28.12. 04:00;0
28.12. 04:15;0
28.12. 04:30;0
28.12. 04:45;0
28.12. 05:00;0
28.12. 05:15;0
28.12. 05:30;0
28.12. 05:45;0
28.12. 06:00;0
28.12. 06:15;0
28.12. 06:30;0
28.12. 06:45;0
28.12. 07:00;0
28.12. 07:15;0
28.12. 07:30;0
28.12. 07:45;0
28.12. 08:00;0
28.12. 08:15;0
28.12. 08:30;0,00225
28.12. 08:45;0,09232
28.12. 09:00;0,77244
28.12. 09:15;2,4234
28.12. 09:30;4,0455
28.12. 09:45;5,0579
28.12. 10:00;4,8313
28.12. 10:15;8,4643
28.12. 10:30;8,1293
28.12. 10:45;12,327
28.12. 11:00;7,3255
28.12. 11:15;7,529
28.12. 11:30;7,5558
28.12. 11:45;8,0209
28.12. 12:00;7,8352
28.12. 12:15;3,2653
28.12. 12:30;1,6662
28.12. 12:45;2,1934
28.12. 13:00;3,6758
28.12. 13:15;5,1196
28.12. 13:30;4,9222
28.12. 13:45;5,3338
28.12. 14:00;2,5582
28.12. 14:15;1,847
28.12. 14:30;2,4067
28.12. 14:45;2,0626
28.12. 15:00;1,4026
28.12. 15:15;1,0252
28.12. 15:30;0,44645
28.12. 15:45;0,00261
28.12. 16:00;0
28.12. 16:15;0
28.12. 16:30;0
28.12. 16:45;0
28.12. 17:00;0
28.12. 17:15;0
28.12. 17:30;0
28.12. 17:45;0
28.12. 18:00;0
28.12. 18:15;0
28.12. 18:30;0
28.12. 18:45;0
28.12. 19:00;0
28.12. 19:15;0
28.12. 19:30;0
28.12. 19:45;0
28.12. 20:00;0
28.12. 20:15;0
28.12. 20:30;0
28.12. 20:45;0
28.12. 21:00;0
28.12. 21:15;0
28.12. 21:30;0
28.12. 21:45;0
28.12. 22:00;0
28.12. 22:15;0
28.12. 22:30;0
28.12. 22:45;0
28.12. 23:00;0
28.12. 23:15;0
28.12. 23:30;0
28.12. 23:45;0
29.12. 00:00;0
29.12. 00:15;0
29.12. 00:30;0
29.12. 00:45;0
29.12. 01:00;0
29.12. 01:15;0
29.12. 01:30;0
29.12. 01:45;0
29.12. 02:00;0
29.12. 02:15;0
29.12. 02:30;0
29.12. 02:45;0
29.12. 03:00;0
29.12. 03:15;0
29.12. 03:30;0
29.12. 03:45;0
29.12. 04:00;0
29.12. 04:15;0
29.12. 04:30;0
29.12. 04:45;0
29.12. 05:00;0
29.12. 05:15;0
29.12. 05:30;0
29.12. 05:45;0
29.12. 06:00;0
29.12. 06:15;0
29.12. 06:30;0
29.12. 06:45;0
29.12. 07:00;0
29.12. 07:15;0
29.12. 07:30;0
29.12. 07:45;0
29.12. 08:00;0
29.12. 08:15;0
29.12. 08:30;0,74463
29.12. 08:45;1,6812
29.12. 09:00;4,3518
29.12. 09:15;7,5087
29.12. 09:30;10,537
29.12. 09:45;11,9
29.12. 10:00;14,624
29.12. 10:15;16,482
29.12. 10:30;18,127
29.12. 10:45;19,528
29.12. 11:00;20,035
29.12. 11:15;20,656
29.12. 11:30;21,3
29.12. 11:45;21,691
29.12. 12:00;17,278
29.12. 12:15;19,349
29.12. 12:30;16,874
29.12. 12:45;17,902
29.12. 13:00;15,44
29.12. 13:15;14,262
29.12. 13:30;13,345
29.12. 13:45;11,952
29.12. 14:00;10,317
29.12. 14:15;8,9609
29.12. 14:30;7,3436
29.12. 14:45;5,8213
29.12. 15:00;3,5261
29.12. 15:15;1,7924
29.12. 15:30;0,55307
29.12. 15:45;0,0087
29.12. 16:00;0
29.12. 16:15;0
29.12. 16:30;0
29.12. 16:45;0
29.12. 17:00;0
29.12. 17:15;0
29.12. 17:30;0
29.12. 17:45;0
29.12. 18:00;0
29.12. 18:15;0
29.12. 18:30;0
29.12. 18:45;0
29.12. 19:00;0
29.12. 19:15;0
29.12. 19:30;0
29.12. 19:45;0
29.12. 20:00;0
29.12. 20:15;0
29.12. 20:30;0
29.12. 20:45;0
29.12. 21:00;0
29.12. 21:15;0
29.12. 21:30;0
29.12. 21:45;0
29.12. 22:00;0
29.12. 22:15;0
29.12. 22:30;0
29.12. 22:45;0
29.12. 23:00;0
29.12. 23:15;0
29.12. 23:30;0
29.12. 23:45;0
30.12. 00:00;0
30.12. 00:15;0
30.12. 00:30;0
30.12. 00:45;0
30.12. 01:00;0
30.12. 01:15;0
30.12. 01:30;0
30.12. 01:45;0
30.12. 02:00;0
30.12. 02:15;0
30.12. 02:30;0
30.12. 02:45;0
30.12. 03:00;0
30.12. 03:15;0
30.12. 03:30;0
30.12. 03:45;0
30.12. 04:00;0
30.12. 04:15;0
30.12. 04:30;0
30.12. 04:45;0
30.12. 05:00;0
30.12. 05:15;0
30.12. 05:30;0
30.12. 05:45;0
30.12. 06:00;0
30.12. 06:15;0
30.12. 06:30;0
30.12. 06:45;0
30.12. 07:00;0
30.12. 07:15;0
30.12. 07:30;0
30.12. 07:45;0
30.12. 08:00;0
30.12. 08:15;0,0038
30.12. 08:30;0,70913
30.12. 08:45;1,6981
30.12. 09:00;2,651
30.12. 09:15;7,4407
30.12. 09:30;9,8671
30.12. 09:45;14,638
30.12. 10:00;14,331
30.12. 10:15;15,966
30.12. 10:30;18,288
30.12. 10:45;23,465
30.12. 11:00;21,338
30.12. 11:15;21,848
30.12. 11:30;22,551
30.12. 11:45;22,973
30.12. 12:00;22,95
30.12. 12:15;20,665
30.12. 12:30;19,932
30.12. 12:45;16,957
30.12. 13:00;17,173
30.12. 13:15;16,354
30.12. 13:30;15,264
30.12. 13:45;13,996
30.12. 14:00;12,214
30.12. 14:15;10,519
30.12. 14:30;8,7212
30.12. 14:45;6,893
30.12. 15:00;5,1606
30.12. 15:15;2,8562
30.12. 15:30;0,96672
30.12. 15:45;0,03719
30.12. 16:00;0
30.12. 16:15;0
30.12. 16:30;0
30.12. 16:45;0
30.12. 17:00;0
30.12. 17:15;0
30.12. 17:30;0
30.12. 17:45;0
30.12. 18:00;0
30.12. 18:15;0
30.12. 18:30;0
30.12. 18:45;0
30.12. 19:00;0
30.12. 19:15;0
30.12. 19:30;0
30.12. 19:45;0
30.12. 20:00;0
30.12. 20:15;0
30.12. 20:30;0
30.12. 20:45;0
30.12. 21:00;0
30.12. 21:15;0
30.12. 21:30;0
30.12. 21:45;0
30.12. 22:00;0
30.12. 22:15;0
30.12. 22:30;0
30.12. 22:45;0
30.12. 23:00;0
30.12. 23:15;0
30.12. 23:30;0
30.12. 23:45;0
31.12. 00:00;0
31.12. 00:15;0
31.12. 00:30;0
31.12. 00:45;0
31.12. 01:00;0
31.12. 01:15;0
31.12. 01:30;0
31.12. 01:45;0
31.12. 02:00;0
31.12. 02:15;0
31.12. 02:30;0
31.12. 02:45;0
31.12. 03:00;0
31.12. 03:15;0
31.12. 03:30;0
31.12. 03:45;0
31.12. 04:00;0
31.12. 04:15;0
31.12. 04:30;0
31.12. 04:45;0
31.12. 05:00;0
31.12. 05:15;0
31.12. 05:30;0
31.12. 05:45;0
31.12. 06:00;0
31.12. 06:15;0
31.12. 06:30;0
31.12. 06:45;0
31.12. 07:00;0
31.12. 07:15;0
31.12. 07:30;0
31.12. 07:45;0
31.12. 08:00;0
31.12. 08:15;0,0092
31.12. 08:30;0,49626
31.12. 08:45;1,0755
31.12. 09:00;4,7596
31.12. 09:15;7,9517
31.12. 09:30;8,2885
31.12. 09:45;8,5723
31.12. 10:00;12,792
31.12. 10:15;17,009
31.12. 10:30;18,211
31.12. 10:45;19,231
31.12. 11:00;19,295
31.12. 11:15;20,162
31.12. 11:30;20,811
31.12. 11:45;21,205
31.12. 12:00;19,415
31.12. 12:15;24,231
31.12. 12:30;13,609
31.12. 12:45;15,776
31.12. 13:00;14,998
31.12. 13:15;8,5611
31.12. 13:30;10,454
31.12. 13:45;12,896
31.12. 14:00;8,5391
31.12. 14:15;7,1132
31.12. 14:30;5,8758
31.12. 14:45;4,5748
31.12. 15:00;5,2773
31.12. 15:15;2,6588
31.12. 15:30;0,72085
31.12. 15:45;0,02927
31.12. 16:00;0
31.12. 16:15;0
31.12. 16:30;0
31.12. 16:45;0
31.12. 17:00;0
31.12. 17:15;0
31.12. 17:30;0
31.12. 17:45;0
31.12. 18:00;0
31.12. 18:15;0
31.12. 18:30;0
31.12. 18:45;0
31.12. 19:00;0
31.12. 19:15;0
31.12. 19:30;0
31.12. 19:45;0
31.12. 20:00;0
31.12. 20:15;0
31.12. 20:30;0
31.12. 20:45;0
31.12. 21:00;0
31.12. 21:15;0
31.12. 21:30;0
31.12. 21:45;0
31.12. 22:00;0
31.12. 22:15;0
31.12. 22:30;0
31.12. 22:45;0
31.12. 23:00;0
31.12. 23:15;0
31.12. 23:30;0
31.12. 23:45;0
