01.01. 00:00;24,0647
01.01. 01:00;20,6618
01.01. 02:00;19,0294
01.01. 03:00;19,5801
01.01. 04:00;23,4057
01.01. 05:00;26,2773
01.01. 06:00;31,6863
01.01. 07:00;45,3553
01.01. 08:00;74,142
01.01. 09:00;90,131
01.01. 10:00;91,43
01.01. 11:00;94,095
01.01. 12:00;86,483
01.01. 13:00;72,322
01.01. 14:00;67,955
01.01. 15:00;74,967
01.01. 16:00;79,018
01.01. 17:00;80,268
01.01. 18:00;66,14500000000001
01.01. 19:00;45,956
01.01. 20:00;37,6064
01.01. 21:00;32,9647
01.01. 22:00;29,9257
01.01. 23:00;27,9983
02.01. 00:00;24,0647
02.01. 01:00;20,6618
02.01. 02:00;19,0294
02.01. 03:00;19,5801
02.01. 04:00;23,4057
02.01. 05:00;26,2773
02.01. 06:00;31,6863
02.01. 07:00;45,3553
02.01. 08:00;74,142
02.01. 09:00;90,131
02.01. 10:00;91,43
02.01. 11:00;94,095
02.01. 12:00;86,483
02.01. 13:00;72,322
02.01. 14:00;67,955
02.01. 15:00;74,967
02.01. 16:00;79,018
02.01. 17:00;80,268
02.01. 18:00;66,14500000000001
02.01. 19:00;45,956
02.01. 20:00;37,6064
02.01. 21:00;32,9647
02.01. 22:00;29,9257
02.01. 23:00;27,9983
03.01. 00:00;24,0647
03.01. 01:00;20,6618
03.01. 02:00;19,0294
03.01. 03:00;19,5801
03.01. 04:00;23,4057
03.01. 05:00;26,2773
03.01. 06:00;31,6863
03.01. 07:00;45,3553
03.01. 08:00;74,142
03.01. 09:00;90,131
03.01. 10:00;91,43
03.01. 11:00;94,095
03.01. 12:00;86,483
03.01. 13:00;72,322
03.01. 14:00;67,955
03.01. 15:00;74,967
03.01. 16:00;79,018
03.01. 17:00;80,268
03.01. 18:00;66,14500000000001
03.01. 19:00;45,956
03.01. 20:00;37,6064
03.01. 21:00;32,9647
03.01. 22:00;29,9257
03.01. 23:00;27,9983
04.01. 00:00;24,0647
04.01. 01:00;20,6618
04.01. 02:00;19,0294
04.01. 03:00;19,5801
04.01. 04:00;23,4057
04.01. 05:00;26,2773
04.01. 06:00;31,6863
04.01. 07:00;45,3553
04.01. 08:00;74,142
04.01. 09:00;90,131
04.01. 10:00;91,43
04.01. 11:00;94,095
04.01. 12:00;86,483
04.01. 13:00;72,322
04.01. 14:00;67,955
04.01. 15:00;74,967
04.01. 16:00;79,018
04.01. 17:00;80,268
04.01. 18:00;66,14500000000001
04.01. 19:00;45,956
04.01. 20:00;37,6064
04.01. 21:00;32,9647
04.01. 22:00;29,9257
04.01. 23:00;27,9983
05.01. 00:00;29,1588
05.01. 01:00;28,844
05.01. 02:00;25,52
05.01. 03:00;25,1267
05.01. 04:00;25,9823
05.01. 05:00;27,8016
05.01. 06:00;31,4698
05.01. 07:00;46,4866
05.01. 08:00;66,717
05.01. 09:00;76,167
05.01. 10:00;80,179
05.01. 11:00;81,595
05.01. 12:00;77,583
05.01. 13:00;67,837
05.01. 14:00;50,824
05.01. 15:00;37,6261
05.01. 16:00;32,8959
05.01. 17:00;35,8854
05.01. 18:00;38,1374
05.01. 19:00;38,1081
05.01. 20:00;36,8296
05.01. 21:00;33,5744
05.01. 22:00;30,2701
05.01. 23:00;26,9853
06.01. 00:00;23,6122
06.01. 01:00;20,8094
06.01. 02:00;18,164
06.01. 03:00;16,6889
06.01. 04:00;16,4724
06.01. 05:00;17,328
06.01. 06:00;19,491600000000002
06.01. 07:00;20,18
06.01. 08:00;19,3638
06.01. 09:00;21,802699999999998
06.01. 10:00;25,9626
06.01. 11:00;28,6375
06.01. 12:00;30,5946
06.01. 13:00;31,4994
06.01. 14:00;29,2965
06.01. 15:00;26,0216
06.01. 16:00;24,5366
06.01. 17:00;31,0667
06.01. 18:00;36,1608
06.01. 19:00;36,987
06.01. 20:00;35,088899999999995
06.01. 21:00;30,7913
06.01. 22:00;27,5853
06.01. 23:00;24,2809
07.01. 00:00;24,0647
07.01. 01:00;20,6618
07.01. 02:00;19,0294
07.01. 03:00;19,5801
07.01. 04:00;23,4057
07.01. 05:00;26,2773
07.01. 06:00;31,6863
07.01. 07:00;45,3553
07.01. 08:00;74,142
07.01. 09:00;90,131
07.01. 10:00;91,43
07.01. 11:00;94,095
07.01. 12:00;86,483
07.01. 13:00;72,322
07.01. 14:00;67,955
07.01. 15:00;74,967
07.01. 16:00;79,018
07.01. 17:00;80,268
07.01. 18:00;66,14500000000001
07.01. 19:00;45,956
07.01. 20:00;37,6064
07.01. 21:00;32,9647
07.01. 22:00;29,9257
07.01. 23:00;27,9983
08.01. 00:00;24,0647
08.01. 01:00;20,6618
08.01. 02:00;19,0294
08.01. 03:00;19,5801
08.01. 04:00;23,4057
08.01. 05:00;26,2773
08.01. 06:00;31,6863
08.01. 07:00;45,3553
08.01. 08:00;74,142
08.01. 09:00;90,131
08.01. 10:00;91,43
08.01. 11:00;94,095
08.01. 12:00;86,483
08.01. 13:00;72,322
08.01. 14:00;67,955
08.01. 15:00;74,967
08.01. 16:00;79,018
08.01. 17:00;80,268
08.01. 18:00;66,14500000000001
08.01. 19:00;45,956
08.01. 20:00;37,6064
08.01. 21:00;32,9647
08.01. 22:00;29,9257
08.01. 23:00;27,9983
09.01. 00:00;24,0647
09.01. 01:00;20,6618
09.01. 02:00;19,0294
09.01. 03:00;19,5801
09.01. 04:00;23,4057
09.01. 05:00;26,2773
09.01. 06:00;31,6863
09.01. 07:00;45,3553
09.01. 08:00;74,142
09.01. 09:00;90,131
09.01. 10:00;91,43
09.01. 11:00;94,095
09.01. 12:00;86,483
09.01. 13:00;72,322
09.01. 14:00;67,955
09.01. 15:00;74,967
09.01. 16:00;79,018
09.01. 17:00;80,268
09.01. 18:00;66,14500000000001
09.01. 19:00;45,956
09.01. 20:00;37,6064
09.01. 21:00;32,9647
09.01. 22:00;29,9257
09.01. 23:00;27,9983
10.01. 00:00;24,0647
10.01. 01:00;20,6618
10.01. 02:00;19,0294
10.01. 03:00;19,5801
10.01. 04:00;23,4057
10.01. 05:00;26,2773
10.01. 06:00;31,6863
10.01. 07:00;45,3553
10.01. 08:00;74,142
10.01. 09:00;90,131
10.01. 10:00;91,43
10.01. 11:00;94,095
10.01. 12:00;86,483
10.01. 13:00;72,322
10.01. 14:00;67,955
10.01. 15:00;74,967
10.01. 16:00;79,018
10.01. 17:00;80,268
10.01. 18:00;66,14500000000001
10.01. 19:00;45,956
10.01. 20:00;37,6064
10.01. 21:00;32,9647
10.01. 22:00;29,9257
10.01. 23:00;27,9983
11.01. 00:00;24,0647
11.01. 01:00;20,6618
11.01. 02:00;19,0294
11.01. 03:00;19,5801
11.01. 04:00;23,4057
11.01. 05:00;26,2773
11.01. 06:00;31,6863
11.01. 07:00;45,3553
11.01. 08:00;74,142
11.01. 09:00;90,131
11.01. 10:00;91,43
11.01. 11:00;94,095
11.01. 12:00;86,483
11.01. 13:00;72,322
11.01. 14:00;67,955
11.01. 15:00;74,967
11.01. 16:00;79,018
11.01. 17:00;80,268
11.01. 18:00;66,14500000000001
11.01. 19:00;45,956
11.01. 20:00;37,6064
11.01. 21:00;32,9647
11.01. 22:00;29,9257
11.01. 23:00;27,9983
12.01. 00:00;29,1588
12.01. 01:00;28,844
12.01. 02:00;25,52
12.01. 03:00;25,1267
12.01. 04:00;25,9823
12.01. 05:00;27,8016
12.01. 06:00;31,4698
12.01. 07:00;46,4866
12.01. 08:00;66,717
12.01. 09:00;76,167
12.01. 10:00;80,179
12.01. 11:00;81,595
12.01. 12:00;77,583
12.01. 13:00;67,837
12.01. 14:00;50,824
12.01. 15:00;37,6261
12.01. 16:00;32,8959
12.01. 17:00;35,8854
12.01. 18:00;38,1374
12.01. 19:00;38,1081
12.01. 20:00;36,8296
12.01. 21:00;33,5744
12.01. 22:00;30,2701
12.01. 23:00;26,9853
13.01. 00:00;23,6122
13.01. 01:00;20,8094
13.01. 02:00;18,164
13.01. 03:00;16,6889
13.01. 04:00;16,4724
13.01. 05:00;17,328
13.01. 06:00;19,491600000000002
13.01. 07:00;20,18
13.01. 08:00;19,3638
13.01. 09:00;21,802699999999998
13.01. 10:00;25,9626
13.01. 11:00;28,6375
13.01. 12:00;30,5946
13.01. 13:00;31,4994
13.01. 14:00;29,2965
13.01. 15:00;26,0216
13.01. 16:00;24,5366
13.01. 17:00;31,0667
13.01. 18:00;36,1608
13.01. 19:00;36,987
13.01. 20:00;35,088899999999995
13.01. 21:00;30,7913
13.01. 22:00;27,5853
13.01. 23:00;24,2809
14.01. 00:00;24,0647
14.01. 01:00;20,6618
14.01. 02:00;19,0294
14.01. 03:00;19,5801
14.01. 04:00;23,4057
14.01. 05:00;26,2773
14.01. 06:00;31,6863
14.01. 07:00;45,3553
14.01. 08:00;74,142
14.01. 09:00;90,131
14.01. 10:00;91,43
14.01. 11:00;94,095
14.01. 12:00;86,483
14.01. 13:00;72,322
14.01. 14:00;67,955
14.01. 15:00;74,967
14.01. 16:00;79,018
14.01. 17:00;80,268
14.01. 18:00;66,14500000000001
14.01. 19:00;45,956
14.01. 20:00;37,6064
14.01. 21:00;32,9647
14.01. 22:00;29,9257
14.01. 23:00;27,9983
15.01. 00:00;24,0647
15.01. 01:00;20,6618
15.01. 02:00;19,0294
15.01. 03:00;19,5801
15.01. 04:00;23,4057
15.01. 05:00;26,2773
15.01. 06:00;31,6863
15.01. 07:00;45,3553
15.01. 08:00;74,142
15.01. 09:00;90,131
15.01. 10:00;91,43
15.01. 11:00;94,095
15.01. 12:00;86,483
15.01. 13:00;72,322
15.01. 14:00;67,955
15.01. 15:00;74,967
15.01. 16:00;79,018
15.01. 17:00;80,268
15.01. 18:00;66,14500000000001
15.01. 19:00;45,956
15.01. 20:00;37,6064
15.01. 21:00;32,9647
15.01. 22:00;29,9257
15.01. 23:00;27,9983
16.01. 00:00;24,0647
16.01. 01:00;20,6618
16.01. 02:00;19,0294
16.01. 03:00;19,5801
16.01. 04:00;23,4057
16.01. 05:00;26,2773
16.01. 06:00;31,6863
16.01. 07:00;45,3553
16.01. 08:00;74,142
16.01. 09:00;90,131
16.01. 10:00;91,43
16.01. 11:00;94,095
16.01. 12:00;86,483
16.01. 13:00;72,322
16.01. 14:00;67,955
16.01. 15:00;74,967
16.01. 16:00;79,018
16.01. 17:00;80,268
16.01. 18:00;66,14500000000001
16.01. 19:00;45,956
16.01. 20:00;37,6064
16.01. 21:00;32,9647
16.01. 22:00;29,9257
16.01. 23:00;27,9983
17.01. 00:00;24,0647
17.01. 01:00;20,6618
17.01. 02:00;19,0294
17.01. 03:00;19,5801
17.01. 04:00;23,4057
17.01. 05:00;26,2773
17.01. 06:00;31,6863
17.01. 07:00;45,3553
17.01. 08:00;74,142
17.01. 09:00;90,131
17.01. 10:00;91,43
17.01. 11:00;94,095
17.01. 12:00;86,483
17.01. 13:00;72,322
17.01. 14:00;67,955
17.01. 15:00;74,967
17.01. 16:00;79,018
17.01. 17:00;80,268
17.01. 18:00;66,14500000000001
17.01. 19:00;45,956
17.01. 20:00;37,6064
17.01. 21:00;32,9647
17.01. 22:00;29,9257
17.01. 23:00;27,9983
18.01. 00:00;24,0647
18.01. 01:00;20,6618
18.01. 02:00;19,0294
18.01. 03:00;19,5801
18.01. 04:00;23,4057
18.01. 05:00;26,2773
18.01. 06:00;31,6863
18.01. 07:00;45,3553
18.01. 08:00;74,142
18.01. 09:00;90,131
18.01. 10:00;91,43
18.01. 11:00;94,095
18.01. 12:00;86,483
18.01. 13:00;72,322
18.01. 14:00;67,955
18.01. 15:00;74,967
18.01. 16:00;79,018
18.01. 17:00;80,268
18.01. 18:00;66,14500000000001
18.01. 19:00;45,956
18.01. 20:00;37,6064
18.01. 21:00;32,9647
18.01. 22:00;29,9257
18.01. 23:00;27,9983
19.01. 00:00;29,1588
19.01. 01:00;28,844
19.01. 02:00;25,52
19.01. 03:00;25,1267
19.01. 04:00;25,9823
19.01. 05:00;27,8016
19.01. 06:00;31,4698
19.01. 07:00;46,4866
19.01. 08:00;66,717
19.01. 09:00;76,167
19.01. 10:00;80,179
19.01. 11:00;81,595
19.01. 12:00;77,583
19.01. 13:00;67,837
19.01. 14:00;50,824
19.01. 15:00;37,6261
19.01. 16:00;32,8959
19.01. 17:00;35,8854
19.01. 18:00;38,1374
19.01. 19:00;38,1081
19.01. 20:00;36,8296
19.01. 21:00;33,5744
19.01. 22:00;30,2701
19.01. 23:00;26,9853
20.01. 00:00;23,6122
20.01. 01:00;20,8094
20.01. 02:00;18,164
20.01. 03:00;16,6889
20.01. 04:00;16,4724
20.01. 05:00;17,328
20.01. 06:00;19,491600000000002
20.01. 07:00;20,18
20.01. 08:00;19,3638
20.01. 09:00;21,802699999999998
20.01. 10:00;25,9626
20.01. 11:00;28,6375
20.01. 12:00;30,5946
20.01. 13:00;31,4994
20.01. 14:00;29,2965
20.01. 15:00;26,0216
20.01. 16:00;24,5366
20.01. 17:00;31,0667
20.01. 18:00;36,1608
20.01. 19:00;36,987
20.01. 20:00;35,088899999999995
20.01. 21:00;30,7913
20.01. 22:00;27,5853
20.01. 23:00;24,2809
21.01. 00:00;24,0647
21.01. 01:00;20,6618
21.01. 02:00;19,0294
21.01. 03:00;19,5801
21.01. 04:00;23,4057
21.01. 05:00;26,2773
21.01. 06:00;31,6863
21.01. 07:00;45,3553
21.01. 08:00;74,142
21.01. 09:00;90,131
21.01. 10:00;91,43
21.01. 11:00;94,095
21.01. 12:00;86,483
21.01. 13:00;72,322
21.01. 14:00;67,955
21.01. 15:00;74,967
21.01. 16:00;79,018
21.01. 17:00;80,268
21.01. 18:00;66,14500000000001
21.01. 19:00;45,956
21.01. 20:00;37,6064
21.01. 21:00;32,9647
21.01. 22:00;29,9257
21.01. 23:00;27,9983
22.01. 00:00;24,0647
22.01. 01:00;20,6618
22.01. 02:00;19,0294
22.01. 03:00;19,5801
22.01. 04:00;23,4057
22.01. 05:00;26,2773
22.01. 06:00;31,6863
22.01. 07:00;45,3553
22.01. 08:00;74,142
22.01. 09:00;90,131
22.01. 10:00;91,43
22.01. 11:00;94,095
22.01. 12:00;86,483
22.01. 13:00;72,322
22.01. 14:00;67,955
22.01. 15:00;74,967
22.01. 16:00;79,018
22.01. 17:00;80,268
22.01. 18:00;66,14500000000001
22.01. 19:00;45,956
22.01. 20:00;37,6064
22.01. 21:00;32,9647
22.01. 22:00;29,9257
22.01. 23:00;27,9983
23.01. 00:00;24,0647
23.01. 01:00;20,6618
23.01. 02:00;19,0294
23.01. 03:00;19,5801
23.01. 04:00;23,4057
23.01. 05:00;26,2773
23.01. 06:00;31,6863
23.01. 07:00;45,3553
23.01. 08:00;74,142
23.01. 09:00;90,131
23.01. 10:00;91,43
23.01. 11:00;94,095
23.01. 12:00;86,483
23.01. 13:00;72,322
23.01. 14:00;67,955
23.01. 15:00;74,967
23.01. 16:00;79,018
23.01. 17:00;80,268
23.01. 18:00;66,14500000000001
23.01. 19:00;45,956
23.01. 20:00;37,6064
23.01. 21:00;32,9647
23.01. 22:00;29,9257
23.01. 23:00;27,9983
24.01. 00:00;24,0647
24.01. 01:00;20,6618
24.01. 02:00;19,0294
24.01. 03:00;19,5801
24.01. 04:00;23,4057
24.01. 05:00;26,2773
24.01. 06:00;31,6863
24.01. 07:00;45,3553
24.01. 08:00;74,142
24.01. 09:00;90,131
24.01. 10:00;91,43
24.01. 11:00;94,095
24.01. 12:00;86,483
24.01. 13:00;72,322
24.01. 14:00;67,955
24.01. 15:00;74,967
24.01. 16:00;79,018
24.01. 17:00;80,268
24.01. 18:00;66,14500000000001
24.01. 19:00;45,956
24.01. 20:00;37,6064
24.01. 21:00;32,9647
24.01. 22:00;29,9257
24.01. 23:00;27,9983
25.01. 00:00;24,0647
25.01. 01:00;20,6618
25.01. 02:00;19,0294
25.01. 03:00;19,5801
25.01. 04:00;23,4057
25.01. 05:00;26,2773
25.01. 06:00;31,6863
25.01. 07:00;45,3553
25.01. 08:00;74,142
25.01. 09:00;90,131
25.01. 10:00;91,43
25.01. 11:00;94,095
25.01. 12:00;86,483
25.01. 13:00;72,322
25.01. 14:00;67,955
25.01. 15:00;74,967
25.01. 16:00;79,018
25.01. 17:00;80,268
25.01. 18:00;66,14500000000001
25.01. 19:00;45,956
25.01. 20:00;37,6064
25.01. 21:00;32,9647
25.01. 22:00;29,9257
25.01. 23:00;27,9983
26.01. 00:00;29,1588
26.01. 01:00;28,844
26.01. 02:00;25,52
26.01. 03:00;25,1267
26.01. 04:00;25,9823
26.01. 05:00;27,8016
26.01. 06:00;31,4698
26.01. 07:00;46,4866
26.01. 08:00;66,717
26.01. 09:00;76,167
26.01. 10:00;80,179
26.01. 11:00;81,595
26.01. 12:00;77,583
26.01. 13:00;67,837
26.01. 14:00;50,824
26.01. 15:00;37,6261
26.01. 16:00;32,8959
26.01. 17:00;35,8854
26.01. 18:00;38,1374
26.01. 19:00;38,1081
26.01. 20:00;36,8296
26.01. 21:00;33,5744
26.01. 22:00;30,2701
26.01. 23:00;26,9853
27.01. 00:00;23,6122
27.01. 01:00;20,8094
27.01. 02:00;18,164
27.01. 03:00;16,6889
27.01. 04:00;16,4724
27.01. 05:00;17,328
27.01. 06:00;19,491600000000002
27.01. 07:00;20,18
27.01. 08:00;19,3638
27.01. 09:00;21,802699999999998
27.01. 10:00;25,9626
27.01. 11:00;28,6375
27.01. 12:00;30,5946
27.01. 13:00;31,4994
27.01. 14:00;29,2965
27.01. 15:00;26,0216
27.01. 16:00;24,5366
27.01. 17:00;31,0667
27.01. 18:00;36,1608
27.01. 19:00;36,987
27.01. 20:00;35,088899999999995
27.01. 21:00;30,7913
27.01. 22:00;27,5853
27.01. 23:00;24,2809
28.01. 00:00;24,0647
28.01. 01:00;20,6618
28.01. 02:00;19,0294
28.01. 03:00;19,5801
28.01. 04:00;23,4057
28.01. 05:00;26,2773
28.01. 06:00;31,6863
28.01. 07:00;45,3553
28.01. 08:00;74,142
28.01. 09:00;90,131
28.01. 10:00;91,43
28.01. 11:00;94,095
28.01. 12:00;86,483
28.01. 13:00;72,322
28.01. 14:00;67,955
28.01. 15:00;74,967
28.01. 16:00;79,018
28.01. 17:00;80,268
28.01. 18:00;66,14500000000001
28.01. 19:00;45,956
28.01. 20:00;37,6064
28.01. 21:00;32,9647
28.01. 22:00;29,9257
28.01. 23:00;27,9983
29.01. 00:00;24,0647
29.01. 01:00;20,6618
29.01. 02:00;19,0294
29.01. 03:00;19,5801
29.01. 04:00;23,4057
29.01. 05:00;26,2773
29.01. 06:00;31,6863
29.01. 07:00;45,3553
29.01. 08:00;74,142
29.01. 09:00;90,131
29.01. 10:00;91,43
29.01. 11:00;94,095
29.01. 12:00;86,483
29.01. 13:00;72,322
29.01. 14:00;67,955
29.01. 15:00;74,967
29.01. 16:00;79,018
29.01. 17:00;80,268
29.01. 18:00;66,14500000000001
29.01. 19:00;45,956
29.01. 20:00;37,6064
29.01. 21:00;32,9647
29.01. 22:00;29,9257
29.01. 23:00;27,9983
30.01. 00:00;24,0647
30.01. 01:00;20,6618
30.01. 02:00;19,0294
30.01. 03:00;19,5801
30.01. 04:00;23,4057
30.01. 05:00;26,2773
30.01. 06:00;31,6863
30.01. 07:00;45,3553
30.01. 08:00;74,142
30.01. 09:00;90,131
30.01. 10:00;91,43
30.01. 11:00;94,095
30.01. 12:00;86,483
30.01. 13:00;72,322
30.01. 14:00;67,955
30.01. 15:00;74,967
30.01. 16:00;79,018
30.01. 17:00;80,268
30.01. 18:00;66,14500000000001
30.01. 19:00;45,956
30.01. 20:00;37,6064
30.01. 21:00;32,9647
30.01. 22:00;29,9257
30.01. 23:00;27,9983
31.01. 00:00;24,0647
31.01. 01:00;20,6618
31.01. 02:00;19,0294
31.01. 03:00;19,5801
31.01. 04:00;23,4057
31.01. 05:00;26,2773
31.01. 06:00;31,6863
31.01. 07:00;45,3553
31.01. 08:00;74,142
31.01. 09:00;90,131
31.01. 10:00;91,43
31.01. 11:00;94,095
31.01. 12:00;86,483
31.01. 13:00;72,322
31.01. 14:00;67,955
31.01. 15:00;74,967
31.01. 16:00;79,018
31.01. 17:00;80,268
31.01. 18:00;66,14500000000001
31.01. 19:00;45,956
31.01. 20:00;37,6064
31.01. 21:00;32,9647
31.01. 22:00;29,9257
31.01. 23:00;27,9983
01.02. 00:00;24,0647
01.02. 01:00;20,6618
01.02. 02:00;19,0294
01.02. 03:00;19,5801
01.02. 04:00;23,4057
01.02. 05:00;26,2773
01.02. 06:00;31,6863
01.02. 07:00;45,3553
01.02. 08:00;74,142
01.02. 09:00;90,131
01.02. 10:00;91,43
01.02. 11:00;94,095
01.02. 12:00;86,483
01.02. 13:00;72,322
01.02. 14:00;67,955
01.02. 15:00;74,967
01.02. 16:00;79,018
01.02. 17:00;80,268
01.02. 18:00;66,14500000000001
01.02. 19:00;45,956
01.02. 20:00;37,6064
01.02. 21:00;32,9647
01.02. 22:00;29,9257
01.02. 23:00;27,9983
02.02. 00:00;29,1588
02.02. 01:00;28,844
02.02. 02:00;25,52
02.02. 03:00;25,1267
02.02. 04:00;25,9823
02.02. 05:00;27,8016
02.02. 06:00;31,4698
02.02. 07:00;46,4866
02.02. 08:00;66,717
02.02. 09:00;76,167
02.02. 10:00;80,179
02.02. 11:00;81,595
02.02. 12:00;77,583
02.02. 13:00;67,837
02.02. 14:00;50,824
02.02. 15:00;37,6261
02.02. 16:00;32,8959
02.02. 17:00;35,8854
02.02. 18:00;38,1374
02.02. 19:00;38,1081
02.02. 20:00;36,8296
02.02. 21:00;33,5744
02.02. 22:00;30,2701
02.02. 23:00;26,9853
03.02. 00:00;23,6122
03.02. 01:00;20,8094
03.02. 02:00;18,164
03.02. 03:00;16,6889
03.02. 04:00;16,4724
03.02. 05:00;17,328
03.02. 06:00;19,491600000000002
03.02. 07:00;20,18
03.02. 08:00;19,3638
03.02. 09:00;21,802699999999998
03.02. 10:00;25,9626
03.02. 11:00;28,6375
03.02. 12:00;30,5946
03.02. 13:00;31,4994
03.02. 14:00;29,2965
03.02. 15:00;26,0216
03.02. 16:00;24,5366
03.02. 17:00;31,0667
03.02. 18:00;36,1608
03.02. 19:00;36,987
03.02. 20:00;35,088899999999995
03.02. 21:00;30,7913
03.02. 22:00;27,5853
03.02. 23:00;24,2809
04.02. 00:00;24,0647
04.02. 01:00;20,6618
04.02. 02:00;19,0294
04.02. 03:00;19,5801
04.02. 04:00;23,4057
04.02. 05:00;26,2773
04.02. 06:00;31,6863
04.02. 07:00;45,3553
04.02. 08:00;74,142
04.02. 09:00;90,131
04.02. 10:00;91,43
04.02. 11:00;94,095
04.02. 12:00;86,483
04.02. 13:00;72,322
04.02. 14:00;67,955
04.02. 15:00;74,967
04.02. 16:00;79,018
04.02. 17:00;80,268
04.02. 18:00;66,14500000000001
04.02. 19:00;45,956
04.02. 20:00;37,6064
04.02. 21:00;32,9647
04.02. 22:00;29,9257
04.02. 23:00;27,9983
05.02. 00:00;24,0647
05.02. 01:00;20,6618
05.02. 02:00;19,0294
05.02. 03:00;19,5801
05.02. 04:00;23,4057
05.02. 05:00;26,2773
05.02. 06:00;31,6863
05.02. 07:00;45,3553
05.02. 08:00;74,142
05.02. 09:00;90,131
05.02. 10:00;91,43
05.02. 11:00;94,095
05.02. 12:00;86,483
05.02. 13:00;72,322
05.02. 14:00;67,955
05.02. 15:00;74,967
05.02. 16:00;79,018
05.02. 17:00;80,268
05.02. 18:00;66,14500000000001
05.02. 19:00;45,956
05.02. 20:00;37,6064
05.02. 21:00;32,9647
05.02. 22:00;29,9257
05.02. 23:00;27,9983
06.02. 00:00;24,0647
06.02. 01:00;20,6618
06.02. 02:00;19,0294
06.02. 03:00;19,5801
06.02. 04:00;23,4057
06.02. 05:00;26,2773
06.02. 06:00;31,6863
06.02. 07:00;45,3553
06.02. 08:00;74,142
06.02. 09:00;90,131
06.02. 10:00;91,43
06.02. 11:00;94,095
06.02. 12:00;86,483
06.02. 13:00;72,322
06.02. 14:00;67,955
06.02. 15:00;74,967
06.02. 16:00;79,018
06.02. 17:00;80,268
06.02. 18:00;66,14500000000001
06.02. 19:00;45,956
06.02. 20:00;37,6064
06.02. 21:00;32,9647
06.02. 22:00;29,9257
06.02. 23:00;27,9983
07.02. 00:00;24,0647
07.02. 01:00;20,6618
07.02. 02:00;19,0294
07.02. 03:00;19,5801
07.02. 04:00;23,4057
07.02. 05:00;26,2773
07.02. 06:00;31,6863
07.02. 07:00;45,3553
07.02. 08:00;74,142
07.02. 09:00;90,131
07.02. 10:00;91,43
07.02. 11:00;94,095
07.02. 12:00;86,483
07.02. 13:00;72,322
07.02. 14:00;67,955
07.02. 15:00;74,967
07.02. 16:00;79,018
07.02. 17:00;80,268
07.02. 18:00;66,14500000000001
07.02. 19:00;45,956
07.02. 20:00;37,6064
07.02. 21:00;32,9647
07.02. 22:00;29,9257
07.02. 23:00;27,9983
08.02. 00:00;24,0647
08.02. 01:00;20,6618
08.02. 02:00;19,0294
08.02. 03:00;19,5801
08.02. 04:00;23,4057
08.02. 05:00;26,2773
08.02. 06:00;31,6863
08.02. 07:00;45,3553
08.02. 08:00;74,142
08.02. 09:00;90,131
08.02. 10:00;91,43
08.02. 11:00;94,095
08.02. 12:00;86,483
08.02. 13:00;72,322
08.02. 14:00;67,955
08.02. 15:00;74,967
08.02. 16:00;79,018
08.02. 17:00;80,268
08.02. 18:00;66,14500000000001
08.02. 19:00;45,956
08.02. 20:00;37,6064
08.02. 21:00;32,9647
08.02. 22:00;29,9257
08.02. 23:00;27,9983
09.02. 00:00;29,1588
09.02. 01:00;28,844
09.02. 02:00;25,52
09.02. 03:00;25,1267
09.02. 04:00;25,9823
09.02. 05:00;27,8016
09.02. 06:00;31,4698
09.02. 07:00;46,4866
09.02. 08:00;66,717
09.02. 09:00;76,167
09.02. 10:00;80,179
09.02. 11:00;81,595
09.02. 12:00;77,583
09.02. 13:00;67,837
09.02. 14:00;50,824
09.02. 15:00;37,6261
09.02. 16:00;32,8959
09.02. 17:00;35,8854
09.02. 18:00;38,1374
09.02. 19:00;38,1081
09.02. 20:00;36,8296
09.02. 21:00;33,5744
09.02. 22:00;30,2701
09.02. 23:00;26,9853
10.02. 00:00;23,6122
10.02. 01:00;20,8094
10.02. 02:00;18,164
10.02. 03:00;16,6889
10.02. 04:00;16,4724
10.02. 05:00;17,328
10.02. 06:00;19,491600000000002
10.02. 07:00;20,18
10.02. 08:00;19,3638
10.02. 09:00;21,802699999999998
10.02. 10:00;25,9626
10.02. 11:00;28,6375
10.02. 12:00;30,5946
10.02. 13:00;31,4994
10.02. 14:00;29,2965
10.02. 15:00;26,0216
10.02. 16:00;24,5366
10.02. 17:00;31,0667
10.02. 18:00;36,1608
10.02. 19:00;36,987
10.02. 20:00;35,088899999999995
10.02. 21:00;30,7913
10.02. 22:00;27,5853
10.02. 23:00;24,2809
11.02. 00:00;24,0647
11.02. 01:00;20,6618
11.02. 02:00;19,0294
11.02. 03:00;19,5801
11.02. 04:00;23,4057
11.02. 05:00;26,2773
11.02. 06:00;31,6863
11.02. 07:00;45,3553
11.02. 08:00;74,142
11.02. 09:00;90,131
11.02. 10:00;91,43
11.02. 11:00;94,095
11.02. 12:00;86,483
11.02. 13:00;72,322
11.02. 14:00;67,955
11.02. 15:00;74,967
11.02. 16:00;79,018
11.02. 17:00;80,268
11.02. 18:00;66,14500000000001
11.02. 19:00;45,956
11.02. 20:00;37,6064
11.02. 21:00;32,9647
11.02. 22:00;29,9257
11.02. 23:00;27,9983
12.02. 00:00;24,0647
12.02. 01:00;20,6618
12.02. 02:00;19,0294
12.02. 03:00;19,5801
12.02. 04:00;23,4057
12.02. 05:00;26,2773
12.02. 06:00;31,6863
12.02. 07:00;45,3553
12.02. 08:00;74,142
12.02. 09:00;90,131
12.02. 10:00;91,43
12.02. 11:00;94,095
12.02. 12:00;86,483
12.02. 13:00;72,322
12.02. 14:00;67,955
12.02. 15:00;74,967
12.02. 16:00;79,018
12.02. 17:00;80,268
12.02. 18:00;66,14500000000001
12.02. 19:00;45,956
12.02. 20:00;37,6064
12.02. 21:00;32,9647
12.02. 22:00;29,9257
12.02. 23:00;27,9983
13.02. 00:00;24,0647
13.02. 01:00;20,6618
13.02. 02:00;19,0294
13.02. 03:00;19,5801
13.02. 04:00;23,4057
13.02. 05:00;26,2773
13.02. 06:00;31,6863
13.02. 07:00;45,3553
13.02. 08:00;74,142
13.02. 09:00;90,131
13.02. 10:00;91,43
13.02. 11:00;94,095
13.02. 12:00;86,483
13.02. 13:00;72,322
13.02. 14:00;67,955
13.02. 15:00;74,967
13.02. 16:00;79,018
13.02. 17:00;80,268
13.02. 18:00;66,14500000000001
13.02. 19:00;45,956
13.02. 20:00;37,6064
13.02. 21:00;32,9647
13.02. 22:00;29,9257
13.02. 23:00;27,9983
14.02. 00:00;24,0647
14.02. 01:00;20,6618
14.02. 02:00;19,0294
14.02. 03:00;19,5801
14.02. 04:00;23,4057
14.02. 05:00;26,2773
14.02. 06:00;31,6863
14.02. 07:00;45,3553
14.02. 08:00;74,142
14.02. 09:00;90,131
14.02. 10:00;91,43
14.02. 11:00;94,095
14.02. 12:00;86,483
14.02. 13:00;72,322
14.02. 14:00;67,955
14.02. 15:00;74,967
14.02. 16:00;79,018
14.02. 17:00;80,268
14.02. 18:00;66,14500000000001
14.02. 19:00;45,956
14.02. 20:00;37,6064
14.02. 21:00;32,9647
14.02. 22:00;29,9257
14.02. 23:00;27,9983
15.02. 00:00;24,0647
15.02. 01:00;20,6618
15.02. 02:00;19,0294
15.02. 03:00;19,5801
15.02. 04:00;23,4057
15.02. 05:00;26,2773
15.02. 06:00;31,6863
15.02. 07:00;45,3553
15.02. 08:00;74,142
15.02. 09:00;90,131
15.02. 10:00;91,43
15.02. 11:00;94,095
15.02. 12:00;86,483
15.02. 13:00;72,322
15.02. 14:00;67,955
15.02. 15:00;74,967
15.02. 16:00;79,018
15.02. 17:00;80,268
15.02. 18:00;66,14500000000001
15.02. 19:00;45,956
15.02. 20:00;37,6064
15.02. 21:00;32,9647
15.02. 22:00;29,9257
15.02. 23:00;27,9983
16.02. 00:00;29,1588
16.02. 01:00;28,844
16.02. 02:00;25,52
16.02. 03:00;25,1267
16.02. 04:00;25,9823
16.02. 05:00;27,8016
16.02. 06:00;31,4698
16.02. 07:00;46,4866
16.02. 08:00;66,717
16.02. 09:00;76,167
16.02. 10:00;80,179
16.02. 11:00;81,595
16.02. 12:00;77,583
16.02. 13:00;67,837
16.02. 14:00;50,824
16.02. 15:00;37,6261
16.02. 16:00;32,8959
16.02. 17:00;35,8854
16.02. 18:00;38,1374
16.02. 19:00;38,1081
16.02. 20:00;36,8296
16.02. 21:00;33,5744
16.02. 22:00;30,2701
16.02. 23:00;26,9853
17.02. 00:00;23,6122
17.02. 01:00;20,8094
17.02. 02:00;18,164
17.02. 03:00;16,6889
17.02. 04:00;16,4724
17.02. 05:00;17,328
17.02. 06:00;19,491600000000002
17.02. 07:00;20,18
17.02. 08:00;19,3638
17.02. 09:00;21,802699999999998
17.02. 10:00;25,9626
17.02. 11:00;28,6375
17.02. 12:00;30,5946
17.02. 13:00;31,4994
17.02. 14:00;29,2965
17.02. 15:00;26,0216
17.02. 16:00;24,5366
17.02. 17:00;31,0667
17.02. 18:00;36,1608
17.02. 19:00;36,987
17.02. 20:00;35,088899999999995
17.02. 21:00;30,7913
17.02. 22:00;27,5853
17.02. 23:00;24,2809
18.02. 00:00;24,0647
18.02. 01:00;20,6618
18.02. 02:00;19,0294
18.02. 03:00;19,5801
18.02. 04:00;23,4057
18.02. 05:00;26,2773
18.02. 06:00;31,6863
18.02. 07:00;45,3553
18.02. 08:00;74,142
18.02. 09:00;90,131
18.02. 10:00;91,43
18.02. 11:00;94,095
18.02. 12:00;86,483
18.02. 13:00;72,322
18.02. 14:00;67,955
18.02. 15:00;74,967
18.02. 16:00;79,018
18.02. 17:00;80,268
18.02. 18:00;66,14500000000001
18.02. 19:00;45,956
18.02. 20:00;37,6064
18.02. 21:00;32,9647
18.02. 22:00;29,9257
18.02. 23:00;27,9983
19.02. 00:00;24,0647
19.02. 01:00;20,6618
19.02. 02:00;19,0294
19.02. 03:00;19,5801
19.02. 04:00;23,4057
19.02. 05:00;26,2773
19.02. 06:00;31,6863
19.02. 07:00;45,3553
19.02. 08:00;74,142
19.02. 09:00;90,131
19.02. 10:00;91,43
19.02. 11:00;94,095
19.02. 12:00;86,483
19.02. 13:00;72,322
19.02. 14:00;67,955
19.02. 15:00;74,967
19.02. 16:00;79,018
19.02. 17:00;80,268
19.02. 18:00;66,14500000000001
19.02. 19:00;45,956
19.02. 20:00;37,6064
19.02. 21:00;32,9647
19.02. 22:00;29,9257
19.02. 23:00;27,9983
20.02. 00:00;24,0647
20.02. 01:00;20,6618
20.02. 02:00;19,0294
20.02. 03:00;19,5801
20.02. 04:00;23,4057
20.02. 05:00;26,2773
20.02. 06:00;31,6863
20.02. 07:00;45,3553
20.02. 08:00;74,142
20.02. 09:00;90,131
20.02. 10:00;91,43
20.02. 11:00;94,095
20.02. 12:00;86,483
20.02. 13:00;72,322
20.02. 14:00;67,955
20.02. 15:00;74,967
20.02. 16:00;79,018
20.02. 17:00;80,268
20.02. 18:00;66,14500000000001
20.02. 19:00;45,956
20.02. 20:00;37,6064
20.02. 21:00;32,9647
20.02. 22:00;29,9257
20.02. 23:00;27,9983
21.02. 00:00;24,0647
21.02. 01:00;20,6618
21.02. 02:00;19,0294
21.02. 03:00;19,5801
21.02. 04:00;23,4057
21.02. 05:00;26,2773
21.02. 06:00;31,6863
21.02. 07:00;45,3553
21.02. 08:00;74,142
21.02. 09:00;90,131
21.02. 10:00;91,43
21.02. 11:00;94,095
21.02. 12:00;86,483
21.02. 13:00;72,322
21.02. 14:00;67,955
21.02. 15:00;74,967
21.02. 16:00;79,018
21.02. 17:00;80,268
21.02. 18:00;66,14500000000001
21.02. 19:00;45,956
21.02. 20:00;37,6064
21.02. 21:00;32,9647
21.02. 22:00;29,9257
21.02. 23:00;27,9983
22.02. 00:00;24,0647
22.02. 01:00;20,6618
22.02. 02:00;19,0294
22.02. 03:00;19,5801
22.02. 04:00;23,4057
22.02. 05:00;26,2773
22.02. 06:00;31,6863
22.02. 07:00;45,3553
22.02. 08:00;74,142
22.02. 09:00;90,131
22.02. 10:00;91,43
22.02. 11:00;94,095
22.02. 12:00;86,483
22.02. 13:00;72,322
22.02. 14:00;67,955
22.02. 15:00;74,967
22.02. 16:00;79,018
22.02. 17:00;80,268
22.02. 18:00;66,14500000000001
22.02. 19:00;45,956
22.02. 20:00;37,6064
22.02. 21:00;32,9647
22.02. 22:00;29,9257
22.02. 23:00;27,9983
23.02. 00:00;29,1588
23.02. 01:00;28,844
23.02. 02:00;25,52
23.02. 03:00;25,1267
23.02. 04:00;25,9823
23.02. 05:00;27,8016
23.02. 06:00;31,4698
23.02. 07:00;46,4866
23.02. 08:00;66,717
23.02. 09:00;76,167
23.02. 10:00;80,179
23.02. 11:00;81,595
23.02. 12:00;77,583
23.02. 13:00;67,837
23.02. 14:00;50,824
23.02. 15:00;37,6261
23.02. 16:00;32,8959
23.02. 17:00;35,8854
23.02. 18:00;38,1374
23.02. 19:00;38,1081
23.02. 20:00;36,8296
23.02. 21:00;33,5744
23.02. 22:00;30,2701
23.02. 23:00;26,9853
24.02. 00:00;23,6122
24.02. 01:00;20,8094
24.02. 02:00;18,164
24.02. 03:00;16,6889
24.02. 04:00;16,4724
24.02. 05:00;17,328
24.02. 06:00;19,491600000000002
24.02. 07:00;20,18
24.02. 08:00;19,3638
24.02. 09:00;21,802699999999998
24.02. 10:00;25,9626
24.02. 11:00;28,6375
24.02. 12:00;30,5946
24.02. 13:00;31,4994
24.02. 14:00;29,2965
24.02. 15:00;26,0216
24.02. 16:00;24,5366
24.02. 17:00;31,0667
24.02. 18:00;36,1608
24.02. 19:00;36,987
24.02. 20:00;35,088899999999995
24.02. 21:00;30,7913
24.02. 22:00;27,5853
24.02. 23:00;24,2809
25.02. 00:00;24,0647
25.02. 01:00;20,6618
25.02. 02:00;19,0294
25.02. 03:00;19,5801
25.02. 04:00;23,4057
25.02. 05:00;26,2773
25.02. 06:00;31,6863
25.02. 07:00;45,3553
25.02. 08:00;74,142
25.02. 09:00;90,131
25.02. 10:00;91,43
25.02. 11:00;94,095
25.02. 12:00;86,483
25.02. 13:00;72,322
25.02. 14:00;67,955
25.02. 15:00;74,967
25.02. 16:00;79,018
25.02. 17:00;80,268
25.02. 18:00;66,14500000000001
25.02. 19:00;45,956
25.02. 20:00;37,6064
25.02. 21:00;32,9647
25.02. 22:00;29,9257
25.02. 23:00;27,9983
26.02. 00:00;24,0647
26.02. 01:00;20,6618
26.02. 02:00;19,0294
26.02. 03:00;19,5801
26.02. 04:00;23,4057
26.02. 05:00;26,2773
26.02. 06:00;31,6863
26.02. 07:00;45,3553
26.02. 08:00;74,142
26.02. 09:00;90,131
26.02. 10:00;91,43
26.02. 11:00;94,095
26.02. 12:00;86,483
26.02. 13:00;72,322
26.02. 14:00;67,955
26.02. 15:00;74,967
26.02. 16:00;79,018
26.02. 17:00;80,268
26.02. 18:00;66,14500000000001
26.02. 19:00;45,956
26.02. 20:00;37,6064
26.02. 21:00;32,9647
26.02. 22:00;29,9257
26.02. 23:00;27,9983
27.02. 00:00;24,0647
27.02. 01:00;20,6618
27.02. 02:00;19,0294
27.02. 03:00;19,5801
27.02. 04:00;23,4057
27.02. 05:00;26,2773
27.02. 06:00;31,6863
27.02. 07:00;45,3553
27.02. 08:00;74,142
27.02. 09:00;90,131
27.02. 10:00;91,43
27.02. 11:00;94,095
27.02. 12:00;86,483
27.02. 13:00;72,322
27.02. 14:00;67,955
27.02. 15:00;74,967
27.02. 16:00;79,018
27.02. 17:00;80,268
27.02. 18:00;66,14500000000001
27.02. 19:00;45,956
27.02. 20:00;37,6064
27.02. 21:00;32,9647
27.02. 22:00;29,9257
27.02. 23:00;27,9983
28.02. 00:00;24,0647
28.02. 01:00;20,6618
28.02. 02:00;19,0294
28.02. 03:00;19,5801
28.02. 04:00;23,4057
28.02. 05:00;26,2773
28.02. 06:00;31,6863
28.02. 07:00;45,3553
28.02. 08:00;74,142
28.02. 09:00;90,131
28.02. 10:00;91,43
28.02. 11:00;94,095
28.02. 12:00;86,483
28.02. 13:00;72,322
28.02. 14:00;67,955
28.02. 15:00;74,967
28.02. 16:00;79,018
28.02. 17:00;80,268
28.02. 18:00;66,14500000000001
28.02. 19:00;45,956
28.02. 20:00;37,6064
28.02. 21:00;32,9647
28.02. 22:00;29,9257
28.02. 23:00;27,9983
01.03. 00:00;24,0647
01.03. 01:00;20,6618
01.03. 02:00;19,0294
01.03. 03:00;19,5801
01.03. 04:00;23,4057
01.03. 05:00;26,2773
01.03. 06:00;31,6863
01.03. 07:00;45,3553
01.03. 08:00;74,142
01.03. 09:00;90,131
01.03. 10:00;91,43
01.03. 11:00;94,095
01.03. 12:00;86,483
01.03. 13:00;72,322
01.03. 14:00;67,955
01.03. 15:00;74,967
01.03. 16:00;79,018
01.03. 17:00;80,268
01.03. 18:00;66,14500000000001
01.03. 19:00;45,956
01.03. 20:00;37,6064
01.03. 21:00;32,9647
01.03. 22:00;29,9257
01.03. 23:00;27,9983
02.03. 00:00;29,1588
02.03. 01:00;28,844
02.03. 02:00;25,52
02.03. 03:00;25,1267
02.03. 04:00;25,9823
02.03. 05:00;27,8016
02.03. 06:00;31,4698
02.03. 07:00;46,4866
02.03. 08:00;66,717
02.03. 09:00;76,167
02.03. 10:00;80,179
02.03. 11:00;81,595
02.03. 12:00;77,583
02.03. 13:00;67,837
02.03. 14:00;50,824
02.03. 15:00;37,6261
02.03. 16:00;32,8959
02.03. 17:00;35,8854
02.03. 18:00;38,1374
02.03. 19:00;38,1081
02.03. 20:00;36,8296
02.03. 21:00;33,5744
02.03. 22:00;30,2701
02.03. 23:00;26,9853
03.03. 00:00;23,6122
03.03. 01:00;20,8094
03.03. 02:00;18,164
03.03. 03:00;16,6889
03.03. 04:00;16,4724
03.03. 05:00;17,328
03.03. 06:00;19,491600000000002
03.03. 07:00;20,18
03.03. 08:00;19,3638
03.03. 09:00;21,802699999999998
03.03. 10:00;25,9626
03.03. 11:00;28,6375
03.03. 12:00;30,5946
03.03. 13:00;31,4994
03.03. 14:00;29,2965
03.03. 15:00;26,0216
03.03. 16:00;24,5366
03.03. 17:00;31,0667
03.03. 18:00;36,1608
03.03. 19:00;36,987
03.03. 20:00;35,088899999999995
03.03. 21:00;30,7913
03.03. 22:00;27,5853
03.03. 23:00;24,2809
04.03. 00:00;24,0647
04.03. 01:00;20,6618
04.03. 02:00;19,0294
04.03. 03:00;19,5801
04.03. 04:00;23,4057
04.03. 05:00;26,2773
04.03. 06:00;31,6863
04.03. 07:00;45,3553
04.03. 08:00;74,142
04.03. 09:00;90,131
04.03. 10:00;91,43
04.03. 11:00;94,095
04.03. 12:00;86,483
04.03. 13:00;72,322
04.03. 14:00;67,955
04.03. 15:00;74,967
04.03. 16:00;79,018
04.03. 17:00;80,268
04.03. 18:00;66,14500000000001
04.03. 19:00;45,956
04.03. 20:00;37,6064
04.03. 21:00;32,9647
04.03. 22:00;29,9257
04.03. 23:00;27,9983
05.03. 00:00;24,0647
05.03. 01:00;20,6618
05.03. 02:00;19,0294
05.03. 03:00;19,5801
05.03. 04:00;23,4057
05.03. 05:00;26,2773
05.03. 06:00;31,6863
05.03. 07:00;45,3553
05.03. 08:00;74,142
05.03. 09:00;90,131
05.03. 10:00;91,43
05.03. 11:00;94,095
05.03. 12:00;86,483
05.03. 13:00;72,322
05.03. 14:00;67,955
05.03. 15:00;74,967
05.03. 16:00;79,018
05.03. 17:00;80,268
05.03. 18:00;66,14500000000001
05.03. 19:00;45,956
05.03. 20:00;37,6064
05.03. 21:00;32,9647
05.03. 22:00;29,9257
05.03. 23:00;27,9983
06.03. 00:00;24,0647
06.03. 01:00;20,6618
06.03. 02:00;19,0294
06.03. 03:00;19,5801
06.03. 04:00;23,4057
06.03. 05:00;26,2773
06.03. 06:00;31,6863
06.03. 07:00;45,3553
06.03. 08:00;74,142
06.03. 09:00;90,131
06.03. 10:00;91,43
06.03. 11:00;94,095
06.03. 12:00;86,483
06.03. 13:00;72,322
06.03. 14:00;67,955
06.03. 15:00;74,967
06.03. 16:00;79,018
06.03. 17:00;80,268
06.03. 18:00;66,14500000000001
06.03. 19:00;45,956
06.03. 20:00;37,6064
06.03. 21:00;32,9647
06.03. 22:00;29,9257
06.03. 23:00;27,9983
07.03. 00:00;24,0647
07.03. 01:00;20,6618
07.03. 02:00;19,0294
07.03. 03:00;19,5801
07.03. 04:00;23,4057
07.03. 05:00;26,2773
07.03. 06:00;31,6863
07.03. 07:00;45,3553
07.03. 08:00;74,142
07.03. 09:00;90,131
07.03. 10:00;91,43
07.03. 11:00;94,095
07.03. 12:00;86,483
07.03. 13:00;72,322
07.03. 14:00;67,955
07.03. 15:00;74,967
07.03. 16:00;79,018
07.03. 17:00;80,268
07.03. 18:00;66,14500000000001
07.03. 19:00;45,956
07.03. 20:00;37,6064
07.03. 21:00;32,9647
07.03. 22:00;29,9257
07.03. 23:00;27,9983
08.03. 00:00;24,0647
08.03. 01:00;20,6618
08.03. 02:00;19,0294
08.03. 03:00;19,5801
08.03. 04:00;23,4057
08.03. 05:00;26,2773
08.03. 06:00;31,6863
08.03. 07:00;45,3553
08.03. 08:00;74,142
08.03. 09:00;90,131
08.03. 10:00;91,43
08.03. 11:00;94,095
08.03. 12:00;86,483
08.03. 13:00;72,322
08.03. 14:00;67,955
08.03. 15:00;74,967
08.03. 16:00;79,018
08.03. 17:00;80,268
08.03. 18:00;66,14500000000001
08.03. 19:00;45,956
08.03. 20:00;37,6064
08.03. 21:00;32,9647
08.03. 22:00;29,9257
08.03. 23:00;27,9983
09.03. 00:00;29,1588
09.03. 01:00;28,844
09.03. 02:00;25,52
09.03. 03:00;25,1267
09.03. 04:00;25,9823
09.03. 05:00;27,8016
09.03. 06:00;31,4698
09.03. 07:00;46,4866
09.03. 08:00;66,717
09.03. 09:00;76,167
09.03. 10:00;80,179
09.03. 11:00;81,595
09.03. 12:00;77,583
09.03. 13:00;67,837
09.03. 14:00;50,824
09.03. 15:00;37,6261
09.03. 16:00;32,8959
09.03. 17:00;35,8854
09.03. 18:00;38,1374
09.03. 19:00;38,1081
09.03. 20:00;36,8296
09.03. 21:00;33,5744
09.03. 22:00;30,2701
09.03. 23:00;26,9853
10.03. 00:00;23,6122
10.03. 01:00;20,8094
10.03. 02:00;18,164
10.03. 03:00;16,6889
10.03. 04:00;16,4724
10.03. 05:00;17,328
10.03. 06:00;19,491600000000002
10.03. 07:00;20,18
10.03. 08:00;19,3638
10.03. 09:00;21,802699999999998
10.03. 10:00;25,9626
10.03. 11:00;28,6375
10.03. 12:00;30,5946
10.03. 13:00;31,4994
10.03. 14:00;29,2965
10.03. 15:00;26,0216
10.03. 16:00;24,5366
10.03. 17:00;31,0667
10.03. 18:00;36,1608
10.03. 19:00;36,987
10.03. 20:00;35,088899999999995
10.03. 21:00;30,7913
10.03. 22:00;27,5853
10.03. 23:00;24,2809
11.03. 00:00;24,0647
11.03. 01:00;20,6618
11.03. 02:00;19,0294
11.03. 03:00;19,5801
11.03. 04:00;23,4057
11.03. 05:00;26,2773
11.03. 06:00;31,6863
11.03. 07:00;45,3553
11.03. 08:00;74,142
11.03. 09:00;90,131
11.03. 10:00;91,43
11.03. 11:00;94,095
11.03. 12:00;86,483
11.03. 13:00;72,322
11.03. 14:00;67,955
11.03. 15:00;74,967
11.03. 16:00;79,018
11.03. 17:00;80,268
11.03. 18:00;66,14500000000001
11.03. 19:00;45,956
11.03. 20:00;37,6064
11.03. 21:00;32,9647
11.03. 22:00;29,9257
11.03. 23:00;27,9983
12.03. 00:00;24,0647
12.03. 01:00;20,6618
12.03. 02:00;19,0294
12.03. 03:00;19,5801
12.03. 04:00;23,4057
12.03. 05:00;26,2773
12.03. 06:00;31,6863
12.03. 07:00;45,3553
12.03. 08:00;74,142
12.03. 09:00;90,131
12.03. 10:00;91,43
12.03. 11:00;94,095
12.03. 12:00;86,483
12.03. 13:00;72,322
12.03. 14:00;67,955
12.03. 15:00;74,967
12.03. 16:00;79,018
12.03. 17:00;80,268
12.03. 18:00;66,14500000000001
12.03. 19:00;45,956
12.03. 20:00;37,6064
12.03. 21:00;32,9647
12.03. 22:00;29,9257
12.03. 23:00;27,9983
13.03. 00:00;24,0647
13.03. 01:00;20,6618
13.03. 02:00;19,0294
13.03. 03:00;19,5801
13.03. 04:00;23,4057
13.03. 05:00;26,2773
13.03. 06:00;31,6863
13.03. 07:00;45,3553
13.03. 08:00;74,142
13.03. 09:00;90,131
13.03. 10:00;91,43
13.03. 11:00;94,095
13.03. 12:00;86,483
13.03. 13:00;72,322
13.03. 14:00;67,955
13.03. 15:00;74,967
13.03. 16:00;79,018
13.03. 17:00;80,268
13.03. 18:00;66,14500000000001
13.03. 19:00;45,956
13.03. 20:00;37,6064
13.03. 21:00;32,9647
13.03. 22:00;29,9257
13.03. 23:00;27,9983
14.03. 00:00;24,0647
14.03. 01:00;20,6618
14.03. 02:00;19,0294
14.03. 03:00;19,5801
14.03. 04:00;23,4057
14.03. 05:00;26,2773
14.03. 06:00;31,6863
14.03. 07:00;45,3553
14.03. 08:00;74,142
14.03. 09:00;90,131
14.03. 10:00;91,43
14.03. 11:00;94,095
14.03. 12:00;86,483
14.03. 13:00;72,322
14.03. 14:00;67,955
14.03. 15:00;74,967
14.03. 16:00;79,018
14.03. 17:00;80,268
14.03. 18:00;66,14500000000001
14.03. 19:00;45,956
14.03. 20:00;37,6064
14.03. 21:00;32,9647
14.03. 22:00;29,9257
14.03. 23:00;27,9983
15.03. 00:00;24,0647
15.03. 01:00;20,6618
15.03. 02:00;19,0294
15.03. 03:00;19,5801
15.03. 04:00;23,4057
15.03. 05:00;26,2773
15.03. 06:00;31,6863
15.03. 07:00;45,3553
15.03. 08:00;74,142
15.03. 09:00;90,131
15.03. 10:00;91,43
15.03. 11:00;94,095
15.03. 12:00;86,483
15.03. 13:00;72,322
15.03. 14:00;67,955
15.03. 15:00;74,967
15.03. 16:00;79,018
15.03. 17:00;80,268
15.03. 18:00;66,14500000000001
15.03. 19:00;45,956
15.03. 20:00;37,6064
15.03. 21:00;32,9647
15.03. 22:00;29,9257
15.03. 23:00;27,9983
16.03. 00:00;29,1588
16.03. 01:00;28,844
16.03. 02:00;25,52
16.03. 03:00;25,1267
16.03. 04:00;25,9823
16.03. 05:00;27,8016
16.03. 06:00;31,4698
16.03. 07:00;46,4866
16.03. 08:00;66,717
16.03. 09:00;76,167
16.03. 10:00;80,179
16.03. 11:00;81,595
16.03. 12:00;77,583
16.03. 13:00;67,837
16.03. 14:00;50,824
16.03. 15:00;37,6261
16.03. 16:00;32,8959
16.03. 17:00;35,8854
16.03. 18:00;38,1374
16.03. 19:00;38,1081
16.03. 20:00;36,8296
16.03. 21:00;33,5744
16.03. 22:00;30,2701
16.03. 23:00;26,9853
17.03. 00:00;23,6122
17.03. 01:00;20,8094
17.03. 02:00;18,164
17.03. 03:00;16,6889
17.03. 04:00;16,4724
17.03. 05:00;17,328
17.03. 06:00;19,491600000000002
17.03. 07:00;20,18
17.03. 08:00;19,3638
17.03. 09:00;21,802699999999998
17.03. 10:00;25,9626
17.03. 11:00;28,6375
17.03. 12:00;30,5946
17.03. 13:00;31,4994
17.03. 14:00;29,2965
17.03. 15:00;26,0216
17.03. 16:00;24,5366
17.03. 17:00;31,0667
17.03. 18:00;36,1608
17.03. 19:00;36,987
17.03. 20:00;35,088899999999995
17.03. 21:00;30,7913
17.03. 22:00;27,5853
17.03. 23:00;24,2809
18.03. 00:00;24,0647
18.03. 01:00;20,6618
18.03. 02:00;19,0294
18.03. 03:00;19,5801
18.03. 04:00;23,4057
18.03. 05:00;26,2773
18.03. 06:00;31,6863
18.03. 07:00;45,3553
18.03. 08:00;74,142
18.03. 09:00;90,131
18.03. 10:00;91,43
18.03. 11:00;94,095
18.03. 12:00;86,483
18.03. 13:00;72,322
18.03. 14:00;67,955
18.03. 15:00;74,967
18.03. 16:00;79,018
18.03. 17:00;80,268
18.03. 18:00;66,14500000000001
18.03. 19:00;45,956
18.03. 20:00;37,6064
18.03. 21:00;32,9647
18.03. 22:00;29,9257
18.03. 23:00;27,9983
19.03. 00:00;24,0647
19.03. 01:00;20,6618
19.03. 02:00;19,0294
19.03. 03:00;19,5801
19.03. 04:00;23,4057
19.03. 05:00;26,2773
19.03. 06:00;31,6863
19.03. 07:00;45,3553
19.03. 08:00;74,142
19.03. 09:00;90,131
19.03. 10:00;91,43
19.03. 11:00;94,095
19.03. 12:00;86,483
19.03. 13:00;72,322
19.03. 14:00;67,955
19.03. 15:00;74,967
19.03. 16:00;79,018
19.03. 17:00;80,268
19.03. 18:00;66,14500000000001
19.03. 19:00;45,956
19.03. 20:00;37,6064
19.03. 21:00;32,9647
19.03. 22:00;29,9257
19.03. 23:00;27,9983
20.03. 00:00;24,0647
20.03. 01:00;20,6618
20.03. 02:00;19,0294
20.03. 03:00;19,5801
20.03. 04:00;23,4057
20.03. 05:00;26,2773
20.03. 06:00;31,6863
20.03. 07:00;45,3553
20.03. 08:00;74,142
20.03. 09:00;90,131
20.03. 10:00;91,43
20.03. 11:00;94,095
20.03. 12:00;86,483
20.03. 13:00;72,322
20.03. 14:00;67,955
20.03. 15:00;74,967
20.03. 16:00;79,018
20.03. 17:00;80,268
20.03. 18:00;66,14500000000001
20.03. 19:00;45,956
20.03. 20:00;37,6064
20.03. 21:00;32,9647
20.03. 22:00;29,9257
20.03. 23:00;27,9983
21.03. 00:00;27,0149
21.03. 01:00;23,6024
21.03. 02:00;21,7536
21.03. 03:00;21,8716
21.03. 04:00;25,9921
21.03. 05:00;29,5226
21.03. 06:00;31,9517
21.03. 07:00;42,4154
21.03. 08:00;68,575
21.03. 09:00;83,131
21.03. 10:00;84,25
21.03. 11:00;86,828
21.03. 12:00;80,779
21.03. 13:00;68,8
21.03. 14:00;64,984
21.03. 15:00;70,344
21.03. 16:00;71,938
21.03. 17:00;70,601
21.03. 18:00;56,705
21.03. 19:00;39,9471
21.03. 20:00;35,8363
21.03. 21:00;33,8891
21.03. 22:00;32,1287
21.03. 23:00;30,8503
22.03. 00:00;27,0149
22.03. 01:00;23,6024
22.03. 02:00;21,7536
22.03. 03:00;21,8716
22.03. 04:00;25,9921
22.03. 05:00;29,5226
22.03. 06:00;31,9517
22.03. 07:00;42,4154
22.03. 08:00;68,575
22.03. 09:00;83,131
22.03. 10:00;84,25
22.03. 11:00;86,828
22.03. 12:00;80,779
22.03. 13:00;68,8
22.03. 14:00;64,984
22.03. 15:00;70,344
22.03. 16:00;71,938
22.03. 17:00;70,601
22.03. 18:00;56,705
22.03. 19:00;39,9471
22.03. 20:00;35,8363
22.03. 21:00;33,8891
22.03. 22:00;32,1287
22.03. 23:00;30,8503
23.03. 00:00;30,3585
23.03. 01:00;30,2503
23.03. 02:00;27,418100000000003
23.03. 03:00;26,7395
23.03. 04:00;27,664
23.03. 05:00;28,5392
23.03. 06:00;29,4243
23.03. 07:00;44,7262
23.03. 08:00;66,31299999999999
23.03. 09:00;73,669
23.03. 10:00;75,144
23.03. 11:00;76,727
23.03. 12:00;75,557
23.03. 13:00;66,383
23.03. 14:00;49,525999999999996
23.03. 15:00;37,3214
23.03. 16:00;31,0667
23.03. 17:00;31,410899999999998
23.03. 18:00;33,1024
23.03. 19:00;34,0858
23.03. 20:00;35,8559
23.03. 21:00;34,5873
23.03. 22:00;31,5977
23.03. 23:00;28,6671
24.03. 00:00;25,7659
24.03. 01:00;22,323900000000002
24.03. 02:00;19,2163
24.03. 03:00;17,5838
24.03. 04:00;17,1708
24.03. 05:00;17,8002
24.03. 06:00;17,8886
24.03. 07:00;19,6294
24.03. 08:00;20,9471
24.03. 09:00;23,9957
24.03. 10:00;27,1723
24.03. 11:00;30,2208
24.03. 12:00;32,561499999999995
24.03. 13:00;31,9813
24.03. 14:00;29,1981
24.03. 15:00;26,296999999999997
24.03. 16:00;24,399
24.03. 17:00;28,4998
24.03. 18:00;31,578
24.03. 19:00;33,0924
24.03. 20:00;34,734700000000004
24.03. 21:00;32,6697
24.03. 22:00;28,6571
24.03. 23:00;25,5594
25.03. 00:00;27,0149
25.03. 01:00;23,6024
25.03. 02:00;21,7536
25.03. 03:00;21,8716
25.03. 04:00;25,9921
25.03. 05:00;29,5226
25.03. 06:00;31,9517
25.03. 07:00;42,4154
25.03. 08:00;68,575
25.03. 09:00;83,131
25.03. 10:00;84,25
25.03. 11:00;86,828
25.03. 12:00;80,779
25.03. 13:00;68,8
25.03. 14:00;64,984
25.03. 15:00;70,344
25.03. 16:00;71,938
25.03. 17:00;70,601
25.03. 18:00;56,705
25.03. 19:00;39,9471
25.03. 20:00;35,8363
25.03. 21:00;33,8891
25.03. 22:00;32,1287
25.03. 23:00;30,8503
26.03. 00:00;27,0149
26.03. 01:00;23,6024
26.03. 02:00;21,7536
26.03. 03:00;21,8716
26.03. 04:00;25,9921
26.03. 05:00;29,5226
26.03. 06:00;31,9517
26.03. 07:00;42,4154
26.03. 08:00;68,575
26.03. 09:00;83,131
26.03. 10:00;84,25
26.03. 11:00;86,828
26.03. 12:00;80,779
26.03. 13:00;68,8
26.03. 14:00;64,984
26.03. 15:00;70,344
26.03. 16:00;71,938
26.03. 17:00;70,601
26.03. 18:00;56,705
26.03. 19:00;39,9471
26.03. 20:00;35,8363
26.03. 21:00;33,8891
26.03. 22:00;32,1287
26.03. 23:00;30,8503
27.03. 00:00;27,0149
27.03. 01:00;23,6024
27.03. 02:00;21,7536
27.03. 03:00;21,8716
27.03. 04:00;25,9921
27.03. 05:00;29,5226
27.03. 06:00;31,9517
27.03. 07:00;42,4154
27.03. 08:00;68,575
27.03. 09:00;83,131
27.03. 10:00;84,25
27.03. 11:00;86,828
27.03. 12:00;80,779
27.03. 13:00;68,8
27.03. 14:00;64,984
27.03. 15:00;70,344
27.03. 16:00;71,938
27.03. 17:00;70,601
27.03. 18:00;56,705
27.03. 19:00;39,9471
27.03. 20:00;35,8363
27.03. 21:00;33,8891
27.03. 22:00;32,1287
27.03. 23:00;30,8503
28.03. 00:00;27,0149
28.03. 01:00;23,6024
28.03. 02:00;21,7536
28.03. 03:00;21,8716
28.03. 04:00;25,9921
28.03. 05:00;29,5226
28.03. 06:00;31,9517
28.03. 07:00;42,4154
28.03. 08:00;68,575
28.03. 09:00;83,131
28.03. 10:00;84,25
28.03. 11:00;86,828
28.03. 12:00;80,779
28.03. 13:00;68,8
28.03. 14:00;64,984
28.03. 15:00;70,344
28.03. 16:00;71,938
28.03. 17:00;70,601
28.03. 18:00;56,705
28.03. 19:00;39,9471
28.03. 20:00;35,8363
28.03. 21:00;33,8891
28.03. 22:00;32,1287
28.03. 23:00;30,8503
29.03. 00:00;27,0149
29.03. 01:00;23,6024
29.03. 02:00;21,7536
29.03. 03:00;21,8716
29.03. 04:00;25,9921
29.03. 05:00;29,5226
29.03. 06:00;31,9517
29.03. 07:00;42,4154
29.03. 08:00;68,575
29.03. 09:00;83,131
29.03. 10:00;84,25
29.03. 11:00;86,828
29.03. 12:00;80,779
29.03. 13:00;68,8
29.03. 14:00;64,984
29.03. 15:00;70,344
29.03. 16:00;71,938
29.03. 17:00;70,601
29.03. 18:00;56,705
29.03. 19:00;39,9471
29.03. 20:00;35,8363
29.03. 21:00;33,8891
29.03. 22:00;32,1287
29.03. 23:00;30,8503
30.03. 00:00;30,3585
30.03. 01:00;30,2503
30.03. 02:00;27,418100000000003
30.03. 03:00;26,7395
30.03. 04:00;27,664
30.03. 05:00;28,5392
30.03. 06:00;29,4243
30.03. 07:00;44,7262
30.03. 08:00;66,31299999999999
30.03. 09:00;73,669
30.03. 10:00;75,144
30.03. 11:00;76,727
30.03. 12:00;75,557
30.03. 13:00;66,383
30.03. 14:00;49,525999999999996
30.03. 15:00;37,3214
30.03. 16:00;31,0667
30.03. 17:00;31,410899999999998
30.03. 18:00;33,1024
30.03. 19:00;34,0858
30.03. 20:00;35,8559
30.03. 21:00;34,5873
30.03. 22:00;31,5977
30.03. 23:00;28,6671
31.03. 00:00;25,7659
31.03. 01:00;22,323900000000002
31.03. 02:00;19,2163
31.03. 03:00;17,5838
31.03. 04:00;17,1708
31.03. 05:00;17,8002
31.03. 06:00;17,8886
31.03. 07:00;19,6294
31.03. 08:00;20,9471
31.03. 09:00;23,9957
31.03. 10:00;27,1723
31.03. 11:00;30,2208
31.03. 12:00;32,561499999999995
31.03. 13:00;31,9813
31.03. 14:00;29,1981
31.03. 15:00;26,296999999999997
31.03. 16:00;24,399
31.03. 17:00;28,4998
31.03. 18:00;31,578
31.03. 19:00;33,0924
31.03. 20:00;34,734700000000004
31.03. 21:00;32,6697
31.03. 22:00;28,6571
31.03. 23:00;25,5594
01.04. 00:00;27,0149
01.04. 01:00;23,6024
01.04. 02:00;21,7536
01.04. 03:00;21,8716
01.04. 04:00;25,9921
01.04. 05:00;29,5226
01.04. 06:00;31,9517
01.04. 07:00;42,4154
01.04. 08:00;68,575
01.04. 09:00;83,131
01.04. 10:00;84,25
01.04. 11:00;86,828
01.04. 12:00;80,779
01.04. 13:00;68,8
01.04. 14:00;64,984
01.04. 15:00;70,344
01.04. 16:00;71,938
01.04. 17:00;70,601
01.04. 18:00;56,705
01.04. 19:00;39,9471
01.04. 20:00;35,8363
01.04. 21:00;33,8891
01.04. 22:00;32,1287
01.04. 23:00;30,8503
02.04. 00:00;27,0149
02.04. 01:00;23,6024
02.04. 02:00;21,7536
02.04. 03:00;21,8716
02.04. 04:00;25,9921
02.04. 05:00;29,5226
02.04. 06:00;31,9517
02.04. 07:00;42,4154
02.04. 08:00;68,575
02.04. 09:00;83,131
02.04. 10:00;84,25
02.04. 11:00;86,828
02.04. 12:00;80,779
02.04. 13:00;68,8
02.04. 14:00;64,984
02.04. 15:00;70,344
02.04. 16:00;71,938
02.04. 17:00;70,601
02.04. 18:00;56,705
02.04. 19:00;39,9471
02.04. 20:00;35,8363
02.04. 21:00;33,8891
02.04. 22:00;32,1287
02.04. 23:00;30,8503
03.04. 00:00;27,0149
03.04. 01:00;23,6024
03.04. 02:00;21,7536
03.04. 03:00;21,8716
03.04. 04:00;25,9921
03.04. 05:00;29,5226
03.04. 06:00;31,9517
03.04. 07:00;42,4154
03.04. 08:00;68,575
03.04. 09:00;83,131
03.04. 10:00;84,25
03.04. 11:00;86,828
03.04. 12:00;80,779
03.04. 13:00;68,8
03.04. 14:00;64,984
03.04. 15:00;70,344
03.04. 16:00;71,938
03.04. 17:00;70,601
03.04. 18:00;56,705
03.04. 19:00;39,9471
03.04. 20:00;35,8363
03.04. 21:00;33,8891
03.04. 22:00;32,1287
03.04. 23:00;30,8503
04.04. 00:00;27,0149
04.04. 01:00;23,6024
04.04. 02:00;21,7536
04.04. 03:00;21,8716
04.04. 04:00;25,9921
04.04. 05:00;29,5226
04.04. 06:00;31,9517
04.04. 07:00;42,4154
04.04. 08:00;68,575
04.04. 09:00;83,131
04.04. 10:00;84,25
04.04. 11:00;86,828
04.04. 12:00;80,779
04.04. 13:00;68,8
04.04. 14:00;64,984
04.04. 15:00;70,344
04.04. 16:00;71,938
04.04. 17:00;70,601
04.04. 18:00;56,705
04.04. 19:00;39,9471
04.04. 20:00;35,8363
04.04. 21:00;33,8891
04.04. 22:00;32,1287
04.04. 23:00;30,8503
05.04. 00:00;27,0149
05.04. 01:00;23,6024
05.04. 02:00;21,7536
05.04. 03:00;21,8716
05.04. 04:00;25,9921
05.04. 05:00;29,5226
05.04. 06:00;31,9517
05.04. 07:00;42,4154
05.04. 08:00;68,575
05.04. 09:00;83,131
05.04. 10:00;84,25
05.04. 11:00;86,828
05.04. 12:00;80,779
05.04. 13:00;68,8
05.04. 14:00;64,984
05.04. 15:00;70,344
05.04. 16:00;71,938
05.04. 17:00;70,601
05.04. 18:00;56,705
05.04. 19:00;39,9471
05.04. 20:00;35,8363
05.04. 21:00;33,8891
05.04. 22:00;32,1287
05.04. 23:00;30,8503
06.04. 00:00;30,3585
06.04. 01:00;30,2503
06.04. 02:00;27,418100000000003
06.04. 03:00;26,7395
06.04. 04:00;27,664
06.04. 05:00;28,5392
06.04. 06:00;29,4243
06.04. 07:00;44,7262
06.04. 08:00;66,31299999999999
06.04. 09:00;73,669
06.04. 10:00;75,144
06.04. 11:00;76,727
06.04. 12:00;75,557
06.04. 13:00;66,383
06.04. 14:00;49,525999999999996
06.04. 15:00;37,3214
06.04. 16:00;31,0667
06.04. 17:00;31,410899999999998
06.04. 18:00;33,1024
06.04. 19:00;34,0858
06.04. 20:00;35,8559
06.04. 21:00;34,5873
06.04. 22:00;31,5977
06.04. 23:00;28,6671
07.04. 00:00;25,7659
07.04. 01:00;22,323900000000002
07.04. 02:00;19,2163
07.04. 03:00;17,5838
07.04. 04:00;17,1708
07.04. 05:00;17,8002
07.04. 06:00;17,8886
07.04. 07:00;19,6294
07.04. 08:00;20,9471
07.04. 09:00;23,9957
07.04. 10:00;27,1723
07.04. 11:00;30,2208
07.04. 12:00;32,561499999999995
07.04. 13:00;31,9813
07.04. 14:00;29,1981
07.04. 15:00;26,296999999999997
07.04. 16:00;24,399
07.04. 17:00;28,4998
07.04. 18:00;31,578
07.04. 19:00;33,0924
07.04. 20:00;34,734700000000004
07.04. 21:00;32,6697
07.04. 22:00;28,6571
07.04. 23:00;25,5594
08.04. 00:00;27,0149
08.04. 01:00;23,6024
08.04. 02:00;21,7536
08.04. 03:00;21,8716
08.04. 04:00;25,9921
08.04. 05:00;29,5226
08.04. 06:00;31,9517
08.04. 07:00;42,4154
08.04. 08:00;68,575
08.04. 09:00;83,131
08.04. 10:00;84,25
08.04. 11:00;86,828
08.04. 12:00;80,779
08.04. 13:00;68,8
08.04. 14:00;64,984
08.04. 15:00;70,344
08.04. 16:00;71,938
08.04. 17:00;70,601
08.04. 18:00;56,705
08.04. 19:00;39,9471
08.04. 20:00;35,8363
08.04. 21:00;33,8891
08.04. 22:00;32,1287
08.04. 23:00;30,8503
09.04. 00:00;27,0149
09.04. 01:00;23,6024
09.04. 02:00;21,7536
09.04. 03:00;21,8716
09.04. 04:00;25,9921
09.04. 05:00;29,5226
09.04. 06:00;31,9517
09.04. 07:00;42,4154
09.04. 08:00;68,575
09.04. 09:00;83,131
09.04. 10:00;84,25
09.04. 11:00;86,828
09.04. 12:00;80,779
09.04. 13:00;68,8
09.04. 14:00;64,984
09.04. 15:00;70,344
09.04. 16:00;71,938
09.04. 17:00;70,601
09.04. 18:00;56,705
09.04. 19:00;39,9471
09.04. 20:00;35,8363
09.04. 21:00;33,8891
09.04. 22:00;32,1287
09.04. 23:00;30,8503
10.04. 00:00;27,0149
10.04. 01:00;23,6024
10.04. 02:00;21,7536
10.04. 03:00;21,8716
10.04. 04:00;25,9921
10.04. 05:00;29,5226
10.04. 06:00;31,9517
10.04. 07:00;42,4154
10.04. 08:00;68,575
10.04. 09:00;83,131
10.04. 10:00;84,25
10.04. 11:00;86,828
10.04. 12:00;80,779
10.04. 13:00;68,8
10.04. 14:00;64,984
10.04. 15:00;70,344
10.04. 16:00;71,938
10.04. 17:00;70,601
10.04. 18:00;56,705
10.04. 19:00;39,9471
10.04. 20:00;35,8363
10.04. 21:00;33,8891
10.04. 22:00;32,1287
10.04. 23:00;30,8503
11.04. 00:00;27,0149
11.04. 01:00;23,6024
11.04. 02:00;21,7536
11.04. 03:00;21,8716
11.04. 04:00;25,9921
11.04. 05:00;29,5226
11.04. 06:00;31,9517
11.04. 07:00;42,4154
11.04. 08:00;68,575
11.04. 09:00;83,131
11.04. 10:00;84,25
11.04. 11:00;86,828
11.04. 12:00;80,779
11.04. 13:00;68,8
11.04. 14:00;64,984
11.04. 15:00;70,344
11.04. 16:00;71,938
11.04. 17:00;70,601
11.04. 18:00;56,705
11.04. 19:00;39,9471
11.04. 20:00;35,8363
11.04. 21:00;33,8891
11.04. 22:00;32,1287
11.04. 23:00;30,8503
12.04. 00:00;27,0149
12.04. 01:00;23,6024
12.04. 02:00;21,7536
12.04. 03:00;21,8716
12.04. 04:00;25,9921
12.04. 05:00;29,5226
12.04. 06:00;31,9517
12.04. 07:00;42,4154
12.04. 08:00;68,575
12.04. 09:00;83,131
12.04. 10:00;84,25
12.04. 11:00;86,828
12.04. 12:00;80,779
12.04. 13:00;68,8
12.04. 14:00;64,984
12.04. 15:00;70,344
12.04. 16:00;71,938
12.04. 17:00;70,601
12.04. 18:00;56,705
12.04. 19:00;39,9471
12.04. 20:00;35,8363
12.04. 21:00;33,8891
12.04. 22:00;32,1287
12.04. 23:00;30,8503
13.04. 00:00;30,3585
13.04. 01:00;30,2503
13.04. 02:00;27,418100000000003
13.04. 03:00;26,7395
13.04. 04:00;27,664
13.04. 05:00;28,5392
13.04. 06:00;29,4243
13.04. 07:00;44,7262
13.04. 08:00;66,31299999999999
13.04. 09:00;73,669
13.04. 10:00;75,144
13.04. 11:00;76,727
13.04. 12:00;75,557
13.04. 13:00;66,383
13.04. 14:00;49,525999999999996
13.04. 15:00;37,3214
13.04. 16:00;31,0667
13.04. 17:00;31,410899999999998
13.04. 18:00;33,1024
13.04. 19:00;34,0858
13.04. 20:00;35,8559
13.04. 21:00;34,5873
13.04. 22:00;31,5977
13.04. 23:00;28,6671
14.04. 00:00;25,7659
14.04. 01:00;22,323900000000002
14.04. 02:00;19,2163
14.04. 03:00;17,5838
14.04. 04:00;17,1708
14.04. 05:00;17,8002
14.04. 06:00;17,8886
14.04. 07:00;19,6294
14.04. 08:00;20,9471
14.04. 09:00;23,9957
14.04. 10:00;27,1723
14.04. 11:00;30,2208
14.04. 12:00;32,561499999999995
14.04. 13:00;31,9813
14.04. 14:00;29,1981
14.04. 15:00;26,296999999999997
14.04. 16:00;24,399
14.04. 17:00;28,4998
14.04. 18:00;31,578
14.04. 19:00;33,0924
14.04. 20:00;34,734700000000004
14.04. 21:00;32,6697
14.04. 22:00;28,6571
14.04. 23:00;25,5594
15.04. 00:00;27,0149
15.04. 01:00;23,6024
15.04. 02:00;21,7536
15.04. 03:00;21,8716
15.04. 04:00;25,9921
15.04. 05:00;29,5226
15.04. 06:00;31,9517
15.04. 07:00;42,4154
15.04. 08:00;68,575
15.04. 09:00;83,131
15.04. 10:00;84,25
15.04. 11:00;86,828
15.04. 12:00;80,779
15.04. 13:00;68,8
15.04. 14:00;64,984
15.04. 15:00;70,344
15.04. 16:00;71,938
15.04. 17:00;70,601
15.04. 18:00;56,705
15.04. 19:00;39,9471
15.04. 20:00;35,8363
15.04. 21:00;33,8891
15.04. 22:00;32,1287
15.04. 23:00;30,8503
16.04. 00:00;27,0149
16.04. 01:00;23,6024
16.04. 02:00;21,7536
16.04. 03:00;21,8716
16.04. 04:00;25,9921
16.04. 05:00;29,5226
16.04. 06:00;31,9517
16.04. 07:00;42,4154
16.04. 08:00;68,575
16.04. 09:00;83,131
16.04. 10:00;84,25
16.04. 11:00;86,828
16.04. 12:00;80,779
16.04. 13:00;68,8
16.04. 14:00;64,984
16.04. 15:00;70,344
16.04. 16:00;71,938
16.04. 17:00;70,601
16.04. 18:00;56,705
16.04. 19:00;39,9471
16.04. 20:00;35,8363
16.04. 21:00;33,8891
16.04. 22:00;32,1287
16.04. 23:00;30,8503
17.04. 00:00;27,0149
17.04. 01:00;23,6024
17.04. 02:00;21,7536
17.04. 03:00;21,8716
17.04. 04:00;25,9921
17.04. 05:00;29,5226
17.04. 06:00;31,9517
17.04. 07:00;42,4154
17.04. 08:00;68,575
17.04. 09:00;83,131
17.04. 10:00;84,25
17.04. 11:00;86,828
17.04. 12:00;80,779
17.04. 13:00;68,8
17.04. 14:00;64,984
17.04. 15:00;70,344
17.04. 16:00;71,938
17.04. 17:00;70,601
17.04. 18:00;56,705
17.04. 19:00;39,9471
17.04. 20:00;35,8363
17.04. 21:00;33,8891
17.04. 22:00;32,1287
17.04. 23:00;30,8503
18.04. 00:00;27,0149
18.04. 01:00;23,6024
18.04. 02:00;21,7536
18.04. 03:00;21,8716
18.04. 04:00;25,9921
18.04. 05:00;29,5226
18.04. 06:00;31,9517
18.04. 07:00;42,4154
18.04. 08:00;68,575
18.04. 09:00;83,131
18.04. 10:00;84,25
18.04. 11:00;86,828
18.04. 12:00;80,779
18.04. 13:00;68,8
18.04. 14:00;64,984
18.04. 15:00;70,344
18.04. 16:00;71,938
18.04. 17:00;70,601
18.04. 18:00;56,705
18.04. 19:00;39,9471
18.04. 20:00;35,8363
18.04. 21:00;33,8891
18.04. 22:00;32,1287
18.04. 23:00;30,8503
19.04. 00:00;27,0149
19.04. 01:00;23,6024
19.04. 02:00;21,7536
19.04. 03:00;21,8716
19.04. 04:00;25,9921
19.04. 05:00;29,5226
19.04. 06:00;31,9517
19.04. 07:00;42,4154
19.04. 08:00;68,575
19.04. 09:00;83,131
19.04. 10:00;84,25
19.04. 11:00;86,828
19.04. 12:00;80,779
19.04. 13:00;68,8
19.04. 14:00;64,984
19.04. 15:00;70,344
19.04. 16:00;71,938
19.04. 17:00;70,601
19.04. 18:00;56,705
19.04. 19:00;39,9471
19.04. 20:00;35,8363
19.04. 21:00;33,8891
19.04. 22:00;32,1287
19.04. 23:00;30,8503
20.04. 00:00;30,3585
20.04. 01:00;30,2503
20.04. 02:00;27,418100000000003
20.04. 03:00;26,7395
20.04. 04:00;27,664
20.04. 05:00;28,5392
20.04. 06:00;29,4243
20.04. 07:00;44,7262
20.04. 08:00;66,31299999999999
20.04. 09:00;73,669
20.04. 10:00;75,144
20.04. 11:00;76,727
20.04. 12:00;75,557
20.04. 13:00;66,383
20.04. 14:00;49,525999999999996
20.04. 15:00;37,3214
20.04. 16:00;31,0667
20.04. 17:00;31,410899999999998
20.04. 18:00;33,1024
20.04. 19:00;34,0858
20.04. 20:00;35,8559
20.04. 21:00;34,5873
20.04. 22:00;31,5977
20.04. 23:00;28,6671
21.04. 00:00;25,7659
21.04. 01:00;22,323900000000002
21.04. 02:00;19,2163
21.04. 03:00;17,5838
21.04. 04:00;17,1708
21.04. 05:00;17,8002
21.04. 06:00;17,8886
21.04. 07:00;19,6294
21.04. 08:00;20,9471
21.04. 09:00;23,9957
21.04. 10:00;27,1723
21.04. 11:00;30,2208
21.04. 12:00;32,561499999999995
21.04. 13:00;31,9813
21.04. 14:00;29,1981
21.04. 15:00;26,296999999999997
21.04. 16:00;24,399
21.04. 17:00;28,4998
21.04. 18:00;31,578
21.04. 19:00;33,0924
21.04. 20:00;34,734700000000004
21.04. 21:00;32,6697
21.04. 22:00;28,6571
21.04. 23:00;25,5594
22.04. 00:00;27,0149
22.04. 01:00;23,6024
22.04. 02:00;21,7536
22.04. 03:00;21,8716
22.04. 04:00;25,9921
22.04. 05:00;29,5226
22.04. 06:00;31,9517
22.04. 07:00;42,4154
22.04. 08:00;68,575
22.04. 09:00;83,131
22.04. 10:00;84,25
22.04. 11:00;86,828
22.04. 12:00;80,779
22.04. 13:00;68,8
22.04. 14:00;64,984
22.04. 15:00;70,344
22.04. 16:00;71,938
22.04. 17:00;70,601
22.04. 18:00;56,705
22.04. 19:00;39,9471
22.04. 20:00;35,8363
22.04. 21:00;33,8891
22.04. 22:00;32,1287
22.04. 23:00;30,8503
23.04. 00:00;27,0149
23.04. 01:00;23,6024
23.04. 02:00;21,7536
23.04. 03:00;21,8716
23.04. 04:00;25,9921
23.04. 05:00;29,5226
23.04. 06:00;31,9517
23.04. 07:00;42,4154
23.04. 08:00;68,575
23.04. 09:00;83,131
23.04. 10:00;84,25
23.04. 11:00;86,828
23.04. 12:00;80,779
23.04. 13:00;68,8
23.04. 14:00;64,984
23.04. 15:00;70,344
23.04. 16:00;71,938
23.04. 17:00;70,601
23.04. 18:00;56,705
23.04. 19:00;39,9471
23.04. 20:00;35,8363
23.04. 21:00;33,8891
23.04. 22:00;32,1287
23.04. 23:00;30,8503
24.04. 00:00;27,0149
24.04. 01:00;23,6024
24.04. 02:00;21,7536
24.04. 03:00;21,8716
24.04. 04:00;25,9921
24.04. 05:00;29,5226
24.04. 06:00;31,9517
24.04. 07:00;42,4154
24.04. 08:00;68,575
24.04. 09:00;83,131
24.04. 10:00;84,25
24.04. 11:00;86,828
24.04. 12:00;80,779
24.04. 13:00;68,8
24.04. 14:00;64,984
24.04. 15:00;70,344
24.04. 16:00;71,938
24.04. 17:00;70,601
24.04. 18:00;56,705
24.04. 19:00;39,9471
24.04. 20:00;35,8363
24.04. 21:00;33,8891
24.04. 22:00;32,1287
24.04. 23:00;30,8503
25.04. 00:00;27,0149
25.04. 01:00;23,6024
25.04. 02:00;21,7536
25.04. 03:00;21,8716
25.04. 04:00;25,9921
25.04. 05:00;29,5226
25.04. 06:00;31,9517
25.04. 07:00;42,4154
25.04. 08:00;68,575
25.04. 09:00;83,131
25.04. 10:00;84,25
25.04. 11:00;86,828
25.04. 12:00;80,779
25.04. 13:00;68,8
25.04. 14:00;64,984
25.04. 15:00;70,344
25.04. 16:00;71,938
25.04. 17:00;70,601
25.04. 18:00;56,705
25.04. 19:00;39,9471
25.04. 20:00;35,8363
25.04. 21:00;33,8891
25.04. 22:00;32,1287
25.04. 23:00;30,8503
26.04. 00:00;27,0149
26.04. 01:00;23,6024
26.04. 02:00;21,7536
26.04. 03:00;21,8716
26.04. 04:00;25,9921
26.04. 05:00;29,5226
26.04. 06:00;31,9517
26.04. 07:00;42,4154
26.04. 08:00;68,575
26.04. 09:00;83,131
26.04. 10:00;84,25
26.04. 11:00;86,828
26.04. 12:00;80,779
26.04. 13:00;68,8
26.04. 14:00;64,984
26.04. 15:00;70,344
26.04. 16:00;71,938
26.04. 17:00;70,601
26.04. 18:00;56,705
26.04. 19:00;39,9471
26.04. 20:00;35,8363
26.04. 21:00;33,8891
26.04. 22:00;32,1287
26.04. 23:00;30,8503
27.04. 00:00;30,3585
27.04. 01:00;30,2503
27.04. 02:00;27,418100000000003
27.04. 03:00;26,7395
27.04. 04:00;27,664
27.04. 05:00;28,5392
27.04. 06:00;29,4243
27.04. 07:00;44,7262
27.04. 08:00;66,31299999999999
27.04. 09:00;73,669
27.04. 10:00;75,144
27.04. 11:00;76,727
27.04. 12:00;75,557
27.04. 13:00;66,383
27.04. 14:00;49,525999999999996
27.04. 15:00;37,3214
27.04. 16:00;31,0667
27.04. 17:00;31,410899999999998
27.04. 18:00;33,1024
27.04. 19:00;34,0858
27.04. 20:00;35,8559
27.04. 21:00;34,5873
27.04. 22:00;31,5977
27.04. 23:00;28,6671
28.04. 00:00;25,7659
28.04. 01:00;22,323900000000002
28.04. 02:00;19,2163
28.04. 03:00;17,5838
28.04. 04:00;17,1708
28.04. 05:00;17,8002
28.04. 06:00;17,8886
28.04. 07:00;19,6294
28.04. 08:00;20,9471
28.04. 09:00;23,9957
28.04. 10:00;27,1723
28.04. 11:00;30,2208
28.04. 12:00;32,561499999999995
28.04. 13:00;31,9813
28.04. 14:00;29,1981
28.04. 15:00;26,296999999999997
28.04. 16:00;24,399
28.04. 17:00;28,4998
28.04. 18:00;31,578
28.04. 19:00;33,0924
28.04. 20:00;34,734700000000004
28.04. 21:00;32,6697
28.04. 22:00;28,6571
28.04. 23:00;25,5594
29.04. 00:00;27,0149
29.04. 01:00;23,6024
29.04. 02:00;21,7536
29.04. 03:00;21,8716
29.04. 04:00;25,9921
29.04. 05:00;29,5226
29.04. 06:00;31,9517
29.04. 07:00;42,4154
29.04. 08:00;68,575
29.04. 09:00;83,131
29.04. 10:00;84,25
29.04. 11:00;86,828
29.04. 12:00;80,779
29.04. 13:00;68,8
29.04. 14:00;64,984
29.04. 15:00;70,344
29.04. 16:00;71,938
29.04. 17:00;70,601
29.04. 18:00;56,705
29.04. 19:00;39,9471
29.04. 20:00;35,8363
29.04. 21:00;33,8891
29.04. 22:00;32,1287
29.04. 23:00;30,8503
30.04. 00:00;27,0149
30.04. 01:00;23,6024
30.04. 02:00;21,7536
30.04. 03:00;21,8716
30.04. 04:00;25,9921
30.04. 05:00;29,5226
30.04. 06:00;31,9517
30.04. 07:00;42,4154
30.04. 08:00;68,575
30.04. 09:00;83,131
30.04. 10:00;84,25
30.04. 11:00;86,828
30.04. 12:00;80,779
30.04. 13:00;68,8
30.04. 14:00;64,984
30.04. 15:00;70,344
30.04. 16:00;71,938
30.04. 17:00;70,601
30.04. 18:00;56,705
30.04. 19:00;39,9471
30.04. 20:00;35,8363
30.04. 21:00;33,8891
30.04. 22:00;32,1287
30.04. 23:00;30,8503
01.05. 00:00;27,0149
01.05. 01:00;23,6024
01.05. 02:00;21,7536
01.05. 03:00;21,8716
01.05. 04:00;25,9921
01.05. 05:00;29,5226
01.05. 06:00;31,9517
01.05. 07:00;42,4154
01.05. 08:00;68,575
01.05. 09:00;83,131
01.05. 10:00;84,25
01.05. 11:00;86,828
01.05. 12:00;80,779
01.05. 13:00;68,8
01.05. 14:00;64,984
01.05. 15:00;70,344
01.05. 16:00;71,938
01.05. 17:00;70,601
01.05. 18:00;56,705
01.05. 19:00;39,9471
01.05. 20:00;35,8363
01.05. 21:00;33,8891
01.05. 22:00;32,1287
01.05. 23:00;30,8503
02.05. 00:00;27,0149
02.05. 01:00;23,6024
02.05. 02:00;21,7536
02.05. 03:00;21,8716
02.05. 04:00;25,9921
02.05. 05:00;29,5226
02.05. 06:00;31,9517
02.05. 07:00;42,4154
02.05. 08:00;68,575
02.05. 09:00;83,131
02.05. 10:00;84,25
02.05. 11:00;86,828
02.05. 12:00;80,779
02.05. 13:00;68,8
02.05. 14:00;64,984
02.05. 15:00;70,344
02.05. 16:00;71,938
02.05. 17:00;70,601
02.05. 18:00;56,705
02.05. 19:00;39,9471
02.05. 20:00;35,8363
02.05. 21:00;33,8891
02.05. 22:00;32,1287
02.05. 23:00;30,8503
03.05. 00:00;27,0149
03.05. 01:00;23,6024
03.05. 02:00;21,7536
03.05. 03:00;21,8716
03.05. 04:00;25,9921
03.05. 05:00;29,5226
03.05. 06:00;31,9517
03.05. 07:00;42,4154
03.05. 08:00;68,575
03.05. 09:00;83,131
03.05. 10:00;84,25
03.05. 11:00;86,828
03.05. 12:00;80,779
03.05. 13:00;68,8
03.05. 14:00;64,984
03.05. 15:00;70,344
03.05. 16:00;71,938
03.05. 17:00;70,601
03.05. 18:00;56,705
03.05. 19:00;39,9471
03.05. 20:00;35,8363
03.05. 21:00;33,8891
03.05. 22:00;32,1287
03.05. 23:00;30,8503
04.05. 00:00;30,3585
04.05. 01:00;30,2503
04.05. 02:00;27,418100000000003
04.05. 03:00;26,7395
04.05. 04:00;27,664
04.05. 05:00;28,5392
04.05. 06:00;29,4243
04.05. 07:00;44,7262
04.05. 08:00;66,31299999999999
04.05. 09:00;73,669
04.05. 10:00;75,144
04.05. 11:00;76,727
04.05. 12:00;75,557
04.05. 13:00;66,383
04.05. 14:00;49,525999999999996
04.05. 15:00;37,3214
04.05. 16:00;31,0667
04.05. 17:00;31,410899999999998
04.05. 18:00;33,1024
04.05. 19:00;34,0858
04.05. 20:00;35,8559
04.05. 21:00;34,5873
04.05. 22:00;31,5977
04.05. 23:00;28,6671
05.05. 00:00;25,7659
05.05. 01:00;22,323900000000002
05.05. 02:00;19,2163
05.05. 03:00;17,5838
05.05. 04:00;17,1708
05.05. 05:00;17,8002
05.05. 06:00;17,8886
05.05. 07:00;19,6294
05.05. 08:00;20,9471
05.05. 09:00;23,9957
05.05. 10:00;27,1723
05.05. 11:00;30,2208
05.05. 12:00;32,561499999999995
05.05. 13:00;31,9813
05.05. 14:00;29,1981
05.05. 15:00;26,296999999999997
05.05. 16:00;24,399
05.05. 17:00;28,4998
05.05. 18:00;31,578
05.05. 19:00;33,0924
05.05. 20:00;34,734700000000004
05.05. 21:00;32,6697
05.05. 22:00;28,6571
05.05. 23:00;25,5594
06.05. 00:00;27,0149
06.05. 01:00;23,6024
06.05. 02:00;21,7536
06.05. 03:00;21,8716
06.05. 04:00;25,9921
06.05. 05:00;29,5226
06.05. 06:00;31,9517
06.05. 07:00;42,4154
06.05. 08:00;68,575
06.05. 09:00;83,131
06.05. 10:00;84,25
06.05. 11:00;86,828
06.05. 12:00;80,779
06.05. 13:00;68,8
06.05. 14:00;64,984
06.05. 15:00;70,344
06.05. 16:00;71,938
06.05. 17:00;70,601
06.05. 18:00;56,705
06.05. 19:00;39,9471
06.05. 20:00;35,8363
06.05. 21:00;33,8891
06.05. 22:00;32,1287
06.05. 23:00;30,8503
07.05. 00:00;27,0149
07.05. 01:00;23,6024
07.05. 02:00;21,7536
07.05. 03:00;21,8716
07.05. 04:00;25,9921
07.05. 05:00;29,5226
07.05. 06:00;31,9517
07.05. 07:00;42,4154
07.05. 08:00;68,575
07.05. 09:00;83,131
07.05. 10:00;84,25
07.05. 11:00;86,828
07.05. 12:00;80,779
07.05. 13:00;68,8
07.05. 14:00;64,984
07.05. 15:00;70,344
07.05. 16:00;71,938
07.05. 17:00;70,601
07.05. 18:00;56,705
07.05. 19:00;39,9471
07.05. 20:00;35,8363
07.05. 21:00;33,8891
07.05. 22:00;32,1287
07.05. 23:00;30,8503
08.05. 00:00;27,0149
08.05. 01:00;23,6024
08.05. 02:00;21,7536
08.05. 03:00;21,8716
08.05. 04:00;25,9921
08.05. 05:00;29,5226
08.05. 06:00;31,9517
08.05. 07:00;42,4154
08.05. 08:00;68,575
08.05. 09:00;83,131
08.05. 10:00;84,25
08.05. 11:00;86,828
08.05. 12:00;80,779
08.05. 13:00;68,8
08.05. 14:00;64,984
08.05. 15:00;70,344
08.05. 16:00;71,938
08.05. 17:00;70,601
08.05. 18:00;56,705
08.05. 19:00;39,9471
08.05. 20:00;35,8363
08.05. 21:00;33,8891
08.05. 22:00;32,1287
08.05. 23:00;30,8503
09.05. 00:00;27,0149
09.05. 01:00;23,6024
09.05. 02:00;21,7536
09.05. 03:00;21,8716
09.05. 04:00;25,9921
09.05. 05:00;29,5226
09.05. 06:00;31,9517
09.05. 07:00;42,4154
09.05. 08:00;68,575
09.05. 09:00;83,131
09.05. 10:00;84,25
09.05. 11:00;86,828
09.05. 12:00;80,779
09.05. 13:00;68,8
09.05. 14:00;64,984
09.05. 15:00;70,344
09.05. 16:00;71,938
09.05. 17:00;70,601
09.05. 18:00;56,705
09.05. 19:00;39,9471
09.05. 20:00;35,8363
09.05. 21:00;33,8891
09.05. 22:00;32,1287
09.05. 23:00;30,8503
10.05. 00:00;27,0149
10.05. 01:00;23,6024
10.05. 02:00;21,7536
10.05. 03:00;21,8716
10.05. 04:00;25,9921
10.05. 05:00;29,5226
10.05. 06:00;31,9517
10.05. 07:00;42,4154
10.05. 08:00;68,575
10.05. 09:00;83,131
10.05. 10:00;84,25
10.05. 11:00;86,828
10.05. 12:00;80,779
10.05. 13:00;68,8
10.05. 14:00;64,984
10.05. 15:00;70,344
10.05. 16:00;71,938
10.05. 17:00;70,601
10.05. 18:00;56,705
10.05. 19:00;39,9471
10.05. 20:00;35,8363
10.05. 21:00;33,8891
10.05. 22:00;32,1287
10.05. 23:00;30,8503
11.05. 00:00;30,3585
11.05. 01:00;30,2503
11.05. 02:00;27,418100000000003
11.05. 03:00;26,7395
11.05. 04:00;27,664
11.05. 05:00;28,5392
11.05. 06:00;29,4243
11.05. 07:00;44,7262
11.05. 08:00;66,31299999999999
11.05. 09:00;73,669
11.05. 10:00;75,144
11.05. 11:00;76,727
11.05. 12:00;75,557
11.05. 13:00;66,383
11.05. 14:00;49,525999999999996
11.05. 15:00;37,3214
11.05. 16:00;31,0667
11.05. 17:00;31,410899999999998
11.05. 18:00;33,1024
11.05. 19:00;34,0858
11.05. 20:00;35,8559
11.05. 21:00;34,5873
11.05. 22:00;31,5977
11.05. 23:00;28,6671
12.05. 00:00;25,7659
12.05. 01:00;22,323900000000002
12.05. 02:00;19,2163
12.05. 03:00;17,5838
12.05. 04:00;17,1708
12.05. 05:00;17,8002
12.05. 06:00;17,8886
12.05. 07:00;19,6294
12.05. 08:00;20,9471
12.05. 09:00;23,9957
12.05. 10:00;27,1723
12.05. 11:00;30,2208
12.05. 12:00;32,561499999999995
12.05. 13:00;31,9813
12.05. 14:00;29,1981
12.05. 15:00;26,296999999999997
12.05. 16:00;24,399
12.05. 17:00;28,4998
12.05. 18:00;31,578
12.05. 19:00;33,0924
12.05. 20:00;34,734700000000004
12.05. 21:00;32,6697
12.05. 22:00;28,6571
12.05. 23:00;25,5594
13.05. 00:00;27,0149
13.05. 01:00;23,6024
13.05. 02:00;21,7536
13.05. 03:00;21,8716
13.05. 04:00;25,9921
13.05. 05:00;29,5226
13.05. 06:00;31,9517
13.05. 07:00;42,4154
13.05. 08:00;68,575
13.05. 09:00;83,131
13.05. 10:00;84,25
13.05. 11:00;86,828
13.05. 12:00;80,779
13.05. 13:00;68,8
13.05. 14:00;64,984
13.05. 15:00;70,344
13.05. 16:00;71,938
13.05. 17:00;70,601
13.05. 18:00;56,705
13.05. 19:00;39,9471
13.05. 20:00;35,8363
13.05. 21:00;33,8891
13.05. 22:00;32,1287
13.05. 23:00;30,8503
14.05. 00:00;27,0149
14.05. 01:00;23,6024
14.05. 02:00;21,7536
14.05. 03:00;21,8716
14.05. 04:00;25,9921
14.05. 05:00;29,5226
14.05. 06:00;31,9517
14.05. 07:00;42,4154
14.05. 08:00;68,575
14.05. 09:00;83,131
14.05. 10:00;84,25
14.05. 11:00;86,828
14.05. 12:00;80,779
14.05. 13:00;68,8
14.05. 14:00;64,984
14.05. 15:00;70,344
14.05. 16:00;71,938
14.05. 17:00;70,601
14.05. 18:00;56,705
14.05. 19:00;39,9471
14.05. 20:00;35,8363
14.05. 21:00;33,8891
14.05. 22:00;32,1287
14.05. 23:00;30,8503
15.05. 00:00;27,0149
15.05. 01:00;23,6024
15.05. 02:00;21,7536
15.05. 03:00;21,8716
15.05. 04:00;25,9921
15.05. 05:00;29,5226
15.05. 06:00;31,9517
15.05. 07:00;42,4154
15.05. 08:00;68,575
15.05. 09:00;83,131
15.05. 10:00;84,25
15.05. 11:00;86,828
15.05. 12:00;80,779
15.05. 13:00;68,8
15.05. 14:00;64,984
15.05. 15:00;70,344
15.05. 16:00;71,938
15.05. 17:00;70,601
15.05. 18:00;56,705
15.05. 19:00;39,9471
15.05. 20:00;35,8363
15.05. 21:00;33,8891
15.05. 22:00;32,1287
15.05. 23:00;30,8503
16.05. 00:00;27,0149
16.05. 01:00;23,6024
16.05. 02:00;21,7536
16.05. 03:00;21,8716
16.05. 04:00;25,9921
16.05. 05:00;29,5226
16.05. 06:00;31,9517
16.05. 07:00;42,4154
16.05. 08:00;68,575
16.05. 09:00;83,131
16.05. 10:00;84,25
16.05. 11:00;86,828
16.05. 12:00;80,779
16.05. 13:00;68,8
16.05. 14:00;64,984
16.05. 15:00;70,344
16.05. 16:00;71,938
16.05. 17:00;70,601
16.05. 18:00;56,705
16.05. 19:00;39,9471
16.05. 20:00;35,8363
16.05. 21:00;33,8891
16.05. 22:00;32,1287
16.05. 23:00;30,8503
17.05. 00:00;27,0149
17.05. 01:00;23,6024
17.05. 02:00;21,7536
17.05. 03:00;21,8716
17.05. 04:00;25,9921
17.05. 05:00;29,5226
17.05. 06:00;31,9517
17.05. 07:00;42,4154
17.05. 08:00;68,575
17.05. 09:00;83,131
17.05. 10:00;84,25
17.05. 11:00;86,828
17.05. 12:00;80,779
17.05. 13:00;68,8
17.05. 14:00;64,984
17.05. 15:00;70,344
17.05. 16:00;71,938
17.05. 17:00;70,601
17.05. 18:00;56,705
17.05. 19:00;39,9471
17.05. 20:00;35,8363
17.05. 21:00;33,8891
17.05. 22:00;32,1287
17.05. 23:00;30,8503
18.05. 00:00;30,3585
18.05. 01:00;30,2503
18.05. 02:00;27,418100000000003
18.05. 03:00;26,7395
18.05. 04:00;27,664
18.05. 05:00;28,5392
18.05. 06:00;29,4243
18.05. 07:00;44,7262
18.05. 08:00;66,31299999999999
18.05. 09:00;73,669
18.05. 10:00;75,144
18.05. 11:00;76,727
18.05. 12:00;75,557
18.05. 13:00;66,383
18.05. 14:00;49,525999999999996
18.05. 15:00;37,3214
18.05. 16:00;31,0667
18.05. 17:00;31,410899999999998
18.05. 18:00;33,1024
18.05. 19:00;34,0858
18.05. 20:00;35,8559
18.05. 21:00;34,5873
18.05. 22:00;31,5977
18.05. 23:00;28,6671
19.05. 00:00;25,7659
19.05. 01:00;22,323900000000002
19.05. 02:00;19,2163
19.05. 03:00;17,5838
19.05. 04:00;17,1708
19.05. 05:00;17,8002
19.05. 06:00;17,8886
19.05. 07:00;19,6294
19.05. 08:00;20,9471
19.05. 09:00;23,9957
19.05. 10:00;27,1723
19.05. 11:00;30,2208
19.05. 12:00;32,561499999999995
19.05. 13:00;31,9813
19.05. 14:00;29,1981
19.05. 15:00;26,296999999999997
19.05. 16:00;24,399
19.05. 17:00;28,4998
19.05. 18:00;31,578
19.05. 19:00;33,0924
19.05. 20:00;34,734700000000004
19.05. 21:00;32,6697
19.05. 22:00;28,6571
19.05. 23:00;25,5594
20.05. 00:00;27,0149
20.05. 01:00;23,6024
20.05. 02:00;21,7536
20.05. 03:00;21,8716
20.05. 04:00;25,9921
20.05. 05:00;29,5226
20.05. 06:00;31,9517
20.05. 07:00;42,4154
20.05. 08:00;68,575
20.05. 09:00;83,131
20.05. 10:00;84,25
20.05. 11:00;86,828
20.05. 12:00;80,779
20.05. 13:00;68,8
20.05. 14:00;64,984
20.05. 15:00;70,344
20.05. 16:00;71,938
20.05. 17:00;70,601
20.05. 18:00;56,705
20.05. 19:00;39,9471
20.05. 20:00;35,8363
20.05. 21:00;33,8891
20.05. 22:00;32,1287
20.05. 23:00;30,8503
21.05. 00:00;27,0149
21.05. 01:00;23,6024
21.05. 02:00;21,7536
21.05. 03:00;21,8716
21.05. 04:00;25,9921
21.05. 05:00;29,5226
21.05. 06:00;31,9517
21.05. 07:00;42,4154
21.05. 08:00;68,575
21.05. 09:00;83,131
21.05. 10:00;84,25
21.05. 11:00;86,828
21.05. 12:00;80,779
21.05. 13:00;68,8
21.05. 14:00;64,984
21.05. 15:00;70,344
21.05. 16:00;71,938
21.05. 17:00;70,601
21.05. 18:00;56,705
21.05. 19:00;39,9471
21.05. 20:00;35,8363
21.05. 21:00;33,8891
21.05. 22:00;32,1287
21.05. 23:00;30,8503
22.05. 00:00;27,0149
22.05. 01:00;23,6024
22.05. 02:00;21,7536
22.05. 03:00;21,8716
22.05. 04:00;25,9921
22.05. 05:00;29,5226
22.05. 06:00;31,9517
22.05. 07:00;42,4154
22.05. 08:00;68,575
22.05. 09:00;83,131
22.05. 10:00;84,25
22.05. 11:00;86,828
22.05. 12:00;80,779
22.05. 13:00;68,8
22.05. 14:00;64,984
22.05. 15:00;70,344
22.05. 16:00;71,938
22.05. 17:00;70,601
22.05. 18:00;56,705
22.05. 19:00;39,9471
22.05. 20:00;35,8363
22.05. 21:00;33,8891
22.05. 22:00;32,1287
22.05. 23:00;30,8503
23.05. 00:00;27,0149
23.05. 01:00;23,6024
23.05. 02:00;21,7536
23.05. 03:00;21,8716
23.05. 04:00;25,9921
23.05. 05:00;29,5226
23.05. 06:00;31,9517
23.05. 07:00;42,4154
23.05. 08:00;68,575
23.05. 09:00;83,131
23.05. 10:00;84,25
23.05. 11:00;86,828
23.05. 12:00;80,779
23.05. 13:00;68,8
23.05. 14:00;64,984
23.05. 15:00;70,344
23.05. 16:00;71,938
23.05. 17:00;70,601
23.05. 18:00;56,705
23.05. 19:00;39,9471
23.05. 20:00;35,8363
23.05. 21:00;33,8891
23.05. 22:00;32,1287
23.05. 23:00;30,8503
24.05. 00:00;27,0149
24.05. 01:00;23,6024
24.05. 02:00;21,7536
24.05. 03:00;21,8716
24.05. 04:00;25,9921
24.05. 05:00;29,5226
24.05. 06:00;31,9517
24.05. 07:00;42,4154
24.05. 08:00;68,575
24.05. 09:00;83,131
24.05. 10:00;84,25
24.05. 11:00;86,828
24.05. 12:00;80,779
24.05. 13:00;68,8
24.05. 14:00;64,984
24.05. 15:00;70,344
24.05. 16:00;71,938
24.05. 17:00;70,601
24.05. 18:00;56,705
24.05. 19:00;39,9471
24.05. 20:00;35,8363
24.05. 21:00;33,8891
24.05. 22:00;32,1287
24.05. 23:00;30,8503
25.05. 00:00;30,3585
25.05. 01:00;30,2503
25.05. 02:00;27,418100000000003
25.05. 03:00;26,7395
25.05. 04:00;27,664
25.05. 05:00;28,5392
25.05. 06:00;29,4243
25.05. 07:00;44,7262
25.05. 08:00;66,31299999999999
25.05. 09:00;73,669
25.05. 10:00;75,144
25.05. 11:00;76,727
25.05. 12:00;75,557
25.05. 13:00;66,383
25.05. 14:00;49,525999999999996
25.05. 15:00;37,3214
25.05. 16:00;31,0667
25.05. 17:00;31,410899999999998
25.05. 18:00;33,1024
25.05. 19:00;34,0858
25.05. 20:00;35,8559
25.05. 21:00;34,5873
25.05. 22:00;31,5977
25.05. 23:00;28,6671
26.05. 00:00;25,7659
26.05. 01:00;22,323900000000002
26.05. 02:00;19,2163
26.05. 03:00;17,5838
26.05. 04:00;17,1708
26.05. 05:00;17,8002
26.05. 06:00;17,8886
26.05. 07:00;19,6294
26.05. 08:00;20,9471
26.05. 09:00;23,9957
26.05. 10:00;27,1723
26.05. 11:00;30,2208
26.05. 12:00;32,561499999999995
26.05. 13:00;31,9813
26.05. 14:00;29,1981
26.05. 15:00;26,296999999999997
26.05. 16:00;24,399
26.05. 17:00;28,4998
26.05. 18:00;31,578
26.05. 19:00;33,0924
26.05. 20:00;34,734700000000004
26.05. 21:00;32,6697
26.05. 22:00;28,6571
26.05. 23:00;25,5594
27.05. 00:00;27,0149
27.05. 01:00;23,6024
27.05. 02:00;21,7536
27.05. 03:00;21,8716
27.05. 04:00;25,9921
27.05. 05:00;29,5226
27.05. 06:00;31,9517
27.05. 07:00;42,4154
27.05. 08:00;68,575
27.05. 09:00;83,131
27.05. 10:00;84,25
27.05. 11:00;86,828
27.05. 12:00;80,779
27.05. 13:00;68,8
27.05. 14:00;64,984
27.05. 15:00;70,344
27.05. 16:00;71,938
27.05. 17:00;70,601
27.05. 18:00;56,705
27.05. 19:00;39,9471
27.05. 20:00;35,8363
27.05. 21:00;33,8891
27.05. 22:00;32,1287
27.05. 23:00;30,8503
28.05. 00:00;27,0149
28.05. 01:00;23,6024
28.05. 02:00;21,7536
28.05. 03:00;21,8716
28.05. 04:00;25,9921
28.05. 05:00;29,5226
28.05. 06:00;31,9517
28.05. 07:00;42,4154
28.05. 08:00;68,575
28.05. 09:00;83,131
28.05. 10:00;84,25
28.05. 11:00;86,828
28.05. 12:00;80,779
28.05. 13:00;68,8
28.05. 14:00;64,984
28.05. 15:00;70,344
28.05. 16:00;71,938
28.05. 17:00;70,601
28.05. 18:00;56,705
28.05. 19:00;39,9471
28.05. 20:00;35,8363
28.05. 21:00;33,8891
28.05. 22:00;32,1287
28.05. 23:00;30,8503
29.05. 00:00;27,0149
29.05. 01:00;23,6024
29.05. 02:00;21,7536
29.05. 03:00;21,8716
29.05. 04:00;25,9921
29.05. 05:00;29,5226
29.05. 06:00;31,9517
29.05. 07:00;42,4154
29.05. 08:00;68,575
29.05. 09:00;83,131
29.05. 10:00;84,25
29.05. 11:00;86,828
29.05. 12:00;80,779
29.05. 13:00;68,8
29.05. 14:00;64,984
29.05. 15:00;70,344
29.05. 16:00;71,938
29.05. 17:00;70,601
29.05. 18:00;56,705
29.05. 19:00;39,9471
29.05. 20:00;35,8363
29.05. 21:00;33,8891
29.05. 22:00;32,1287
29.05. 23:00;30,8503
30.05. 00:00;27,0149
30.05. 01:00;23,6024
30.05. 02:00;21,7536
30.05. 03:00;21,8716
30.05. 04:00;25,9921
30.05. 05:00;29,5226
30.05. 06:00;31,9517
30.05. 07:00;42,4154
30.05. 08:00;68,575
30.05. 09:00;83,131
30.05. 10:00;84,25
30.05. 11:00;86,828
30.05. 12:00;80,779
30.05. 13:00;68,8
30.05. 14:00;64,984
30.05. 15:00;70,344
30.05. 16:00;71,938
30.05. 17:00;70,601
30.05. 18:00;56,705
30.05. 19:00;39,9471
30.05. 20:00;35,8363
30.05. 21:00;33,8891
30.05. 22:00;32,1287
30.05. 23:00;30,8503
31.05. 00:00;27,0149
31.05. 01:00;23,6024
31.05. 02:00;21,7536
31.05. 03:00;21,8716
31.05. 04:00;25,9921
31.05. 05:00;29,5226
31.05. 06:00;31,9517
31.05. 07:00;42,4154
31.05. 08:00;68,575
31.05. 09:00;83,131
31.05. 10:00;84,25
31.05. 11:00;86,828
31.05. 12:00;80,779
31.05. 13:00;68,8
31.05. 14:00;64,984
31.05. 15:00;70,344
31.05. 16:00;71,938
31.05. 17:00;70,601
31.05. 18:00;56,705
31.05. 19:00;39,9471
31.05. 20:00;35,8363
31.05. 21:00;33,8891
31.05. 22:00;32,1287
31.05. 23:00;30,8503
01.06. 00:00;30,3585
01.06. 01:00;30,2503
01.06. 02:00;27,418100000000003
01.06. 03:00;26,7395
01.06. 04:00;27,664
01.06. 05:00;28,5392
01.06. 06:00;29,4243
01.06. 07:00;44,7262
01.06. 08:00;66,31299999999999
01.06. 09:00;73,669
01.06. 10:00;75,144
01.06. 11:00;76,727
01.06. 12:00;75,557
01.06. 13:00;66,383
01.06. 14:00;49,525999999999996
01.06. 15:00;37,3214
01.06. 16:00;31,0667
01.06. 17:00;31,410899999999998
01.06. 18:00;33,1024
01.06. 19:00;34,0858
01.06. 20:00;35,8559
01.06. 21:00;34,5873
01.06. 22:00;31,5977
01.06. 23:00;28,6671
02.06. 00:00;25,7659
02.06. 01:00;22,323900000000002
02.06. 02:00;19,2163
02.06. 03:00;17,5838
02.06. 04:00;17,1708
02.06. 05:00;17,8002
02.06. 06:00;17,8886
02.06. 07:00;19,6294
02.06. 08:00;20,9471
02.06. 09:00;23,9957
02.06. 10:00;27,1723
02.06. 11:00;30,2208
02.06. 12:00;32,561499999999995
02.06. 13:00;31,9813
02.06. 14:00;29,1981
02.06. 15:00;26,296999999999997
02.06. 16:00;24,399
02.06. 17:00;28,4998
02.06. 18:00;31,578
02.06. 19:00;33,0924
02.06. 20:00;34,734700000000004
02.06. 21:00;32,6697
02.06. 22:00;28,6571
02.06. 23:00;25,5594
03.06. 00:00;27,0149
03.06. 01:00;23,6024
03.06. 02:00;21,7536
03.06. 03:00;21,8716
03.06. 04:00;25,9921
03.06. 05:00;29,5226
03.06. 06:00;31,9517
03.06. 07:00;42,4154
03.06. 08:00;68,575
03.06. 09:00;83,131
03.06. 10:00;84,25
03.06. 11:00;86,828
03.06. 12:00;80,779
03.06. 13:00;68,8
03.06. 14:00;64,984
03.06. 15:00;70,344
03.06. 16:00;71,938
03.06. 17:00;70,601
03.06. 18:00;56,705
03.06. 19:00;39,9471
03.06. 20:00;35,8363
03.06. 21:00;33,8891
03.06. 22:00;32,1287
03.06. 23:00;30,8503
04.06. 00:00;27,0149
04.06. 01:00;23,6024
04.06. 02:00;21,7536
04.06. 03:00;21,8716
04.06. 04:00;25,9921
04.06. 05:00;29,5226
04.06. 06:00;31,9517
04.06. 07:00;42,4154
04.06. 08:00;68,575
04.06. 09:00;83,131
04.06. 10:00;84,25
04.06. 11:00;86,828
04.06. 12:00;80,779
04.06. 13:00;68,8
04.06. 14:00;64,984
04.06. 15:00;70,344
04.06. 16:00;71,938
04.06. 17:00;70,601
04.06. 18:00;56,705
04.06. 19:00;39,9471
04.06. 20:00;35,8363
04.06. 21:00;33,8891
04.06. 22:00;32,1287
04.06. 23:00;30,8503
05.06. 00:00;27,0149
05.06. 01:00;23,6024
05.06. 02:00;21,7536
05.06. 03:00;21,8716
05.06. 04:00;25,9921
05.06. 05:00;29,5226
05.06. 06:00;31,9517
05.06. 07:00;42,4154
05.06. 08:00;68,575
05.06. 09:00;83,131
05.06. 10:00;84,25
05.06. 11:00;86,828
05.06. 12:00;80,779
05.06. 13:00;68,8
05.06. 14:00;64,984
05.06. 15:00;70,344
05.06. 16:00;71,938
05.06. 17:00;70,601
05.06. 18:00;56,705
05.06. 19:00;39,9471
05.06. 20:00;35,8363
05.06. 21:00;33,8891
05.06. 22:00;32,1287
05.06. 23:00;30,8503
06.06. 00:00;27,0149
06.06. 01:00;23,6024
06.06. 02:00;21,7536
06.06. 03:00;21,8716
06.06. 04:00;25,9921
06.06. 05:00;29,5226
06.06. 06:00;31,9517
06.06. 07:00;42,4154
06.06. 08:00;68,575
06.06. 09:00;83,131
06.06. 10:00;84,25
06.06. 11:00;86,828
06.06. 12:00;80,779
06.06. 13:00;68,8
06.06. 14:00;64,984
06.06. 15:00;70,344
06.06. 16:00;71,938
06.06. 17:00;70,601
06.06. 18:00;56,705
06.06. 19:00;39,9471
06.06. 20:00;35,8363
06.06. 21:00;33,8891
06.06. 22:00;32,1287
06.06. 23:00;30,8503
07.06. 00:00;27,0149
07.06. 01:00;23,6024
07.06. 02:00;21,7536
07.06. 03:00;21,8716
07.06. 04:00;25,9921
07.06. 05:00;29,5226
07.06. 06:00;31,9517
07.06. 07:00;42,4154
07.06. 08:00;68,575
07.06. 09:00;83,131
07.06. 10:00;84,25
07.06. 11:00;86,828
07.06. 12:00;80,779
07.06. 13:00;68,8
07.06. 14:00;64,984
07.06. 15:00;70,344
07.06. 16:00;71,938
07.06. 17:00;70,601
07.06. 18:00;56,705
07.06. 19:00;39,9471
07.06. 20:00;35,8363
07.06. 21:00;33,8891
07.06. 22:00;32,1287
07.06. 23:00;30,8503
08.06. 00:00;30,3585
08.06. 01:00;30,2503
08.06. 02:00;27,418100000000003
08.06. 03:00;26,7395
08.06. 04:00;27,664
08.06. 05:00;28,5392
08.06. 06:00;29,4243
08.06. 07:00;44,7262
08.06. 08:00;66,31299999999999
08.06. 09:00;73,669
08.06. 10:00;75,144
08.06. 11:00;76,727
08.06. 12:00;75,557
08.06. 13:00;66,383
08.06. 14:00;49,525999999999996
08.06. 15:00;37,3214
08.06. 16:00;31,0667
08.06. 17:00;31,410899999999998
08.06. 18:00;33,1024
08.06. 19:00;34,0858
08.06. 20:00;35,8559
08.06. 21:00;34,5873
08.06. 22:00;31,5977
08.06. 23:00;28,6671
09.06. 00:00;25,7659
09.06. 01:00;22,323900000000002
09.06. 02:00;19,2163
09.06. 03:00;17,5838
09.06. 04:00;17,1708
09.06. 05:00;17,8002
09.06. 06:00;17,8886
09.06. 07:00;19,6294
09.06. 08:00;20,9471
09.06. 09:00;23,9957
09.06. 10:00;27,1723
09.06. 11:00;30,2208
09.06. 12:00;32,561499999999995
09.06. 13:00;31,9813
09.06. 14:00;29,1981
09.06. 15:00;26,296999999999997
09.06. 16:00;24,399
09.06. 17:00;28,4998
09.06. 18:00;31,578
09.06. 19:00;33,0924
09.06. 20:00;34,734700000000004
09.06. 21:00;32,6697
09.06. 22:00;28,6571
09.06. 23:00;25,5594
10.06. 00:00;27,0149
10.06. 01:00;23,6024
10.06. 02:00;21,7536
10.06. 03:00;21,8716
10.06. 04:00;25,9921
10.06. 05:00;29,5226
10.06. 06:00;31,9517
10.06. 07:00;42,4154
10.06. 08:00;68,575
10.06. 09:00;83,131
10.06. 10:00;84,25
10.06. 11:00;86,828
10.06. 12:00;80,779
10.06. 13:00;68,8
10.06. 14:00;64,984
10.06. 15:00;70,344
10.06. 16:00;71,938
10.06. 17:00;70,601
10.06. 18:00;56,705
10.06. 19:00;39,9471
10.06. 20:00;35,8363
10.06. 21:00;33,8891
10.06. 22:00;32,1287
10.06. 23:00;30,8503
11.06. 00:00;27,0149
11.06. 01:00;23,6024
11.06. 02:00;21,7536
11.06. 03:00;21,8716
11.06. 04:00;25,9921
11.06. 05:00;29,5226
11.06. 06:00;31,9517
11.06. 07:00;42,4154
11.06. 08:00;68,575
11.06. 09:00;83,131
11.06. 10:00;84,25
11.06. 11:00;86,828
11.06. 12:00;80,779
11.06. 13:00;68,8
11.06. 14:00;64,984
11.06. 15:00;70,344
11.06. 16:00;71,938
11.06. 17:00;70,601
11.06. 18:00;56,705
11.06. 19:00;39,9471
11.06. 20:00;35,8363
11.06. 21:00;33,8891
11.06. 22:00;32,1287
11.06. 23:00;30,8503
12.06. 00:00;27,0149
12.06. 01:00;23,6024
12.06. 02:00;21,7536
12.06. 03:00;21,8716
12.06. 04:00;25,9921
12.06. 05:00;29,5226
12.06. 06:00;31,9517
12.06. 07:00;42,4154
12.06. 08:00;68,575
12.06. 09:00;83,131
12.06. 10:00;84,25
12.06. 11:00;86,828
12.06. 12:00;80,779
12.06. 13:00;68,8
12.06. 14:00;64,984
12.06. 15:00;70,344
12.06. 16:00;71,938
12.06. 17:00;70,601
12.06. 18:00;56,705
12.06. 19:00;39,9471
12.06. 20:00;35,8363
12.06. 21:00;33,8891
12.06. 22:00;32,1287
12.06. 23:00;30,8503
13.06. 00:00;27,0149
13.06. 01:00;23,6024
13.06. 02:00;21,7536
13.06. 03:00;21,8716
13.06. 04:00;25,9921
13.06. 05:00;29,5226
13.06. 06:00;31,9517
13.06. 07:00;42,4154
13.06. 08:00;68,575
13.06. 09:00;83,131
13.06. 10:00;84,25
13.06. 11:00;86,828
13.06. 12:00;80,779
13.06. 13:00;68,8
13.06. 14:00;64,984
13.06. 15:00;70,344
13.06. 16:00;71,938
13.06. 17:00;70,601
13.06. 18:00;56,705
13.06. 19:00;39,9471
13.06. 20:00;35,8363
13.06. 21:00;33,8891
13.06. 22:00;32,1287
13.06. 23:00;30,8503
14.06. 00:00;27,0149
14.06. 01:00;23,6024
14.06. 02:00;21,7536
14.06. 03:00;21,8716
14.06. 04:00;25,9921
14.06. 05:00;29,5226
14.06. 06:00;31,9517
14.06. 07:00;42,4154
14.06. 08:00;68,575
14.06. 09:00;83,131
14.06. 10:00;84,25
14.06. 11:00;86,828
14.06. 12:00;80,779
14.06. 13:00;68,8
14.06. 14:00;64,984
14.06. 15:00;70,344
14.06. 16:00;71,938
14.06. 17:00;70,601
14.06. 18:00;56,705
14.06. 19:00;39,9471
14.06. 20:00;35,8363
14.06. 21:00;33,8891
14.06. 22:00;32,1287
14.06. 23:00;30,8503
15.06. 00:00;30,3585
15.06. 01:00;30,2503
15.06. 02:00;27,418100000000003
15.06. 03:00;26,7395
15.06. 04:00;27,664
15.06. 05:00;28,5392
15.06. 06:00;29,4243
15.06. 07:00;44,7262
15.06. 08:00;66,31299999999999
15.06. 09:00;73,669
15.06. 10:00;75,144
15.06. 11:00;76,727
15.06. 12:00;75,557
15.06. 13:00;66,383
15.06. 14:00;49,525999999999996
15.06. 15:00;37,3214
15.06. 16:00;31,0667
15.06. 17:00;31,410899999999998
15.06. 18:00;33,1024
15.06. 19:00;34,0858
15.06. 20:00;35,8559
15.06. 21:00;34,5873
15.06. 22:00;31,5977
15.06. 23:00;28,6671
16.06. 00:00;25,7659
16.06. 01:00;22,323900000000002
16.06. 02:00;19,2163
16.06. 03:00;17,5838
16.06. 04:00;17,1708
16.06. 05:00;17,8002
16.06. 06:00;17,8886
16.06. 07:00;19,6294
16.06. 08:00;20,9471
16.06. 09:00;23,9957
16.06. 10:00;27,1723
16.06. 11:00;30,2208
16.06. 12:00;32,561499999999995
16.06. 13:00;31,9813
16.06. 14:00;29,1981
16.06. 15:00;26,296999999999997
16.06. 16:00;24,399
16.06. 17:00;28,4998
16.06. 18:00;31,578
16.06. 19:00;33,0924
16.06. 20:00;34,734700000000004
16.06. 21:00;32,6697
16.06. 22:00;28,6571
16.06. 23:00;25,5594
17.06. 00:00;27,0149
17.06. 01:00;23,6024
17.06. 02:00;21,7536
17.06. 03:00;21,8716
17.06. 04:00;25,9921
17.06. 05:00;29,5226
17.06. 06:00;31,9517
17.06. 07:00;42,4154
17.06. 08:00;68,575
17.06. 09:00;83,131
17.06. 10:00;84,25
17.06. 11:00;86,828
17.06. 12:00;80,779
17.06. 13:00;68,8
17.06. 14:00;64,984
17.06. 15:00;70,344
17.06. 16:00;71,938
17.06. 17:00;70,601
17.06. 18:00;56,705
17.06. 19:00;39,9471
17.06. 20:00;35,8363
17.06. 21:00;33,8891
17.06. 22:00;32,1287
17.06. 23:00;30,8503
18.06. 00:00;27,0149
18.06. 01:00;23,6024
18.06. 02:00;21,7536
18.06. 03:00;21,8716
18.06. 04:00;25,9921
18.06. 05:00;29,5226
18.06. 06:00;31,9517
18.06. 07:00;42,4154
18.06. 08:00;68,575
18.06. 09:00;83,131
18.06. 10:00;84,25
18.06. 11:00;86,828
18.06. 12:00;80,779
18.06. 13:00;68,8
18.06. 14:00;64,984
18.06. 15:00;70,344
18.06. 16:00;71,938
18.06. 17:00;70,601
18.06. 18:00;56,705
18.06. 19:00;39,9471
18.06. 20:00;35,8363
18.06. 21:00;33,8891
18.06. 22:00;32,1287
18.06. 23:00;30,8503
19.06. 00:00;27,0149
19.06. 01:00;23,6024
19.06. 02:00;21,7536
19.06. 03:00;21,8716
19.06. 04:00;25,9921
19.06. 05:00;29,5226
19.06. 06:00;31,9517
19.06. 07:00;42,4154
19.06. 08:00;68,575
19.06. 09:00;83,131
19.06. 10:00;84,25
19.06. 11:00;86,828
19.06. 12:00;80,779
19.06. 13:00;68,8
19.06. 14:00;64,984
19.06. 15:00;70,344
19.06. 16:00;71,938
19.06. 17:00;70,601
19.06. 18:00;56,705
19.06. 19:00;39,9471
19.06. 20:00;35,8363
19.06. 21:00;33,8891
19.06. 22:00;32,1287
19.06. 23:00;30,8503
20.06. 00:00;27,0149
20.06. 01:00;23,6024
20.06. 02:00;21,7536
20.06. 03:00;21,8716
20.06. 04:00;25,9921
20.06. 05:00;29,5226
20.06. 06:00;31,9517
20.06. 07:00;42,4154
20.06. 08:00;68,575
20.06. 09:00;83,131
20.06. 10:00;84,25
20.06. 11:00;86,828
20.06. 12:00;80,779
20.06. 13:00;68,8
20.06. 14:00;64,984
20.06. 15:00;70,344
20.06. 16:00;71,938
20.06. 17:00;70,601
20.06. 18:00;56,705
20.06. 19:00;39,9471
20.06. 20:00;35,8363
20.06. 21:00;33,8891
20.06. 22:00;32,1287
20.06. 23:00;30,8503
21.06. 00:00;26,5822
21.06. 01:00;22,7369
21.06. 02:00;21,1044
21.06. 03:00;21,291400000000003
21.06. 04:00;25,5693
21.06. 05:00;28,0475
21.06. 06:00;29,5915
21.06. 07:00;40,1729
21.06. 08:00;64,356
21.06. 09:00;78,036
21.06. 10:00;79,825
21.06. 11:00;82,088
21.06. 12:00;77,278
21.06. 13:00;67,444
21.06. 14:00;64,916
21.06. 15:00;69,017
21.06. 16:00;69,22399999999999
21.06. 17:00;66,991
21.06. 18:00;54,925
21.06. 19:00;38,61
21.06. 20:00;34,9807
21.06. 21:00;34,3317
21.06. 22:00;31,7945
21.06. 23:00;30,0045
22.06. 00:00;30,1914
22.06. 01:00;29,5226
22.06. 02:00;26,9755
22.06. 03:00;26,3265
22.06. 04:00;27,3394
22.06. 05:00;28,5097
22.06. 06:00;30,2013
22.06. 07:00;44,6964
22.06. 08:00;63,245000000000005
22.06. 09:00;69,233
22.06. 10:00;70,956
22.06. 11:00;72,763
22.06. 12:00;70,994
22.06. 13:00;62,212
22.06. 14:00;46,358999999999995
22.06. 15:00;34,9807
22.06. 16:00;30,3586
22.06. 17:00;29,6406
22.06. 18:00;30,9388
22.06. 19:00;31,3519
22.06. 20:00;33,2793
22.06. 21:00;33,5744
22.06. 22:00;30,8503
22.06. 23:00;28,3426
23.06. 00:00;26,1003
23.06. 01:00;22,3829
23.06. 02:00;20,1504
23.06. 03:00;18,911299999999997
23.06. 04:00;18,311500000000002
23.06. 05:00;18,164
23.06. 06:00;18,488599999999998
23.06. 07:00;20,8979
23.06. 08:00;21,1635
23.06. 09:00;23,061500000000002
23.06. 10:00;26,1199
23.06. 11:00;28,4211
23.06. 12:00;30,4175
23.06. 13:00;31,1158
23.06. 14:00;28,726
23.06. 15:00;25,2152
23.06. 16:00;23,6515
23.06. 17:00;26,5626
23.06. 18:00;29,6604
23.06. 19:00;30,9879
23.06. 20:00;32,6894
23.06. 21:00;32,1583
23.06. 22:00;29,2375
23.06. 23:00;25,8741
24.06. 00:00;26,5822
24.06. 01:00;22,7369
24.06. 02:00;21,1044
24.06. 03:00;21,291400000000003
24.06. 04:00;25,5693
24.06. 05:00;28,0475
24.06. 06:00;29,5915
24.06. 07:00;40,1729
24.06. 08:00;64,356
24.06. 09:00;78,036
24.06. 10:00;79,825
24.06. 11:00;82,088
24.06. 12:00;77,278
24.06. 13:00;67,444
24.06. 14:00;64,916
24.06. 15:00;69,017
24.06. 16:00;69,22399999999999
24.06. 17:00;66,991
24.06. 18:00;54,925
24.06. 19:00;38,61
24.06. 20:00;34,9807
24.06. 21:00;34,3317
24.06. 22:00;31,7945
24.06. 23:00;30,0045
25.06. 00:00;26,5822
25.06. 01:00;22,7369
25.06. 02:00;21,1044
25.06. 03:00;21,291400000000003
25.06. 04:00;25,5693
25.06. 05:00;28,0475
25.06. 06:00;29,5915
25.06. 07:00;40,1729
25.06. 08:00;64,356
25.06. 09:00;78,036
25.06. 10:00;79,825
25.06. 11:00;82,088
25.06. 12:00;77,278
25.06. 13:00;67,444
25.06. 14:00;64,916
25.06. 15:00;69,017
25.06. 16:00;69,22399999999999
25.06. 17:00;66,991
25.06. 18:00;54,925
25.06. 19:00;38,61
25.06. 20:00;34,9807
25.06. 21:00;34,3317
25.06. 22:00;31,7945
25.06. 23:00;30,0045
26.06. 00:00;26,5822
26.06. 01:00;22,7369
26.06. 02:00;21,1044
26.06. 03:00;21,291400000000003
26.06. 04:00;25,5693
26.06. 05:00;28,0475
26.06. 06:00;29,5915
26.06. 07:00;40,1729
26.06. 08:00;64,356
26.06. 09:00;78,036
26.06. 10:00;79,825
26.06. 11:00;82,088
26.06. 12:00;77,278
26.06. 13:00;67,444
26.06. 14:00;64,916
26.06. 15:00;69,017
26.06. 16:00;69,22399999999999
26.06. 17:00;66,991
26.06. 18:00;54,925
26.06. 19:00;38,61
26.06. 20:00;34,9807
26.06. 21:00;34,3317
26.06. 22:00;31,7945
26.06. 23:00;30,0045
27.06. 00:00;26,5822
27.06. 01:00;22,7369
27.06. 02:00;21,1044
27.06. 03:00;21,291400000000003
27.06. 04:00;25,5693
27.06. 05:00;28,0475
27.06. 06:00;29,5915
27.06. 07:00;40,1729
27.06. 08:00;64,356
27.06. 09:00;78,036
27.06. 10:00;79,825
27.06. 11:00;82,088
27.06. 12:00;77,278
27.06. 13:00;67,444
27.06. 14:00;64,916
27.06. 15:00;69,017
27.06. 16:00;69,22399999999999
27.06. 17:00;66,991
27.06. 18:00;54,925
27.06. 19:00;38,61
27.06. 20:00;34,9807
27.06. 21:00;34,3317
27.06. 22:00;31,7945
27.06. 23:00;30,0045
28.06. 00:00;26,5822
28.06. 01:00;22,7369
28.06. 02:00;21,1044
28.06. 03:00;21,291400000000003
28.06. 04:00;25,5693
28.06. 05:00;28,0475
28.06. 06:00;29,5915
28.06. 07:00;40,1729
28.06. 08:00;64,356
28.06. 09:00;78,036
28.06. 10:00;79,825
28.06. 11:00;82,088
28.06. 12:00;77,278
28.06. 13:00;67,444
28.06. 14:00;64,916
28.06. 15:00;69,017
28.06. 16:00;69,22399999999999
28.06. 17:00;66,991
28.06. 18:00;54,925
28.06. 19:00;38,61
28.06. 20:00;34,9807
28.06. 21:00;34,3317
28.06. 22:00;31,7945
28.06. 23:00;30,0045
29.06. 00:00;30,1914
29.06. 01:00;29,5226
29.06. 02:00;26,9755
29.06. 03:00;26,3265
29.06. 04:00;27,3394
29.06. 05:00;28,5097
29.06. 06:00;30,2013
29.06. 07:00;44,6964
29.06. 08:00;63,245000000000005
29.06. 09:00;69,233
29.06. 10:00;70,956
29.06. 11:00;72,763
29.06. 12:00;70,994
29.06. 13:00;62,212
29.06. 14:00;46,358999999999995
29.06. 15:00;34,9807
29.06. 16:00;30,3586
29.06. 17:00;29,6406
29.06. 18:00;30,9388
29.06. 19:00;31,3519
29.06. 20:00;33,2793
29.06. 21:00;33,5744
29.06. 22:00;30,8503
29.06. 23:00;28,3426
30.06. 00:00;26,1003
30.06. 01:00;22,3829
30.06. 02:00;20,1504
30.06. 03:00;18,911299999999997
30.06. 04:00;18,311500000000002
30.06. 05:00;18,164
30.06. 06:00;18,488599999999998
30.06. 07:00;20,8979
30.06. 08:00;21,1635
30.06. 09:00;23,061500000000002
30.06. 10:00;26,1199
30.06. 11:00;28,4211
30.06. 12:00;30,4175
30.06. 13:00;31,1158
30.06. 14:00;28,726
30.06. 15:00;25,2152
30.06. 16:00;23,6515
30.06. 17:00;26,5626
30.06. 18:00;29,6604
30.06. 19:00;30,9879
30.06. 20:00;32,6894
30.06. 21:00;32,1583
30.06. 22:00;29,2375
30.06. 23:00;25,8741
01.07. 00:00;26,5822
01.07. 01:00;22,7369
01.07. 02:00;21,1044
01.07. 03:00;21,291400000000003
01.07. 04:00;25,5693
01.07. 05:00;28,0475
01.07. 06:00;29,5915
01.07. 07:00;40,1729
01.07. 08:00;64,356
01.07. 09:00;78,036
01.07. 10:00;79,825
01.07. 11:00;82,088
01.07. 12:00;77,278
01.07. 13:00;67,444
01.07. 14:00;64,916
01.07. 15:00;69,017
01.07. 16:00;69,22399999999999
01.07. 17:00;66,991
01.07. 18:00;54,925
01.07. 19:00;38,61
01.07. 20:00;34,9807
01.07. 21:00;34,3317
01.07. 22:00;31,7945
01.07. 23:00;30,0045
02.07. 00:00;26,5822
02.07. 01:00;22,7369
02.07. 02:00;21,1044
02.07. 03:00;21,291400000000003
02.07. 04:00;25,5693
02.07. 05:00;28,0475
02.07. 06:00;29,5915
02.07. 07:00;40,1729
02.07. 08:00;64,356
02.07. 09:00;78,036
02.07. 10:00;79,825
02.07. 11:00;82,088
02.07. 12:00;77,278
02.07. 13:00;67,444
02.07. 14:00;64,916
02.07. 15:00;69,017
02.07. 16:00;69,22399999999999
02.07. 17:00;66,991
02.07. 18:00;54,925
02.07. 19:00;38,61
02.07. 20:00;34,9807
02.07. 21:00;34,3317
02.07. 22:00;31,7945
02.07. 23:00;30,0045
03.07. 00:00;26,5822
03.07. 01:00;22,7369
03.07. 02:00;21,1044
03.07. 03:00;21,291400000000003
03.07. 04:00;25,5693
03.07. 05:00;28,0475
03.07. 06:00;29,5915
03.07. 07:00;40,1729
03.07. 08:00;64,356
03.07. 09:00;78,036
03.07. 10:00;79,825
03.07. 11:00;82,088
03.07. 12:00;77,278
03.07. 13:00;67,444
03.07. 14:00;64,916
03.07. 15:00;69,017
03.07. 16:00;69,22399999999999
03.07. 17:00;66,991
03.07. 18:00;54,925
03.07. 19:00;38,61
03.07. 20:00;34,9807
03.07. 21:00;34,3317
03.07. 22:00;31,7945
03.07. 23:00;30,0045
04.07. 00:00;26,5822
04.07. 01:00;22,7369
04.07. 02:00;21,1044
04.07. 03:00;21,291400000000003
04.07. 04:00;25,5693
04.07. 05:00;28,0475
04.07. 06:00;29,5915
04.07. 07:00;40,1729
04.07. 08:00;64,356
04.07. 09:00;78,036
04.07. 10:00;79,825
04.07. 11:00;82,088
04.07. 12:00;77,278
04.07. 13:00;67,444
04.07. 14:00;64,916
04.07. 15:00;69,017
04.07. 16:00;69,22399999999999
04.07. 17:00;66,991
04.07. 18:00;54,925
04.07. 19:00;38,61
04.07. 20:00;34,9807
04.07. 21:00;34,3317
04.07. 22:00;31,7945
04.07. 23:00;30,0045
05.07. 00:00;26,5822
05.07. 01:00;22,7369
05.07. 02:00;21,1044
05.07. 03:00;21,291400000000003
05.07. 04:00;25,5693
05.07. 05:00;28,0475
05.07. 06:00;29,5915
05.07. 07:00;40,1729
05.07. 08:00;64,356
05.07. 09:00;78,036
05.07. 10:00;79,825
05.07. 11:00;82,088
05.07. 12:00;77,278
05.07. 13:00;67,444
05.07. 14:00;64,916
05.07. 15:00;69,017
05.07. 16:00;69,22399999999999
05.07. 17:00;66,991
05.07. 18:00;54,925
05.07. 19:00;38,61
05.07. 20:00;34,9807
05.07. 21:00;34,3317
05.07. 22:00;31,7945
05.07. 23:00;30,0045
06.07. 00:00;30,1914
06.07. 01:00;29,5226
06.07. 02:00;26,9755
06.07. 03:00;26,3265
06.07. 04:00;27,3394
06.07. 05:00;28,5097
06.07. 06:00;30,2013
06.07. 07:00;44,6964
06.07. 08:00;63,245000000000005
06.07. 09:00;69,233
06.07. 10:00;70,956
06.07. 11:00;72,763
06.07. 12:00;70,994
06.07. 13:00;62,212
06.07. 14:00;46,358999999999995
06.07. 15:00;34,9807
06.07. 16:00;30,3586
06.07. 17:00;29,6406
06.07. 18:00;30,9388
06.07. 19:00;31,3519
06.07. 20:00;33,2793
06.07. 21:00;33,5744
06.07. 22:00;30,8503
06.07. 23:00;28,3426
07.07. 00:00;26,1003
07.07. 01:00;22,3829
07.07. 02:00;20,1504
07.07. 03:00;18,911299999999997
07.07. 04:00;18,311500000000002
07.07. 05:00;18,164
07.07. 06:00;18,488599999999998
07.07. 07:00;20,8979
07.07. 08:00;21,1635
07.07. 09:00;23,061500000000002
07.07. 10:00;26,1199
07.07. 11:00;28,4211
07.07. 12:00;30,4175
07.07. 13:00;31,1158
07.07. 14:00;28,726
07.07. 15:00;25,2152
07.07. 16:00;23,6515
07.07. 17:00;26,5626
07.07. 18:00;29,6604
07.07. 19:00;30,9879
07.07. 20:00;32,6894
07.07. 21:00;32,1583
07.07. 22:00;29,2375
07.07. 23:00;25,8741
08.07. 00:00;26,5822
08.07. 01:00;22,7369
08.07. 02:00;21,1044
08.07. 03:00;21,291400000000003
08.07. 04:00;25,5693
08.07. 05:00;28,0475
08.07. 06:00;29,5915
08.07. 07:00;40,1729
08.07. 08:00;64,356
08.07. 09:00;78,036
08.07. 10:00;79,825
08.07. 11:00;82,088
08.07. 12:00;77,278
08.07. 13:00;67,444
08.07. 14:00;64,916
08.07. 15:00;69,017
08.07. 16:00;69,22399999999999
08.07. 17:00;66,991
08.07. 18:00;54,925
08.07. 19:00;38,61
08.07. 20:00;34,9807
08.07. 21:00;34,3317
08.07. 22:00;31,7945
08.07. 23:00;30,0045
09.07. 00:00;26,5822
09.07. 01:00;22,7369
09.07. 02:00;21,1044
09.07. 03:00;21,291400000000003
09.07. 04:00;25,5693
09.07. 05:00;28,0475
09.07. 06:00;29,5915
09.07. 07:00;40,1729
09.07. 08:00;64,356
09.07. 09:00;78,036
09.07. 10:00;79,825
09.07. 11:00;82,088
09.07. 12:00;77,278
09.07. 13:00;67,444
09.07. 14:00;64,916
09.07. 15:00;69,017
09.07. 16:00;69,22399999999999
09.07. 17:00;66,991
09.07. 18:00;54,925
09.07. 19:00;38,61
09.07. 20:00;34,9807
09.07. 21:00;34,3317
09.07. 22:00;31,7945
09.07. 23:00;30,0045
10.07. 00:00;26,5822
10.07. 01:00;22,7369
10.07. 02:00;21,1044
10.07. 03:00;21,291400000000003
10.07. 04:00;25,5693
10.07. 05:00;28,0475
10.07. 06:00;29,5915
10.07. 07:00;40,1729
10.07. 08:00;64,356
10.07. 09:00;78,036
10.07. 10:00;79,825
10.07. 11:00;82,088
10.07. 12:00;77,278
10.07. 13:00;67,444
10.07. 14:00;64,916
10.07. 15:00;69,017
10.07. 16:00;69,22399999999999
10.07. 17:00;66,991
10.07. 18:00;54,925
10.07. 19:00;38,61
10.07. 20:00;34,9807
10.07. 21:00;34,3317
10.07. 22:00;31,7945
10.07. 23:00;30,0045
11.07. 00:00;26,5822
11.07. 01:00;22,7369
11.07. 02:00;21,1044
11.07. 03:00;21,291400000000003
11.07. 04:00;25,5693
11.07. 05:00;28,0475
11.07. 06:00;29,5915
11.07. 07:00;40,1729
11.07. 08:00;64,356
11.07. 09:00;78,036
11.07. 10:00;79,825
11.07. 11:00;82,088
11.07. 12:00;77,278
11.07. 13:00;67,444
11.07. 14:00;64,916
11.07. 15:00;69,017
11.07. 16:00;69,22399999999999
11.07. 17:00;66,991
11.07. 18:00;54,925
11.07. 19:00;38,61
11.07. 20:00;34,9807
11.07. 21:00;34,3317
11.07. 22:00;31,7945
11.07. 23:00;30,0045
12.07. 00:00;26,5822
12.07. 01:00;22,7369
12.07. 02:00;21,1044
12.07. 03:00;21,291400000000003
12.07. 04:00;25,5693
12.07. 05:00;28,0475
12.07. 06:00;29,5915
12.07. 07:00;40,1729
12.07. 08:00;64,356
12.07. 09:00;78,036
12.07. 10:00;79,825
12.07. 11:00;82,088
12.07. 12:00;77,278
12.07. 13:00;67,444
12.07. 14:00;64,916
12.07. 15:00;69,017
12.07. 16:00;69,22399999999999
12.07. 17:00;66,991
12.07. 18:00;54,925
12.07. 19:00;38,61
12.07. 20:00;34,9807
12.07. 21:00;34,3317
12.07. 22:00;31,7945
12.07. 23:00;30,0045
13.07. 00:00;30,1914
13.07. 01:00;29,5226
13.07. 02:00;26,9755
13.07. 03:00;26,3265
13.07. 04:00;27,3394
13.07. 05:00;28,5097
13.07. 06:00;30,2013
13.07. 07:00;44,6964
13.07. 08:00;63,245000000000005
13.07. 09:00;69,233
13.07. 10:00;70,956
13.07. 11:00;72,763
13.07. 12:00;70,994
13.07. 13:00;62,212
13.07. 14:00;46,358999999999995
13.07. 15:00;34,9807
13.07. 16:00;30,3586
13.07. 17:00;29,6406
13.07. 18:00;30,9388
13.07. 19:00;31,3519
13.07. 20:00;33,2793
13.07. 21:00;33,5744
13.07. 22:00;30,8503
13.07. 23:00;28,3426
14.07. 00:00;26,1003
14.07. 01:00;22,3829
14.07. 02:00;20,1504
14.07. 03:00;18,911299999999997
14.07. 04:00;18,311500000000002
14.07. 05:00;18,164
14.07. 06:00;18,488599999999998
14.07. 07:00;20,8979
14.07. 08:00;21,1635
14.07. 09:00;23,061500000000002
14.07. 10:00;26,1199
14.07. 11:00;28,4211
14.07. 12:00;30,4175
14.07. 13:00;31,1158
14.07. 14:00;28,726
14.07. 15:00;25,2152
14.07. 16:00;23,6515
14.07. 17:00;26,5626
14.07. 18:00;29,6604
14.07. 19:00;30,9879
14.07. 20:00;32,6894
14.07. 21:00;32,1583
14.07. 22:00;29,2375
14.07. 23:00;25,8741
15.07. 00:00;26,5822
15.07. 01:00;22,7369
15.07. 02:00;21,1044
15.07. 03:00;21,291400000000003
15.07. 04:00;25,5693
15.07. 05:00;28,0475
15.07. 06:00;29,5915
15.07. 07:00;40,1729
15.07. 08:00;64,356
15.07. 09:00;78,036
15.07. 10:00;79,825
15.07. 11:00;82,088
15.07. 12:00;77,278
15.07. 13:00;67,444
15.07. 14:00;64,916
15.07. 15:00;69,017
15.07. 16:00;69,22399999999999
15.07. 17:00;66,991
15.07. 18:00;54,925
15.07. 19:00;38,61
15.07. 20:00;34,9807
15.07. 21:00;34,3317
15.07. 22:00;31,7945
15.07. 23:00;30,0045
16.07. 00:00;26,5822
16.07. 01:00;22,7369
16.07. 02:00;21,1044
16.07. 03:00;21,291400000000003
16.07. 04:00;25,5693
16.07. 05:00;28,0475
16.07. 06:00;29,5915
16.07. 07:00;40,1729
16.07. 08:00;64,356
16.07. 09:00;78,036
16.07. 10:00;79,825
16.07. 11:00;82,088
16.07. 12:00;77,278
16.07. 13:00;67,444
16.07. 14:00;64,916
16.07. 15:00;69,017
16.07. 16:00;69,22399999999999
16.07. 17:00;66,991
16.07. 18:00;54,925
16.07. 19:00;38,61
16.07. 20:00;34,9807
16.07. 21:00;34,3317
16.07. 22:00;31,7945
16.07. 23:00;30,0045
17.07. 00:00;26,5822
17.07. 01:00;22,7369
17.07. 02:00;21,1044
17.07. 03:00;21,291400000000003
17.07. 04:00;25,5693
17.07. 05:00;28,0475
17.07. 06:00;29,5915
17.07. 07:00;40,1729
17.07. 08:00;64,356
17.07. 09:00;78,036
17.07. 10:00;79,825
17.07. 11:00;82,088
17.07. 12:00;77,278
17.07. 13:00;67,444
17.07. 14:00;64,916
17.07. 15:00;69,017
17.07. 16:00;69,22399999999999
17.07. 17:00;66,991
17.07. 18:00;54,925
17.07. 19:00;38,61
17.07. 20:00;34,9807
17.07. 21:00;34,3317
17.07. 22:00;31,7945
17.07. 23:00;30,0045
18.07. 00:00;26,5822
18.07. 01:00;22,7369
18.07. 02:00;21,1044
18.07. 03:00;21,291400000000003
18.07. 04:00;25,5693
18.07. 05:00;28,0475
18.07. 06:00;29,5915
18.07. 07:00;40,1729
18.07. 08:00;64,356
18.07. 09:00;78,036
18.07. 10:00;79,825
18.07. 11:00;82,088
18.07. 12:00;77,278
18.07. 13:00;67,444
18.07. 14:00;64,916
18.07. 15:00;69,017
18.07. 16:00;69,22399999999999
18.07. 17:00;66,991
18.07. 18:00;54,925
18.07. 19:00;38,61
18.07. 20:00;34,9807
18.07. 21:00;34,3317
18.07. 22:00;31,7945
18.07. 23:00;30,0045
19.07. 00:00;26,5822
19.07. 01:00;22,7369
19.07. 02:00;21,1044
19.07. 03:00;21,291400000000003
19.07. 04:00;25,5693
19.07. 05:00;28,0475
19.07. 06:00;29,5915
19.07. 07:00;40,1729
19.07. 08:00;64,356
19.07. 09:00;78,036
19.07. 10:00;79,825
19.07. 11:00;82,088
19.07. 12:00;77,278
19.07. 13:00;67,444
19.07. 14:00;64,916
19.07. 15:00;69,017
19.07. 16:00;69,22399999999999
19.07. 17:00;66,991
19.07. 18:00;54,925
19.07. 19:00;38,61
19.07. 20:00;34,9807
19.07. 21:00;34,3317
19.07. 22:00;31,7945
19.07. 23:00;30,0045
20.07. 00:00;30,1914
20.07. 01:00;29,5226
20.07. 02:00;26,9755
20.07. 03:00;26,3265
20.07. 04:00;27,3394
20.07. 05:00;28,5097
20.07. 06:00;30,2013
20.07. 07:00;44,6964
20.07. 08:00;63,245000000000005
20.07. 09:00;69,233
20.07. 10:00;70,956
20.07. 11:00;72,763
20.07. 12:00;70,994
20.07. 13:00;62,212
20.07. 14:00;46,358999999999995
20.07. 15:00;34,9807
20.07. 16:00;30,3586
20.07. 17:00;29,6406
20.07. 18:00;30,9388
20.07. 19:00;31,3519
20.07. 20:00;33,2793
20.07. 21:00;33,5744
20.07. 22:00;30,8503
20.07. 23:00;28,3426
21.07. 00:00;26,1003
21.07. 01:00;22,3829
21.07. 02:00;20,1504
21.07. 03:00;18,911299999999997
21.07. 04:00;18,311500000000002
21.07. 05:00;18,164
21.07. 06:00;18,488599999999998
21.07. 07:00;20,8979
21.07. 08:00;21,1635
21.07. 09:00;23,061500000000002
21.07. 10:00;26,1199
21.07. 11:00;28,4211
21.07. 12:00;30,4175
21.07. 13:00;31,1158
21.07. 14:00;28,726
21.07. 15:00;25,2152
21.07. 16:00;23,6515
21.07. 17:00;26,5626
21.07. 18:00;29,6604
21.07. 19:00;30,9879
21.07. 20:00;32,6894
21.07. 21:00;32,1583
21.07. 22:00;29,2375
21.07. 23:00;25,8741
22.07. 00:00;26,5822
22.07. 01:00;22,7369
22.07. 02:00;21,1044
22.07. 03:00;21,291400000000003
22.07. 04:00;25,5693
22.07. 05:00;28,0475
22.07. 06:00;29,5915
22.07. 07:00;40,1729
22.07. 08:00;64,356
22.07. 09:00;78,036
22.07. 10:00;79,825
22.07. 11:00;82,088
22.07. 12:00;77,278
22.07. 13:00;67,444
22.07. 14:00;64,916
22.07. 15:00;69,017
22.07. 16:00;69,22399999999999
22.07. 17:00;66,991
22.07. 18:00;54,925
22.07. 19:00;38,61
22.07. 20:00;34,9807
22.07. 21:00;34,3317
22.07. 22:00;31,7945
22.07. 23:00;30,0045
23.07. 00:00;26,5822
23.07. 01:00;22,7369
23.07. 02:00;21,1044
23.07. 03:00;21,291400000000003
23.07. 04:00;25,5693
23.07. 05:00;28,0475
23.07. 06:00;29,5915
23.07. 07:00;40,1729
23.07. 08:00;64,356
23.07. 09:00;78,036
23.07. 10:00;79,825
23.07. 11:00;82,088
23.07. 12:00;77,278
23.07. 13:00;67,444
23.07. 14:00;64,916
23.07. 15:00;69,017
23.07. 16:00;69,22399999999999
23.07. 17:00;66,991
23.07. 18:00;54,925
23.07. 19:00;38,61
23.07. 20:00;34,9807
23.07. 21:00;34,3317
23.07. 22:00;31,7945
23.07. 23:00;30,0045
24.07. 00:00;26,5822
24.07. 01:00;22,7369
24.07. 02:00;21,1044
24.07. 03:00;21,291400000000003
24.07. 04:00;25,5693
24.07. 05:00;28,0475
24.07. 06:00;29,5915
24.07. 07:00;40,1729
24.07. 08:00;64,356
24.07. 09:00;78,036
24.07. 10:00;79,825
24.07. 11:00;82,088
24.07. 12:00;77,278
24.07. 13:00;67,444
24.07. 14:00;64,916
24.07. 15:00;69,017
24.07. 16:00;69,22399999999999
24.07. 17:00;66,991
24.07. 18:00;54,925
24.07. 19:00;38,61
24.07. 20:00;34,9807
24.07. 21:00;34,3317
24.07. 22:00;31,7945
24.07. 23:00;30,0045
25.07. 00:00;26,5822
25.07. 01:00;22,7369
25.07. 02:00;21,1044
25.07. 03:00;21,291400000000003
25.07. 04:00;25,5693
25.07. 05:00;28,0475
25.07. 06:00;29,5915
25.07. 07:00;40,1729
25.07. 08:00;64,356
25.07. 09:00;78,036
25.07. 10:00;79,825
25.07. 11:00;82,088
25.07. 12:00;77,278
25.07. 13:00;67,444
25.07. 14:00;64,916
25.07. 15:00;69,017
25.07. 16:00;69,22399999999999
25.07. 17:00;66,991
25.07. 18:00;54,925
25.07. 19:00;38,61
25.07. 20:00;34,9807
25.07. 21:00;34,3317
25.07. 22:00;31,7945
25.07. 23:00;30,0045
26.07. 00:00;26,5822
26.07. 01:00;22,7369
26.07. 02:00;21,1044
26.07. 03:00;21,291400000000003
26.07. 04:00;25,5693
26.07. 05:00;28,0475
26.07. 06:00;29,5915
26.07. 07:00;40,1729
26.07. 08:00;64,356
26.07. 09:00;78,036
26.07. 10:00;79,825
26.07. 11:00;82,088
26.07. 12:00;77,278
26.07. 13:00;67,444
26.07. 14:00;64,916
26.07. 15:00;69,017
26.07. 16:00;69,22399999999999
26.07. 17:00;66,991
26.07. 18:00;54,925
26.07. 19:00;38,61
26.07. 20:00;34,9807
26.07. 21:00;34,3317
26.07. 22:00;31,7945
26.07. 23:00;30,0045
27.07. 00:00;30,1914
27.07. 01:00;29,5226
27.07. 02:00;26,9755
27.07. 03:00;26,3265
27.07. 04:00;27,3394
27.07. 05:00;28,5097
27.07. 06:00;30,2013
27.07. 07:00;44,6964
27.07. 08:00;63,245000000000005
27.07. 09:00;69,233
27.07. 10:00;70,956
27.07. 11:00;72,763
27.07. 12:00;70,994
27.07. 13:00;62,212
27.07. 14:00;46,358999999999995
27.07. 15:00;34,9807
27.07. 16:00;30,3586
27.07. 17:00;29,6406
27.07. 18:00;30,9388
27.07. 19:00;31,3519
27.07. 20:00;33,2793
27.07. 21:00;33,5744
27.07. 22:00;30,8503
27.07. 23:00;28,3426
28.07. 00:00;26,1003
28.07. 01:00;22,3829
28.07. 02:00;20,1504
28.07. 03:00;18,911299999999997
28.07. 04:00;18,311500000000002
28.07. 05:00;18,164
28.07. 06:00;18,488599999999998
28.07. 07:00;20,8979
28.07. 08:00;21,1635
28.07. 09:00;23,061500000000002
28.07. 10:00;26,1199
28.07. 11:00;28,4211
28.07. 12:00;30,4175
28.07. 13:00;31,1158
28.07. 14:00;28,726
28.07. 15:00;25,2152
28.07. 16:00;23,6515
28.07. 17:00;26,5626
28.07. 18:00;29,6604
28.07. 19:00;30,9879
28.07. 20:00;32,6894
28.07. 21:00;32,1583
28.07. 22:00;29,2375
28.07. 23:00;25,8741
29.07. 00:00;26,5822
29.07. 01:00;22,7369
29.07. 02:00;21,1044
29.07. 03:00;21,291400000000003
29.07. 04:00;25,5693
29.07. 05:00;28,0475
29.07. 06:00;29,5915
29.07. 07:00;40,1729
29.07. 08:00;64,356
29.07. 09:00;78,036
29.07. 10:00;79,825
29.07. 11:00;82,088
29.07. 12:00;77,278
29.07. 13:00;67,444
29.07. 14:00;64,916
29.07. 15:00;69,017
29.07. 16:00;69,22399999999999
29.07. 17:00;66,991
29.07. 18:00;54,925
29.07. 19:00;38,61
29.07. 20:00;34,9807
29.07. 21:00;34,3317
29.07. 22:00;31,7945
29.07. 23:00;30,0045
30.07. 00:00;26,5822
30.07. 01:00;22,7369
30.07. 02:00;21,1044
30.07. 03:00;21,291400000000003
30.07. 04:00;25,5693
30.07. 05:00;28,0475
30.07. 06:00;29,5915
30.07. 07:00;40,1729
30.07. 08:00;64,356
30.07. 09:00;78,036
30.07. 10:00;79,825
30.07. 11:00;82,088
30.07. 12:00;77,278
30.07. 13:00;67,444
30.07. 14:00;64,916
30.07. 15:00;69,017
30.07. 16:00;69,22399999999999
30.07. 17:00;66,991
30.07. 18:00;54,925
30.07. 19:00;38,61
30.07. 20:00;34,9807
30.07. 21:00;34,3317
30.07. 22:00;31,7945
30.07. 23:00;30,0045
31.07. 00:00;26,5822
31.07. 01:00;22,7369
31.07. 02:00;21,1044
31.07. 03:00;21,291400000000003
31.07. 04:00;25,5693
31.07. 05:00;28,0475
31.07. 06:00;29,5915
31.07. 07:00;40,1729
31.07. 08:00;64,356
31.07. 09:00;78,036
31.07. 10:00;79,825
31.07. 11:00;82,088
31.07. 12:00;77,278
31.07. 13:00;67,444
31.07. 14:00;64,916
31.07. 15:00;69,017
31.07. 16:00;69,22399999999999
31.07. 17:00;66,991
31.07. 18:00;54,925
31.07. 19:00;38,61
31.07. 20:00;34,9807
31.07. 21:00;34,3317
31.07. 22:00;31,7945
31.07. 23:00;30,0045
01.08. 00:00;26,5822
01.08. 01:00;22,7369
01.08. 02:00;21,1044
01.08. 03:00;21,291400000000003
01.08. 04:00;25,5693
01.08. 05:00;28,0475
01.08. 06:00;29,5915
01.08. 07:00;40,1729
01.08. 08:00;64,356
01.08. 09:00;78,036
01.08. 10:00;79,825
01.08. 11:00;82,088
01.08. 12:00;77,278
01.08. 13:00;67,444
01.08. 14:00;64,916
01.08. 15:00;69,017
01.08. 16:00;69,22399999999999
01.08. 17:00;66,991
01.08. 18:00;54,925
01.08. 19:00;38,61
01.08. 20:00;34,9807
01.08. 21:00;34,3317
01.08. 22:00;31,7945
01.08. 23:00;30,0045
02.08. 00:00;26,5822
02.08. 01:00;22,7369
02.08. 02:00;21,1044
02.08. 03:00;21,291400000000003
02.08. 04:00;25,5693
02.08. 05:00;28,0475
02.08. 06:00;29,5915
02.08. 07:00;40,1729
02.08. 08:00;64,356
02.08. 09:00;78,036
02.08. 10:00;79,825
02.08. 11:00;82,088
02.08. 12:00;77,278
02.08. 13:00;67,444
02.08. 14:00;64,916
02.08. 15:00;69,017
02.08. 16:00;69,22399999999999
02.08. 17:00;66,991
02.08. 18:00;54,925
02.08. 19:00;38,61
02.08. 20:00;34,9807
02.08. 21:00;34,3317
02.08. 22:00;31,7945
02.08. 23:00;30,0045
03.08. 00:00;30,1914
03.08. 01:00;29,5226
03.08. 02:00;26,9755
03.08. 03:00;26,3265
03.08. 04:00;27,3394
03.08. 05:00;28,5097
03.08. 06:00;30,2013
03.08. 07:00;44,6964
03.08. 08:00;63,245000000000005
03.08. 09:00;69,233
03.08. 10:00;70,956
03.08. 11:00;72,763
03.08. 12:00;70,994
03.08. 13:00;62,212
03.08. 14:00;46,358999999999995
03.08. 15:00;34,9807
03.08. 16:00;30,3586
03.08. 17:00;29,6406
03.08. 18:00;30,9388
03.08. 19:00;31,3519
03.08. 20:00;33,2793
03.08. 21:00;33,5744
03.08. 22:00;30,8503
03.08. 23:00;28,3426
04.08. 00:00;26,1003
04.08. 01:00;22,3829
04.08. 02:00;20,1504
04.08. 03:00;18,911299999999997
04.08. 04:00;18,311500000000002
04.08. 05:00;18,164
04.08. 06:00;18,488599999999998
04.08. 07:00;20,8979
04.08. 08:00;21,1635
04.08. 09:00;23,061500000000002
04.08. 10:00;26,1199
04.08. 11:00;28,4211
04.08. 12:00;30,4175
04.08. 13:00;31,1158
04.08. 14:00;28,726
04.08. 15:00;25,2152
04.08. 16:00;23,6515
04.08. 17:00;26,5626
04.08. 18:00;29,6604
04.08. 19:00;30,9879
04.08. 20:00;32,6894
04.08. 21:00;32,1583
04.08. 22:00;29,2375
04.08. 23:00;25,8741
05.08. 00:00;26,5822
05.08. 01:00;22,7369
05.08. 02:00;21,1044
05.08. 03:00;21,291400000000003
05.08. 04:00;25,5693
05.08. 05:00;28,0475
05.08. 06:00;29,5915
05.08. 07:00;40,1729
05.08. 08:00;64,356
05.08. 09:00;78,036
05.08. 10:00;79,825
05.08. 11:00;82,088
05.08. 12:00;77,278
05.08. 13:00;67,444
05.08. 14:00;64,916
05.08. 15:00;69,017
05.08. 16:00;69,22399999999999
05.08. 17:00;66,991
05.08. 18:00;54,925
05.08. 19:00;38,61
05.08. 20:00;34,9807
05.08. 21:00;34,3317
05.08. 22:00;31,7945
05.08. 23:00;30,0045
06.08. 00:00;26,5822
06.08. 01:00;22,7369
06.08. 02:00;21,1044
06.08. 03:00;21,291400000000003
06.08. 04:00;25,5693
06.08. 05:00;28,0475
06.08. 06:00;29,5915
06.08. 07:00;40,1729
06.08. 08:00;64,356
06.08. 09:00;78,036
06.08. 10:00;79,825
06.08. 11:00;82,088
06.08. 12:00;77,278
06.08. 13:00;67,444
06.08. 14:00;64,916
06.08. 15:00;69,017
06.08. 16:00;69,22399999999999
06.08. 17:00;66,991
06.08. 18:00;54,925
06.08. 19:00;38,61
06.08. 20:00;34,9807
06.08. 21:00;34,3317
06.08. 22:00;31,7945
06.08. 23:00;30,0045
07.08. 00:00;26,5822
07.08. 01:00;22,7369
07.08. 02:00;21,1044
07.08. 03:00;21,291400000000003
07.08. 04:00;25,5693
07.08. 05:00;28,0475
07.08. 06:00;29,5915
07.08. 07:00;40,1729
07.08. 08:00;64,356
07.08. 09:00;78,036
07.08. 10:00;79,825
07.08. 11:00;82,088
07.08. 12:00;77,278
07.08. 13:00;67,444
07.08. 14:00;64,916
07.08. 15:00;69,017
07.08. 16:00;69,22399999999999
07.08. 17:00;66,991
07.08. 18:00;54,925
07.08. 19:00;38,61
07.08. 20:00;34,9807
07.08. 21:00;34,3317
07.08. 22:00;31,7945
07.08. 23:00;30,0045
08.08. 00:00;26,5822
08.08. 01:00;22,7369
08.08. 02:00;21,1044
08.08. 03:00;21,291400000000003
08.08. 04:00;25,5693
08.08. 05:00;28,0475
08.08. 06:00;29,5915
08.08. 07:00;40,1729
08.08. 08:00;64,356
08.08. 09:00;78,036
08.08. 10:00;79,825
08.08. 11:00;82,088
08.08. 12:00;77,278
08.08. 13:00;67,444
08.08. 14:00;64,916
08.08. 15:00;69,017
08.08. 16:00;69,22399999999999
08.08. 17:00;66,991
08.08. 18:00;54,925
08.08. 19:00;38,61
08.08. 20:00;34,9807
08.08. 21:00;34,3317
08.08. 22:00;31,7945
08.08. 23:00;30,0045
09.08. 00:00;26,5822
09.08. 01:00;22,7369
09.08. 02:00;21,1044
09.08. 03:00;21,291400000000003
09.08. 04:00;25,5693
09.08. 05:00;28,0475
09.08. 06:00;29,5915
09.08. 07:00;40,1729
09.08. 08:00;64,356
09.08. 09:00;78,036
09.08. 10:00;79,825
09.08. 11:00;82,088
09.08. 12:00;77,278
09.08. 13:00;67,444
09.08. 14:00;64,916
09.08. 15:00;69,017
09.08. 16:00;69,22399999999999
09.08. 17:00;66,991
09.08. 18:00;54,925
09.08. 19:00;38,61
09.08. 20:00;34,9807
09.08. 21:00;34,3317
09.08. 22:00;31,7945
09.08. 23:00;30,0045
10.08. 00:00;30,1914
10.08. 01:00;29,5226
10.08. 02:00;26,9755
10.08. 03:00;26,3265
10.08. 04:00;27,3394
10.08. 05:00;28,5097
10.08. 06:00;30,2013
10.08. 07:00;44,6964
10.08. 08:00;63,245000000000005
10.08. 09:00;69,233
10.08. 10:00;70,956
10.08. 11:00;72,763
10.08. 12:00;70,994
10.08. 13:00;62,212
10.08. 14:00;46,358999999999995
10.08. 15:00;34,9807
10.08. 16:00;30,3586
10.08. 17:00;29,6406
10.08. 18:00;30,9388
10.08. 19:00;31,3519
10.08. 20:00;33,2793
10.08. 21:00;33,5744
10.08. 22:00;30,8503
10.08. 23:00;28,3426
11.08. 00:00;26,1003
11.08. 01:00;22,3829
11.08. 02:00;20,1504
11.08. 03:00;18,911299999999997
11.08. 04:00;18,311500000000002
11.08. 05:00;18,164
11.08. 06:00;18,488599999999998
11.08. 07:00;20,8979
11.08. 08:00;21,1635
11.08. 09:00;23,061500000000002
11.08. 10:00;26,1199
11.08. 11:00;28,4211
11.08. 12:00;30,4175
11.08. 13:00;31,1158
11.08. 14:00;28,726
11.08. 15:00;25,2152
11.08. 16:00;23,6515
11.08. 17:00;26,5626
11.08. 18:00;29,6604
11.08. 19:00;30,9879
11.08. 20:00;32,6894
11.08. 21:00;32,1583
11.08. 22:00;29,2375
11.08. 23:00;25,8741
12.08. 00:00;26,5822
12.08. 01:00;22,7369
12.08. 02:00;21,1044
12.08. 03:00;21,291400000000003
12.08. 04:00;25,5693
12.08. 05:00;28,0475
12.08. 06:00;29,5915
12.08. 07:00;40,1729
12.08. 08:00;64,356
12.08. 09:00;78,036
12.08. 10:00;79,825
12.08. 11:00;82,088
12.08. 12:00;77,278
12.08. 13:00;67,444
12.08. 14:00;64,916
12.08. 15:00;69,017
12.08. 16:00;69,22399999999999
12.08. 17:00;66,991
12.08. 18:00;54,925
12.08. 19:00;38,61
12.08. 20:00;34,9807
12.08. 21:00;34,3317
12.08. 22:00;31,7945
12.08. 23:00;30,0045
13.08. 00:00;26,5822
13.08. 01:00;22,7369
13.08. 02:00;21,1044
13.08. 03:00;21,291400000000003
13.08. 04:00;25,5693
13.08. 05:00;28,0475
13.08. 06:00;29,5915
13.08. 07:00;40,1729
13.08. 08:00;64,356
13.08. 09:00;78,036
13.08. 10:00;79,825
13.08. 11:00;82,088
13.08. 12:00;77,278
13.08. 13:00;67,444
13.08. 14:00;64,916
13.08. 15:00;69,017
13.08. 16:00;69,22399999999999
13.08. 17:00;66,991
13.08. 18:00;54,925
13.08. 19:00;38,61
13.08. 20:00;34,9807
13.08. 21:00;34,3317
13.08. 22:00;31,7945
13.08. 23:00;30,0045
14.08. 00:00;26,5822
14.08. 01:00;22,7369
14.08. 02:00;21,1044
14.08. 03:00;21,291400000000003
14.08. 04:00;25,5693
14.08. 05:00;28,0475
14.08. 06:00;29,5915
14.08. 07:00;40,1729
14.08. 08:00;64,356
14.08. 09:00;78,036
14.08. 10:00;79,825
14.08. 11:00;82,088
14.08. 12:00;77,278
14.08. 13:00;67,444
14.08. 14:00;64,916
14.08. 15:00;69,017
14.08. 16:00;69,22399999999999
14.08. 17:00;66,991
14.08. 18:00;54,925
14.08. 19:00;38,61
14.08. 20:00;34,9807
14.08. 21:00;34,3317
14.08. 22:00;31,7945
14.08. 23:00;30,0045
15.08. 00:00;26,5822
15.08. 01:00;22,7369
15.08. 02:00;21,1044
15.08. 03:00;21,291400000000003
15.08. 04:00;25,5693
15.08. 05:00;28,0475
15.08. 06:00;29,5915
15.08. 07:00;40,1729
15.08. 08:00;64,356
15.08. 09:00;78,036
15.08. 10:00;79,825
15.08. 11:00;82,088
15.08. 12:00;77,278
15.08. 13:00;67,444
15.08. 14:00;64,916
15.08. 15:00;69,017
15.08. 16:00;69,22399999999999
15.08. 17:00;66,991
15.08. 18:00;54,925
15.08. 19:00;38,61
15.08. 20:00;34,9807
15.08. 21:00;34,3317
15.08. 22:00;31,7945
15.08. 23:00;30,0045
16.08. 00:00;26,5822
16.08. 01:00;22,7369
16.08. 02:00;21,1044
16.08. 03:00;21,291400000000003
16.08. 04:00;25,5693
16.08. 05:00;28,0475
16.08. 06:00;29,5915
16.08. 07:00;40,1729
16.08. 08:00;64,356
16.08. 09:00;78,036
16.08. 10:00;79,825
16.08. 11:00;82,088
16.08. 12:00;77,278
16.08. 13:00;67,444
16.08. 14:00;64,916
16.08. 15:00;69,017
16.08. 16:00;69,22399999999999
16.08. 17:00;66,991
16.08. 18:00;54,925
16.08. 19:00;38,61
16.08. 20:00;34,9807
16.08. 21:00;34,3317
16.08. 22:00;31,7945
16.08. 23:00;30,0045
17.08. 00:00;30,1914
17.08. 01:00;29,5226
17.08. 02:00;26,9755
17.08. 03:00;26,3265
17.08. 04:00;27,3394
17.08. 05:00;28,5097
17.08. 06:00;30,2013
17.08. 07:00;44,6964
17.08. 08:00;63,245000000000005
17.08. 09:00;69,233
17.08. 10:00;70,956
17.08. 11:00;72,763
17.08. 12:00;70,994
17.08. 13:00;62,212
17.08. 14:00;46,358999999999995
17.08. 15:00;34,9807
17.08. 16:00;30,3586
17.08. 17:00;29,6406
17.08. 18:00;30,9388
17.08. 19:00;31,3519
17.08. 20:00;33,2793
17.08. 21:00;33,5744
17.08. 22:00;30,8503
17.08. 23:00;28,3426
18.08. 00:00;26,1003
18.08. 01:00;22,3829
18.08. 02:00;20,1504
18.08. 03:00;18,911299999999997
18.08. 04:00;18,311500000000002
18.08. 05:00;18,164
18.08. 06:00;18,488599999999998
18.08. 07:00;20,8979
18.08. 08:00;21,1635
18.08. 09:00;23,061500000000002
18.08. 10:00;26,1199
18.08. 11:00;28,4211
18.08. 12:00;30,4175
18.08. 13:00;31,1158
18.08. 14:00;28,726
18.08. 15:00;25,2152
18.08. 16:00;23,6515
18.08. 17:00;26,5626
18.08. 18:00;29,6604
18.08. 19:00;30,9879
18.08. 20:00;32,6894
18.08. 21:00;32,1583
18.08. 22:00;29,2375
18.08. 23:00;25,8741
19.08. 00:00;26,5822
19.08. 01:00;22,7369
19.08. 02:00;21,1044
19.08. 03:00;21,291400000000003
19.08. 04:00;25,5693
19.08. 05:00;28,0475
19.08. 06:00;29,5915
19.08. 07:00;40,1729
19.08. 08:00;64,356
19.08. 09:00;78,036
19.08. 10:00;79,825
19.08. 11:00;82,088
19.08. 12:00;77,278
19.08. 13:00;67,444
19.08. 14:00;64,916
19.08. 15:00;69,017
19.08. 16:00;69,22399999999999
19.08. 17:00;66,991
19.08. 18:00;54,925
19.08. 19:00;38,61
19.08. 20:00;34,9807
19.08. 21:00;34,3317
19.08. 22:00;31,7945
19.08. 23:00;30,0045
20.08. 00:00;26,5822
20.08. 01:00;22,7369
20.08. 02:00;21,1044
20.08. 03:00;21,291400000000003
20.08. 04:00;25,5693
20.08. 05:00;28,0475
20.08. 06:00;29,5915
20.08. 07:00;40,1729
20.08. 08:00;64,356
20.08. 09:00;78,036
20.08. 10:00;79,825
20.08. 11:00;82,088
20.08. 12:00;77,278
20.08. 13:00;67,444
20.08. 14:00;64,916
20.08. 15:00;69,017
20.08. 16:00;69,22399999999999
20.08. 17:00;66,991
20.08. 18:00;54,925
20.08. 19:00;38,61
20.08. 20:00;34,9807
20.08. 21:00;34,3317
20.08. 22:00;31,7945
20.08. 23:00;30,0045
21.08. 00:00;26,5822
21.08. 01:00;22,7369
21.08. 02:00;21,1044
21.08. 03:00;21,291400000000003
21.08. 04:00;25,5693
21.08. 05:00;28,0475
21.08. 06:00;29,5915
21.08. 07:00;40,1729
21.08. 08:00;64,356
21.08. 09:00;78,036
21.08. 10:00;79,825
21.08. 11:00;82,088
21.08. 12:00;77,278
21.08. 13:00;67,444
21.08. 14:00;64,916
21.08. 15:00;69,017
21.08. 16:00;69,22399999999999
21.08. 17:00;66,991
21.08. 18:00;54,925
21.08. 19:00;38,61
21.08. 20:00;34,9807
21.08. 21:00;34,3317
21.08. 22:00;31,7945
21.08. 23:00;30,0045
22.08. 00:00;26,5822
22.08. 01:00;22,7369
22.08. 02:00;21,1044
22.08. 03:00;21,291400000000003
22.08. 04:00;25,5693
22.08. 05:00;28,0475
22.08. 06:00;29,5915
22.08. 07:00;40,1729
22.08. 08:00;64,356
22.08. 09:00;78,036
22.08. 10:00;79,825
22.08. 11:00;82,088
22.08. 12:00;77,278
22.08. 13:00;67,444
22.08. 14:00;64,916
22.08. 15:00;69,017
22.08. 16:00;69,22399999999999
22.08. 17:00;66,991
22.08. 18:00;54,925
22.08. 19:00;38,61
22.08. 20:00;34,9807
22.08. 21:00;34,3317
22.08. 22:00;31,7945
22.08. 23:00;30,0045
23.08. 00:00;26,5822
23.08. 01:00;22,7369
23.08. 02:00;21,1044
23.08. 03:00;21,291400000000003
23.08. 04:00;25,5693
23.08. 05:00;28,0475
23.08. 06:00;29,5915
23.08. 07:00;40,1729
23.08. 08:00;64,356
23.08. 09:00;78,036
23.08. 10:00;79,825
23.08. 11:00;82,088
23.08. 12:00;77,278
23.08. 13:00;67,444
23.08. 14:00;64,916
23.08. 15:00;69,017
23.08. 16:00;69,22399999999999
23.08. 17:00;66,991
23.08. 18:00;54,925
23.08. 19:00;38,61
23.08. 20:00;34,9807
23.08. 21:00;34,3317
23.08. 22:00;31,7945
23.08. 23:00;30,0045
24.08. 00:00;30,1914
24.08. 01:00;29,5226
24.08. 02:00;26,9755
24.08. 03:00;26,3265
24.08. 04:00;27,3394
24.08. 05:00;28,5097
24.08. 06:00;30,2013
24.08. 07:00;44,6964
24.08. 08:00;63,245000000000005
24.08. 09:00;69,233
24.08. 10:00;70,956
24.08. 11:00;72,763
24.08. 12:00;70,994
24.08. 13:00;62,212
24.08. 14:00;46,358999999999995
24.08. 15:00;34,9807
24.08. 16:00;30,3586
24.08. 17:00;29,6406
24.08. 18:00;30,9388
24.08. 19:00;31,3519
24.08. 20:00;33,2793
24.08. 21:00;33,5744
24.08. 22:00;30,8503
24.08. 23:00;28,3426
25.08. 00:00;26,1003
25.08. 01:00;22,3829
25.08. 02:00;20,1504
25.08. 03:00;18,911299999999997
25.08. 04:00;18,311500000000002
25.08. 05:00;18,164
25.08. 06:00;18,488599999999998
25.08. 07:00;20,8979
25.08. 08:00;21,1635
25.08. 09:00;23,061500000000002
25.08. 10:00;26,1199
25.08. 11:00;28,4211
25.08. 12:00;30,4175
25.08. 13:00;31,1158
25.08. 14:00;28,726
25.08. 15:00;25,2152
25.08. 16:00;23,6515
25.08. 17:00;26,5626
25.08. 18:00;29,6604
25.08. 19:00;30,9879
25.08. 20:00;32,6894
25.08. 21:00;32,1583
25.08. 22:00;29,2375
25.08. 23:00;25,8741
26.08. 00:00;26,5822
26.08. 01:00;22,7369
26.08. 02:00;21,1044
26.08. 03:00;21,291400000000003
26.08. 04:00;25,5693
26.08. 05:00;28,0475
26.08. 06:00;29,5915
26.08. 07:00;40,1729
26.08. 08:00;64,356
26.08. 09:00;78,036
26.08. 10:00;79,825
26.08. 11:00;82,088
26.08. 12:00;77,278
26.08. 13:00;67,444
26.08. 14:00;64,916
26.08. 15:00;69,017
26.08. 16:00;69,22399999999999
26.08. 17:00;66,991
26.08. 18:00;54,925
26.08. 19:00;38,61
26.08. 20:00;34,9807
26.08. 21:00;34,3317
26.08. 22:00;31,7945
26.08. 23:00;30,0045
27.08. 00:00;26,5822
27.08. 01:00;22,7369
27.08. 02:00;21,1044
27.08. 03:00;21,291400000000003
27.08. 04:00;25,5693
27.08. 05:00;28,0475
27.08. 06:00;29,5915
27.08. 07:00;40,1729
27.08. 08:00;64,356
27.08. 09:00;78,036
27.08. 10:00;79,825
27.08. 11:00;82,088
27.08. 12:00;77,278
27.08. 13:00;67,444
27.08. 14:00;64,916
27.08. 15:00;69,017
27.08. 16:00;69,22399999999999
27.08. 17:00;66,991
27.08. 18:00;54,925
27.08. 19:00;38,61
27.08. 20:00;34,9807
27.08. 21:00;34,3317
27.08. 22:00;31,7945
27.08. 23:00;30,0045
28.08. 00:00;26,5822
28.08. 01:00;22,7369
28.08. 02:00;21,1044
28.08. 03:00;21,291400000000003
28.08. 04:00;25,5693
28.08. 05:00;28,0475
28.08. 06:00;29,5915
28.08. 07:00;40,1729
28.08. 08:00;64,356
28.08. 09:00;78,036
28.08. 10:00;79,825
28.08. 11:00;82,088
28.08. 12:00;77,278
28.08. 13:00;67,444
28.08. 14:00;64,916
28.08. 15:00;69,017
28.08. 16:00;69,22399999999999
28.08. 17:00;66,991
28.08. 18:00;54,925
28.08. 19:00;38,61
28.08. 20:00;34,9807
28.08. 21:00;34,3317
28.08. 22:00;31,7945
28.08. 23:00;30,0045
29.08. 00:00;26,5822
29.08. 01:00;22,7369
29.08. 02:00;21,1044
29.08. 03:00;21,291400000000003
29.08. 04:00;25,5693
29.08. 05:00;28,0475
29.08. 06:00;29,5915
29.08. 07:00;40,1729
29.08. 08:00;64,356
29.08. 09:00;78,036
29.08. 10:00;79,825
29.08. 11:00;82,088
29.08. 12:00;77,278
29.08. 13:00;67,444
29.08. 14:00;64,916
29.08. 15:00;69,017
29.08. 16:00;69,22399999999999
29.08. 17:00;66,991
29.08. 18:00;54,925
29.08. 19:00;38,61
29.08. 20:00;34,9807
29.08. 21:00;34,3317
29.08. 22:00;31,7945
29.08. 23:00;30,0045
30.08. 00:00;26,5822
30.08. 01:00;22,7369
30.08. 02:00;21,1044
30.08. 03:00;21,291400000000003
30.08. 04:00;25,5693
30.08. 05:00;28,0475
30.08. 06:00;29,5915
30.08. 07:00;40,1729
30.08. 08:00;64,356
30.08. 09:00;78,036
30.08. 10:00;79,825
30.08. 11:00;82,088
30.08. 12:00;77,278
30.08. 13:00;67,444
30.08. 14:00;64,916
30.08. 15:00;69,017
30.08. 16:00;69,22399999999999
30.08. 17:00;66,991
30.08. 18:00;54,925
30.08. 19:00;38,61
30.08. 20:00;34,9807
30.08. 21:00;34,3317
30.08. 22:00;31,7945
30.08. 23:00;30,0045
31.08. 00:00;30,1914
31.08. 01:00;29,5226
31.08. 02:00;26,9755
31.08. 03:00;26,3265
31.08. 04:00;27,3394
31.08. 05:00;28,5097
31.08. 06:00;30,2013
31.08. 07:00;44,6964
31.08. 08:00;63,245000000000005
31.08. 09:00;69,233
31.08. 10:00;70,956
31.08. 11:00;72,763
31.08. 12:00;70,994
31.08. 13:00;62,212
31.08. 14:00;46,358999999999995
31.08. 15:00;34,9807
31.08. 16:00;30,3586
31.08. 17:00;29,6406
31.08. 18:00;30,9388
31.08. 19:00;31,3519
31.08. 20:00;33,2793
31.08. 21:00;33,5744
31.08. 22:00;30,8503
31.08. 23:00;28,3426
01.09. 00:00;26,1003
01.09. 01:00;22,3829
01.09. 02:00;20,1504
01.09. 03:00;18,911299999999997
01.09. 04:00;18,311500000000002
01.09. 05:00;18,164
01.09. 06:00;18,488599999999998
01.09. 07:00;20,8979
01.09. 08:00;21,1635
01.09. 09:00;23,061500000000002
01.09. 10:00;26,1199
01.09. 11:00;28,4211
01.09. 12:00;30,4175
01.09. 13:00;31,1158
01.09. 14:00;28,726
01.09. 15:00;25,2152
01.09. 16:00;23,6515
01.09. 17:00;26,5626
01.09. 18:00;29,6604
01.09. 19:00;30,9879
01.09. 20:00;32,6894
01.09. 21:00;32,1583
01.09. 22:00;29,2375
01.09. 23:00;25,8741
02.09. 00:00;26,5822
02.09. 01:00;22,7369
02.09. 02:00;21,1044
02.09. 03:00;21,291400000000003
02.09. 04:00;25,5693
02.09. 05:00;28,0475
02.09. 06:00;29,5915
02.09. 07:00;40,1729
02.09. 08:00;64,356
02.09. 09:00;78,036
02.09. 10:00;79,825
02.09. 11:00;82,088
02.09. 12:00;77,278
02.09. 13:00;67,444
02.09. 14:00;64,916
02.09. 15:00;69,017
02.09. 16:00;69,22399999999999
02.09. 17:00;66,991
02.09. 18:00;54,925
02.09. 19:00;38,61
02.09. 20:00;34,9807
02.09. 21:00;34,3317
02.09. 22:00;31,7945
02.09. 23:00;30,0045
03.09. 00:00;26,5822
03.09. 01:00;22,7369
03.09. 02:00;21,1044
03.09. 03:00;21,291400000000003
03.09. 04:00;25,5693
03.09. 05:00;28,0475
03.09. 06:00;29,5915
03.09. 07:00;40,1729
03.09. 08:00;64,356
03.09. 09:00;78,036
03.09. 10:00;79,825
03.09. 11:00;82,088
03.09. 12:00;77,278
03.09. 13:00;67,444
03.09. 14:00;64,916
03.09. 15:00;69,017
03.09. 16:00;69,22399999999999
03.09. 17:00;66,991
03.09. 18:00;54,925
03.09. 19:00;38,61
03.09. 20:00;34,9807
03.09. 21:00;34,3317
03.09. 22:00;31,7945
03.09. 23:00;30,0045
04.09. 00:00;26,5822
04.09. 01:00;22,7369
04.09. 02:00;21,1044
04.09. 03:00;21,291400000000003
04.09. 04:00;25,5693
04.09. 05:00;28,0475
04.09. 06:00;29,5915
04.09. 07:00;40,1729
04.09. 08:00;64,356
04.09. 09:00;78,036
04.09. 10:00;79,825
04.09. 11:00;82,088
04.09. 12:00;77,278
04.09. 13:00;67,444
04.09. 14:00;64,916
04.09. 15:00;69,017
04.09. 16:00;69,22399999999999
04.09. 17:00;66,991
04.09. 18:00;54,925
04.09. 19:00;38,61
04.09. 20:00;34,9807
04.09. 21:00;34,3317
04.09. 22:00;31,7945
04.09. 23:00;30,0045
05.09. 00:00;26,5822
05.09. 01:00;22,7369
05.09. 02:00;21,1044
05.09. 03:00;21,291400000000003
05.09. 04:00;25,5693
05.09. 05:00;28,0475
05.09. 06:00;29,5915
05.09. 07:00;40,1729
05.09. 08:00;64,356
05.09. 09:00;78,036
05.09. 10:00;79,825
05.09. 11:00;82,088
05.09. 12:00;77,278
05.09. 13:00;67,444
05.09. 14:00;64,916
05.09. 15:00;69,017
05.09. 16:00;69,22399999999999
05.09. 17:00;66,991
05.09. 18:00;54,925
05.09. 19:00;38,61
05.09. 20:00;34,9807
05.09. 21:00;34,3317
05.09. 22:00;31,7945
05.09. 23:00;30,0045
06.09. 00:00;26,5822
06.09. 01:00;22,7369
06.09. 02:00;21,1044
06.09. 03:00;21,291400000000003
06.09. 04:00;25,5693
06.09. 05:00;28,0475
06.09. 06:00;29,5915
06.09. 07:00;40,1729
06.09. 08:00;64,356
06.09. 09:00;78,036
06.09. 10:00;79,825
06.09. 11:00;82,088
06.09. 12:00;77,278
06.09. 13:00;67,444
06.09. 14:00;64,916
06.09. 15:00;69,017
06.09. 16:00;69,22399999999999
06.09. 17:00;66,991
06.09. 18:00;54,925
06.09. 19:00;38,61
06.09. 20:00;34,9807
06.09. 21:00;34,3317
06.09. 22:00;31,7945
06.09. 23:00;30,0045
07.09. 00:00;30,1914
07.09. 01:00;29,5226
07.09. 02:00;26,9755
07.09. 03:00;26,3265
07.09. 04:00;27,3394
07.09. 05:00;28,5097
07.09. 06:00;30,2013
07.09. 07:00;44,6964
07.09. 08:00;63,245000000000005
07.09. 09:00;69,233
07.09. 10:00;70,956
07.09. 11:00;72,763
07.09. 12:00;70,994
07.09. 13:00;62,212
07.09. 14:00;46,358999999999995
07.09. 15:00;34,9807
07.09. 16:00;30,3586
07.09. 17:00;29,6406
07.09. 18:00;30,9388
07.09. 19:00;31,3519
07.09. 20:00;33,2793
07.09. 21:00;33,5744
07.09. 22:00;30,8503
07.09. 23:00;28,3426
08.09. 00:00;26,1003
08.09. 01:00;22,3829
08.09. 02:00;20,1504
08.09. 03:00;18,911299999999997
08.09. 04:00;18,311500000000002
08.09. 05:00;18,164
08.09. 06:00;18,488599999999998
08.09. 07:00;20,8979
08.09. 08:00;21,1635
08.09. 09:00;23,061500000000002
08.09. 10:00;26,1199
08.09. 11:00;28,4211
08.09. 12:00;30,4175
08.09. 13:00;31,1158
08.09. 14:00;28,726
08.09. 15:00;25,2152
08.09. 16:00;23,6515
08.09. 17:00;26,5626
08.09. 18:00;29,6604
08.09. 19:00;30,9879
08.09. 20:00;32,6894
08.09. 21:00;32,1583
08.09. 22:00;29,2375
08.09. 23:00;25,8741
09.09. 00:00;26,5822
09.09. 01:00;22,7369
09.09. 02:00;21,1044
09.09. 03:00;21,291400000000003
09.09. 04:00;25,5693
09.09. 05:00;28,0475
09.09. 06:00;29,5915
09.09. 07:00;40,1729
09.09. 08:00;64,356
09.09. 09:00;78,036
09.09. 10:00;79,825
09.09. 11:00;82,088
09.09. 12:00;77,278
09.09. 13:00;67,444
09.09. 14:00;64,916
09.09. 15:00;69,017
09.09. 16:00;69,22399999999999
09.09. 17:00;66,991
09.09. 18:00;54,925
09.09. 19:00;38,61
09.09. 20:00;34,9807
09.09. 21:00;34,3317
09.09. 22:00;31,7945
09.09. 23:00;30,0045
10.09. 00:00;26,5822
10.09. 01:00;22,7369
10.09. 02:00;21,1044
10.09. 03:00;21,291400000000003
10.09. 04:00;25,5693
10.09. 05:00;28,0475
10.09. 06:00;29,5915
10.09. 07:00;40,1729
10.09. 08:00;64,356
10.09. 09:00;78,036
10.09. 10:00;79,825
10.09. 11:00;82,088
10.09. 12:00;77,278
10.09. 13:00;67,444
10.09. 14:00;64,916
10.09. 15:00;69,017
10.09. 16:00;69,22399999999999
10.09. 17:00;66,991
10.09. 18:00;54,925
10.09. 19:00;38,61
10.09. 20:00;34,9807
10.09. 21:00;34,3317
10.09. 22:00;31,7945
10.09. 23:00;30,0045
11.09. 00:00;26,5822
11.09. 01:00;22,7369
11.09. 02:00;21,1044
11.09. 03:00;21,291400000000003
11.09. 04:00;25,5693
11.09. 05:00;28,0475
11.09. 06:00;29,5915
11.09. 07:00;40,1729
11.09. 08:00;64,356
11.09. 09:00;78,036
11.09. 10:00;79,825
11.09. 11:00;82,088
11.09. 12:00;77,278
11.09. 13:00;67,444
11.09. 14:00;64,916
11.09. 15:00;69,017
11.09. 16:00;69,22399999999999
11.09. 17:00;66,991
11.09. 18:00;54,925
11.09. 19:00;38,61
11.09. 20:00;34,9807
11.09. 21:00;34,3317
11.09. 22:00;31,7945
11.09. 23:00;30,0045
12.09. 00:00;26,5822
12.09. 01:00;22,7369
12.09. 02:00;21,1044
12.09. 03:00;21,291400000000003
12.09. 04:00;25,5693
12.09. 05:00;28,0475
12.09. 06:00;29,5915
12.09. 07:00;40,1729
12.09. 08:00;64,356
12.09. 09:00;78,036
12.09. 10:00;79,825
12.09. 11:00;82,088
12.09. 12:00;77,278
12.09. 13:00;67,444
12.09. 14:00;64,916
12.09. 15:00;69,017
12.09. 16:00;69,22399999999999
12.09. 17:00;66,991
12.09. 18:00;54,925
12.09. 19:00;38,61
12.09. 20:00;34,9807
12.09. 21:00;34,3317
12.09. 22:00;31,7945
12.09. 23:00;30,0045
13.09. 00:00;26,5822
13.09. 01:00;22,7369
13.09. 02:00;21,1044
13.09. 03:00;21,291400000000003
13.09. 04:00;25,5693
13.09. 05:00;28,0475
13.09. 06:00;29,5915
13.09. 07:00;40,1729
13.09. 08:00;64,356
13.09. 09:00;78,036
13.09. 10:00;79,825
13.09. 11:00;82,088
13.09. 12:00;77,278
13.09. 13:00;67,444
13.09. 14:00;64,916
13.09. 15:00;69,017
13.09. 16:00;69,22399999999999
13.09. 17:00;66,991
13.09. 18:00;54,925
13.09. 19:00;38,61
13.09. 20:00;34,9807
13.09. 21:00;34,3317
13.09. 22:00;31,7945
13.09. 23:00;30,0045
14.09. 00:00;30,1914
14.09. 01:00;29,5226
14.09. 02:00;26,9755
14.09. 03:00;26,3265
14.09. 04:00;27,3394
14.09. 05:00;28,5097
14.09. 06:00;30,2013
14.09. 07:00;44,6964
14.09. 08:00;63,245000000000005
14.09. 09:00;69,233
14.09. 10:00;70,956
14.09. 11:00;72,763
14.09. 12:00;70,994
14.09. 13:00;62,212
14.09. 14:00;46,358999999999995
14.09. 15:00;34,9807
14.09. 16:00;30,3586
14.09. 17:00;29,6406
14.09. 18:00;30,9388
14.09. 19:00;31,3519
14.09. 20:00;33,2793
14.09. 21:00;33,5744
14.09. 22:00;30,8503
14.09. 23:00;28,3426
15.09. 00:00;26,1003
15.09. 01:00;22,3829
15.09. 02:00;20,1504
15.09. 03:00;18,911299999999997
15.09. 04:00;18,311500000000002
15.09. 05:00;18,164
15.09. 06:00;18,488599999999998
15.09. 07:00;20,8979
15.09. 08:00;21,1635
15.09. 09:00;23,061500000000002
15.09. 10:00;26,1199
15.09. 11:00;28,4211
15.09. 12:00;30,4175
15.09. 13:00;31,1158
15.09. 14:00;28,726
15.09. 15:00;25,2152
15.09. 16:00;23,6515
15.09. 17:00;26,5626
15.09. 18:00;29,6604
15.09. 19:00;30,9879
15.09. 20:00;32,6894
15.09. 21:00;32,1583
15.09. 22:00;29,2375
15.09. 23:00;25,8741
16.09. 00:00;26,5822
16.09. 01:00;22,7369
16.09. 02:00;21,1044
16.09. 03:00;21,291400000000003
16.09. 04:00;25,5693
16.09. 05:00;28,0475
16.09. 06:00;29,5915
16.09. 07:00;40,1729
16.09. 08:00;64,356
16.09. 09:00;78,036
16.09. 10:00;79,825
16.09. 11:00;82,088
16.09. 12:00;77,278
16.09. 13:00;67,444
16.09. 14:00;64,916
16.09. 15:00;69,017
16.09. 16:00;69,22399999999999
16.09. 17:00;66,991
16.09. 18:00;54,925
16.09. 19:00;38,61
16.09. 20:00;34,9807
16.09. 21:00;34,3317
16.09. 22:00;31,7945
16.09. 23:00;30,0045
17.09. 00:00;26,5822
17.09. 01:00;22,7369
17.09. 02:00;21,1044
17.09. 03:00;21,291400000000003
17.09. 04:00;25,5693
17.09. 05:00;28,0475
17.09. 06:00;29,5915
17.09. 07:00;40,1729
17.09. 08:00;64,356
17.09. 09:00;78,036
17.09. 10:00;79,825
17.09. 11:00;82,088
17.09. 12:00;77,278
17.09. 13:00;67,444
17.09. 14:00;64,916
17.09. 15:00;69,017
17.09. 16:00;69,22399999999999
17.09. 17:00;66,991
17.09. 18:00;54,925
17.09. 19:00;38,61
17.09. 20:00;34,9807
17.09. 21:00;34,3317
17.09. 22:00;31,7945
17.09. 23:00;30,0045
18.09. 00:00;26,5822
18.09. 01:00;22,7369
18.09. 02:00;21,1044
18.09. 03:00;21,291400000000003
18.09. 04:00;25,5693
18.09. 05:00;28,0475
18.09. 06:00;29,5915
18.09. 07:00;40,1729
18.09. 08:00;64,356
18.09. 09:00;78,036
18.09. 10:00;79,825
18.09. 11:00;82,088
18.09. 12:00;77,278
18.09. 13:00;67,444
18.09. 14:00;64,916
18.09. 15:00;69,017
18.09. 16:00;69,22399999999999
18.09. 17:00;66,991
18.09. 18:00;54,925
18.09. 19:00;38,61
18.09. 20:00;34,9807
18.09. 21:00;34,3317
18.09. 22:00;31,7945
18.09. 23:00;30,0045
19.09. 00:00;26,5822
19.09. 01:00;22,7369
19.09. 02:00;21,1044
19.09. 03:00;21,291400000000003
19.09. 04:00;25,5693
19.09. 05:00;28,0475
19.09. 06:00;29,5915
19.09. 07:00;40,1729
19.09. 08:00;64,356
19.09. 09:00;78,036
19.09. 10:00;79,825
19.09. 11:00;82,088
19.09. 12:00;77,278
19.09. 13:00;67,444
19.09. 14:00;64,916
19.09. 15:00;69,017
19.09. 16:00;69,22399999999999
19.09. 17:00;66,991
19.09. 18:00;54,925
19.09. 19:00;38,61
19.09. 20:00;34,9807
19.09. 21:00;34,3317
19.09. 22:00;31,7945
19.09. 23:00;30,0045
20.09. 00:00;26,5822
20.09. 01:00;22,7369
20.09. 02:00;21,1044
20.09. 03:00;21,291400000000003
20.09. 04:00;25,5693
20.09. 05:00;28,0475
20.09. 06:00;29,5915
20.09. 07:00;40,1729
20.09. 08:00;64,356
20.09. 09:00;78,036
20.09. 10:00;79,825
20.09. 11:00;82,088
20.09. 12:00;77,278
20.09. 13:00;67,444
20.09. 14:00;64,916
20.09. 15:00;69,017
20.09. 16:00;69,22399999999999
20.09. 17:00;66,991
20.09. 18:00;54,925
20.09. 19:00;38,61
20.09. 20:00;34,9807
20.09. 21:00;34,3317
20.09. 22:00;31,7945
20.09. 23:00;30,0045
21.09. 00:00;30,3585
21.09. 01:00;30,2503
21.09. 02:00;27,418100000000003
21.09. 03:00;26,7395
21.09. 04:00;27,664
21.09. 05:00;28,5392
21.09. 06:00;29,4243
21.09. 07:00;44,7262
21.09. 08:00;66,31299999999999
21.09. 09:00;73,669
21.09. 10:00;75,144
21.09. 11:00;76,727
21.09. 12:00;75,557
21.09. 13:00;66,383
21.09. 14:00;49,525999999999996
21.09. 15:00;37,3214
21.09. 16:00;31,0667
21.09. 17:00;31,410899999999998
21.09. 18:00;33,1024
21.09. 19:00;34,0858
21.09. 20:00;35,8559
21.09. 21:00;34,5873
21.09. 22:00;31,5977
21.09. 23:00;28,6671
22.09. 00:00;25,7659
22.09. 01:00;22,323900000000002
22.09. 02:00;19,2163
22.09. 03:00;17,5838
22.09. 04:00;17,1708
22.09. 05:00;17,8002
22.09. 06:00;17,8886
22.09. 07:00;19,6294
22.09. 08:00;20,9471
22.09. 09:00;23,9957
22.09. 10:00;27,1723
22.09. 11:00;30,2208
22.09. 12:00;32,561499999999995
22.09. 13:00;31,9813
22.09. 14:00;29,1981
22.09. 15:00;26,296999999999997
22.09. 16:00;24,399
22.09. 17:00;28,4998
22.09. 18:00;31,578
22.09. 19:00;33,0924
22.09. 20:00;34,734700000000004
22.09. 21:00;32,6697
22.09. 22:00;28,6571
22.09. 23:00;25,5594
23.09. 00:00;27,0149
23.09. 01:00;23,6024
23.09. 02:00;21,7536
23.09. 03:00;21,8716
23.09. 04:00;25,9921
23.09. 05:00;29,5226
23.09. 06:00;31,9517
23.09. 07:00;42,4154
23.09. 08:00;68,575
23.09. 09:00;83,131
23.09. 10:00;84,25
23.09. 11:00;86,828
23.09. 12:00;80,779
23.09. 13:00;68,8
23.09. 14:00;64,984
23.09. 15:00;70,344
23.09. 16:00;71,938
23.09. 17:00;70,601
23.09. 18:00;56,705
23.09. 19:00;39,9471
23.09. 20:00;35,8363
23.09. 21:00;33,8891
23.09. 22:00;32,1287
23.09. 23:00;30,8503
24.09. 00:00;27,0149
24.09. 01:00;23,6024
24.09. 02:00;21,7536
24.09. 03:00;21,8716
24.09. 04:00;25,9921
24.09. 05:00;29,5226
24.09. 06:00;31,9517
24.09. 07:00;42,4154
24.09. 08:00;68,575
24.09. 09:00;83,131
24.09. 10:00;84,25
24.09. 11:00;86,828
24.09. 12:00;80,779
24.09. 13:00;68,8
24.09. 14:00;64,984
24.09. 15:00;70,344
24.09. 16:00;71,938
24.09. 17:00;70,601
24.09. 18:00;56,705
24.09. 19:00;39,9471
24.09. 20:00;35,8363
24.09. 21:00;33,8891
24.09. 22:00;32,1287
24.09. 23:00;30,8503
25.09. 00:00;27,0149
25.09. 01:00;23,6024
25.09. 02:00;21,7536
25.09. 03:00;21,8716
25.09. 04:00;25,9921
25.09. 05:00;29,5226
25.09. 06:00;31,9517
25.09. 07:00;42,4154
25.09. 08:00;68,575
25.09. 09:00;83,131
25.09. 10:00;84,25
25.09. 11:00;86,828
25.09. 12:00;80,779
25.09. 13:00;68,8
25.09. 14:00;64,984
25.09. 15:00;70,344
25.09. 16:00;71,938
25.09. 17:00;70,601
25.09. 18:00;56,705
25.09. 19:00;39,9471
25.09. 20:00;35,8363
25.09. 21:00;33,8891
25.09. 22:00;32,1287
25.09. 23:00;30,8503
26.09. 00:00;27,0149
26.09. 01:00;23,6024
26.09. 02:00;21,7536
26.09. 03:00;21,8716
26.09. 04:00;25,9921
26.09. 05:00;29,5226
26.09. 06:00;31,9517
26.09. 07:00;42,4154
26.09. 08:00;68,575
26.09. 09:00;83,131
26.09. 10:00;84,25
26.09. 11:00;86,828
26.09. 12:00;80,779
26.09. 13:00;68,8
26.09. 14:00;64,984
26.09. 15:00;70,344
26.09. 16:00;71,938
26.09. 17:00;70,601
26.09. 18:00;56,705
26.09. 19:00;39,9471
26.09. 20:00;35,8363
26.09. 21:00;33,8891
26.09. 22:00;32,1287
26.09. 23:00;30,8503
27.09. 00:00;27,0149
27.09. 01:00;23,6024
27.09. 02:00;21,7536
27.09. 03:00;21,8716
27.09. 04:00;25,9921
27.09. 05:00;29,5226
27.09. 06:00;31,9517
27.09. 07:00;42,4154
27.09. 08:00;68,575
27.09. 09:00;83,131
27.09. 10:00;84,25
27.09. 11:00;86,828
27.09. 12:00;80,779
27.09. 13:00;68,8
27.09. 14:00;64,984
27.09. 15:00;70,344
27.09. 16:00;71,938
27.09. 17:00;70,601
27.09. 18:00;56,705
27.09. 19:00;39,9471
27.09. 20:00;35,8363
27.09. 21:00;33,8891
27.09. 22:00;32,1287
27.09. 23:00;30,8503
28.09. 00:00;30,3585
28.09. 01:00;30,2503
28.09. 02:00;27,418100000000003
28.09. 03:00;26,7395
28.09. 04:00;27,664
28.09. 05:00;28,5392
28.09. 06:00;29,4243
28.09. 07:00;44,7262
28.09. 08:00;66,31299999999999
28.09. 09:00;73,669
28.09. 10:00;75,144
28.09. 11:00;76,727
28.09. 12:00;75,557
28.09. 13:00;66,383
28.09. 14:00;49,525999999999996
28.09. 15:00;37,3214
28.09. 16:00;31,0667
28.09. 17:00;31,410899999999998
28.09. 18:00;33,1024
28.09. 19:00;34,0858
28.09. 20:00;35,8559
28.09. 21:00;34,5873
28.09. 22:00;31,5977
28.09. 23:00;28,6671
29.09. 00:00;25,7659
29.09. 01:00;22,323900000000002
29.09. 02:00;19,2163
29.09. 03:00;17,5838
29.09. 04:00;17,1708
29.09. 05:00;17,8002
29.09. 06:00;17,8886
29.09. 07:00;19,6294
29.09. 08:00;20,9471
29.09. 09:00;23,9957
29.09. 10:00;27,1723
29.09. 11:00;30,2208
29.09. 12:00;32,561499999999995
29.09. 13:00;31,9813
29.09. 14:00;29,1981
29.09. 15:00;26,296999999999997
29.09. 16:00;24,399
29.09. 17:00;28,4998
29.09. 18:00;31,578
29.09. 19:00;33,0924
29.09. 20:00;34,734700000000004
29.09. 21:00;32,6697
29.09. 22:00;28,6571
29.09. 23:00;25,5594
30.09. 00:00;27,0149
30.09. 01:00;23,6024
30.09. 02:00;21,7536
30.09. 03:00;21,8716
30.09. 04:00;25,9921
30.09. 05:00;29,5226
30.09. 06:00;31,9517
30.09. 07:00;42,4154
30.09. 08:00;68,575
30.09. 09:00;83,131
30.09. 10:00;84,25
30.09. 11:00;86,828
30.09. 12:00;80,779
30.09. 13:00;68,8
30.09. 14:00;64,984
30.09. 15:00;70,344
30.09. 16:00;71,938
30.09. 17:00;70,601
30.09. 18:00;56,705
30.09. 19:00;39,9471
30.09. 20:00;35,8363
30.09. 21:00;33,8891
30.09. 22:00;32,1287
30.09. 23:00;30,8503
01.10. 00:00;27,0149
01.10. 01:00;23,6024
01.10. 02:00;21,7536
01.10. 03:00;21,8716
01.10. 04:00;25,9921
01.10. 05:00;29,5226
01.10. 06:00;31,9517
01.10. 07:00;42,4154
01.10. 08:00;68,575
01.10. 09:00;83,131
01.10. 10:00;84,25
01.10. 11:00;86,828
01.10. 12:00;80,779
01.10. 13:00;68,8
01.10. 14:00;64,984
01.10. 15:00;70,344
01.10. 16:00;71,938
01.10. 17:00;70,601
01.10. 18:00;56,705
01.10. 19:00;39,9471
01.10. 20:00;35,8363
01.10. 21:00;33,8891
01.10. 22:00;32,1287
01.10. 23:00;30,8503
02.10. 00:00;27,0149
02.10. 01:00;23,6024
02.10. 02:00;21,7536
02.10. 03:00;21,8716
02.10. 04:00;25,9921
02.10. 05:00;29,5226
02.10. 06:00;31,9517
02.10. 07:00;42,4154
02.10. 08:00;68,575
02.10. 09:00;83,131
02.10. 10:00;84,25
02.10. 11:00;86,828
02.10. 12:00;80,779
02.10. 13:00;68,8
02.10. 14:00;64,984
02.10. 15:00;70,344
02.10. 16:00;71,938
02.10. 17:00;70,601
02.10. 18:00;56,705
02.10. 19:00;39,9471
02.10. 20:00;35,8363
02.10. 21:00;33,8891
02.10. 22:00;32,1287
02.10. 23:00;30,8503
03.10. 00:00;27,0149
03.10. 01:00;23,6024
03.10. 02:00;21,7536
03.10. 03:00;21,8716
03.10. 04:00;25,9921
03.10. 05:00;29,5226
03.10. 06:00;31,9517
03.10. 07:00;42,4154
03.10. 08:00;68,575
03.10. 09:00;83,131
03.10. 10:00;84,25
03.10. 11:00;86,828
03.10. 12:00;80,779
03.10. 13:00;68,8
03.10. 14:00;64,984
03.10. 15:00;70,344
03.10. 16:00;71,938
03.10. 17:00;70,601
03.10. 18:00;56,705
03.10. 19:00;39,9471
03.10. 20:00;35,8363
03.10. 21:00;33,8891
03.10. 22:00;32,1287
03.10. 23:00;30,8503
04.10. 00:00;27,0149
04.10. 01:00;23,6024
04.10. 02:00;21,7536
04.10. 03:00;21,8716
04.10. 04:00;25,9921
04.10. 05:00;29,5226
04.10. 06:00;31,9517
04.10. 07:00;42,4154
04.10. 08:00;68,575
04.10. 09:00;83,131
04.10. 10:00;84,25
04.10. 11:00;86,828
04.10. 12:00;80,779
04.10. 13:00;68,8
04.10. 14:00;64,984
04.10. 15:00;70,344
04.10. 16:00;71,938
04.10. 17:00;70,601
04.10. 18:00;56,705
04.10. 19:00;39,9471
04.10. 20:00;35,8363
04.10. 21:00;33,8891
04.10. 22:00;32,1287
04.10. 23:00;30,8503
05.10. 00:00;30,3585
05.10. 01:00;30,2503
05.10. 02:00;27,418100000000003
05.10. 03:00;26,7395
05.10. 04:00;27,664
05.10. 05:00;28,5392
05.10. 06:00;29,4243
05.10. 07:00;44,7262
05.10. 08:00;66,31299999999999
05.10. 09:00;73,669
05.10. 10:00;75,144
05.10. 11:00;76,727
05.10. 12:00;75,557
05.10. 13:00;66,383
05.10. 14:00;49,525999999999996
05.10. 15:00;37,3214
05.10. 16:00;31,0667
05.10. 17:00;31,410899999999998
05.10. 18:00;33,1024
05.10. 19:00;34,0858
05.10. 20:00;35,8559
05.10. 21:00;34,5873
05.10. 22:00;31,5977
05.10. 23:00;28,6671
06.10. 00:00;25,7659
06.10. 01:00;22,323900000000002
06.10. 02:00;19,2163
06.10. 03:00;17,5838
06.10. 04:00;17,1708
06.10. 05:00;17,8002
06.10. 06:00;17,8886
06.10. 07:00;19,6294
06.10. 08:00;20,9471
06.10. 09:00;23,9957
06.10. 10:00;27,1723
06.10. 11:00;30,2208
06.10. 12:00;32,561499999999995
06.10. 13:00;31,9813
06.10. 14:00;29,1981
06.10. 15:00;26,296999999999997
06.10. 16:00;24,399
06.10. 17:00;28,4998
06.10. 18:00;31,578
06.10. 19:00;33,0924
06.10. 20:00;34,734700000000004
06.10. 21:00;32,6697
06.10. 22:00;28,6571
06.10. 23:00;25,5594
07.10. 00:00;27,0149
07.10. 01:00;23,6024
07.10. 02:00;21,7536
07.10. 03:00;21,8716
07.10. 04:00;25,9921
07.10. 05:00;29,5226
07.10. 06:00;31,9517
07.10. 07:00;42,4154
07.10. 08:00;68,575
07.10. 09:00;83,131
07.10. 10:00;84,25
07.10. 11:00;86,828
07.10. 12:00;80,779
07.10. 13:00;68,8
07.10. 14:00;64,984
07.10. 15:00;70,344
07.10. 16:00;71,938
07.10. 17:00;70,601
07.10. 18:00;56,705
07.10. 19:00;39,9471
07.10. 20:00;35,8363
07.10. 21:00;33,8891
07.10. 22:00;32,1287
07.10. 23:00;30,8503
08.10. 00:00;27,0149
08.10. 01:00;23,6024
08.10. 02:00;21,7536
08.10. 03:00;21,8716
08.10. 04:00;25,9921
08.10. 05:00;29,5226
08.10. 06:00;31,9517
08.10. 07:00;42,4154
08.10. 08:00;68,575
08.10. 09:00;83,131
08.10. 10:00;84,25
08.10. 11:00;86,828
08.10. 12:00;80,779
08.10. 13:00;68,8
08.10. 14:00;64,984
08.10. 15:00;70,344
08.10. 16:00;71,938
08.10. 17:00;70,601
08.10. 18:00;56,705
08.10. 19:00;39,9471
08.10. 20:00;35,8363
08.10. 21:00;33,8891
08.10. 22:00;32,1287
08.10. 23:00;30,8503
09.10. 00:00;27,0149
09.10. 01:00;23,6024
09.10. 02:00;21,7536
09.10. 03:00;21,8716
09.10. 04:00;25,9921
09.10. 05:00;29,5226
09.10. 06:00;31,9517
09.10. 07:00;42,4154
09.10. 08:00;68,575
09.10. 09:00;83,131
09.10. 10:00;84,25
09.10. 11:00;86,828
09.10. 12:00;80,779
09.10. 13:00;68,8
09.10. 14:00;64,984
09.10. 15:00;70,344
09.10. 16:00;71,938
09.10. 17:00;70,601
09.10. 18:00;56,705
09.10. 19:00;39,9471
09.10. 20:00;35,8363
09.10. 21:00;33,8891
09.10. 22:00;32,1287
09.10. 23:00;30,8503
10.10. 00:00;27,0149
10.10. 01:00;23,6024
10.10. 02:00;21,7536
10.10. 03:00;21,8716
10.10. 04:00;25,9921
10.10. 05:00;29,5226
10.10. 06:00;31,9517
10.10. 07:00;42,4154
10.10. 08:00;68,575
10.10. 09:00;83,131
10.10. 10:00;84,25
10.10. 11:00;86,828
10.10. 12:00;80,779
10.10. 13:00;68,8
10.10. 14:00;64,984
10.10. 15:00;70,344
10.10. 16:00;71,938
10.10. 17:00;70,601
10.10. 18:00;56,705
10.10. 19:00;39,9471
10.10. 20:00;35,8363
10.10. 21:00;33,8891
10.10. 22:00;32,1287
10.10. 23:00;30,8503
11.10. 00:00;27,0149
11.10. 01:00;23,6024
11.10. 02:00;21,7536
11.10. 03:00;21,8716
11.10. 04:00;25,9921
11.10. 05:00;29,5226
11.10. 06:00;31,9517
11.10. 07:00;42,4154
11.10. 08:00;68,575
11.10. 09:00;83,131
11.10. 10:00;84,25
11.10. 11:00;86,828
11.10. 12:00;80,779
11.10. 13:00;68,8
11.10. 14:00;64,984
11.10. 15:00;70,344
11.10. 16:00;71,938
11.10. 17:00;70,601
11.10. 18:00;56,705
11.10. 19:00;39,9471
11.10. 20:00;35,8363
11.10. 21:00;33,8891
11.10. 22:00;32,1287
11.10. 23:00;30,8503
12.10. 00:00;30,3585
12.10. 01:00;30,2503
12.10. 02:00;27,418100000000003
12.10. 03:00;26,7395
12.10. 04:00;27,664
12.10. 05:00;28,5392
12.10. 06:00;29,4243
12.10. 07:00;44,7262
12.10. 08:00;66,31299999999999
12.10. 09:00;73,669
12.10. 10:00;75,144
12.10. 11:00;76,727
12.10. 12:00;75,557
12.10. 13:00;66,383
12.10. 14:00;49,525999999999996
12.10. 15:00;37,3214
12.10. 16:00;31,0667
12.10. 17:00;31,410899999999998
12.10. 18:00;33,1024
12.10. 19:00;34,0858
12.10. 20:00;35,8559
12.10. 21:00;34,5873
12.10. 22:00;31,5977
12.10. 23:00;28,6671
13.10. 00:00;25,7659
13.10. 01:00;22,323900000000002
13.10. 02:00;19,2163
13.10. 03:00;17,5838
13.10. 04:00;17,1708
13.10. 05:00;17,8002
13.10. 06:00;17,8886
13.10. 07:00;19,6294
13.10. 08:00;20,9471
13.10. 09:00;23,9957
13.10. 10:00;27,1723
13.10. 11:00;30,2208
13.10. 12:00;32,561499999999995
13.10. 13:00;31,9813
13.10. 14:00;29,1981
13.10. 15:00;26,296999999999997
13.10. 16:00;24,399
13.10. 17:00;28,4998
13.10. 18:00;31,578
13.10. 19:00;33,0924
13.10. 20:00;34,734700000000004
13.10. 21:00;32,6697
13.10. 22:00;28,6571
13.10. 23:00;25,5594
14.10. 00:00;27,0149
14.10. 01:00;23,6024
14.10. 02:00;21,7536
14.10. 03:00;21,8716
14.10. 04:00;25,9921
14.10. 05:00;29,5226
14.10. 06:00;31,9517
14.10. 07:00;42,4154
14.10. 08:00;68,575
14.10. 09:00;83,131
14.10. 10:00;84,25
14.10. 11:00;86,828
14.10. 12:00;80,779
14.10. 13:00;68,8
14.10. 14:00;64,984
14.10. 15:00;70,344
14.10. 16:00;71,938
14.10. 17:00;70,601
14.10. 18:00;56,705
14.10. 19:00;39,9471
14.10. 20:00;35,8363
14.10. 21:00;33,8891
14.10. 22:00;32,1287
14.10. 23:00;30,8503
15.10. 00:00;27,0149
15.10. 01:00;23,6024
15.10. 02:00;21,7536
15.10. 03:00;21,8716
15.10. 04:00;25,9921
15.10. 05:00;29,5226
15.10. 06:00;31,9517
15.10. 07:00;42,4154
15.10. 08:00;68,575
15.10. 09:00;83,131
15.10. 10:00;84,25
15.10. 11:00;86,828
15.10. 12:00;80,779
15.10. 13:00;68,8
15.10. 14:00;64,984
15.10. 15:00;70,344
15.10. 16:00;71,938
15.10. 17:00;70,601
15.10. 18:00;56,705
15.10. 19:00;39,9471
15.10. 20:00;35,8363
15.10. 21:00;33,8891
15.10. 22:00;32,1287
15.10. 23:00;30,8503
16.10. 00:00;27,0149
16.10. 01:00;23,6024
16.10. 02:00;21,7536
16.10. 03:00;21,8716
16.10. 04:00;25,9921
16.10. 05:00;29,5226
16.10. 06:00;31,9517
16.10. 07:00;42,4154
16.10. 08:00;68,575
16.10. 09:00;83,131
16.10. 10:00;84,25
16.10. 11:00;86,828
16.10. 12:00;80,779
16.10. 13:00;68,8
16.10. 14:00;64,984
16.10. 15:00;70,344
16.10. 16:00;71,938
16.10. 17:00;70,601
16.10. 18:00;56,705
16.10. 19:00;39,9471
16.10. 20:00;35,8363
16.10. 21:00;33,8891
16.10. 22:00;32,1287
16.10. 23:00;30,8503
17.10. 00:00;27,0149
17.10. 01:00;23,6024
17.10. 02:00;21,7536
17.10. 03:00;21,8716
17.10. 04:00;25,9921
17.10. 05:00;29,5226
17.10. 06:00;31,9517
17.10. 07:00;42,4154
17.10. 08:00;68,575
17.10. 09:00;83,131
17.10. 10:00;84,25
17.10. 11:00;86,828
17.10. 12:00;80,779
17.10. 13:00;68,8
17.10. 14:00;64,984
17.10. 15:00;70,344
17.10. 16:00;71,938
17.10. 17:00;70,601
17.10. 18:00;56,705
17.10. 19:00;39,9471
17.10. 20:00;35,8363
17.10. 21:00;33,8891
17.10. 22:00;32,1287
17.10. 23:00;30,8503
18.10. 00:00;27,0149
18.10. 01:00;23,6024
18.10. 02:00;21,7536
18.10. 03:00;21,8716
18.10. 04:00;25,9921
18.10. 05:00;29,5226
18.10. 06:00;31,9517
18.10. 07:00;42,4154
18.10. 08:00;68,575
18.10. 09:00;83,131
18.10. 10:00;84,25
18.10. 11:00;86,828
18.10. 12:00;80,779
18.10. 13:00;68,8
18.10. 14:00;64,984
18.10. 15:00;70,344
18.10. 16:00;71,938
18.10. 17:00;70,601
18.10. 18:00;56,705
18.10. 19:00;39,9471
18.10. 20:00;35,8363
18.10. 21:00;33,8891
18.10. 22:00;32,1287
18.10. 23:00;30,8503
19.10. 00:00;30,3585
19.10. 01:00;30,2503
19.10. 02:00;27,418100000000003
19.10. 03:00;26,7395
19.10. 04:00;27,664
19.10. 05:00;28,5392
19.10. 06:00;29,4243
19.10. 07:00;44,7262
19.10. 08:00;66,31299999999999
19.10. 09:00;73,669
19.10. 10:00;75,144
19.10. 11:00;76,727
19.10. 12:00;75,557
19.10. 13:00;66,383
19.10. 14:00;49,525999999999996
19.10. 15:00;37,3214
19.10. 16:00;31,0667
19.10. 17:00;31,410899999999998
19.10. 18:00;33,1024
19.10. 19:00;34,0858
19.10. 20:00;35,8559
19.10. 21:00;34,5873
19.10. 22:00;31,5977
19.10. 23:00;28,6671
20.10. 00:00;25,7659
20.10. 01:00;22,323900000000002
20.10. 02:00;19,2163
20.10. 03:00;17,5838
20.10. 04:00;17,1708
20.10. 05:00;17,8002
20.10. 06:00;17,8886
20.10. 07:00;19,6294
20.10. 08:00;20,9471
20.10. 09:00;23,9957
20.10. 10:00;27,1723
20.10. 11:00;30,2208
20.10. 12:00;32,561499999999995
20.10. 13:00;31,9813
20.10. 14:00;29,1981
20.10. 15:00;26,296999999999997
20.10. 16:00;24,399
20.10. 17:00;28,4998
20.10. 18:00;31,578
20.10. 19:00;33,0924
20.10. 20:00;34,734700000000004
20.10. 21:00;32,6697
20.10. 22:00;28,6571
20.10. 23:00;25,5594
21.10. 00:00;27,0149
21.10. 01:00;23,6024
21.10. 02:00;21,7536
21.10. 03:00;21,8716
21.10. 04:00;25,9921
21.10. 05:00;29,5226
21.10. 06:00;31,9517
21.10. 07:00;42,4154
21.10. 08:00;68,575
21.10. 09:00;83,131
21.10. 10:00;84,25
21.10. 11:00;86,828
21.10. 12:00;80,779
21.10. 13:00;68,8
21.10. 14:00;64,984
21.10. 15:00;70,344
21.10. 16:00;71,938
21.10. 17:00;70,601
21.10. 18:00;56,705
21.10. 19:00;39,9471
21.10. 20:00;35,8363
21.10. 21:00;33,8891
21.10. 22:00;32,1287
21.10. 23:00;30,8503
22.10. 00:00;27,0149
22.10. 01:00;23,6024
22.10. 02:00;21,7536
22.10. 03:00;21,8716
22.10. 04:00;25,9921
22.10. 05:00;29,5226
22.10. 06:00;31,9517
22.10. 07:00;42,4154
22.10. 08:00;68,575
22.10. 09:00;83,131
22.10. 10:00;84,25
22.10. 11:00;86,828
22.10. 12:00;80,779
22.10. 13:00;68,8
22.10. 14:00;64,984
22.10. 15:00;70,344
22.10. 16:00;71,938
22.10. 17:00;70,601
22.10. 18:00;56,705
22.10. 19:00;39,9471
22.10. 20:00;35,8363
22.10. 21:00;33,8891
22.10. 22:00;32,1287
22.10. 23:00;30,8503
23.10. 00:00;27,0149
23.10. 01:00;23,6024
23.10. 02:00;21,7536
23.10. 03:00;21,8716
23.10. 04:00;25,9921
23.10. 05:00;29,5226
23.10. 06:00;31,9517
23.10. 07:00;42,4154
23.10. 08:00;68,575
23.10. 09:00;83,131
23.10. 10:00;84,25
23.10. 11:00;86,828
23.10. 12:00;80,779
23.10. 13:00;68,8
23.10. 14:00;64,984
23.10. 15:00;70,344
23.10. 16:00;71,938
23.10. 17:00;70,601
23.10. 18:00;56,705
23.10. 19:00;39,9471
23.10. 20:00;35,8363
23.10. 21:00;33,8891
23.10. 22:00;32,1287
23.10. 23:00;30,8503
24.10. 00:00;27,0149
24.10. 01:00;23,6024
24.10. 02:00;21,7536
24.10. 03:00;21,8716
24.10. 04:00;25,9921
24.10. 05:00;29,5226
24.10. 06:00;31,9517
24.10. 07:00;42,4154
24.10. 08:00;68,575
24.10. 09:00;83,131
24.10. 10:00;84,25
24.10. 11:00;86,828
24.10. 12:00;80,779
24.10. 13:00;68,8
24.10. 14:00;64,984
24.10. 15:00;70,344
24.10. 16:00;71,938
24.10. 17:00;70,601
24.10. 18:00;56,705
24.10. 19:00;39,9471
24.10. 20:00;35,8363
24.10. 21:00;33,8891
24.10. 22:00;32,1287
24.10. 23:00;30,8503
25.10. 00:00;27,0149
25.10. 01:00;23,6024
25.10. 02:00;21,7536
25.10. 03:00;21,8716
25.10. 04:00;25,9921
25.10. 05:00;29,5226
25.10. 06:00;31,9517
25.10. 07:00;42,4154
25.10. 08:00;68,575
25.10. 09:00;83,131
25.10. 10:00;84,25
25.10. 11:00;86,828
25.10. 12:00;80,779
25.10. 13:00;68,8
25.10. 14:00;64,984
25.10. 15:00;70,344
25.10. 16:00;71,938
25.10. 17:00;70,601
25.10. 18:00;56,705
25.10. 19:00;39,9471
25.10. 20:00;35,8363
25.10. 21:00;33,8891
25.10. 22:00;32,1287
25.10. 23:00;30,8503
26.10. 00:00;30,3585
26.10. 01:00;30,2503
26.10. 02:00;27,418100000000003
26.10. 03:00;26,7395
26.10. 04:00;27,664
26.10. 05:00;28,5392
26.10. 06:00;29,4243
26.10. 07:00;44,7262
26.10. 08:00;66,31299999999999
26.10. 09:00;73,669
26.10. 10:00;75,144
26.10. 11:00;76,727
26.10. 12:00;75,557
26.10. 13:00;66,383
26.10. 14:00;49,525999999999996
26.10. 15:00;37,3214
26.10. 16:00;31,0667
26.10. 17:00;31,410899999999998
26.10. 18:00;33,1024
26.10. 19:00;34,0858
26.10. 20:00;35,8559
26.10. 21:00;34,5873
26.10. 22:00;31,5977
26.10. 23:00;28,6671
27.10. 00:00;25,7659
27.10. 01:00;22,323900000000002
27.10. 02:00;19,2163
27.10. 03:00;17,5838
27.10. 04:00;17,1708
27.10. 05:00;17,8002
27.10. 06:00;17,8886
27.10. 07:00;19,6294
27.10. 08:00;20,9471
27.10. 09:00;23,9957
27.10. 10:00;27,1723
27.10. 11:00;30,2208
27.10. 12:00;32,561499999999995
27.10. 13:00;31,9813
27.10. 14:00;29,1981
27.10. 15:00;26,296999999999997
27.10. 16:00;24,399
27.10. 17:00;28,4998
27.10. 18:00;31,578
27.10. 19:00;33,0924
27.10. 20:00;34,734700000000004
27.10. 21:00;32,6697
27.10. 22:00;28,6571
27.10. 23:00;25,5594
28.10. 00:00;27,0149
28.10. 01:00;23,6024
28.10. 02:00;21,7536
28.10. 03:00;21,8716
28.10. 04:00;25,9921
28.10. 05:00;29,5226
28.10. 06:00;31,9517
28.10. 07:00;42,4154
28.10. 08:00;68,575
28.10. 09:00;83,131
28.10. 10:00;84,25
28.10. 11:00;86,828
28.10. 12:00;80,779
28.10. 13:00;68,8
28.10. 14:00;64,984
28.10. 15:00;70,344
28.10. 16:00;71,938
28.10. 17:00;70,601
28.10. 18:00;56,705
28.10. 19:00;39,9471
28.10. 20:00;35,8363
28.10. 21:00;33,8891
28.10. 22:00;32,1287
28.10. 23:00;30,8503
29.10. 00:00;27,0149
29.10. 01:00;23,6024
29.10. 02:00;21,7536
29.10. 03:00;21,8716
29.10. 04:00;25,9921
29.10. 05:00;29,5226
29.10. 06:00;31,9517
29.10. 07:00;42,4154
29.10. 08:00;68,575
29.10. 09:00;83,131
29.10. 10:00;84,25
29.10. 11:00;86,828
29.10. 12:00;80,779
29.10. 13:00;68,8
29.10. 14:00;64,984
29.10. 15:00;70,344
29.10. 16:00;71,938
29.10. 17:00;70,601
29.10. 18:00;56,705
29.10. 19:00;39,9471
29.10. 20:00;35,8363
29.10. 21:00;33,8891
29.10. 22:00;32,1287
29.10. 23:00;30,8503
30.10. 00:00;27,0149
30.10. 01:00;23,6024
30.10. 02:00;21,7536
30.10. 03:00;21,8716
30.10. 04:00;25,9921
30.10. 05:00;29,5226
30.10. 06:00;31,9517
30.10. 07:00;42,4154
30.10. 08:00;68,575
30.10. 09:00;83,131
30.10. 10:00;84,25
30.10. 11:00;86,828
30.10. 12:00;80,779
30.10. 13:00;68,8
30.10. 14:00;64,984
30.10. 15:00;70,344
30.10. 16:00;71,938
30.10. 17:00;70,601
30.10. 18:00;56,705
30.10. 19:00;39,9471
30.10. 20:00;35,8363
30.10. 21:00;33,8891
30.10. 22:00;32,1287
30.10. 23:00;30,8503
31.10. 00:00;27,0149
31.10. 01:00;23,6024
31.10. 02:00;21,7536
31.10. 03:00;21,8716
31.10. 04:00;25,9921
31.10. 05:00;29,5226
31.10. 06:00;31,9517
31.10. 07:00;42,4154
31.10. 08:00;68,575
31.10. 09:00;83,131
31.10. 10:00;84,25
31.10. 11:00;86,828
31.10. 12:00;80,779
31.10. 13:00;68,8
31.10. 14:00;64,984
31.10. 15:00;70,344
31.10. 16:00;71,938
31.10. 17:00;70,601
31.10. 18:00;56,705
31.10. 19:00;39,9471
31.10. 20:00;35,8363
31.10. 21:00;33,8891
31.10. 22:00;32,1287
31.10. 23:00;30,8503
01.11. 00:00;27,0149
01.11. 01:00;23,6024
01.11. 02:00;21,7536
01.11. 03:00;21,8716
01.11. 04:00;25,9921
01.11. 05:00;29,5226
01.11. 06:00;31,9517
01.11. 07:00;42,4154
01.11. 08:00;68,575
01.11. 09:00;83,131
01.11. 10:00;84,25
01.11. 11:00;86,828
01.11. 12:00;80,779
01.11. 13:00;68,8
01.11. 14:00;64,984
01.11. 15:00;70,344
01.11. 16:00;71,938
01.11. 17:00;70,601
01.11. 18:00;56,705
01.11. 19:00;39,9471
01.11. 20:00;35,8363
01.11. 21:00;33,8891
01.11. 22:00;32,1287
01.11. 23:00;30,8503
02.11. 00:00;30,3585
02.11. 01:00;30,2503
02.11. 02:00;27,418100000000003
02.11. 03:00;26,7395
02.11. 04:00;27,664
02.11. 05:00;28,5392
02.11. 06:00;29,4243
02.11. 07:00;44,7262
02.11. 08:00;66,31299999999999
02.11. 09:00;73,669
02.11. 10:00;75,144
02.11. 11:00;76,727
02.11. 12:00;75,557
02.11. 13:00;66,383
02.11. 14:00;49,525999999999996
02.11. 15:00;37,3214
02.11. 16:00;31,0667
02.11. 17:00;31,410899999999998
02.11. 18:00;33,1024
02.11. 19:00;34,0858
02.11. 20:00;35,8559
02.11. 21:00;34,5873
02.11. 22:00;31,5977
02.11. 23:00;28,6671
03.11. 00:00;25,7659
03.11. 01:00;22,323900000000002
03.11. 02:00;19,2163
03.11. 03:00;17,5838
03.11. 04:00;17,1708
03.11. 05:00;17,8002
03.11. 06:00;17,8886
03.11. 07:00;19,6294
03.11. 08:00;20,9471
03.11. 09:00;23,9957
03.11. 10:00;27,1723
03.11. 11:00;30,2208
03.11. 12:00;32,561499999999995
03.11. 13:00;31,9813
03.11. 14:00;29,1981
03.11. 15:00;26,296999999999997
03.11. 16:00;24,399
03.11. 17:00;28,4998
03.11. 18:00;31,578
03.11. 19:00;33,0924
03.11. 20:00;34,734700000000004
03.11. 21:00;32,6697
03.11. 22:00;28,6571
03.11. 23:00;25,5594
04.11. 00:00;27,0149
04.11. 01:00;23,6024
04.11. 02:00;21,7536
04.11. 03:00;21,8716
04.11. 04:00;25,9921
04.11. 05:00;29,5226
04.11. 06:00;31,9517
04.11. 07:00;42,4154
04.11. 08:00;68,575
04.11. 09:00;83,131
04.11. 10:00;84,25
04.11. 11:00;86,828
04.11. 12:00;80,779
04.11. 13:00;68,8
04.11. 14:00;64,984
04.11. 15:00;70,344
04.11. 16:00;71,938
04.11. 17:00;70,601
04.11. 18:00;56,705
04.11. 19:00;39,9471
04.11. 20:00;35,8363
04.11. 21:00;33,8891
04.11. 22:00;32,1287
04.11. 23:00;30,8503
05.11. 00:00;27,0149
05.11. 01:00;23,6024
05.11. 02:00;21,7536
05.11. 03:00;21,8716
05.11. 04:00;25,9921
05.11. 05:00;29,5226
05.11. 06:00;31,9517
05.11. 07:00;42,4154
05.11. 08:00;68,575
05.11. 09:00;83,131
05.11. 10:00;84,25
05.11. 11:00;86,828
05.11. 12:00;80,779
05.11. 13:00;68,8
05.11. 14:00;64,984
05.11. 15:00;70,344
05.11. 16:00;71,938
05.11. 17:00;70,601
05.11. 18:00;56,705
05.11. 19:00;39,9471
05.11. 20:00;35,8363
05.11. 21:00;33,8891
05.11. 22:00;32,1287
05.11. 23:00;30,8503
06.11. 00:00;27,0149
06.11. 01:00;23,6024
06.11. 02:00;21,7536
06.11. 03:00;21,8716
06.11. 04:00;25,9921
06.11. 05:00;29,5226
06.11. 06:00;31,9517
06.11. 07:00;42,4154
06.11. 08:00;68,575
06.11. 09:00;83,131
06.11. 10:00;84,25
06.11. 11:00;86,828
06.11. 12:00;80,779
06.11. 13:00;68,8
06.11. 14:00;64,984
06.11. 15:00;70,344
06.11. 16:00;71,938
06.11. 17:00;70,601
06.11. 18:00;56,705
06.11. 19:00;39,9471
06.11. 20:00;35,8363
06.11. 21:00;33,8891
06.11. 22:00;32,1287
06.11. 23:00;30,8503
07.11. 00:00;27,0149
07.11. 01:00;23,6024
07.11. 02:00;21,7536
07.11. 03:00;21,8716
07.11. 04:00;25,9921
07.11. 05:00;29,5226
07.11. 06:00;31,9517
07.11. 07:00;42,4154
07.11. 08:00;68,575
07.11. 09:00;83,131
07.11. 10:00;84,25
07.11. 11:00;86,828
07.11. 12:00;80,779
07.11. 13:00;68,8
07.11. 14:00;64,984
07.11. 15:00;70,344
07.11. 16:00;71,938
07.11. 17:00;70,601
07.11. 18:00;56,705
07.11. 19:00;39,9471
07.11. 20:00;35,8363
07.11. 21:00;33,8891
07.11. 22:00;32,1287
07.11. 23:00;30,8503
08.11. 00:00;27,0149
08.11. 01:00;23,6024
08.11. 02:00;21,7536
08.11. 03:00;21,8716
08.11. 04:00;25,9921
08.11. 05:00;29,5226
08.11. 06:00;31,9517
08.11. 07:00;42,4154
08.11. 08:00;68,575
08.11. 09:00;83,131
08.11. 10:00;84,25
08.11. 11:00;86,828
08.11. 12:00;80,779
08.11. 13:00;68,8
08.11. 14:00;64,984
08.11. 15:00;70,344
08.11. 16:00;71,938
08.11. 17:00;70,601
08.11. 18:00;56,705
08.11. 19:00;39,9471
08.11. 20:00;35,8363
08.11. 21:00;33,8891
08.11. 22:00;32,1287
08.11. 23:00;30,8503
09.11. 00:00;30,3585
09.11. 01:00;30,2503
09.11. 02:00;27,418100000000003
09.11. 03:00;26,7395
09.11. 04:00;27,664
09.11. 05:00;28,5392
09.11. 06:00;29,4243
09.11. 07:00;44,7262
09.11. 08:00;66,31299999999999
09.11. 09:00;73,669
09.11. 10:00;75,144
09.11. 11:00;76,727
09.11. 12:00;75,557
09.11. 13:00;66,383
09.11. 14:00;49,525999999999996
09.11. 15:00;37,3214
09.11. 16:00;31,0667
09.11. 17:00;31,410899999999998
09.11. 18:00;33,1024
09.11. 19:00;34,0858
09.11. 20:00;35,8559
09.11. 21:00;34,5873
09.11. 22:00;31,5977
09.11. 23:00;28,6671
10.11. 00:00;25,7659
10.11. 01:00;22,323900000000002
10.11. 02:00;19,2163
10.11. 03:00;17,5838
10.11. 04:00;17,1708
10.11. 05:00;17,8002
10.11. 06:00;17,8886
10.11. 07:00;19,6294
10.11. 08:00;20,9471
10.11. 09:00;23,9957
10.11. 10:00;27,1723
10.11. 11:00;30,2208
10.11. 12:00;32,561499999999995
10.11. 13:00;31,9813
10.11. 14:00;29,1981
10.11. 15:00;26,296999999999997
10.11. 16:00;24,399
10.11. 17:00;28,4998
10.11. 18:00;31,578
10.11. 19:00;33,0924
10.11. 20:00;34,734700000000004
10.11. 21:00;32,6697
10.11. 22:00;28,6571
10.11. 23:00;25,5594
11.11. 00:00;27,0149
11.11. 01:00;23,6024
11.11. 02:00;21,7536
11.11. 03:00;21,8716
11.11. 04:00;25,9921
11.11. 05:00;29,5226
11.11. 06:00;31,9517
11.11. 07:00;42,4154
11.11. 08:00;68,575
11.11. 09:00;83,131
11.11. 10:00;84,25
11.11. 11:00;86,828
11.11. 12:00;80,779
11.11. 13:00;68,8
11.11. 14:00;64,984
11.11. 15:00;70,344
11.11. 16:00;71,938
11.11. 17:00;70,601
11.11. 18:00;56,705
11.11. 19:00;39,9471
11.11. 20:00;35,8363
11.11. 21:00;33,8891
11.11. 22:00;32,1287
11.11. 23:00;30,8503
12.11. 00:00;27,0149
12.11. 01:00;23,6024
12.11. 02:00;21,7536
12.11. 03:00;21,8716
12.11. 04:00;25,9921
12.11. 05:00;29,5226
12.11. 06:00;31,9517
12.11. 07:00;42,4154
12.11. 08:00;68,575
12.11. 09:00;83,131
12.11. 10:00;84,25
12.11. 11:00;86,828
12.11. 12:00;80,779
12.11. 13:00;68,8
12.11. 14:00;64,984
12.11. 15:00;70,344
12.11. 16:00;71,938
12.11. 17:00;70,601
12.11. 18:00;56,705
12.11. 19:00;39,9471
12.11. 20:00;35,8363
12.11. 21:00;33,8891
12.11. 22:00;32,1287
12.11. 23:00;30,8503
13.11. 00:00;27,0149
13.11. 01:00;23,6024
13.11. 02:00;21,7536
13.11. 03:00;21,8716
13.11. 04:00;25,9921
13.11. 05:00;29,5226
13.11. 06:00;31,9517
13.11. 07:00;42,4154
13.11. 08:00;68,575
13.11. 09:00;83,131
13.11. 10:00;84,25
13.11. 11:00;86,828
13.11. 12:00;80,779
13.11. 13:00;68,8
13.11. 14:00;64,984
13.11. 15:00;70,344
13.11. 16:00;71,938
13.11. 17:00;70,601
13.11. 18:00;56,705
13.11. 19:00;39,9471
13.11. 20:00;35,8363
13.11. 21:00;33,8891
13.11. 22:00;32,1287
13.11. 23:00;30,8503
14.11. 00:00;27,0149
14.11. 01:00;23,6024
14.11. 02:00;21,7536
14.11. 03:00;21,8716
14.11. 04:00;25,9921
14.11. 05:00;29,5226
14.11. 06:00;31,9517
14.11. 07:00;42,4154
14.11. 08:00;68,575
14.11. 09:00;83,131
14.11. 10:00;84,25
14.11. 11:00;86,828
14.11. 12:00;80,779
14.11. 13:00;68,8
14.11. 14:00;64,984
14.11. 15:00;70,344
14.11. 16:00;71,938
14.11. 17:00;70,601
14.11. 18:00;56,705
14.11. 19:00;39,9471
14.11. 20:00;35,8363
14.11. 21:00;33,8891
14.11. 22:00;32,1287
14.11. 23:00;30,8503
15.11. 00:00;27,0149
15.11. 01:00;23,6024
15.11. 02:00;21,7536
15.11. 03:00;21,8716
15.11. 04:00;25,9921
15.11. 05:00;29,5226
15.11. 06:00;31,9517
15.11. 07:00;42,4154
15.11. 08:00;68,575
15.11. 09:00;83,131
15.11. 10:00;84,25
15.11. 11:00;86,828
15.11. 12:00;80,779
15.11. 13:00;68,8
15.11. 14:00;64,984
15.11. 15:00;70,344
15.11. 16:00;71,938
15.11. 17:00;70,601
15.11. 18:00;56,705
15.11. 19:00;39,9471
15.11. 20:00;35,8363
15.11. 21:00;33,8891
15.11. 22:00;32,1287
15.11. 23:00;30,8503
16.11. 00:00;30,3585
16.11. 01:00;30,2503
16.11. 02:00;27,418100000000003
16.11. 03:00;26,7395
16.11. 04:00;27,664
16.11. 05:00;28,5392
16.11. 06:00;29,4243
16.11. 07:00;44,7262
16.11. 08:00;66,31299999999999
16.11. 09:00;73,669
16.11. 10:00;75,144
16.11. 11:00;76,727
16.11. 12:00;75,557
16.11. 13:00;66,383
16.11. 14:00;49,525999999999996
16.11. 15:00;37,3214
16.11. 16:00;31,0667
16.11. 17:00;31,410899999999998
16.11. 18:00;33,1024
16.11. 19:00;34,0858
16.11. 20:00;35,8559
16.11. 21:00;34,5873
16.11. 22:00;31,5977
16.11. 23:00;28,6671
17.11. 00:00;25,7659
17.11. 01:00;22,323900000000002
17.11. 02:00;19,2163
17.11. 03:00;17,5838
17.11. 04:00;17,1708
17.11. 05:00;17,8002
17.11. 06:00;17,8886
17.11. 07:00;19,6294
17.11. 08:00;20,9471
17.11. 09:00;23,9957
17.11. 10:00;27,1723
17.11. 11:00;30,2208
17.11. 12:00;32,561499999999995
17.11. 13:00;31,9813
17.11. 14:00;29,1981
17.11. 15:00;26,296999999999997
17.11. 16:00;24,399
17.11. 17:00;28,4998
17.11. 18:00;31,578
17.11. 19:00;33,0924
17.11. 20:00;34,734700000000004
17.11. 21:00;32,6697
17.11. 22:00;28,6571
17.11. 23:00;25,5594
18.11. 00:00;27,0149
18.11. 01:00;23,6024
18.11. 02:00;21,7536
18.11. 03:00;21,8716
18.11. 04:00;25,9921
18.11. 05:00;29,5226
18.11. 06:00;31,9517
18.11. 07:00;42,4154
18.11. 08:00;68,575
18.11. 09:00;83,131
18.11. 10:00;84,25
18.11. 11:00;86,828
18.11. 12:00;80,779
18.11. 13:00;68,8
18.11. 14:00;64,984
18.11. 15:00;70,344
18.11. 16:00;71,938
18.11. 17:00;70,601
18.11. 18:00;56,705
18.11. 19:00;39,9471
18.11. 20:00;35,8363
18.11. 21:00;33,8891
18.11. 22:00;32,1287
18.11. 23:00;30,8503
19.11. 00:00;27,0149
19.11. 01:00;23,6024
19.11. 02:00;21,7536
19.11. 03:00;21,8716
19.11. 04:00;25,9921
19.11. 05:00;29,5226
19.11. 06:00;31,9517
19.11. 07:00;42,4154
19.11. 08:00;68,575
19.11. 09:00;83,131
19.11. 10:00;84,25
19.11. 11:00;86,828
19.11. 12:00;80,779
19.11. 13:00;68,8
19.11. 14:00;64,984
19.11. 15:00;70,344
19.11. 16:00;71,938
19.11. 17:00;70,601
19.11. 18:00;56,705
19.11. 19:00;39,9471
19.11. 20:00;35,8363
19.11. 21:00;33,8891
19.11. 22:00;32,1287
19.11. 23:00;30,8503
20.11. 00:00;27,0149
20.11. 01:00;23,6024
20.11. 02:00;21,7536
20.11. 03:00;21,8716
20.11. 04:00;25,9921
20.11. 05:00;29,5226
20.11. 06:00;31,9517
20.11. 07:00;42,4154
20.11. 08:00;68,575
20.11. 09:00;83,131
20.11. 10:00;84,25
20.11. 11:00;86,828
20.11. 12:00;80,779
20.11. 13:00;68,8
20.11. 14:00;64,984
20.11. 15:00;70,344
20.11. 16:00;71,938
20.11. 17:00;70,601
20.11. 18:00;56,705
20.11. 19:00;39,9471
20.11. 20:00;35,8363
20.11. 21:00;33,8891
20.11. 22:00;32,1287
20.11. 23:00;30,8503
21.11. 00:00;27,0149
21.11. 01:00;23,6024
21.11. 02:00;21,7536
21.11. 03:00;21,8716
21.11. 04:00;25,9921
21.11. 05:00;29,5226
21.11. 06:00;31,9517
21.11. 07:00;42,4154
21.11. 08:00;68,575
21.11. 09:00;83,131
21.11. 10:00;84,25
21.11. 11:00;86,828
21.11. 12:00;80,779
21.11. 13:00;68,8
21.11. 14:00;64,984
21.11. 15:00;70,344
21.11. 16:00;71,938
21.11. 17:00;70,601
21.11. 18:00;56,705
21.11. 19:00;39,9471
21.11. 20:00;35,8363
21.11. 21:00;33,8891
21.11. 22:00;32,1287
21.11. 23:00;30,8503
22.11. 00:00;27,0149
22.11. 01:00;23,6024
22.11. 02:00;21,7536
22.11. 03:00;21,8716
22.11. 04:00;25,9921
22.11. 05:00;29,5226
22.11. 06:00;31,9517
22.11. 07:00;42,4154
22.11. 08:00;68,575
22.11. 09:00;83,131
22.11. 10:00;84,25
22.11. 11:00;86,828
22.11. 12:00;80,779
22.11. 13:00;68,8
22.11. 14:00;64,984
22.11. 15:00;70,344
22.11. 16:00;71,938
22.11. 17:00;70,601
22.11. 18:00;56,705
22.11. 19:00;39,9471
22.11. 20:00;35,8363
22.11. 21:00;33,8891
22.11. 22:00;32,1287
22.11. 23:00;30,8503
23.11. 00:00;30,3585
23.11. 01:00;30,2503
23.11. 02:00;27,418100000000003
23.11. 03:00;26,7395
23.11. 04:00;27,664
23.11. 05:00;28,5392
23.11. 06:00;29,4243
23.11. 07:00;44,7262
23.11. 08:00;66,31299999999999
23.11. 09:00;73,669
23.11. 10:00;75,144
23.11. 11:00;76,727
23.11. 12:00;75,557
23.11. 13:00;66,383
23.11. 14:00;49,525999999999996
23.11. 15:00;37,3214
23.11. 16:00;31,0667
23.11. 17:00;31,410899999999998
23.11. 18:00;33,1024
23.11. 19:00;34,0858
23.11. 20:00;35,8559
23.11. 21:00;34,5873
23.11. 22:00;31,5977
23.11. 23:00;28,6671
24.11. 00:00;25,7659
24.11. 01:00;22,323900000000002
24.11. 02:00;19,2163
24.11. 03:00;17,5838
24.11. 04:00;17,1708
24.11. 05:00;17,8002
24.11. 06:00;17,8886
24.11. 07:00;19,6294
24.11. 08:00;20,9471
24.11. 09:00;23,9957
24.11. 10:00;27,1723
24.11. 11:00;30,2208
24.11. 12:00;32,561499999999995
24.11. 13:00;31,9813
24.11. 14:00;29,1981
24.11. 15:00;26,296999999999997
24.11. 16:00;24,399
24.11. 17:00;28,4998
24.11. 18:00;31,578
24.11. 19:00;33,0924
24.11. 20:00;34,734700000000004
24.11. 21:00;32,6697
24.11. 22:00;28,6571
24.11. 23:00;25,5594
25.11. 00:00;27,0149
25.11. 01:00;23,6024
25.11. 02:00;21,7536
25.11. 03:00;21,8716
25.11. 04:00;25,9921
25.11. 05:00;29,5226
25.11. 06:00;31,9517
25.11. 07:00;42,4154
25.11. 08:00;68,575
25.11. 09:00;83,131
25.11. 10:00;84,25
25.11. 11:00;86,828
25.11. 12:00;80,779
25.11. 13:00;68,8
25.11. 14:00;64,984
25.11. 15:00;70,344
25.11. 16:00;71,938
25.11. 17:00;70,601
25.11. 18:00;56,705
25.11. 19:00;39,9471
25.11. 20:00;35,8363
25.11. 21:00;33,8891
25.11. 22:00;32,1287
25.11. 23:00;30,8503
26.11. 00:00;27,0149
26.11. 01:00;23,6024
26.11. 02:00;21,7536
26.11. 03:00;21,8716
26.11. 04:00;25,9921
26.11. 05:00;29,5226
26.11. 06:00;31,9517
26.11. 07:00;42,4154
26.11. 08:00;68,575
26.11. 09:00;83,131
26.11. 10:00;84,25
26.11. 11:00;86,828
26.11. 12:00;80,779
26.11. 13:00;68,8
26.11. 14:00;64,984
26.11. 15:00;70,344
26.11. 16:00;71,938
26.11. 17:00;70,601
26.11. 18:00;56,705
26.11. 19:00;39,9471
26.11. 20:00;35,8363
26.11. 21:00;33,8891
26.11. 22:00;32,1287
26.11. 23:00;30,8503
27.11. 00:00;27,0149
27.11. 01:00;23,6024
27.11. 02:00;21,7536
27.11. 03:00;21,8716
27.11. 04:00;25,9921
27.11. 05:00;29,5226
27.11. 06:00;31,9517
27.11. 07:00;42,4154
27.11. 08:00;68,575
27.11. 09:00;83,131
27.11. 10:00;84,25
27.11. 11:00;86,828
27.11. 12:00;80,779
27.11. 13:00;68,8
27.11. 14:00;64,984
27.11. 15:00;70,344
27.11. 16:00;71,938
27.11. 17:00;70,601
27.11. 18:00;56,705
27.11. 19:00;39,9471
27.11. 20:00;35,8363
27.11. 21:00;33,8891
27.11. 22:00;32,1287
27.11. 23:00;30,8503
28.11. 00:00;27,0149
28.11. 01:00;23,6024
28.11. 02:00;21,7536
28.11. 03:00;21,8716
28.11. 04:00;25,9921
28.11. 05:00;29,5226
28.11. 06:00;31,9517
28.11. 07:00;42,4154
28.11. 08:00;68,575
28.11. 09:00;83,131
28.11. 10:00;84,25
28.11. 11:00;86,828
28.11. 12:00;80,779
28.11. 13:00;68,8
28.11. 14:00;64,984
28.11. 15:00;70,344
28.11. 16:00;71,938
28.11. 17:00;70,601
28.11. 18:00;56,705
28.11. 19:00;39,9471
28.11. 20:00;35,8363
28.11. 21:00;33,8891
28.11. 22:00;32,1287
28.11. 23:00;30,8503
29.11. 00:00;27,0149
29.11. 01:00;23,6024
29.11. 02:00;21,7536
29.11. 03:00;21,8716
29.11. 04:00;25,9921
29.11. 05:00;29,5226
29.11. 06:00;31,9517
29.11. 07:00;42,4154
29.11. 08:00;68,575
29.11. 09:00;83,131
29.11. 10:00;84,25
29.11. 11:00;86,828
29.11. 12:00;80,779
29.11. 13:00;68,8
29.11. 14:00;64,984
29.11. 15:00;70,344
29.11. 16:00;71,938
29.11. 17:00;70,601
29.11. 18:00;56,705
29.11. 19:00;39,9471
29.11. 20:00;35,8363
29.11. 21:00;33,8891
29.11. 22:00;32,1287
29.11. 23:00;30,8503
30.11. 00:00;30,3585
30.11. 01:00;30,2503
30.11. 02:00;27,418100000000003
30.11. 03:00;26,7395
30.11. 04:00;27,664
30.11. 05:00;28,5392
30.11. 06:00;29,4243
30.11. 07:00;44,7262
30.11. 08:00;66,31299999999999
30.11. 09:00;73,669
30.11. 10:00;75,144
30.11. 11:00;76,727
30.11. 12:00;75,557
30.11. 13:00;66,383
30.11. 14:00;49,525999999999996
30.11. 15:00;37,3214
30.11. 16:00;31,0667
30.11. 17:00;31,410899999999998
30.11. 18:00;33,1024
30.11. 19:00;34,0858
30.11. 20:00;35,8559
30.11. 21:00;34,5873
30.11. 22:00;31,5977
30.11. 23:00;28,6671
01.12. 00:00;25,7659
01.12. 01:00;22,323900000000002
01.12. 02:00;19,2163
01.12. 03:00;17,5838
01.12. 04:00;17,1708
01.12. 05:00;17,8002
01.12. 06:00;17,8886
01.12. 07:00;19,6294
01.12. 08:00;20,9471
01.12. 09:00;23,9957
01.12. 10:00;27,1723
01.12. 11:00;30,2208
01.12. 12:00;32,561499999999995
01.12. 13:00;31,9813
01.12. 14:00;29,1981
01.12. 15:00;26,296999999999997
01.12. 16:00;24,399
01.12. 17:00;28,4998
01.12. 18:00;31,578
01.12. 19:00;33,0924
01.12. 20:00;34,734700000000004
01.12. 21:00;32,6697
01.12. 22:00;28,6571
01.12. 23:00;25,5594
02.12. 00:00;27,0149
02.12. 01:00;23,6024
02.12. 02:00;21,7536
02.12. 03:00;21,8716
02.12. 04:00;25,9921
02.12. 05:00;29,5226
02.12. 06:00;31,9517
02.12. 07:00;42,4154
02.12. 08:00;68,575
02.12. 09:00;83,131
02.12. 10:00;84,25
02.12. 11:00;86,828
02.12. 12:00;80,779
02.12. 13:00;68,8
02.12. 14:00;64,984
02.12. 15:00;70,344
02.12. 16:00;71,938
02.12. 17:00;70,601
02.12. 18:00;56,705
02.12. 19:00;39,9471
02.12. 20:00;35,8363
02.12. 21:00;33,8891
02.12. 22:00;32,1287
02.12. 23:00;30,8503
03.12. 00:00;27,0149
03.12. 01:00;23,6024
03.12. 02:00;21,7536
03.12. 03:00;21,8716
03.12. 04:00;25,9921
03.12. 05:00;29,5226
03.12. 06:00;31,9517
03.12. 07:00;42,4154
03.12. 08:00;68,575
03.12. 09:00;83,131
03.12. 10:00;84,25
03.12. 11:00;86,828
03.12. 12:00;80,779
03.12. 13:00;68,8
03.12. 14:00;64,984
03.12. 15:00;70,344
03.12. 16:00;71,938
03.12. 17:00;70,601
03.12. 18:00;56,705
03.12. 19:00;39,9471
03.12. 20:00;35,8363
03.12. 21:00;33,8891
03.12. 22:00;32,1287
03.12. 23:00;30,8503
04.12. 00:00;27,0149
04.12. 01:00;23,6024
04.12. 02:00;21,7536
04.12. 03:00;21,8716
04.12. 04:00;25,9921
04.12. 05:00;29,5226
04.12. 06:00;31,9517
04.12. 07:00;42,4154
04.12. 08:00;68,575
04.12. 09:00;83,131
04.12. 10:00;84,25
04.12. 11:00;86,828
04.12. 12:00;80,779
04.12. 13:00;68,8
04.12. 14:00;64,984
04.12. 15:00;70,344
04.12. 16:00;71,938
04.12. 17:00;70,601
04.12. 18:00;56,705
04.12. 19:00;39,9471
04.12. 20:00;35,8363
04.12. 21:00;33,8891
04.12. 22:00;32,1287
04.12. 23:00;30,8503
05.12. 00:00;27,0149
05.12. 01:00;23,6024
05.12. 02:00;21,7536
05.12. 03:00;21,8716
05.12. 04:00;25,9921
05.12. 05:00;29,5226
05.12. 06:00;31,9517
05.12. 07:00;42,4154
05.12. 08:00;68,575
05.12. 09:00;83,131
05.12. 10:00;84,25
05.12. 11:00;86,828
05.12. 12:00;80,779
05.12. 13:00;68,8
05.12. 14:00;64,984
05.12. 15:00;70,344
05.12. 16:00;71,938
05.12. 17:00;70,601
05.12. 18:00;56,705
05.12. 19:00;39,9471
05.12. 20:00;35,8363
05.12. 21:00;33,8891
05.12. 22:00;32,1287
05.12. 23:00;30,8503
06.12. 00:00;27,0149
06.12. 01:00;23,6024
06.12. 02:00;21,7536
06.12. 03:00;21,8716
06.12. 04:00;25,9921
06.12. 05:00;29,5226
06.12. 06:00;31,9517
06.12. 07:00;42,4154
06.12. 08:00;68,575
06.12. 09:00;83,131
06.12. 10:00;84,25
06.12. 11:00;86,828
06.12. 12:00;80,779
06.12. 13:00;68,8
06.12. 14:00;64,984
06.12. 15:00;70,344
06.12. 16:00;71,938
06.12. 17:00;70,601
06.12. 18:00;56,705
06.12. 19:00;39,9471
06.12. 20:00;35,8363
06.12. 21:00;33,8891
06.12. 22:00;32,1287
06.12. 23:00;30,8503
07.12. 00:00;30,3585
07.12. 01:00;30,2503
07.12. 02:00;27,418100000000003
07.12. 03:00;26,7395
07.12. 04:00;27,664
07.12. 05:00;28,5392
07.12. 06:00;29,4243
07.12. 07:00;44,7262
07.12. 08:00;66,31299999999999
07.12. 09:00;73,669
07.12. 10:00;75,144
07.12. 11:00;76,727
07.12. 12:00;75,557
07.12. 13:00;66,383
07.12. 14:00;49,525999999999996
07.12. 15:00;37,3214
07.12. 16:00;31,0667
07.12. 17:00;31,410899999999998
07.12. 18:00;33,1024
07.12. 19:00;34,0858
07.12. 20:00;35,8559
07.12. 21:00;34,5873
07.12. 22:00;31,5977
07.12. 23:00;28,6671
08.12. 00:00;25,7659
08.12. 01:00;22,323900000000002
08.12. 02:00;19,2163
08.12. 03:00;17,5838
08.12. 04:00;17,1708
08.12. 05:00;17,8002
08.12. 06:00;17,8886
08.12. 07:00;19,6294
08.12. 08:00;20,9471
08.12. 09:00;23,9957
08.12. 10:00;27,1723
08.12. 11:00;30,2208
08.12. 12:00;32,561499999999995
08.12. 13:00;31,9813
08.12. 14:00;29,1981
08.12. 15:00;26,296999999999997
08.12. 16:00;24,399
08.12. 17:00;28,4998
08.12. 18:00;31,578
08.12. 19:00;33,0924
08.12. 20:00;34,734700000000004
08.12. 21:00;32,6697
08.12. 22:00;28,6571
08.12. 23:00;25,5594
09.12. 00:00;27,0149
09.12. 01:00;23,6024
09.12. 02:00;21,7536
09.12. 03:00;21,8716
09.12. 04:00;25,9921
09.12. 05:00;29,5226
09.12. 06:00;31,9517
09.12. 07:00;42,4154
09.12. 08:00;68,575
09.12. 09:00;83,131
09.12. 10:00;84,25
09.12. 11:00;86,828
09.12. 12:00;80,779
09.12. 13:00;68,8
09.12. 14:00;64,984
09.12. 15:00;70,344
09.12. 16:00;71,938
09.12. 17:00;70,601
09.12. 18:00;56,705
09.12. 19:00;39,9471
09.12. 20:00;35,8363
09.12. 21:00;33,8891
09.12. 22:00;32,1287
09.12. 23:00;30,8503
10.12. 00:00;27,0149
10.12. 01:00;23,6024
10.12. 02:00;21,7536
10.12. 03:00;21,8716
10.12. 04:00;25,9921
10.12. 05:00;29,5226
10.12. 06:00;31,9517
10.12. 07:00;42,4154
10.12. 08:00;68,575
10.12. 09:00;83,131
10.12. 10:00;84,25
10.12. 11:00;86,828
10.12. 12:00;80,779
10.12. 13:00;68,8
10.12. 14:00;64,984
10.12. 15:00;70,344
10.12. 16:00;71,938
10.12. 17:00;70,601
10.12. 18:00;56,705
10.12. 19:00;39,9471
10.12. 20:00;35,8363
10.12. 21:00;33,8891
10.12. 22:00;32,1287
10.12. 23:00;30,8503
11.12. 00:00;27,0149
11.12. 01:00;23,6024
11.12. 02:00;21,7536
11.12. 03:00;21,8716
11.12. 04:00;25,9921
11.12. 05:00;29,5226
11.12. 06:00;31,9517
11.12. 07:00;42,4154
11.12. 08:00;68,575
11.12. 09:00;83,131
11.12. 10:00;84,25
11.12. 11:00;86,828
11.12. 12:00;80,779
11.12. 13:00;68,8
11.12. 14:00;64,984
11.12. 15:00;70,344
11.12. 16:00;71,938
11.12. 17:00;70,601
11.12. 18:00;56,705
11.12. 19:00;39,9471
11.12. 20:00;35,8363
11.12. 21:00;33,8891
11.12. 22:00;32,1287
11.12. 23:00;30,8503
12.12. 00:00;27,0149
12.12. 01:00;23,6024
12.12. 02:00;21,7536
12.12. 03:00;21,8716
12.12. 04:00;25,9921
12.12. 05:00;29,5226
12.12. 06:00;31,9517
12.12. 07:00;42,4154
12.12. 08:00;68,575
12.12. 09:00;83,131
12.12. 10:00;84,25
12.12. 11:00;86,828
12.12. 12:00;80,779
12.12. 13:00;68,8
12.12. 14:00;64,984
12.12. 15:00;70,344
12.12. 16:00;71,938
12.12. 17:00;70,601
12.12. 18:00;56,705
12.12. 19:00;39,9471
12.12. 20:00;35,8363
12.12. 21:00;33,8891
12.12. 22:00;32,1287
12.12. 23:00;30,8503
13.12. 00:00;27,0149
13.12. 01:00;23,6024
13.12. 02:00;21,7536
13.12. 03:00;21,8716
13.12. 04:00;25,9921
13.12. 05:00;29,5226
13.12. 06:00;31,9517
13.12. 07:00;42,4154
13.12. 08:00;68,575
13.12. 09:00;83,131
13.12. 10:00;84,25
13.12. 11:00;86,828
13.12. 12:00;80,779
13.12. 13:00;68,8
13.12. 14:00;64,984
13.12. 15:00;70,344
13.12. 16:00;71,938
13.12. 17:00;70,601
13.12. 18:00;56,705
13.12. 19:00;39,9471
13.12. 20:00;35,8363
13.12. 21:00;33,8891
13.12. 22:00;32,1287
13.12. 23:00;30,8503
14.12. 00:00;30,3585
14.12. 01:00;30,2503
14.12. 02:00;27,418100000000003
14.12. 03:00;26,7395
14.12. 04:00;27,664
14.12. 05:00;28,5392
14.12. 06:00;29,4243
14.12. 07:00;44,7262
14.12. 08:00;66,31299999999999
14.12. 09:00;73,669
14.12. 10:00;75,144
14.12. 11:00;76,727
14.12. 12:00;75,557
14.12. 13:00;66,383
14.12. 14:00;49,525999999999996
14.12. 15:00;37,3214
14.12. 16:00;31,0667
14.12. 17:00;31,410899999999998
14.12. 18:00;33,1024
14.12. 19:00;34,0858
14.12. 20:00;35,8559
14.12. 21:00;34,5873
14.12. 22:00;31,5977
14.12. 23:00;28,6671
15.12. 00:00;25,7659
15.12. 01:00;22,323900000000002
15.12. 02:00;19,2163
15.12. 03:00;17,5838
15.12. 04:00;17,1708
15.12. 05:00;17,8002
15.12. 06:00;17,8886
15.12. 07:00;19,6294
15.12. 08:00;20,9471
15.12. 09:00;23,9957
15.12. 10:00;27,1723
15.12. 11:00;30,2208
15.12. 12:00;32,561499999999995
15.12. 13:00;31,9813
15.12. 14:00;29,1981
15.12. 15:00;26,296999999999997
15.12. 16:00;24,399
15.12. 17:00;28,4998
15.12. 18:00;31,578
15.12. 19:00;33,0924
15.12. 20:00;34,734700000000004
15.12. 21:00;32,6697
15.12. 22:00;28,6571
15.12. 23:00;25,5594
16.12. 00:00;27,0149
16.12. 01:00;23,6024
16.12. 02:00;21,7536
16.12. 03:00;21,8716
16.12. 04:00;25,9921
16.12. 05:00;29,5226
16.12. 06:00;31,9517
16.12. 07:00;42,4154
16.12. 08:00;68,575
16.12. 09:00;83,131
16.12. 10:00;84,25
16.12. 11:00;86,828
16.12. 12:00;80,779
16.12. 13:00;68,8
16.12. 14:00;64,984
16.12. 15:00;70,344
16.12. 16:00;71,938
16.12. 17:00;70,601
16.12. 18:00;56,705
16.12. 19:00;39,9471
16.12. 20:00;35,8363
16.12. 21:00;33,8891
16.12. 22:00;32,1287
16.12. 23:00;30,8503
17.12. 00:00;27,0149
17.12. 01:00;23,6024
17.12. 02:00;21,7536
17.12. 03:00;21,8716
17.12. 04:00;25,9921
17.12. 05:00;29,5226
17.12. 06:00;31,9517
17.12. 07:00;42,4154
17.12. 08:00;68,575
17.12. 09:00;83,131
17.12. 10:00;84,25
17.12. 11:00;86,828
17.12. 12:00;80,779
17.12. 13:00;68,8
17.12. 14:00;64,984
17.12. 15:00;70,344
17.12. 16:00;71,938
17.12. 17:00;70,601
17.12. 18:00;56,705
17.12. 19:00;39,9471
17.12. 20:00;35,8363
17.12. 21:00;33,8891
17.12. 22:00;32,1287
17.12. 23:00;30,8503
18.12. 00:00;27,0149
18.12. 01:00;23,6024
18.12. 02:00;21,7536
18.12. 03:00;21,8716
18.12. 04:00;25,9921
18.12. 05:00;29,5226
18.12. 06:00;31,9517
18.12. 07:00;42,4154
18.12. 08:00;68,575
18.12. 09:00;83,131
18.12. 10:00;84,25
18.12. 11:00;86,828
18.12. 12:00;80,779
18.12. 13:00;68,8
18.12. 14:00;64,984
18.12. 15:00;70,344
18.12. 16:00;71,938
18.12. 17:00;70,601
18.12. 18:00;56,705
18.12. 19:00;39,9471
18.12. 20:00;35,8363
18.12. 21:00;33,8891
18.12. 22:00;32,1287
18.12. 23:00;30,8503
19.12. 00:00;27,0149
19.12. 01:00;23,6024
19.12. 02:00;21,7536
19.12. 03:00;21,8716
19.12. 04:00;25,9921
19.12. 05:00;29,5226
19.12. 06:00;31,9517
19.12. 07:00;42,4154
19.12. 08:00;68,575
19.12. 09:00;83,131
19.12. 10:00;84,25
19.12. 11:00;86,828
19.12. 12:00;80,779
19.12. 13:00;68,8
19.12. 14:00;64,984
19.12. 15:00;70,344
19.12. 16:00;71,938
19.12. 17:00;70,601
19.12. 18:00;56,705
19.12. 19:00;39,9471
19.12. 20:00;35,8363
19.12. 21:00;33,8891
19.12. 22:00;32,1287
19.12. 23:00;30,8503
20.12. 00:00;27,0149
20.12. 01:00;23,6024
20.12. 02:00;21,7536
20.12. 03:00;21,8716
20.12. 04:00;25,9921
20.12. 05:00;29,5226
20.12. 06:00;31,9517
20.12. 07:00;42,4154
20.12. 08:00;68,575
20.12. 09:00;83,131
20.12. 10:00;84,25
20.12. 11:00;86,828
20.12. 12:00;80,779
20.12. 13:00;68,8
20.12. 14:00;64,984
20.12. 15:00;70,344
20.12. 16:00;71,938
20.12. 17:00;70,601
20.12. 18:00;56,705
20.12. 19:00;39,9471
20.12. 20:00;35,8363
20.12. 21:00;33,8891
20.12. 22:00;32,1287
20.12. 23:00;30,8503
21.12. 00:00;29,1588
21.12. 01:00;28,844
21.12. 02:00;25,52
21.12. 03:00;25,1267
21.12. 04:00;25,9823
21.12. 05:00;27,8016
21.12. 06:00;31,4698
21.12. 07:00;46,4866
21.12. 08:00;66,717
21.12. 09:00;76,167
21.12. 10:00;80,179
21.12. 11:00;81,595
21.12. 12:00;77,583
21.12. 13:00;67,837
21.12. 14:00;50,824
21.12. 15:00;37,6261
21.12. 16:00;32,8959
21.12. 17:00;35,8854
21.12. 18:00;38,1374
21.12. 19:00;38,1081
21.12. 20:00;36,8296
21.12. 21:00;33,5744
21.12. 22:00;30,2701
21.12. 23:00;26,9853
22.12. 00:00;23,6122
22.12. 01:00;20,8094
22.12. 02:00;18,164
22.12. 03:00;16,6889
22.12. 04:00;16,4724
22.12. 05:00;17,328
22.12. 06:00;19,491600000000002
22.12. 07:00;20,18
22.12. 08:00;19,3638
22.12. 09:00;21,802699999999998
22.12. 10:00;25,9626
22.12. 11:00;28,6375
22.12. 12:00;30,5946
22.12. 13:00;31,4994
22.12. 14:00;29,2965
22.12. 15:00;26,0216
22.12. 16:00;24,5366
22.12. 17:00;31,0667
22.12. 18:00;36,1608
22.12. 19:00;36,987
22.12. 20:00;35,088899999999995
22.12. 21:00;30,7913
22.12. 22:00;27,5853
22.12. 23:00;24,2809
23.12. 00:00;24,0647
23.12. 01:00;20,6618
23.12. 02:00;19,0294
23.12. 03:00;19,5801
23.12. 04:00;23,4057
23.12. 05:00;26,2773
23.12. 06:00;31,6863
23.12. 07:00;45,3553
23.12. 08:00;74,142
23.12. 09:00;90,131
23.12. 10:00;91,43
23.12. 11:00;94,095
23.12. 12:00;86,483
23.12. 13:00;72,322
23.12. 14:00;67,955
23.12. 15:00;74,967
23.12. 16:00;79,018
23.12. 17:00;80,268
23.12. 18:00;66,14500000000001
23.12. 19:00;45,956
23.12. 20:00;37,6064
23.12. 21:00;32,9647
23.12. 22:00;29,9257
23.12. 23:00;27,9983
24.12. 00:00;24,0647
24.12. 01:00;20,6618
24.12. 02:00;19,0294
24.12. 03:00;19,5801
24.12. 04:00;23,4057
24.12. 05:00;26,2773
24.12. 06:00;31,6863
24.12. 07:00;45,3553
24.12. 08:00;74,142
24.12. 09:00;90,131
24.12. 10:00;91,43
24.12. 11:00;94,095
24.12. 12:00;86,483
24.12. 13:00;72,322
24.12. 14:00;67,955
24.12. 15:00;74,967
24.12. 16:00;79,018
24.12. 17:00;80,268
24.12. 18:00;66,14500000000001
24.12. 19:00;45,956
24.12. 20:00;37,6064
24.12. 21:00;32,9647
24.12. 22:00;29,9257
24.12. 23:00;27,9983
25.12. 00:00;24,0647
25.12. 01:00;20,6618
25.12. 02:00;19,0294
25.12. 03:00;19,5801
25.12. 04:00;23,4057
25.12. 05:00;26,2773
25.12. 06:00;31,6863
25.12. 07:00;45,3553
25.12. 08:00;74,142
25.12. 09:00;90,131
25.12. 10:00;91,43
25.12. 11:00;94,095
25.12. 12:00;86,483
25.12. 13:00;72,322
25.12. 14:00;67,955
25.12. 15:00;74,967
25.12. 16:00;79,018
25.12. 17:00;80,268
25.12. 18:00;66,14500000000001
25.12. 19:00;45,956
25.12. 20:00;37,6064
25.12. 21:00;32,9647
25.12. 22:00;29,9257
25.12. 23:00;27,9983
26.12. 00:00;24,0647
26.12. 01:00;20,6618
26.12. 02:00;19,0294
26.12. 03:00;19,5801
26.12. 04:00;23,4057
26.12. 05:00;26,2773
26.12. 06:00;31,6863
26.12. 07:00;45,3553
26.12. 08:00;74,142
26.12. 09:00;90,131
26.12. 10:00;91,43
26.12. 11:00;94,095
26.12. 12:00;86,483
26.12. 13:00;72,322
26.12. 14:00;67,955
26.12. 15:00;74,967
26.12. 16:00;79,018
26.12. 17:00;80,268
26.12. 18:00;66,14500000000001
26.12. 19:00;45,956
26.12. 20:00;37,6064
26.12. 21:00;32,9647
26.12. 22:00;29,9257
26.12. 23:00;27,9983
27.12. 00:00;24,0647
27.12. 01:00;20,6618
27.12. 02:00;19,0294
27.12. 03:00;19,5801
27.12. 04:00;23,4057
27.12. 05:00;26,2773
27.12. 06:00;31,6863
27.12. 07:00;45,3553
27.12. 08:00;74,142
27.12. 09:00;90,131
27.12. 10:00;91,43
27.12. 11:00;94,095
27.12. 12:00;86,483
27.12. 13:00;72,322
27.12. 14:00;67,955
27.12. 15:00;74,967
27.12. 16:00;79,018
27.12. 17:00;80,268
27.12. 18:00;66,14500000000001
27.12. 19:00;45,956
27.12. 20:00;37,6064
27.12. 21:00;32,9647
27.12. 22:00;29,9257
27.12. 23:00;27,9983
28.12. 00:00;29,1588
28.12. 01:00;28,844
28.12. 02:00;25,52
28.12. 03:00;25,1267
28.12. 04:00;25,9823
28.12. 05:00;27,8016
28.12. 06:00;31,4698
28.12. 07:00;46,4866
28.12. 08:00;66,717
28.12. 09:00;76,167
28.12. 10:00;80,179
28.12. 11:00;81,595
28.12. 12:00;77,583
28.12. 13:00;67,837
28.12. 14:00;50,824
28.12. 15:00;37,6261
28.12. 16:00;32,8959
28.12. 17:00;35,8854
28.12. 18:00;38,1374
28.12. 19:00;38,1081
28.12. 20:00;36,8296
28.12. 21:00;33,5744
28.12. 22:00;30,2701
28.12. 23:00;26,9853
29.12. 00:00;23,6122
29.12. 01:00;20,8094
29.12. 02:00;18,164
29.12. 03:00;16,6889
29.12. 04:00;16,4724
29.12. 05:00;17,328
29.12. 06:00;19,491600000000002
29.12. 07:00;20,18
29.12. 08:00;19,3638
29.12. 09:00;21,802699999999998
29.12. 10:00;25,9626
29.12. 11:00;28,6375
29.12. 12:00;30,5946
29.12. 13:00;31,4994
29.12. 14:00;29,2965
29.12. 15:00;26,0216
29.12. 16:00;24,5366
29.12. 17:00;31,0667
29.12. 18:00;36,1608
29.12. 19:00;36,987
29.12. 20:00;35,088899999999995
29.12. 21:00;30,7913
29.12. 22:00;27,5853
29.12. 23:00;24,2809
30.12. 00:00;24,0647
30.12. 01:00;20,6618
30.12. 02:00;19,0294
30.12. 03:00;19,5801
30.12. 04:00;23,4057
30.12. 05:00;26,2773
30.12. 06:00;31,6863
30.12. 07:00;45,3553
30.12. 08:00;74,142
30.12. 09:00;90,131
30.12. 10:00;91,43
30.12. 11:00;94,095
30.12. 12:00;86,483
30.12. 13:00;72,322
30.12. 14:00;67,955
30.12. 15:00;74,967
30.12. 16:00;79,018
30.12. 17:00;80,268
30.12. 18:00;66,14500000000001
30.12. 19:00;45,956
30.12. 20:00;37,6064
30.12. 21:00;32,9647
30.12. 22:00;29,9257
30.12. 23:00;27,9983
31.12. 00:00;24,0647
31.12. 01:00;20,6618
31.12. 02:00;19,0294
31.12. 03:00;19,5801
31.12. 04:00;23,4057
31.12. 05:00;26,2773
31.12. 06:00;31,6863
31.12. 07:00;45,3553
31.12. 08:00;74,142
31.12. 09:00;90,131
31.12. 10:00;91,43
31.12. 11:00;94,095
31.12. 12:00;86,483
31.12. 13:00;72,322
31.12. 14:00;67,955
31.12. 15:00;74,967
31.12. 16:00;79,018
31.12. 17:00;80,268
31.12. 18:00;66,14500000000001
31.12. 19:00;45,956
31.12. 20:00;37,6064
31.12. 21:00;32,9647
31.12. 22:00;29,9257
31.12. 23:00;27,9983
