01.01. 00:00;0,0
01.01. 01:00;0,0
01.01. 02:00;0,0
01.01. 03:00;0,0
01.01. 04:00;0,0
01.01. 05:00;0,0
01.01. 06:00;0,0
01.01. 07:00;0,0
01.01. 08:00;1,6070200000000001
01.01. 09:00;24,3941
01.01. 10:00;36,740899999999996
01.01. 11:00;13,1976
01.01. 12:00;23,7482
01.01. 13:00;18,7587
01.01. 14:00;9,5549
01.01. 15:00;0,29311
01.01. 16:00;0,0
01.01. 17:00;0,0
01.01. 18:00;0,0
01.01. 19:00;0,0
01.01. 20:00;0,0
01.01. 21:00;0,0
01.01. 22:00;0,0
01.01. 23:00;0,0
02.01. 00:00;0,0
02.01. 01:00;0,0
02.01. 02:00;0,0
02.01. 03:00;0,0
02.01. 04:00;0,0
02.01. 05:00;0,0
02.01. 06:00;0,0
02.01. 07:00;0,0
02.01. 08:00;2,82458
02.01. 09:00;29,970799999999997
02.01. 10:00;60,384
02.01. 11:00;69,665
02.01. 12:00;35,0721
02.01. 13:00;3,18654
02.01. 14:00;2,61855
02.01. 15:00;0,439
02.01. 16:00;0,0
02.01. 17:00;0,0
02.01. 18:00;0,0
02.01. 19:00;0,0
02.01. 20:00;0,0
02.01. 21:00;0,0
02.01. 22:00;0,0
02.01. 23:00;0,0
03.01. 00:00;0,0
03.01. 01:00;0,0
03.01. 02:00;0,0
03.01. 03:00;0,0
03.01. 04:00;0,0
03.01. 05:00;0,0
03.01. 06:00;0,0
03.01. 07:00;0,0
03.01. 08:00;0,66675
03.01. 09:00;12,8875
03.01. 10:00;38,4592
03.01. 11:00;39,6656
03.01. 12:00;30,290399999999998
03.01. 13:00;6,36151
03.01. 14:00;12,496
03.01. 15:00;11,0304
03.01. 16:00;0,0
03.01. 17:00;0,0
03.01. 18:00;0,0
03.01. 19:00;0,0
03.01. 20:00;0,0
03.01. 21:00;0,0
03.01. 22:00;0,0
03.01. 23:00;0,0
04.01. 00:00;0,0
04.01. 01:00;0,0
04.01. 02:00;0,0
04.01. 03:00;0,0
04.01. 04:00;0,0
04.01. 05:00;0,0
04.01. 06:00;0,0
04.01. 07:00;0,0
04.01. 08:00;0,20232
04.01. 09:00;6,6704799999999995
04.01. 10:00;10,6105
04.01. 11:00;14,451
04.01. 12:00;7,6694
04.01. 13:00;6,09474
04.01. 14:00;2,82822
04.01. 15:00;0,31284
04.01. 16:00;0,0
04.01. 17:00;0,0
04.01. 18:00;0,0
04.01. 19:00;0,0
04.01. 20:00;0,0
04.01. 21:00;0,0
04.01. 22:00;0,0
04.01. 23:00;0,0
05.01. 00:00;0,0
05.01. 01:00;0,0
05.01. 02:00;0,0
05.01. 03:00;0,0
05.01. 04:00;0,0
05.01. 05:00;0,0
05.01. 06:00;0,0
05.01. 07:00;0,0
05.01. 08:00;0,37555
05.01. 09:00;10,39297
05.01. 10:00;37,2912
05.01. 11:00;62,7328
05.01. 12:00;75,526
05.01. 13:00;50,56
05.01. 14:00;24,9666
05.01. 15:00;4,6687899999999996
05.01. 16:00;0,0
05.01. 17:00;0,0
05.01. 18:00;0,0
05.01. 19:00;0,0
05.01. 20:00;0,0
05.01. 21:00;0,0
05.01. 22:00;0,0
05.01. 23:00;0,0
06.01. 00:00;0,0
06.01. 01:00;0,0
06.01. 02:00;0,0
06.01. 03:00;0,0
06.01. 04:00;0,0
06.01. 05:00;0,0
06.01. 06:00;0,0
06.01. 07:00;0,0
06.01. 08:00;2,51211
06.01. 09:00;15,8103
06.01. 10:00;37,6755
06.01. 11:00;62,1975
06.01. 12:00;41,6235
06.01. 13:00;42,4225
06.01. 14:00;16,676099999999998
06.01. 15:00;3,40972
06.01. 16:00;0,0
06.01. 17:00;0,0
06.01. 18:00;0,0
06.01. 19:00;0,0
06.01. 20:00;0,0
06.01. 21:00;0,0
06.01. 22:00;0,0
06.01. 23:00;0,0
07.01. 00:00;0,0
07.01. 01:00;0,0
07.01. 02:00;0,0
07.01. 03:00;0,0
07.01. 04:00;0,0
07.01. 05:00;0,0
07.01. 06:00;0,0
07.01. 07:00;0,0
07.01. 08:00;0,64418
07.01. 09:00;3,61339
07.01. 10:00;9,8409
07.01. 11:00;5,38841
07.01. 12:00;6,834020000000001
07.01. 13:00;8,55236
07.01. 14:00;9,6423
07.01. 15:00;2,00867
07.01. 16:00;0,0
07.01. 17:00;0,0
07.01. 18:00;0,0
07.01. 19:00;0,0
07.01. 20:00;0,0
07.01. 21:00;0,0
07.01. 22:00;0,0
07.01. 23:00;0,0
08.01. 00:00;0,0
08.01. 01:00;0,0
08.01. 02:00;0,0
08.01. 03:00;0,0
08.01. 04:00;0,0
08.01. 05:00;0,0
08.01. 06:00;0,0
08.01. 07:00;0,0
08.01. 08:00;2,5459500000000004
08.01. 09:00;38,259299999999996
08.01. 10:00;72,1584
08.01. 11:00;84,90700000000001
08.01. 12:00;98,842
08.01. 13:00;45,4244
08.01. 14:00;5,70539
08.01. 15:00;0,80168
08.01. 16:00;0,0
08.01. 17:00;0,0
08.01. 18:00;0,0
08.01. 19:00;0,0
08.01. 20:00;0,0
08.01. 21:00;0,0
08.01. 22:00;0,0
08.01. 23:00;0,0
09.01. 00:00;0,0
09.01. 01:00;0,0
09.01. 02:00;0,0
09.01. 03:00;0,0
09.01. 04:00;0,0
09.01. 05:00;0,0
09.01. 06:00;0,0
09.01. 07:00;0,0
09.01. 08:00;2,0685000000000002
09.01. 09:00;31,1009
09.01. 10:00;68,1455
09.01. 11:00;87,291
09.01. 12:00;57,2718
09.01. 13:00;6,12785
09.01. 14:00;4,22326
09.01. 15:00;0,26763
09.01. 16:00;0,0
09.01. 17:00;0,0
09.01. 18:00;0,0
09.01. 19:00;0,0
09.01. 20:00;0,0
09.01. 21:00;0,0
09.01. 22:00;0,0
09.01. 23:00;0,0
10.01. 00:00;0,0
10.01. 01:00;0,0
10.01. 02:00;0,0
10.01. 03:00;0,0
10.01. 04:00;0,0
10.01. 05:00;0,0
10.01. 06:00;0,0
10.01. 07:00;0,0
10.01. 08:00;0,6176900000000001
10.01. 09:00;25,6963
10.01. 10:00;52,474999999999994
10.01. 11:00;81,24600000000001
10.01. 12:00;83,663
10.01. 13:00;66,277
10.01. 14:00;45,0934
10.01. 15:00;9,6785
10.01. 16:00;0,0
10.01. 17:00;0,0
10.01. 18:00;0,0
10.01. 19:00;0,0
10.01. 20:00;0,0
10.01. 21:00;0,0
10.01. 22:00;0,0
10.01. 23:00;0,0
11.01. 00:00;0,0
11.01. 01:00;0,0
11.01. 02:00;0,0
11.01. 03:00;0,0
11.01. 04:00;0,0
11.01. 05:00;0,0
11.01. 06:00;0,0
11.01. 07:00;0,0
11.01. 08:00;0,44947
11.01. 09:00;7,316050000000001
11.01. 10:00;14,5048
11.01. 11:00;13,2693
11.01. 12:00;16,4053
11.01. 13:00;8,0717
11.01. 14:00;4,55619
11.01. 15:00;0,54627
11.01. 16:00;0,0
11.01. 17:00;0,0
11.01. 18:00;0,0
11.01. 19:00;0,0
11.01. 20:00;0,0
11.01. 21:00;0,0
11.01. 22:00;0,0
11.01. 23:00;0,0
12.01. 00:00;0,0
12.01. 01:00;0,0
12.01. 02:00;0,0
12.01. 03:00;0,0
12.01. 04:00;0,0
12.01. 05:00;0,0
12.01. 06:00;0,0
12.01. 07:00;0,0
12.01. 08:00;0,0
12.01. 09:00;2,64206
12.01. 10:00;8,9348
12.01. 11:00;12,698
12.01. 12:00;7,886799999999999
12.01. 13:00;10,27325
12.01. 14:00;6,4769
12.01. 15:00;1,25199
12.01. 16:00;0,0
12.01. 17:00;0,0
12.01. 18:00;0,0
12.01. 19:00;0,0
12.01. 20:00;0,0
12.01. 21:00;0,0
12.01. 22:00;0,0
12.01. 23:00;0,0
13.01. 00:00;0,0
13.01. 01:00;0,0
13.01. 02:00;0,0
13.01. 03:00;0,0
13.01. 04:00;0,0
13.01. 05:00;0,0
13.01. 06:00;0,0
13.01. 07:00;0,0
13.01. 08:00;4,31545
13.01. 09:00;28,3786
13.01. 10:00;50,861000000000004
13.01. 11:00;19,6385
13.01. 12:00;49,9787
13.01. 13:00;30,046
13.01. 14:00;16,8818
13.01. 15:00;3,14589
13.01. 16:00;0,0
13.01. 17:00;0,0
13.01. 18:00;0,0
13.01. 19:00;0,0
13.01. 20:00;0,0
13.01. 21:00;0,0
13.01. 22:00;0,0
13.01. 23:00;0,0
14.01. 00:00;0,0
14.01. 01:00;0,0
14.01. 02:00;0,0
14.01. 03:00;0,0
14.01. 04:00;0,0
14.01. 05:00;0,0
14.01. 06:00;0,0
14.01. 07:00;0,0
14.01. 08:00;1,45756
14.01. 09:00;23,6977
14.01. 10:00;47,058
14.01. 11:00;69,378
14.01. 12:00;75,539
14.01. 13:00;42,7622
14.01. 14:00;14,1617
14.01. 15:00;0,73305
14.01. 16:00;0,0
14.01. 17:00;0,0
14.01. 18:00;0,0
14.01. 19:00;0,0
14.01. 20:00;0,0
14.01. 21:00;0,0
14.01. 22:00;0,0
14.01. 23:00;0,0
15.01. 00:00;0,0
15.01. 01:00;0,0
15.01. 02:00;0,0
15.01. 03:00;0,0
15.01. 04:00;0,0
15.01. 05:00;0,0
15.01. 06:00;0,0
15.01. 07:00;0,0
15.01. 08:00;1,119
15.01. 09:00;14,363700000000001
15.01. 10:00;16,9366
15.01. 11:00;12,79526
15.01. 12:00;10,770859999999999
15.01. 13:00;8,2006
15.01. 14:00;6,1384
15.01. 15:00;1,1224
15.01. 16:00;0,0
15.01. 17:00;0,0
15.01. 18:00;0,0
15.01. 19:00;0,0
15.01. 20:00;0,0
15.01. 21:00;0,0
15.01. 22:00;0,0
15.01. 23:00;0,0
16.01. 00:00;0,0
16.01. 01:00;0,0
16.01. 02:00;0,0
16.01. 03:00;0,0
16.01. 04:00;0,0
16.01. 05:00;0,0
16.01. 06:00;0,0
16.01. 07:00;0,0
16.01. 08:00;3,39086
16.01. 09:00;39,6957
16.01. 10:00;78,768
16.01. 11:00;94,017
16.01. 12:00;109,622
16.01. 13:00;96,825
16.01. 14:00;65,058
16.01. 15:00;21,784200000000002
16.01. 16:00;0,57468
16.01. 17:00;0,0
16.01. 18:00;0,0
16.01. 19:00;0,0
16.01. 20:00;0,0
16.01. 21:00;0,0
16.01. 22:00;0,0
16.01. 23:00;0,0
17.01. 00:00;0,0
17.01. 01:00;0,0
17.01. 02:00;0,0
17.01. 03:00;0,0
17.01. 04:00;0,0
17.01. 05:00;0,0
17.01. 06:00;0,0
17.01. 07:00;0,0
17.01. 08:00;5,91479
17.01. 09:00;23,0168
17.01. 10:00;26,8886
17.01. 11:00;35,4555
17.01. 12:00;58,1217
17.01. 13:00;59,816
17.01. 14:00;25,7348
17.01. 15:00;3,82552
17.01. 16:00;0,0
17.01. 17:00;0,0
17.01. 18:00;0,0
17.01. 19:00;0,0
17.01. 20:00;0,0
17.01. 21:00;0,0
17.01. 22:00;0,0
17.01. 23:00;0,0
18.01. 00:00;0,0
18.01. 01:00;0,0
18.01. 02:00;0,0
18.01. 03:00;0,0
18.01. 04:00;0,0
18.01. 05:00;0,0
18.01. 06:00;0,0
18.01. 07:00;0,0
18.01. 08:00;0,51356
18.01. 09:00;11,10687
18.01. 10:00;23,7774
18.01. 11:00;23,7757
18.01. 12:00;27,064799999999998
18.01. 13:00;35,5802
18.01. 14:00;27,285899999999998
18.01. 15:00;7,7998
18.01. 16:00;0,0
18.01. 17:00;0,0
18.01. 18:00;0,0
18.01. 19:00;0,0
18.01. 20:00;0,0
18.01. 21:00;0,0
18.01. 22:00;0,0
18.01. 23:00;0,0
19.01. 00:00;0,0
19.01. 01:00;0,0
19.01. 02:00;0,0
19.01. 03:00;0,0
19.01. 04:00;0,0
19.01. 05:00;0,0
19.01. 06:00;0,0
19.01. 07:00;0,0
19.01. 08:00;5,59041
19.01. 09:00;28,1939
19.01. 10:00;24,3671
19.01. 11:00;12,5258
19.01. 12:00;33,109899999999996
19.01. 13:00;27,3492
19.01. 14:00;17,115099999999998
19.01. 15:00;2,95656
19.01. 16:00;1,09417
19.01. 17:00;0,0
19.01. 18:00;0,0
19.01. 19:00;0,0
19.01. 20:00;0,0
19.01. 21:00;0,0
19.01. 22:00;0,0
19.01. 23:00;0,0
20.01. 00:00;0,0
20.01. 01:00;0,0
20.01. 02:00;0,0
20.01. 03:00;0,0
20.01. 04:00;0,0
20.01. 05:00;0,0
20.01. 06:00;0,0
20.01. 07:00;0,0
20.01. 08:00;0,74202
20.01. 09:00;12,21647
20.01. 10:00;10,285
20.01. 11:00;10,459900000000001
20.01. 12:00;29,1075
20.01. 13:00;41,2894
20.01. 14:00;15,3498
20.01. 15:00;3,28754
20.01. 16:00;0,0
20.01. 17:00;0,0
20.01. 18:00;0,0
20.01. 19:00;0,0
20.01. 20:00;0,0
20.01. 21:00;0,0
20.01. 22:00;0,0
20.01. 23:00;0,0
21.01. 00:00;0,0
21.01. 01:00;0,0
21.01. 02:00;0,0
21.01. 03:00;0,0
21.01. 04:00;0,0
21.01. 05:00;0,0
21.01. 06:00;0,0
21.01. 07:00;0,0
21.01. 08:00;3,8893
21.01. 09:00;22,1164
21.01. 10:00;45,0148
21.01. 11:00;29,3729
21.01. 12:00;26,9827
21.01. 13:00;26,1418
21.01. 14:00;38,5392
21.01. 15:00;21,8996
21.01. 16:00;0,0
21.01. 17:00;0,0
21.01. 18:00;0,0
21.01. 19:00;0,0
21.01. 20:00;0,0
21.01. 21:00;0,0
21.01. 22:00;0,0
21.01. 23:00;0,0
22.01. 00:00;0,0
22.01. 01:00;0,0
22.01. 02:00;0,0
22.01. 03:00;0,0
22.01. 04:00;0,0
22.01. 05:00;0,0
22.01. 06:00;0,0
22.01. 07:00;0,0
22.01. 08:00;2,61164
22.01. 09:00;20,6078
22.01. 10:00;23,9455
22.01. 11:00;46,9311
22.01. 12:00;64,1919
22.01. 13:00;59,646
22.01. 14:00;48,685900000000004
22.01. 15:00;25,669999999999998
22.01. 16:00;1,9863600000000001
22.01. 17:00;0,0
22.01. 18:00;0,0
22.01. 19:00;0,0
22.01. 20:00;0,0
22.01. 21:00;0,0
22.01. 22:00;0,0
22.01. 23:00;0,0
23.01. 00:00;0,0
23.01. 01:00;0,0
23.01. 02:00;0,0
23.01. 03:00;0,0
23.01. 04:00;0,0
23.01. 05:00;0,0
23.01. 06:00;0,0
23.01. 07:00;0,0
23.01. 08:00;1,22654
23.01. 09:00;11,938600000000001
23.01. 10:00;26,6263
23.01. 11:00;52,528
23.01. 12:00;81,382
23.01. 13:00;88,898
23.01. 14:00;56,106
23.01. 15:00;14,6882
23.01. 16:00;0,14538
23.01. 17:00;0,0
23.01. 18:00;0,0
23.01. 19:00;0,0
23.01. 20:00;0,0
23.01. 21:00;0,0
23.01. 22:00;0,0
23.01. 23:00;0,0
24.01. 00:00;0,0
24.01. 01:00;0,0
24.01. 02:00;0,0
24.01. 03:00;0,0
24.01. 04:00;0,0
24.01. 05:00;0,0
24.01. 06:00;0,0
24.01. 07:00;0,0
24.01. 08:00;1,4341300000000001
24.01. 09:00;20,6829
24.01. 10:00;29,9398
24.01. 11:00;48,5584
24.01. 12:00;58,674
24.01. 13:00;36,0001
24.01. 14:00;31,1139
24.01. 15:00;7,85545
24.01. 16:00;2,16633
24.01. 17:00;0,0
24.01. 18:00;0,0
24.01. 19:00;0,0
24.01. 20:00;0,0
24.01. 21:00;0,0
24.01. 22:00;0,0
24.01. 23:00;0,0
25.01. 00:00;0,0
25.01. 01:00;0,0
25.01. 02:00;0,0
25.01. 03:00;0,0
25.01. 04:00;0,0
25.01. 05:00;0,0
25.01. 06:00;0,0
25.01. 07:00;0,0
25.01. 08:00;2,04872
25.01. 09:00;20,4878
25.01. 10:00;25,2203
25.01. 11:00;18,7545
25.01. 12:00;17,52
25.01. 13:00;12,7758
25.01. 14:00;10,5666
25.01. 15:00;4,12258
25.01. 16:00;0,78662
25.01. 17:00;0,0
25.01. 18:00;0,0
25.01. 19:00;0,0
25.01. 20:00;0,0
25.01. 21:00;0,0
25.01. 22:00;0,0
25.01. 23:00;0,0
26.01. 00:00;0,0
26.01. 01:00;0,0
26.01. 02:00;0,0
26.01. 03:00;0,0
26.01. 04:00;0,0
26.01. 05:00;0,0
26.01. 06:00;0,0
26.01. 07:00;0,0
26.01. 08:00;4,87146
26.01. 09:00;28,6799
26.01. 10:00;32,5366
26.01. 11:00;21,2575
26.01. 12:00;27,0552
26.01. 13:00;75,3069
26.01. 14:00;79,856
26.01. 15:00;42,5009
26.01. 16:00;4,18532
26.01. 17:00;0,0
26.01. 18:00;0,0
26.01. 19:00;0,0
26.01. 20:00;0,0
26.01. 21:00;0,0
26.01. 22:00;0,0
26.01. 23:00;0,0
27.01. 00:00;0,0
27.01. 01:00;0,0
27.01. 02:00;0,0
27.01. 03:00;0,0
27.01. 04:00;0,0
27.01. 05:00;0,0
27.01. 06:00;0,0
27.01. 07:00;0,0
27.01. 08:00;5,81734
27.01. 09:00;11,9587
27.01. 10:00;25,5401
27.01. 11:00;30,5004
27.01. 12:00;56,232
27.01. 13:00;45,387
27.01. 14:00;20,069
27.01. 15:00;6,1709000000000005
27.01. 16:00;0,11489
27.01. 17:00;0,0
27.01. 18:00;0,0
27.01. 19:00;0,0
27.01. 20:00;0,0
27.01. 21:00;0,0
27.01. 22:00;0,0
27.01. 23:00;0,0
28.01. 00:00;0,0
28.01. 01:00;0,0
28.01. 02:00;0,0
28.01. 03:00;0,0
28.01. 04:00;0,0
28.01. 05:00;0,0
28.01. 06:00;0,0
28.01. 07:00;0,0
28.01. 08:00;6,25663
28.01. 09:00;33,7397
28.01. 10:00;40,8245
28.01. 11:00;21,7636
28.01. 12:00;19,5578
28.01. 13:00;16,20216
28.01. 14:00;13,5953
28.01. 15:00;8,3551
28.01. 16:00;0,79379
28.01. 17:00;0,0
28.01. 18:00;0,0
28.01. 19:00;0,0
28.01. 20:00;0,0
28.01. 21:00;0,0
28.01. 22:00;0,0
28.01. 23:00;0,0
29.01. 00:00;0,0
29.01. 01:00;0,0
29.01. 02:00;0,0
29.01. 03:00;0,0
29.01. 04:00;0,0
29.01. 05:00;0,0
29.01. 06:00;0,0
29.01. 07:00;0,0
29.01. 08:00;8,3628
29.01. 09:00;44,8879
29.01. 10:00;46,5964
29.01. 11:00;30,731
29.01. 12:00;23,9823
29.01. 13:00;18,1367
29.01. 14:00;11,9545
29.01. 15:00;4,57897
29.01. 16:00;0,32079
29.01. 17:00;0,0
29.01. 18:00;0,0
29.01. 19:00;0,0
29.01. 20:00;0,0
29.01. 21:00;0,0
29.01. 22:00;0,0
29.01. 23:00;0,0
30.01. 00:00;0,0
30.01. 01:00;0,0
30.01. 02:00;0,0
30.01. 03:00;0,0
30.01. 04:00;0,0
30.01. 05:00;0,0
30.01. 06:00;0,0
30.01. 07:00;0,0
30.01. 08:00;3,67601
30.01. 09:00;18,7809
30.01. 10:00;16,3262
30.01. 11:00;17,4699
30.01. 12:00;23,2973
30.01. 13:00;18,2949
30.01. 14:00;9,7603
30.01. 15:00;4,86232
30.01. 16:00;0,46837
30.01. 17:00;0,0
30.01. 18:00;0,0
30.01. 19:00;0,0
30.01. 20:00;0,0
30.01. 21:00;0,0
30.01. 22:00;0,0
30.01. 23:00;0,0
31.01. 00:00;0,0
31.01. 01:00;0,0
31.01. 02:00;0,0
31.01. 03:00;0,0
31.01. 04:00;0,0
31.01. 05:00;0,0
31.01. 06:00;0,0
31.01. 07:00;0,0
31.01. 08:00;2,04395
31.01. 09:00;15,5373
31.01. 10:00;14,6098
31.01. 11:00;10,164539999999999
31.01. 12:00;20,7929
31.01. 13:00;14,5121
31.01. 14:00;8,305399999999999
31.01. 15:00;5,05857
31.01. 16:00;1,1010199999999999
31.01. 17:00;0,0
31.01. 18:00;0,0
31.01. 19:00;0,0
31.01. 20:00;0,0
31.01. 21:00;0,0
31.01. 22:00;0,0
31.01. 23:00;0,0
01.02. 00:00;0,0
01.02. 01:00;0,0
01.02. 02:00;0,0
01.02. 03:00;0,0
01.02. 04:00;0,0
01.02. 05:00;0,0
01.02. 06:00;0,0
01.02. 07:00;0,0
01.02. 08:00;7,63566
01.02. 09:00;23,6649
01.02. 10:00;23,637999999999998
01.02. 11:00;26,4797
01.02. 12:00;31,3885
01.02. 13:00;26,8014
01.02. 14:00;19,6917
01.02. 15:00;8,671100000000001
01.02. 16:00;0,4402
01.02. 17:00;0,0
01.02. 18:00;0,0
01.02. 19:00;0,0
01.02. 20:00;0,0
01.02. 21:00;0,0
01.02. 22:00;0,0
01.02. 23:00;0,0
02.02. 00:00;0,0
02.02. 01:00;0,0
02.02. 02:00;0,0
02.02. 03:00;0,0
02.02. 04:00;0,0
02.02. 05:00;0,0
02.02. 06:00;0,0
02.02. 07:00;0,0
02.02. 08:00;9,65014
02.02. 09:00;11,314499999999999
02.02. 10:00;20,308500000000002
02.02. 11:00;22,4072
02.02. 12:00;24,4487
02.02. 13:00;23,6001
02.02. 14:00;14,8539
02.02. 15:00;6,60722
02.02. 16:00;0,12116
02.02. 17:00;0,0
02.02. 18:00;0,0
02.02. 19:00;0,0
02.02. 20:00;0,0
02.02. 21:00;0,0
02.02. 22:00;0,0
02.02. 23:00;0,0
03.02. 00:00;0,0
03.02. 01:00;0,0
03.02. 02:00;0,0
03.02. 03:00;0,0
03.02. 04:00;0,0
03.02. 05:00;0,0
03.02. 06:00;0,0
03.02. 07:00;0,0
03.02. 08:00;2,04523
03.02. 09:00;6,6106
03.02. 10:00;11,9712
03.02. 11:00;15,7977
03.02. 12:00;15,1208
03.02. 13:00;33,0351
03.02. 14:00;22,0568
03.02. 15:00;7,4383
03.02. 16:00;1,87626
03.02. 17:00;0,0
03.02. 18:00;0,0
03.02. 19:00;0,0
03.02. 20:00;0,0
03.02. 21:00;0,0
03.02. 22:00;0,0
03.02. 23:00;0,0
04.02. 00:00;0,0
04.02. 01:00;0,0
04.02. 02:00;0,0
04.02. 03:00;0,0
04.02. 04:00;0,0
04.02. 05:00;0,0
04.02. 06:00;0,0
04.02. 07:00;0,0
04.02. 08:00;2,68465
04.02. 09:00;8,1905
04.02. 10:00;8,9244
04.02. 11:00;16,1119
04.02. 12:00;13,1067
04.02. 13:00;11,404
04.02. 14:00;8,9057
04.02. 15:00;4,22435
04.02. 16:00;0,41628
04.02. 17:00;0,0
04.02. 18:00;0,0
04.02. 19:00;0,0
04.02. 20:00;0,0
04.02. 21:00;0,0
04.02. 22:00;0,0
04.02. 23:00;0,0
05.02. 00:00;0,0
05.02. 01:00;0,0
05.02. 02:00;0,0
05.02. 03:00;0,0
05.02. 04:00;0,0
05.02. 05:00;0,0
05.02. 06:00;0,0
05.02. 07:00;0,0
05.02. 08:00;15,712599999999998
05.02. 09:00;28,7352
05.02. 10:00;41,3585
05.02. 11:00;36,2358
05.02. 12:00;28,3274
05.02. 13:00;71,1075
05.02. 14:00;59,508
05.02. 15:00;27,8816
05.02. 16:00;9,68427
05.02. 17:00;0,0
05.02. 18:00;0,0
05.02. 19:00;0,0
05.02. 20:00;0,0
05.02. 21:00;0,0
05.02. 22:00;0,0
05.02. 23:00;0,0
06.02. 00:00;0,0
06.02. 01:00;0,0
06.02. 02:00;0,0
06.02. 03:00;0,0
06.02. 04:00;0,0
06.02. 05:00;0,0
06.02. 06:00;0,0
06.02. 07:00;0,0
06.02. 08:00;10,5572
06.02. 09:00;29,748600000000003
06.02. 10:00;32,1389
06.02. 11:00;26,7819
06.02. 12:00;18,003999999999998
06.02. 13:00;42,322700000000005
06.02. 14:00;74,571
06.02. 15:00;33,0822
06.02. 16:00;2,30175
06.02. 17:00;0,0
06.02. 18:00;0,0
06.02. 19:00;0,0
06.02. 20:00;0,0
06.02. 21:00;0,0
06.02. 22:00;0,0
06.02. 23:00;0,0
07.02. 00:00;0,0
07.02. 01:00;0,0
07.02. 02:00;0,0
07.02. 03:00;0,0
07.02. 04:00;0,0
07.02. 05:00;0,0
07.02. 06:00;0,0
07.02. 07:00;0,0
07.02. 08:00;5,8357
07.02. 09:00;16,0706
07.02. 10:00;31,506099999999996
07.02. 11:00;40,1981
07.02. 12:00;50,001999999999995
07.02. 13:00;57,053999999999995
07.02. 14:00;34,3465
07.02. 15:00;18,6648
07.02. 16:00;4,59126
07.02. 17:00;0,0
07.02. 18:00;0,0
07.02. 19:00;0,0
07.02. 20:00;0,0
07.02. 21:00;0,0
07.02. 22:00;0,0
07.02. 23:00;0,0
08.02. 00:00;0,0
08.02. 01:00;0,0
08.02. 02:00;0,0
08.02. 03:00;0,0
08.02. 04:00;0,0
08.02. 05:00;0,0
08.02. 06:00;0,0
08.02. 07:00;0,0
08.02. 08:00;15,2329
08.02. 09:00;48,7051
08.02. 10:00;67,7406
08.02. 11:00;83,97800000000001
08.02. 12:00;110,698
08.02. 13:00;128,912
08.02. 14:00;108,582
08.02. 15:00;50,402699999999996
08.02. 16:00;12,84996
08.02. 17:00;0,0
08.02. 18:00;0,0
08.02. 19:00;0,0
08.02. 20:00;0,0
08.02. 21:00;0,0
08.02. 22:00;0,0
08.02. 23:00;0,0
09.02. 00:00;0,0
09.02. 01:00;0,0
09.02. 02:00;0,0
09.02. 03:00;0,0
09.02. 04:00;0,0
09.02. 05:00;0,0
09.02. 06:00;0,0
09.02. 07:00;0,0
09.02. 08:00;11,1178
09.02. 09:00;22,9721
09.02. 10:00;49,9147
09.02. 11:00;91,89
09.02. 12:00;61,2676
09.02. 13:00;46,982299999999995
09.02. 14:00;71,65100000000001
09.02. 15:00;44,2445
09.02. 16:00;2,26148
09.02. 17:00;0,0
09.02. 18:00;0,0
09.02. 19:00;0,0
09.02. 20:00;0,0
09.02. 21:00;0,0
09.02. 22:00;0,0
09.02. 23:00;0,0
10.02. 00:00;0,0
10.02. 01:00;0,0
10.02. 02:00;0,0
10.02. 03:00;0,0
10.02. 04:00;0,0
10.02. 05:00;0,0
10.02. 06:00;0,0
10.02. 07:00;0,17266
10.02. 08:00;25,0328
10.02. 09:00;51,964600000000004
10.02. 10:00;58,901
10.02. 11:00;66,77799999999999
10.02. 12:00;84,226
10.02. 13:00;99,186
10.02. 14:00;92,851
10.02. 15:00;60,926
10.02. 16:00;17,04582
10.02. 17:00;0,0
10.02. 18:00;0,0
10.02. 19:00;0,0
10.02. 20:00;0,0
10.02. 21:00;0,0
10.02. 22:00;0,0
10.02. 23:00;0,0
11.02. 00:00;0,0
11.02. 01:00;0,0
11.02. 02:00;0,0
11.02. 03:00;0,0
11.02. 04:00;0,0
11.02. 05:00;0,0
11.02. 06:00;0,0
11.02. 07:00;1,4064
11.02. 08:00;33,679
11.02. 09:00;76,0762
11.02. 10:00;114,873
11.02. 11:00;133,412
11.02. 12:00;130,066
11.02. 13:00;130,844
11.02. 14:00;106,79599999999999
11.02. 15:00;67,045
11.02. 16:00;19,49896
11.02. 17:00;0,0
11.02. 18:00;0,0
11.02. 19:00;0,0
11.02. 20:00;0,0
11.02. 21:00;0,0
11.02. 22:00;0,0
11.02. 23:00;0,0
12.02. 00:00;0,0
12.02. 01:00;0,0
12.02. 02:00;0,0
12.02. 03:00;0,0
12.02. 04:00;0,0
12.02. 05:00;0,0
12.02. 06:00;0,0
12.02. 07:00;0,0
12.02. 08:00;5,70472
12.02. 09:00;52,9366
12.02. 10:00;83,428
12.02. 11:00;103,959
12.02. 12:00;105,571
12.02. 13:00;89,1457
12.02. 14:00;78,235
12.02. 15:00;54,972899999999996
12.02. 16:00;12,3256
12.02. 17:00;0,0
12.02. 18:00;0,0
12.02. 19:00;0,0
12.02. 20:00;0,0
12.02. 21:00;0,0
12.02. 22:00;0,0
12.02. 23:00;0,0
13.02. 00:00;0,0
13.02. 01:00;0,0
13.02. 02:00;0,0
13.02. 03:00;0,0
13.02. 04:00;0,0
13.02. 05:00;0,0
13.02. 06:00;0,0
13.02. 07:00;0,33875
13.02. 08:00;15,383
13.02. 09:00;23,7258
13.02. 10:00;34,4635
13.02. 11:00;45,1192
13.02. 12:00;41,3331
13.02. 13:00;48,275999999999996
13.02. 14:00;43,6624
13.02. 15:00;49,1626
13.02. 16:00;20,7568
13.02. 17:00;0,0
13.02. 18:00;0,0
13.02. 19:00;0,0
13.02. 20:00;0,0
13.02. 21:00;0,0
13.02. 22:00;0,0
13.02. 23:00;0,0
14.02. 00:00;0,0
14.02. 01:00;0,0
14.02. 02:00;0,0
14.02. 03:00;0,0
14.02. 04:00;0,0
14.02. 05:00;0,0
14.02. 06:00;0,0
14.02. 07:00;1,4471100000000001
14.02. 08:00;31,927599999999998
14.02. 09:00;78,5715
14.02. 10:00;61,204499999999996
14.02. 11:00;36,1301
14.02. 12:00;30,7252
14.02. 13:00;26,6091
14.02. 14:00;23,2654
14.02. 15:00;24,9045
14.02. 16:00;6,45085
14.02. 17:00;0,0
14.02. 18:00;0,0
14.02. 19:00;0,0
14.02. 20:00;0,0
14.02. 21:00;0,0
14.02. 22:00;0,0
14.02. 23:00;0,0
15.02. 00:00;0,0
15.02. 01:00;0,0
15.02. 02:00;0,0
15.02. 03:00;0,0
15.02. 04:00;0,0
15.02. 05:00;0,0
15.02. 06:00;0,0
15.02. 07:00;1,75408
15.02. 08:00;30,6878
15.02. 09:00;59,6288
15.02. 10:00;100,2
15.02. 11:00;130,216
15.02. 12:00;135,97
15.02. 13:00;123,644
15.02. 14:00;91,922
15.02. 15:00;43,2758
15.02. 16:00;9,52917
15.02. 17:00;0,35924
15.02. 18:00;0,0
15.02. 19:00;0,0
15.02. 20:00;0,0
15.02. 21:00;0,0
15.02. 22:00;0,0
15.02. 23:00;0,0
16.02. 00:00;0,0
16.02. 01:00;0,0
16.02. 02:00;0,0
16.02. 03:00;0,0
16.02. 04:00;0,0
16.02. 05:00;0,0
16.02. 06:00;0,0
16.02. 07:00;0,0
16.02. 08:00;3,36245
16.02. 09:00;8,07756
16.02. 10:00;21,064799999999998
16.02. 11:00;37,4531
16.02. 12:00;43,2843
16.02. 13:00;37,9129
16.02. 14:00;16,005300000000002
16.02. 15:00;31,5655
16.02. 16:00;12,61107
16.02. 17:00;0,0
16.02. 18:00;0,0
16.02. 19:00;0,0
16.02. 20:00;0,0
16.02. 21:00;0,0
16.02. 22:00;0,0
16.02. 23:00;0,0
17.02. 00:00;0,0
17.02. 01:00;0,0
17.02. 02:00;0,0
17.02. 03:00;0,0
17.02. 04:00;0,0
17.02. 05:00;0,0
17.02. 06:00;0,0
17.02. 07:00;1,47898
17.02. 08:00;30,6584
17.02. 09:00;49,6524
17.02. 10:00;74,38499999999999
17.02. 11:00;74,012
17.02. 12:00;39,3835
17.02. 13:00;35,7002
17.02. 14:00;78,624
17.02. 15:00;82,65
17.02. 16:00;27,3051
17.02. 17:00;0,26418
17.02. 18:00;0,0
17.02. 19:00;0,0
17.02. 20:00;0,0
17.02. 21:00;0,0
17.02. 22:00;0,0
17.02. 23:00;0,0
18.02. 00:00;0,0
18.02. 01:00;0,0
18.02. 02:00;0,0
18.02. 03:00;0,0
18.02. 04:00;0,0
18.02. 05:00;0,0
18.02. 06:00;0,0
18.02. 07:00;6,10797
18.02. 08:00;51,7287
18.02. 09:00;95,131
18.02. 10:00;116,007
18.02. 11:00;130,786
18.02. 12:00;100,751
18.02. 13:00;66,111
18.02. 14:00;79,226
18.02. 15:00;38,9971
18.02. 16:00;17,798099999999998
18.02. 17:00;0,25227
18.02. 18:00;0,0
18.02. 19:00;0,0
18.02. 20:00;0,0
18.02. 21:00;0,0
18.02. 22:00;0,0
18.02. 23:00;0,0
19.02. 00:00;0,0
19.02. 01:00;0,0
19.02. 02:00;0,0
19.02. 03:00;0,0
19.02. 04:00;0,0
19.02. 05:00;0,0
19.02. 06:00;0,0
19.02. 07:00;0,62052
19.02. 08:00;14,720030000000001
19.02. 09:00;29,4359
19.02. 10:00;26,5354
19.02. 11:00;19,395
19.02. 12:00;33,2256
19.02. 13:00;39,1229
19.02. 14:00;21,3216
19.02. 15:00;12,0753
19.02. 16:00;2,97311
19.02. 17:00;0,48678
19.02. 18:00;0,0
19.02. 19:00;0,0
19.02. 20:00;0,0
19.02. 21:00;0,0
19.02. 22:00;0,0
19.02. 23:00;0,0
20.02. 00:00;0,0
20.02. 01:00;0,0
20.02. 02:00;0,0
20.02. 03:00;0,0
20.02. 04:00;0,0
20.02. 05:00;0,0
20.02. 06:00;0,0
20.02. 07:00;1,41248
20.02. 08:00;12,6153
20.02. 09:00;37,907399999999996
20.02. 10:00;96,286
20.02. 11:00;122,316
20.02. 12:00;114,96600000000001
20.02. 13:00;100,581
20.02. 14:00;90,66499999999999
20.02. 15:00;53,9751
20.02. 16:00;31,4479
20.02. 17:00;1,83815
20.02. 18:00;0,0
20.02. 19:00;0,0
20.02. 20:00;0,0
20.02. 21:00;0,0
20.02. 22:00;0,0
20.02. 23:00;0,0
21.02. 00:00;0,0
21.02. 01:00;0,0
21.02. 02:00;0,0
21.02. 03:00;0,0
21.02. 04:00;0,0
21.02. 05:00;0,0
21.02. 06:00;0,0
21.02. 07:00;1,4795800000000001
21.02. 08:00;22,5411
21.02. 09:00;69,429
21.02. 10:00;64,881
21.02. 11:00;59,645
21.02. 12:00;89,50200000000001
21.02. 13:00;67,271
21.02. 14:00;35,0716
21.02. 15:00;22,9431
21.02. 16:00;10,50565
21.02. 17:00;0,40575
21.02. 18:00;0,0
21.02. 19:00;0,0
21.02. 20:00;0,0
21.02. 21:00;0,0
21.02. 22:00;0,0
21.02. 23:00;0,0
22.02. 00:00;0,0
22.02. 01:00;0,0
22.02. 02:00;0,0
22.02. 03:00;0,0
22.02. 04:00;0,0
22.02. 05:00;0,0
22.02. 06:00;0,0
22.02. 07:00;1,3930099999999999
22.02. 08:00;32,5393
22.02. 09:00;48,618
22.02. 10:00;33,0189
22.02. 11:00;43,8065
22.02. 12:00;43,3934
22.02. 13:00;72,4021
22.02. 14:00;55,6775
22.02. 15:00;36,5582
22.02. 16:00;17,3894
22.02. 17:00;1,2664900000000001
22.02. 18:00;0,0
22.02. 19:00;0,0
22.02. 20:00;0,0
22.02. 21:00;0,0
22.02. 22:00;0,0
22.02. 23:00;0,0
23.02. 00:00;0,0
23.02. 01:00;0,0
23.02. 02:00;0,0
23.02. 03:00;0,0
23.02. 04:00;0,0
23.02. 05:00;0,0
23.02. 06:00;0,0
23.02. 07:00;2,13225
23.02. 08:00;27,2429
23.02. 09:00;46,270700000000005
23.02. 10:00;38,7795
23.02. 11:00;66,6835
23.02. 12:00;93,898
23.02. 13:00;52,5125
23.02. 14:00;42,319
23.02. 15:00;30,4086
23.02. 16:00;15,7996
23.02. 17:00;0,0
23.02. 18:00;0,0
23.02. 19:00;0,0
23.02. 20:00;0,0
23.02. 21:00;0,0
23.02. 22:00;0,0
23.02. 23:00;0,0
24.02. 00:00;0,0
24.02. 01:00;0,0
24.02. 02:00;0,0
24.02. 03:00;0,0
24.02. 04:00;0,0
24.02. 05:00;0,0
24.02. 06:00;0,0
24.02. 07:00;0,96987
24.02. 08:00;36,712599999999995
24.02. 09:00;71,8766
24.02. 10:00;109,221
24.02. 11:00;77,17699999999999
24.02. 12:00;44,5795
24.02. 13:00;25,2532
24.02. 14:00;36,0104
24.02. 15:00;68,059
24.02. 16:00;38,8725
24.02. 17:00;2,4665
24.02. 18:00;0,0
24.02. 19:00;0,0
24.02. 20:00;0,0
24.02. 21:00;0,0
24.02. 22:00;0,0
24.02. 23:00;0,0
25.02. 00:00;0,0
25.02. 01:00;0,0
25.02. 02:00;0,0
25.02. 03:00;0,0
25.02. 04:00;0,0
25.02. 05:00;0,0
25.02. 06:00;0,0
25.02. 07:00;8,54028
25.02. 08:00;51,815200000000004
25.02. 09:00;77,107
25.02. 10:00;89,523
25.02. 11:00;106,068
25.02. 12:00;125,325
25.02. 13:00;132,798
25.02. 14:00;113,509
25.02. 15:00;79,69
25.02. 16:00;33,7783
25.02. 17:00;2,59267
25.02. 18:00;0,0
25.02. 19:00;0,0
25.02. 20:00;0,0
25.02. 21:00;0,0
25.02. 22:00;0,0
25.02. 23:00;0,0
26.02. 00:00;0,0
26.02. 01:00;0,0
26.02. 02:00;0,0
26.02. 03:00;0,0
26.02. 04:00;0,0
26.02. 05:00;0,0
26.02. 06:00;0,0
26.02. 07:00;0,68942
26.02. 08:00;8,01372
26.02. 09:00;22,2188
26.02. 10:00;24,2319
26.02. 11:00;27,4892
26.02. 12:00;29,472
26.02. 13:00;22,8908
26.02. 14:00;18,4169
26.02. 15:00;12,4205
26.02. 16:00;4,7669500000000005
26.02. 17:00;0,0
26.02. 18:00;0,0
26.02. 19:00;0,0
26.02. 20:00;0,0
26.02. 21:00;0,0
26.02. 22:00;0,0
26.02. 23:00;0,0
27.02. 00:00;0,0
27.02. 01:00;0,0
27.02. 02:00;0,0
27.02. 03:00;0,0
27.02. 04:00;0,0
27.02. 05:00;0,0
27.02. 06:00;0,0
27.02. 07:00;13,03881
27.02. 08:00;69,1243
27.02. 09:00;122,167
27.02. 10:00;162,968
27.02. 11:00;185,75
27.02. 12:00;189,761
27.02. 13:00;181,728
27.02. 14:00;150,206
27.02. 15:00;104,085
27.02. 16:00;49,7672
27.02. 17:00;4,93206
27.02. 18:00;0,0
27.02. 19:00;0,0
27.02. 20:00;0,0
27.02. 21:00;0,0
27.02. 22:00;0,0
27.02. 23:00;0,0
28.02. 00:00;0,0
28.02. 01:00;0,0
28.02. 02:00;0,0
28.02. 03:00;0,0
28.02. 04:00;0,0
28.02. 05:00;0,0
28.02. 06:00;0,0
28.02. 07:00;9,70993
28.02. 08:00;66,54599999999999
28.02. 09:00;123,58600000000001
28.02. 10:00;147,131
28.02. 11:00;97,895
28.02. 12:00;114,166
28.02. 13:00;138,994
28.02. 14:00;123,535
28.02. 15:00;89,057
28.02. 16:00;49,033
28.02. 17:00;6,7665
28.02. 18:00;0,0
28.02. 19:00;0,0
28.02. 20:00;0,0
28.02. 21:00;0,0
28.02. 22:00;0,0
28.02. 23:00;0,0
01.03. 00:00;0,0
01.03. 01:00;0,0
01.03. 02:00;0,0
01.03. 03:00;0,0
01.03. 04:00;0,0
01.03. 05:00;0,0
01.03. 06:00;0,0
01.03. 07:00;5,1350999999999996
01.03. 08:00;28,6536
01.03. 09:00;57,015
01.03. 10:00;60,17
01.03. 11:00;78,201
01.03. 12:00;132,404
01.03. 13:00;128,152
01.03. 14:00;73,5173
01.03. 15:00;61,809799999999996
01.03. 16:00;18,59831
01.03. 17:00;2,9457
01.03. 18:00;0,0
01.03. 19:00;0,0
01.03. 20:00;0,0
01.03. 21:00;0,0
01.03. 22:00;0,0
01.03. 23:00;0,0
02.03. 00:00;0,0
02.03. 01:00;0,0
02.03. 02:00;0,0
02.03. 03:00;0,0
02.03. 04:00;0,0
02.03. 05:00;0,0
02.03. 06:00;0,0
02.03. 07:00;13,849050000000002
02.03. 08:00;37,241
02.03. 09:00;83,45590000000001
02.03. 10:00;146,679
02.03. 11:00;151,584
02.03. 12:00;116,21000000000001
02.03. 13:00;85,2758
02.03. 14:00;50,663
02.03. 15:00;16,4536
02.03. 16:00;2,80299
02.03. 17:00;0,06956999999999999
02.03. 18:00;0,0
02.03. 19:00;0,0
02.03. 20:00;0,0
02.03. 21:00;0,0
02.03. 22:00;0,0
02.03. 23:00;0,0
03.03. 00:00;0,0
03.03. 01:00;0,0
03.03. 02:00;0,0
03.03. 03:00;0,0
03.03. 04:00;0,0
03.03. 05:00;0,0
03.03. 06:00;0,0
03.03. 07:00;7,38354
03.03. 08:00;25,5399
03.03. 09:00;51,7215
03.03. 10:00;92,138
03.03. 11:00;105,916
03.03. 12:00;64,735
03.03. 13:00;38,555
03.03. 14:00;66,47290000000001
03.03. 15:00;65,737
03.03. 16:00;29,0167
03.03. 17:00;3,80325
03.03. 18:00;0,0
03.03. 19:00;0,0
03.03. 20:00;0,0
03.03. 21:00;0,0
03.03. 22:00;0,0
03.03. 23:00;0,0
04.03. 00:00;0,0
04.03. 01:00;0,0
04.03. 02:00;0,0
04.03. 03:00;0,0
04.03. 04:00;0,0
04.03. 05:00;0,0
04.03. 06:00;0,0
04.03. 07:00;3,75509
04.03. 08:00;27,3445
04.03. 09:00;75,168
04.03. 10:00;128,817
04.03. 11:00;156,65699999999998
04.03. 12:00;165,249
04.03. 13:00;157,594
04.03. 14:00;143,356
04.03. 15:00;105,27
04.03. 16:00;56,531
04.03. 17:00;11,57155
04.03. 18:00;0,0
04.03. 19:00;0,0
04.03. 20:00;0,0
04.03. 21:00;0,0
04.03. 22:00;0,0
04.03. 23:00;0,0
05.03. 00:00;0,0
05.03. 01:00;0,0
05.03. 02:00;0,0
05.03. 03:00;0,0
05.03. 04:00;0,0
05.03. 05:00;0,0
05.03. 06:00;0,0
05.03. 07:00;2,8450100000000003
05.03. 08:00;60,3477
05.03. 09:00;120,485
05.03. 10:00;155,38400000000001
05.03. 11:00;167,596
05.03. 12:00;176,812
05.03. 13:00;161,624
05.03. 14:00;148,199
05.03. 15:00;104,69
05.03. 16:00;56,286300000000004
05.03. 17:00;8,3104
05.03. 18:00;0,0
05.03. 19:00;0,0
05.03. 20:00;0,0
05.03. 21:00;0,0
05.03. 22:00;0,0
05.03. 23:00;0,0
06.03. 00:00;0,0
06.03. 01:00;0,0
06.03. 02:00;0,0
06.03. 03:00;0,0
06.03. 04:00;0,0
06.03. 05:00;0,0
06.03. 06:00;0,0
06.03. 07:00;5,58411
06.03. 08:00;43,8994
06.03. 09:00;96,291
06.03. 10:00;121,737
06.03. 11:00;155,564
06.03. 12:00;153,85899999999998
06.03. 13:00;120,856
06.03. 14:00;92,968
06.03. 15:00;60,513000000000005
06.03. 16:00;27,9038
06.03. 17:00;4,5498199999999995
06.03. 18:00;0,0
06.03. 19:00;0,0
06.03. 20:00;0,0
06.03. 21:00;0,0
06.03. 22:00;0,0
06.03. 23:00;0,0
07.03. 00:00;0,0
07.03. 01:00;0,0
07.03. 02:00;0,0
07.03. 03:00;0,0
07.03. 04:00;0,0
07.03. 05:00;0,0
07.03. 06:00;0,0
07.03. 07:00;2,65999
07.03. 08:00;48,1445
07.03. 09:00;60,434
07.03. 10:00;37,8754
07.03. 11:00;39,9053
07.03. 12:00;62,303
07.03. 13:00;59,8291
07.03. 14:00;38,8035
07.03. 15:00;23,6192
07.03. 16:00;20,142899999999997
07.03. 17:00;6,832660000000001
07.03. 18:00;0,0
07.03. 19:00;0,0
07.03. 20:00;0,0
07.03. 21:00;0,0
07.03. 22:00;0,0
07.03. 23:00;0,0
08.03. 00:00;0,0
08.03. 01:00;0,0
08.03. 02:00;0,0
08.03. 03:00;0,0
08.03. 04:00;0,0
08.03. 05:00;0,0
08.03. 06:00;0,0
08.03. 07:00;28,4905
08.03. 08:00;48,001599999999996
08.03. 09:00;31,2557
08.03. 10:00;99,706
08.03. 11:00;215,54399999999998
08.03. 12:00;140,924
08.03. 13:00;33,7269
08.03. 14:00;30,6806
08.03. 15:00;15,1535
08.03. 16:00;15,716999999999999
08.03. 17:00;6,312
08.03. 18:00;0,0
08.03. 19:00;0,0
08.03. 20:00;0,0
08.03. 21:00;0,0
08.03. 22:00;0,0
08.03. 23:00;0,0
09.03. 00:00;0,0
09.03. 01:00;0,0
09.03. 02:00;0,0
09.03. 03:00;0,0
09.03. 04:00;0,0
09.03. 05:00;0,0
09.03. 06:00;0,0
09.03. 07:00;1,2380900000000001
09.03. 08:00;14,159089999999999
09.03. 09:00;21,9799
09.03. 10:00;28,8159
09.03. 11:00;25,5809
09.03. 12:00;26,7444
09.03. 13:00;23,9106
09.03. 14:00;23,8832
09.03. 15:00;14,4183
09.03. 16:00;14,7731
09.03. 17:00;2,18891
09.03. 18:00;0,0
09.03. 19:00;0,0
09.03. 20:00;0,0
09.03. 21:00;0,0
09.03. 22:00;0,0
09.03. 23:00;0,0
10.03. 00:00;0,0
10.03. 01:00;0,0
10.03. 02:00;0,0
10.03. 03:00;0,0
10.03. 04:00;0,0
10.03. 05:00;0,0
10.03. 06:00;0,0
10.03. 07:00;18,0481
10.03. 08:00;30,79
10.03. 09:00;60,659800000000004
10.03. 10:00;90,5514
10.03. 11:00;80,751
10.03. 12:00;42,7388
10.03. 13:00;63,852000000000004
10.03. 14:00;71,94
10.03. 15:00;91,38799999999999
10.03. 16:00;56,9914
10.03. 17:00;6,33639
10.03. 18:00;0,0
10.03. 19:00;0,0
10.03. 20:00;0,0
10.03. 21:00;0,0
10.03. 22:00;0,0
10.03. 23:00;0,0
11.03. 00:00;0,0
11.03. 01:00;0,0
11.03. 02:00;0,0
11.03. 03:00;0,0
11.03. 04:00;0,0
11.03. 05:00;0,0
11.03. 06:00;0,0
11.03. 07:00;5,34297
11.03. 08:00;28,5659
11.03. 09:00;56,332
11.03. 10:00;116,221
11.03. 11:00;104,183
11.03. 12:00;46,190200000000004
11.03. 13:00;27,2994
11.03. 14:00;21,3354
11.03. 15:00;20,5545
11.03. 16:00;6,993880000000001
11.03. 17:00;1,3058
11.03. 18:00;0,0
11.03. 19:00;0,0
11.03. 20:00;0,0
11.03. 21:00;0,0
11.03. 22:00;0,0
11.03. 23:00;0,0
12.03. 00:00;0,0
12.03. 01:00;0,0
12.03. 02:00;0,0
12.03. 03:00;0,0
12.03. 04:00;0,0
12.03. 05:00;0,0
12.03. 06:00;0,12735
12.03. 07:00;18,31734
12.03. 08:00;30,7812
12.03. 09:00;29,5691
12.03. 10:00;64,7973
12.03. 11:00;122,286
12.03. 12:00;79,075
12.03. 13:00;60,844
12.03. 14:00;39,9993
12.03. 15:00;29,9455
12.03. 16:00;19,1034
12.03. 17:00;6,54897
12.03. 18:00;0,0
12.03. 19:00;0,0
12.03. 20:00;0,0
12.03. 21:00;0,0
12.03. 22:00;0,0
12.03. 23:00;0,0
13.03. 00:00;0,0
13.03. 01:00;0,0
13.03. 02:00;0,0
13.03. 03:00;0,0
13.03. 04:00;0,0
13.03. 05:00;0,0
13.03. 06:00;2,1327499999999997
13.03. 07:00;44,1885
13.03. 08:00;91,2
13.03. 09:00;154,287
13.03. 10:00;193,011
13.03. 11:00;181,719
13.03. 12:00;196,89
13.03. 13:00;186,055
13.03. 14:00;170,595
13.03. 15:00;129,329
13.03. 16:00;74,854
13.03. 17:00;20,16574
13.03. 18:00;0,0
13.03. 19:00;0,0
13.03. 20:00;0,0
13.03. 21:00;0,0
13.03. 22:00;0,0
13.03. 23:00;0,0
14.03. 00:00;0,0
14.03. 01:00;0,0
14.03. 02:00;0,0
14.03. 03:00;0,0
14.03. 04:00;0,0
14.03. 05:00;0,0
14.03. 06:00;0,33919
14.03. 07:00;19,013509999999997
14.03. 08:00;41,750299999999996
14.03. 09:00;70,21300000000001
14.03. 10:00;91,02
14.03. 11:00;141,135
14.03. 12:00;209,676
14.03. 13:00;165,079
14.03. 14:00;87,342
14.03. 15:00;83,862
14.03. 16:00;59,748999999999995
14.03. 17:00;13,836649999999999
14.03. 18:00;0,0
14.03. 19:00;0,0
14.03. 20:00;0,0
14.03. 21:00;0,0
14.03. 22:00;0,0
14.03. 23:00;0,0
15.03. 00:00;0,0
15.03. 01:00;0,0
15.03. 02:00;0,0
15.03. 03:00;0,0
15.03. 04:00;0,0
15.03. 05:00;0,0
15.03. 06:00;1,3207200000000001
15.03. 07:00;39,242000000000004
15.03. 08:00;89,742
15.03. 09:00;155,215
15.03. 10:00;194,412
15.03. 11:00;216,96699999999998
15.03. 12:00;222,183
15.03. 13:00;207,148
15.03. 14:00;177,445
15.03. 15:00;132,064
15.03. 16:00;75,853
15.03. 17:00;22,66745
15.03. 18:00;0,0
15.03. 19:00;0,0
15.03. 20:00;0,0
15.03. 21:00;0,0
15.03. 22:00;0,0
15.03. 23:00;0,0
16.03. 00:00;0,0
16.03. 01:00;0,0
16.03. 02:00;0,0
16.03. 03:00;0,0
16.03. 04:00;0,0
16.03. 05:00;0,0
16.03. 06:00;2,23771
16.03. 07:00;42,8273
16.03. 08:00;88,944
16.03. 09:00;125,613
16.03. 10:00;177,033
16.03. 11:00;214,738
16.03. 12:00;219,775
16.03. 13:00;203,046
16.03. 14:00;174,557
16.03. 15:00;132,325
16.03. 16:00;77,223
16.03. 17:00;22,5866
16.03. 18:00;0,0
16.03. 19:00;0,0
16.03. 20:00;0,0
16.03. 21:00;0,0
16.03. 22:00;0,0
16.03. 23:00;0,0
17.03. 00:00;0,0
17.03. 01:00;0,0
17.03. 02:00;0,0
17.03. 03:00;0,0
17.03. 04:00;0,0
17.03. 05:00;0,0
17.03. 06:00;0,06648
17.03. 07:00;21,23144
17.03. 08:00;54,5728
17.03. 09:00;98,3806
17.03. 10:00;81,614
17.03. 11:00;48,411
17.03. 12:00;38,1249
17.03. 13:00;30,724700000000002
17.03. 14:00;40,8494
17.03. 15:00;72,729
17.03. 16:00;68,07000000000001
17.03. 17:00;22,0141
17.03. 18:00;0,0
17.03. 19:00;0,0
17.03. 20:00;0,0
17.03. 21:00;0,0
17.03. 22:00;0,0
17.03. 23:00;0,0
18.03. 00:00;0,0
18.03. 01:00;0,0
18.03. 02:00;0,0
18.03. 03:00;0,0
18.03. 04:00;0,0
18.03. 05:00;0,0
18.03. 06:00;2,0237800000000004
18.03. 07:00;37,9892
18.03. 08:00;96,64599999999999
18.03. 09:00;161,774
18.03. 10:00;198,25300000000001
18.03. 11:00;220,642
18.03. 12:00;220,232
18.03. 13:00;194,756
18.03. 14:00;112,787
18.03. 15:00;45,8324
18.03. 16:00;75,437
18.03. 17:00;24,2735
18.03. 18:00;0,0
18.03. 19:00;0,0
18.03. 20:00;0,0
18.03. 21:00;0,0
18.03. 22:00;0,0
18.03. 23:00;0,0
19.03. 00:00;0,0
19.03. 01:00;0,0
19.03. 02:00;0,0
19.03. 03:00;0,0
19.03. 04:00;0,0
19.03. 05:00;0,0
19.03. 06:00;0,16915
19.03. 07:00;10,681709999999999
19.03. 08:00;21,3874
19.03. 09:00;31,1918
19.03. 10:00;27,8655
19.03. 11:00;25,0056
19.03. 12:00;24,5382
19.03. 13:00;18,7042
19.03. 14:00;20,4334
19.03. 15:00;20,851399999999998
19.03. 16:00;14,50538
19.03. 17:00;6,58086
19.03. 18:00;0,0
19.03. 19:00;0,0
19.03. 20:00;0,0
19.03. 21:00;0,0
19.03. 22:00;0,0
19.03. 23:00;0,0
20.03. 00:00;0,0
20.03. 01:00;0,0
20.03. 02:00;0,0
20.03. 03:00;0,0
20.03. 04:00;0,0
20.03. 05:00;0,0
20.03. 06:00;0,40024000000000004
20.03. 07:00;13,9544
20.03. 08:00;28,460700000000003
20.03. 09:00;42,4098
20.03. 10:00;46,5172
20.03. 11:00;39,0092
20.03. 12:00;37,389700000000005
20.03. 13:00;36,1028
20.03. 14:00;31,983400000000003
20.03. 15:00;23,333
20.03. 16:00;15,893
20.03. 17:00;3,59965
20.03. 18:00;0,0
20.03. 19:00;0,0
20.03. 20:00;0,0
20.03. 21:00;0,0
20.03. 22:00;0,0
20.03. 23:00;0,0
21.03. 00:00;0,0
21.03. 01:00;0,0
21.03. 02:00;0,0
21.03. 03:00;0,0
21.03. 04:00;0,0
21.03. 05:00;0,0
21.03. 06:00;7,70679
21.03. 07:00;62,1549
21.03. 08:00;112,46000000000001
21.03. 09:00;171,749
21.03. 10:00;206,497
21.03. 11:00;230,602
21.03. 12:00;237,915
21.03. 13:00;223,44400000000002
21.03. 14:00;195,097
21.03. 15:00;149,849
21.03. 16:00;91,826
21.03. 17:00;32,6026
21.03. 18:00;0,6171
21.03. 19:00;0,0
21.03. 20:00;0,0
21.03. 21:00;0,0
21.03. 22:00;0,0
21.03. 23:00;0,0
22.03. 00:00;0,0
22.03. 01:00;0,0
22.03. 02:00;0,0
22.03. 03:00;0,0
22.03. 04:00;0,0
22.03. 05:00;0,0
22.03. 06:00;8,96165
22.03. 07:00;63,2488
22.03. 08:00;113,832
22.03. 09:00;177,398
22.03. 10:00;215,341
22.03. 11:00;236,68
22.03. 12:00;235,358
22.03. 13:00;219,66
22.03. 14:00;192,059
22.03. 15:00;148,663
22.03. 16:00;91,778
22.03. 17:00;33,9729
22.03. 18:00;0,88627
22.03. 19:00;0,0
22.03. 20:00;0,0
22.03. 21:00;0,0
22.03. 22:00;0,0
22.03. 23:00;0,0
23.03. 00:00;0,0
23.03. 01:00;0,0
23.03. 02:00;0,0
23.03. 03:00;0,0
23.03. 04:00;0,0
23.03. 05:00;0,0
23.03. 06:00;10,74416
23.03. 07:00;66,7051
23.03. 08:00;116,921
23.03. 09:00;181,349
23.03. 10:00;218,364
23.03. 11:00;238,463
23.03. 12:00;240,744
23.03. 13:00;223,422
23.03. 14:00;194,761
23.03. 15:00;149,37
23.03. 16:00;94,25999999999999
23.03. 17:00;34,371
23.03. 18:00;1,1611
23.03. 19:00;0,0
23.03. 20:00;0,0
23.03. 21:00;0,0
23.03. 22:00;0,0
23.03. 23:00;0,0
24.03. 00:00;0,0
24.03. 01:00;0,0
24.03. 02:00;0,0
24.03. 03:00;0,0
24.03. 04:00;0,0
24.03. 05:00;0,0
24.03. 06:00;11,26843
24.03. 07:00;68,654
24.03. 08:00;117,366
24.03. 09:00;181,012
24.03. 10:00;217,516
24.03. 11:00;237,042
24.03. 12:00;238,353
24.03. 13:00;221,7
24.03. 14:00;192,173
24.03. 15:00;149,265
24.03. 16:00;93,65299999999999
24.03. 17:00;35,3103
24.03. 18:00;1,13058
24.03. 19:00;0,0
24.03. 20:00;0,0
24.03. 21:00;0,0
24.03. 22:00;0,0
24.03. 23:00;0,0
25.03. 00:00;0,0
25.03. 01:00;0,0
25.03. 02:00;0,0
25.03. 03:00;0,0
25.03. 04:00;0,0
25.03. 05:00;0,0
25.03. 06:00;10,013860000000001
25.03. 07:00;58,918400000000005
25.03. 08:00;89,727
25.03. 09:00;126,416
25.03. 10:00;183,772
25.03. 11:00;199,897
25.03. 12:00;221,207
25.03. 13:00;191,007
25.03. 14:00;179,601
25.03. 15:00;148,47500000000002
25.03. 16:00;93,54599999999999
25.03. 17:00;36,4312
25.03. 18:00;1,0211700000000001
25.03. 19:00;0,0
25.03. 20:00;0,0
25.03. 21:00;0,0
25.03. 22:00;0,0
25.03. 23:00;0,0
26.03. 00:00;0,0
26.03. 01:00;0,0
26.03. 02:00;0,0
26.03. 03:00;0,0
26.03. 04:00;0,0
26.03. 05:00;0,0
26.03. 06:00;2,57684
26.03. 07:00;24,967460000000003
26.03. 08:00;43,077
26.03. 09:00;61,568
26.03. 10:00;71,614
26.03. 11:00;100,307
26.03. 12:00;163,15300000000002
26.03. 13:00;209,824
26.03. 14:00;193,984
26.03. 15:00;148,836
26.03. 16:00;92,09700000000001
26.03. 17:00;37,0594
26.03. 18:00;1,0288
26.03. 19:00;0,0
26.03. 20:00;0,0
26.03. 21:00;0,0
26.03. 22:00;0,0
26.03. 23:00;0,0
27.03. 00:00;0,0
27.03. 01:00;0,0
27.03. 02:00;0,0
27.03. 03:00;0,0
27.03. 04:00;0,0
27.03. 05:00;0,0
27.03. 06:00;4,20451
27.03. 07:00;42,217600000000004
27.03. 08:00;65,803
27.03. 09:00;111,87700000000001
27.03. 10:00;89,03
27.03. 11:00;118,586
27.03. 12:00;133,281
27.03. 13:00;88,73400000000001
27.03. 14:00;86,42699999999999
27.03. 15:00;35,3906
27.03. 16:00;17,8018
27.03. 17:00;12,3656
27.03. 18:00;0,0
27.03. 19:00;0,0
27.03. 20:00;0,0
27.03. 21:00;0,0
27.03. 22:00;0,0
27.03. 23:00;0,0
28.03. 00:00;0,0
28.03. 01:00;0,0
28.03. 02:00;0,0
28.03. 03:00;0,0
28.03. 04:00;0,0
28.03. 05:00;0,0
28.03. 06:00;5,66687
28.03. 07:00;42,5687
28.03. 08:00;89,536
28.03. 09:00;153,24099999999999
28.03. 10:00;191,184
28.03. 11:00;166,417
28.03. 12:00;172,011
28.03. 13:00;226,201
28.03. 14:00;188,64
28.03. 15:00;136,324
28.03. 16:00;54,002700000000004
28.03. 17:00;32,1696
28.03. 18:00;1,2642200000000001
28.03. 19:00;0,0
28.03. 20:00;0,0
28.03. 21:00;0,0
28.03. 22:00;0,0
28.03. 23:00;0,0
29.03. 00:00;0,0
29.03. 01:00;0,0
29.03. 02:00;0,0
29.03. 03:00;0,0
29.03. 04:00;0,0
29.03. 05:00;0,0
29.03. 06:00;14,450800000000001
29.03. 07:00;69,6822
29.03. 08:00;116,557
29.03. 09:00;182,208
29.03. 10:00;222,004
29.03. 11:00;246,001
29.03. 12:00;252,57
29.03. 13:00;238,759
29.03. 14:00;203,166
29.03. 15:00;151,29
29.03. 16:00;90,544
29.03. 17:00;34,6623
29.03. 18:00;1,72964
29.03. 19:00;0,0
29.03. 20:00;0,0
29.03. 21:00;0,0
29.03. 22:00;0,0
29.03. 23:00;0,0
30.03. 00:00;0,0
30.03. 01:00;0,0
30.03. 02:00;0,0
30.03. 03:00;0,0
30.03. 04:00;0,0
30.03. 05:00;0,0
30.03. 06:00;6,86573
30.03. 07:00;42,6167
30.03. 08:00;95,03399999999999
30.03. 09:00;147,905
30.03. 10:00;192,083
30.03. 11:00;229,764
30.03. 12:00;226,496
30.03. 13:00;227,628
30.03. 14:00;199,057
30.03. 15:00;153,423
30.03. 16:00;98,82300000000001
30.03. 17:00;42,5668
30.03. 18:00;2,1071999999999997
30.03. 19:00;0,0
30.03. 20:00;0,0
30.03. 21:00;0,0
30.03. 22:00;0,0
30.03. 23:00;0,0
31.03. 00:00;0,0
31.03. 01:00;0,0
31.03. 02:00;0,0
31.03. 03:00;0,0
31.03. 04:00;0,0
31.03. 05:00;0,0
31.03. 06:00;5,40667
31.03. 07:00;40,0718
31.03. 08:00;90,051
31.03. 09:00;171,05200000000002
31.03. 10:00;232,244
31.03. 11:00;254,417
31.03. 12:00;240,29500000000002
31.03. 13:00;241,90300000000002
31.03. 14:00;211,07299999999998
31.03. 15:00;167,513
31.03. 16:00;110,16900000000001
31.03. 17:00;49,3632
31.03. 18:00;3,13467
31.03. 19:00;0,0
31.03. 20:00;0,0
31.03. 21:00;0,0
31.03. 22:00;0,0
31.03. 23:00;0,0
01.04. 00:00;0,0
01.04. 01:00;0,0
01.04. 02:00;0,0
01.04. 03:00;0,0
01.04. 04:00;0,0
01.04. 05:00;0,91055
01.04. 06:00;27,8916
01.04. 07:00;81,56099999999999
01.04. 08:00;122,909
01.04. 09:00;180,383
01.04. 10:00;224,719
01.04. 11:00;226,821
01.04. 12:00;190,16
01.04. 13:00;177,954
01.04. 14:00;156,067
01.04. 15:00;119,803
01.04. 16:00;81,804
01.04. 17:00;30,7774
01.04. 18:00;0,83429
01.04. 19:00;0,0
01.04. 20:00;0,0
01.04. 21:00;0,0
01.04. 22:00;0,0
01.04. 23:00;0,0
02.04. 00:00;0,0
02.04. 01:00;0,0
02.04. 02:00;0,0
02.04. 03:00;0,0
02.04. 04:00;0,0
02.04. 05:00;0,0
02.04. 06:00;19,8289
02.04. 07:00;89,096
02.04. 08:00;151,852
02.04. 09:00;200,019
02.04. 10:00;225,10500000000002
02.04. 11:00;226,782
02.04. 12:00;229,391
02.04. 13:00;216,44
02.04. 14:00;200,776
02.04. 15:00;159,281
02.04. 16:00;104,356
02.04. 17:00;48,557
02.04. 18:00;3,2770099999999998
02.04. 19:00;0,0
02.04. 20:00;0,0
02.04. 21:00;0,0
02.04. 22:00;0,0
02.04. 23:00;0,0
03.04. 00:00;0,0
03.04. 01:00;0,0
03.04. 02:00;0,0
03.04. 03:00;0,0
03.04. 04:00;0,0
03.04. 05:00;1,0397
03.04. 06:00;31,6246
03.04. 07:00;94,75800000000001
03.04. 08:00;154,56799999999998
03.04. 09:00;143,204
03.04. 10:00;77,405
03.04. 11:00;184,849
03.04. 12:00;256,591
03.04. 13:00;214,869
03.04. 14:00;177,523
03.04. 15:00;140,924
03.04. 16:00;63,49
03.04. 17:00;22,0545
03.04. 18:00;0,9974799999999999
03.04. 19:00;0,0
03.04. 20:00;0,0
03.04. 21:00;0,0
03.04. 22:00;0,0
03.04. 23:00;0,0
04.04. 00:00;0,0
04.04. 01:00;0,0
04.04. 02:00;0,0
04.04. 03:00;0,0
04.04. 04:00;0,0
04.04. 05:00;0,0
04.04. 06:00;1,4586599999999998
04.04. 07:00;12,9224
04.04. 08:00;45,9113
04.04. 09:00;74,529
04.04. 10:00;106,553
04.04. 11:00;154,838
04.04. 12:00;126,022
04.04. 13:00;80,587
04.04. 14:00;62,3772
04.04. 15:00;107,022
04.04. 16:00;72,086
04.04. 17:00;18,4789
04.04. 18:00;0,0
04.04. 19:00;0,0
04.04. 20:00;0,0
04.04. 21:00;0,0
04.04. 22:00;0,0
04.04. 23:00;0,0
05.04. 00:00;0,0
05.04. 01:00;0,0
05.04. 02:00;0,0
05.04. 03:00;0,0
05.04. 04:00;0,0
05.04. 05:00;0,6032200000000001
05.04. 06:00;8,662700000000001
05.04. 07:00;21,4989
05.04. 08:00;51,896300000000004
05.04. 09:00;58,607
05.04. 10:00;39,3874
05.04. 11:00;56,8442
05.04. 12:00;44,1295
05.04. 13:00;51,159
05.04. 14:00;59,03
05.04. 15:00;46,8968
05.04. 16:00;59,9734
05.04. 17:00;48,65
05.04. 18:00;4,56003
05.04. 19:00;0,0
05.04. 20:00;0,0
05.04. 21:00;0,0
05.04. 22:00;0,0
05.04. 23:00;0,0
06.04. 00:00;0,0
06.04. 01:00;0,0
06.04. 02:00;0,0
06.04. 03:00;0,0
06.04. 04:00;0,0
06.04. 05:00;0,0
06.04. 06:00;10,705
06.04. 07:00;45,8341
06.04. 08:00;97,712
06.04. 09:00;169,881
06.04. 10:00;232,018
06.04. 11:00;220,835
06.04. 12:00;158,56
06.04. 13:00;159,085
06.04. 14:00;142,526
06.04. 15:00;76,6
06.04. 16:00;47,6177
06.04. 17:00;41,7877
06.04. 18:00;5,5136
06.04. 19:00;0,0
06.04. 20:00;0,0
06.04. 21:00;0,0
06.04. 22:00;0,0
06.04. 23:00;0,0
07.04. 00:00;0,0
07.04. 01:00;0,0
07.04. 02:00;0,0
07.04. 03:00;0,0
07.04. 04:00;0,0
07.04. 05:00;3,2297
07.04. 06:00;42,719
07.04. 07:00;103,59700000000001
07.04. 08:00;163,802
07.04. 09:00;212,266
07.04. 10:00;247,042
07.04. 11:00;263,593
07.04. 12:00;263,204
07.04. 13:00;245,03
07.04. 14:00;215,86599999999999
07.04. 15:00;171,091
07.04. 16:00;113,969
07.04. 17:00;53,7295
07.04. 18:00;5,394950000000001
07.04. 19:00;0,0
07.04. 20:00;0,0
07.04. 21:00;0,0
07.04. 22:00;0,0
07.04. 23:00;0,0
08.04. 00:00;0,0
08.04. 01:00;0,0
08.04. 02:00;0,0
08.04. 03:00;0,0
08.04. 04:00;0,0
08.04. 05:00;2,98113
08.04. 06:00;42,8685
08.04. 07:00;98,672
08.04. 08:00;154,32999999999998
08.04. 09:00;193,54399999999998
08.04. 10:00;234,471
08.04. 11:00;258,909
08.04. 12:00;251,724
08.04. 13:00;210,036
08.04. 14:00;185,308
08.04. 15:00;123,63499999999999
08.04. 16:00;51,1502
08.04. 17:00;11,61017
08.04. 18:00;0,06845
08.04. 19:00;0,0
08.04. 20:00;0,0
08.04. 21:00;0,0
08.04. 22:00;0,0
08.04. 23:00;0,0
09.04. 00:00;0,0
09.04. 01:00;0,0
09.04. 02:00;0,0
09.04. 03:00;0,0
09.04. 04:00;0,0
09.04. 05:00;3,99705
09.04. 06:00;32,469899999999996
09.04. 07:00;49,058800000000005
09.04. 08:00;93,46459999999999
09.04. 09:00;178,869
09.04. 10:00;206,94
09.04. 11:00;177,733
09.04. 12:00;149,495
09.04. 13:00;59,888
09.04. 14:00;32,0695
09.04. 15:00;36,9166
09.04. 16:00;43,321
09.04. 17:00;18,7886
09.04. 18:00;0,32439
09.04. 19:00;0,0
09.04. 20:00;0,0
09.04. 21:00;0,0
09.04. 22:00;0,0
09.04. 23:00;0,0
10.04. 00:00;0,0
10.04. 01:00;0,0
10.04. 02:00;0,0
10.04. 03:00;0,0
10.04. 04:00;0,0
10.04. 05:00;0,21178
10.04. 06:00;28,51838
10.04. 07:00;84,47200000000001
10.04. 08:00;121,368
10.04. 09:00;133,655
10.04. 10:00;124,104
10.04. 11:00;135,038
10.04. 12:00;123,724
10.04. 13:00;176,089
10.04. 14:00;106,145
10.04. 15:00;55,786
10.04. 16:00;68,6971
10.04. 17:00;38,1483
10.04. 18:00;7,53383
10.04. 19:00;0,0
10.04. 20:00;0,0
10.04. 21:00;0,0
10.04. 22:00;0,0
10.04. 23:00;0,0
11.04. 00:00;0,0
11.04. 01:00;0,0
11.04. 02:00;0,0
11.04. 03:00;0,0
11.04. 04:00;0,0
11.04. 05:00;0,0
11.04. 06:00;7,892799999999999
11.04. 07:00;26,2847
11.04. 08:00;61,711
11.04. 09:00;83,013
11.04. 10:00;55,5612
11.04. 11:00;53,7746
11.04. 12:00;82,023
11.04. 13:00;71,982
11.04. 14:00;42,5758
11.04. 15:00;56,7885
11.04. 16:00;56,167
11.04. 17:00;41,5996
11.04. 18:00;3,6447399999999996
11.04. 19:00;0,0
11.04. 20:00;0,0
11.04. 21:00;0,0
11.04. 22:00;0,0
11.04. 23:00;0,0
12.04. 00:00;0,0
12.04. 01:00;0,0
12.04. 02:00;0,0
12.04. 03:00;0,0
12.04. 04:00;0,0
12.04. 05:00;4,38056
12.04. 06:00;30,1686
12.04. 07:00;79,428
12.04. 08:00;80,614
12.04. 09:00;151,778
12.04. 10:00;231,43200000000002
12.04. 11:00;266,867
12.04. 12:00;244,505
12.04. 13:00;101,132
12.04. 14:00;77,34299999999999
12.04. 15:00;111,392
12.04. 16:00;105,386
12.04. 17:00;58,725
12.04. 18:00;6,6358
12.04. 19:00;0,0
12.04. 20:00;0,0
12.04. 21:00;0,0
12.04. 22:00;0,0
12.04. 23:00;0,0
13.04. 00:00;0,0
13.04. 01:00;0,0
13.04. 02:00;0,0
13.04. 03:00;0,0
13.04. 04:00;0,0
13.04. 05:00;1,5143199999999999
13.04. 06:00;22,5392
13.04. 07:00;82,211
13.04. 08:00;164,054
13.04. 09:00;196,96699999999998
13.04. 10:00;234,135
13.04. 11:00;253,534
13.04. 12:00;265,044
13.04. 13:00;222,208
13.04. 14:00;144,727
13.04. 15:00;93,922
13.04. 16:00;57,635400000000004
13.04. 17:00;27,6124
13.04. 18:00;2,99562
13.04. 19:00;0,0
13.04. 20:00;0,0
13.04. 21:00;0,0
13.04. 22:00;0,0
13.04. 23:00;0,0
14.04. 00:00;0,0
14.04. 01:00;0,0
14.04. 02:00;0,0
14.04. 03:00;0,0
14.04. 04:00;0,0
14.04. 05:00;7,57035
14.04. 06:00;47,6849
14.04. 07:00;106,408
14.04. 08:00;120,84899999999999
14.04. 09:00;48,305
14.04. 10:00;81,691
14.04. 11:00;81,33500000000001
14.04. 12:00;82,344
14.04. 13:00;64,8518
14.04. 14:00;160,985
14.04. 15:00;136,68
14.04. 16:00;46,1081
14.04. 17:00;21,255200000000002
14.04. 18:00;2,5682899999999997
14.04. 19:00;0,0
14.04. 20:00;0,0
14.04. 21:00;0,0
14.04. 22:00;0,0
14.04. 23:00;0,0
15.04. 00:00;0,0
15.04. 01:00;0,0
15.04. 02:00;0,0
15.04. 03:00;0,0
15.04. 04:00;0,0
15.04. 05:00;1,48111
15.04. 06:00;7,4292
15.04. 07:00;36,107299999999995
15.04. 08:00;55,3195
15.04. 09:00;70,521
15.04. 10:00;57,38
15.04. 11:00;35,475899999999996
15.04. 12:00;40,5942
15.04. 13:00;46,6163
15.04. 14:00;57,3887
15.04. 15:00;65,965
15.04. 16:00;51,0758
15.04. 17:00;28,7575
15.04. 18:00;5,4545
15.04. 19:00;0,0
15.04. 20:00;0,0
15.04. 21:00;0,0
15.04. 22:00;0,0
15.04. 23:00;0,0
16.04. 00:00;0,0
16.04. 01:00;0,0
16.04. 02:00;0,0
16.04. 03:00;0,0
16.04. 04:00;0,0
16.04. 05:00;5,790900000000001
16.04. 06:00;31,599999999999998
16.04. 07:00;77,5892
16.04. 08:00;82,473
16.04. 09:00;114,95400000000001
16.04. 10:00;191,238
16.04. 11:00;181,851
16.04. 12:00;194,853
16.04. 13:00;230,962
16.04. 14:00;214,84799999999998
16.04. 15:00;180,145
16.04. 16:00;127,456
16.04. 17:00;68,659
16.04. 18:00;12,43341
16.04. 19:00;0,0
16.04. 20:00;0,0
16.04. 21:00;0,0
16.04. 22:00;0,0
16.04. 23:00;0,0
17.04. 00:00;0,0
17.04. 01:00;0,0
17.04. 02:00;0,0
17.04. 03:00;0,0
17.04. 04:00;0,0
17.04. 05:00;15,92209
17.04. 06:00;62,321
17.04. 07:00;122,60300000000001
17.04. 08:00;178,248
17.04. 09:00;228,236
17.04. 10:00;266,04
17.04. 11:00;281,16700000000003
17.04. 12:00;281,496
17.04. 13:00;263,13599999999997
17.04. 14:00;232,642
17.04. 15:00;187,80599999999998
17.04. 16:00;130,599
17.04. 17:00;69,282
17.04. 18:00;12,78069
17.04. 19:00;0,0
17.04. 20:00;0,0
17.04. 21:00;0,0
17.04. 22:00;0,0
17.04. 23:00;0,0
18.04. 00:00;0,0
18.04. 01:00;0,0
18.04. 02:00;0,0
18.04. 03:00;0,0
18.04. 04:00;0,0
18.04. 05:00;15,309709999999999
18.04. 06:00;66,07
18.04. 07:00;129,1
18.04. 08:00;186,317
18.04. 09:00;230,608
18.04. 10:00;264,91
18.04. 11:00;279,557
18.04. 12:00;279,423
18.04. 13:00;261,235
18.04. 14:00;232,046
18.04. 15:00;187,334
18.04. 16:00;131,043
18.04. 17:00;70,627
18.04. 18:00;14,37891
18.04. 19:00;0,0
18.04. 20:00;0,0
18.04. 21:00;0,0
18.04. 22:00;0,0
18.04. 23:00;0,0
19.04. 00:00;0,0
19.04. 01:00;0,0
19.04. 02:00;0,0
19.04. 03:00;0,0
19.04. 04:00;0,0
19.04. 05:00;11,35246
19.04. 06:00;57,586
19.04. 07:00;118,319
19.04. 08:00;176,81
19.04. 09:00;214,488
19.04. 10:00;196,77800000000002
19.04. 11:00;204,478
19.04. 12:00;231,172
19.04. 13:00;215,638
19.04. 14:00;180,151
19.04. 15:00;147,091
19.04. 16:00;110,15899999999999
19.04. 17:00;60,892
19.04. 18:00;14,18073
19.04. 19:00;0,0
19.04. 20:00;0,0
19.04. 21:00;0,0
19.04. 22:00;0,0
19.04. 23:00;0,0
20.04. 00:00;0,0
20.04. 01:00;0,0
20.04. 02:00;0,0
20.04. 03:00;0,0
20.04. 04:00;0,0
20.04. 05:00;14,850670000000001
20.04. 06:00;64,563
20.04. 07:00;125,22
20.04. 08:00;181,039
20.04. 09:00;230,078
20.04. 10:00;262,831
20.04. 11:00;277,307
20.04. 12:00;257,949
20.04. 13:00;237,552
20.04. 14:00;187,301
20.04. 15:00;175,22899999999998
20.04. 16:00;120,388
20.04. 17:00;49,441100000000006
20.04. 18:00;2,17254
20.04. 19:00;0,0
20.04. 20:00;0,0
20.04. 21:00;0,0
20.04. 22:00;0,0
20.04. 23:00;0,0
21.04. 00:00;0,0
21.04. 01:00;0,0
21.04. 02:00;0,0
21.04. 03:00;0,0
21.04. 04:00;0,0
21.04. 05:00;3,10643
21.04. 06:00;30,374299999999998
21.04. 07:00;43,0927
21.04. 08:00;89,6843
21.04. 09:00;162,485
21.04. 10:00;175,30200000000002
21.04. 11:00;165,084
21.04. 12:00;203,89000000000001
21.04. 13:00;152,553
21.04. 14:00;143,989
21.04. 15:00;110,162
21.04. 16:00;94,366
21.04. 17:00;36,237
21.04. 18:00;23,3809
21.04. 19:00;0,0
21.04. 20:00;0,0
21.04. 21:00;0,0
21.04. 22:00;0,0
21.04. 23:00;0,0
22.04. 00:00;0,0
22.04. 01:00;0,0
22.04. 02:00;0,0
22.04. 03:00;0,0
22.04. 04:00;0,0
22.04. 05:00;1,11722
22.04. 06:00;52,169
22.04. 07:00;91,336
22.04. 08:00;85,54400000000001
22.04. 09:00;117,588
22.04. 10:00;132,917
22.04. 11:00;135,81799999999998
22.04. 12:00;169,843
22.04. 13:00;134,767
22.04. 14:00;130,22899999999998
22.04. 15:00;124,248
22.04. 16:00;118,996
22.04. 17:00;80,959
22.04. 18:00;23,70175
22.04. 19:00;0,0
22.04. 20:00;0,0
22.04. 21:00;0,0
22.04. 22:00;0,0
22.04. 23:00;0,0
23.04. 00:00;0,0
23.04. 01:00;0,0
23.04. 02:00;0,0
23.04. 03:00;0,0
23.04. 04:00;0,0
23.04. 05:00;17,854149999999997
23.04. 06:00;73,5446
23.04. 07:00;135,201
23.04. 08:00;197,661
23.04. 09:00;240,014
23.04. 10:00;265,206
23.04. 11:00;286,41200000000003
23.04. 12:00;291,374
23.04. 13:00;276,036
23.04. 14:00;246,68
23.04. 15:00;201,177
23.04. 16:00;143,006
23.04. 17:00;81,18299999999999
23.04. 18:00;21,59891
23.04. 19:00;0,0
23.04. 20:00;0,0
23.04. 21:00;0,0
23.04. 22:00;0,0
23.04. 23:00;0,0
24.04. 00:00;0,0
24.04. 01:00;0,0
24.04. 02:00;0,0
24.04. 03:00;0,0
24.04. 04:00;0,0
24.04. 05:00;1,0419800000000001
24.04. 06:00;23,89001
24.04. 07:00;59,417
24.04. 08:00;100,308
24.04. 09:00;169,04500000000002
24.04. 10:00;222,409
24.04. 11:00;257,154
24.04. 12:00;279,929
24.04. 13:00;270,053
24.04. 14:00;239,81
24.04. 15:00;196,106
24.04. 16:00;140,565
24.04. 17:00;79,092
24.04. 18:00;24,8732
24.04. 19:00;0,0
24.04. 20:00;0,0
24.04. 21:00;0,0
24.04. 22:00;0,0
24.04. 23:00;0,0
25.04. 00:00;0,0
25.04. 01:00;0,0
25.04. 02:00;0,0
25.04. 03:00;0,0
25.04. 04:00;0,0
25.04. 05:00;19,5902
25.04. 06:00;79,7591
25.04. 07:00;139,864
25.04. 08:00;195,519
25.04. 09:00;239,206
25.04. 10:00;274,165
25.04. 11:00;288,981
25.04. 12:00;290,218
25.04. 13:00;271,908
25.04. 14:00;241,866
25.04. 15:00;197,222
25.04. 16:00;140,983
25.04. 17:00;80,27799999999999
25.04. 18:00;21,5905
25.04. 19:00;0,0
25.04. 20:00;0,0
25.04. 21:00;0,0
25.04. 22:00;0,0
25.04. 23:00;0,0
26.04. 00:00;0,0
26.04. 01:00;0,0
26.04. 02:00;0,0
26.04. 03:00;0,0
26.04. 04:00;0,0
26.04. 05:00;21,35313
26.04. 06:00;66,134
26.04. 07:00;125,624
26.04. 08:00;167,993
26.04. 09:00;171,696
26.04. 10:00;218,099
26.04. 11:00;176,33100000000002
26.04. 12:00;105,28399999999999
26.04. 13:00;45,745200000000004
26.04. 14:00;30,5919
26.04. 15:00;27,9632
26.04. 16:00;19,2359
26.04. 17:00;17,4914
26.04. 18:00;2,38563
26.04. 19:00;0,0
26.04. 20:00;0,0
26.04. 21:00;0,0
26.04. 22:00;0,0
26.04. 23:00;0,0
27.04. 00:00;0,0
27.04. 01:00;0,0
27.04. 02:00;0,0
27.04. 03:00;0,0
27.04. 04:00;0,0
27.04. 05:00;10,21437
27.04. 06:00;65,476
27.04. 07:00;125,257
27.04. 08:00;136,046
27.04. 09:00;145,637
27.04. 10:00;126,911
27.04. 11:00;59,678999999999995
27.04. 12:00;51,723
27.04. 13:00;57,248999999999995
27.04. 14:00;50,133700000000005
27.04. 15:00;97,09
27.04. 16:00;108,69399999999999
27.04. 17:00;40,8482
27.04. 18:00;8,72492
27.04. 19:00;0,0
27.04. 20:00;0,0
27.04. 21:00;0,0
27.04. 22:00;0,0
27.04. 23:00;0,0
28.04. 00:00;0,0
28.04. 01:00;0,0
28.04. 02:00;0,0
28.04. 03:00;0,0
28.04. 04:00;0,0
28.04. 05:00;15,5494
28.04. 06:00;81,57
28.04. 07:00;146,86700000000002
28.04. 08:00;203,09300000000002
28.04. 09:00;243,807
28.04. 10:00;272,93399999999997
28.04. 11:00;292,208
28.04. 12:00;294,156
28.04. 13:00;275,06100000000004
28.04. 14:00;233,22899999999998
28.04. 15:00;181,387
28.04. 16:00;121,75200000000001
28.04. 17:00;72,321
28.04. 18:00;26,7541
28.04. 19:00;0,0
28.04. 20:00;0,0
28.04. 21:00;0,0
28.04. 22:00;0,0
28.04. 23:00;0,0
29.04. 00:00;0,0
29.04. 01:00;0,0
29.04. 02:00;0,0
29.04. 03:00;0,0
29.04. 04:00;0,0
29.04. 05:00;22,341
29.04. 06:00;60,437
29.04. 07:00;117,596
29.04. 08:00;175,115
29.04. 09:00;220,66000000000003
29.04. 10:00;220,945
29.04. 11:00;219,68400000000003
29.04. 12:00;223,17700000000002
29.04. 13:00;237,332
29.04. 14:00;202,861
29.04. 15:00;133,32
29.04. 16:00;75,774
29.04. 17:00;48,2707
29.04. 18:00;16,3387
29.04. 19:00;0,0
29.04. 20:00;0,0
29.04. 21:00;0,0
29.04. 22:00;0,0
29.04. 23:00;0,0
30.04. 00:00;0,0
30.04. 01:00;0,0
30.04. 02:00;0,0
30.04. 03:00;0,0
30.04. 04:00;0,0
30.04. 05:00;6,7311
30.04. 06:00;63,5274
30.04. 07:00;54,108000000000004
30.04. 08:00;155,947
30.04. 09:00;221,49099999999999
30.04. 10:00;184,01500000000001
30.04. 11:00;226,272
30.04. 12:00;235,114
30.04. 13:00;133,46
30.04. 14:00;72,413
30.04. 15:00;84,395
30.04. 16:00;91,038
30.04. 17:00;40,8728
30.04. 18:00;3,3906899999999998
30.04. 19:00;0,0
30.04. 20:00;0,0
30.04. 21:00;0,0
30.04. 22:00;0,0
30.04. 23:00;0,0
01.05. 00:00;0,0
01.05. 01:00;0,0
01.05. 02:00;0,0
01.05. 03:00;0,0
01.05. 04:00;0,12056
01.05. 05:00;21,37832
01.05. 06:00;70,3253
01.05. 07:00;129,369
01.05. 08:00;192,537
01.05. 09:00;239,75900000000001
01.05. 10:00;272,041
01.05. 11:00;286,88
01.05. 12:00;287,974
01.05. 13:00;273,265
01.05. 14:00;241,15699999999998
01.05. 15:00;197,389
01.05. 16:00;144,805
01.05. 17:00;83,994
01.05. 18:00;26,0661
01.05. 19:00;0,0
01.05. 20:00;0,0
01.05. 21:00;0,0
01.05. 22:00;0,0
01.05. 23:00;0,0
02.05. 00:00;0,0
02.05. 01:00;0,0
02.05. 02:00;0,0
02.05. 03:00;0,0
02.05. 04:00;1,23213
02.05. 05:00;31,4015
02.05. 06:00;87,539
02.05. 07:00;149,798
02.05. 08:00;205,978
02.05. 09:00;250,89100000000002
02.05. 10:00;280,804
02.05. 11:00;294,91499999999996
02.05. 12:00;297,77
02.05. 13:00;283,594
02.05. 14:00;249,226
02.05. 15:00;203,284
02.05. 16:00;148,258
02.05. 17:00;85,36
02.05. 18:00;29,000500000000002
02.05. 19:00;0,0
02.05. 20:00;0,0
02.05. 21:00;0,0
02.05. 22:00;0,0
02.05. 23:00;0,0
03.05. 00:00;0,0
03.05. 01:00;0,0
03.05. 02:00;0,0
03.05. 03:00;0,0
03.05. 04:00;0,74249
03.05. 05:00;15,9946
03.05. 06:00;35,0814
03.05. 07:00;89,08800000000001
03.05. 08:00;151,982
03.05. 09:00;204,918
03.05. 10:00;265,62800000000004
03.05. 11:00;241,617
03.05. 12:00;241,433
03.05. 13:00;219,93200000000002
03.05. 14:00;182,969
03.05. 15:00;178,564
03.05. 16:00;121,02100000000002
03.05. 17:00;52,498999999999995
03.05. 18:00;17,8455
03.05. 19:00;0,0
03.05. 20:00;0,0
03.05. 21:00;0,0
03.05. 22:00;0,0
03.05. 23:00;0,0
04.05. 00:00;0,0
04.05. 01:00;0,0
04.05. 02:00;0,0
04.05. 03:00;0,0
04.05. 04:00;0,0
04.05. 05:00;4,26461
04.05. 06:00;17,660600000000002
04.05. 07:00;51,646
04.05. 08:00;77,614
04.05. 09:00;48,5607
04.05. 10:00;146,335
04.05. 11:00;126,01299999999999
04.05. 12:00;204,732
04.05. 13:00;167,414
04.05. 14:00;115,723
04.05. 15:00;90,949
04.05. 16:00;61,171
04.05. 17:00;52,892
04.05. 18:00;14,2073
04.05. 19:00;0,0
04.05. 20:00;0,0
04.05. 21:00;0,0
04.05. 22:00;0,0
04.05. 23:00;0,0
05.05. 00:00;0,0
05.05. 01:00;0,0
05.05. 02:00;0,0
05.05. 03:00;0,0
05.05. 04:00;0,0
05.05. 05:00;5,3196
05.05. 06:00;16,0863
05.05. 07:00;23,4258
05.05. 08:00;90,454
05.05. 09:00;106,472
05.05. 10:00;105,904
05.05. 11:00;57,976299999999995
05.05. 12:00;53,116
05.05. 13:00;44,2442
05.05. 14:00;41,0512
05.05. 15:00;59,3315
05.05. 16:00;40,820100000000004
05.05. 17:00;25,654
05.05. 18:00;18,7969
05.05. 19:00;0,6027
05.05. 20:00;0,0
05.05. 21:00;0,0
05.05. 22:00;0,0
05.05. 23:00;0,0
06.05. 00:00;0,0
06.05. 01:00;0,0
06.05. 02:00;0,0
06.05. 03:00;0,0
06.05. 04:00;0,0
06.05. 05:00;4,0378
06.05. 06:00;10,5123
06.05. 07:00;22,3622
06.05. 08:00;38,414500000000004
06.05. 09:00;58,513
06.05. 10:00;64,375
06.05. 11:00;84,627
06.05. 12:00;61,491
06.05. 13:00;97,5952
06.05. 14:00;163,394
06.05. 15:00;197,702
06.05. 16:00;129,251
06.05. 17:00;86,216
06.05. 18:00;44,2866
06.05. 19:00;1,13269
06.05. 20:00;0,0
06.05. 21:00;0,0
06.05. 22:00;0,0
06.05. 23:00;0,0
07.05. 00:00;0,0
07.05. 01:00;0,0
07.05. 02:00;0,0
07.05. 03:00;0,0
07.05. 04:00;0,0
07.05. 05:00;1,44785
07.05. 06:00;17,6432
07.05. 07:00;62,694
07.05. 08:00;137,52
07.05. 09:00;217,156
07.05. 10:00;232,462
07.05. 11:00;193,579
07.05. 12:00;204,726
07.05. 13:00;166,291
07.05. 14:00;152,526
07.05. 15:00;136,714
07.05. 16:00;145,808
07.05. 17:00;67,14
07.05. 18:00;37,2709
07.05. 19:00;1,05919
07.05. 20:00;0,0
07.05. 21:00;0,0
07.05. 22:00;0,0
07.05. 23:00;0,0
08.05. 00:00;0,0
08.05. 01:00;0,0
08.05. 02:00;0,0
08.05. 03:00;0,0
08.05. 04:00;2,50325
08.05. 05:00;37,2487
08.05. 06:00;93,747
08.05. 07:00;134,479
08.05. 08:00;176,333
08.05. 09:00;170,613
08.05. 10:00;106,392
08.05. 11:00;79,009
08.05. 12:00;85,726
08.05. 13:00;84,147
08.05. 14:00;187,869
08.05. 15:00;209,077
08.05. 16:00;127,514
08.05. 17:00;85,908
08.05. 18:00;40,071200000000005
08.05. 19:00;2,13207
08.05. 20:00;0,0
08.05. 21:00;0,0
08.05. 22:00;0,0
08.05. 23:00;0,0
09.05. 00:00;0,0
09.05. 01:00;0,0
09.05. 02:00;0,0
09.05. 03:00;0,0
09.05. 04:00;3,8986199999999998
09.05. 05:00;40,2025
09.05. 06:00;98,326
09.05. 07:00;154,06799999999998
09.05. 08:00;200,317
09.05. 09:00;204,739
09.05. 10:00;236,538
09.05. 11:00;260,86
09.05. 12:00;266,627
09.05. 13:00;271,912
09.05. 14:00;235,825
09.05. 15:00;173,024
09.05. 16:00;147,114
09.05. 17:00;75,825
09.05. 18:00;18,082700000000003
09.05. 19:00;0,28495
09.05. 20:00;0,0
09.05. 21:00;0,0
09.05. 22:00;0,0
09.05. 23:00;0,0
10.05. 00:00;0,0
10.05. 01:00;0,0
10.05. 02:00;0,0
10.05. 03:00;0,0
10.05. 04:00;0,0
10.05. 05:00;4,61125
10.05. 06:00;34,7786
10.05. 07:00;46,370000000000005
10.05. 08:00;115,203
10.05. 09:00;210,262
10.05. 10:00;267,55899999999997
10.05. 11:00;298,048
10.05. 12:00;286,06600000000003
10.05. 13:00;285,285
10.05. 14:00;239,876
10.05. 15:00;184,896
10.05. 16:00;138,595
10.05. 17:00;87,338
10.05. 18:00;31,7342
10.05. 19:00;2,26665
10.05. 20:00;0,0
10.05. 21:00;0,0
10.05. 22:00;0,0
10.05. 23:00;0,0
11.05. 00:00;0,0
11.05. 01:00;0,0
11.05. 02:00;0,0
11.05. 03:00;0,0
11.05. 04:00;0,0
11.05. 05:00;2,89895
11.05. 06:00;8,7683
11.05. 07:00;20,7046
11.05. 08:00;38,6102
11.05. 09:00;42,5513
11.05. 10:00;44,6237
11.05. 11:00;44,5685
11.05. 12:00;51,342
11.05. 13:00;49,331
11.05. 14:00;61,611000000000004
11.05. 15:00;95,148
11.05. 16:00;35,391799999999996
11.05. 17:00;30,2802
11.05. 18:00;7,47257
11.05. 19:00;0,09789
11.05. 20:00;0,0
11.05. 21:00;0,0
11.05. 22:00;0,0
11.05. 23:00;0,0
12.05. 00:00;0,0
12.05. 01:00;0,0
12.05. 02:00;0,0
12.05. 03:00;0,0
12.05. 04:00;6,86498
12.05. 05:00;51,520799999999994
12.05. 06:00;111,78800000000001
12.05. 07:00;175,47
12.05. 08:00;228,781
12.05. 09:00;228,308
12.05. 10:00;234,31799999999998
12.05. 11:00;225,337
12.05. 12:00;251,44
12.05. 13:00;263,284
12.05. 14:00;236,588
12.05. 15:00;178,75900000000001
12.05. 16:00;116,731
12.05. 17:00;85,334
12.05. 18:00;47,1873
12.05. 19:00;3,2398999999999996
12.05. 20:00;0,0
12.05. 21:00;0,0
12.05. 22:00;0,0
12.05. 23:00;0,0
13.05. 00:00;0,0
13.05. 01:00;0,0
13.05. 02:00;0,0
13.05. 03:00;0,0
13.05. 04:00;7,428560000000001
13.05. 05:00;50,0893
13.05. 06:00;108,709
13.05. 07:00;169,094
13.05. 08:00;222,975
13.05. 09:00;266,787
13.05. 10:00;294,875
13.05. 11:00;308,405
13.05. 12:00;307,77
13.05. 13:00;283,39
13.05. 14:00;248,54500000000002
13.05. 15:00;211,336
13.05. 16:00;153,945
13.05. 17:00;98,25200000000001
13.05. 18:00;45,5968
13.05. 19:00;4,2531
13.05. 20:00;0,0
13.05. 21:00;0,0
13.05. 22:00;0,0
13.05. 23:00;0,0
14.05. 00:00;0,0
14.05. 01:00;0,0
14.05. 02:00;0,0
14.05. 03:00;0,0
14.05. 04:00;0,2545
14.05. 05:00;21,323839999999997
14.05. 06:00;57,999
14.05. 07:00;113,42
14.05. 08:00;144,834
14.05. 09:00;171,13
14.05. 10:00;263,704
14.05. 11:00;282,60699999999997
14.05. 12:00;289,576
14.05. 13:00;262,687
14.05. 14:00;233,194
14.05. 15:00;195,619
14.05. 16:00;165,607
14.05. 17:00;104,34
14.05. 18:00;44,1083
14.05. 19:00;3,2776799999999997
14.05. 20:00;0,0
14.05. 21:00;0,0
14.05. 22:00;0,0
14.05. 23:00;0,0
15.05. 00:00;0,0
15.05. 01:00;0,0
15.05. 02:00;0,0
15.05. 03:00;0,0
15.05. 04:00;2,39186
15.05. 05:00;36,1958
15.05. 06:00;71,0102
15.05. 07:00;123,64
15.05. 08:00;120,257
15.05. 09:00;179,46699999999998
15.05. 10:00;242,317
15.05. 11:00;226,46000000000004
15.05. 12:00;207,957
15.05. 13:00;180,03699999999998
15.05. 14:00;164,032
15.05. 15:00;165,84
15.05. 16:00;123,262
15.05. 17:00;66,825
15.05. 18:00;23,4427
15.05. 19:00;1,10961
15.05. 20:00;0,0
15.05. 21:00;0,0
15.05. 22:00;0,0
15.05. 23:00;0,0
16.05. 00:00;0,0
16.05. 01:00;0,0
16.05. 02:00;0,0
16.05. 03:00;0,0
16.05. 04:00;0,0
16.05. 05:00;2,38312
16.05. 06:00;11,0182
16.05. 07:00;25,7137
16.05. 08:00;32,528
16.05. 09:00;69,321
16.05. 10:00;144,137
16.05. 11:00;231,37400000000002
16.05. 12:00;237,22699999999998
16.05. 13:00;186,649
16.05. 14:00;180,126
16.05. 15:00;107,611
16.05. 16:00;107,055
16.05. 17:00;77,708
16.05. 18:00;20,627499999999998
16.05. 19:00;0,34831
16.05. 20:00;0,0
16.05. 21:00;0,0
16.05. 22:00;0,0
16.05. 23:00;0,0
17.05. 00:00;0,0
17.05. 01:00;0,0
17.05. 02:00;0,0
17.05. 03:00;0,0
17.05. 04:00;3,64199
17.05. 05:00;31,9097
17.05. 06:00;102,816
17.05. 07:00;154,73000000000002
17.05. 08:00;207,62
17.05. 09:00;257,494
17.05. 10:00;277,245
17.05. 11:00;288,146
17.05. 12:00;284,298
17.05. 13:00;266,033
17.05. 14:00;256,514
17.05. 15:00;207,08499999999998
17.05. 16:00;163,679
17.05. 17:00;106,81700000000001
17.05. 18:00;51,0975
17.05. 19:00;6,39069
17.05. 20:00;0,0
17.05. 21:00;0,0
17.05. 22:00;0,0
17.05. 23:00;0,0
18.05. 00:00;0,0
18.05. 01:00;0,0
18.05. 02:00;0,0
18.05. 03:00;0,0
18.05. 04:00;0,23579
18.05. 05:00;2,04156
18.05. 06:00;10,94805
18.05. 07:00;66,393
18.05. 08:00;85,533
18.05. 09:00;180,60500000000002
18.05. 10:00;169,229
18.05. 11:00;126,557
18.05. 12:00;165,171
18.05. 13:00;254,711
18.05. 14:00;203,532
18.05. 15:00;155,188
18.05. 16:00;143,62199999999999
18.05. 17:00;78,215
18.05. 18:00;23,0163
18.05. 19:00;3,22155
18.05. 20:00;0,0
18.05. 21:00;0,0
18.05. 22:00;0,0
18.05. 23:00;0,0
19.05. 00:00;0,0
19.05. 01:00;0,0
19.05. 02:00;0,0
19.05. 03:00;0,0
19.05. 04:00;0,02212
19.05. 05:00;19,89976
19.05. 06:00;87,575
19.05. 07:00;159,664
19.05. 08:00;203,497
19.05. 09:00;238,094
19.05. 10:00;257,641
19.05. 11:00;257,794
19.05. 12:00;197,925
19.05. 13:00;174,249
19.05. 14:00;205,69400000000002
19.05. 15:00;209,736
19.05. 16:00;160,67000000000002
19.05. 17:00;77,87989999999999
19.05. 18:00;23,15769
19.05. 19:00;1,82592
19.05. 20:00;0,0
19.05. 21:00;0,0
19.05. 22:00;0,0
19.05. 23:00;0,0
20.05. 00:00;0,0
20.05. 01:00;0,0
20.05. 02:00;0,0
20.05. 03:00;0,0
20.05. 04:00;0,10904
20.05. 05:00;4,9849
20.05. 06:00;51,6685
20.05. 07:00;110,357
20.05. 08:00;182,95600000000002
20.05. 09:00;232,886
20.05. 10:00;250,391
20.05. 11:00;242,78300000000002
20.05. 12:00;241,239
20.05. 13:00;231,904
20.05. 14:00;199,249
20.05. 15:00;165,933
20.05. 16:00;119,779
20.05. 17:00;76,66499999999999
20.05. 18:00;49,501
20.05. 19:00;4,87633
20.05. 20:00;0,0
20.05. 21:00;0,0
20.05. 22:00;0,0
20.05. 23:00;0,0
21.05. 00:00;0,0
21.05. 01:00;0,0
21.05. 02:00;0,0
21.05. 03:00;0,0
21.05. 04:00;5,76579
21.05. 05:00;32,5267
21.05. 06:00;78,545
21.05. 07:00;111,434
21.05. 08:00;140,444
21.05. 09:00;199,709
21.05. 10:00;168,844
21.05. 11:00;58,233000000000004
21.05. 12:00;40,6779
21.05. 13:00;38,577600000000004
21.05. 14:00;26,7068
21.05. 15:00;52,737700000000004
21.05. 16:00;67,419
21.05. 17:00;32,1854
21.05. 18:00;23,5875
21.05. 19:00;2,89426
21.05. 20:00;0,0
21.05. 21:00;0,0
21.05. 22:00;0,0
21.05. 23:00;0,0
22.05. 00:00;0,0
22.05. 01:00;0,0
22.05. 02:00;0,0
22.05. 03:00;0,0
22.05. 04:00;0,67349
22.05. 05:00;20,62199
22.05. 06:00;58,22
22.05. 07:00;58,542
22.05. 08:00;90,401
22.05. 09:00;79,887
22.05. 10:00;123,214
22.05. 11:00;255,398
22.05. 12:00;202,12099999999998
22.05. 13:00;259,55899999999997
22.05. 14:00;190,99599999999998
22.05. 15:00;118,02199999999999
22.05. 16:00;101,422
22.05. 17:00;68,549
22.05. 18:00;35,6225
22.05. 19:00;0,42201
22.05. 20:00;0,0
22.05. 21:00;0,0
22.05. 22:00;0,0
22.05. 23:00;0,0
23.05. 00:00;0,0
23.05. 01:00;0,0
23.05. 02:00;0,0
23.05. 03:00;0,0
23.05. 04:00;12,88652
23.05. 05:00;50,6717
23.05. 06:00;105,316
23.05. 07:00;153,957
23.05. 08:00;194,29500000000002
23.05. 09:00;250,675
23.05. 10:00;267,05600000000004
23.05. 11:00;268,867
23.05. 12:00;279,574
23.05. 13:00;272,71299999999997
23.05. 14:00;236,329
23.05. 15:00;207,38400000000001
23.05. 16:00;172,894
23.05. 17:00;115,354
23.05. 18:00;55,9708
23.05. 19:00;6,81182
23.05. 20:00;0,0
23.05. 21:00;0,0
23.05. 22:00;0,0
23.05. 23:00;0,0
24.05. 00:00;0,0
24.05. 01:00;0,0
24.05. 02:00;0,0
24.05. 03:00;0,0
24.05. 04:00;6,91211
24.05. 05:00;53,859
24.05. 06:00;116,31800000000001
24.05. 07:00;173,44
24.05. 08:00;226,821
24.05. 09:00;270,52
24.05. 10:00;299,542
24.05. 11:00;310,113
24.05. 12:00;297,358
24.05. 13:00;272,871
24.05. 14:00;244,818
24.05. 15:00;189,364
24.05. 16:00;128,088
24.05. 17:00;81,171
24.05. 18:00;35,962199999999996
24.05. 19:00;4,99293
24.05. 20:00;0,0
24.05. 21:00;0,0
24.05. 22:00;0,0
24.05. 23:00;0,0
25.05. 00:00;0,0
25.05. 01:00;0,0
25.05. 02:00;0,0
25.05. 03:00;0,0
25.05. 04:00;11,53163
25.05. 05:00;54,2769
25.05. 06:00;112,495
25.05. 07:00;170,727
25.05. 08:00;223,001
25.05. 09:00;265,433
25.05. 10:00;295,165
25.05. 11:00;309,003
25.05. 12:00;312,663
25.05. 13:00;299,234
25.05. 14:00;266,934
25.05. 15:00;224,32799999999997
25.05. 16:00;173,482
25.05. 17:00;114,506
25.05. 18:00;56,6569
25.05. 19:00;9,67766
25.05. 20:00;0,0
25.05. 21:00;0,0
25.05. 22:00;0,0
25.05. 23:00;0,0
26.05. 00:00;0,0
26.05. 01:00;0,0
26.05. 02:00;0,0
26.05. 03:00;0,0
26.05. 04:00;8,738769999999999
26.05. 05:00;49,8479
26.05. 06:00;95,30099999999999
26.05. 07:00;163,36
26.05. 08:00;221,072
26.05. 09:00;261,543
26.05. 10:00;281,05
26.05. 11:00;202,187
26.05. 12:00;56,215
26.05. 13:00;25,4935
26.05. 14:00;24,032
26.05. 15:00;26,863500000000002
26.05. 16:00;69,5162
26.05. 17:00;53,763999999999996
26.05. 18:00;6,7369
26.05. 19:00;3,91043
26.05. 20:00;0,0
26.05. 21:00;0,0
26.05. 22:00;0,0
26.05. 23:00;0,0
27.05. 00:00;0,0
27.05. 01:00;0,0
27.05. 02:00;0,0
27.05. 03:00;0,0
27.05. 04:00;4,515890000000001
27.05. 05:00;25,857599999999998
27.05. 06:00;76,698
27.05. 07:00;137,505
27.05. 08:00;197,737
27.05. 09:00;202,157
27.05. 10:00;189,85500000000002
27.05. 11:00;227,634
27.05. 12:00;259,065
27.05. 13:00;130,051
27.05. 14:00;119,44999999999999
27.05. 15:00;144,863
27.05. 16:00;152,722
27.05. 17:00;88,5278
27.05. 18:00;36,5367
27.05. 19:00;8,8119
27.05. 20:00;0,0
27.05. 21:00;0,0
27.05. 22:00;0,0
27.05. 23:00;0,0
28.05. 00:00;0,0
28.05. 01:00;0,0
28.05. 02:00;0,0
28.05. 03:00;0,0
28.05. 04:00;0,21473
28.05. 05:00;2,96471
28.05. 06:00;16,844900000000003
28.05. 07:00;32,419399999999996
28.05. 08:00;46,8821
28.05. 09:00;58,338
28.05. 10:00;104,406
28.05. 11:00;202,766
28.05. 12:00;181,14600000000002
28.05. 13:00;186,523
28.05. 14:00;215,99
28.05. 15:00;185,513
28.05. 16:00;146,538
28.05. 17:00;100,548
28.05. 18:00;55,2791
28.05. 19:00;12,101859999999999
28.05. 20:00;0,0
28.05. 21:00;0,0
28.05. 22:00;0,0
28.05. 23:00;0,0
29.05. 00:00;0,0
29.05. 01:00;0,0
29.05. 02:00;0,0
29.05. 03:00;0,0
29.05. 04:00;6,12038
29.05. 05:00;20,6106
29.05. 06:00;29,779899999999998
29.05. 07:00;102,629
29.05. 08:00;181,249
29.05. 09:00;215,25400000000002
29.05. 10:00;239,039
29.05. 11:00;245,136
29.05. 12:00;276,37
29.05. 13:00;278,714
29.05. 14:00;265,169
29.05. 15:00;236,72
29.05. 16:00;186,074
29.05. 17:00;125,098
29.05. 18:00;64,43860000000001
29.05. 19:00;14,3684
29.05. 20:00;0,0
29.05. 21:00;0,0
29.05. 22:00;0,0
29.05. 23:00;0,0
30.05. 00:00;0,0
30.05. 01:00;0,0
30.05. 02:00;0,0
30.05. 03:00;0,0
30.05. 04:00;0,18606
30.05. 05:00;3,73219
30.05. 06:00;30,77
30.05. 07:00;69,35
30.05. 08:00;95,407
30.05. 09:00;88,03099999999999
30.05. 10:00;103,801
30.05. 11:00;105,82900000000001
30.05. 12:00;65,082
30.05. 13:00;122,31700000000001
30.05. 14:00;89,12
30.05. 15:00;93,002
30.05. 16:00;35,2172
30.05. 17:00;33,957699999999996
30.05. 18:00;6,91451
30.05. 19:00;3,65336
30.05. 20:00;0,0
30.05. 21:00;0,0
30.05. 22:00;0,0
30.05. 23:00;0,0
31.05. 00:00;0,0
31.05. 01:00;0,0
31.05. 02:00;0,0
31.05. 03:00;0,0
31.05. 04:00;11,714120000000001
31.05. 05:00;41,6439
31.05. 06:00;64,247
31.05. 07:00;89,929
31.05. 08:00;155,696
31.05. 09:00;189,4
31.05. 10:00;197,918
31.05. 11:00;226,09199999999998
31.05. 12:00;214,135
31.05. 13:00;235,063
31.05. 14:00;161,841
31.05. 15:00;19,7474
31.05. 16:00;43,4642
31.05. 17:00;55,193
31.05. 18:00;5,64151
31.05. 19:00;0,9812500000000001
31.05. 20:00;0,0
31.05. 21:00;0,0
31.05. 22:00;0,0
31.05. 23:00;0,0
01.06. 00:00;0,0
01.06. 01:00;0,0
01.06. 02:00;0,0
01.06. 03:00;0,0
01.06. 04:00;3,67274
01.06. 05:00;30,0871
01.06. 06:00;84,354
01.06. 07:00;87,355
01.06. 08:00;133,792
01.06. 09:00;133,691
01.06. 10:00;69,922
01.06. 11:00;88,167
01.06. 12:00;98,533
01.06. 13:00;205,167
01.06. 14:00;103,59599999999999
01.06. 15:00;37,891
01.06. 16:00;56,4849
01.06. 17:00;54,2356
01.06. 18:00;30,2735
01.06. 19:00;4,41255
01.06. 20:00;0,0
01.06. 21:00;0,0
01.06. 22:00;0,0
01.06. 23:00;0,0
02.06. 00:00;0,0
02.06. 01:00;0,0
02.06. 02:00;0,0
02.06. 03:00;0,0
02.06. 04:00;0,22349000000000002
02.06. 05:00;22,58007
02.06. 06:00;41,2012
02.06. 07:00;122,35900000000001
02.06. 08:00;190,442
02.06. 09:00;206,277
02.06. 10:00;242,13500000000002
02.06. 11:00;230,682
02.06. 12:00;262,155
02.06. 13:00;234,356
02.06. 14:00;194,303
02.06. 15:00;121,14099999999999
02.06. 16:00;48,846000000000004
02.06. 17:00;19,640900000000002
02.06. 18:00;17,4192
02.06. 19:00;5,33487
02.06. 20:00;0,0
02.06. 21:00;0,0
02.06. 22:00;0,0
02.06. 23:00;0,0
03.06. 00:00;0,0
03.06. 01:00;0,0
03.06. 02:00;0,0
03.06. 03:00;0,0
03.06. 04:00;0,26441000000000003
03.06. 05:00;2,6146000000000003
03.06. 06:00;8,0243
03.06. 07:00;35,670199999999994
03.06. 08:00;52,675
03.06. 09:00;62,862399999999994
03.06. 10:00;255,989
03.06. 11:00;256,55600000000004
03.06. 12:00;254,053
03.06. 13:00;81,77
03.06. 14:00;115,50200000000001
03.06. 15:00;231,585
03.06. 16:00;177,22
03.06. 17:00;125,471
03.06. 18:00;62,859
03.06. 19:00;14,954500000000001
03.06. 20:00;0,56774
03.06. 21:00;0,0
03.06. 22:00;0,0
03.06. 23:00;0,0
04.06. 00:00;0,0
04.06. 01:00;0,0
04.06. 02:00;0,0
04.06. 03:00;0,0
04.06. 04:00;7,22954
04.06. 05:00;44,144
04.06. 06:00;113,138
04.06. 07:00;188,049
04.06. 08:00;243,84199999999998
04.06. 09:00;274,736
04.06. 10:00;290,994
04.06. 11:00;262,047
04.06. 12:00;251,15
04.06. 13:00;242,15499999999997
04.06. 14:00;194,82
04.06. 15:00;164,435
04.06. 16:00;136,256
04.06. 17:00;88,648
04.06. 18:00;38,1296
04.06. 19:00;7,4747
04.06. 20:00;0,0
04.06. 21:00;0,0
04.06. 22:00;0,0
04.06. 23:00;0,0
05.06. 00:00;0,0
05.06. 01:00;0,0
05.06. 02:00;0,0
05.06. 03:00;0,0
05.06. 04:00;1,1954500000000001
05.06. 05:00;31,85923
05.06. 06:00;98,066
05.06. 07:00;170,703
05.06. 08:00;226,378
05.06. 09:00;267,727
05.06. 10:00;292,641
05.06. 11:00;308,48900000000003
05.06. 12:00;291,81
05.06. 13:00;292,068
05.06. 14:00;238,57299999999998
05.06. 15:00;221,108
05.06. 16:00;173,292
05.06. 17:00;116,146
05.06. 18:00;54,5
05.06. 19:00;12,17398
05.06. 20:00;0,79765
05.06. 21:00;0,0
05.06. 22:00;0,0
05.06. 23:00;0,0
06.06. 00:00;0,0
06.06. 01:00;0,0
06.06. 02:00;0,0
06.06. 03:00;0,0
06.06. 04:00;6,38339
06.06. 05:00;41,4285
06.06. 06:00;99,474
06.06. 07:00;164,102
06.06. 08:00;216,667
06.06. 09:00;256,723
06.06. 10:00;283,286
06.06. 11:00;292,201
06.06. 12:00;290,124
06.06. 13:00;284,296
06.06. 14:00;258,882
06.06. 15:00;205,499
06.06. 16:00;124,325
06.06. 17:00;25,5925
06.06. 18:00;20,3014
06.06. 19:00;18,4172
06.06. 20:00;0,80612
06.06. 21:00;0,0
06.06. 22:00;0,0
06.06. 23:00;0,0
07.06. 00:00;0,0
07.06. 01:00;0,0
07.06. 02:00;0,0
07.06. 03:00;0,0
07.06. 04:00;3,44223
07.06. 05:00;25,594700000000003
07.06. 06:00;80,997
07.06. 07:00;147,744
07.06. 08:00;218,07999999999998
07.06. 09:00;253,738
07.06. 10:00;269,738
07.06. 11:00;281,044
07.06. 12:00;115,93199999999999
07.06. 13:00;76,221
07.06. 14:00;221,00799999999998
07.06. 15:00;176,706
07.06. 16:00;33,6353
07.06. 17:00;8,99865
07.06. 18:00;4,00145
07.06. 19:00;0,70495
07.06. 20:00;0,0
07.06. 21:00;0,0
07.06. 22:00;0,0
07.06. 23:00;0,0
08.06. 00:00;0,0
08.06. 01:00;0,0
08.06. 02:00;0,0
08.06. 03:00;0,0
08.06. 04:00;0,16791
08.06. 05:00;30,68604
08.06. 06:00;37,7093
08.06. 07:00;72,5955
08.06. 08:00;132,615
08.06. 09:00;152,864
08.06. 10:00;153,562
08.06. 11:00;167,351
08.06. 12:00;167,213
08.06. 13:00;193,128
08.06. 14:00;166,803
08.06. 15:00;73,542
08.06. 16:00;82,768
08.06. 17:00;115,908
08.06. 18:00;46,732
08.06. 19:00;12,28665
08.06. 20:00;0,45458
08.06. 21:00;0,0
08.06. 22:00;0,0
08.06. 23:00;0,0
09.06. 00:00;0,0
09.06. 01:00;0,0
09.06. 02:00;0,0
09.06. 03:00;0,0
09.06. 04:00;11,9076
09.06. 05:00;57,365899999999996
09.06. 06:00;120,55199999999999
09.06. 07:00;180,228
09.06. 08:00;232,738
09.06. 09:00;269,582
09.06. 10:00;287,036
09.06. 11:00;267,291
09.06. 12:00;218,05
09.06. 13:00;223,72199999999998
09.06. 14:00;247,119
09.06. 15:00;228,05599999999998
09.06. 16:00;180,226
09.06. 17:00;125,143
09.06. 18:00;64,684
09.06. 19:00;11,97749
09.06. 20:00;1,66946
09.06. 21:00;0,0
09.06. 22:00;0,0
09.06. 23:00;0,0
10.06. 00:00;0,0
10.06. 01:00;0,0
10.06. 02:00;0,0
10.06. 03:00;0,0
10.06. 04:00;0,17924
10.06. 05:00;4,96347
10.06. 06:00;26,842599999999997
10.06. 07:00;60,251999999999995
10.06. 08:00;54,581500000000005
10.06. 09:00;106,941
10.06. 10:00;129,087
10.06. 11:00;122,9874
10.06. 12:00;101,81400000000001
10.06. 13:00;60,732
10.06. 14:00;27,5362
10.06. 15:00;26,2399
10.06. 16:00;19,9441
10.06. 17:00;13,5234
10.06. 18:00;6,2531
10.06. 19:00;0,97626
10.06. 20:00;0,0
10.06. 21:00;0,0
10.06. 22:00;0,0
10.06. 23:00;0,0
11.06. 00:00;0,0
11.06. 01:00;0,0
11.06. 02:00;0,0
11.06. 03:00;0,0
11.06. 04:00;0,4849
11.06. 05:00;3,6190800000000003
11.06. 06:00;13,2833
11.06. 07:00;65,5776
11.06. 08:00;94,652
11.06. 09:00;100,167
11.06. 10:00;78,628
11.06. 11:00;95,126
11.06. 12:00;187,349
11.06. 13:00;266,454
11.06. 14:00;221,923
11.06. 15:00;181,993
11.06. 16:00;131,86399999999998
11.06. 17:00;61,664
11.06. 18:00;20,2078
11.06. 19:00;2,83122
11.06. 20:00;0,0
11.06. 21:00;0,0
11.06. 22:00;0,0
11.06. 23:00;0,0
12.06. 00:00;0,0
12.06. 01:00;0,0
12.06. 02:00;0,0
12.06. 03:00;0,0
12.06. 04:00;0,1487
12.06. 05:00;2,5545600000000004
12.06. 06:00;13,1856
12.06. 07:00;33,5649
12.06. 08:00;59,1327
12.06. 09:00;80,12700000000001
12.06. 10:00;76,099
12.06. 11:00;122,764
12.06. 12:00;160,75400000000002
12.06. 13:00;122,101
12.06. 14:00;134,734
12.06. 15:00;86,259
12.06. 16:00;27,0544
12.06. 17:00;13,5988
12.06. 18:00;7,4007000000000005
12.06. 19:00;0,38708
12.06. 20:00;0,0
12.06. 21:00;0,0
12.06. 22:00;0,0
12.06. 23:00;0,0
13.06. 00:00;0,0
13.06. 01:00;0,0
13.06. 02:00;0,0
13.06. 03:00;0,0
13.06. 04:00;0,17719000000000001
13.06. 05:00;4,25775
13.06. 06:00;34,1918
13.06. 07:00;58,632999999999996
13.06. 08:00;109,223
13.06. 09:00;144,465
13.06. 10:00;186,099
13.06. 11:00;168,96800000000002
13.06. 12:00;133,554
13.06. 13:00;185,286
13.06. 14:00;177,136
13.06. 15:00;163,976
13.06. 16:00;127,599
13.06. 17:00;91,30199999999999
13.06. 18:00;68,34559999999999
13.06. 19:00;20,4801
13.06. 20:00;1,0302200000000001
13.06. 21:00;0,0
13.06. 22:00;0,0
13.06. 23:00;0,0
14.06. 00:00;0,0
14.06. 01:00;0,0
14.06. 02:00;0,0
14.06. 03:00;0,0
14.06. 04:00;0,1863
14.06. 05:00;10,72765
14.06. 06:00;57,191
14.06. 07:00;145,83599999999998
14.06. 08:00;215,61700000000002
14.06. 09:00;229,129
14.06. 10:00;176,45
14.06. 11:00;136,495
14.06. 12:00;122,23700000000001
14.06. 13:00;135,695
14.06. 14:00;137,284
14.06. 15:00;135,046
14.06. 16:00;112,494
14.06. 17:00;63,9836
14.06. 18:00;27,0708
14.06. 19:00;12,50353
14.06. 20:00;0,99614
14.06. 21:00;0,0
14.06. 22:00;0,0
14.06. 23:00;0,0
15.06. 00:00;0,0
15.06. 01:00;0,0
15.06. 02:00;0,0
15.06. 03:00;0,0
15.06. 04:00;17,4197
15.06. 05:00;61,504999999999995
15.06. 06:00;114,933
15.06. 07:00;151,84699999999998
15.06. 08:00;195,978
15.06. 09:00;245,145
15.06. 10:00;278,124
15.06. 11:00;287,293
15.06. 12:00;276,73199999999997
15.06. 13:00;236,171
15.06. 14:00;203,473
15.06. 15:00;160,79399999999998
15.06. 16:00;111,87
15.06. 17:00;83,601
15.06. 18:00;31,480200000000004
15.06. 19:00;2,72323
15.06. 20:00;0,0
15.06. 21:00;0,0
15.06. 22:00;0,0
15.06. 23:00;0,0
16.06. 00:00;0,0
16.06. 01:00;0,0
16.06. 02:00;0,0
16.06. 03:00;0,0
16.06. 04:00;2,49094
16.06. 05:00;12,9247
16.06. 06:00;21,8101
16.06. 07:00;65,44
16.06. 08:00;81,37
16.06. 09:00;90,438
16.06. 10:00;151,775
16.06. 11:00;208,087
16.06. 12:00;159,12
16.06. 13:00;149,278
16.06. 14:00;62,492000000000004
16.06. 15:00;52,637
16.06. 16:00;28,7848
16.06. 17:00;52,205799999999996
16.06. 18:00;28,2908
16.06. 19:00;9,498700000000001
16.06. 20:00;0,69643
16.06. 21:00;0,0
16.06. 22:00;0,0
16.06. 23:00;0,0
17.06. 00:00;0,0
17.06. 01:00;0,0
17.06. 02:00;0,0
17.06. 03:00;0,0
17.06. 04:00;4,00229
17.06. 05:00;37,4434
17.06. 06:00;106,932
17.06. 07:00;169,026
17.06. 08:00;202,578
17.06. 09:00;262,719
17.06. 10:00;300,47299999999996
17.06. 11:00;301,36400000000003
17.06. 12:00;300,236
17.06. 13:00;302,525
17.06. 14:00;274,017
17.06. 15:00;180,27100000000002
17.06. 16:00;110,106
17.06. 17:00;74,681
17.06. 18:00;43,8136
17.06. 19:00;20,4112
17.06. 20:00;0,0
17.06. 21:00;0,0
17.06. 22:00;0,0
17.06. 23:00;0,0
18.06. 00:00;0,0
18.06. 01:00;0,0
18.06. 02:00;0,0
18.06. 03:00;0,0
18.06. 04:00;3,1950700000000003
18.06. 05:00;15,64758
18.06. 06:00;75,204
18.06. 07:00;159,429
18.06. 08:00;197,038
18.06. 09:00;191,767
18.06. 10:00;211,184
18.06. 11:00;226,149
18.06. 12:00;168,50900000000001
18.06. 13:00;180,167
18.06. 14:00;193,515
18.06. 15:00;173,457
18.06. 16:00;123,25999999999999
18.06. 17:00;93,363
18.06. 18:00;51,9802
18.06. 19:00;4,63844
18.06. 20:00;0,0
18.06. 21:00;0,0
18.06. 22:00;0,0
18.06. 23:00;0,0
19.06. 00:00;0,0
19.06. 01:00;0,0
19.06. 02:00;0,0
19.06. 03:00;0,0
19.06. 04:00;0,12107
19.06. 05:00;17,0921
19.06. 06:00;71,3582
19.06. 07:00;100,495
19.06. 08:00;167,874
19.06. 09:00;200,881
19.06. 10:00;166,214
19.06. 11:00;145,696
19.06. 12:00;217,845
19.06. 13:00;183,603
19.06. 14:00;169,652
19.06. 15:00;201,223
19.06. 16:00;101,842
19.06. 17:00;52,9747
19.06. 18:00;24,1876
19.06. 19:00;12,0337
19.06. 20:00;0,0
19.06. 21:00;0,0
19.06. 22:00;0,0
19.06. 23:00;0,0
20.06. 00:00;0,0
20.06. 01:00;0,0
20.06. 02:00;0,0
20.06. 03:00;0,0
20.06. 04:00;0,50857
20.06. 05:00;27,106299999999997
20.06. 06:00;45,6492
20.06. 07:00;52,226
20.06. 08:00;68,709
20.06. 09:00;73,219
20.06. 10:00;138,354
20.06. 11:00;201,52700000000002
20.06. 12:00;233,832
20.06. 13:00;220,371
20.06. 14:00;224,025
20.06. 15:00;216,344
20.06. 16:00;177,576
20.06. 17:00;122,75
20.06. 18:00;69,395
20.06. 19:00;22,1694
20.06. 20:00;1,0762
20.06. 21:00;0,0
20.06. 22:00;0,0
20.06. 23:00;0,0
21.06. 00:00;0,0
21.06. 01:00;0,0
21.06. 02:00;0,0
21.06. 03:00;0,0
21.06. 04:00;3,25647
21.06. 05:00;10,1729
21.06. 06:00;32,8326
21.06. 07:00;81,937
21.06. 08:00;196,442
21.06. 09:00;221,37
21.06. 10:00;290,525
21.06. 11:00;297,267
21.06. 12:00;298,662
21.06. 13:00;292,206
21.06. 14:00;274,647
21.06. 15:00;239,06400000000002
21.06. 16:00;187,21800000000002
21.06. 17:00;130,69
21.06. 18:00;62,748000000000005
21.06. 19:00;13,76227
21.06. 20:00;1,4454500000000001
21.06. 21:00;0,0
21.06. 22:00;0,0
21.06. 23:00;0,0
22.06. 00:00;0,0
22.06. 01:00;0,0
22.06. 02:00;0,0
22.06. 03:00;0,0
22.06. 04:00;0,25283
22.06. 05:00;2,81594
22.06. 06:00;44,4294
22.06. 07:00;152,12
22.06. 08:00;209,06799999999998
22.06. 09:00;220,465
22.06. 10:00;231,716
22.06. 11:00;259,497
22.06. 12:00;242,102
22.06. 13:00;177,088
22.06. 14:00;80,422
22.06. 15:00;139,618
22.06. 16:00;168,333
22.06. 17:00;66,9098
22.06. 18:00;13,3995
22.06. 19:00;5,36302
22.06. 20:00;0,5778399999999999
22.06. 21:00;0,0
22.06. 22:00;0,0
22.06. 23:00;0,0
23.06. 00:00;0,0
23.06. 01:00;0,0
23.06. 02:00;0,0
23.06. 03:00;0,0
23.06. 04:00;11,53607
23.06. 05:00;23,0651
23.06. 06:00;80,2245
23.06. 07:00;146,478
23.06. 08:00;195,137
23.06. 09:00;213,81599999999997
23.06. 10:00;203,32600000000002
23.06. 11:00;148,566
23.06. 12:00;89,726
23.06. 13:00;39,9082
23.06. 14:00;34,5953
23.06. 15:00;36,627
23.06. 16:00;33,5237
23.06. 17:00;22,3976
23.06. 18:00;11,142900000000001
23.06. 19:00;1,5413
23.06. 20:00;0,15062
23.06. 21:00;0,0
23.06. 22:00;0,0
23.06. 23:00;0,0
24.06. 00:00;0,0
24.06. 01:00;0,0
24.06. 02:00;0,0
24.06. 03:00;0,0
24.06. 04:00;2,23556
24.06. 05:00;6,19308
24.06. 06:00;39,693
24.06. 07:00;43,325
24.06. 08:00;83,53399999999999
24.06. 09:00;67,75200000000001
24.06. 10:00;68,45400000000001
24.06. 11:00;60,539
24.06. 12:00;55,67
24.06. 13:00;47,311800000000005
24.06. 14:00;48,953
24.06. 15:00;45,787
24.06. 16:00;35,1254
24.06. 17:00;38,682
24.06. 18:00;21,3105
24.06. 19:00;7,33672
24.06. 20:00;0,84717
24.06. 21:00;0,0
24.06. 22:00;0,0
24.06. 23:00;0,0
25.06. 00:00;0,0
25.06. 01:00;0,0
25.06. 02:00;0,0
25.06. 03:00;0,0
25.06. 04:00;0,70414
25.06. 05:00;19,87114
25.06. 06:00;78,042
25.06. 07:00;136,652
25.06. 08:00;192,223
25.06. 09:00;226,964
25.06. 10:00;262,036
25.06. 11:00;287,974
25.06. 12:00;272,072
25.06. 13:00;271,912
25.06. 14:00;265,797
25.06. 15:00;234,021
25.06. 16:00;184,385
25.06. 17:00;130,939
25.06. 18:00;73,6309
25.06. 19:00;25,88
25.06. 20:00;0,65635
25.06. 21:00;0,0
25.06. 22:00;0,0
25.06. 23:00;0,0
26.06. 00:00;0,0
26.06. 01:00;0,0
26.06. 02:00;0,0
26.06. 03:00;0,0
26.06. 04:00;0,18888
26.06. 05:00;14,692
26.06. 06:00;24,351
26.06. 07:00;71,4785
26.06. 08:00;148,408
26.06. 09:00;199,659
26.06. 10:00;263,594
26.06. 11:00;289,569
26.06. 12:00;278,674
26.06. 13:00;247,641
26.06. 14:00;202,53699999999998
26.06. 15:00;151,919
26.06. 16:00;114,16799999999999
26.06. 17:00;106,24699999999999
26.06. 18:00;59,927
26.06. 19:00;12,39832
26.06. 20:00;0,17479
26.06. 21:00;0,0
26.06. 22:00;0,0
26.06. 23:00;0,0
27.06. 00:00;0,0
27.06. 01:00;0,0
27.06. 02:00;0,0
27.06. 03:00;0,0
27.06. 04:00;0,13545
27.06. 05:00;2,89202
27.06. 06:00;16,2957
27.06. 07:00;50,1377
27.06. 08:00;100,738
27.06. 09:00;166,565
27.06. 10:00;175,48399999999998
27.06. 11:00;149,747
27.06. 12:00;100,22
27.06. 13:00;162,995
27.06. 14:00;260,85400000000004
27.06. 15:00;199,746
27.06. 16:00;184,722
27.06. 17:00;102,923
27.06. 18:00;45,9177
27.06. 19:00;8,661
27.06. 20:00;0,18636
27.06. 21:00;0,0
27.06. 22:00;0,0
27.06. 23:00;0,0
28.06. 00:00;0,0
28.06. 01:00;0,0
28.06. 02:00;0,0
28.06. 03:00;0,0
28.06. 04:00;12,579899999999999
28.06. 05:00;53,4959
28.06. 06:00;54,368700000000004
28.06. 07:00;45,3175
28.06. 08:00;135,111
28.06. 09:00;180,97
28.06. 10:00;215,977
28.06. 11:00;249,05900000000003
28.06. 12:00;269,01
28.06. 13:00;242,30399999999997
28.06. 14:00;209,938
28.06. 15:00;194,18099999999998
28.06. 16:00;136,75
28.06. 17:00;127,366
28.06. 18:00;78,155
28.06. 19:00;26,443600000000004
28.06. 20:00;1,8718599999999999
28.06. 21:00;0,0
28.06. 22:00;0,0
28.06. 23:00;0,0
29.06. 00:00;0,0
29.06. 01:00;0,0
29.06. 02:00;0,0
29.06. 03:00;0,0
29.06. 04:00;5,23021
29.06. 05:00;17,2892
29.06. 06:00;70,2953
29.06. 07:00;166,663
29.06. 08:00;204,936
29.06. 09:00;202,793
29.06. 10:00;122,176
29.06. 11:00;164,44400000000002
29.06. 12:00;148,108
29.06. 13:00;148,434
29.06. 14:00;173,43200000000002
29.06. 15:00;217,791
29.06. 16:00;145,521
29.06. 17:00;76,896
29.06. 18:00;27,5238
29.06. 19:00;4,18651
29.06. 20:00;0,12614
29.06. 21:00;0,0
29.06. 22:00;0,0
29.06. 23:00;0,0
30.06. 00:00;0,0
30.06. 01:00;0,0
30.06. 02:00;0,0
30.06. 03:00;0,0
30.06. 04:00;0,03819
30.06. 05:00;4,64528
30.06. 06:00;25,738799999999998
30.06. 07:00;30,0559
30.06. 08:00;45,8183
30.06. 09:00;140,291
30.06. 10:00;163,826
30.06. 11:00;86,172
30.06. 12:00;69,073
30.06. 13:00;81,675
30.06. 14:00;42,2843
30.06. 15:00;39,956900000000005
30.06. 16:00;36,7564
30.06. 17:00;27,234
30.06. 18:00;14,339
30.06. 19:00;2,27433
30.06. 20:00;0,0
30.06. 21:00;0,0
30.06. 22:00;0,0
30.06. 23:00;0,0
01.07. 00:00;0,0
01.07. 01:00;0,0
01.07. 02:00;0,0
01.07. 03:00;0,0
01.07. 04:00;5,4625900000000005
01.07. 05:00;48,1614
01.07. 06:00;101,656
01.07. 07:00;144,049
01.07. 08:00;176,526
01.07. 09:00;135,015
01.07. 10:00;89,196
01.07. 11:00;71,428
01.07. 12:00;128,433
01.07. 13:00;164,877
01.07. 14:00;169,955
01.07. 15:00;128,754
01.07. 16:00;60,6382
01.07. 17:00;84,5502
01.07. 18:00;47,6828
01.07. 19:00;17,34844
01.07. 20:00;1,1932099999999999
01.07. 21:00;0,0
01.07. 22:00;0,0
01.07. 23:00;0,0
02.07. 00:00;0,0
02.07. 01:00;0,0
02.07. 02:00;0,0
02.07. 03:00;0,0
02.07. 04:00;0,20732
02.07. 05:00;45,855869999999996
02.07. 06:00;112,779
02.07. 07:00;173,888
02.07. 08:00;204,821
02.07. 09:00;204,87
02.07. 10:00;218,812
02.07. 11:00;206,95499999999998
02.07. 12:00;151,505
02.07. 13:00;283,346
02.07. 14:00;251,127
02.07. 15:00;160,247
02.07. 16:00;142,39
02.07. 17:00;120,582
02.07. 18:00;52,5181
02.07. 19:00;18,8847
02.07. 20:00;0,58985
02.07. 21:00;0,0
02.07. 22:00;0,0
02.07. 23:00;0,0
03.07. 00:00;0,0
03.07. 01:00;0,0
03.07. 02:00;0,0
03.07. 03:00;0,0
03.07. 04:00;5,8775200000000005
03.07. 05:00;42,4727
03.07. 06:00;103,911
03.07. 07:00;147,22
03.07. 08:00;164,721
03.07. 09:00;123,004
03.07. 10:00;160,17000000000002
03.07. 11:00;225,958
03.07. 12:00;160,504
03.07. 13:00;199,254
03.07. 14:00;138,361
03.07. 15:00;120,89099999999999
03.07. 16:00;29,1951
03.07. 17:00;97,743
03.07. 18:00;67,608
03.07. 19:00;24,9437
03.07. 20:00;0,74478
03.07. 21:00;0,0
03.07. 22:00;0,0
03.07. 23:00;0,0
04.07. 00:00;0,0
04.07. 01:00;0,0
04.07. 02:00;0,0
04.07. 03:00;0,0
04.07. 04:00;6,75967
04.07. 05:00;27,889499999999998
04.07. 06:00;102,18
04.07. 07:00;163,992
04.07. 08:00;193,708
04.07. 09:00;208,003
04.07. 10:00;239,98000000000002
04.07. 11:00;182,075
04.07. 12:00;113,242
04.07. 13:00;109,085
04.07. 14:00;178,272
04.07. 15:00;156,974
04.07. 16:00;106,642
04.07. 17:00;44,6292
04.07. 18:00;23,3746
04.07. 19:00;2,5289
04.07. 20:00;0,12723
04.07. 21:00;0,0
04.07. 22:00;0,0
04.07. 23:00;0,0
05.07. 00:00;0,0
05.07. 01:00;0,0
05.07. 02:00;0,0
05.07. 03:00;0,0
05.07. 04:00;0,5778800000000001
05.07. 05:00;47,0195
05.07. 06:00;114,59299999999999
05.07. 07:00;158,934
05.07. 08:00;205,058
05.07. 09:00;192,427
05.07. 10:00;122,65899999999999
05.07. 11:00;91,088
05.07. 12:00;100,94
05.07. 13:00;87,521
05.07. 14:00;54,116
05.07. 15:00;142,992
05.07. 16:00;177,03
05.07. 17:00;118,437
05.07. 18:00;53,784
05.07. 19:00;27,1138
05.07. 20:00;1,32777
05.07. 21:00;0,0
05.07. 22:00;0,0
05.07. 23:00;0,0
06.07. 00:00;0,0
06.07. 01:00;0,0
06.07. 02:00;0,0
06.07. 03:00;0,0
06.07. 04:00;9,06043
06.07. 05:00;48,4606
06.07. 06:00;107,377
06.07. 07:00;177,387
06.07. 08:00;226,111
06.07. 09:00;232,029
06.07. 10:00;185,769
06.07. 11:00;153,46699999999998
06.07. 12:00;173,948
06.07. 13:00;217,85500000000002
06.07. 14:00;212,755
06.07. 15:00;196,36599999999999
06.07. 16:00;169,615
06.07. 17:00;130,61599999999999
06.07. 18:00;62,8372
06.07. 19:00;26,6884
06.07. 20:00;1,3503399999999999
06.07. 21:00;0,0
06.07. 22:00;0,0
06.07. 23:00;0,0
07.07. 00:00;0,0
07.07. 01:00;0,0
07.07. 02:00;0,0
07.07. 03:00;0,0
07.07. 04:00;4,06379
07.07. 05:00;51,013999999999996
07.07. 06:00;111,56800000000001
07.07. 07:00;170,582
07.07. 08:00;223,73
07.07. 09:00;263,493
07.07. 10:00;291,022
07.07. 11:00;306,371
07.07. 12:00;308,648
07.07. 13:00;291,653
07.07. 14:00;264,548
07.07. 15:00;234,139
07.07. 16:00;186,834
07.07. 17:00;130,248
07.07. 18:00;46,28
07.07. 19:00;3,36002
07.07. 20:00;0,0
07.07. 21:00;0,0
07.07. 22:00;0,0
07.07. 23:00;0,0
08.07. 00:00;0,0
08.07. 01:00;0,0
08.07. 02:00;0,0
08.07. 03:00;0,0
08.07. 04:00;1,63822
08.07. 05:00;23,8419
08.07. 06:00;46,5893
08.07. 07:00;47,199
08.07. 08:00;94,467
08.07. 09:00;213,126
08.07. 10:00;201,61599999999999
08.07. 11:00;135,03199999999998
08.07. 12:00;89,62899999999999
08.07. 13:00;77,813
08.07. 14:00;64,726
08.07. 15:00;32,6805
08.07. 16:00;73,45259999999999
08.07. 17:00;127,391
08.07. 18:00;68,71940000000001
08.07. 19:00;12,35471
08.07. 20:00;0,0
08.07. 21:00;0,0
08.07. 22:00;0,0
08.07. 23:00;0,0
09.07. 00:00;0,0
09.07. 01:00;0,0
09.07. 02:00;0,0
09.07. 03:00;0,0
09.07. 04:00;0,78038
09.07. 05:00;6,02319
09.07. 06:00;15,9651
09.07. 07:00;25,8449
09.07. 08:00;59,9642
09.07. 09:00;105,561
09.07. 10:00;232,345
09.07. 11:00;230,793
09.07. 12:00;202,219
09.07. 13:00;182,986
09.07. 14:00;181,661
09.07. 15:00;120,487
09.07. 16:00;120,309
09.07. 17:00;88,843
09.07. 18:00;53,7619
09.07. 19:00;22,20644
09.07. 20:00;1,02761
09.07. 21:00;0,0
09.07. 22:00;0,0
09.07. 23:00;0,0
10.07. 00:00;0,0
10.07. 01:00;0,0
10.07. 02:00;0,0
10.07. 03:00;0,0
10.07. 04:00;0,08109
10.07. 05:00;2,85837
10.07. 06:00;29,3853
10.07. 07:00;83,664
10.07. 08:00;124,02199999999999
10.07. 09:00;144,16
10.07. 10:00;91,2971
10.07. 11:00;102,6649
10.07. 12:00;170,773
10.07. 13:00;186,223
10.07. 14:00;119,99799999999999
10.07. 15:00;159,875
10.07. 16:00;75,3083
10.07. 17:00;75,65
10.07. 18:00;53,731
10.07. 19:00;11,54536
10.07. 20:00;0,98643
10.07. 21:00;0,0
10.07. 22:00;0,0
10.07. 23:00;0,0
11.07. 00:00;0,0
11.07. 01:00;0,0
11.07. 02:00;0,0
11.07. 03:00;0,0
11.07. 04:00;4,20943
11.07. 05:00;47,424
11.07. 06:00;106,981
11.07. 07:00;164,246
11.07. 08:00;212,799
11.07. 09:00;213,189
11.07. 10:00;225,787
11.07. 11:00;229,395
11.07. 12:00;237,888
11.07. 13:00;157,299
11.07. 14:00;172,468
11.07. 15:00;157,69
11.07. 16:00;128,469
11.07. 17:00;109,985
11.07. 18:00;44,8331
11.07. 19:00;11,1247
11.07. 20:00;0,55117
11.07. 21:00;0,0
11.07. 22:00;0,0
11.07. 23:00;0,0
12.07. 00:00;0,0
12.07. 01:00;0,0
12.07. 02:00;0,0
12.07. 03:00;0,0
12.07. 04:00;0,28874
12.07. 05:00;2,85691
12.07. 06:00;8,6927
12.07. 07:00;20,3474
12.07. 08:00;32,2735
12.07. 09:00;45,003299999999996
12.07. 10:00;79,78399999999999
12.07. 11:00;93,851
12.07. 12:00;85,771
12.07. 13:00;76,14
12.07. 14:00;73,837
12.07. 15:00;112,727
12.07. 16:00;117,55
12.07. 17:00;50,809799999999996
12.07. 18:00;34,3447
12.07. 19:00;9,77701
12.07. 20:00;0,0
12.07. 21:00;0,0
12.07. 22:00;0,0
12.07. 23:00;0,0
13.07. 00:00;0,0
13.07. 01:00;0,0
13.07. 02:00;0,0
13.07. 03:00;0,0
13.07. 04:00;0,0
13.07. 05:00;4,7385
13.07. 06:00;25,4959
13.07. 07:00;73,247
13.07. 08:00;100,503
13.07. 09:00;117,13499999999999
13.07. 10:00;146,29500000000002
13.07. 11:00;184,536
13.07. 12:00;128,52100000000002
13.07. 13:00;95,053
13.07. 14:00;87,135
13.07. 15:00;82,34
13.07. 16:00;78,076
13.07. 17:00;51,073
13.07. 18:00;31,2334
13.07. 19:00;6,47528
13.07. 20:00;0,0
13.07. 21:00;0,0
13.07. 22:00;0,0
13.07. 23:00;0,0
14.07. 00:00;0,0
14.07. 01:00;0,0
14.07. 02:00;0,0
14.07. 03:00;0,0
14.07. 04:00;0,0
14.07. 05:00;1,95578
14.07. 06:00;15,20012
14.07. 07:00;48,6068
14.07. 08:00;140,288
14.07. 09:00;162,575
14.07. 10:00;181,68
14.07. 11:00;201,57
14.07. 12:00;213,721
14.07. 13:00;196,345
14.07. 14:00;162,071
14.07. 15:00;141,811
14.07. 16:00;115,443
14.07. 17:00;56,6
14.07. 18:00;11,0663
14.07. 19:00;5,34692
14.07. 20:00;0,48511
14.07. 21:00;0,0
14.07. 22:00;0,0
14.07. 23:00;0,0
15.07. 00:00;0,0
15.07. 01:00;0,0
15.07. 02:00;0,0
15.07. 03:00;0,0
15.07. 04:00;0,01543
15.07. 05:00;2,31934
15.07. 06:00;14,070400000000001
15.07. 07:00;45,121300000000005
15.07. 08:00;95,31
15.07. 09:00;186,05
15.07. 10:00;208,208
15.07. 11:00;203,672
15.07. 12:00;175,08499999999998
15.07. 13:00;169,672
15.07. 14:00;163,393
15.07. 15:00;129,933
15.07. 16:00;90,793
15.07. 17:00;63,909
15.07. 18:00;24,4725
15.07. 19:00;3,03331
15.07. 20:00;0,0
15.07. 21:00;0,0
15.07. 22:00;0,0
15.07. 23:00;0,0
16.07. 00:00;0,0
16.07. 01:00;0,0
16.07. 02:00;0,0
16.07. 03:00;0,0
16.07. 04:00;0,03083
16.07. 05:00;1,74186
16.07. 06:00;11,1441
16.07. 07:00;31,914099999999998
16.07. 08:00;44,8894
16.07. 09:00;57,756
16.07. 10:00;70,181
16.07. 11:00;70,756
16.07. 12:00;91,1
16.07. 13:00;63,232
16.07. 14:00;75,545
16.07. 15:00;99,854
16.07. 16:00;58,774
16.07. 17:00;45,672799999999995
16.07. 18:00;48,8942
16.07. 19:00;22,432299999999998
16.07. 20:00;0,81563
16.07. 21:00;0,0
16.07. 22:00;0,0
16.07. 23:00;0,0
17.07. 00:00;0,0
17.07. 01:00;0,0
17.07. 02:00;0,0
17.07. 03:00;0,0
17.07. 04:00;1,96146
17.07. 05:00;33,2671
17.07. 06:00;88,321
17.07. 07:00;141,001
17.07. 08:00;152,312
17.07. 09:00;188,188
17.07. 10:00;243,573
17.07. 11:00;234,478
17.07. 12:00;227,24200000000002
17.07. 13:00;226,843
17.07. 14:00;238,88400000000001
17.07. 15:00;208,706
17.07. 16:00;168,12800000000001
17.07. 17:00;107,364
17.07. 18:00;43,4969
17.07. 19:00;12,318150000000001
17.07. 20:00;0,0
17.07. 21:00;0,0
17.07. 22:00;0,0
17.07. 23:00;0,0
18.07. 00:00;0,0
18.07. 01:00;0,0
18.07. 02:00;0,0
18.07. 03:00;0,0
18.07. 04:00;0,17596
18.07. 05:00;28,0458
18.07. 06:00;63,765
18.07. 07:00;113,622
18.07. 08:00;179,916
18.07. 09:00;243,13
18.07. 10:00;276,904
18.07. 11:00;266,704
18.07. 12:00;276,991
18.07. 13:00;280,086
18.07. 14:00;247,95499999999998
18.07. 15:00;203,543
18.07. 16:00;164,562
18.07. 17:00;117,501
18.07. 18:00;59,543
18.07. 19:00;15,228
18.07. 20:00;0,0
18.07. 21:00;0,0
18.07. 22:00;0,0
18.07. 23:00;0,0
19.07. 00:00;0,0
19.07. 01:00;0,0
19.07. 02:00;0,0
19.07. 03:00;0,0
19.07. 04:00;0,039900000000000005
19.07. 05:00;4,928570000000001
19.07. 06:00;39,9547
19.07. 07:00;98,331
19.07. 08:00;134,0
19.07. 09:00;159,46699999999998
19.07. 10:00;177,339
19.07. 11:00;193,946
19.07. 12:00;223,926
19.07. 13:00;248,011
19.07. 14:00;216,007
19.07. 15:00;199,192
19.07. 16:00;149,518
19.07. 17:00;97,702
19.07. 18:00;51,2501
19.07. 19:00;9,25248
19.07. 20:00;0,29122
19.07. 21:00;0,0
19.07. 22:00;0,0
19.07. 23:00;0,0
20.07. 00:00;0,0
20.07. 01:00;0,0
20.07. 02:00;0,0
20.07. 03:00;0,0
20.07. 04:00;1,52585
20.07. 05:00;22,8223
20.07. 06:00;68,395
20.07. 07:00;138,651
20.07. 08:00;197,829
20.07. 09:00;202,447
20.07. 10:00;215,584
20.07. 11:00;273,069
20.07. 12:00;299,521
20.07. 13:00;278,74199999999996
20.07. 14:00;233,163
20.07. 15:00;188,935
20.07. 16:00;135,721
20.07. 17:00;46,4261
20.07. 18:00;8,9481
20.07. 19:00;2,29969
20.07. 20:00;0,0
20.07. 21:00;0,0
20.07. 22:00;0,0
20.07. 23:00;0,0
21.07. 00:00;0,0
21.07. 01:00;0,0
21.07. 02:00;0,0
21.07. 03:00;0,0
21.07. 04:00;3,62689
21.07. 05:00;27,179699999999997
21.07. 06:00;39,830799999999996
21.07. 07:00;83,3149
21.07. 08:00;113,291
21.07. 09:00;135,923
21.07. 10:00;158,224
21.07. 11:00;125,245
21.07. 12:00;141,582
21.07. 13:00;149,164
21.07. 14:00;200,242
21.07. 15:00;189,828
21.07. 16:00;170,686
21.07. 17:00;120,021
21.07. 18:00;51,8394
21.07. 19:00;15,0954
21.07. 20:00;0,35164
21.07. 21:00;0,0
21.07. 22:00;0,0
21.07. 23:00;0,0
22.07. 00:00;0,0
22.07. 01:00;0,0
22.07. 02:00;0,0
22.07. 03:00;0,0
22.07. 04:00;3,2385599999999997
22.07. 05:00;26,2601
22.07. 06:00;23,9326
22.07. 07:00;22,7151
22.07. 08:00;29,7481
22.07. 09:00;36,8041
22.07. 10:00;43,8286
22.07. 11:00;50,631
22.07. 12:00;64,554
22.07. 13:00;76,17999999999999
22.07. 14:00;74,2114
22.07. 15:00;82,6634
22.07. 16:00;91,018
22.07. 17:00;102,689
22.07. 18:00;62,726600000000005
22.07. 19:00;18,72013
22.07. 20:00;0,0
22.07. 21:00;0,0
22.07. 22:00;0,0
22.07. 23:00;0,0
23.07. 00:00;0,0
23.07. 01:00;0,0
23.07. 02:00;0,0
23.07. 03:00;0,0
23.07. 04:00;0,0
23.07. 05:00;11,8445
23.07. 06:00;39,8204
23.07. 07:00;81,56700000000001
23.07. 08:00;166,065
23.07. 09:00;238,99599999999998
23.07. 10:00;270,838
23.07. 11:00;288,7
23.07. 12:00;286,074
23.07. 13:00;285,668
23.07. 14:00;262,456
23.07. 15:00;215,089
23.07. 16:00;163,386
23.07. 17:00;109,321
23.07. 18:00;45,9294
23.07. 19:00;3,81942
23.07. 20:00;0,0
23.07. 21:00;0,0
23.07. 22:00;0,0
23.07. 23:00;0,0
24.07. 00:00;0,0
24.07. 01:00;0,0
24.07. 02:00;0,0
24.07. 03:00;0,0
24.07. 04:00;1,3990900000000002
24.07. 05:00;8,5582
24.07. 06:00;23,819499999999998
24.07. 07:00;26,5334
24.07. 08:00;68,9602
24.07. 09:00;151,251
24.07. 10:00;153,451
24.07. 11:00;175,57500000000002
24.07. 12:00;213,459
24.07. 13:00;223,767
24.07. 14:00;183,382
24.07. 15:00;155,006
24.07. 16:00;148,75900000000001
24.07. 17:00;99,093
24.07. 18:00;47,9045
24.07. 19:00;10,97149
24.07. 20:00;0,0
24.07. 21:00;0,0
24.07. 22:00;0,0
24.07. 23:00;0,0
25.07. 00:00;0,0
25.07. 01:00;0,0
25.07. 02:00;0,0
25.07. 03:00;0,0
25.07. 04:00;0,59432
25.07. 05:00;26,651540000000004
25.07. 06:00;74,644
25.07. 07:00;128,24
25.07. 08:00;186,69400000000002
25.07. 09:00;209,66
25.07. 10:00;206,15
25.07. 11:00;191,70600000000002
25.07. 12:00;182,313
25.07. 13:00;161,926
25.07. 14:00;94,20599999999999
25.07. 15:00;95,408
25.07. 16:00;68,64099999999999
25.07. 17:00;49,3827
25.07. 18:00;35,832
25.07. 19:00;10,36386
25.07. 20:00;0,0
25.07. 21:00;0,0
25.07. 22:00;0,0
25.07. 23:00;0,0
26.07. 00:00;0,0
26.07. 01:00;0,0
26.07. 02:00;0,0
26.07. 03:00;0,0
26.07. 04:00;0,0
26.07. 05:00;1,24268
26.07. 06:00;37,397
26.07. 07:00;60,176
26.07. 08:00;79,819
26.07. 09:00;134,374
26.07. 10:00;202,523
26.07. 11:00;187,91
26.07. 12:00;155,505
26.07. 13:00;124,61699999999999
26.07. 14:00;100,301
26.07. 15:00;89,807
26.07. 16:00;97,28399999999999
26.07. 17:00;91,855
26.07. 18:00;30,5338
26.07. 19:00;2,5291900000000003
26.07. 20:00;0,0
26.07. 21:00;0,0
26.07. 22:00;0,0
26.07. 23:00;0,0
27.07. 00:00;0,0
27.07. 01:00;0,0
27.07. 02:00;0,0
27.07. 03:00;0,0
27.07. 04:00;1,141
27.07. 05:00;37,3966
27.07. 06:00;92,979
27.07. 07:00;150,602
27.07. 08:00;193,961
27.07. 09:00;210,818
27.07. 10:00;213,083
27.07. 11:00;225,162
27.07. 12:00;214,498
27.07. 13:00;166,398
27.07. 14:00;107,411
27.07. 15:00;71,7484
27.07. 16:00;107,82509999999999
27.07. 17:00;52,718
27.07. 18:00;18,9904
27.07. 19:00;5,02578
27.07. 20:00;0,0
27.07. 21:00;0,0
27.07. 22:00;0,0
27.07. 23:00;0,0
28.07. 00:00;0,0
28.07. 01:00;0,0
28.07. 02:00;0,0
28.07. 03:00;0,0
28.07. 04:00;0,0
28.07. 05:00;14,894300000000001
28.07. 06:00;86,3518
28.07. 07:00;152,79399999999998
28.07. 08:00;208,457
28.07. 09:00;237,55599999999998
28.07. 10:00;236,469
28.07. 11:00;221,302
28.07. 12:00;234,208
28.07. 13:00;207,78300000000002
28.07. 14:00;199,165
28.07. 15:00;151,577
28.07. 16:00;100,279
28.07. 17:00;82,582
28.07. 18:00;53,4129
28.07. 19:00;12,04641
28.07. 20:00;0,0
28.07. 21:00;0,0
28.07. 22:00;0,0
28.07. 23:00;0,0
29.07. 00:00;0,0
29.07. 01:00;0,0
29.07. 02:00;0,0
29.07. 03:00;0,0
29.07. 04:00;0,9517599999999999
29.07. 05:00;34,421
29.07. 06:00;90,975
29.07. 07:00;150,355
29.07. 08:00;205,21
29.07. 09:00;247,263
29.07. 10:00;276,81600000000003
29.07. 11:00;293,544
29.07. 12:00;295,946
29.07. 13:00;284,88
29.07. 14:00;259,322
29.07. 15:00;219,123
29.07. 16:00;170,224
29.07. 17:00;113,142
29.07. 18:00;51,3339
29.07. 19:00;10,44056
29.07. 20:00;0,0
29.07. 21:00;0,0
29.07. 22:00;0,0
29.07. 23:00;0,0
30.07. 00:00;0,0
30.07. 01:00;0,0
30.07. 02:00;0,0
30.07. 03:00;0,0
30.07. 04:00;0,47907
30.07. 05:00;31,5537
30.07. 06:00;88,181
30.07. 07:00;146,637
30.07. 08:00;200,186
30.07. 09:00;243,73000000000002
30.07. 10:00;273,15
30.07. 11:00;290,419
30.07. 12:00;292,242
30.07. 13:00;281,125
30.07. 14:00;256,474
30.07. 15:00;217,737
30.07. 16:00;169,586
30.07. 17:00;111,81
30.07. 18:00;49,552299999999995
30.07. 19:00;10,14415
30.07. 20:00;0,0
30.07. 21:00;0,0
30.07. 22:00;0,0
30.07. 23:00;0,0
31.07. 00:00;0,0
31.07. 01:00;0,0
31.07. 02:00;0,0
31.07. 03:00;0,0
31.07. 04:00;0,0
31.07. 05:00;25,278
31.07. 06:00;81,58699999999999
31.07. 07:00;144,7
31.07. 08:00;198,083
31.07. 09:00;240,581
31.07. 10:00;271,738
31.07. 11:00;279,63
31.07. 12:00;209,022
31.07. 13:00;224,72199999999998
31.07. 14:00;215,99099999999999
31.07. 15:00;179,252
31.07. 16:00;130,014
31.07. 17:00;58,653800000000004
31.07. 18:00;11,849
31.07. 19:00;4,14328
31.07. 20:00;0,0
31.07. 21:00;0,0
31.07. 22:00;0,0
31.07. 23:00;0,0
01.08. 00:00;0,0
01.08. 01:00;0,0
01.08. 02:00;0,0
01.08. 03:00;0,0
01.08. 04:00;0,0
01.08. 05:00;4,06504
01.08. 06:00;30,4397
01.08. 07:00;58,491
01.08. 08:00;96,709
01.08. 09:00;168,423
01.08. 10:00;191,618
01.08. 11:00;182,512
01.08. 12:00;174,112
01.08. 13:00;179,889
01.08. 14:00;159,294
01.08. 15:00;166,717
01.08. 16:00;143,062
01.08. 17:00;97,6473
01.08. 18:00;52,671800000000005
01.08. 19:00;7,45438
01.08. 20:00;0,0
01.08. 21:00;0,0
01.08. 22:00;0,0
01.08. 23:00;0,0
02.08. 00:00;0,0
02.08. 01:00;0,0
02.08. 02:00;0,0
02.08. 03:00;0,0
02.08. 04:00;0,0
02.08. 05:00;25,8134
02.08. 06:00;84,538
02.08. 07:00;144,697
02.08. 08:00;152,352
02.08. 09:00;205,811
02.08. 10:00;275,054
02.08. 11:00;286,983
02.08. 12:00;279,443
02.08. 13:00;275,73900000000003
02.08. 14:00;240,688
02.08. 15:00;176,517
02.08. 16:00;82,361
02.08. 17:00;46,1109
02.08. 18:00;20,1693
02.08. 19:00;1,21259
02.08. 20:00;0,0
02.08. 21:00;0,0
02.08. 22:00;0,0
02.08. 23:00;0,0
03.08. 00:00;0,0
03.08. 01:00;0,0
03.08. 02:00;0,0
03.08. 03:00;0,0
03.08. 04:00;0,0
03.08. 05:00;7,444999999999999
03.08. 06:00;12,6601
03.08. 07:00;41,196799999999996
03.08. 08:00;65,293
03.08. 09:00;143,15300000000002
03.08. 10:00;210,9
03.08. 11:00;237,59300000000002
03.08. 12:00;233,88400000000001
03.08. 13:00;201,399
03.08. 14:00;83,858
03.08. 15:00;44,0767
03.08. 16:00;49,818
03.08. 17:00;41,861599999999996
03.08. 18:00;30,810399999999998
03.08. 19:00;7,312679999999999
03.08. 20:00;0,0
03.08. 21:00;0,0
03.08. 22:00;0,0
03.08. 23:00;0,0
04.08. 00:00;0,0
04.08. 01:00;0,0
04.08. 02:00;0,0
04.08. 03:00;0,0
04.08. 04:00;0,0
04.08. 05:00;3,76428
04.08. 06:00;41,9572
04.08. 07:00;114,381
04.08. 08:00;133,963
04.08. 09:00;82,343
04.08. 10:00;104,493
04.08. 11:00;118,946
04.08. 12:00;164,6
04.08. 13:00;163,529
04.08. 14:00;133,808
04.08. 15:00;122,336
04.08. 16:00;71,46340000000001
04.08. 17:00;51,834
04.08. 18:00;11,13576
04.08. 19:00;0,01149
04.08. 20:00;0,0
04.08. 21:00;0,0
04.08. 22:00;0,0
04.08. 23:00;0,0
05.08. 00:00;0,0
05.08. 01:00;0,0
05.08. 02:00;0,0
05.08. 03:00;0,0
05.08. 04:00;0,0
05.08. 05:00;3,1952100000000003
05.08. 06:00;41,1
05.08. 07:00;94,959
05.08. 08:00;144,32999999999998
05.08. 09:00;202,858
05.08. 10:00;250,54999999999998
05.08. 11:00;239,226
05.08. 12:00;185,054
05.08. 13:00;192,293
05.08. 14:00;186,053
05.08. 15:00;88,679
05.08. 16:00;87,46600000000001
05.08. 17:00;67,699
05.08. 18:00;47,171
05.08. 19:00;10,350859999999999
05.08. 20:00;0,0
05.08. 21:00;0,0
05.08. 22:00;0,0
05.08. 23:00;0,0
06.08. 00:00;0,0
06.08. 01:00;0,0
06.08. 02:00;0,0
06.08. 03:00;0,0
06.08. 04:00;0,0
06.08. 05:00;18,1092
06.08. 06:00;56,829
06.08. 07:00;108,017
06.08. 08:00;158,257
06.08. 09:00;215,58599999999998
06.08. 10:00;219,214
06.08. 11:00;218,80200000000002
06.08. 12:00;152,963
06.08. 13:00;122,88499999999999
06.08. 14:00;74,545
06.08. 15:00;99,83000000000001
06.08. 16:00;44,4492
06.08. 17:00;47,70100000000001
06.08. 18:00;25,3164
06.08. 19:00;2,7938300000000003
06.08. 20:00;0,0
06.08. 21:00;0,0
06.08. 22:00;0,0
06.08. 23:00;0,0
07.08. 00:00;0,0
07.08. 01:00;0,0
07.08. 02:00;0,0
07.08. 03:00;0,0
07.08. 04:00;0,0
07.08. 05:00;0,68915
07.08. 06:00;11,6842
07.08. 07:00;30,2983
07.08. 08:00;67,7798
07.08. 09:00;148,812
07.08. 10:00;126,214
07.08. 11:00;166,64499999999998
07.08. 12:00;189,136
07.08. 13:00;158,041
07.08. 14:00;137,25300000000001
07.08. 15:00;159,607
07.08. 16:00;105,679
07.08. 17:00;67,7809
07.08. 18:00;24,0306
07.08. 19:00;0,77778
07.08. 20:00;0,0
07.08. 21:00;0,0
07.08. 22:00;0,0
07.08. 23:00;0,0
08.08. 00:00;0,0
08.08. 01:00;0,0
08.08. 02:00;0,0
08.08. 03:00;0,0
08.08. 04:00;0,0
08.08. 05:00;0,7176100000000001
08.08. 06:00;18,676
08.08. 07:00;52,6393
08.08. 08:00;53,736000000000004
08.08. 09:00;133,37
08.08. 10:00;200,287
08.08. 11:00;113,565
08.08. 12:00;219,221
08.08. 13:00;249,765
08.08. 14:00;195,381
08.08. 15:00;163,906
08.08. 16:00;123,05600000000001
08.08. 17:00;89,73
08.08. 18:00;44,902699999999996
08.08. 19:00;4,24479
08.08. 20:00;0,0
08.08. 21:00;0,0
08.08. 22:00;0,0
08.08. 23:00;0,0
09.08. 00:00;0,0
09.08. 01:00;0,0
09.08. 02:00;0,0
09.08. 03:00;0,0
09.08. 04:00;0,0
09.08. 05:00;24,676099999999998
09.08. 06:00;79,26
09.08. 07:00;138,85399999999998
09.08. 08:00;191,195
09.08. 09:00;229,198
09.08. 10:00;171,424
09.08. 11:00;172,946
09.08. 12:00;195,752
09.08. 13:00;111,468
09.08. 14:00;75,53
09.08. 15:00;55,1436
09.08. 16:00;94,8895
09.08. 17:00;80,424
09.08. 18:00;41,5993
09.08. 19:00;1,8591
09.08. 20:00;0,0
09.08. 21:00;0,0
09.08. 22:00;0,0
09.08. 23:00;0,0
10.08. 00:00;0,0
10.08. 01:00;0,0
10.08. 02:00;0,0
10.08. 03:00;0,0
10.08. 04:00;0,0
10.08. 05:00;6,4376
10.08. 06:00;52,8089
10.08. 07:00;76,801
10.08. 08:00;171,38400000000001
10.08. 09:00;215,436
10.08. 10:00;208,916
10.08. 11:00;220,764
10.08. 12:00;173,954
10.08. 13:00;194,163
10.08. 14:00;196,702
10.08. 15:00;183,511
10.08. 16:00;132,999
10.08. 17:00;79,7808
10.08. 18:00;24,4818
10.08. 19:00;2,8481099999999997
10.08. 20:00;0,0
10.08. 21:00;0,0
10.08. 22:00;0,0
10.08. 23:00;0,0
11.08. 00:00;0,0
11.08. 01:00;0,0
11.08. 02:00;0,0
11.08. 03:00;0,0
11.08. 04:00;0,0
11.08. 05:00;21,3295
11.08. 06:00;75,884
11.08. 07:00;128,339
11.08. 08:00;144,715
11.08. 09:00;149,483
11.08. 10:00;162,319
11.08. 11:00;149,703
11.08. 12:00;84,44200000000001
11.08. 13:00;186,489
11.08. 14:00;236,40900000000002
11.08. 15:00;121,351
11.08. 16:00;132,99
11.08. 17:00;98,477
11.08. 18:00;36,461200000000005
11.08. 19:00;3,98353
11.08. 20:00;0,0
11.08. 21:00;0,0
11.08. 22:00;0,0
11.08. 23:00;0,0
12.08. 00:00;0,0
12.08. 01:00;0,0
12.08. 02:00;0,0
12.08. 03:00;0,0
12.08. 04:00;0,0
12.08. 05:00;3,26523
12.08. 06:00;30,903200000000002
12.08. 07:00;27,2539
12.08. 08:00;63,8489
12.08. 09:00;101,474
12.08. 10:00;95,748
12.08. 11:00;98,012
12.08. 12:00;160,527
12.08. 13:00;198,66899999999998
12.08. 14:00;151,812
12.08. 15:00;103,543
12.08. 16:00;80,975
12.08. 17:00;46,2363
12.08. 18:00;21,5426
12.08. 19:00;2,66202
12.08. 20:00;0,0
12.08. 21:00;0,0
12.08. 22:00;0,0
12.08. 23:00;0,0
13.08. 00:00;0,0
13.08. 01:00;0,0
13.08. 02:00;0,0
13.08. 03:00;0,0
13.08. 04:00;0,0
13.08. 05:00;1,94201
13.08. 06:00;5,0023
13.08. 07:00;14,10281
13.08. 08:00;28,3457
13.08. 09:00;46,0845
13.08. 10:00;45,393
13.08. 11:00;52,8132
13.08. 12:00;39,906
13.08. 13:00;34,129000000000005
13.08. 14:00;29,7988
13.08. 15:00;26,216
13.08. 16:00;35,6336
13.08. 17:00;24,2571
13.08. 18:00;9,25446
13.08. 19:00;0,26552
13.08. 20:00;0,0
13.08. 21:00;0,0
13.08. 22:00;0,0
13.08. 23:00;0,0
14.08. 00:00;0,0
14.08. 01:00;0,0
14.08. 02:00;0,0
14.08. 03:00;0,0
14.08. 04:00;0,0
14.08. 05:00;1,92364
14.08. 06:00;15,60872
14.08. 07:00;33,965
14.08. 08:00;56,377
14.08. 09:00;79,135
14.08. 10:00;99,325
14.08. 11:00;148,81
14.08. 12:00;185,595
14.08. 13:00;183,513
14.08. 14:00;199,703
14.08. 15:00;179,706
14.08. 16:00;136,821
14.08. 17:00;83,666
14.08. 18:00;32,9065
14.08. 19:00;1,49604
14.08. 20:00;0,0
14.08. 21:00;0,0
14.08. 22:00;0,0
14.08. 23:00;0,0
15.08. 00:00;0,0
15.08. 01:00;0,0
15.08. 02:00;0,0
15.08. 03:00;0,0
15.08. 04:00;0,0
15.08. 05:00;10,761800000000001
15.08. 06:00;57,892799999999994
15.08. 07:00;117,048
15.08. 08:00;172,813
15.08. 09:00;217,901
15.08. 10:00;248,35
15.08. 11:00;265,175
15.08. 12:00;265,91
15.08. 13:00;254,327
15.08. 14:00;227,719
15.08. 15:00;189,405
15.08. 16:00;142,306
15.08. 17:00;87,17099999999999
15.08. 18:00;35,9678
15.08. 19:00;1,40419
15.08. 20:00;0,0
15.08. 21:00;0,0
15.08. 22:00;0,0
15.08. 23:00;0,0
16.08. 00:00;0,0
16.08. 01:00;0,0
16.08. 02:00;0,0
16.08. 03:00;0,0
16.08. 04:00;0,0
16.08. 05:00;13,354119999999998
16.08. 06:00;62,2263
16.08. 07:00;120,802
16.08. 08:00;175,55
16.08. 09:00;219,987
16.08. 10:00;249,977
16.08. 11:00;265,395
16.08. 12:00;267,264
16.08. 13:00;254,203
16.08. 14:00;198,267
16.08. 15:00;123,595
16.08. 16:00;112,66
16.08. 17:00;81,419
16.08. 18:00;32,1531
16.08. 19:00;1,26899
16.08. 20:00;0,0
16.08. 21:00;0,0
16.08. 22:00;0,0
16.08. 23:00;0,0
17.08. 00:00;0,0
17.08. 01:00;0,0
17.08. 02:00;0,0
17.08. 03:00;0,0
17.08. 04:00;0,0
17.08. 05:00;1,28187
17.08. 06:00;5,13785
17.08. 07:00;17,128999999999998
17.08. 08:00;23,1237
17.08. 09:00;55,6633
17.08. 10:00;59,34
17.08. 11:00;143,289
17.08. 12:00;230,149
17.08. 13:00;242,418
17.08. 14:00;238,65
17.08. 15:00;197,175
17.08. 16:00;146,836
17.08. 17:00;89,975
17.08. 18:00;33,8515
17.08. 19:00;0,6923100000000001
17.08. 20:00;0,0
17.08. 21:00;0,0
17.08. 22:00;0,0
17.08. 23:00;0,0
18.08. 00:00;0,0
18.08. 01:00;0,0
18.08. 02:00;0,0
18.08. 03:00;0,0
18.08. 04:00;0,0
18.08. 05:00;1,22372
18.08. 06:00;8,73176
18.08. 07:00;19,6861
18.08. 08:00;29,386499999999998
18.08. 09:00;44,7748
18.08. 10:00;49,1562
18.08. 11:00;32,646699999999996
18.08. 12:00;41,3301
18.08. 13:00;52,586
18.08. 14:00;39,9632
18.08. 15:00;43,092
18.08. 16:00;55,939
18.08. 17:00;43,7023
18.08. 18:00;11,0916
18.08. 19:00;0,0
18.08. 20:00;0,0
18.08. 21:00;0,0
18.08. 22:00;0,0
18.08. 23:00;0,0
19.08. 00:00;0,0
19.08. 01:00;0,0
19.08. 02:00;0,0
19.08. 03:00;0,0
19.08. 04:00;0,0
19.08. 05:00;0,0
19.08. 06:00;24,48329
19.08. 07:00;42,949
19.08. 08:00;67,531
19.08. 09:00;102,10600000000001
19.08. 10:00;149,716
19.08. 11:00;173,581
19.08. 12:00;195,555
19.08. 13:00;183,365
19.08. 14:00;180,13400000000001
19.08. 15:00;136,95600000000002
19.08. 16:00;84,4281
19.08. 17:00;15,216899999999999
19.08. 18:00;6,01746
19.08. 19:00;0,0
19.08. 20:00;0,0
19.08. 21:00;0,0
19.08. 22:00;0,0
19.08. 23:00;0,0
20.08. 00:00;0,0
20.08. 01:00;0,0
20.08. 02:00;0,0
20.08. 03:00;0,0
20.08. 04:00;0,0
20.08. 05:00;9,95719
20.08. 06:00;53,0134
20.08. 07:00;77,239
20.08. 08:00;95,742
20.08. 09:00;155,428
20.08. 10:00;230,57299999999998
20.08. 11:00;243,889
20.08. 12:00;259,999
20.08. 13:00;247,508
20.08. 14:00;210,294
20.08. 15:00;165,525
20.08. 16:00;114,959
20.08. 17:00;62,556700000000006
20.08. 18:00;25,4332
20.08. 19:00;0,49916
20.08. 20:00;0,0
20.08. 21:00;0,0
20.08. 22:00;0,0
20.08. 23:00;0,0
21.08. 00:00;0,0
21.08. 01:00;0,0
21.08. 02:00;0,0
21.08. 03:00;0,0
21.08. 04:00;0,0
21.08. 05:00;0,40568000000000004
21.08. 06:00;4,49941
21.08. 07:00;19,3894
21.08. 08:00;45,7399
21.08. 09:00;51,499
21.08. 10:00;83,55199999999999
21.08. 11:00;101,706
21.08. 12:00;93,902
21.08. 13:00;63,322
21.08. 14:00;38,6501
21.08. 15:00;32,8548
21.08. 16:00;33,2564
21.08. 17:00;25,776
21.08. 18:00;14,172799999999999
21.08. 19:00;0,0
21.08. 20:00;0,0
21.08. 21:00;0,0
21.08. 22:00;0,0
21.08. 23:00;0,0
22.08. 00:00;0,0
22.08. 01:00;0,0
22.08. 02:00;0,0
22.08. 03:00;0,0
22.08. 04:00;0,0
22.08. 05:00;2,45246
22.08. 06:00;29,6699
22.08. 07:00;49,8924
22.08. 08:00;103,103
22.08. 09:00;182,891
22.08. 10:00;231,314
22.08. 11:00;254,514
22.08. 12:00;254,755
22.08. 13:00;243,452
22.08. 14:00;218,47
22.08. 15:00;177,131
22.08. 16:00;127,226
22.08. 17:00;72,637
22.08. 18:00;22,9761
22.08. 19:00;0,30386
22.08. 20:00;0,0
22.08. 21:00;0,0
22.08. 22:00;0,0
22.08. 23:00;0,0
23.08. 00:00;0,0
23.08. 01:00;0,0
23.08. 02:00;0,0
23.08. 03:00;0,0
23.08. 04:00;0,0
23.08. 05:00;4,63233
23.08. 06:00;42,4958
23.08. 07:00;98,494
23.08. 08:00;155,394
23.08. 09:00;203,175
23.08. 10:00;233,389
23.08. 11:00;246,166
23.08. 12:00;253,329
23.08. 13:00;241,607
23.08. 14:00;215,22899999999998
23.08. 15:00;175,628
23.08. 16:00;126,53
23.08. 17:00;71,559
23.08. 18:00;22,0068
23.08. 19:00;0,31592
23.08. 20:00;0,0
23.08. 21:00;0,0
23.08. 22:00;0,0
23.08. 23:00;0,0
24.08. 00:00;0,0
24.08. 01:00;0,0
24.08. 02:00;0,0
24.08. 03:00;0,0
24.08. 04:00;0,0
24.08. 05:00;9,74044
24.08. 06:00;47,8362
24.08. 07:00;83,468
24.08. 08:00;128,31900000000002
24.08. 09:00;157,882
24.08. 10:00;214,321
24.08. 11:00;237,391
24.08. 12:00;246,104
24.08. 13:00;213,446
24.08. 14:00;188,145
24.08. 15:00;153,799
24.08. 16:00;104,021
24.08. 17:00;49,7859
24.08. 18:00;3,8071200000000003
24.08. 19:00;0,0
24.08. 20:00;0,0
24.08. 21:00;0,0
24.08. 22:00;0,0
24.08. 23:00;0,0
25.08. 00:00;0,0
25.08. 01:00;0,0
25.08. 02:00;0,0
25.08. 03:00;0,0
25.08. 04:00;0,0
25.08. 05:00;3,13938
25.08. 06:00;33,4039
25.08. 07:00;84,398
25.08. 08:00;141,504
25.08. 09:00;194,266
25.08. 10:00;226,46699999999998
25.08. 11:00;243,40800000000002
25.08. 12:00;244,026
25.08. 13:00;227,247
25.08. 14:00;205,319
25.08. 15:00;168,558
25.08. 16:00;122,355
25.08. 17:00;68,36
25.08. 18:00;19,1733
25.08. 19:00;0,0
25.08. 20:00;0,0
25.08. 21:00;0,0
25.08. 22:00;0,0
25.08. 23:00;0,0
26.08. 00:00;0,0
26.08. 01:00;0,0
26.08. 02:00;0,0
26.08. 03:00;0,0
26.08. 04:00;0,0
26.08. 05:00;0,0
26.08. 06:00;19,9772
26.08. 07:00;91,25399999999999
26.08. 08:00;145,76999999999998
26.08. 09:00;203,519
26.08. 10:00;230,41
26.08. 11:00;247,35999999999999
26.08. 12:00;246,93200000000002
26.08. 13:00;231,85399999999998
26.08. 14:00;208,43099999999998
26.08. 15:00;169,052
26.08. 16:00;121,538
26.08. 17:00;66,638
26.08. 18:00;17,5865
26.08. 19:00;0,0
26.08. 20:00;0,0
26.08. 21:00;0,0
26.08. 22:00;0,0
26.08. 23:00;0,0
27.08. 00:00;0,0
27.08. 01:00;0,0
27.08. 02:00;0,0
27.08. 03:00;0,0
27.08. 04:00;0,0
27.08. 05:00;0,33694999999999997
27.08. 06:00;26,19264
27.08. 07:00;58,305
27.08. 08:00;99,382
27.08. 09:00;89,088
27.08. 10:00;106,92
27.08. 11:00;125,23599999999999
27.08. 12:00;32,6332
27.08. 13:00;22,8422
27.08. 14:00;46,960499999999996
27.08. 15:00;134,582
27.08. 16:00;108,387
27.08. 17:00;34,4758
27.08. 18:00;11,31638
27.08. 19:00;0,0
27.08. 20:00;0,0
27.08. 21:00;0,0
27.08. 22:00;0,0
27.08. 23:00;0,0
28.08. 00:00;0,0
28.08. 01:00;0,0
28.08. 02:00;0,0
28.08. 03:00;0,0
28.08. 04:00;0,0
28.08. 05:00;2,29411
28.08. 06:00;49,5136
28.08. 07:00;112,388
28.08. 08:00;151,426
28.08. 09:00;198,197
28.08. 10:00;181,528
28.08. 11:00;132,493
28.08. 12:00;164,71699999999998
28.08. 13:00;131,542
28.08. 14:00;80,72
28.08. 15:00;71,399
28.08. 16:00;57,358000000000004
28.08. 17:00;38,4506
28.08. 18:00;7,01861
28.08. 19:00;0,0
28.08. 20:00;0,0
28.08. 21:00;0,0
28.08. 22:00;0,0
28.08. 23:00;0,0
29.08. 00:00;0,0
29.08. 01:00;0,0
29.08. 02:00;0,0
29.08. 03:00;0,0
29.08. 04:00;0,0
29.08. 05:00;3,07185
29.08. 06:00;46,6643
29.08. 07:00;101,382
29.08. 08:00;120,617
29.08. 09:00;181,286
29.08. 10:00;166,3
29.08. 11:00;161,53199999999998
29.08. 12:00;196,469
29.08. 13:00;155,739
29.08. 14:00;118,17599999999999
29.08. 15:00;103,283
29.08. 16:00;102,545
29.08. 17:00;68,46600000000001
29.08. 18:00;18,8601
29.08. 19:00;0,0
29.08. 20:00;0,0
29.08. 21:00;0,0
29.08. 22:00;0,0
29.08. 23:00;0,0
30.08. 00:00;0,0
30.08. 01:00;0,0
30.08. 02:00;0,0
30.08. 03:00;0,0
30.08. 04:00;0,0
30.08. 05:00;5,25952
30.08. 06:00;52,0218
30.08. 07:00;111,912
30.08. 08:00;167,636
30.08. 09:00;215,311
30.08. 10:00;232,077
30.08. 11:00;178,496
30.08. 12:00;150,44299999999998
30.08. 13:00;199,239
30.08. 14:00;184,366
30.08. 15:00;158,173
30.08. 16:00;122,267
30.08. 17:00;62,730000000000004
30.08. 18:00;13,85586
30.08. 19:00;0,0
30.08. 20:00;0,0
30.08. 21:00;0,0
30.08. 22:00;0,0
30.08. 23:00;0,0
31.08. 00:00;0,0
31.08. 01:00;0,0
31.08. 02:00;0,0
31.08. 03:00;0,0
31.08. 04:00;0,0
31.08. 05:00;0,19067
31.08. 06:00;40,06270000000001
31.08. 07:00;73,125
31.08. 08:00;127,253
31.08. 09:00;131,667
31.08. 10:00;118,453
31.08. 11:00;82,50399999999999
31.08. 12:00;84,16900000000001
31.08. 13:00;77,768
31.08. 14:00;52,7872
31.08. 15:00;27,750700000000002
31.08. 16:00;13,5369
31.08. 17:00;3,39099
31.08. 18:00;0,73243
31.08. 19:00;0,0
31.08. 20:00;0,0
31.08. 21:00;0,0
31.08. 22:00;0,0
31.08. 23:00;0,0
01.09. 00:00;0,0
01.09. 01:00;0,0
01.09. 02:00;0,0
01.09. 03:00;0,0
01.09. 04:00;0,0
01.09. 05:00;1,1834099999999999
01.09. 06:00;31,0305
01.09. 07:00;99,13499999999999
01.09. 08:00;157,706
01.09. 09:00;204,666
01.09. 10:00;234,59
01.09. 11:00;239,492
01.09. 12:00;236,071
01.09. 13:00;242,97199999999998
01.09. 14:00;170,582
01.09. 15:00;144,23
01.09. 16:00;78,922
01.09. 17:00;42,995400000000004
01.09. 18:00;4,75108
01.09. 19:00;0,0
01.09. 20:00;0,0
01.09. 21:00;0,0
01.09. 22:00;0,0
01.09. 23:00;0,0
02.09. 00:00;0,0
02.09. 01:00;0,0
02.09. 02:00;0,0
02.09. 03:00;0,0
02.09. 04:00;0,0
02.09. 05:00;3,9345100000000004
02.09. 06:00;28,8125
02.09. 07:00;49,5507
02.09. 08:00;59,338
02.09. 09:00;128,33100000000002
02.09. 10:00;148,498
02.09. 11:00;167,71800000000002
02.09. 12:00;138,63
02.09. 13:00;74,281
02.09. 14:00;33,517
02.09. 15:00;67,452
02.09. 16:00;58,803
02.09. 17:00;19,8875
02.09. 18:00;0,4051
02.09. 19:00;0,0
02.09. 20:00;0,0
02.09. 21:00;0,0
02.09. 22:00;0,0
02.09. 23:00;0,0
03.09. 00:00;0,0
03.09. 01:00;0,0
03.09. 02:00;0,0
03.09. 03:00;0,0
03.09. 04:00;0,0
03.09. 05:00;0,06761
03.09. 06:00;2,7555699999999996
03.09. 07:00;12,3938
03.09. 08:00;33,426
03.09. 09:00;36,5938
03.09. 10:00;37,371
03.09. 11:00;43,283
03.09. 12:00;53,227000000000004
03.09. 13:00;42,0836
03.09. 14:00;26,35
03.09. 15:00;30,183300000000003
03.09. 16:00;32,1095
03.09. 17:00;15,3567
03.09. 18:00;0,37528
03.09. 19:00;0,0
03.09. 20:00;0,0
03.09. 21:00;0,0
03.09. 22:00;0,0
03.09. 23:00;0,0
04.09. 00:00;0,0
04.09. 01:00;0,0
04.09. 02:00;0,0
04.09. 03:00;0,0
04.09. 04:00;0,0
04.09. 05:00;0,40693999999999997
04.09. 06:00;13,48003
04.09. 07:00;28,7724
04.09. 08:00;45,5687
04.09. 09:00;69,155
04.09. 10:00;67,078
04.09. 11:00;47,9328
04.09. 12:00;46,6231
04.09. 13:00;86,4404
04.09. 14:00;99,544
04.09. 15:00;86,401
04.09. 16:00;85,053
04.09. 17:00;49,8435
04.09. 18:00;6,9707799999999995
04.09. 19:00;0,0
04.09. 20:00;0,0
04.09. 21:00;0,0
04.09. 22:00;0,0
04.09. 23:00;0,0
05.09. 00:00;0,0
05.09. 01:00;0,0
05.09. 02:00;0,0
05.09. 03:00;0,0
05.09. 04:00;0,0
05.09. 05:00;0,0
05.09. 06:00;7,7729
05.09. 07:00;23,183
05.09. 08:00;48,038
05.09. 09:00;115,521
05.09. 10:00;147,613
05.09. 11:00;137,796
05.09. 12:00;88,16499999999999
05.09. 13:00;111,119
05.09. 14:00;72,60900000000001
05.09. 15:00;40,274
05.09. 16:00;21,5124
05.09. 17:00;11,6715
05.09. 18:00;2,47246
05.09. 19:00;0,0
05.09. 20:00;0,0
05.09. 21:00;0,0
05.09. 22:00;0,0
05.09. 23:00;0,0
06.09. 00:00;0,0
06.09. 01:00;0,0
06.09. 02:00;0,0
06.09. 03:00;0,0
06.09. 04:00;0,0
06.09. 05:00;1,05507
06.09. 06:00;38,1602
06.09. 07:00;96,246
06.09. 08:00;153,31799999999998
06.09. 09:00;199,184
06.09. 10:00;230,398
06.09. 11:00;231,94
06.09. 12:00;224,709
06.09. 13:00;190,48
06.09. 14:00;179,335
06.09. 15:00;132,57
06.09. 16:00;60,5436
06.09. 17:00;20,8958
06.09. 18:00;0,9922900000000001
06.09. 19:00;0,0
06.09. 20:00;0,0
06.09. 21:00;0,0
06.09. 22:00;0,0
06.09. 23:00;0,0
07.09. 00:00;0,0
07.09. 01:00;0,0
07.09. 02:00;0,0
07.09. 03:00;0,0
07.09. 04:00;0,0
07.09. 05:00;0,97501
07.09. 06:00;29,0905
07.09. 07:00;45,4859
07.09. 08:00;51,9941
07.09. 09:00;59,5672
07.09. 10:00;63,481899999999996
07.09. 11:00;87,028
07.09. 12:00;103,226
07.09. 13:00;151,391
07.09. 14:00;144,416
07.09. 15:00;136,712
07.09. 16:00;111,33
07.09. 17:00;44,8232
07.09. 18:00;2,4098800000000002
07.09. 19:00;0,0
07.09. 20:00;0,0
07.09. 21:00;0,0
07.09. 22:00;0,0
07.09. 23:00;0,0
08.09. 00:00;0,0
08.09. 01:00;0,0
08.09. 02:00;0,0
08.09. 03:00;0,0
08.09. 04:00;0,0
08.09. 05:00;0,0
08.09. 06:00;1,40964
08.09. 07:00;19,24741
08.09. 08:00;66,9619
08.09. 09:00;112,6857
08.09. 10:00;130,30200000000002
08.09. 11:00;154,403
08.09. 12:00;136,036
08.09. 13:00;117,24000000000001
08.09. 14:00;106,032
08.09. 15:00;55,88
08.09. 16:00;42,6637
08.09. 17:00;26,6777
08.09. 18:00;2,62619
08.09. 19:00;0,0
08.09. 20:00;0,0
08.09. 21:00;0,0
08.09. 22:00;0,0
08.09. 23:00;0,0
09.09. 00:00;0,0
09.09. 01:00;0,0
09.09. 02:00;0,0
09.09. 03:00;0,0
09.09. 04:00;0,0
09.09. 05:00;0,0
09.09. 06:00;11,3011
09.09. 07:00;46,5876
09.09. 08:00;65,12299999999999
09.09. 09:00;120,189
09.09. 10:00;122,332
09.09. 11:00;102,161
09.09. 12:00;98,436
09.09. 13:00;83,627
09.09. 14:00;86,388
09.09. 15:00;74,056
09.09. 16:00;45,7205
09.09. 17:00;15,2617
09.09. 18:00;1,83738
09.09. 19:00;0,0
09.09. 20:00;0,0
09.09. 21:00;0,0
09.09. 22:00;0,0
09.09. 23:00;0,0
10.09. 00:00;0,0
10.09. 01:00;0,0
10.09. 02:00;0,0
10.09. 03:00;0,0
10.09. 04:00;0,0
10.09. 05:00;0,0
10.09. 06:00;17,0182
10.09. 07:00;44,6388
10.09. 08:00;78,978
10.09. 09:00;141,881
10.09. 10:00;194,018
10.09. 11:00;235,434
10.09. 12:00;217,274
10.09. 13:00;159,169
10.09. 14:00;116,084
10.09. 15:00;120,398
10.09. 16:00;84,208
10.09. 17:00;32,166399999999996
10.09. 18:00;2,23222
10.09. 19:00;0,0
10.09. 20:00;0,0
10.09. 21:00;0,0
10.09. 22:00;0,0
10.09. 23:00;0,0
11.09. 00:00;0,0
11.09. 01:00;0,0
11.09. 02:00;0,0
11.09. 03:00;0,0
11.09. 04:00;0,0
11.09. 05:00;0,0
11.09. 06:00;12,9356
11.09. 07:00;45,5554
11.09. 08:00;82,801
11.09. 09:00;102,94800000000001
11.09. 10:00;83,753
11.09. 11:00;33,2836
11.09. 12:00;48,9414
11.09. 13:00;72,606
11.09. 14:00;53,977000000000004
11.09. 15:00;34,7507
11.09. 16:00;41,0082
11.09. 17:00;31,5077
11.09. 18:00;2,93899
11.09. 19:00;0,0
11.09. 20:00;0,0
11.09. 21:00;0,0
11.09. 22:00;0,0
11.09. 23:00;0,0
12.09. 00:00;0,0
12.09. 01:00;0,0
12.09. 02:00;0,0
12.09. 03:00;0,0
12.09. 04:00;0,0
12.09. 05:00;0,0
12.09. 06:00;13,4956
12.09. 07:00;65,993
12.09. 08:00;128,772
12.09. 09:00;157,717
12.09. 10:00;195,641
12.09. 11:00;215,356
12.09. 12:00;234,808
12.09. 13:00;220,886
12.09. 14:00;161,57
12.09. 15:00;102,038
12.09. 16:00;54,8181
12.09. 17:00;17,0124
12.09. 18:00;0,54769
12.09. 19:00;0,0
12.09. 20:00;0,0
12.09. 21:00;0,0
12.09. 22:00;0,0
12.09. 23:00;0,0
13.09. 00:00;0,0
13.09. 01:00;0,0
13.09. 02:00;0,0
13.09. 03:00;0,0
13.09. 04:00;0,0
13.09. 05:00;0,0
13.09. 06:00;0,47705
13.09. 07:00;18,44028
13.09. 08:00;45,5638
13.09. 09:00;56,892
13.09. 10:00;108,604
13.09. 11:00;131,231
13.09. 12:00;146,415
13.09. 13:00;162,889
13.09. 14:00;154,799
13.09. 15:00;59,9089
13.09. 16:00;40,8543
13.09. 17:00;22,1511
13.09. 18:00;1,5572400000000002
13.09. 19:00;0,0
13.09. 20:00;0,0
13.09. 21:00;0,0
13.09. 22:00;0,0
13.09. 23:00;0,0
14.09. 00:00;0,0
14.09. 01:00;0,0
14.09. 02:00;0,0
14.09. 03:00;0,0
14.09. 04:00;0,0
14.09. 05:00;0,0
14.09. 06:00;8,034600000000001
14.09. 07:00;34,0324
14.09. 08:00;64,912
14.09. 09:00;56,039
14.09. 10:00;53,277
14.09. 11:00;56,775999999999996
14.09. 12:00;67,745
14.09. 13:00;55,82000000000001
14.09. 14:00;57,752
14.09. 15:00;31,7478
14.09. 16:00;26,288800000000002
14.09. 17:00;12,75559
14.09. 18:00;0,20519
14.09. 19:00;0,0
14.09. 20:00;0,0
14.09. 21:00;0,0
14.09. 22:00;0,0
14.09. 23:00;0,0
15.09. 00:00;0,0
15.09. 01:00;0,0
15.09. 02:00;0,0
15.09. 03:00;0,0
15.09. 04:00;0,0
15.09. 05:00;0,0
15.09. 06:00;1,70377
15.09. 07:00;23,4259
15.09. 08:00;54,548
15.09. 09:00;111,5342
15.09. 10:00;156,346
15.09. 11:00;184,30599999999998
15.09. 12:00;182,703
15.09. 13:00;199,474
15.09. 14:00;168,83100000000002
15.09. 15:00;119,232
15.09. 16:00;83,93
15.09. 17:00;27,2528
15.09. 18:00;0,453
15.09. 19:00;0,0
15.09. 20:00;0,0
15.09. 21:00;0,0
15.09. 22:00;0,0
15.09. 23:00;0,0
16.09. 00:00;0,0
16.09. 01:00;0,0
16.09. 02:00;0,0
16.09. 03:00;0,0
16.09. 04:00;0,0
16.09. 05:00;0,0
16.09. 06:00;3,51795
16.09. 07:00;18,158
16.09. 08:00;80,798
16.09. 09:00;63,225
16.09. 10:00;21,857100000000003
16.09. 11:00;24,714100000000002
16.09. 12:00;22,3513
16.09. 13:00;43,067
16.09. 14:00;64,15459999999999
16.09. 15:00;54,4006
16.09. 16:00;48,069900000000004
16.09. 17:00;20,548299999999998
16.09. 18:00;0,29368
16.09. 19:00;0,0
16.09. 20:00;0,0
16.09. 21:00;0,0
16.09. 22:00;0,0
16.09. 23:00;0,0
17.09. 00:00;0,0
17.09. 01:00;0,0
17.09. 02:00;0,0
17.09. 03:00;0,0
17.09. 04:00;0,0
17.09. 05:00;0,0
17.09. 06:00;21,6474
17.09. 07:00;36,3544
17.09. 08:00;37,689499999999995
17.09. 09:00;40,826
17.09. 10:00;54,865399999999994
17.09. 11:00;57,457
17.09. 12:00;50,7435
17.09. 13:00;41,5628
17.09. 14:00;18,669
17.09. 15:00;16,2667
17.09. 16:00;6,49943
17.09. 17:00;2,05761
17.09. 18:00;0,0
17.09. 19:00;0,0
17.09. 20:00;0,0
17.09. 21:00;0,0
17.09. 22:00;0,0
17.09. 23:00;0,0
18.09. 00:00;0,0
18.09. 01:00;0,0
18.09. 02:00;0,0
18.09. 03:00;0,0
18.09. 04:00;0,0
18.09. 05:00;0,0
18.09. 06:00;23,48211
18.09. 07:00;79,503
18.09. 08:00;133,038
18.09. 09:00;181,069
18.09. 10:00;214,90699999999998
18.09. 11:00;229,743
18.09. 12:00;228,886
18.09. 13:00;212,48399999999998
18.09. 14:00;179,804
18.09. 15:00;135,014
18.09. 16:00;77,923
18.09. 17:00;23,257
18.09. 18:00;0,30856
18.09. 19:00;0,0
18.09. 20:00;0,0
18.09. 21:00;0,0
18.09. 22:00;0,0
18.09. 23:00;0,0
19.09. 00:00;0,0
19.09. 01:00;0,0
19.09. 02:00;0,0
19.09. 03:00;0,0
19.09. 04:00;0,0
19.09. 05:00;0,0
19.09. 06:00;23,65459
19.09. 07:00;81,202
19.09. 08:00;136,632
19.09. 09:00;140,404
19.09. 10:00;101,621
19.09. 11:00;72,806
19.09. 12:00;59,467
19.09. 13:00;51,3698
19.09. 14:00;53,016999999999996
19.09. 15:00;33,3532
19.09. 16:00;22,9522
19.09. 17:00;6,24639
19.09. 18:00;0,0
19.09. 19:00;0,0
19.09. 20:00;0,0
19.09. 21:00;0,0
19.09. 22:00;0,0
19.09. 23:00;0,0
20.09. 00:00;0,0
20.09. 01:00;0,0
20.09. 02:00;0,0
20.09. 03:00;0,0
20.09. 04:00;0,0
20.09. 05:00;0,0
20.09. 06:00;19,6364
20.09. 07:00;60,2147
20.09. 08:00;70,011
20.09. 09:00;70,057
20.09. 10:00;47,003099999999996
20.09. 11:00;45,8494
20.09. 12:00;45,3799
20.09. 13:00;55,799
20.09. 14:00;70,541
20.09. 15:00;64,44200000000001
20.09. 16:00;40,7689
20.09. 17:00;7,40355
20.09. 18:00;0,0
20.09. 19:00;0,0
20.09. 20:00;0,0
20.09. 21:00;0,0
20.09. 22:00;0,0
20.09. 23:00;0,0
21.09. 00:00;0,0
21.09. 01:00;0,0
21.09. 02:00;0,0
21.09. 03:00;0,0
21.09. 04:00;0,0
21.09. 05:00;0,0
21.09. 06:00;20,1642
21.09. 07:00;72,973
21.09. 08:00;129,11599999999999
21.09. 09:00;172,631
21.09. 10:00;199,103
21.09. 11:00;216,733
21.09. 12:00;221,215
21.09. 13:00;202,817
21.09. 14:00;168,84199999999998
21.09. 15:00;122,93199999999999
21.09. 16:00;63,3238
21.09. 17:00;13,3752
21.09. 18:00;0,0
21.09. 19:00;0,0
21.09. 20:00;0,0
21.09. 21:00;0,0
21.09. 22:00;0,0
21.09. 23:00;0,0
22.09. 00:00;0,0
22.09. 01:00;0,0
22.09. 02:00;0,0
22.09. 03:00;0,0
22.09. 04:00;0,0
22.09. 05:00;0,0
22.09. 06:00;18,87547
22.09. 07:00;68,0863
22.09. 08:00;110,93700000000001
22.09. 09:00;154,261
22.09. 10:00;193,808
22.09. 11:00;215,69
22.09. 12:00;189,542
22.09. 13:00;120,912
22.09. 14:00;98,898
22.09. 15:00;69,907
22.09. 16:00;32,1803
22.09. 17:00;6,8847
22.09. 18:00;0,0
22.09. 19:00;0,0
22.09. 20:00;0,0
22.09. 21:00;0,0
22.09. 22:00;0,0
22.09. 23:00;0,0
23.09. 00:00;0,0
23.09. 01:00;0,0
23.09. 02:00;0,0
23.09. 03:00;0,0
23.09. 04:00;0,0
23.09. 05:00;0,0
23.09. 06:00;16,29391
23.09. 07:00;67,59700000000001
23.09. 08:00;124,10300000000001
23.09. 09:00;169,10399999999998
23.09. 10:00;200,311
23.09. 11:00;212,67
23.09. 12:00;210,95
23.09. 13:00;194,385
23.09. 14:00;165,231
23.09. 15:00;118,447
23.09. 16:00;62,087
23.09. 17:00;13,86628
23.09. 18:00;0,0
23.09. 19:00;0,0
23.09. 20:00;0,0
23.09. 21:00;0,0
23.09. 22:00;0,0
23.09. 23:00;0,0
24.09. 00:00;0,0
24.09. 01:00;0,0
24.09. 02:00;0,0
24.09. 03:00;0,0
24.09. 04:00;0,0
24.09. 05:00;0,0
24.09. 06:00;16,35961
24.09. 07:00;67,1034
24.09. 08:00;124,366
24.09. 09:00;170,77
24.09. 10:00;202,507
24.09. 11:00;216,49099999999999
24.09. 12:00;213,378
24.09. 13:00;195,937
24.09. 14:00;164,82
24.09. 15:00;119,245
24.09. 16:00;63,06
24.09. 17:00;12,43351
24.09. 18:00;0,0
24.09. 19:00;0,0
24.09. 20:00;0,0
24.09. 21:00;0,0
24.09. 22:00;0,0
24.09. 23:00;0,0
25.09. 00:00;0,0
25.09. 01:00;0,0
25.09. 02:00;0,0
25.09. 03:00;0,0
25.09. 04:00;0,0
25.09. 05:00;0,0
25.09. 06:00;13,960999999999999
25.09. 07:00;65,359
25.09. 08:00;121,859
25.09. 09:00;168,301
25.09. 10:00;198,689
25.09. 11:00;213,219
25.09. 12:00;210,28
25.09. 13:00;192,255
25.09. 14:00;141,531
25.09. 15:00;88,479
25.09. 16:00;26,6782
25.09. 17:00;4,4004
25.09. 18:00;0,0
25.09. 19:00;0,0
25.09. 20:00;0,0
25.09. 21:00;0,0
25.09. 22:00;0,0
25.09. 23:00;0,0
26.09. 00:00;0,0
26.09. 01:00;0,0
26.09. 02:00;0,0
26.09. 03:00;0,0
26.09. 04:00;0,0
26.09. 05:00;0,0
26.09. 06:00;1,07752
26.09. 07:00;20,685200000000002
26.09. 08:00;40,691500000000005
26.09. 09:00;56,525999999999996
26.09. 10:00;80,554
26.09. 11:00;107,956
26.09. 12:00;123,63300000000001
26.09. 13:00;89,48
26.09. 14:00;75,893
26.09. 15:00;75,67500000000001
26.09. 16:00;43,9077
26.09. 17:00;7,176019999999999
26.09. 18:00;0,0
26.09. 19:00;0,0
26.09. 20:00;0,0
26.09. 21:00;0,0
26.09. 22:00;0,0
26.09. 23:00;0,0
27.09. 00:00;0,0
27.09. 01:00;0,0
27.09. 02:00;0,0
27.09. 03:00;0,0
27.09. 04:00;0,0
27.09. 05:00;0,0
27.09. 06:00;10,2757
27.09. 07:00;58,632999999999996
27.09. 08:00;112,683
27.09. 09:00;158,052
27.09. 10:00;189,219
27.09. 11:00;205,153
27.09. 12:00;205,49
27.09. 13:00;187,31
27.09. 14:00;148,474
27.09. 15:00;87,542
27.09. 16:00;34,6707
27.09. 17:00;3,1508399999999996
27.09. 18:00;0,0
27.09. 19:00;0,0
27.09. 20:00;0,0
27.09. 21:00;0,0
27.09. 22:00;0,0
27.09. 23:00;0,0
28.09. 00:00;0,0
28.09. 01:00;0,0
28.09. 02:00;0,0
28.09. 03:00;0,0
28.09. 04:00;0,0
28.09. 05:00;0,0
28.09. 06:00;2,98223
28.09. 07:00;30,813699999999997
28.09. 08:00;78,669
28.09. 09:00;130,386
28.09. 10:00;140,313
28.09. 11:00;151,209
28.09. 12:00;172,825
28.09. 13:00;161,53
28.09. 14:00;130,248
28.09. 15:00;77,6337
28.09. 16:00;26,099600000000002
28.09. 17:00;4,3568299999999995
28.09. 18:00;0,0
28.09. 19:00;0,0
28.09. 20:00;0,0
28.09. 21:00;0,0
28.09. 22:00;0,0
28.09. 23:00;0,0
29.09. 00:00;0,0
29.09. 01:00;0,0
29.09. 02:00;0,0
29.09. 03:00;0,0
29.09. 04:00;0,0
29.09. 05:00;0,0
29.09. 06:00;7,70128
29.09. 07:00;56,150999999999996
29.09. 08:00;110,099
29.09. 09:00;154,363
29.09. 10:00;185,6
29.09. 11:00;200,206
29.09. 12:00;197,81
29.09. 13:00;180,247
29.09. 14:00;148,597
29.09. 15:00;102,696
29.09. 16:00;49,41
29.09. 17:00;7,3737900000000005
29.09. 18:00;0,0
29.09. 19:00;0,0
29.09. 20:00;0,0
29.09. 21:00;0,0
29.09. 22:00;0,0
29.09. 23:00;0,0
30.09. 00:00;0,0
30.09. 01:00;0,0
30.09. 02:00;0,0
30.09. 03:00;0,0
30.09. 04:00;0,0
30.09. 05:00;0,0
30.09. 06:00;8,04815
30.09. 07:00;52,9092
30.09. 08:00;105,965
30.09. 09:00;150,051
30.09. 10:00;181,052
30.09. 11:00;193,94799999999998
30.09. 12:00;190,309
30.09. 13:00;173,224
30.09. 14:00;143,725
30.09. 15:00;99,345
30.09. 16:00;47,2485
30.09. 17:00;6,22255
30.09. 18:00;0,0
30.09. 19:00;0,0
30.09. 20:00;0,0
30.09. 21:00;0,0
30.09. 22:00;0,0
30.09. 23:00;0,0
01.10. 00:00;0,0
01.10. 01:00;0,0
01.10. 02:00;0,0
01.10. 03:00;0,0
01.10. 04:00;0,0
01.10. 05:00;0,0
01.10. 06:00;4,72924
01.10. 07:00;51,0976
01.10. 08:00;101,445
01.10. 09:00;143,383
01.10. 10:00;164,415
01.10. 11:00;179,297
01.10. 12:00;182,686
01.10. 13:00;139,13
01.10. 14:00;126,599
01.10. 15:00;78,886
01.10. 16:00;36,0417
01.10. 17:00;5,29591
01.10. 18:00;0,0
01.10. 19:00;0,0
01.10. 20:00;0,0
01.10. 21:00;0,0
01.10. 22:00;0,0
01.10. 23:00;0,0
02.10. 00:00;0,0
02.10. 01:00;0,0
02.10. 02:00;0,0
02.10. 03:00;0,0
02.10. 04:00;0,0
02.10. 05:00;0,0
02.10. 06:00;0,9984900000000001
02.10. 07:00;38,5439
02.10. 08:00;51,3189
02.10. 09:00;28,1372
02.10. 10:00;20,159399999999998
02.10. 11:00;65,9469
02.10. 12:00;100,265
02.10. 13:00;117,348
02.10. 14:00;122,55499999999999
02.10. 15:00;81,079
02.10. 16:00;36,5196
02.10. 17:00;2,33433
02.10. 18:00;0,0
02.10. 19:00;0,0
02.10. 20:00;0,0
02.10. 21:00;0,0
02.10. 22:00;0,0
02.10. 23:00;0,0
03.10. 00:00;0,0
03.10. 01:00;0,0
03.10. 02:00;0,0
03.10. 03:00;0,0
03.10. 04:00;0,0
03.10. 05:00;0,0
03.10. 06:00;5,66174
03.10. 07:00;53,5322
03.10. 08:00;108,376
03.10. 09:00;154,998
03.10. 10:00;186,481
03.10. 11:00;199,808
03.10. 12:00;196,482
03.10. 13:00;148,917
03.10. 14:00;143,429
03.10. 15:00;92,244
03.10. 16:00;30,735
03.10. 17:00;3,3935
03.10. 18:00;0,0
03.10. 19:00;0,0
03.10. 20:00;0,0
03.10. 21:00;0,0
03.10. 22:00;0,0
03.10. 23:00;0,0
04.10. 00:00;0,0
04.10. 01:00;0,0
04.10. 02:00;0,0
04.10. 03:00;0,0
04.10. 04:00;0,0
04.10. 05:00;0,0
04.10. 06:00;0,87563
04.10. 07:00;19,0079
04.10. 08:00;49,8733
04.10. 09:00;69,83
04.10. 10:00;94,959
04.10. 11:00;182,32500000000002
04.10. 12:00;127,006
04.10. 13:00;52,866
04.10. 14:00;30,8405
04.10. 15:00;10,532
04.10. 16:00;7,3455
04.10. 17:00;0,53477
04.10. 18:00;0,0
04.10. 19:00;0,0
04.10. 20:00;0,0
04.10. 21:00;0,0
04.10. 22:00;0,0
04.10. 23:00;0,0
05.10. 00:00;0,0
05.10. 01:00;0,0
05.10. 02:00;0,0
05.10. 03:00;0,0
05.10. 04:00;0,0
05.10. 05:00;0,0
05.10. 06:00;1,12816
05.10. 07:00;20,171599999999998
05.10. 08:00;46,6842
05.10. 09:00;53,205600000000004
05.10. 10:00;107,7937
05.10. 11:00;120,535
05.10. 12:00;85,756
05.10. 13:00;60,003600000000006
05.10. 14:00;94,264
05.10. 15:00;60,4842
05.10. 16:00;31,2301
05.10. 17:00;1,2805
05.10. 18:00;0,0
05.10. 19:00;0,0
05.10. 20:00;0,0
05.10. 21:00;0,0
05.10. 22:00;0,0
05.10. 23:00;0,0
06.10. 00:00;0,0
06.10. 01:00;0,0
06.10. 02:00;0,0
06.10. 03:00;0,0
06.10. 04:00;0,0
06.10. 05:00;0,0
06.10. 06:00;0,0
06.10. 07:00;3,55627
06.10. 08:00;7,62905
06.10. 09:00;28,2775
06.10. 10:00;39,983000000000004
06.10. 11:00;39,6452
06.10. 12:00;22,0109
06.10. 13:00;19,081400000000002
06.10. 14:00;30,0276
06.10. 15:00;15,0376
06.10. 16:00;17,5918
06.10. 17:00;3,60342
06.10. 18:00;0,0
06.10. 19:00;0,0
06.10. 20:00;0,0
06.10. 21:00;0,0
06.10. 22:00;0,0
06.10. 23:00;0,0
07.10. 00:00;0,0
07.10. 01:00;0,0
07.10. 02:00;0,0
07.10. 03:00;0,0
07.10. 04:00;0,0
07.10. 05:00;0,0
07.10. 06:00;0,22827000000000003
07.10. 07:00;16,56597
07.10. 08:00;31,3536
07.10. 09:00;32,5231
07.10. 10:00;26,8821
07.10. 11:00;25,274900000000002
07.10. 12:00;17,67672
07.10. 13:00;20,331409999999998
07.10. 14:00;17,8604
07.10. 15:00;9,1708
07.10. 16:00;7,2194
07.10. 17:00;0,0
07.10. 18:00;0,0
07.10. 19:00;0,0
07.10. 20:00;0,0
07.10. 21:00;0,0
07.10. 22:00;0,0
07.10. 23:00;0,0
08.10. 00:00;0,0
08.10. 01:00;0,0
08.10. 02:00;0,0
08.10. 03:00;0,0
08.10. 04:00;0,0
08.10. 05:00;0,0
08.10. 06:00;0,03977
08.10. 07:00;11,55864
08.10. 08:00;25,7369
08.10. 09:00;37,5246
08.10. 10:00;23,7764
08.10. 11:00;35,4824
08.10. 12:00;34,1786
08.10. 13:00;26,1204
08.10. 14:00;38,1348
08.10. 15:00;36,8796
08.10. 16:00;14,35228
08.10. 17:00;0,6325999999999999
08.10. 18:00;0,0
08.10. 19:00;0,0
08.10. 20:00;0,0
08.10. 21:00;0,0
08.10. 22:00;0,0
08.10. 23:00;0,0
09.10. 00:00;0,0
09.10. 01:00;0,0
09.10. 02:00;0,0
09.10. 03:00;0,0
09.10. 04:00;0,0
09.10. 05:00;0,0
09.10. 06:00;0,0
09.10. 07:00;14,5522
09.10. 08:00;16,3881
09.10. 09:00;26,268700000000003
09.10. 10:00;30,6681
09.10. 11:00;33,0743
09.10. 12:00;45,137
09.10. 13:00;35,8027
09.10. 14:00;42,608000000000004
09.10. 15:00;25,290399999999998
09.10. 16:00;3,07088
09.10. 17:00;0,1804
09.10. 18:00;0,0
09.10. 19:00;0,0
09.10. 20:00;0,0
09.10. 21:00;0,0
09.10. 22:00;0,0
09.10. 23:00;0,0
10.10. 00:00;0,0
10.10. 01:00;0,0
10.10. 02:00;0,0
10.10. 03:00;0,0
10.10. 04:00;0,0
10.10. 05:00;0,0
10.10. 06:00;0,0
10.10. 07:00;28,9326
10.10. 08:00;39,9829
10.10. 09:00;72,3769
10.10. 10:00;43,6231
10.10. 11:00;35,3785
10.10. 12:00;38,9735
10.10. 13:00;41,7085
10.10. 14:00;38,1006
10.10. 15:00;23,1933
10.10. 16:00;3,96447
10.10. 17:00;0,44643
10.10. 18:00;0,0
10.10. 19:00;0,0
10.10. 20:00;0,0
10.10. 21:00;0,0
10.10. 22:00;0,0
10.10. 23:00;0,0
11.10. 00:00;0,0
11.10. 01:00;0,0
11.10. 02:00;0,0
11.10. 03:00;0,0
11.10. 04:00;0,0
11.10. 05:00;0,0
11.10. 06:00;0,3163
11.10. 07:00;21,56309
11.10. 08:00;58,2314
11.10. 09:00;84,702
11.10. 10:00;73,85900000000001
11.10. 11:00;49,91
11.10. 12:00;64,58099999999999
11.10. 13:00;67,187
11.10. 14:00;57,9047
11.10. 15:00;33,5853
11.10. 16:00;8,11454
11.10. 17:00;0,80938
11.10. 18:00;0,0
11.10. 19:00;0,0
11.10. 20:00;0,0
11.10. 21:00;0,0
11.10. 22:00;0,0
11.10. 23:00;0,0
12.10. 00:00;0,0
12.10. 01:00;0,0
12.10. 02:00;0,0
12.10. 03:00;0,0
12.10. 04:00;0,0
12.10. 05:00;0,0
12.10. 06:00;0,0
12.10. 07:00;15,3943
12.10. 08:00;26,499000000000002
12.10. 09:00;46,1106
12.10. 10:00;138,812
12.10. 11:00;169,909
12.10. 12:00;154,01
12.10. 13:00;92,333
12.10. 14:00;71,368
12.10. 15:00;41,6418
12.10. 16:00;18,602729999999998
12.10. 17:00;0,26983
12.10. 18:00;0,0
12.10. 19:00;0,0
12.10. 20:00;0,0
12.10. 21:00;0,0
12.10. 22:00;0,0
12.10. 23:00;0,0
13.10. 00:00;0,0
13.10. 01:00;0,0
13.10. 02:00;0,0
13.10. 03:00;0,0
13.10. 04:00;0,0
13.10. 05:00;0,0
13.10. 06:00;0,0
13.10. 07:00;21,8475
13.10. 08:00;51,019
13.10. 09:00;112,522
13.10. 10:00;144,311
13.10. 11:00;147,515
13.10. 12:00;112,105
13.10. 13:00;75,722
13.10. 14:00;53,535
13.10. 15:00;28,3794
13.10. 16:00;5,77279
13.10. 17:00;0,0
13.10. 18:00;0,0
13.10. 19:00;0,0
13.10. 20:00;0,0
13.10. 21:00;0,0
13.10. 22:00;0,0
13.10. 23:00;0,0
14.10. 00:00;0,0
14.10. 01:00;0,0
14.10. 02:00;0,0
14.10. 03:00;0,0
14.10. 04:00;0,0
14.10. 05:00;0,0
14.10. 06:00;0,35851
14.10. 07:00;31,21141
14.10. 08:00;80,767
14.10. 09:00;124,45400000000001
14.10. 10:00;154,573
14.10. 11:00;169,737
14.10. 12:00;166,035
14.10. 13:00;123,96199999999999
14.10. 14:00;111,04400000000001
14.10. 15:00;60,0599
14.10. 16:00;14,7212
14.10. 17:00;0,0
14.10. 18:00;0,0
14.10. 19:00;0,0
14.10. 20:00;0,0
14.10. 21:00;0,0
14.10. 22:00;0,0
14.10. 23:00;0,0
15.10. 00:00;0,0
15.10. 01:00;0,0
15.10. 02:00;0,0
15.10. 03:00;0,0
15.10. 04:00;0,0
15.10. 05:00;0,0
15.10. 06:00;0,0
15.10. 07:00;10,8723
15.10. 08:00;41,973
15.10. 09:00;47,4712
15.10. 10:00;33,888999999999996
15.10. 11:00;33,828900000000004
15.10. 12:00;37,7879
15.10. 13:00;30,5569
15.10. 14:00;35,3081
15.10. 15:00;21,6667
15.10. 16:00;4,9018500000000005
15.10. 17:00;0,0
15.10. 18:00;0,0
15.10. 19:00;0,0
15.10. 20:00;0,0
15.10. 21:00;0,0
15.10. 22:00;0,0
15.10. 23:00;0,0
16.10. 00:00;0,0
16.10. 01:00;0,0
16.10. 02:00;0,0
16.10. 03:00;0,0
16.10. 04:00;0,0
16.10. 05:00;0,0
16.10. 06:00;0,0
16.10. 07:00;30,1576
16.10. 08:00;73,7954
16.10. 09:00;123,045
16.10. 10:00;153,252
16.10. 11:00;166,751
16.10. 12:00;159,343
16.10. 13:00;85,05199999999999
16.10. 14:00;57,93
16.10. 15:00;31,732
16.10. 16:00;11,2009
16.10. 17:00;0,0
16.10. 18:00;0,0
16.10. 19:00;0,0
16.10. 20:00;0,0
16.10. 21:00;0,0
16.10. 22:00;0,0
16.10. 23:00;0,0
17.10. 00:00;0,0
17.10. 01:00;0,0
17.10. 02:00;0,0
17.10. 03:00;0,0
17.10. 04:00;0,0
17.10. 05:00;0,0
17.10. 06:00;0,0
17.10. 07:00;20,331
17.10. 08:00;41,434799999999996
17.10. 09:00;88,334
17.10. 10:00;86,031
17.10. 11:00;61,3844
17.10. 12:00;61,249
17.10. 13:00;38,3254
17.10. 14:00;51,4112
17.10. 15:00;48,6942
17.10. 16:00;9,55325
17.10. 17:00;0,0
17.10. 18:00;0,0
17.10. 19:00;0,0
17.10. 20:00;0,0
17.10. 21:00;0,0
17.10. 22:00;0,0
17.10. 23:00;0,0
18.10. 00:00;0,0
18.10. 01:00;0,0
18.10. 02:00;0,0
18.10. 03:00;0,0
18.10. 04:00;0,0
18.10. 05:00;0,0
18.10. 06:00;0,0
18.10. 07:00;9,5189
18.10. 08:00;20,8417
18.10. 09:00;68,654
18.10. 10:00;113,248
18.10. 11:00;140,203
18.10. 12:00;126,876
18.10. 13:00;65,124
18.10. 14:00;59,016
18.10. 15:00;45,1056
18.10. 16:00;7,834440000000001
18.10. 17:00;0,0
18.10. 18:00;0,0
18.10. 19:00;0,0
18.10. 20:00;0,0
18.10. 21:00;0,0
18.10. 22:00;0,0
18.10. 23:00;0,0
19.10. 00:00;0,0
19.10. 01:00;0,0
19.10. 02:00;0,0
19.10. 03:00;0,0
19.10. 04:00;0,0
19.10. 05:00;0,0
19.10. 06:00;0,0
19.10. 07:00;10,9921
19.10. 08:00;24,8776
19.10. 09:00;52,8607
19.10. 10:00;75,229
19.10. 11:00;34,1919
19.10. 12:00;46,255
19.10. 13:00;74,8331
19.10. 14:00;88,611
19.10. 15:00;54,072500000000005
19.10. 16:00;15,492209999999998
19.10. 17:00;0,0
19.10. 18:00;0,0
19.10. 19:00;0,0
19.10. 20:00;0,0
19.10. 21:00;0,0
19.10. 22:00;0,0
19.10. 23:00;0,0
20.10. 00:00;0,0
20.10. 01:00;0,0
20.10. 02:00;0,0
20.10. 03:00;0,0
20.10. 04:00;0,0
20.10. 05:00;0,0
20.10. 06:00;0,0
20.10. 07:00;9,7905
20.10. 08:00;32,2077
20.10. 09:00;56,265
20.10. 10:00;69,344
20.10. 11:00;91,025
20.10. 12:00;106,613
20.10. 13:00;85,546
20.10. 14:00;55,135799999999996
20.10. 15:00;19,640800000000002
20.10. 16:00;8,42922
20.10. 17:00;0,0
20.10. 18:00;0,0
20.10. 19:00;0,0
20.10. 20:00;0,0
20.10. 21:00;0,0
20.10. 22:00;0,0
20.10. 23:00;0,0
21.10. 00:00;0,0
21.10. 01:00;0,0
21.10. 02:00;0,0
21.10. 03:00;0,0
21.10. 04:00;0,0
21.10. 05:00;0,0
21.10. 06:00;0,0
21.10. 07:00;18,6237
21.10. 08:00;68,732
21.10. 09:00;114,78999999999999
21.10. 10:00;143,951
21.10. 11:00;150,028
21.10. 12:00;126,804
21.10. 13:00;108,23599999999999
21.10. 14:00;101,845
21.10. 15:00;47,879999999999995
21.10. 16:00;5,30209
21.10. 17:00;0,0
21.10. 18:00;0,0
21.10. 19:00;0,0
21.10. 20:00;0,0
21.10. 21:00;0,0
21.10. 22:00;0,0
21.10. 23:00;0,0
22.10. 00:00;0,0
22.10. 01:00;0,0
22.10. 02:00;0,0
22.10. 03:00;0,0
22.10. 04:00;0,0
22.10. 05:00;0,0
22.10. 06:00;0,0
22.10. 07:00;22,596899999999998
22.10. 08:00;60,47
22.10. 09:00;107,03200000000001
22.10. 10:00;143,236
22.10. 11:00;156,339
22.10. 12:00;152,175
22.10. 13:00;113,18799999999999
22.10. 14:00;97,254
22.10. 15:00;44,5577
22.10. 16:00;5,16917
22.10. 17:00;0,0
22.10. 18:00;0,0
22.10. 19:00;0,0
22.10. 20:00;0,0
22.10. 21:00;0,0
22.10. 22:00;0,0
22.10. 23:00;0,0
23.10. 00:00;0,0
23.10. 01:00;0,0
23.10. 02:00;0,0
23.10. 03:00;0,0
23.10. 04:00;0,0
23.10. 05:00;0,0
23.10. 06:00;0,0
23.10. 07:00;20,2366
23.10. 08:00;66,3793
23.10. 09:00;110,576
23.10. 10:00;139,29899999999998
23.10. 11:00;150,297
23.10. 12:00;146,983
23.10. 13:00;111,411
23.10. 14:00;95,125
23.10. 15:00;46,2393
23.10. 16:00;7,871630000000001
23.10. 17:00;0,0
23.10. 18:00;0,0
23.10. 19:00;0,0
23.10. 20:00;0,0
23.10. 21:00;0,0
23.10. 22:00;0,0
23.10. 23:00;0,0
24.10. 00:00;0,0
24.10. 01:00;0,0
24.10. 02:00;0,0
24.10. 03:00;0,0
24.10. 04:00;0,0
24.10. 05:00;0,0
24.10. 06:00;0,0
24.10. 07:00;7,298299999999999
24.10. 08:00;27,613799999999998
24.10. 09:00;81,41
24.10. 10:00;110,908
24.10. 11:00;61,4323
24.10. 12:00;64,8528
24.10. 13:00;67,083
24.10. 14:00;40,8065
24.10. 15:00;30,2153
24.10. 16:00;5,39011
24.10. 17:00;0,0
24.10. 18:00;0,0
24.10. 19:00;0,0
24.10. 20:00;0,0
24.10. 21:00;0,0
24.10. 22:00;0,0
24.10. 23:00;0,0
25.10. 00:00;0,0
25.10. 01:00;0,0
25.10. 02:00;0,0
25.10. 03:00;0,0
25.10. 04:00;0,0
25.10. 05:00;0,0
25.10. 06:00;0,0
25.10. 07:00;3,2305599999999997
25.10. 08:00;33,8223
25.10. 09:00;54,861
25.10. 10:00;47,162
25.10. 11:00;28,7302
25.10. 12:00;41,1139
25.10. 13:00;32,2872
25.10. 14:00;21,1274
25.10. 15:00;6,1001
25.10. 16:00;0,3922
25.10. 17:00;0,0
25.10. 18:00;0,0
25.10. 19:00;0,0
25.10. 20:00;0,0
25.10. 21:00;0,0
25.10. 22:00;0,0
25.10. 23:00;0,0
26.10. 00:00;0,0
26.10. 01:00;0,0
26.10. 02:00;0,0
26.10. 03:00;0,0
26.10. 04:00;0,0
26.10. 05:00;0,0
26.10. 06:00;0,0
26.10. 07:00;0,32789
26.10. 08:00;29,1018
26.10. 09:00;48,304
26.10. 10:00;36,7838
26.10. 11:00;42,7463
26.10. 12:00;23,0387
26.10. 13:00;73,557
26.10. 14:00;16,32706
26.10. 15:00;3,8258900000000002
26.10. 16:00;1,1686400000000001
26.10. 17:00;0,0
26.10. 18:00;0,0
26.10. 19:00;0,0
26.10. 20:00;0,0
26.10. 21:00;0,0
26.10. 22:00;0,0
26.10. 23:00;0,0
27.10. 00:00;0,0
27.10. 01:00;0,0
27.10. 02:00;0,0
27.10. 03:00;0,0
27.10. 04:00;0,0
27.10. 05:00;0,0
27.10. 06:00;0,0
27.10. 07:00;9,0729
27.10. 08:00;34,7539
27.10. 09:00;48,832
27.10. 10:00;80,49600000000001
27.10. 11:00;100,372
27.10. 12:00;55,858900000000006
27.10. 13:00;35,6385
27.10. 14:00;26,4066
27.10. 15:00;9,37677
27.10. 16:00;0,93774
27.10. 17:00;0,0
27.10. 18:00;0,0
27.10. 19:00;0,0
27.10. 20:00;0,0
27.10. 21:00;0,0
27.10. 22:00;0,0
27.10. 23:00;0,0
28.10. 00:00;0,0
28.10. 01:00;0,0
28.10. 02:00;0,0
28.10. 03:00;0,0
28.10. 04:00;0,0
28.10. 05:00;0,0
28.10. 06:00;0,0
28.10. 07:00;3,54944
28.10. 08:00;15,149799999999999
28.10. 09:00;23,293
28.10. 10:00;20,432299999999998
28.10. 11:00;28,4222
28.10. 12:00;34,736
28.10. 13:00;18,6578
28.10. 14:00;22,3331
28.10. 15:00;13,418800000000001
28.10. 16:00;0,6347
28.10. 17:00;0,0
28.10. 18:00;0,0
28.10. 19:00;0,0
28.10. 20:00;0,0
28.10. 21:00;0,0
28.10. 22:00;0,0
28.10. 23:00;0,0
29.10. 00:00;0,0
29.10. 01:00;0,0
29.10. 02:00;0,0
29.10. 03:00;0,0
29.10. 04:00;0,0
29.10. 05:00;0,0
29.10. 06:00;0,0
29.10. 07:00;0,34257000000000004
29.10. 08:00;36,50386
29.10. 09:00;38,6798
29.10. 10:00;93,378
29.10. 11:00;115,445
29.10. 12:00;87,14099999999999
29.10. 13:00;89,97
29.10. 14:00;74,249
29.10. 15:00;32,0933
29.10. 16:00;1,95927
29.10. 17:00;0,0
29.10. 18:00;0,0
29.10. 19:00;0,0
29.10. 20:00;0,0
29.10. 21:00;0,0
29.10. 22:00;0,0
29.10. 23:00;0,0
30.10. 00:00;0,0
30.10. 01:00;0,0
30.10. 02:00;0,0
30.10. 03:00;0,0
30.10. 04:00;0,0
30.10. 05:00;0,0
30.10. 06:00;0,0
30.10. 07:00;0,5816600000000001
30.10. 08:00;8,31298
30.10. 09:00;30,3519
30.10. 10:00;40,7667
30.10. 11:00;31,146900000000002
30.10. 12:00;31,4564
30.10. 13:00;51,7335
30.10. 14:00;36,534800000000004
30.10. 15:00;8,8825
30.10. 16:00;0,41302
30.10. 17:00;0,0
30.10. 18:00;0,0
30.10. 19:00;0,0
30.10. 20:00;0,0
30.10. 21:00;0,0
30.10. 22:00;0,0
30.10. 23:00;0,0
31.10. 00:00;0,0
31.10. 01:00;0,0
31.10. 02:00;0,0
31.10. 03:00;0,0
31.10. 04:00;0,0
31.10. 05:00;0,0
31.10. 06:00;0,0
31.10. 07:00;0,42285000000000006
31.10. 08:00;5,02986
31.10. 09:00;20,795099999999998
31.10. 10:00;18,6481
31.10. 11:00;25,5061
31.10. 12:00;20,0165
31.10. 13:00;17,1065
31.10. 14:00;10,25654
31.10. 15:00;3,80146
31.10. 16:00;0,11876
31.10. 17:00;0,0
31.10. 18:00;0,0
31.10. 19:00;0,0
31.10. 20:00;0,0
31.10. 21:00;0,0
31.10. 22:00;0,0
31.10. 23:00;0,0
01.11. 00:00;0,0
01.11. 01:00;0,0
01.11. 02:00;0,0
01.11. 03:00;0,0
01.11. 04:00;0,0
01.11. 05:00;0,0
01.11. 06:00;0,0
01.11. 07:00;4,03334
01.11. 08:00;8,5473
01.11. 09:00;24,5319
01.11. 10:00;26,0934
01.11. 11:00;53,794
01.11. 12:00;39,9469
01.11. 13:00;25,8309
01.11. 14:00;31,6005
01.11. 15:00;25,0422
01.11. 16:00;0,0
01.11. 17:00;0,0
01.11. 18:00;0,0
01.11. 19:00;0,0
01.11. 20:00;0,0
01.11. 21:00;0,0
01.11. 22:00;0,0
01.11. 23:00;0,0
02.11. 00:00;0,0
02.11. 01:00;0,0
02.11. 02:00;0,0
02.11. 03:00;0,0
02.11. 04:00;0,0
02.11. 05:00;0,0
02.11. 06:00;0,0
02.11. 07:00;13,80415
02.11. 08:00;55,087999999999994
02.11. 09:00;102,047
02.11. 10:00;134,203
02.11. 11:00;147,20600000000002
02.11. 12:00;142,13
02.11. 13:00;115,57900000000001
02.11. 14:00;67,41499999999999
02.11. 15:00;24,5
02.11. 16:00;0,0
02.11. 17:00;0,0
02.11. 18:00;0,0
02.11. 19:00;0,0
02.11. 20:00;0,0
02.11. 21:00;0,0
02.11. 22:00;0,0
02.11. 23:00;0,0
03.11. 00:00;0,0
03.11. 01:00;0,0
03.11. 02:00;0,0
03.11. 03:00;0,0
03.11. 04:00;0,0
03.11. 05:00;0,0
03.11. 06:00;0,0
03.11. 07:00;13,18616
03.11. 08:00;52,894999999999996
03.11. 09:00;100,068
03.11. 10:00;128,7
03.11. 11:00;137,987
03.11. 12:00;125,298
03.11. 13:00;98,142
03.11. 14:00;75,87100000000001
03.11. 15:00;30,9873
03.11. 16:00;0,0
03.11. 17:00;0,0
03.11. 18:00;0,0
03.11. 19:00;0,0
03.11. 20:00;0,0
03.11. 21:00;0,0
03.11. 22:00;0,0
03.11. 23:00;0,0
04.11. 00:00;0,0
04.11. 01:00;0,0
04.11. 02:00;0,0
04.11. 03:00;0,0
04.11. 04:00;0,0
04.11. 05:00;0,0
04.11. 06:00;0,0
04.11. 07:00;3,0775699999999997
04.11. 08:00;15,2325
04.11. 09:00;19,7643
04.11. 10:00;28,619
04.11. 11:00;44,711
04.11. 12:00;53,079
04.11. 13:00;33,5953
04.11. 14:00;12,2331
04.11. 15:00;7,224600000000001
04.11. 16:00;0,0
04.11. 17:00;0,0
04.11. 18:00;0,0
04.11. 19:00;0,0
04.11. 20:00;0,0
04.11. 21:00;0,0
04.11. 22:00;0,0
04.11. 23:00;0,0
05.11. 00:00;0,0
05.11. 01:00;0,0
05.11. 02:00;0,0
05.11. 03:00;0,0
05.11. 04:00;0,0
05.11. 05:00;0,0
05.11. 06:00;0,0
05.11. 07:00;0,20287
05.11. 08:00;3,29106
05.11. 09:00;9,7519
05.11. 10:00;16,4429
05.11. 11:00;20,982499999999998
05.11. 12:00;18,496699999999997
05.11. 13:00;19,971799999999998
05.11. 14:00;17,270400000000002
05.11. 15:00;3,58565
05.11. 16:00;0,0
05.11. 17:00;0,0
05.11. 18:00;0,0
05.11. 19:00;0,0
05.11. 20:00;0,0
05.11. 21:00;0,0
05.11. 22:00;0,0
05.11. 23:00;0,0
06.11. 00:00;0,0
06.11. 01:00;0,0
06.11. 02:00;0,0
06.11. 03:00;0,0
06.11. 04:00;0,0
06.11. 05:00;0,0
06.11. 06:00;0,0
06.11. 07:00;1,62204
06.11. 08:00;9,2943
06.11. 09:00;31,2883
06.11. 10:00;48,04
06.11. 11:00;45,0799
06.11. 12:00;58,658
06.11. 13:00;31,822000000000003
06.11. 14:00;24,7063
06.11. 15:00;10,104299999999999
06.11. 16:00;0,0
06.11. 17:00;0,0
06.11. 18:00;0,0
06.11. 19:00;0,0
06.11. 20:00;0,0
06.11. 21:00;0,0
06.11. 22:00;0,0
06.11. 23:00;0,0
07.11. 00:00;0,0
07.11. 01:00;0,0
07.11. 02:00;0,0
07.11. 03:00;0,0
07.11. 04:00;0,0
07.11. 05:00;0,0
07.11. 06:00;0,0
07.11. 07:00;0,58499
07.11. 08:00;13,677700000000002
07.11. 09:00;22,9543
07.11. 10:00;25,3753
07.11. 11:00;33,7579
07.11. 12:00;37,7542
07.11. 13:00;55,7491
07.11. 14:00;51,2064
07.11. 15:00;20,639
07.11. 16:00;0,0
07.11. 17:00;0,0
07.11. 18:00;0,0
07.11. 19:00;0,0
07.11. 20:00;0,0
07.11. 21:00;0,0
07.11. 22:00;0,0
07.11. 23:00;0,0
08.11. 00:00;0,0
08.11. 01:00;0,0
08.11. 02:00;0,0
08.11. 03:00;0,0
08.11. 04:00;0,0
08.11. 05:00;0,0
08.11. 06:00;0,0
08.11. 07:00;6,62
08.11. 08:00;44,4786
08.11. 09:00;81,30199999999999
08.11. 10:00;106,119
08.11. 11:00;122,75
08.11. 12:00;126,163
08.11. 13:00;103,996
08.11. 14:00;68,286
08.11. 15:00;24,2777
08.11. 16:00;0,0
08.11. 17:00;0,0
08.11. 18:00;0,0
08.11. 19:00;0,0
08.11. 20:00;0,0
08.11. 21:00;0,0
08.11. 22:00;0,0
08.11. 23:00;0,0
09.11. 00:00;0,0
09.11. 01:00;0,0
09.11. 02:00;0,0
09.11. 03:00;0,0
09.11. 04:00;0,0
09.11. 05:00;0,0
09.11. 06:00;0,0
09.11. 07:00;4,85238
09.11. 08:00;33,5162
09.11. 09:00;54,3449
09.11. 10:00;42,6087
09.11. 11:00;38,5601
09.11. 12:00;35,382400000000004
09.11. 13:00;44,2796
09.11. 14:00;28,9685
09.11. 15:00;19,4781
09.11. 16:00;0,0
09.11. 17:00;0,0
09.11. 18:00;0,0
09.11. 19:00;0,0
09.11. 20:00;0,0
09.11. 21:00;0,0
09.11. 22:00;0,0
09.11. 23:00;0,0
10.11. 00:00;0,0
10.11. 01:00;0,0
10.11. 02:00;0,0
10.11. 03:00;0,0
10.11. 04:00;0,0
10.11. 05:00;0,0
10.11. 06:00;0,0
10.11. 07:00;2,17786
10.11. 08:00;32,7244
10.11. 09:00;70,916
10.11. 10:00;109,979
10.11. 11:00;118,88499999999999
10.11. 12:00;111,554
10.11. 13:00;81,923
10.11. 14:00;45,814800000000005
10.11. 15:00;16,2012
10.11. 16:00;0,0
10.11. 17:00;0,0
10.11. 18:00;0,0
10.11. 19:00;0,0
10.11. 20:00;0,0
10.11. 21:00;0,0
10.11. 22:00;0,0
10.11. 23:00;0,0
11.11. 00:00;0,0
11.11. 01:00;0,0
11.11. 02:00;0,0
11.11. 03:00;0,0
11.11. 04:00;0,0
11.11. 05:00;0,0
11.11. 06:00;0,0
11.11. 07:00;0,98844
11.11. 08:00;5,36327
11.11. 09:00;11,5311
11.11. 10:00;15,6283
11.11. 11:00;15,4166
11.11. 12:00;17,922
11.11. 13:00;8,2035
11.11. 14:00;6,0798000000000005
11.11. 15:00;6,41212
11.11. 16:00;0,0
11.11. 17:00;0,0
11.11. 18:00;0,0
11.11. 19:00;0,0
11.11. 20:00;0,0
11.11. 21:00;0,0
11.11. 22:00;0,0
11.11. 23:00;0,0
12.11. 00:00;0,0
12.11. 01:00;0,0
12.11. 02:00;0,0
12.11. 03:00;0,0
12.11. 04:00;0,0
12.11. 05:00;0,0
12.11. 06:00;0,0
12.11. 07:00;0,43928999999999996
12.11. 08:00;14,29121
12.11. 09:00;31,7292
12.11. 10:00;24,6479
12.11. 11:00;33,7288
12.11. 12:00;39,372
12.11. 13:00;28,8304
12.11. 14:00;10,9832
12.11. 15:00;7,4599
12.11. 16:00;0,0
12.11. 17:00;0,0
12.11. 18:00;0,0
12.11. 19:00;0,0
12.11. 20:00;0,0
12.11. 21:00;0,0
12.11. 22:00;0,0
12.11. 23:00;0,0
13.11. 00:00;0,0
13.11. 01:00;0,0
13.11. 02:00;0,0
13.11. 03:00;0,0
13.11. 04:00;0,0
13.11. 05:00;0,0
13.11. 06:00;0,0
13.11. 07:00;2,51571
13.11. 08:00;16,1699
13.11. 09:00;21,6222
13.11. 10:00;14,5537
13.11. 11:00;17,339100000000002
13.11. 12:00;14,952
13.11. 13:00;12,8213
13.11. 14:00;9,7869
13.11. 15:00;4,17718
13.11. 16:00;0,0
13.11. 17:00;0,0
13.11. 18:00;0,0
13.11. 19:00;0,0
13.11. 20:00;0,0
13.11. 21:00;0,0
13.11. 22:00;0,0
13.11. 23:00;0,0
14.11. 00:00;0,0
14.11. 01:00;0,0
14.11. 02:00;0,0
14.11. 03:00;0,0
14.11. 04:00;0,0
14.11. 05:00;0,0
14.11. 06:00;0,0
14.11. 07:00;0,2254
14.11. 08:00;20,7027
14.11. 09:00;52,412
14.11. 10:00;43,2853
14.11. 11:00;50,1046
14.11. 12:00;31,5754
14.11. 13:00;12,9735
14.11. 14:00;10,4635
14.11. 15:00;5,59092
14.11. 16:00;0,0
14.11. 17:00;0,0
14.11. 18:00;0,0
14.11. 19:00;0,0
14.11. 20:00;0,0
14.11. 21:00;0,0
14.11. 22:00;0,0
14.11. 23:00;0,0
15.11. 00:00;0,0
15.11. 01:00;0,0
15.11. 02:00;0,0
15.11. 03:00;0,0
15.11. 04:00;0,0
15.11. 05:00;0,0
15.11. 06:00;0,0
15.11. 07:00;2,9428
15.11. 08:00;35,1986
15.11. 09:00;68,06869999999999
15.11. 10:00;49,1265
15.11. 11:00;69,6146
15.11. 12:00;82,305
15.11. 13:00;66,209
15.11. 14:00;55,88
15.11. 15:00;12,70977
15.11. 16:00;0,0
15.11. 17:00;0,0
15.11. 18:00;0,0
15.11. 19:00;0,0
15.11. 20:00;0,0
15.11. 21:00;0,0
15.11. 22:00;0,0
15.11. 23:00;0,0
16.11. 00:00;0,0
16.11. 01:00;0,0
16.11. 02:00;0,0
16.11. 03:00;0,0
16.11. 04:00;0,0
16.11. 05:00;0,0
16.11. 06:00;0,0
16.11. 07:00;2,0349399999999997
16.11. 08:00;28,2071
16.11. 09:00;68,434
16.11. 10:00;94,239
16.11. 11:00;103,704
16.11. 12:00;106,045
16.11. 13:00;84,836
16.11. 14:00;52,604
16.11. 15:00;16,0566
16.11. 16:00;0,0
16.11. 17:00;0,0
16.11. 18:00;0,0
16.11. 19:00;0,0
16.11. 20:00;0,0
16.11. 21:00;0,0
16.11. 22:00;0,0
16.11. 23:00;0,0
17.11. 00:00;0,0
17.11. 01:00;0,0
17.11. 02:00;0,0
17.11. 03:00;0,0
17.11. 04:00;0,0
17.11. 05:00;0,0
17.11. 06:00;0,0
17.11. 07:00;1,49471
17.11. 08:00;21,7093
17.11. 09:00;36,3176
17.11. 10:00;30,9766
17.11. 11:00;42,8624
17.11. 12:00;75,861
17.11. 13:00;53,5921
17.11. 14:00;33,5476
17.11. 15:00;6,31315
17.11. 16:00;0,0
17.11. 17:00;0,0
17.11. 18:00;0,0
17.11. 19:00;0,0
17.11. 20:00;0,0
17.11. 21:00;0,0
17.11. 22:00;0,0
17.11. 23:00;0,0
18.11. 00:00;0,0
18.11. 01:00;0,0
18.11. 02:00;0,0
18.11. 03:00;0,0
18.11. 04:00;0,0
18.11. 05:00;0,0
18.11. 06:00;0,0
18.11. 07:00;0,13004
18.11. 08:00;9,17447
18.11. 09:00;13,3964
18.11. 10:00;36,4824
18.11. 11:00;36,4447
18.11. 12:00;62,18169999999999
18.11. 13:00;57,066
18.11. 14:00;27,6627
18.11. 15:00;3,13293
18.11. 16:00;0,0
18.11. 17:00;0,0
18.11. 18:00;0,0
18.11. 19:00;0,0
18.11. 20:00;0,0
18.11. 21:00;0,0
18.11. 22:00;0,0
18.11. 23:00;0,0
19.11. 00:00;0,0
19.11. 01:00;0,0
19.11. 02:00;0,0
19.11. 03:00;0,0
19.11. 04:00;0,0
19.11. 05:00;0,0
19.11. 06:00;0,0
19.11. 07:00;0,0
19.11. 08:00;12,686900000000001
19.11. 09:00;43,0934
19.11. 10:00;50,349000000000004
19.11. 11:00;64,98400000000001
19.11. 12:00;51,4848
19.11. 13:00;36,8319
19.11. 14:00;26,4121
19.11. 15:00;4,60428
19.11. 16:00;0,0
19.11. 17:00;0,0
19.11. 18:00;0,0
19.11. 19:00;0,0
19.11. 20:00;0,0
19.11. 21:00;0,0
19.11. 22:00;0,0
19.11. 23:00;0,0
20.11. 00:00;0,0
20.11. 01:00;0,0
20.11. 02:00;0,0
20.11. 03:00;0,0
20.11. 04:00;0,0
20.11. 05:00;0,0
20.11. 06:00;0,0
20.11. 07:00;0,0
20.11. 08:00;7,15423
20.11. 09:00;22,620199999999997
20.11. 10:00;51,18
20.11. 11:00;101,643
20.11. 12:00;96,064
20.11. 13:00;74,293
20.11. 14:00;32,210499999999996
20.11. 15:00;4,25941
20.11. 16:00;0,0
20.11. 17:00;0,0
20.11. 18:00;0,0
20.11. 19:00;0,0
20.11. 20:00;0,0
20.11. 21:00;0,0
20.11. 22:00;0,0
20.11. 23:00;0,0
21.11. 00:00;0,0
21.11. 01:00;0,0
21.11. 02:00;0,0
21.11. 03:00;0,0
21.11. 04:00;0,0
21.11. 05:00;0,0
21.11. 06:00;0,0
21.11. 07:00;0,0
21.11. 08:00;9,613
21.11. 09:00;18,5536
21.11. 10:00;37,3048
21.11. 11:00;27,0835
21.11. 12:00;13,5775
21.11. 13:00;10,9879
21.11. 14:00;14,009900000000002
21.11. 15:00;0,18968
21.11. 16:00;0,0
21.11. 17:00;0,0
21.11. 18:00;0,0
21.11. 19:00;0,0
21.11. 20:00;0,0
21.11. 21:00;0,0
21.11. 22:00;0,0
21.11. 23:00;0,0
22.11. 00:00;0,0
22.11. 01:00;0,0
22.11. 02:00;0,0
22.11. 03:00;0,0
22.11. 04:00;0,0
22.11. 05:00;0,0
22.11. 06:00;0,0
22.11. 07:00;0,68261
22.11. 08:00;13,4162
22.11. 09:00;46,451
22.11. 10:00;76,946
22.11. 11:00;71,913
22.11. 12:00;67,535
22.11. 13:00;58,23779999999999
22.11. 14:00;42,2787
22.11. 15:00;6,2113499999999995
22.11. 16:00;0,0
22.11. 17:00;0,0
22.11. 18:00;0,0
22.11. 19:00;0,0
22.11. 20:00;0,0
22.11. 21:00;0,0
22.11. 22:00;0,0
22.11. 23:00;0,0
23.11. 00:00;0,0
23.11. 01:00;0,0
23.11. 02:00;0,0
23.11. 03:00;0,0
23.11. 04:00;0,0
23.11. 05:00;0,0
23.11. 06:00;0,0
23.11. 07:00;0,0
23.11. 08:00;3,24409
23.11. 09:00;21,5985
23.11. 10:00;32,6624
23.11. 11:00;38,6458
23.11. 12:00;32,0402
23.11. 13:00;17,4864
23.11. 14:00;12,319700000000001
23.11. 15:00;1,40215
23.11. 16:00;0,0
23.11. 17:00;0,0
23.11. 18:00;0,0
23.11. 19:00;0,0
23.11. 20:00;0,0
23.11. 21:00;0,0
23.11. 22:00;0,0
23.11. 23:00;0,0
24.11. 00:00;0,0
24.11. 01:00;0,0
24.11. 02:00;0,0
24.11. 03:00;0,0
24.11. 04:00;0,0
24.11. 05:00;0,0
24.11. 06:00;0,0
24.11. 07:00;0,0
24.11. 08:00;16,9376
24.11. 09:00;55,9713
24.11. 10:00;84,464
24.11. 11:00;96,076
24.11. 12:00;90,803
24.11. 13:00;67,538
24.11. 14:00;38,1071
24.11. 15:00;5,5587100000000005
24.11. 16:00;0,0
24.11. 17:00;0,0
24.11. 18:00;0,0
24.11. 19:00;0,0
24.11. 20:00;0,0
24.11. 21:00;0,0
24.11. 22:00;0,0
24.11. 23:00;0,0
25.11. 00:00;0,0
25.11. 01:00;0,0
25.11. 02:00;0,0
25.11. 03:00;0,0
25.11. 04:00;0,0
25.11. 05:00;0,0
25.11. 06:00;0,0
25.11. 07:00;0,0
25.11. 08:00;7,8086
25.11. 09:00;26,1745
25.11. 10:00;37,0166
25.11. 11:00;32,8668
25.11. 12:00;23,643300000000004
25.11. 13:00;19,6118
25.11. 14:00;8,4161
25.11. 15:00;0,16392
25.11. 16:00;0,0
25.11. 17:00;0,0
25.11. 18:00;0,0
25.11. 19:00;0,0
25.11. 20:00;0,0
25.11. 21:00;0,0
25.11. 22:00;0,0
25.11. 23:00;0,0
26.11. 00:00;0,0
26.11. 01:00;0,0
26.11. 02:00;0,0
26.11. 03:00;0,0
26.11. 04:00;0,0
26.11. 05:00;0,0
26.11. 06:00;0,0
26.11. 07:00;0,0
26.11. 08:00;10,61978
26.11. 09:00;45,531
26.11. 10:00;44,8185
26.11. 11:00;49,905
26.11. 12:00;38,283
26.11. 13:00;30,2945
26.11. 14:00;5,24822
26.11. 15:00;1,7419
26.11. 16:00;0,0
26.11. 17:00;0,0
26.11. 18:00;0,0
26.11. 19:00;0,0
26.11. 20:00;0,0
26.11. 21:00;0,0
26.11. 22:00;0,0
26.11. 23:00;0,0
27.11. 00:00;0,0
27.11. 01:00;0,0
27.11. 02:00;0,0
27.11. 03:00;0,0
27.11. 04:00;0,0
27.11. 05:00;0,0
27.11. 06:00;0,0
27.11. 07:00;0,0
27.11. 08:00;6,25382
27.11. 09:00;27,9902
27.11. 10:00;64,464
27.11. 11:00;91,217
27.11. 12:00;83,85
27.11. 13:00;63,274
27.11. 14:00;35,8252
27.11. 15:00;3,58262
27.11. 16:00;0,0
27.11. 17:00;0,0
27.11. 18:00;0,0
27.11. 19:00;0,0
27.11. 20:00;0,0
27.11. 21:00;0,0
27.11. 22:00;0,0
27.11. 23:00;0,0
28.11. 00:00;0,0
28.11. 01:00;0,0
28.11. 02:00;0,0
28.11. 03:00;0,0
28.11. 04:00;0,0
28.11. 05:00;0,0
28.11. 06:00;0,0
28.11. 07:00;0,0
28.11. 08:00;10,73434
28.11. 09:00;47,447
28.11. 10:00;77,975
28.11. 11:00;92,804
28.11. 12:00;92,89699999999999
28.11. 13:00;76,08500000000001
28.11. 14:00;38,2529
28.11. 15:00;3,24226
28.11. 16:00;0,0
28.11. 17:00;0,0
28.11. 18:00;0,0
28.11. 19:00;0,0
28.11. 20:00;0,0
28.11. 21:00;0,0
28.11. 22:00;0,0
28.11. 23:00;0,0
29.11. 00:00;0,0
29.11. 01:00;0,0
29.11. 02:00;0,0
29.11. 03:00;0,0
29.11. 04:00;0,0
29.11. 05:00;0,0
29.11. 06:00;0,0
29.11. 07:00;0,0
29.11. 08:00;2,35377
29.11. 09:00;31,469099999999997
29.11. 10:00;25,4403
29.11. 11:00;11,0206
29.11. 12:00;7,9988
29.11. 13:00;12,301
29.11. 14:00;9,2838
29.11. 15:00;0,0
29.11. 16:00;0,0
29.11. 17:00;0,0
29.11. 18:00;0,0
29.11. 19:00;0,0
29.11. 20:00;0,0
29.11. 21:00;0,0
29.11. 22:00;0,0
29.11. 23:00;0,0
30.11. 00:00;0,0
30.11. 01:00;0,0
30.11. 02:00;0,0
30.11. 03:00;0,0
30.11. 04:00;0,0
30.11. 05:00;0,0
30.11. 06:00;0,0
30.11. 07:00;0,0
30.11. 08:00;10,10396
30.11. 09:00;46,385999999999996
30.11. 10:00;76,301
30.11. 11:00;87,667
30.11. 12:00;87,657
30.11. 13:00;65,95599999999999
30.11. 14:00;31,084
30.11. 15:00;3,03979
30.11. 16:00;0,0
30.11. 17:00;0,0
30.11. 18:00;0,0
30.11. 19:00;0,0
30.11. 20:00;0,0
30.11. 21:00;0,0
30.11. 22:00;0,0
30.11. 23:00;0,0
01.12. 00:00;0,0
01.12. 01:00;0,0
01.12. 02:00;0,0
01.12. 03:00;0,0
01.12. 04:00;0,0
01.12. 05:00;0,0
01.12. 06:00;0,0
01.12. 07:00;0,0
01.12. 08:00;7,09493
01.12. 09:00;43,322500000000005
01.12. 10:00;61,178
01.12. 11:00;63,179
01.12. 12:00;80,224
01.12. 13:00;72,347
01.12. 14:00;43,9617
01.12. 15:00;9,117429999999999
01.12. 16:00;0,0
01.12. 17:00;0,0
01.12. 18:00;0,0
01.12. 19:00;0,0
01.12. 20:00;0,0
01.12. 21:00;0,0
01.12. 22:00;0,0
01.12. 23:00;0,0
02.12. 00:00;0,0
02.12. 01:00;0,0
02.12. 02:00;0,0
02.12. 03:00;0,0
02.12. 04:00;0,0
02.12. 05:00;0,0
02.12. 06:00;0,0
02.12. 07:00;0,0
02.12. 08:00;1,99005
02.12. 09:00;11,219899999999999
02.12. 10:00;7,1457
02.12. 11:00;7,4673
02.12. 12:00;7,4938
02.12. 13:00;6,7397
02.12. 14:00;3,6405
02.12. 15:00;0,55549
02.12. 16:00;0,0
02.12. 17:00;0,0
02.12. 18:00;0,0
02.12. 19:00;0,0
02.12. 20:00;0,0
02.12. 21:00;0,0
02.12. 22:00;0,0
02.12. 23:00;0,0
03.12. 00:00;0,0
03.12. 01:00;0,0
03.12. 02:00;0,0
03.12. 03:00;0,0
03.12. 04:00;0,0
03.12. 05:00;0,0
03.12. 06:00;0,0
03.12. 07:00;0,0
03.12. 08:00;3,23346
03.12. 09:00;21,0071
03.12. 10:00;23,552599999999998
03.12. 11:00;23,5458
03.12. 12:00;21,756800000000002
03.12. 13:00;17,3615
03.12. 14:00;13,2029
03.12. 15:00;3,2197299999999998
03.12. 16:00;0,0
03.12. 17:00;0,0
03.12. 18:00;0,0
03.12. 19:00;0,0
03.12. 20:00;0,0
03.12. 21:00;0,0
03.12. 22:00;0,0
03.12. 23:00;0,0
04.12. 00:00;0,0
04.12. 01:00;0,0
04.12. 02:00;0,0
04.12. 03:00;0,0
04.12. 04:00;0,0
04.12. 05:00;0,0
04.12. 06:00;0,0
04.12. 07:00;0,0
04.12. 08:00;3,4596799999999996
04.12. 09:00;16,192
04.12. 10:00;9,863240000000001
04.12. 11:00;12,444890000000001
04.12. 12:00;14,8955
04.12. 13:00;14,5786
04.12. 14:00;6,4736
04.12. 15:00;0,45514
04.12. 16:00;0,0
04.12. 17:00;0,0
04.12. 18:00;0,0
04.12. 19:00;0,0
04.12. 20:00;0,0
04.12. 21:00;0,0
04.12. 22:00;0,0
04.12. 23:00;0,0
05.12. 00:00;0,0
05.12. 01:00;0,0
05.12. 02:00;0,0
05.12. 03:00;0,0
05.12. 04:00;0,0
05.12. 05:00;0,0
05.12. 06:00;0,0
05.12. 07:00;0,0
05.12. 08:00;6,82826
05.12. 09:00;35,2652
05.12. 10:00;50,9865
05.12. 11:00;90,991
05.12. 12:00;90,065
05.12. 13:00;63,512
05.12. 14:00;30,3689
05.12. 15:00;4,00146
05.12. 16:00;0,0
05.12. 17:00;0,0
05.12. 18:00;0,0
05.12. 19:00;0,0
05.12. 20:00;0,0
05.12. 21:00;0,0
05.12. 22:00;0,0
05.12. 23:00;0,0
06.12. 00:00;0,0
06.12. 01:00;0,0
06.12. 02:00;0,0
06.12. 03:00;0,0
06.12. 04:00;0,0
06.12. 05:00;0,0
06.12. 06:00;0,0
06.12. 07:00;0,0
06.12. 08:00;0,97939
06.12. 09:00;16,0361
06.12. 10:00;47,699600000000004
06.12. 11:00;55,91330000000001
06.12. 12:00;34,676500000000004
06.12. 13:00;19,0344
06.12. 14:00;17,1748
06.12. 15:00;2,30517
06.12. 16:00;0,0
06.12. 17:00;0,0
06.12. 18:00;0,0
06.12. 19:00;0,0
06.12. 20:00;0,0
06.12. 21:00;0,0
06.12. 22:00;0,0
06.12. 23:00;0,0
07.12. 00:00;0,0
07.12. 01:00;0,0
07.12. 02:00;0,0
07.12. 03:00;0,0
07.12. 04:00;0,0
07.12. 05:00;0,0
07.12. 06:00;0,0
07.12. 07:00;0,0
07.12. 08:00;2,83251
07.12. 09:00;24,2079
07.12. 10:00;20,604599999999998
07.12. 11:00;13,2829
07.12. 12:00;8,5025
07.12. 13:00;6,0403400000000005
07.12. 14:00;2,09281
07.12. 15:00;0,07041
07.12. 16:00;0,0
07.12. 17:00;0,0
07.12. 18:00;0,0
07.12. 19:00;0,0
07.12. 20:00;0,0
07.12. 21:00;0,0
07.12. 22:00;0,0
07.12. 23:00;0,0
08.12. 00:00;0,0
08.12. 01:00;0,0
08.12. 02:00;0,0
08.12. 03:00;0,0
08.12. 04:00;0,0
08.12. 05:00;0,0
08.12. 06:00;0,0
08.12. 07:00;0,0
08.12. 08:00;4,0184
08.12. 09:00;32,8058
08.12. 10:00;70,123
08.12. 11:00;62,693999999999996
08.12. 12:00;47,846900000000005
08.12. 13:00;35,5738
08.12. 14:00;19,4469
08.12. 15:00;2,6923299999999997
08.12. 16:00;0,0
08.12. 17:00;0,0
08.12. 18:00;0,0
08.12. 19:00;0,0
08.12. 20:00;0,0
08.12. 21:00;0,0
08.12. 22:00;0,0
08.12. 23:00;0,0
09.12. 00:00;0,0
09.12. 01:00;0,0
09.12. 02:00;0,0
09.12. 03:00;0,0
09.12. 04:00;0,0
09.12. 05:00;0,0
09.12. 06:00;0,0
09.12. 07:00;0,0
09.12. 08:00;0,01319
09.12. 09:00;14,1143
09.12. 10:00;16,1769
09.12. 11:00;13,455200000000001
09.12. 12:00;10,8956
09.12. 13:00;7,03
09.12. 14:00;3,20465
09.12. 15:00;0,1806
09.12. 16:00;0,0
09.12. 17:00;0,0
09.12. 18:00;0,0
09.12. 19:00;0,0
09.12. 20:00;0,0
09.12. 21:00;0,0
09.12. 22:00;0,0
09.12. 23:00;0,0
10.12. 00:00;0,0
10.12. 01:00;0,0
10.12. 02:00;0,0
10.12. 03:00;0,0
10.12. 04:00;0,0
10.12. 05:00;0,0
10.12. 06:00;0,0
10.12. 07:00;0,0
10.12. 08:00;1,2309700000000001
10.12. 09:00;12,93393
10.12. 10:00;9,1416
10.12. 11:00;7,8699
10.12. 12:00;6,632099999999999
10.12. 13:00;5,48431
10.12. 14:00;3,35758
10.12. 15:00;1,4008
10.12. 16:00;0,0
10.12. 17:00;0,0
10.12. 18:00;0,0
10.12. 19:00;0,0
10.12. 20:00;0,0
10.12. 21:00;0,0
10.12. 22:00;0,0
10.12. 23:00;0,0
11.12. 00:00;0,0
11.12. 01:00;0,0
11.12. 02:00;0,0
11.12. 03:00;0,0
11.12. 04:00;0,0
11.12. 05:00;0,0
11.12. 06:00;0,0
11.12. 07:00;0,0
11.12. 08:00;0,00697
11.12. 09:00;11,16939
11.12. 10:00;18,281200000000002
11.12. 11:00;19,9011
11.12. 12:00;24,7907
11.12. 13:00;18,1306
11.12. 14:00;5,54925
11.12. 15:00;0,36017
11.12. 16:00;0,0
11.12. 17:00;0,0
11.12. 18:00;0,0
11.12. 19:00;0,0
11.12. 20:00;0,0
11.12. 21:00;0,0
11.12. 22:00;0,0
11.12. 23:00;0,0
12.12. 00:00;0,0
12.12. 01:00;0,0
12.12. 02:00;0,0
12.12. 03:00;0,0
12.12. 04:00;0,0
12.12. 05:00;0,0
12.12. 06:00;0,0
12.12. 07:00;0,0
12.12. 08:00;1,0204
12.12. 09:00;13,4604
12.12. 10:00;8,508189999999999
12.12. 11:00;15,1769
12.12. 12:00;11,46411
12.12. 13:00;7,70146
12.12. 14:00;5,91454
12.12. 15:00;0,2352
12.12. 16:00;0,0
12.12. 17:00;0,0
12.12. 18:00;0,0
12.12. 19:00;0,0
12.12. 20:00;0,0
12.12. 21:00;0,0
12.12. 22:00;0,0
12.12. 23:00;0,0
13.12. 00:00;0,0
13.12. 01:00;0,0
13.12. 02:00;0,0
13.12. 03:00;0,0
13.12. 04:00;0,0
13.12. 05:00;0,0
13.12. 06:00;0,0
13.12. 07:00;0,0
13.12. 08:00;1,5220099999999999
13.12. 09:00;14,0771
13.12. 10:00;19,6393
13.12. 11:00;16,8259
13.12. 12:00;9,1284
13.12. 13:00;7,505599999999999
13.12. 14:00;4,40113
13.12. 15:00;0,35435
13.12. 16:00;0,0
13.12. 17:00;0,0
13.12. 18:00;0,0
13.12. 19:00;0,0
13.12. 20:00;0,0
13.12. 21:00;0,0
13.12. 22:00;0,0
13.12. 23:00;0,0
14.12. 00:00;0,0
14.12. 01:00;0,0
14.12. 02:00;0,0
14.12. 03:00;0,0
14.12. 04:00;0,0
14.12. 05:00;0,0
14.12. 06:00;0,0
14.12. 07:00;0,0
14.12. 08:00;0,82718
14.12. 09:00;12,6609
14.12. 10:00;10,8489
14.12. 11:00;14,889
14.12. 12:00;13,104
14.12. 13:00;8,698
14.12. 14:00;3,0006
14.12. 15:00;0,11281
14.12. 16:00;0,0
14.12. 17:00;0,0
14.12. 18:00;0,0
14.12. 19:00;0,0
14.12. 20:00;0,0
14.12. 21:00;0,0
14.12. 22:00;0,0
14.12. 23:00;0,0
15.12. 00:00;0,0
15.12. 01:00;0,0
15.12. 02:00;0,0
15.12. 03:00;0,0
15.12. 04:00;0,0
15.12. 05:00;0,0
15.12. 06:00;0,0
15.12. 07:00;0,0
15.12. 08:00;3,18362
15.12. 09:00;35,2866
15.12. 10:00;66,37700000000001
15.12. 11:00;75,774
15.12. 12:00;69,0
15.12. 13:00;47,132
15.12. 14:00;19,6357
15.12. 15:00;2,17733
15.12. 16:00;0,0
15.12. 17:00;0,0
15.12. 18:00;0,0
15.12. 19:00;0,0
15.12. 20:00;0,0
15.12. 21:00;0,0
15.12. 22:00;0,0
15.12. 23:00;0,0
16.12. 00:00;0,0
16.12. 01:00;0,0
16.12. 02:00;0,0
16.12. 03:00;0,0
16.12. 04:00;0,0
16.12. 05:00;0,0
16.12. 06:00;0,0
16.12. 07:00;0,0
16.12. 08:00;1,14345
16.12. 09:00;18,9178
16.12. 10:00;24,4319
16.12. 11:00;22,8627
16.12. 12:00;18,039
16.12. 13:00;24,413899999999998
16.12. 14:00;18,988500000000002
16.12. 15:00;1,42902
16.12. 16:00;0,0
16.12. 17:00;0,0
16.12. 18:00;0,0
16.12. 19:00;0,0
16.12. 20:00;0,0
16.12. 21:00;0,0
16.12. 22:00;0,0
16.12. 23:00;0,0
17.12. 00:00;0,0
17.12. 01:00;0,0
17.12. 02:00;0,0
17.12. 03:00;0,0
17.12. 04:00;0,0
17.12. 05:00;0,0
17.12. 06:00;0,0
17.12. 07:00;0,0
17.12. 08:00;0,44411
17.12. 09:00;12,97262
17.12. 10:00;13,3914
17.12. 11:00;12,0006
17.12. 12:00;9,270100000000001
17.12. 13:00;5,597390000000001
17.12. 14:00;2,71358
17.12. 15:00;0,05477
17.12. 16:00;0,0
17.12. 17:00;0,0
17.12. 18:00;0,0
17.12. 19:00;0,0
17.12. 20:00;0,0
17.12. 21:00;0,0
17.12. 22:00;0,0
17.12. 23:00;0,0
18.12. 00:00;0,0
18.12. 01:00;0,0
18.12. 02:00;0,0
18.12. 03:00;0,0
18.12. 04:00;0,0
18.12. 05:00;0,0
18.12. 06:00;0,0
18.12. 07:00;0,0
18.12. 08:00;0,0
18.12. 09:00;9,80562
18.12. 10:00;8,4743
18.12. 11:00;4,93384
18.12. 12:00;4,40826
18.12. 13:00;4,10025
18.12. 14:00;5,14375
18.12. 15:00;0,08614
18.12. 16:00;0,0
18.12. 17:00;0,0
18.12. 18:00;0,0
18.12. 19:00;0,0
18.12. 20:00;0,0
18.12. 21:00;0,0
18.12. 22:00;0,0
18.12. 23:00;0,0
19.12. 00:00;0,0
19.12. 01:00;0,0
19.12. 02:00;0,0
19.12. 03:00;0,0
19.12. 04:00;0,0
19.12. 05:00;0,0
19.12. 06:00;0,0
19.12. 07:00;0,0
19.12. 08:00;1,5035399999999999
19.12. 09:00;15,2913
19.12. 10:00;8,795
19.12. 11:00;10,220500000000001
19.12. 12:00;13,1289
19.12. 13:00;7,438000000000001
19.12. 14:00;3,63236
19.12. 15:00;0,21683
19.12. 16:00;0,0
19.12. 17:00;0,0
19.12. 18:00;0,0
19.12. 19:00;0,0
19.12. 20:00;0,0
19.12. 21:00;0,0
19.12. 22:00;0,0
19.12. 23:00;0,0
20.12. 00:00;0,0
20.12. 01:00;0,0
20.12. 02:00;0,0
20.12. 03:00;0,0
20.12. 04:00;0,0
20.12. 05:00;0,0
20.12. 06:00;0,0
20.12. 07:00;0,0
20.12. 08:00;0,0
20.12. 09:00;2,33827
20.12. 10:00;17,352899999999998
20.12. 11:00;16,8587
20.12. 12:00;15,9733
20.12. 13:00;14,7365
20.12. 14:00;8,2758
20.12. 15:00;0,08602
20.12. 16:00;0,0
20.12. 17:00;0,0
20.12. 18:00;0,0
20.12. 19:00;0,0
20.12. 20:00;0,0
20.12. 21:00;0,0
20.12. 22:00;0,0
20.12. 23:00;0,0
21.12. 00:00;0,0
21.12. 01:00;0,0
21.12. 02:00;0,0
21.12. 03:00;0,0
21.12. 04:00;0,0
21.12. 05:00;0,0
21.12. 06:00;0,0
21.12. 07:00;0,0
21.12. 08:00;2,82981
21.12. 09:00;29,9756
21.12. 10:00;61,7269
21.12. 11:00;75,964
21.12. 12:00;58,715
21.12. 13:00;47,604
21.12. 14:00;23,278599999999997
21.12. 15:00;5,20729
21.12. 16:00;0,0
21.12. 17:00;0,0
21.12. 18:00;0,0
21.12. 19:00;0,0
21.12. 20:00;0,0
21.12. 21:00;0,0
21.12. 22:00;0,0
21.12. 23:00;0,0
22.12. 00:00;0,0
22.12. 01:00;0,0
22.12. 02:00;0,0
22.12. 03:00;0,0
22.12. 04:00;0,0
22.12. 05:00;0,0
22.12. 06:00;0,0
22.12. 07:00;0,0
22.12. 08:00;0,9576500000000001
22.12. 09:00;14,7303
22.12. 10:00;21,921799999999998
22.12. 11:00;19,8127
22.12. 12:00;11,4496
22.12. 13:00;7,492
22.12. 14:00;3,4813799999999997
22.12. 15:00;0,0
22.12. 16:00;0,0
22.12. 17:00;0,0
22.12. 18:00;0,0
22.12. 19:00;0,0
22.12. 20:00;0,0
22.12. 21:00;0,0
22.12. 22:00;0,0
22.12. 23:00;0,0
23.12. 00:00;0,0
23.12. 01:00;0,0
23.12. 02:00;0,0
23.12. 03:00;0,0
23.12. 04:00;0,0
23.12. 05:00;0,0
23.12. 06:00;0,0
23.12. 07:00;0,0
23.12. 08:00;0,22097999999999998
23.12. 09:00;17,3477
23.12. 10:00;34,8809
23.12. 11:00;17,9514
23.12. 12:00;5,34647
23.12. 13:00;4,71101
23.12. 14:00;4,61045
23.12. 15:00;0,55345
23.12. 16:00;0,0
23.12. 17:00;0,0
23.12. 18:00;0,0
23.12. 19:00;0,0
23.12. 20:00;0,0
23.12. 21:00;0,0
23.12. 22:00;0,0
23.12. 23:00;0,0
24.12. 00:00;0,0
24.12. 01:00;0,0
24.12. 02:00;0,0
24.12. 03:00;0,0
24.12. 04:00;0,0
24.12. 05:00;0,0
24.12. 06:00;0,0
24.12. 07:00;0,0
24.12. 08:00;0,40288
24.12. 09:00;11,58005
24.12. 10:00;4,93025
24.12. 11:00;4,87588
24.12. 12:00;9,7091
24.12. 13:00;10,4621
24.12. 14:00;17,0786
24.12. 15:00;5,71551
24.12. 16:00;0,0
24.12. 17:00;0,0
24.12. 18:00;0,0
24.12. 19:00;0,0
24.12. 20:00;0,0
24.12. 21:00;0,0
24.12. 22:00;0,0
24.12. 23:00;0,0
25.12. 00:00;0,0
25.12. 01:00;0,0
25.12. 02:00;0,0
25.12. 03:00;0,0
25.12. 04:00;0,0
25.12. 05:00;0,0
25.12. 06:00;0,0
25.12. 07:00;0,0
25.12. 08:00;0,15356
25.12. 09:00;8,84069
25.12. 10:00;8,0061
25.12. 11:00;6,3244
25.12. 12:00;6,2545
25.12. 13:00;4,3966
25.12. 14:00;1,77948
25.12. 15:00;0,10203
25.12. 16:00;0,0
25.12. 17:00;0,0
25.12. 18:00;0,0
25.12. 19:00;0,0
25.12. 20:00;0,0
25.12. 21:00;0,0
25.12. 22:00;0,0
25.12. 23:00;0,0
26.12. 00:00;0,0
26.12. 01:00;0,0
26.12. 02:00;0,0
26.12. 03:00;0,0
26.12. 04:00;0,0
26.12. 05:00;0,0
26.12. 06:00;0,0
26.12. 07:00;0,0
26.12. 08:00;0,5041100000000001
26.12. 09:00;12,731
26.12. 10:00;13,4863
26.12. 11:00;13,6835
26.12. 12:00;36,619600000000005
26.12. 13:00;29,0995
26.12. 14:00;9,712100000000001
26.12. 15:00;0,95661
26.12. 16:00;0,0
26.12. 17:00;0,0
26.12. 18:00;0,0
26.12. 19:00;0,0
26.12. 20:00;0,0
26.12. 21:00;0,0
26.12. 22:00;0,0
26.12. 23:00;0,0
27.12. 00:00;0,0
27.12. 01:00;0,0
27.12. 02:00;0,0
27.12. 03:00;0,0
27.12. 04:00;0,0
27.12. 05:00;0,0
27.12. 06:00;0,0
27.12. 07:00;0,0
27.12. 08:00;2,22601
27.12. 09:00;29,965400000000002
27.12. 10:00;60,802
27.12. 11:00;71,226
27.12. 12:00;40,3335
27.12. 13:00;15,387
27.12. 14:00;12,0606
27.12. 15:00;1,69475
27.12. 16:00;0,0
27.12. 17:00;0,0
27.12. 18:00;0,0
27.12. 19:00;0,0
27.12. 20:00;0,0
27.12. 21:00;0,0
27.12. 22:00;0,0
27.12. 23:00;0,0
28.12. 00:00;0,0
28.12. 01:00;0,0
28.12. 02:00;0,0
28.12. 03:00;0,0
28.12. 04:00;0,0
28.12. 05:00;0,0
28.12. 06:00;0,0
28.12. 07:00;0,0
28.12. 08:00;0,09457
28.12. 09:00;12,299240000000001
28.12. 10:00;33,7519
28.12. 11:00;30,431199999999997
28.12. 12:00;14,9601
28.12. 13:00;19,0514
28.12. 14:00;8,8745
28.12. 15:00;2,8768599999999998
28.12. 16:00;0,0
28.12. 17:00;0,0
28.12. 18:00;0,0
28.12. 19:00;0,0
28.12. 20:00;0,0
28.12. 21:00;0,0
28.12. 22:00;0,0
28.12. 23:00;0,0
29.12. 00:00;0,0
29.12. 01:00;0,0
29.12. 02:00;0,0
29.12. 03:00;0,0
29.12. 04:00;0,0
29.12. 05:00;0,0
29.12. 06:00;0,0
29.12. 07:00;0,0
29.12. 08:00;2,42583
29.12. 09:00;34,2975
29.12. 10:00;68,761
29.12. 11:00;83,682
29.12. 12:00;71,40299999999999
29.12. 13:00;54,999
29.12. 14:00;32,4428
29.12. 15:00;5,88027
29.12. 16:00;0,0
29.12. 17:00;0,0
29.12. 18:00;0,0
29.12. 19:00;0,0
29.12. 20:00;0,0
29.12. 21:00;0,0
29.12. 22:00;0,0
29.12. 23:00;0,0
30.12. 00:00;0,0
30.12. 01:00;0,0
30.12. 02:00;0,0
30.12. 03:00;0,0
30.12. 04:00;0,0
30.12. 05:00;0,0
30.12. 06:00;0,0
30.12. 07:00;0,0
30.12. 08:00;2,4110300000000002
30.12. 09:00;34,5968
30.12. 10:00;72,05
30.12. 11:00;88,71
30.12. 12:00;80,50399999999999
30.12. 13:00;62,787
30.12. 14:00;38,3472
30.12. 15:00;9,02071
30.12. 16:00;0,0
30.12. 17:00;0,0
30.12. 18:00;0,0
30.12. 19:00;0,0
30.12. 20:00;0,0
30.12. 21:00;0,0
30.12. 22:00;0,0
30.12. 23:00;0,0
31.12. 00:00;0,0
31.12. 01:00;0,0
31.12. 02:00;0,0
31.12. 03:00;0,0
31.12. 04:00;0,0
31.12. 05:00;0,0
31.12. 06:00;0,0
31.12. 07:00;0,0
31.12. 08:00;1,58096
31.12. 09:00;29,5721
31.12. 10:00;67,243
31.12. 11:00;81,473
31.12. 12:00;73,031
31.12. 13:00;46,9091
31.12. 14:00;26,102899999999998
31.12. 15:00;8,68622
31.12. 16:00;0,0
31.12. 17:00;0,0
31.12. 18:00;0,0
31.12. 19:00;0,0
31.12. 20:00;0,0
31.12. 21:00;0,0
31.12. 22:00;0,0
31.12. 23:00;0,0
