Zeit;pv
01.01. 00:00;0
01.01. 01:00;0
01.01. 02:00;0
01.01. 03:00;0
01.01. 04:00;0
01.01. 05:00;0
01.01. 06:00;0
01.01. 07:00;0
01.01. 08:00;1,8279
01.01. 09:00;23,211
01.01. 10:00;34,251
01.01. 11:00;13,346
01.01. 12:00;22,492
01.01. 13:00;18,081
01.01. 14:00;10,091
01.01. 15:00;0,67325
01.01. 16:00;0
01.01. 17:00;0
01.01. 18:00;0
01.01. 19:00;0
01.01. 20:00;0
01.01. 21:00;0
01.01. 22:00;0
01.01. 23:00;0
02.01. 00:00;0
02.01. 01:00;0
02.01. 02:00;0
02.01. 03:00;0
02.01. 04:00;0
02.01. 05:00;0
02.01. 06:00;0
02.01. 07:00;0
02.01. 08:00;2,7818
02.01. 09:00;27,569
02.01. 10:00;55,638
02.01. 11:00;64,085
02.01. 12:00;32,7
02.01. 13:00;4,1086
02.01. 14:00;3,7749
02.01. 15:00;0,93923
02.01. 16:00;0
02.01. 17:00;0
02.01. 18:00;0
02.01. 19:00;0
02.01. 20:00;0
02.01. 21:00;0
02.01. 22:00;0
02.01. 23:00;0
03.01. 00:00;0
03.01. 01:00;0
03.01. 02:00;0
03.01. 03:00;0
03.01. 04:00;0
03.01. 05:00;0
03.01. 06:00;0
03.01. 07:00;0
03.01. 08:00;0,94723
03.01. 09:00;13,043
03.01. 10:00;35,824
03.01. 11:00;36,909
03.01. 12:00;28,378
03.01. 13:00;7,2483
03.01. 14:00;12,628
03.01. 15:00;10,805
03.01. 16:00;0
03.01. 17:00;0
03.01. 18:00;0
03.01. 19:00;0
03.01. 20:00;0
03.01. 21:00;0
03.01. 22:00;0
03.01. 23:00;0
04.01. 00:00;0
04.01. 01:00;0
04.01. 02:00;0
04.01. 03:00;0
04.01. 04:00;0
04.01. 05:00;0
04.01. 06:00;0
04.01. 07:00;0
04.01. 08:00;0
04.01. 09:00;7,5238
04.01. 10:00;11,062
04.01. 11:00;14,295
04.01. 12:00;8,5791
04.01. 13:00;7,1808
04.01. 14:00;3,7452
04.01. 15:00;0,66653
04.01. 16:00;0
04.01. 17:00;0
04.01. 18:00;0
04.01. 19:00;0
04.01. 20:00;0
04.01. 21:00;0
04.01. 22:00;0
04.01. 23:00;0
05.01. 00:00;0
05.01. 01:00;0
05.01. 02:00;0
05.01. 03:00;0
05.01. 04:00;0
05.01. 05:00;0
05.01. 06:00;0
05.01. 07:00;0
05.01. 08:00;0,67112
05.01. 09:00;10,77
05.01. 10:00;34,82
05.01. 11:00;57,792
05.01. 12:00;69,281
05.01. 13:00;46,804
05.01. 14:00;23,792
05.01. 15:00;4,7852
05.01. 16:00;0
05.01. 17:00;0
05.01. 18:00;0
05.01. 19:00;0
05.01. 20:00;0
05.01. 21:00;0
05.01. 22:00;0
05.01. 23:00;0
06.01. 00:00;0
06.01. 01:00;0
06.01. 02:00;0
06.01. 03:00;0
06.01. 04:00;0
06.01. 05:00;0
06.01. 06:00;0
06.01. 07:00;0
06.01. 08:00;2,7765
06.01. 09:00;15,431
06.01. 10:00;35,104
06.01. 11:00;57,267
06.01. 12:00;38,714
06.01. 13:00;39,422
06.01. 14:00;16,474
06.01. 15:00;4,0895
06.01. 16:00;0
06.01. 17:00;0
06.01. 18:00;0
06.01. 19:00;0
06.01. 20:00;0
06.01. 21:00;0
06.01. 22:00;0
06.01. 23:00;0
07.01. 00:00;0
07.01. 01:00;0
07.01. 02:00;0
07.01. 03:00;0
07.01. 04:00;0
07.01. 05:00;0
07.01. 06:00;0
07.01. 07:00;0
07.01. 08:00;0,93502
07.01. 09:00;4,7664
07.01. 10:00;10,342
07.01. 11:00;6,4667
07.01. 12:00;7,8383
07.01. 13:00;9,2333
07.01. 14:00;10,277
07.01. 15:00;2,737
07.01. 16:00;0
07.01. 17:00;0
07.01. 18:00;0
07.01. 19:00;0
07.01. 20:00;0
07.01. 21:00;0
07.01. 22:00;0
07.01. 23:00;0
08.01. 00:00;0
08.01. 01:00;0
08.01. 02:00;0
08.01. 03:00;0
08.01. 04:00;0
08.01. 05:00;0
08.01. 06:00;0
08.01. 07:00;0
08.01. 08:00;2,7684
08.01. 09:00;34,7
08.01. 10:00;66,186
08.01. 11:00;77,795
08.01. 12:00;90,378
08.01. 13:00;42,162
08.01. 14:00;6,7419
08.01. 15:00;1,4863
08.01. 16:00;0
08.01. 17:00;0
08.01. 18:00;0
08.01. 19:00;0
08.01. 20:00;0
08.01. 21:00;0
08.01. 22:00;0
08.01. 23:00;0
09.01. 00:00;0
09.01. 01:00;0
09.01. 02:00;0
09.01. 03:00;0
09.01. 04:00;0
09.01. 05:00;0
09.01. 06:00;0
09.01. 07:00;0
09.01. 08:00;2,467
09.01. 09:00;28,283
09.01. 10:00;62,704
09.01. 11:00;79,941
09.01. 12:00;52,895
09.01. 13:00;6,8215
09.01. 14:00;5,4387
09.01. 15:00;0,66649
09.01. 16:00;0
09.01. 17:00;0
09.01. 18:00;0
09.01. 19:00;0
09.01. 20:00;0
09.01. 21:00;0
09.01. 22:00;0
09.01. 23:00;0
10.01. 00:00;0
10.01. 01:00;0
10.01. 02:00;0
10.01. 03:00;0
10.01. 04:00;0
10.01. 05:00;0
10.01. 06:00;0
10.01. 07:00;0
10.01. 08:00;0,93051
10.01. 09:00;24,33
10.01. 10:00;48,474
10.01. 11:00;74,49
10.01. 12:00;76,718
10.01. 13:00;60,93
10.01. 14:00;41,871
10.01. 15:00;9,5093
10.01. 16:00;0
10.01. 17:00;0
10.01. 18:00;0
10.01. 19:00;0
10.01. 20:00;0
10.01. 21:00;0
10.01. 22:00;0
10.01. 23:00;0
11.01. 00:00;0
11.01. 01:00;0
11.01. 02:00;0
11.01. 03:00;0
11.01. 04:00;0
11.01. 05:00;0
11.01. 06:00;0
11.01. 07:00;0
11.01. 08:00;0,66634
11.01. 09:00;8,2351
11.01. 10:00;14,301
11.01. 11:00;13,216
11.01. 12:00;16,063
11.01. 13:00;8,9077
11.01. 14:00;5,7685
11.01. 15:00;1,208
11.01. 16:00;0
11.01. 17:00;0
11.01. 18:00;0
11.01. 19:00;0
11.01. 20:00;0
11.01. 21:00;0
11.01. 22:00;0
11.01. 23:00;0
12.01. 00:00;0
12.01. 01:00;0
12.01. 02:00;0
12.01. 03:00;0
12.01. 04:00;0
12.01. 05:00;0
12.01. 06:00;0
12.01. 07:00;0
12.01. 08:00;0
12.01. 09:00;3,7329
12.01. 10:00;9,5986
12.01. 11:00;12,799
12.01. 12:00;8,5371
12.01. 13:00;10,649
12.01. 14:00;7,4849
12.01. 15:00;1,8009
12.01. 16:00;0
12.01. 17:00;0
12.01. 18:00;0
12.01. 19:00;0
12.01. 20:00;0
12.01. 21:00;0
12.01. 22:00;0
12.01. 23:00;0
13.01. 00:00;0
13.01. 01:00;0
13.01. 02:00;0
13.01. 03:00;0
13.01. 04:00;0
13.01. 05:00;0
13.01. 06:00;0
13.01. 07:00;0
13.01. 08:00;4,4724
13.01. 09:00;26,908
13.01. 10:00;47,082
13.01. 11:00;18,76
13.01. 12:00;46,268
13.01. 13:00;28,293
13.01. 14:00;16,57
13.01. 15:00;4,1305
13.01. 16:00;0
13.01. 17:00;0
13.01. 18:00;0
13.01. 19:00;0
13.01. 20:00;0
13.01. 21:00;0
13.01. 22:00;0
13.01. 23:00;0
14.01. 00:00;0
14.01. 01:00;0
14.01. 02:00;0
14.01. 03:00;0
14.01. 04:00;0
14.01. 05:00;0
14.01. 06:00;0
14.01. 07:00;0
14.01. 08:00;1,8402
14.01. 09:00;22,589
14.01. 10:00;43,636
14.01. 11:00;63,791
14.01. 12:00;69,392
14.01. 13:00;39,714
14.01. 14:00;14,044
14.01. 15:00;1,2309
14.01. 16:00;0
14.01. 17:00;0
14.01. 18:00;0
14.01. 19:00;0
14.01. 20:00;0
14.01. 21:00;0
14.01. 22:00;0
14.01. 23:00;0
15.01. 00:00;0
15.01. 01:00;0
15.01. 02:00;0
15.01. 03:00;0
15.01. 04:00;0
15.01. 05:00;0
15.01. 06:00;0
15.01. 07:00;0
15.01. 08:00;1,5344
15.01. 09:00;14,183
15.01. 10:00;16,374
15.01. 11:00;12,701
15.01. 12:00;10,888
15.01. 13:00;9,0892
15.01. 14:00;7,3036
15.01. 15:00;1,8528
15.01. 16:00;0
15.01. 17:00;0
15.01. 18:00;0
15.01. 19:00;0
15.01. 20:00;0
15.01. 21:00;0
15.01. 22:00;0
15.01. 23:00;0
16.01. 00:00;0
16.01. 01:00;0
16.01. 02:00;0
16.01. 03:00;0
16.01. 04:00;0
16.01. 05:00;0
16.01. 06:00;0
16.01. 07:00;0
16.01. 08:00;3,8587
16.01. 09:00;36,564
16.01. 10:00;72,28
16.01. 11:00;86,121
16.01. 12:00;100,28
16.01. 13:00;88,709
16.01. 14:00;59,802
16.01. 15:00;23,976
16.01. 16:00;0
16.01. 17:00;0
16.01. 18:00;0
16.01. 19:00;0
16.01. 20:00;0
16.01. 21:00;0
16.01. 22:00;0
16.01. 23:00;0
17.01. 00:00;0
17.01. 01:00;0
17.01. 02:00;0
17.01. 03:00;0
17.01. 04:00;0
17.01. 05:00;0
17.01. 06:00;0
17.01. 07:00;0
17.01. 08:00;5,2283
17.01. 09:00;21,636
17.01. 10:00;25,333
17.01. 11:00;33,08
17.01. 12:00;53,689
17.01. 13:00;55,222
17.01. 14:00;24,286
17.01. 15:00;4,4668
17.01. 16:00;0
17.01. 17:00;0
17.01. 18:00;0
17.01. 19:00;0
17.01. 20:00;0
17.01. 21:00;0
17.01. 22:00;0
17.01. 23:00;0
18.01. 00:00;0
18.01. 01:00;0
18.01. 02:00;0
18.01. 03:00;0
18.01. 04:00;0
18.01. 05:00;0
18.01. 06:00;0
18.01. 07:00;0
18.01. 08:00;0,94467
18.01. 09:00;11,208
18.01. 10:00;22,532
18.01. 11:00;22,518
18.01. 12:00;25,459
18.01. 13:00;33,169
18.01. 14:00;25,755
18.01. 15:00;8,7144
18.01. 16:00;0
18.01. 17:00;0
18.01. 18:00;0
18.01. 19:00;0
18.01. 20:00;0
18.01. 21:00;0
18.01. 22:00;0
18.01. 23:00;0
19.01. 00:00;0
19.01. 01:00;0
19.01. 02:00;0
19.01. 03:00;0
19.01. 04:00;0
19.01. 05:00;0
19.01. 06:00;0
19.01. 07:00;0
19.01. 08:00;5,5691
19.01. 09:00;26,41
19.01. 10:00;23,056
19.01. 11:00;12,719
19.01. 12:00;31,092
19.01. 13:00;25,814
19.01. 14:00;16,604
19.01. 15:00;3,7939
19.01. 16:00;0,94341
19.01. 17:00;0
19.01. 18:00;0
19.01. 19:00;0
19.01. 20:00;0
19.01. 21:00;0
19.01. 22:00;0
19.01. 23:00;0
20.01. 00:00;0
20.01. 01:00;0
20.01. 02:00;0
20.01. 03:00;0
20.01. 04:00;0
20.01. 05:00;0
20.01. 06:00;0
20.01. 07:00;0
20.01. 08:00;1,2253
20.01. 09:00;12,26
20.01. 10:00;10,819
20.01. 11:00;10,847
20.01. 12:00;27,326
20.01. 13:00;38,336
20.01. 14:00;15,132
20.01. 15:00;4,4556
20.01. 16:00;0
20.01. 17:00;0
20.01. 18:00;0
20.01. 19:00;0
20.01. 20:00;0
20.01. 21:00;0
20.01. 22:00;0
20.01. 23:00;0
21.01. 00:00;0
21.01. 01:00;0
21.01. 02:00;0
21.01. 03:00;0
21.01. 04:00;0
21.01. 05:00;0
21.01. 06:00;0
21.01. 07:00;0
21.01. 08:00;4,1381
21.01. 09:00;21,051
21.01. 10:00;41,7
21.01. 11:00;27,644
21.01. 12:00;25,413
21.01. 13:00;24,648
21.01. 14:00;35,991
21.01. 15:00;20,905
21.01. 16:00;0
21.01. 17:00;0
21.01. 18:00;0
21.01. 19:00;0
21.01. 20:00;0
21.01. 21:00;0
21.01. 22:00;0
21.01. 23:00;0
22.01. 00:00;0
22.01. 01:00;0
22.01. 02:00;0
22.01. 03:00;0
22.01. 04:00;0
22.01. 05:00;0
22.01. 06:00;0
22.01. 07:00;0
22.01. 08:00;3,1481
22.01. 09:00;19,731
22.01. 10:00;22,686
22.01. 11:00;43,461
22.01. 12:00;59,306
22.01. 13:00;55,134
22.01. 14:00;45,065
22.01. 15:00;24,342
22.01. 16:00;1,8388
22.01. 17:00;0
22.01. 18:00;0
22.01. 19:00;0
22.01. 20:00;0
22.01. 21:00;0
22.01. 22:00;0
22.01. 23:00;0
23.01. 00:00;0
23.01. 01:00;0
23.01. 02:00;0
23.01. 03:00;0
23.01. 04:00;0
23.01. 05:00;0
23.01. 06:00;0
23.01. 07:00;0
23.01. 08:00;1,8605
23.01. 09:00;12,084
23.01. 10:00;25,054
23.01. 11:00;48,54
23.01. 12:00;74,962
23.01. 13:00;81,556
23.01. 14:00;51,803
23.01. 15:00;14,593
23.01. 16:00;0
23.01. 17:00;0
23.01. 18:00;0
23.01. 19:00;0
23.01. 20:00;0
23.01. 21:00;0
23.01. 22:00;0
23.01. 23:00;0
24.01. 00:00;0
24.01. 01:00;0
24.01. 02:00;0
24.01. 03:00;0
24.01. 04:00;0
24.01. 05:00;0
24.01. 06:00;0
24.01. 07:00;0
24.01. 08:00;2,1812
24.01. 09:00;19,853
24.01. 10:00;28,079
24.01. 11:00;44,913
24.01. 12:00;54,07
24.01. 13:00;33,59
24.01. 14:00;29,134
24.01. 15:00;8,4397
24.01. 16:00;2,1766
24.01. 17:00;0
24.01. 18:00;0
24.01. 19:00;0
24.01. 20:00;0
24.01. 21:00;0
24.01. 22:00;0
24.01. 23:00;0
25.01. 00:00;0
25.01. 01:00;0
25.01. 02:00;0
25.01. 03:00;0
25.01. 04:00;0
25.01. 05:00;0
25.01. 06:00;0
25.01. 07:00;0
25.01. 08:00;2,8434
25.01. 09:00;19,614
25.01. 10:00;23,811
25.01. 11:00;18,138
25.01. 12:00;16,987
25.01. 13:00;12,892
25.01. 14:00;11,049
25.01. 15:00;5,2644
25.01. 16:00;0,96523
25.01. 17:00;0
25.01. 18:00;0
25.01. 19:00;0
25.01. 20:00;0
25.01. 21:00;0
25.01. 22:00;0
25.01. 23:00;0
26.01. 00:00;0
26.01. 01:00;0
26.01. 02:00;0
26.01. 03:00;0
26.01. 04:00;0
26.01. 05:00;0
26.01. 06:00;0
26.01. 07:00;0
26.01. 08:00;5,3283
26.01. 09:00;26,986
26.01. 10:00;30,407
26.01. 11:00;20,521
26.01. 12:00;25,45
26.01. 13:00;69,415
26.01. 14:00;73,28
26.01. 15:00;37,782
26.01. 16:00;3,8791
26.01. 17:00;0
26.01. 18:00;0
26.01. 19:00;0
26.01. 20:00;0
26.01. 21:00;0
26.01. 22:00;0
26.01. 23:00;0
27.01. 00:00;0
27.01. 01:00;0
27.01. 02:00;0
27.01. 03:00;0
27.01. 04:00;0
27.01. 05:00;0
27.01. 06:00;0
27.01. 07:00;0
27.01. 08:00;6,3538
27.01. 09:00;12,181
27.01. 10:00;24,086
27.01. 11:00;28,585
27.01. 12:00;51,881
27.01. 13:00;42,075
27.01. 14:00;19,175
27.01. 15:00;7,0465
27.01. 16:00;0
27.01. 17:00;0
27.01. 18:00;0
27.01. 19:00;0
27.01. 20:00;0
27.01. 21:00;0
27.01. 22:00;0
27.01. 23:00;0
28.01. 00:00;0
28.01. 01:00;0
28.01. 02:00;0
28.01. 03:00;0
28.01. 04:00;0
28.01. 05:00;0
28.01. 06:00;0
28.01. 07:00;0
28.01. 08:00;6,6908
28.01. 09:00;31,554
28.01. 10:00;37,96
28.01. 11:00;20,677
28.01. 12:00;18,802
28.01. 13:00;15,82
28.01. 14:00;13,595
28.01. 15:00;9,1945
28.01. 16:00;0,96071
28.01. 17:00;0
28.01. 18:00;0
28.01. 19:00;0
28.01. 20:00;0
28.01. 21:00;0
28.01. 22:00;0
28.01. 23:00;0
29.01. 00:00;0
29.01. 01:00;0
29.01. 02:00;0
29.01. 03:00;0
29.01. 04:00;0
29.01. 05:00;0
29.01. 06:00;0
29.01. 07:00;0
29.01. 08:00;8,582
29.01. 09:00;41,676
29.01. 10:00;43,227
29.01. 11:00;28,772
29.01. 12:00;22,698
29.01. 13:00;17,395
29.01. 14:00;12,175
29.01. 15:00;5,6321
29.01. 16:00;0
29.01. 17:00;0
29.01. 18:00;0
29.01. 19:00;0
29.01. 20:00;0
29.01. 21:00;0
29.01. 22:00;0
29.01. 23:00;0
30.01. 00:00;0
30.01. 01:00;0
30.01. 02:00;0
30.01. 03:00;0
30.01. 04:00;0
30.01. 05:00;0
30.01. 06:00;0
30.01. 07:00;0
30.01. 08:00;4,5683
30.01. 09:00;18,111
30.01. 10:00;15,85
30.01. 11:00;16,951
30.01. 12:00;22,155
30.01. 13:00;17,658
30.01. 14:00;10,266
30.01. 15:00;5,9369
30.01. 16:00;0,68472
30.01. 17:00;0
30.01. 18:00;0
30.01. 19:00;0
30.01. 20:00;0
30.01. 21:00;0
30.01. 22:00;0
30.01. 23:00;0
31.01. 00:00;0
31.01. 01:00;0
31.01. 02:00;0
31.01. 03:00;0
31.01. 04:00;0
31.01. 05:00;0
31.01. 06:00;0
31.01. 07:00;0
31.01. 08:00;3,1197
31.01. 09:00;15,17
31.01. 10:00;14,427
31.01. 11:00;10,437
31.01. 12:00;19,875
31.01. 13:00;14,395
31.01. 14:00;9,0137
31.01. 15:00;6,1914
31.01. 16:00;1,5235
31.01. 17:00;0
31.01. 18:00;0
31.01. 19:00;0
31.01. 20:00;0
31.01. 21:00;0
31.01. 22:00;0
31.01. 23:00;0
01.02. 00:00;0
01.02. 01:00;0
01.02. 02:00;0
01.02. 03:00;0
01.02. 04:00;0
01.02. 05:00;0
01.02. 06:00;0
01.02. 07:00;0
01.02. 08:00;8,0811
01.02. 09:00;22,411
01.02. 10:00;22,371
01.02. 11:00;24,945
01.02. 12:00;29,363
01.02. 13:00;25,254
01.02. 14:00;18,938
01.02. 15:00;9,438
01.02. 16:00;0,6787
01.02. 17:00;0
01.02. 18:00;0
01.02. 19:00;0
01.02. 20:00;0
01.02. 21:00;0
01.02. 22:00;0
01.02. 23:00;0
02.02. 00:00;0
02.02. 01:00;0
02.02. 02:00;0
02.02. 03:00;0
02.02. 04:00;0
02.02. 05:00;0
02.02. 06:00;0
02.02. 07:00;0
02.02. 08:00;10,609
02.02. 09:00;11,698
02.02. 10:00;19,436
02.02. 11:00;21,28
02.02. 12:00;23,126
02.02. 13:00;22,362
02.02. 14:00;14,594
02.02. 15:00;7,3322
02.02. 16:00;0
02.02. 17:00;0
02.02. 18:00;0
02.02. 19:00;0
02.02. 20:00;0
02.02. 21:00;0
02.02. 22:00;0
02.02. 23:00;0
03.02. 00:00;0
03.02. 01:00;0
03.02. 02:00;0
03.02. 03:00;0
03.02. 04:00;0
03.02. 05:00;0
03.02. 06:00;0
03.02. 07:00;0
03.02. 08:00;3,1352
03.02. 09:00;7,6071
03.02. 10:00;12,253
03.02. 11:00;15,517
03.02. 12:00;14,776
03.02. 13:00;30,896
03.02. 14:00;20,95
03.02. 15:00;8,2847
03.02. 16:00;2,452
03.02. 17:00;0
03.02. 18:00;0
03.02. 19:00;0
03.02. 20:00;0
03.02. 21:00;0
03.02. 22:00;0
03.02. 23:00;0
04.02. 00:00;0
04.02. 01:00;0
04.02. 02:00;0
04.02. 03:00;0
04.02. 04:00;0
04.02. 05:00;0
04.02. 06:00;0
04.02. 07:00;0
04.02. 08:00;3,7673
04.02. 09:00;8,9502
04.02. 10:00;9,6505
04.02. 11:00;15,739
04.02. 12:00;13,204
04.02. 13:00;11,771
04.02. 14:00;9,6264
04.02. 15:00;5,4286
04.02. 16:00;0,66681
04.02. 17:00;0
04.02. 18:00;0
04.02. 19:00;0
04.02. 20:00;0
04.02. 21:00;0
04.02. 22:00;0
04.02. 23:00;0
05.02. 00:00;0
05.02. 01:00;0
05.02. 02:00;0
05.02. 03:00;0
05.02. 04:00;0
05.02. 05:00;0
05.02. 06:00;0
05.02. 07:00;0
05.02. 08:00;16,849
05.02. 09:00;26,973
05.02. 10:00;38,415
05.02. 11:00;33,956
05.02. 12:00;26,608
05.02. 13:00;65,577
05.02. 14:00;55,044
05.02. 15:00;26,178
05.02. 16:00;8,6897
05.02. 17:00;0
05.02. 18:00;0
05.02. 19:00;0
05.02. 20:00;0
05.02. 21:00;0
05.02. 22:00;0
05.02. 23:00;0
06.02. 00:00;0
06.02. 01:00;0
06.02. 02:00;0
06.02. 03:00;0
06.02. 04:00;0
06.02. 05:00;0
06.02. 06:00;0
06.02. 07:00;0
06.02. 08:00;11,24
06.02. 09:00;27,869
06.02. 10:00;30,068
06.02. 11:00;25,203
06.02. 12:00;17,433
06.02. 13:00;39,271
06.02. 14:00;68,534
06.02. 15:00;30,932
06.02. 16:00;2,4825
06.02. 17:00;0
06.02. 18:00;0
06.02. 19:00;0
06.02. 20:00;0
06.02. 21:00;0
06.02. 22:00;0
06.02. 23:00;0
07.02. 00:00;0
07.02. 01:00;0
07.02. 02:00;0
07.02. 03:00;0
07.02. 04:00;0
07.02. 05:00;0
07.02. 06:00;0
07.02. 07:00;0
07.02. 08:00;7,0348
07.02. 09:00;15,736
07.02. 10:00;29,484
07.02. 11:00;37,313
07.02. 12:00;46,27
07.02. 13:00;52,595
07.02. 14:00;32,034
07.02. 15:00;17,912
07.02. 16:00;4,8705
07.02. 17:00;0
07.02. 18:00;0
07.02. 19:00;0
07.02. 20:00;0
07.02. 21:00;0
07.02. 22:00;0
07.02. 23:00;0
08.02. 00:00;0
08.02. 01:00;0
08.02. 02:00;0
08.02. 03:00;0
08.02. 04:00;0
08.02. 05:00;0
08.02. 06:00;0
08.02. 07:00;0
08.02. 08:00;15,616
08.02. 09:00;45,191
08.02. 10:00;62,391
08.02. 11:00;77,254
08.02. 12:00;101,61
08.02. 13:00;118,02
08.02. 14:00;99,353
08.02. 15:00;46,719
08.02. 16:00;12,044
08.02. 17:00;0
08.02. 18:00;0
08.02. 19:00;0
08.02. 20:00;0
08.02. 21:00;0
08.02. 22:00;0
08.02. 23:00;0
09.02. 00:00;0
09.02. 01:00;0
09.02. 02:00;0
09.02. 03:00;0
09.02. 04:00;0
09.02. 05:00;0
09.02. 06:00;0
09.02. 07:00;0
09.02. 08:00;11,525
09.02. 09:00;21,803
09.02. 10:00;46,208
09.02. 11:00;84,537
09.02. 12:00;56,563
09.02. 13:00;43,502
09.02. 14:00;65,879
09.02. 15:00;41,077
09.02. 16:00;2,8347
09.02. 17:00;0
09.02. 18:00;0
09.02. 19:00;0
09.02. 20:00;0
09.02. 21:00;0
09.02. 22:00;0
09.02. 23:00;0
10.02. 00:00;0
10.02. 01:00;0
10.02. 02:00;0
10.02. 03:00;0
10.02. 04:00;0
10.02. 05:00;0
10.02. 06:00;0
10.02. 07:00;0
10.02. 08:00;24,195
10.02. 09:00;48,155
10.02. 10:00;54,31
10.02. 11:00;61,717
10.02. 12:00;77,625
10.02. 13:00;90,938
10.02. 14:00;85,308
10.02. 15:00;56,173
10.02. 16:00;15,046
10.02. 17:00;0
10.02. 18:00;0
10.02. 19:00;0
10.02. 20:00;0
10.02. 21:00;0
10.02. 22:00;0
10.02. 23:00;0
11.02. 00:00;0
11.02. 01:00;0
11.02. 02:00;0
11.02. 03:00;0
11.02. 04:00;0
11.02. 05:00;0
11.02. 06:00;0
11.02. 07:00;0,97759
11.02. 08:00;32,244
11.02. 09:00;69,926
11.02. 10:00;105,1
11.02. 11:00;122,06
11.02. 12:00;119,02
11.02. 13:00;119,68
11.02. 14:00;97,691
11.02. 15:00;61,497
11.02. 16:00;17,334
11.02. 17:00;0
11.02. 18:00;0
11.02. 19:00;0
11.02. 20:00;0
11.02. 21:00;0
11.02. 22:00;0
11.02. 23:00;0
12.02. 00:00;0
12.02. 01:00;0
12.02. 02:00;0
12.02. 03:00;0
12.02. 04:00;0
12.02. 05:00;0
12.02. 06:00;0
12.02. 07:00;0
12.02. 08:00;6,7421
12.02. 09:00;49,425
12.02. 10:00;76,726
12.02. 11:00;95,429
12.02. 12:00;97,031
12.02. 13:00;82,275
12.02. 14:00;72,108
12.02. 15:00;51,123
12.02. 16:00;12,516
12.02. 17:00;0
12.02. 18:00;0
12.02. 19:00;0
12.02. 20:00;0
12.02. 21:00;0
12.02. 22:00;0
12.02. 23:00;0
13.02. 00:00;0
13.02. 01:00;0
13.02. 02:00;0
13.02. 03:00;0
13.02. 04:00;0
13.02. 05:00;0
13.02. 06:00;0
13.02. 07:00;0
13.02. 08:00;15,141
13.02. 09:00;22,464
13.02. 10:00;32,148
13.02. 11:00;41,819
13.02. 12:00;38,39
13.02. 13:00;44,662
13.02. 14:00;40,508
13.02. 15:00;45,592
13.02. 16:00;24,18
13.02. 17:00;0
13.02. 18:00;0
13.02. 19:00;0
13.02. 20:00;0
13.02. 21:00;0
13.02. 22:00;0
13.02. 23:00;0
14.02. 00:00;0
14.02. 01:00;0
14.02. 02:00;0
14.02. 03:00;0
14.02. 04:00;0
14.02. 05:00;0
14.02. 06:00;0
14.02. 07:00;1,5533
14.02. 08:00;29,891
14.02. 09:00;72,208
14.02. 10:00;56,869
14.02. 11:00;33,651
14.02. 12:00;28,765
14.02. 13:00;25,036
14.02. 14:00;22,035
14.02. 15:00;23,506
14.02. 16:00;7,0578
14.02. 17:00;0
14.02. 18:00;0
14.02. 19:00;0
14.02. 20:00;0
14.02. 21:00;0
14.02. 22:00;0
14.02. 23:00;0
15.02. 00:00;0
15.02. 01:00;0
15.02. 02:00;0
15.02. 03:00;0
15.02. 04:00;0
15.02. 05:00;0
15.02. 06:00;0
15.02. 07:00;1,8837
15.02. 08:00;28,264
15.02. 09:00;55,089
15.02. 10:00;91,896
15.02. 11:00;119,28
15.02. 12:00;124,45
15.02. 13:00;113,22
15.02. 14:00;84,457
15.02. 15:00;40,363
15.02. 16:00;10,028
15.02. 17:00;0
15.02. 18:00;0
15.02. 19:00;0
15.02. 20:00;0
15.02. 21:00;0
15.02. 22:00;0
15.02. 23:00;0
16.02. 00:00;0
16.02. 01:00;0
16.02. 02:00;0
16.02. 03:00;0
16.02. 04:00;0
16.02. 05:00;0
16.02. 06:00;0
16.02. 07:00;0
16.02. 08:00;4,5123
16.02. 09:00;8,7681
16.02. 10:00;20,143
16.02. 11:00;34,996
16.02. 12:00;40,223
16.02. 13:00;35,279
16.02. 14:00;15,617
16.02. 15:00;29,583
16.02. 16:00;13,175
16.02. 17:00;0
16.02. 18:00;0
16.02. 19:00;0
16.02. 20:00;0
16.02. 21:00;0
16.02. 22:00;0
16.02. 23:00;0
17.02. 00:00;0
17.02. 01:00;0
17.02. 02:00;0
17.02. 03:00;0
17.02. 04:00;0
17.02. 05:00;0
17.02. 06:00;0
17.02. 07:00;1,5471
17.02. 08:00;28,2
17.02. 09:00;45,993
17.02. 10:00;68,424
17.02. 11:00;68,07
17.02. 12:00;36,656
17.02. 13:00;33,265
17.02. 14:00;72,338
17.02. 15:00;75,886
17.02. 16:00;27,46
17.02. 17:00;0
17.02. 18:00;0
17.02. 19:00;0
17.02. 20:00;0
17.02. 21:00;0
17.02. 22:00;0
17.02. 23:00;0
18.02. 00:00;0
18.02. 01:00;0
18.02. 02:00;0
18.02. 03:00;0
18.02. 04:00;0
18.02. 05:00;0
18.02. 06:00;0
18.02. 07:00;5,2584
18.02. 08:00;44,842
18.02. 09:00;87,179
18.02. 10:00;106,28
18.02. 11:00;119,61
18.02. 12:00;92,759
18.02. 13:00;60,896
18.02. 14:00;72,962
18.02. 15:00;36,328
18.02. 16:00;17,882
18.02. 17:00;0
18.02. 18:00;0
18.02. 19:00;0
18.02. 20:00;0
18.02. 21:00;0
18.02. 22:00;0
18.02. 23:00;0
19.02. 00:00;0
19.02. 01:00;0
19.02. 02:00;0
19.02. 03:00;0
19.02. 04:00;0
19.02. 05:00;0
19.02. 06:00;0
19.02. 07:00;0,95388
19.02. 08:00;14,254
19.02. 09:00;27,615
19.02. 10:00;25
19.02. 11:00;18,657
19.02. 12:00;31,265
19.02. 13:00;36,421
19.02. 14:00;20,4
19.02. 15:00;12,304
19.02. 16:00;3,8051
19.02. 17:00;0
19.02. 18:00;0
19.02. 19:00;0
19.02. 20:00;0
19.02. 21:00;0
19.02. 22:00;0
19.02. 23:00;0
20.02. 00:00;0
20.02. 01:00;0
20.02. 02:00;0
20.02. 03:00;0
20.02. 04:00;0
20.02. 05:00;0
20.02. 06:00;0
20.02. 07:00;1,8413
20.02. 08:00;12,717
20.02. 09:00;35,264
20.02. 10:00;88,616
20.02. 11:00;112,08
20.02. 12:00;105,48
20.02. 13:00;92,752
20.02. 14:00;83,176
20.02. 15:00;49,942
20.02. 16:00;30,907
20.02. 17:00;1,5173
20.02. 18:00;0
20.02. 19:00;0
20.02. 20:00;0
20.02. 21:00;0
20.02. 22:00;0
20.02. 23:00;0
21.02. 00:00;0
21.02. 01:00;0
21.02. 02:00;0
21.02. 03:00;0
21.02. 04:00;0
21.02. 05:00;0
21.02. 06:00;0
21.02. 07:00;1,8361
21.02. 08:00;21,476
21.02. 09:00;63,908
21.02. 10:00;59,781
21.02. 11:00;54,943
21.02. 12:00;82,284
21.02. 13:00;61,851
21.02. 14:00;32,765
21.02. 15:00;21,755
21.02. 16:00;10,854
21.02. 17:00;0
21.02. 18:00;0
21.02. 19:00;0
21.02. 20:00;0
21.02. 21:00;0
21.02. 22:00;0
21.02. 23:00;0
22.02. 00:00;0
22.02. 01:00;0
22.02. 02:00;0
22.02. 03:00;0
22.02. 04:00;0
22.02. 05:00;0
22.02. 06:00;0
22.02. 07:00;1,846
22.02. 08:00;30,469
22.02. 09:00;45,008
22.02. 10:00;30,86
22.02. 11:00;40,641
22.02. 12:00;40,257
22.02. 13:00;67,218
22.02. 14:00;51,861
22.02. 15:00;34,043
22.02. 16:00;17,231
22.02. 17:00;1,2317
22.02. 18:00;0
22.02. 19:00;0
22.02. 20:00;0
22.02. 21:00;0
22.02. 22:00;0
22.02. 23:00;0
23.02. 00:00;0
23.02. 01:00;0
23.02. 02:00;0
23.02. 03:00;0
23.02. 04:00;0
23.02. 05:00;0
23.02. 06:00;0
23.02. 07:00;2,8173
23.02. 08:00;25,685
23.02. 09:00;42,832
23.02. 10:00;36,083
23.02. 11:00;61,336
23.02. 12:00;86,181
23.02. 13:00;48,539
23.02. 14:00;39,269
23.02. 15:00;28,637
23.02. 16:00;15,351
23.02. 17:00;0
23.02. 18:00;0
23.02. 19:00;0
23.02. 20:00;0
23.02. 21:00;0
23.02. 22:00;0
23.02. 23:00;0
24.02. 00:00;0
24.02. 01:00;0
24.02. 02:00;0
24.02. 03:00;0
24.02. 04:00;0
24.02. 05:00;0
24.02. 06:00;0
24.02. 07:00;1,5489
24.02. 08:00;34,358
24.02. 09:00;66,397
24.02. 10:00;100,13
24.02. 11:00;71,052
24.02. 12:00;41,302
24.02. 13:00;23,858
24.02. 14:00;33,556
24.02. 15:00;62,72
24.02. 16:00;36,332
24.02. 17:00;2,1628
24.02. 18:00;0
24.02. 19:00;0
24.02. 20:00;0
24.02. 21:00;0
24.02. 22:00;0
24.02. 23:00;0
25.02. 00:00;0
25.02. 01:00;0
25.02. 02:00;0
25.02. 03:00;0
25.02. 04:00;0
25.02. 05:00;0
25.02. 06:00;0
25.02. 07:00;8,11
25.02. 08:00;48,069
25.02. 09:00;71,049
25.02. 10:00;82,525
25.02. 11:00;96,947
25.02. 12:00;115,01
25.02. 13:00;121,7
25.02. 14:00;103,98
25.02. 15:00;73,468
25.02. 16:00;31,341
25.02. 17:00;2,4711
25.02. 18:00;0
25.02. 19:00;0
25.02. 20:00;0
25.02. 21:00;0
25.02. 22:00;0
25.02. 23:00;0
26.02. 00:00;0
26.02. 01:00;0
26.02. 02:00;0
26.02. 03:00;0
26.02. 04:00;0
26.02. 05:00;0
26.02. 06:00;0
26.02. 07:00;1,235
26.02. 08:00;8,7473
26.02. 09:00;21,148
26.02. 10:00;22,95
26.02. 11:00;25,855
26.02. 12:00;27,652
26.02. 13:00;21,717
26.02. 14:00;17,664
26.02. 15:00;12,567
26.02. 16:00;5,4731
26.02. 17:00;0
26.02. 18:00;0
26.02. 19:00;0
26.02. 20:00;0
26.02. 21:00;0
26.02. 22:00;0
26.02. 23:00;0
27.02. 00:00;0
27.02. 01:00;0
27.02. 02:00;0
27.02. 03:00;0
27.02. 04:00;0
27.02. 05:00;0
27.02. 06:00;0
27.02. 07:00;10,823
27.02. 08:00;63,543
27.02. 09:00;111,66
27.02. 10:00;148,76
27.02. 11:00;169,58
27.02. 12:00;173,32
27.02. 13:00;166
27.02. 14:00;137,25
27.02. 15:00;95,247
27.02. 16:00;45,009
27.02. 17:00;4,3714
27.02. 18:00;0
27.02. 19:00;0
27.02. 20:00;0
27.02. 21:00;0
27.02. 22:00;0
27.02. 23:00;0
28.02. 00:00;0
28.02. 01:00;0
28.02. 02:00;0
28.02. 03:00;0
28.02. 04:00;0
28.02. 05:00;0
28.02. 06:00;0
28.02. 07:00;9,3457
28.02. 08:00;61,188
28.02. 09:00;112,97
28.02. 10:00;134,48
28.02. 11:00;90,244
28.02. 12:00;104,61
28.02. 13:00;127,14
28.02. 14:00;113,27
28.02. 15:00;81,644
28.02. 16:00;42,49
28.02. 17:00;5,7603
28.02. 18:00;0
28.02. 19:00;0
28.02. 20:00;0
28.02. 21:00;0
28.02. 22:00;0
28.02. 23:00;0
01.03. 00:00;0
01.03. 01:00;0
01.03. 02:00;0
01.03. 03:00;0
01.03. 04:00;0
01.03. 05:00;0
01.03. 06:00;0
01.03. 07:00;5,9337
01.03. 08:00;26,885
01.03. 09:00;52,664
01.03. 10:00;55,547
01.03. 11:00;72,05
01.03. 12:00;121,81
01.03. 13:00;117,62
01.03. 14:00;68,238
01.03. 15:00;57,121
01.03. 16:00;18,093
01.03. 17:00;3,1224
01.03. 18:00;0
01.03. 19:00;0
01.03. 20:00;0
01.03. 21:00;0
01.03. 22:00;0
01.03. 23:00;0
02.03. 00:00;0
02.03. 01:00;0
02.03. 02:00;0
02.03. 03:00;0
02.03. 04:00;0
02.03. 05:00;0
02.03. 06:00;0
02.03. 07:00;16,073
02.03. 08:00;34,705
02.03. 09:00;76,998
02.03. 10:00;134,33
02.03. 11:00;139,27
02.03. 12:00;106,51
02.03. 13:00;78,778
02.03. 14:00;46,806
02.03. 15:00;16,257
02.03. 16:00;3,7895
02.03. 17:00;0
02.03. 18:00;0
02.03. 19:00;0
02.03. 20:00;0
02.03. 21:00;0
02.03. 22:00;0
02.03. 23:00;0
03.03. 00:00;0
03.03. 01:00;0
03.03. 02:00;0
03.03. 03:00;0
03.03. 04:00;0
03.03. 05:00;0
03.03. 06:00;0
03.03. 07:00;8,4044
03.03. 08:00;24,101
03.03. 09:00;47,819
03.03. 10:00;84,747
03.03. 11:00;97,963
03.03. 12:00;59,577
03.03. 13:00;35,882
03.03. 14:00;61,251
03.03. 15:00;60,658
03.03. 16:00;27,102
03.03. 17:00;3,8205
03.03. 18:00;0
03.03. 19:00;0
03.03. 20:00;0
03.03. 21:00;0
03.03. 22:00;0
03.03. 23:00;0
04.03. 00:00;0
04.03. 01:00;0
04.03. 02:00;0
04.03. 03:00;0
04.03. 04:00;0
04.03. 05:00;0
04.03. 06:00;0
04.03. 07:00;4,9344
04.03. 08:00;25,937
04.03. 09:00;69,4
04.03. 10:00;118,33
04.03. 11:00;143,64
04.03. 12:00;151,24
04.03. 13:00;144,32
04.03. 14:00;131,22
04.03. 15:00;96,454
04.03. 16:00;50,928
04.03. 17:00;8,75
04.03. 18:00;0
04.03. 19:00;0
04.03. 20:00;0
04.03. 21:00;0
04.03. 22:00;0
04.03. 23:00;0
05.03. 00:00;0
05.03. 01:00;0
05.03. 02:00;0
05.03. 03:00;0
05.03. 04:00;0
05.03. 05:00;0
05.03. 06:00;0
05.03. 07:00;3,9019
05.03. 08:00;55,922
05.03. 09:00;110,38
05.03. 10:00;142,34
05.03. 11:00;154,25
05.03. 12:00;161,48
05.03. 13:00;147,85
05.03. 14:00;135,81
05.03. 15:00;95,969
05.03. 16:00;51,225
05.03. 17:00;7,2572
05.03. 18:00;0
05.03. 19:00;0
05.03. 20:00;0
05.03. 21:00;0
05.03. 22:00;0
05.03. 23:00;0
06.03. 00:00;0
06.03. 01:00;0
06.03. 02:00;0
06.03. 03:00;0
06.03. 04:00;0
06.03. 05:00;0
06.03. 06:00;0
06.03. 07:00;6,7132
06.03. 08:00;41,235
06.03. 09:00;88,608
06.03. 10:00;111,98
06.03. 11:00;142,83
06.03. 12:00;141,36
06.03. 13:00;110,96
06.03. 14:00;85,59
06.03. 15:00;55,96
06.03. 16:00;26,154
06.03. 17:00;4,8205
06.03. 18:00;0
06.03. 19:00;0
06.03. 20:00;0
06.03. 21:00;0
06.03. 22:00;0
06.03. 23:00;0
07.03. 00:00;0
07.03. 01:00;0
07.03. 02:00;0
07.03. 03:00;0
07.03. 04:00;0
07.03. 05:00;0
07.03. 06:00;0
07.03. 07:00;3,8537
07.03. 08:00;44,719
07.03. 09:00;55,869
07.03. 10:00;35,283
07.03. 11:00;37,057
07.03. 12:00;57,341
07.03. 13:00;55,253
07.03. 14:00;36,382
07.03. 15:00;22,412
07.03. 16:00;19,124
07.03. 17:00;6,5334
07.03. 18:00;0
07.03. 19:00;0
07.03. 20:00;0
07.03. 21:00;0
07.03. 22:00;0
07.03. 23:00;0
08.03. 00:00;0
08.03. 01:00;0
08.03. 02:00;0
08.03. 03:00;0
08.03. 04:00;0
08.03. 05:00;0
08.03. 06:00;0
08.03. 07:00;28,832
08.03. 08:00;44,535
08.03. 09:00;29,254
08.03. 10:00;91,372
08.03. 11:00;197,79
08.03. 12:00;129,45
08.03. 13:00;31,611
08.03. 14:00;28,725
08.03. 15:00;14,958
08.03. 16:00;15,342
08.03. 17:00;6,4714
08.03. 18:00;0
08.03. 19:00;0
08.03. 20:00;0
08.03. 21:00;0
08.03. 22:00;0
08.03. 23:00;0
09.03. 00:00;0
09.03. 01:00;0
09.03. 02:00;0
09.03. 03:00;0
09.03. 04:00;0
09.03. 05:00;0
09.03. 06:00;0
09.03. 07:00;2,1461
09.03. 08:00;13,654
09.03. 09:00;20,905
09.03. 10:00;27,082
09.03. 11:00;24,121
09.03. 12:00;25,202
09.03. 13:00;22,633
09.03. 14:00;22,614
09.03. 15:00;14,272
09.03. 16:00;14,642
09.03. 17:00;2,7544
09.03. 18:00;0
09.03. 19:00;0
09.03. 20:00;0
09.03. 21:00;0
09.03. 22:00;0
09.03. 23:00;0
10.03. 00:00;0
10.03. 01:00;0
10.03. 02:00;0
10.03. 03:00;0
10.03. 04:00;0
10.03. 05:00;0
10.03. 06:00;0
10.03. 07:00;16,074
10.03. 08:00;28,853
10.03. 09:00;56,041
10.03. 10:00;83,265
10.03. 11:00;74,136
10.03. 12:00;39,746
10.03. 13:00;58,733
10.03. 14:00;66,281
10.03. 15:00;84,424
10.03. 16:00;52,644
10.03. 17:00;6,3988
10.03. 18:00;0
10.03. 19:00;0
10.03. 20:00;0
10.03. 21:00;0
10.03. 22:00;0
10.03. 23:00;0
11.03. 00:00;0
11.03. 01:00;0
11.03. 02:00;0
11.03. 03:00;0
11.03. 04:00;0
11.03. 05:00;0
11.03. 06:00;0
11.03. 07:00;6,4687
11.03. 08:00;26,92
11.03. 09:00;51,96
11.03. 10:00;106,79
11.03. 11:00;95,577
11.03. 12:00;43,013
11.03. 13:00;25,709
11.03. 14:00;20,327
11.03. 15:00;19,609
11.03. 16:00;7,8305
11.03. 17:00;2,1056
11.03. 18:00;0
11.03. 19:00;0
11.03. 20:00;0
11.03. 21:00;0
11.03. 22:00;0
11.03. 23:00;0
12.03. 00:00;0
12.03. 01:00;0
12.03. 02:00;0
12.03. 03:00;0
12.03. 04:00;0
12.03. 05:00;0
12.03. 06:00;0
12.03. 07:00;17,755
12.03. 08:00;28,843
12.03. 09:00;27,743
12.03. 10:00;59,62
12.03. 11:00;112,2
12.03. 12:00;72,481
12.03. 13:00;56,073
12.03. 14:00;37,19
12.03. 15:00;28,102
12.03. 16:00;18,294
12.03. 17:00;6,8502
12.03. 18:00;0
12.03. 19:00;0
12.03. 20:00;0
12.03. 21:00;0
12.03. 22:00;0
12.03. 23:00;0
13.03. 00:00;0
13.03. 01:00;0
13.03. 02:00;0
13.03. 03:00;0
13.03. 04:00;0
13.03. 05:00;0
13.03. 06:00;1,5407
13.03. 07:00;39,018
13.03. 08:00;83,617
13.03. 09:00;141,05
13.03. 10:00;176,33
13.03. 11:00;166,44
13.03. 12:00;179,87
13.03. 13:00;170,21
13.03. 14:00;155,98
13.03. 15:00;118,36
13.03. 16:00;68,772
13.03. 17:00;16,998
13.03. 18:00;0
13.03. 19:00;0
13.03. 20:00;0
13.03. 21:00;0
13.03. 22:00;0
13.03. 23:00;0
14.03. 00:00;0
14.03. 01:00;0
14.03. 02:00;0
14.03. 03:00;0
14.03. 04:00;0
14.03. 05:00;0
14.03. 06:00;0
14.03. 07:00;18,364
14.03. 08:00;38,768
14.03. 09:00;65,155
14.03. 10:00;83,411
14.03. 11:00;129,21
14.03. 12:00;191,72
14.03. 13:00;151,13
14.03. 14:00;80,855
14.03. 15:00;77,116
14.03. 16:00;55,066
14.03. 17:00;15,851
14.03. 18:00;0
14.03. 19:00;0
14.03. 20:00;0
14.03. 21:00;0
14.03. 22:00;0
14.03. 23:00;0
15.03. 00:00;0
15.03. 01:00;0
15.03. 02:00;0
15.03. 03:00;0
15.03. 04:00;0
15.03. 05:00;0
15.03. 06:00;1,5419
15.03. 07:00;34,968
15.03. 08:00;82,424
15.03. 09:00;141,8
15.03. 10:00;177,59
15.03. 11:00;198,17
15.03. 12:00;203
15.03. 13:00;189,31
15.03. 14:00;162,17
15.03. 15:00;120,79
15.03. 16:00;69,689
15.03. 17:00;26,216
15.03. 18:00;0
15.03. 19:00;0
15.03. 20:00;0
15.03. 21:00;0
15.03. 22:00;0
15.03. 23:00;0
16.03. 00:00;0
16.03. 01:00;0
16.03. 02:00;0
16.03. 03:00;0
16.03. 04:00;0
16.03. 05:00;0
16.03. 06:00;2,4973
16.03. 07:00;38,674
16.03. 08:00;81,593
16.03. 09:00;114,9
16.03. 10:00;161,83
16.03. 11:00;196,25
16.03. 12:00;200,69
16.03. 13:00;185,55
16.03. 14:00;159,46
16.03. 15:00;120,91
16.03. 16:00;70,757
16.03. 17:00;26,531
16.03. 18:00;0
16.03. 19:00;0
16.03. 20:00;0
16.03. 21:00;0
16.03. 22:00;0
16.03. 23:00;0
17.03. 00:00;0
17.03. 01:00;0
17.03. 02:00;0
17.03. 03:00;0
17.03. 04:00;0
17.03. 05:00;0
17.03. 06:00;0
17.03. 07:00;20,004
17.03. 08:00;50,434
17.03. 09:00;90,575
17.03. 10:00;74,863
17.03. 11:00;44,838
17.03. 12:00;35,481
17.03. 13:00;28,772
17.03. 14:00;37,929
17.03. 15:00;67,162
17.03. 16:00;62,684
17.03. 17:00;23,304
17.03. 18:00;0
17.03. 19:00;0
17.03. 20:00;0
17.03. 21:00;0
17.03. 22:00;0
17.03. 23:00;0
18.03. 00:00;0
18.03. 01:00;0
18.03. 02:00;0
18.03. 03:00;0
18.03. 04:00;0
18.03. 05:00;0
18.03. 06:00;2,4895
18.03. 07:00;34,899
18.03. 08:00;88,745
18.03. 09:00;147,89
18.03. 10:00;181,14
18.03. 11:00;201,59
18.03. 12:00;201,52
18.03. 13:00;178,17
18.03. 14:00;104,7
18.03. 15:00;42,45
18.03. 16:00;69,318
18.03. 17:00;28,256
18.03. 18:00;0
18.03. 19:00;0
18.03. 20:00;0
18.03. 21:00;0
18.03. 22:00;0
18.03. 23:00;0
19.03. 00:00;0
19.03. 01:00;0
19.03. 02:00;0
19.03. 03:00;0
19.03. 04:00;0
19.03. 05:00;0
19.03. 06:00;0
19.03. 07:00;10,507
19.03. 08:00;20,357
19.03. 09:00;29,199
19.03. 10:00;26,205
19.03. 11:00;23,614
19.03. 12:00;23,233
19.03. 13:00;18,075
19.03. 14:00;19,546
19.03. 15:00;19,913
19.03. 16:00;14,425
19.03. 17:00;6,9309
19.03. 18:00;0
19.03. 19:00;0
19.03. 20:00;0
19.03. 21:00;0
19.03. 22:00;0
19.03. 23:00;0
20.03. 00:00;0
20.03. 01:00;0
20.03. 02:00;0
20.03. 03:00;0
20.03. 04:00;0
20.03. 05:00;0
20.03. 06:00;0,67904
20.03. 07:00;13,809
20.03. 08:00;26,743
20.03. 09:00;39,369
20.03. 10:00;43,051
20.03. 11:00;36,317
20.03. 12:00;34,821
20.03. 13:00;33,66
20.03. 14:00;29,917
20.03. 15:00;22,142
20.03. 16:00;15,539
20.03. 17:00;4,4907
20.03. 18:00;0
20.03. 19:00;0
20.03. 20:00;0
20.03. 21:00;0
20.03. 22:00;0
20.03. 23:00;0
21.03. 00:00;0
21.03. 01:00;0
21.03. 02:00;0
21.03. 03:00;0
21.03. 04:00;0
21.03. 05:00;0
21.03. 06:00;7,0838
21.03. 07:00;56,961
21.03. 08:00;103,04
21.03. 09:00;156,96
21.03. 10:00;188,75
21.03. 11:00;210,75
21.03. 12:00;217,44
21.03. 13:00;204,28
21.03. 14:00;178,39
21.03. 15:00;137,03
21.03. 16:00;84,05
21.03. 17:00;34,439
21.03. 18:00;0
21.03. 19:00;0
21.03. 20:00;0
21.03. 21:00;0
21.03. 22:00;0
21.03. 23:00;0
22.03. 00:00;0
22.03. 01:00;0
22.03. 02:00;0
22.03. 03:00;0
22.03. 04:00;0
22.03. 05:00;0
22.03. 06:00;7,7973
22.03. 07:00;58,224
22.03. 08:00;104,27
22.03. 09:00;162,06
22.03. 10:00;196,73
22.03. 11:00;216,2
22.03. 12:00;215,05
22.03. 13:00;200,73
22.03. 14:00;175,53
22.03. 15:00;135,92
22.03. 16:00;84,039
22.03. 17:00;35,043
22.03. 18:00;0,67171
22.03. 19:00;0
22.03. 20:00;0
22.03. 21:00;0
22.03. 22:00;0
22.03. 23:00;0
23.03. 00:00;0
23.03. 01:00;0
23.03. 02:00;0
23.03. 03:00;0
23.03. 04:00;0
23.03. 05:00;0
23.03. 06:00;9,1971
23.03. 07:00;61,252
23.03. 08:00;107,05
23.03. 09:00;165,57
23.03. 10:00;199,44
23.03. 11:00;217,92
23.03. 12:00;220,13
23.03. 13:00;204,27
23.03. 14:00;178,07
23.03. 15:00;136,61
23.03. 16:00;86,333
23.03. 17:00;37,033
23.03. 18:00;0,92202
23.03. 19:00;0
23.03. 20:00;0
23.03. 21:00;0
23.03. 22:00;0
23.03. 23:00;0
24.03. 00:00;0
24.03. 01:00;0
24.03. 02:00;0
24.03. 03:00;0
24.03. 04:00;0
24.03. 05:00;0
24.03. 06:00;10,168
24.03. 07:00;62,809
24.03. 08:00;107,32
24.03. 09:00;165,39
24.03. 10:00;198,77
24.03. 11:00;216,75
24.03. 12:00;218,03
24.03. 13:00;202,84
24.03. 14:00;175,79
24.03. 15:00;136,57
24.03. 16:00;85,832
24.03. 17:00;35,56
24.03. 18:00;0,91139
24.03. 19:00;0
24.03. 20:00;0
24.03. 21:00;0
24.03. 22:00;0
24.03. 23:00;0
25.03. 00:00;0
25.03. 01:00;0
25.03. 02:00;0
25.03. 03:00;0
25.03. 04:00;0
25.03. 05:00;0
25.03. 06:00;8,9152
25.03. 07:00;54,355
25.03. 08:00;82,8
25.03. 09:00;115,65
25.03. 10:00;172,94
25.03. 11:00;184,4
25.03. 12:00;202,26
25.03. 13:00;174,66
25.03. 14:00;164,23
25.03. 15:00;135,88
25.03. 16:00;85,851
25.03. 17:00;35,023
25.03. 18:00;0,92095
25.03. 19:00;0
25.03. 20:00;0
25.03. 21:00;0
25.03. 22:00;0
25.03. 23:00;0
26.03. 00:00;0
26.03. 01:00;0
26.03. 02:00;0
26.03. 03:00;0
26.03. 04:00;0
26.03. 05:00;0
26.03. 06:00;3,4699
26.03. 07:00;23,703
26.03. 08:00;40,026
26.03. 09:00;56,672
26.03. 10:00;65,82
26.03. 11:00;93,043
26.03. 12:00;149,69
26.03. 13:00;193,35
26.03. 14:00;178,03
26.03. 15:00;136
26.03. 16:00;84,517
26.03. 17:00;34,769
26.03. 18:00;0,92282
26.03. 19:00;0
26.03. 20:00;0
26.03. 21:00;0
26.03. 22:00;0
26.03. 23:00;0
27.03. 00:00;0
27.03. 01:00;0
27.03. 02:00;0
27.03. 03:00;0
27.03. 04:00;0
27.03. 05:00;0
27.03. 06:00;5,2159
27.03. 07:00;39,562
27.03. 08:00;60,672
27.03. 09:00;102,76
27.03. 10:00;81,564
27.03. 11:00;108,72
27.03. 12:00;121,98
27.03. 13:00;81,664
27.03. 14:00;79,304
27.03. 15:00;33,062
27.03. 16:00;17,316
27.03. 17:00;12,379
27.03. 18:00;0
27.03. 19:00;0
27.03. 20:00;0
27.03. 21:00;0
27.03. 22:00;0
27.03. 23:00;0
28.03. 00:00;0
28.03. 01:00;0
28.03. 02:00;0
28.03. 03:00;0
28.03. 04:00;0
28.03. 05:00;0
28.03. 06:00;6,7048
28.03. 07:00;39,521
28.03. 08:00;82,479
28.03. 09:00;140,55
28.03. 10:00;175,01
28.03. 11:00;152,46
28.03. 12:00;158,19
28.03. 13:00;206,41
28.03. 14:00;172,61
28.03. 15:00;125,3
28.03. 16:00;50,152
28.03. 17:00;30,354
28.03. 18:00;1,1936
28.03. 19:00;0
28.03. 20:00;0
28.03. 21:00;0
28.03. 22:00;0
28.03. 23:00;0
29.03. 00:00;0
29.03. 01:00;0
29.03. 02:00;0
29.03. 03:00;0
29.03. 04:00;0
29.03. 05:00;0
29.03. 06:00;14,539
29.03. 07:00;64,224
29.03. 08:00;106,62
29.03. 09:00;166,36
29.03. 10:00;202,97
29.03. 11:00;224,93
29.03. 12:00;231,03
29.03. 13:00;218,43
29.03. 14:00;185,84
29.03. 15:00;138,48
29.03. 16:00;83,358
29.03. 17:00;31,85
29.03. 18:00;1,4793
29.03. 19:00;0
29.03. 20:00;0
29.03. 21:00;0
29.03. 22:00;0
29.03. 23:00;0
30.03. 00:00;0
30.03. 01:00;0
30.03. 02:00;0
30.03. 03:00;0
30.03. 04:00;0
30.03. 05:00;0
30.03. 06:00;7,6026
30.03. 07:00;39,562
30.03. 08:00;87,543
30.03. 09:00;136,01
30.03. 10:00;175,87
30.03. 11:00;210,24
30.03. 12:00;223,28
30.03. 13:00;209,05
30.03. 14:00;182,3
30.03. 15:00;140,41
30.03. 16:00;90,851
30.03. 17:00;39,901
30.03. 18:00;2,106
30.03. 19:00;0
30.03. 20:00;0
30.03. 21:00;0
30.03. 22:00;0
30.03. 23:00;0
31.03. 00:00;0
31.03. 01:00;0
31.03. 02:00;0
31.03. 03:00;0
31.03. 04:00;0
31.03. 05:00;0
31.03. 06:00;6,5867
31.03. 07:00;37,568
31.03. 08:00;82,821
31.03. 09:00;156,49
31.03. 10:00;212,33
31.03. 11:00;232,89
31.03. 12:00;234,21
31.03. 13:00;220,95
31.03. 14:00;193,48
31.03. 15:00;152,93
31.03. 16:00;101,53
31.03. 17:00;44,429
31.03. 18:00;2,7327
31.03. 19:00;0
31.03. 20:00;0
31.03. 21:00;0
31.03. 22:00;0
31.03. 23:00;0
01.04. 00:00;0
01.04. 01:00;0
01.04. 02:00;0
01.04. 03:00;0
01.04. 04:00;0
01.04. 05:00;0,66933
01.04. 06:00;30,466
01.04. 07:00;74,881
01.04. 08:00;112,4
01.04. 09:00;165,26
01.04. 10:00;205,07
01.04. 11:00;207,57
01.04. 12:00;175,18
01.04. 13:00;162,28
01.04. 14:00;142,61
01.04. 15:00;109,54
01.04. 16:00;75,051
01.04. 17:00;28,096
01.04. 18:00;0,92721
01.04. 19:00;0
01.04. 20:00;0
01.04. 21:00;0
01.04. 22:00;0
01.04. 23:00;0
02.04. 00:00;0
02.04. 01:00;0
02.04. 02:00;0
02.04. 03:00;0
02.04. 04:00;0
02.04. 05:00;0
02.04. 06:00;19,468
02.04. 07:00;81,683
02.04. 08:00;138,65
02.04. 09:00;182,83
02.04. 10:00;206,15
02.04. 11:00;207,61
02.04. 12:00;210,44
02.04. 13:00;199,85
02.04. 14:00;183,29
02.04. 15:00;145,65
02.04. 16:00;95,918
02.04. 17:00;42,512
02.04. 18:00;2,4177
02.04. 19:00;0
02.04. 20:00;0
02.04. 21:00;0
02.04. 22:00;0
02.04. 23:00;0
03.04. 00:00;0
03.04. 01:00;0
03.04. 02:00;0
03.04. 03:00;0
03.04. 04:00;0
03.04. 05:00;0,94834
03.04. 06:00;33,648
03.04. 07:00;86,982
03.04. 08:00;142,03
03.04. 09:00;131,74
03.04. 10:00;71,407
03.04. 11:00;170,43
03.04. 12:00;234,98
03.04. 13:00;196,96
03.04. 14:00;162,59
03.04. 15:00;129,38
03.04. 16:00;58,856
03.04. 17:00;20,831
03.04. 18:00;1,1953
03.04. 19:00;0
03.04. 20:00;0
03.04. 21:00;0
03.04. 22:00;0
03.04. 23:00;0
04.04. 00:00;0
04.04. 01:00;0
04.04. 02:00;0
04.04. 03:00;0
04.04. 04:00;0
04.04. 05:00;0
04.04. 06:00;2,4467
04.04. 07:00;12,829
04.04. 08:00;42,539
04.04. 09:00;68,408
04.04. 10:00;97,501
04.04. 11:00;142,14
04.04. 12:00;115,34
04.04. 13:00;73,946
04.04. 14:00;57,526
04.04. 15:00;98,274
04.04. 16:00;66,28
04.04. 17:00;17,965
04.04. 18:00;0
04.04. 19:00;0
04.04. 20:00;0
04.04. 21:00;0
04.04. 22:00;0
04.04. 23:00;0
05.04. 00:00;0
05.04. 01:00;0
05.04. 02:00;0
05.04. 03:00;0
05.04. 04:00;0
05.04. 05:00;0,66849
05.04. 06:00;9,3391
05.04. 07:00;20,491
05.04. 08:00;47,928
05.04. 09:00;54,084
05.04. 10:00;36,65
05.04. 11:00;52,46
05.04. 12:00;41,018
05.04. 13:00;47,243
05.04. 14:00;54,409
05.04. 15:00;43,455
05.04. 16:00;55,441
05.04. 17:00;44,122
05.04. 18:00;4,0814
05.04. 19:00;0
05.04. 20:00;0
05.04. 21:00;0
05.04. 22:00;0
05.04. 23:00;0
06.04. 00:00;0
06.04. 01:00;0
06.04. 02:00;0
06.04. 03:00;0
06.04. 04:00;0
06.04. 05:00;0
06.04. 06:00;10,85
06.04. 07:00;42,647
06.04. 08:00;90,061
06.04. 09:00;155,53
06.04. 10:00;212,77
06.04. 11:00;202,57
06.04. 12:00;146,41
06.04. 13:00;147,15
06.04. 14:00;130,5
06.04. 15:00;70,833
06.04. 16:00;44,31
06.04. 17:00;37,44
06.04. 18:00;4,3746
06.04. 19:00;0
06.04. 20:00;0
06.04. 21:00;0
06.04. 22:00;0
06.04. 23:00;0
07.04. 00:00;0
07.04. 01:00;0
07.04. 02:00;0
07.04. 03:00;0
07.04. 04:00;0
07.04. 05:00;2,4675
07.04. 06:00;39,587
07.04. 07:00;94,831
07.04. 08:00;149,55
07.04. 09:00;193,91
07.04. 10:00;225,87
07.04. 11:00;241,2
07.04. 12:00;240,88
07.04. 13:00;224,22
07.04. 14:00;197,45
07.04. 15:00;156,47
07.04. 16:00;104,31
07.04. 17:00;48,662
07.04. 18:00;4,332
07.04. 19:00;0
07.04. 20:00;0
07.04. 21:00;0
07.04. 22:00;0
07.04. 23:00;0
08.04. 00:00;0
08.04. 01:00;0
08.04. 02:00;0
08.04. 03:00;0
08.04. 04:00;0
08.04. 05:00;2,7827
08.04. 06:00;38,123
08.04. 07:00;90,375
08.04. 08:00;141,05
08.04. 09:00;177,23
08.04. 10:00;214,77
08.04. 11:00;236,88
08.04. 12:00;231,37
08.04. 13:00;196,82
08.04. 14:00;169,51
08.04. 15:00;113,52
08.04. 16:00;47,792
08.04. 17:00;11,075
08.04. 18:00;0
08.04. 19:00;0
08.04. 20:00;0
08.04. 21:00;0
08.04. 22:00;0
08.04. 23:00;0
09.04. 00:00;0
09.04. 01:00;0
09.04. 02:00;0
09.04. 03:00;0
09.04. 04:00;0
09.04. 05:00;3,7816
09.04. 06:00;28,714
09.04. 07:00;45,489
09.04. 08:00;86,99
09.04. 09:00;164,11
09.04. 10:00;189,64
09.04. 11:00;163,73
09.04. 12:00;136,91
09.04. 13:00;55,346
09.04. 14:00;30,042
09.04. 15:00;34,408
09.04. 16:00;40,191
09.04. 17:00;18,098
09.04. 18:00;0,66206
09.04. 19:00;0
09.04. 20:00;0
09.04. 21:00;0
09.04. 22:00;0
09.04. 23:00;0
10.04. 00:00;0
10.04. 01:00;0
10.04. 02:00;0
10.04. 03:00;0
10.04. 04:00;0
10.04. 05:00;0
10.04. 06:00;26,939
10.04. 07:00;77,706
10.04. 08:00;111,79
10.04. 09:00;122,81
10.04. 10:00;115,65
10.04. 11:00;124,69
10.04. 12:00;113,59
10.04. 13:00;162,87
10.04. 14:00;97,439
10.04. 15:00;51,531
10.04. 16:00;63,329
10.04. 17:00;35,004
10.04. 18:00;5,7973
10.04. 19:00;0
10.04. 20:00;0
10.04. 21:00;0
10.04. 22:00;0
10.04. 23:00;0
11.04. 00:00;0
11.04. 01:00;0
11.04. 02:00;0
11.04. 03:00;0
11.04. 04:00;0
11.04. 05:00;0
11.04. 06:00;8,7113
11.04. 07:00;24,76
11.04. 08:00;56,899
11.04. 09:00;76,164
11.04. 10:00;51,502
11.04. 11:00;49,629
11.04. 12:00;75,227
11.04. 13:00;66,333
11.04. 14:00;39,529
11.04. 15:00;52,361
11.04. 16:00;51,88
11.04. 17:00;38,583
11.04. 18:00;4,09
11.04. 19:00;0
11.04. 20:00;0
11.04. 21:00;0
11.04. 22:00;0
11.04. 23:00;0
12.04. 00:00;0
12.04. 01:00;0
12.04. 02:00;0
12.04. 03:00;0
12.04. 04:00;0
12.04. 05:00;4,1368
12.04. 06:00;27,973
12.04. 07:00;73,064
12.04. 08:00;74,59
12.04. 09:00;139,9
12.04. 10:00;211,99
12.04. 11:00;244,69
12.04. 12:00;223,96
12.04. 13:00;92,928
12.04. 14:00;71,03
12.04. 15:00;102,56
12.04. 16:00;97,005
12.04. 17:00;53,572
12.04. 18:00;6,3886
12.04. 19:00;0
12.04. 20:00;0
12.04. 21:00;0
12.04. 22:00;0
12.04. 23:00;0
13.04. 00:00;0
13.04. 01:00;0
13.04. 02:00;0
13.04. 03:00;0
13.04. 04:00;0
13.04. 05:00;1,8407
13.04. 06:00;21,441
13.04. 07:00;75,575
13.04. 08:00;149,74
13.04. 09:00;180,63
13.04. 10:00;221,79
13.04. 11:00;232,22
13.04. 12:00;242,73
13.04. 13:00;203,61
13.04. 14:00;133,42
13.04. 15:00;86,559
13.04. 16:00;53,14
13.04. 17:00;26,212
13.04. 18:00;3,6936
13.04. 19:00;0
13.04. 20:00;0
13.04. 21:00;0
13.04. 22:00;0
13.04. 23:00;0
14.04. 00:00;0
14.04. 01:00;0
14.04. 02:00;0
14.04. 03:00;0
14.04. 04:00;0
14.04. 05:00;5,869
14.04. 06:00;42,756
14.04. 07:00;97,328
14.04. 08:00;111,42
14.04. 09:00;44,739
14.04. 10:00;75,073
14.04. 11:00;74,639
14.04. 12:00;75,65
14.04. 13:00;59,646
14.04. 14:00;149,1
14.04. 15:00;125,47
14.04. 16:00;43,022
14.04. 17:00;20,306
14.04. 18:00;3,0702
14.04. 19:00;0
14.04. 20:00;0
14.04. 21:00;0
14.04. 22:00;0
14.04. 23:00;0
15.04. 00:00;0
15.04. 01:00;0
15.04. 02:00;0
15.04. 03:00;0
15.04. 04:00;0
15.04. 05:00;1,8233
15.04. 06:00;8,2943
15.04. 07:00;33,8
15.04. 08:00;51,363
15.04. 09:00;64,775
15.04. 10:00;52,89
15.04. 11:00;33,077
15.04. 12:00;37,74
15.04. 13:00;43,172
15.04. 14:00;52,916
15.04. 15:00;60,715
15.04. 16:00;47,266
15.04. 17:00;27,011
15.04. 18:00;5,7253
15.04. 19:00;0
15.04. 20:00;0
15.04. 21:00;0
15.04. 22:00;0
15.04. 23:00;0
16.04. 00:00;0
16.04. 01:00;0
16.04. 02:00;0
16.04. 03:00;0
16.04. 04:00;0
16.04. 05:00;5,8613
16.04. 06:00;29,515
16.04. 07:00;71,56
16.04. 08:00;75,762
16.04. 09:00;105,89
16.04. 10:00;175,5
16.04. 11:00;166,52
16.04. 12:00;180,18
16.04. 13:00;211,72
16.04. 14:00;196,39
16.04. 15:00;164,77
16.04. 16:00;116,8
16.04. 17:00;63,205
16.04. 18:00;11,674
16.04. 19:00;0
16.04. 20:00;0
16.04. 21:00;0
16.04. 22:00;0
16.04. 23:00;0
17.04. 00:00;0
17.04. 01:00;0
17.04. 02:00;0
17.04. 03:00;0
17.04. 04:00;0
17.04. 05:00;11,954
17.04. 06:00;56,576
17.04. 07:00;112,11
17.04. 08:00;162,78
17.04. 09:00;208,56
17.04. 10:00;243,37
17.04. 11:00;257,43
17.04. 12:00;257,78
17.04. 13:00;240,91
17.04. 14:00;212,87
17.04. 15:00;171,8
17.04. 16:00;119,55
17.04. 17:00;63,734
17.04. 18:00;11,908
17.04. 19:00;0
17.04. 20:00;0
17.04. 21:00;0
17.04. 22:00;0
17.04. 23:00;0
18.04. 00:00;0
18.04. 01:00;0
18.04. 02:00;0
18.04. 03:00;0
18.04. 04:00;0
18.04. 05:00;11,851
18.04. 06:00;60,096
18.04. 07:00;117,84
18.04. 08:00;170,18
18.04. 09:00;210,84
18.04. 10:00;242,51
18.04. 11:00;256,11
18.04. 12:00;256,08
18.04. 13:00;239,29
18.04. 14:00;212,46
18.04. 15:00;171,44
18.04. 16:00;120,02
18.04. 17:00;65,005
18.04. 18:00;17,481
18.04. 19:00;0
18.04. 20:00;0
18.04. 21:00;0
18.04. 22:00;0
18.04. 23:00;0
19.04. 00:00;0
19.04. 01:00;0
19.04. 02:00;0
19.04. 03:00;0
19.04. 04:00;0
19.04. 05:00;9,685
19.04. 06:00;52,761
19.04. 07:00;108,36
19.04. 08:00;161,64
19.04. 09:00;196,32
19.04. 10:00;180,39
19.04. 11:00;187,08
19.04. 12:00;212,29
19.04. 13:00;197,6
19.04. 14:00;164,74
19.04. 15:00;135,07
19.04. 16:00;100,93
19.04. 17:00;56,172
19.04. 18:00;16,214
19.04. 19:00;0
19.04. 20:00;0
19.04. 21:00;0
19.04. 22:00;0
19.04. 23:00;0
20.04. 00:00;0
20.04. 01:00;0
20.04. 02:00;0
20.04. 03:00;0
20.04. 04:00;0
20.04. 05:00;12,64
20.04. 06:00;59,082
20.04. 07:00;114,3
20.04. 08:00;165,3
20.04. 09:00;210,28
20.04. 10:00;240,45
20.04. 11:00;253,92
20.04. 12:00;236,23
20.04. 13:00;217,41
20.04. 14:00;172,37
20.04. 15:00;160,22
20.04. 16:00;110,24
20.04. 17:00;45,987
20.04. 18:00;2,76
20.04. 19:00;0
20.04. 20:00;0
20.04. 21:00;0
20.04. 22:00;0
20.04. 23:00;0
21.04. 00:00;0
21.04. 01:00;0
21.04. 02:00;0
21.04. 03:00;0
21.04. 04:00;0
21.04. 05:00;4,1099
21.04. 06:00;28,637
21.04. 07:00;40,03
21.04. 08:00;82,526
21.04. 09:00;149,19
21.04. 10:00;163,53
21.04. 11:00;151,89
21.04. 12:00;187,3
21.04. 13:00;142,19
21.04. 14:00;132,62
21.04. 15:00;101,95
21.04. 16:00;86,737
21.04. 17:00;33,835
21.04. 18:00;25,352
21.04. 19:00;0
21.04. 20:00;0
21.04. 21:00;0
21.04. 22:00;0
21.04. 23:00;0
22.04. 00:00;0
22.04. 01:00;0
22.04. 02:00;0
22.04. 03:00;0
22.04. 04:00;0
22.04. 05:00;1,831
22.04. 06:00;48,612
22.04. 07:00;84,369
22.04. 08:00;78,72
22.04. 09:00;108,2
22.04. 10:00;121,7
22.04. 11:00;124,44
22.04. 12:00;155,75
22.04. 13:00;123,4
22.04. 14:00;119,57
22.04. 15:00;114,2
22.04. 16:00;109,38
22.04. 17:00;74,289
22.04. 18:00;25,865
22.04. 19:00;0
22.04. 20:00;0
22.04. 21:00;0
22.04. 22:00;0
22.04. 23:00;0
23.04. 00:00;0
23.04. 01:00;0
23.04. 02:00;0
23.04. 03:00;0
23.04. 04:00;0
23.04. 05:00;14,87
23.04. 06:00;67,561
23.04. 07:00;123,51
23.04. 08:00;180,43
23.04. 09:00;219,37
23.04. 10:00;242,68
23.04. 11:00;262,25
23.04. 12:00;266,9
23.04. 13:00;252,8
23.04. 14:00;225,69
23.04. 15:00;183,93
23.04. 16:00;130,74
23.04. 17:00;74,407
23.04. 18:00;23,385
23.04. 19:00;0
23.04. 20:00;0
23.04. 21:00;0
23.04. 22:00;0
23.04. 23:00;0
24.04. 00:00;0
24.04. 01:00;0
24.04. 02:00;0
24.04. 03:00;0
24.04. 04:00;0
24.04. 05:00;1,838
24.04. 06:00;22,661
24.04. 07:00;54,741
24.04. 08:00;92,078
24.04. 09:00;154,68
24.04. 10:00;203,79
24.04. 11:00;236,88
24.04. 12:00;259,66
24.04. 13:00;250,18
24.04. 14:00;219,62
24.04. 15:00;179,41
24.04. 16:00;128,7
24.04. 17:00;72,785
24.04. 18:00;24,11
24.04. 19:00;0
24.04. 20:00;0
24.04. 21:00;0
24.04. 22:00;0
24.04. 23:00;0
25.04. 00:00;0
25.04. 01:00;0
25.04. 02:00;0
25.04. 03:00;0
25.04. 04:00;0
25.04. 05:00;22,401
25.04. 06:00;73,191
25.04. 07:00;127,8
25.04. 08:00;178,64
25.04. 09:00;218,79
25.04. 10:00;251,09
25.04. 11:00;264,87
25.04. 12:00;266,1
25.04. 13:00;249,21
25.04. 14:00;221,48
25.04. 15:00;180,55
25.04. 16:00;129,1
25.04. 17:00;73,778
25.04. 18:00;23,007
25.04. 19:00;0
25.04. 20:00;0
25.04. 21:00;0
25.04. 22:00;0
25.04. 23:00;0
26.04. 00:00;0
26.04. 01:00;0
26.04. 02:00;0
26.04. 03:00;0
26.04. 04:00;0
26.04. 05:00;22,294
26.04. 06:00;60,911
26.04. 07:00;115,44
26.04. 08:00;154,05
26.04. 09:00;158,3
26.04. 10:00;203,31
26.04. 11:00;161,63
26.04. 12:00;96,663
26.04. 13:00;42,437
26.04. 14:00;28,687
26.04. 15:00;26,316
26.04. 16:00;18,411
26.04. 17:00;16,981
26.04. 18:00;3,3898
26.04. 19:00;0
26.04. 20:00;0
26.04. 21:00;0
26.04. 22:00;0
26.04. 23:00;0
27.04. 00:00;0
27.04. 01:00;0
27.04. 02:00;0
27.04. 03:00;0
27.04. 04:00;0
27.04. 05:00;10,728
27.04. 06:00;60,436
27.04. 07:00;114,73
27.04. 08:00;124,56
27.04. 09:00;133,68
27.04. 10:00;116,65
27.04. 11:00;55,2
27.04. 12:00;47,797
27.04. 13:00;52,841
27.04. 14:00;46,367
27.04. 15:00;88,911
27.04. 16:00;100,06
27.04. 17:00;37,981
27.04. 18:00;9,1876
27.04. 19:00;0
27.04. 20:00;0
27.04. 21:00;0
27.04. 22:00;0
27.04. 23:00;0
28.04. 00:00;0
28.04. 01:00;0
28.04. 02:00;0
28.04. 03:00;0
28.04. 04:00;0
28.04. 05:00;16,805
28.04. 06:00;74,848
28.04. 07:00;134,05
28.04. 08:00;185,56
28.04. 09:00;223,02
28.04. 10:00;249,95
28.04. 11:00;267,85
28.04. 12:00;269,7
28.04. 13:00;252,07
28.04. 14:00;213,66
28.04. 15:00;166,22
28.04. 16:00;111,88
28.04. 17:00;66,688
28.04. 18:00;26,796
28.04. 19:00;0
28.04. 20:00;0
28.04. 21:00;0
28.04. 22:00;0
28.04. 23:00;0
29.04. 00:00;0
29.04. 01:00;0
29.04. 02:00;0
29.04. 03:00;0
29.04. 04:00;0
29.04. 05:00;21,725
29.04. 06:00;55,686
29.04. 07:00;107,85
29.04. 08:00;160,17
29.04. 09:00;202,03
29.04. 10:00;203,05
29.04. 11:00;202,34
29.04. 12:00;205,29
29.04. 13:00;219,32
29.04. 14:00;186,55
29.04. 15:00;122,83
29.04. 16:00;69,936
29.04. 17:00;44,949
29.04. 18:00;16,188
29.04. 19:00;0
29.04. 20:00;0
29.04. 21:00;0
29.04. 22:00;0
29.04. 23:00;0
30.04. 00:00;0
30.04. 01:00;0
30.04. 02:00;0
30.04. 03:00;0
30.04. 04:00;0
30.04. 05:00;7,7438
30.04. 06:00;58,963
30.04. 07:00;50,019
30.04. 08:00;142,97
30.04. 09:00;203,96
30.04. 10:00;169,34
30.04. 11:00;208,72
30.04. 12:00;221,49
30.04. 13:00;125,28
30.04. 14:00;66,495
30.04. 15:00;77,455
30.04. 16:00;84,069
30.04. 17:00;38,332
30.04. 18:00;3,942
30.04. 19:00;0
30.04. 20:00;0
30.04. 21:00;0
30.04. 22:00;0
30.04. 23:00;0
01.05. 00:00;0
01.05. 01:00;0
01.05. 02:00;0
01.05. 03:00;0
01.05. 04:00;0
01.05. 05:00;20,15
01.05. 06:00;64,995
01.05. 07:00;118,34
01.05. 08:00;175,98
01.05. 09:00;219,4
01.05. 10:00;249,13
01.05. 11:00;262,98
01.05. 12:00;264,05
01.05. 13:00;250,49
01.05. 14:00;220,92
01.05. 15:00;180,76
01.05. 16:00;132,6
01.05. 17:00;77,224
01.05. 18:00;25,811
01.05. 19:00;0
01.05. 20:00;0
01.05. 21:00;0
01.05. 22:00;0
01.05. 23:00;0
02.05. 00:00;0
02.05. 01:00;0
02.05. 02:00;0
02.05. 03:00;0
02.05. 04:00;1,2133
02.05. 05:00;29,745
02.05. 06:00;80,22
02.05. 07:00;136,9
02.05. 08:00;188,29
02.05. 09:00;229,58
02.05. 10:00;257,29
02.05. 11:00;270,45
02.05. 12:00;273,15
02.05. 13:00;260,06
02.05. 14:00;228,34
02.05. 15:00;186,18
02.05. 16:00;135,79
02.05. 17:00;78,476
02.05. 18:00;26,56
02.05. 19:00;0
02.05. 20:00;0
02.05. 21:00;0
02.05. 22:00;0
02.05. 23:00;0
03.05. 00:00;0
03.05. 01:00;0
03.05. 02:00;0
03.05. 03:00;0
03.05. 04:00;0,66074
03.05. 05:00;15,95
03.05. 06:00;32,747
03.05. 07:00;81,922
03.05. 08:00;139,5
03.05. 09:00;187,97
03.05. 10:00;244,49
03.05. 11:00;231,79
03.05. 12:00;221,76
03.05. 13:00;204,39
03.05. 14:00;169,54
03.05. 15:00;164,02
03.05. 16:00;111,02
03.05. 17:00;48,677
03.05. 18:00;16,685
03.05. 19:00;0
03.05. 20:00;0
03.05. 21:00;0
03.05. 22:00;0
03.05. 23:00;0
04.05. 00:00;0
04.05. 01:00;0
04.05. 02:00;0
04.05. 03:00;0
04.05. 04:00;0
04.05. 05:00;5,4467
04.05. 06:00;17,132
04.05. 07:00;47,715
04.05. 08:00;71,192
04.05. 09:00;45,025
04.05. 10:00;134,45
04.05. 11:00;116,85
04.05. 12:00;187,48
04.05. 13:00;153,34
04.05. 14:00;106,41
04.05. 15:00;83,594
04.05. 16:00;56,427
04.05. 17:00;48,913
04.05. 18:00;14,225
04.05. 19:00;0
04.05. 20:00;0
04.05. 21:00;0
04.05. 22:00;0
04.05. 23:00;0
05.05. 00:00;0
05.05. 01:00;0
05.05. 02:00;0
05.05. 03:00;0
05.05. 04:00;0
05.05. 05:00;6,4905
05.05. 06:00;15,713
05.05. 07:00;22,212
05.05. 08:00;82,936
05.05. 09:00;97,506
05.05. 10:00;96,846
05.05. 11:00;53,63
05.05. 12:00;49,005
05.05. 13:00;41,107
05.05. 14:00;38,144
05.05. 15:00;54,662
05.05. 16:00;37,974
05.05. 17:00;24,209
05.05. 18:00;17,839
05.05. 19:00;0,66018
05.05. 20:00;0
05.05. 21:00;0
05.05. 22:00;0
05.05. 23:00;0
06.05. 00:00;0
06.05. 01:00;0
06.05. 02:00;0
06.05. 03:00;0
06.05. 04:00;0
06.05. 05:00;5,0785
06.05. 06:00;10,982
06.05. 07:00;21,339
06.05. 08:00;35,774
06.05. 09:00;53,923
06.05. 10:00;59,326
06.05. 11:00;77,578
06.05. 12:00;56,689
06.05. 13:00;90,816
06.05. 14:00;150,35
06.05. 15:00;181,23
06.05. 16:00;119,53
06.05. 17:00;79,359
06.05. 18:00;40,709
06.05. 19:00;1,198
06.05. 20:00;0
06.05. 21:00;0
06.05. 22:00;0
06.05. 23:00;0
07.05. 00:00;0
07.05. 01:00;0
07.05. 02:00;0
07.05. 03:00;0
07.05. 04:00;0
07.05. 05:00;2,4437
07.05. 06:00;17,12
07.05. 07:00;57,705
07.05. 08:00;126,02
07.05. 09:00;198,78
07.05. 10:00;213,22
07.05. 11:00;178,41
07.05. 12:00;192,06
07.05. 13:00;153,76
07.05. 14:00;139,87
07.05. 15:00;126
07.05. 16:00;133,54
07.05. 17:00;62,334
07.05. 18:00;34,607
07.05. 19:00;1,1791
07.05. 20:00;0
07.05. 21:00;0
07.05. 22:00;0
07.05. 23:00;0
08.05. 00:00;0
08.05. 01:00;0
08.05. 02:00;0
08.05. 03:00;0
08.05. 04:00;2,4141
08.05. 05:00;34,825
08.05. 06:00;85,969
08.05. 07:00;123,3
08.05. 08:00;161,62
08.05. 09:00;157,14
08.05. 10:00;97,371
08.05. 11:00;72,598
08.05. 12:00;78,697
08.05. 13:00;77,244
08.05. 14:00;172,07
08.05. 15:00;191,51
08.05. 16:00;117,83
08.05. 17:00;78,894
08.05. 18:00;36,303
08.05. 19:00;1,7448
08.05. 20:00;0
08.05. 21:00;0
08.05. 22:00;0
08.05. 23:00;0
09.05. 00:00;0
09.05. 01:00;0
09.05. 02:00;0
09.05. 03:00;0
09.05. 04:00;3,7512
09.05. 05:00;38,425
09.05. 06:00;90,021
09.05. 07:00;140,88
09.05. 08:00;183,3
09.05. 09:00;188,78
09.05. 10:00;215,92
09.05. 11:00;238,72
09.05. 12:00;244,14
09.05. 13:00;249,2
09.05. 14:00;216,16
09.05. 15:00;158,64
09.05. 16:00;135,45
09.05. 17:00;69,706
09.05. 18:00;17,692
09.05. 19:00;0
09.05. 20:00;0
09.05. 21:00;0
09.05. 22:00;0
09.05. 23:00;0
10.05. 00:00;0
10.05. 01:00;0
10.05. 02:00;0
10.05. 03:00;0
10.05. 04:00;0
10.05. 05:00;5,7313
10.05. 06:00;32,509
10.05. 07:00;42,993
10.05. 08:00;106,38
10.05. 09:00;192,81
10.05. 10:00;247,68
10.05. 11:00;280,32
10.05. 12:00;274,36
10.05. 13:00;265,34
10.05. 14:00;220,63
10.05. 15:00;169,41
10.05. 16:00;127,35
10.05. 17:00;80,402
10.05. 18:00;29,617
10.05. 19:00;2,0563
10.05. 20:00;0
10.05. 21:00;0
10.05. 22:00;0
10.05. 23:00;0
11.05. 00:00;0
11.05. 01:00;0
11.05. 02:00;0
11.05. 03:00;0
11.05. 04:00;0
11.05. 05:00;4,031
11.05. 06:00;9,5064
11.05. 07:00;19,798
11.05. 08:00;35,943
11.05. 09:00;39,526
11.05. 10:00;41,349
11.05. 11:00;41,361
11.05. 12:00;47,471
11.05. 13:00;45,65
11.05. 14:00;56,755
11.05. 15:00;87,404
11.05. 16:00;33,057
11.05. 17:00;28,403
11.05. 18:00;8,1109
11.05. 19:00;0
11.05. 20:00;0
11.05. 21:00;0
11.05. 22:00;0
11.05. 23:00;0
12.05. 00:00;0
12.05. 01:00;0
12.05. 02:00;0
12.05. 03:00;0
12.05. 04:00;5,8258
12.05. 05:00;46,033
12.05. 06:00;102,19
12.05. 07:00;160,27
12.05. 08:00;209,18
12.05. 09:00;209,73
12.05. 10:00;214,58
12.05. 11:00;214,86
12.05. 12:00;229,72
12.05. 13:00;241,58
12.05. 14:00;216,69
12.05. 15:00;163,65
12.05. 16:00;107,52
12.05. 17:00;78,581
12.05. 18:00;41,956
12.05. 19:00;3,3613
12.05. 20:00;0
12.05. 21:00;0
12.05. 22:00;0
12.05. 23:00;0
13.05. 00:00;0
13.05. 01:00;0
13.05. 02:00;0
13.05. 03:00;0
13.05. 04:00;6,1701
13.05. 05:00;44,645
13.05. 06:00;99,231
13.05. 07:00;154,22
13.05. 08:00;203,71
13.05. 09:00;244,15
13.05. 10:00;270,21
13.05. 11:00;282,83
13.05. 12:00;282,29
13.05. 13:00;259,81
13.05. 14:00;227,61
13.05. 15:00;193,43
13.05. 16:00;140,98
13.05. 17:00;90,083
13.05. 18:00;41,524
13.05. 19:00;3,3377
13.05. 20:00;0
13.05. 21:00;0
13.05. 22:00;0
13.05. 23:00;0
14.05. 00:00;0
14.05. 01:00;0
14.05. 02:00;0
14.05. 03:00;0
14.05. 04:00;0
14.05. 05:00;20,382
14.05. 06:00;53,469
14.05. 07:00;104,1
14.05. 08:00;133,56
14.05. 09:00;158,57
14.05. 10:00;241,85
14.05. 11:00;286,25
14.05. 12:00;279,07
14.05. 13:00;242,76
14.05. 14:00;214,46
14.05. 15:00;179,45
14.05. 16:00;151,33
14.05. 17:00;95,903
14.05. 18:00;40,49
14.05. 19:00;3,6666
14.05. 20:00;0
14.05. 21:00;0
14.05. 22:00;0
14.05. 23:00;0
15.05. 00:00;0
15.05. 01:00;0
15.05. 02:00;0
15.05. 03:00;0
15.05. 04:00;2,1206
15.05. 05:00;33,144
15.05. 06:00;65,659
15.05. 07:00;113,86
15.05. 08:00;110,59
15.05. 09:00;165,72
15.05. 10:00;222,61
15.05. 11:00;208,14
15.05. 12:00;194,32
15.05. 13:00;167,31
15.05. 14:00;150,66
15.05. 15:00;152,33
15.05. 16:00;113,65
15.05. 17:00;61,547
15.05. 18:00;22,329
15.05. 19:00;1,4638
15.05. 20:00;0
15.05. 21:00;0
15.05. 22:00;0
15.05. 23:00;0
16.05. 00:00;0
16.05. 01:00;0
16.05. 02:00;0
16.05. 03:00;0
16.05. 04:00;0
16.05. 05:00;3,0657
16.05. 06:00;11,382
16.05. 07:00;24,283
16.05. 08:00;30,425
16.05. 09:00;63,71
16.05. 10:00;132,13
16.05. 11:00;215,73
16.05. 12:00;217,56
16.05. 13:00;171,88
16.05. 14:00;171,68
16.05. 15:00;98,574
16.05. 16:00;98,265
16.05. 17:00;71,504
16.05. 18:00;19,882
16.05. 19:00;0,6491
16.05. 20:00;0
16.05. 21:00;0
16.05. 22:00;0
16.05. 23:00;0
17.05. 00:00;0
17.05. 01:00;0
17.05. 02:00;0
17.05. 03:00;0
17.05. 04:00;4,0534
17.05. 05:00;29,992
17.05. 06:00;94,094
17.05. 07:00;141,47
17.05. 08:00;189,96
17.05. 09:00;235,68
17.05. 10:00;254,16
17.05. 11:00;264,29
17.05. 12:00;260,77
17.05. 13:00;243,99
17.05. 14:00;234,98
17.05. 15:00;189,79
17.05. 16:00;149,83
17.05. 17:00;97,892
17.05. 18:00;46,802
17.05. 19:00;6,1955
17.05. 20:00;0
17.05. 21:00;0
17.05. 22:00;0
17.05. 23:00;0
18.05. 00:00;0
18.05. 01:00;0
18.05. 02:00;0
18.05. 03:00;0
18.05. 04:00;0
18.05. 05:00;3,0124
18.05. 06:00;11,157
18.05. 07:00;61,11
18.05. 08:00;78,555
18.05. 09:00;165,42
18.05. 10:00;156,03
18.05. 11:00;116,12
18.05. 12:00;151,71
18.05. 13:00;234
18.05. 14:00;187,92
18.05. 15:00;143,1
18.05. 16:00;131,55
18.05. 17:00;72,099
18.05. 18:00;22,09
18.05. 19:00;3,9293
18.05. 20:00;0
18.05. 21:00;0
18.05. 22:00;0
18.05. 23:00;0
19.05. 00:00;0
19.05. 01:00;0
19.05. 02:00;0
19.05. 03:00;0
19.05. 04:00;0
19.05. 05:00;18,64
19.05. 06:00;80,349
19.05. 07:00;145,93
19.05. 08:00;186,38
19.05. 09:00;217,79
19.05. 10:00;237,18
19.05. 11:00;237,13
19.05. 12:00;184,94
19.05. 13:00;161,46
19.05. 14:00;197,99
19.05. 15:00;192,59
19.05. 16:00;147,18
19.05. 17:00;72,102
19.05. 18:00;22,162
19.05. 19:00;2,6648
19.05. 20:00;0
19.05. 21:00;0
19.05. 22:00;0
19.05. 23:00;0
20.05. 00:00;0
20.05. 01:00;0
20.05. 02:00;0
20.05. 03:00;0
20.05. 04:00;0
20.05. 05:00;5,9793
20.05. 06:00;47,796
20.05. 07:00;101,55
20.05. 08:00;167,38
20.05. 09:00;214,89
20.05. 10:00;230
20.05. 11:00;224,6
20.05. 12:00;224,39
20.05. 13:00;213,51
20.05. 14:00;183,57
20.05. 15:00;153,12
20.05. 16:00;110,11
20.05. 17:00;70,738
20.05. 18:00;45,351
20.05. 19:00;4,8893
20.05. 20:00;0
20.05. 21:00;0
20.05. 22:00;0
20.05. 23:00;0
21.05. 00:00;0
21.05. 01:00;0
21.05. 02:00;0
21.05. 03:00;0
21.05. 04:00;5,6529
21.05. 05:00;30,299
21.05. 06:00;72,431
21.05. 07:00;102,57
21.05. 08:00;130,9
21.05. 09:00;195,68
21.05. 10:00;164,07
21.05. 11:00;53,795
21.05. 12:00;37,844
21.05. 13:00;35,901
21.05. 14:00;25,255
21.05. 15:00;48,853
21.05. 16:00;61,97
21.05. 17:00;30,162
21.05. 18:00;22,342
21.05. 19:00;3,3176
21.05. 20:00;0
21.05. 21:00;0
21.05. 22:00;0
21.05. 23:00;0
22.05. 00:00;0
22.05. 01:00;0
22.05. 02:00;0
22.05. 03:00;0
22.05. 04:00;1,1969
22.05. 05:00;19,831
22.05. 06:00;53,741
22.05. 07:00;54,029
22.05. 08:00;82,867
22.05. 09:00;73,856
22.05. 10:00;120,47
22.05. 11:00;235,88
22.05. 12:00;188,93
22.05. 13:00;244,99
22.05. 14:00;181,8
22.05. 15:00;109,11
22.05. 16:00;93,158
22.05. 17:00;63,156
22.05. 18:00;33,458
22.05. 19:00;0,91035
22.05. 20:00;0
22.05. 21:00;0
22.05. 22:00;0
22.05. 23:00;0
23.05. 00:00;0
23.05. 01:00;0
23.05. 02:00;0
23.05. 03:00;0
23.05. 04:00;10,667
23.05. 05:00;46,639
23.05. 06:00;96,527
23.05. 07:00;140,74
23.05. 08:00;177,54
23.05. 09:00;229,4
23.05. 10:00;244,83
23.05. 11:00;246,25
23.05. 12:00;256,11
23.05. 13:00;250,05
23.05. 14:00;217,16
23.05. 15:00;189,78
23.05. 16:00;158,33
23.05. 17:00;105,82
23.05. 18:00;51,66
23.05. 19:00;6,6317
23.05. 20:00;0
23.05. 21:00;0
23.05. 22:00;0
23.05. 23:00;0
24.05. 00:00;0
24.05. 01:00;0
24.05. 02:00;0
24.05. 03:00;0
24.05. 04:00;6,7396
24.05. 05:00;49,093
24.05. 06:00;106,33
24.05. 07:00;158,53
24.05. 08:00;207,5
24.05. 09:00;247,81
24.05. 10:00;274,78
24.05. 11:00;284,66
24.05. 12:00;272,97
24.05. 13:00;250,39
24.05. 14:00;224,48
24.05. 15:00;173,48
24.05. 16:00;118,36
24.05. 17:00;74,767
24.05. 18:00;33,367
24.05. 19:00;4,8612
24.05. 20:00;0
24.05. 21:00;0
24.05. 22:00;0
24.05. 23:00;0
25.05. 00:00;0
25.05. 01:00;0
25.05. 02:00;0
25.05. 03:00;0
25.05. 04:00;10,213
25.05. 05:00;49,798
25.05. 06:00;102,87
25.05. 07:00;156,05
25.05. 08:00;204,01
25.05. 09:00;243,12
25.05. 10:00;270,7
25.05. 11:00;283,57
25.05. 12:00;287,05
25.05. 13:00;274,61
25.05. 14:00;244,8
25.05. 15:00;205,53
25.05. 16:00;158,89
25.05. 17:00;105,01
25.05. 18:00;52,362
25.05. 19:00;9,5972
25.05. 20:00;0
25.05. 21:00;0
25.05. 22:00;0
25.05. 23:00;0
26.05. 00:00;0
26.05. 01:00;0
26.05. 02:00;0
26.05. 03:00;0
26.05. 04:00;7,7239
26.05. 05:00;46,291
26.05. 06:00;87,911
26.05. 07:00;149,69
26.05. 08:00;202,63
26.05. 09:00;240,32
26.05. 10:00;258,72
26.05. 11:00;186,99
26.05. 12:00;52,185
26.05. 13:00;24,165
26.05. 14:00;22,849
26.05. 15:00;25,304
26.05. 16:00;64,567
26.05. 17:00;49,861
26.05. 18:00;7,6081
26.05. 19:00;4,917
26.05. 20:00;0
26.05. 21:00;0
26.05. 22:00;0
26.05. 23:00;0
27.05. 00:00;0
27.05. 01:00;0
27.05. 02:00;0
27.05. 03:00;0
27.05. 04:00;5,0461
27.05. 05:00;24,559
27.05. 06:00;70,678
27.05. 07:00;126,36
27.05. 08:00;181,76
27.05. 09:00;187,37
27.05. 10:00;176,89
27.05. 11:00;213,67
27.05. 12:00;239,58
27.05. 13:00;119,48
27.05. 14:00;109,3
27.05. 15:00;133,59
27.05. 16:00;139,86
27.05. 17:00;82,069
27.05. 18:00;34,095
27.05. 19:00;9,0575
27.05. 20:00;0
27.05. 21:00;0
27.05. 22:00;0
27.05. 23:00;0
28.05. 00:00;0
28.05. 01:00;0
28.05. 02:00;0
28.05. 03:00;0
28.05. 04:00;0,6564
28.05. 05:00;4,0203
28.05. 06:00;16,595
28.05. 07:00;30,348
28.05. 08:00;43,421
28.05. 09:00;53,815
28.05. 10:00;95,566
28.05. 11:00;191
28.05. 12:00;166,33
28.05. 13:00;172,33
28.05. 14:00;198,96
28.05. 15:00;171,03
28.05. 16:00;134,42
28.05. 17:00;92,297
28.05. 18:00;51,151
28.05. 19:00;11,945
28.05. 20:00;0
28.05. 21:00;0
28.05. 22:00;0
28.05. 23:00;0
29.05. 00:00;0
29.05. 01:00;0
29.05. 02:00;0
29.05. 03:00;0
29.05. 04:00;6,8256
29.05. 05:00;19,644
29.05. 06:00;27,923
29.05. 07:00;94,635
29.05. 08:00;166,19
29.05. 09:00;199,08
29.05. 10:00;222,32
29.05. 11:00;227,72
29.05. 12:00;262,77
29.05. 13:00;270,05
29.05. 14:00;247,44
29.05. 15:00;217,3
29.05. 16:00;170,27
29.05. 17:00;114,59
29.05. 18:00;59,549
29.05. 19:00;15,572
29.05. 20:00;0
29.05. 21:00;0
29.05. 22:00;0
29.05. 23:00;0
30.05. 00:00;0
30.05. 01:00;0
30.05. 02:00;0
30.05. 03:00;0
30.05. 04:00;0,66157
30.05. 05:00;4,7111
30.05. 06:00;28,87
30.05. 07:00;63,785
30.05. 08:00;87,317
30.05. 09:00;80,719
30.05. 10:00;95,02
30.05. 11:00;96,86
30.05. 12:00;59,943
30.05. 13:00;111,9
30.05. 14:00;81,875
30.05. 15:00;85,285
30.05. 16:00;32,908
30.05. 17:00;31,743
30.05. 18:00;7,3581
30.05. 19:00;4,6867
30.05. 20:00;0
30.05. 21:00;0
30.05. 22:00;0
30.05. 23:00;0
31.05. 00:00;0
31.05. 01:00;0
31.05. 02:00;0
31.05. 03:00;0
31.05. 04:00;10,572
31.05. 05:00;38,562
31.05. 06:00;59,05
31.05. 07:00;82,849
31.05. 08:00;143,1
31.05. 09:00;173,61
31.05. 10:00;181,8
31.05. 11:00;222,78
31.05. 12:00;202,8
31.05. 13:00;251,92
31.05. 14:00;150,32
31.05. 15:00;19,181
31.05. 16:00;40,348
31.05. 17:00;51,012
31.05. 18:00;6,2682
31.05. 19:00;1,7654
31.05. 20:00;0
31.05. 21:00;0
31.05. 22:00;0
31.05. 23:00;0
01.06. 00:00;0
01.06. 01:00;0
01.06. 02:00;0
01.06. 03:00;0
01.06. 04:00;4,6176
01.06. 05:00;28,333
01.06. 06:00;77,408
01.06. 07:00;80,752
01.06. 08:00;123,14
01.06. 09:00;123,17
01.06. 10:00;64,402
01.06. 11:00;80,79
01.06. 12:00;90,255
01.06. 13:00;188,77
01.06. 14:00;95,303
01.06. 15:00;35,367
01.06. 16:00;52,496
01.06. 17:00;50,46
01.06. 18:00;28,424
01.06. 19:00;4,9953
01.06. 20:00;0
01.06. 21:00;0
01.06. 22:00;0
01.06. 23:00;0
02.06. 00:00;0
02.06. 01:00;0
02.06. 02:00;0
02.06. 03:00;0
02.06. 04:00;0,65403
02.06. 05:00;21,14
02.06. 06:00;38,32
02.06. 07:00;113,3
02.06. 08:00;174,64
02.06. 09:00;191,6
02.06. 10:00;224
02.06. 11:00;229,45
02.06. 12:00;241,37
02.06. 13:00;220,98
02.06. 14:00;179,84
02.06. 15:00;111,7
02.06. 16:00;45,471
02.06. 17:00;18,891
02.06. 18:00;16,817
02.06. 19:00;5,9256
02.06. 20:00;0
02.06. 21:00;0
02.06. 22:00;0
02.06. 23:00;0
03.06. 00:00;0
03.06. 01:00;0
03.06. 02:00;0
03.06. 03:00;0
03.06. 04:00;0,64787
03.06. 05:00;3,6552
03.06. 06:00;8,7422
03.06. 07:00;33,295
03.06. 08:00;48,687
03.06. 09:00;57,88
03.06. 10:00;256,66
03.06. 11:00;240,59
03.06. 12:00;237,65
03.06. 13:00;75,538
03.06. 14:00;106,88
03.06. 15:00;212,16
03.06. 16:00;162,52
03.06. 17:00;114,86
03.06. 18:00;58,089
03.06. 19:00;16,752
03.06. 20:00;0
03.06. 21:00;0
03.06. 22:00;0
03.06. 23:00;0
04.06. 00:00;0
04.06. 01:00;0
04.06. 02:00;0
04.06. 03:00;0
04.06. 04:00;7,6965
04.06. 05:00;40,913
04.06. 06:00;103,61
04.06. 07:00;171,92
04.06. 08:00;223,8
04.06. 09:00;265,61
04.06. 10:00;267,47
04.06. 11:00;256,13
04.06. 12:00;234,67
04.06. 13:00;223,18
04.06. 14:00;179,75
04.06. 15:00;150,73
04.06. 16:00;125,54
04.06. 17:00;81,838
04.06. 18:00;35,559
04.06. 19:00;7,6441
04.06. 20:00;0
04.06. 21:00;0
04.06. 22:00;0
04.06. 23:00;0
05.06. 00:00;0
05.06. 01:00;0
05.06. 02:00;0
05.06. 03:00;0
05.06. 04:00;2,0786
05.06. 05:00;30,09
05.06. 06:00;89,972
05.06. 07:00;156,04
05.06. 08:00;207,12
05.06. 09:00;245,78
05.06. 10:00;272,34
05.06. 11:00;285,64
05.06. 12:00;287,19
05.06. 13:00;268,13
05.06. 14:00;220,54
05.06. 15:00;203,86
05.06. 16:00;158,76
05.06. 17:00;106,83
05.06. 18:00;50,505
05.06. 19:00;13,023
05.06. 20:00;0,63766
05.06. 21:00;0
05.06. 22:00;0
05.06. 23:00;0
06.06. 00:00;0
06.06. 01:00;0
06.06. 02:00;0
06.06. 03:00;0
06.06. 04:00;7,2419
06.06. 05:00;38,609
06.06. 06:00;91,549
06.06. 07:00;150,37
06.06. 08:00;198,87
06.06. 09:00;235,31
06.06. 10:00;261,17
06.06. 11:00;273,67
06.06. 12:00;268,96
06.06. 13:00;264,33
06.06. 14:00;238,82
06.06. 15:00;188,96
06.06. 16:00;114,76
06.06. 17:00;24,342
06.06. 18:00;19,473
06.06. 19:00;18,831
06.06. 20:00;0,63237
06.06. 21:00;0
06.06. 22:00;0
06.06. 23:00;0
07.06. 00:00;0
07.06. 01:00;0
07.06. 02:00;0
07.06. 03:00;0
07.06. 04:00;4,574
07.06. 05:00;24,252
07.06. 06:00;74,59
07.06. 07:00;135,77
07.06. 08:00;199,68
07.06. 09:00;236,18
07.06. 10:00;252,5
07.06. 11:00;271,07
07.06. 12:00;106,55
07.06. 13:00;70,154
07.06. 14:00;204,54
07.06. 15:00;162,7
07.06. 16:00;31,573
07.06. 17:00;9,4415
07.06. 18:00;5,1488
07.06. 19:00;1,4388
07.06. 20:00;0
07.06. 21:00;0
07.06. 22:00;0
07.06. 23:00;0
08.06. 00:00;0
08.06. 01:00;0
08.06. 02:00;0
08.06. 03:00;0
08.06. 04:00;0,65726
08.06. 05:00;28,791
08.06. 06:00;35,164
08.06. 07:00;67,143
08.06. 08:00;122,34
08.06. 09:00;139,64
08.06. 10:00;141,43
08.06. 11:00;153,16
08.06. 12:00;153,19
08.06. 13:00;177,37
08.06. 14:00;152,93
08.06. 15:00;67,936
08.06. 16:00;76,376
08.06. 17:00;107,26
08.06. 18:00;43,346
08.06. 19:00;12,853
08.06. 20:00;0
08.06. 21:00;0
08.06. 22:00;0
08.06. 23:00;0
09.06. 00:00;0
09.06. 01:00;0
09.06. 02:00;0
09.06. 03:00;0
09.06. 04:00;13,957
09.06. 05:00;52,989
09.06. 06:00;110,24
09.06. 07:00;164,86
09.06. 08:00;213,02
09.06. 09:00;247,1
09.06. 10:00;263,45
09.06. 11:00;245,89
09.06. 12:00;200,31
09.06. 13:00;204,76
09.06. 14:00;226,33
09.06. 15:00;209,17
09.06. 16:00;165,2
09.06. 17:00;114,86
09.06. 18:00;59,91
09.06. 19:00;12,258
09.06. 20:00;1,4295
09.06. 21:00;0
09.06. 22:00;0
09.06. 23:00;0
10.06. 00:00;0
10.06. 01:00;0
10.06. 02:00;0
10.06. 03:00;0
10.06. 04:00;0,651
10.06. 05:00;5,918
10.06. 06:00;25,354
10.06. 07:00;55,544
10.06. 08:00;50,488
10.06. 09:00;97,981
10.06. 10:00;120,69
10.06. 11:00;113,39
10.06. 12:00;93,69
10.06. 13:00;56,099
10.06. 14:00;25,97
10.06. 15:00;24,776
10.06. 16:00;19,169
10.06. 17:00;13,586
10.06. 18:00;7,3397
10.06. 19:00;1,7731
10.06. 20:00;0
10.06. 21:00;0
10.06. 22:00;0
10.06. 23:00;0
11.06. 00:00;0
11.06. 01:00;0
11.06. 02:00;0
11.06. 03:00;0
11.06. 04:00;1,2004
11.06. 05:00;4,3297
11.06. 06:00;13,3
11.06. 07:00;60,432
11.06. 08:00;86,877
11.06. 09:00;91,652
11.06. 10:00;72,208
11.06. 11:00;87,254
11.06. 12:00;171,65
11.06. 13:00;245,59
11.06. 14:00;204,11
11.06. 15:00;167,67
11.06. 16:00;120,93
11.06. 17:00;57,051
11.06. 18:00;19,375
11.06. 19:00;3,6241
11.06. 20:00;0
11.06. 21:00;0
11.06. 22:00;0
11.06. 23:00;0
12.06. 00:00;0
12.06. 01:00;0
12.06. 02:00;0
12.06. 03:00;0
12.06. 04:00;0,65891
12.06. 05:00;3,6587
12.06. 06:00;13,267
12.06. 07:00;31,395
12.06. 08:00;54,527
12.06. 09:00;73,577
12.06. 10:00;70,013
12.06. 11:00;113,47
12.06. 12:00;147,81
12.06. 13:00;111,94
12.06. 14:00;124,4
12.06. 15:00;79,276
12.06. 16:00;25,612
12.06. 17:00;13,587
12.06. 18:00;8,3771
12.06. 19:00;0,91404
12.06. 20:00;0
12.06. 21:00;0
12.06. 22:00;0
12.06. 23:00;0
13.06. 00:00;0
13.06. 01:00;0
13.06. 02:00;0
13.06. 03:00;0
13.06. 04:00;0,67027
13.06. 05:00;5,0721
13.06. 06:00;31,935
13.06. 07:00;54,071
13.06. 08:00;100,31
13.06. 09:00;132,22
13.06. 10:00;172,18
13.06. 11:00;157,81
13.06. 12:00;122,06
13.06. 13:00;170,66
13.06. 14:00;163,6
13.06. 15:00;151,07
13.06. 16:00;117,01
13.06. 17:00;84,724
13.06. 18:00;63,044
13.06. 19:00;21,336
13.06. 20:00;0,91401
13.06. 21:00;0
13.06. 22:00;0
13.06. 23:00;0
14.06. 00:00;0
14.06. 01:00;0
14.06. 02:00;0
14.06. 03:00;0
14.06. 04:00;0,66818
14.06. 05:00;10,943
14.06. 06:00;52,721
14.06. 07:00;133,64
14.06. 08:00;197,59
14.06. 09:00;211,2
14.06. 10:00;161,27
14.06. 11:00;125,23
14.06. 12:00;113,09
14.06. 13:00;124,58
14.06. 14:00;125,74
14.06. 15:00;124,27
14.06. 16:00;103,53
14.06. 17:00;59,509
14.06. 18:00;25,489
14.06. 19:00;12,752
14.06. 20:00;0,9049
14.06. 21:00;0
14.06. 22:00;0
14.06. 23:00;0
15.06. 00:00;0
15.06. 01:00;0
15.06. 02:00;0
15.06. 03:00;0
15.06. 04:00;19,581
15.06. 05:00;56,687
15.06. 06:00;105,23
15.06. 07:00;139,32
15.06. 08:00;181,11
15.06. 09:00;226,76
15.06. 10:00;261,72
15.06. 11:00;270,47
15.06. 12:00;256,13
15.06. 13:00;222,3
15.06. 14:00;187,67
15.06. 15:00;147,58
15.06. 16:00;103,15
15.06. 17:00;76,983
15.06. 18:00;29,809
15.06. 19:00;3,6189
15.06. 20:00;0
15.06. 21:00;0
15.06. 22:00;0
15.06. 23:00;0
16.06. 00:00;0
16.06. 01:00;0
16.06. 02:00;0
16.06. 03:00;0
16.06. 04:00;3,6863
16.06. 05:00;12,952
16.06. 06:00;20,746
16.06. 07:00;60,186
16.06. 08:00;74,63
16.06. 09:00;82,95
16.06. 10:00;144,03
16.06. 11:00;190,74
16.06. 12:00;146,04
16.06. 13:00;136,9
16.06. 14:00;57,798
16.06. 15:00;48,637
16.06. 16:00;27,127
16.06. 17:00;48,418
16.06. 18:00;26,725
16.06. 19:00;10,194
16.06. 20:00;0,65059
16.06. 21:00;0
16.06. 22:00;0
16.06. 23:00;0
17.06. 00:00;0
17.06. 01:00;0
17.06. 02:00;0
17.06. 03:00;0
17.06. 04:00;5,0518
17.06. 05:00;34,896
17.06. 06:00;98,101
17.06. 07:00;154,67
17.06. 08:00;185,9
17.06. 09:00;241,03
17.06. 10:00;280,09
17.06. 11:00;281,28
17.06. 12:00;281,17
17.06. 13:00;278,72
17.06. 14:00;251,97
17.06. 15:00;165,51
17.06. 16:00;101,32
17.06. 17:00;68,615
17.06. 18:00;40,762
17.06. 19:00;20,018
17.06. 20:00;0
17.06. 21:00;0
17.06. 22:00;0
17.06. 23:00;0
18.06. 00:00;0
18.06. 01:00;0
18.06. 02:00;0
18.06. 03:00;0
18.06. 04:00;4,4145
18.06. 05:00;15,241
18.06. 06:00;69,265
18.06. 07:00;146,46
18.06. 08:00;180,27
18.06. 09:00;176,4
18.06. 10:00;204,84
18.06. 11:00;209,94
18.06. 12:00;155,26
18.06. 13:00;165,26
18.06. 14:00;177,6
18.06. 15:00;160,02
18.06. 16:00;113,34
18.06. 17:00;86,41
18.06. 18:00;48,178
18.06. 19:00;5,631
18.06. 20:00;0
18.06. 21:00;0
18.06. 22:00;0
18.06. 23:00;0
19.06. 00:00;0
19.06. 01:00;0
19.06. 02:00;0
19.06. 03:00;0
19.06. 04:00;0,66479
19.06. 05:00;16,558
19.06. 06:00;66,007
19.06. 07:00;92,405
19.06. 08:00;154,09
19.06. 09:00;185,36
19.06. 10:00;152,18
19.06. 11:00;133,43
19.06. 12:00;201,6
19.06. 13:00;170,19
19.06. 14:00;155,87
19.06. 15:00;184,8
19.06. 16:00;93,828
19.06. 17:00;48,995
19.06. 18:00;22,907
19.06. 19:00;12,247
19.06. 20:00;0
19.06. 21:00;0
19.06. 22:00;0
19.06. 23:00;0
20.06. 00:00;0
20.06. 01:00;0
20.06. 02:00;0
20.06. 03:00;0
20.06. 04:00;1,1943
20.06. 05:00;25,633
20.06. 06:00;42,381
20.06. 07:00;48,399
20.06. 08:00;63,207
20.06. 09:00;67,324
20.06. 10:00;126,56
20.06. 11:00;185,15
20.06. 12:00;225,27
20.06. 13:00;202,85
20.06. 14:00;206,06
20.06. 15:00;198,8
20.06. 16:00;162,79
20.06. 17:00;112,67
20.06. 18:00;63,964
20.06. 19:00;22,051
20.06. 20:00;0,89555
20.06. 21:00;0
20.06. 22:00;0
20.06. 23:00;0
21.06. 00:00;0
21.06. 01:00;0
21.06. 02:00;0
21.06. 03:00;0
21.06. 04:00;4,3308
21.06. 05:00;10,762
21.06. 06:00;30,796
21.06. 07:00;75,364
21.06. 08:00;180,51
21.06. 09:00;204,03
21.06. 10:00;271,44
21.06. 11:00;292,56
21.06. 12:00;295,73
21.06. 13:00;282,05
21.06. 14:00;256,53
21.06. 15:00;219,23
21.06. 16:00;171,44
21.06. 17:00;120,12
21.06. 18:00;58,045
21.06. 19:00;13,731
21.06. 20:00;1,4197
21.06. 21:00;0
21.06. 22:00;0
21.06. 23:00;0
22.06. 00:00;0
22.06. 01:00;0
22.06. 02:00;0
22.06. 03:00;0
22.06. 04:00;0,65129
22.06. 05:00;3,9535
22.06. 06:00;41,522
22.06. 07:00;139,75
22.06. 08:00;191,85
22.06. 09:00;202,76
22.06. 10:00;212,45
22.06. 11:00;248,38
22.06. 12:00;226,13
22.06. 13:00;164,52
22.06. 14:00;75,373
22.06. 15:00;129,36
22.06. 16:00;154,7
22.06. 17:00;62,419
22.06. 18:00;13,4
22.06. 19:00;6,2647
22.06. 20:00;0,64422
22.06. 21:00;0
22.06. 22:00;0
22.06. 23:00;0
23.06. 00:00;0
23.06. 01:00;0
23.06. 02:00;0
23.06. 03:00;0
23.06. 04:00;13,177
23.06. 05:00;21,899
23.06. 06:00;74,138
23.06. 07:00;135,81
23.06. 08:00;182,44
23.06. 09:00;196,9
23.06. 10:00;188,53
23.06. 11:00;136,22
23.06. 12:00;82,669
23.06. 13:00;37,187
23.06. 14:00;32,318
23.06. 15:00;34,17
23.06. 16:00;31,352
23.06. 17:00;21,429
23.06. 18:00;11,545
23.06. 19:00;2,3945
23.06. 20:00;0
23.06. 21:00;0
23.06. 22:00;0
23.06. 23:00;0
24.06. 00:00;0
24.06. 01:00;0
24.06. 02:00;0
24.06. 03:00;0
24.06. 04:00;3,3734
24.06. 05:00;7,0552
24.06. 06:00;36,99
24.06. 07:00;40,189
24.06. 08:00;76,735
24.06. 09:00;62,293
24.06. 10:00;62,957
24.06. 11:00;55,783
24.06. 12:00;51,387
24.06. 13:00;43,845
24.06. 14:00;45,318
24.06. 15:00;42,468
24.06. 16:00;32,811
24.06. 17:00;36,027
24.06. 18:00;20,301
24.06. 19:00;8,0373
24.06. 20:00;0,90662
24.06. 21:00;0
24.06. 22:00;0
24.06. 23:00;0
25.06. 00:00;0
25.06. 01:00;0
25.06. 02:00;0
25.06. 03:00;0
25.06. 04:00;1,4935
25.06. 05:00;18,996
25.06. 06:00;71,708
25.06. 07:00;125,64
25.06. 08:00;175,97
25.06. 09:00;208,41
25.06. 10:00;249,6
25.06. 11:00;273,57
25.06. 12:00;256,43
25.06. 13:00;251,27
25.06. 14:00;243,81
25.06. 15:00;214,47
25.06. 16:00;169,1
25.06. 17:00;119,97
25.06. 18:00;68,01
25.06. 19:00;24,818
25.06. 20:00;0,63701
25.06. 21:00;0
25.06. 22:00;0
25.06. 23:00;0
26.06. 00:00;0
26.06. 01:00;0
26.06. 02:00;0
26.06. 03:00;0
26.06. 04:00;0,65535
26.06. 05:00;14,6
26.06. 06:00;23,054
26.06. 07:00;66,349
26.06. 08:00;137,24
26.06. 09:00;182,97
26.06. 10:00;244,37
26.06. 11:00;266,76
26.06. 12:00;261,42
26.06. 13:00;228,97
26.06. 14:00;186,23
26.06. 15:00;142,44
26.06. 16:00;105,29
26.06. 17:00;97,595
26.06. 18:00;55,327
26.06. 19:00;12,818
26.06. 20:00;0
26.06. 21:00;0
26.06. 22:00;0
26.06. 23:00;0
27.06. 00:00;0
27.06. 01:00;0
27.06. 02:00;0
27.06. 03:00;0
27.06. 04:00;0,65471
27.06. 05:00;3,9581
27.06. 06:00;15,965
27.06. 07:00;46,393
27.06. 08:00;92,267
27.06. 09:00;152,6
27.06. 10:00;160,76
27.06. 11:00;137,1
27.06. 12:00;91,998
27.06. 13:00;149,2
27.06. 14:00;241,62
27.06. 15:00;185,78
27.06. 16:00;169,35
27.06. 17:00;94,601
27.06. 18:00;42,733
27.06. 19:00;9,2235
27.06. 20:00;0
27.06. 21:00;0
27.06. 22:00;0
27.06. 23:00;0
28.06. 00:00;0
28.06. 01:00;0
28.06. 02:00;0
28.06. 03:00;0
28.06. 04:00;12,037
28.06. 05:00;49,464
28.06. 06:00;50,328
28.06. 07:00;42,139
28.06. 08:00;129,02
28.06. 09:00;168,79
28.06. 10:00;198,81
28.06. 11:00;243,42
28.06. 12:00;257,41
28.06. 13:00;223,57
28.06. 14:00;193,22
28.06. 15:00;179,12
28.06. 16:00;125,77
28.06. 17:00;116,96
28.06. 18:00;71,962
28.06. 19:00;24,621
28.06. 20:00;1,7533
28.06. 21:00;0
28.06. 22:00;0
28.06. 23:00;0
29.06. 00:00;0
29.06. 01:00;0
29.06. 02:00;0
29.06. 03:00;0
29.06. 04:00;6,348
29.06. 05:00;16,833
29.06. 06:00;65,29
29.06. 07:00;152,63
29.06. 08:00;188
29.06. 09:00;187
29.06. 10:00;111,84
29.06. 11:00;151,66
29.06. 12:00;136,73
29.06. 13:00;136,67
29.06. 14:00;158,88
29.06. 15:00;199,54
29.06. 16:00;134,79
29.06. 17:00;70,673
29.06. 18:00;26,284
29.06. 19:00;4,9112
29.06. 20:00;0
29.06. 21:00;0
29.06. 22:00;0
29.06. 23:00;0
30.06. 00:00;0
30.06. 01:00;0
30.06. 02:00;0
30.06. 03:00;0
30.06. 04:00;0
30.06. 05:00;5,6667
30.06. 06:00;24,329
30.06. 07:00;28,191
30.06. 08:00;42,458
30.06. 09:00;133,42
30.06. 10:00;152,04
30.06. 11:00;79,048
30.06. 12:00;63,581
30.06. 13:00;74,997
30.06. 14:00;39,286
30.06. 15:00;37,175
30.06. 16:00;34,279
30.06. 17:00;25,665
30.06. 18:00;14,293
30.06. 19:00;3,0101
30.06. 20:00;0
30.06. 21:00;0
30.06. 22:00;0
30.06. 23:00;0
01.07. 00:00;0
01.07. 01:00;0
01.07. 02:00;0
01.07. 03:00;0
01.07. 04:00;6,2543
01.07. 05:00;44,657
01.07. 06:00;93,204
01.07. 07:00;132,31
01.07. 08:00;162,37
01.07. 09:00;124,29
01.07. 10:00;82,566
01.07. 11:00;65,632
01.07. 12:00;117,8
01.07. 13:00;152,02
01.07. 14:00;156,56
01.07. 15:00;118,75
01.07. 16:00;56,475
01.07. 17:00;78,022
01.07. 18:00;44,447
01.07. 19:00;17,326
01.07. 20:00;1,1854
01.07. 21:00;0
01.07. 22:00;0
01.07. 23:00;0
02.07. 00:00;0
02.07. 01:00;0
02.07. 02:00;0
02.07. 03:00;0
02.07. 04:00;0,65693
02.07. 05:00;42,706
02.07. 06:00;103,33
02.07. 07:00;158,97
02.07. 08:00;187,65
02.07. 09:00;188,2
02.07. 10:00;201,29
02.07. 11:00;190,01
02.07. 12:00;140,18
02.07. 13:00;259,73
02.07. 14:00;230,34
02.07. 15:00;148,38
02.07. 16:00;130,56
02.07. 17:00;110,96
02.07. 18:00;48,661
02.07. 19:00;17,376
02.07. 20:00;0,64992
02.07. 21:00;0
02.07. 22:00;0
02.07. 23:00;0
03.07. 00:00;0
03.07. 01:00;0
03.07. 02:00;0
03.07. 03:00;0
03.07. 04:00;6,397
03.07. 05:00;39,507
03.07. 06:00;95,448
03.07. 07:00;135,49
03.07. 08:00;151,88
03.07. 09:00;113,84
03.07. 10:00;149,16
03.07. 11:00;211
03.07. 12:00;147,84
03.07. 13:00;185,08
03.07. 14:00;128,39
03.07. 15:00;111,4
03.07. 16:00;27,583
03.07. 17:00;90,307
03.07. 18:00;62,376
03.07. 19:00;23,849
03.07. 20:00;0,65214
03.07. 21:00;0
03.07. 22:00;0
03.07. 23:00;0
04.07. 00:00;0
04.07. 01:00;0
04.07. 02:00;0
04.07. 03:00;0
04.07. 04:00;7,4523
04.07. 05:00;26,221
04.07. 06:00;93,957
04.07. 07:00;150,8
04.07. 08:00;177,76
04.07. 09:00;191,62
04.07. 10:00;221,44
04.07. 11:00;168,01
04.07. 12:00;103,81
04.07. 13:00;100,16
04.07. 14:00;164,33
04.07. 15:00;144,25
04.07. 16:00;97,858
04.07. 17:00;41,467
04.07. 18:00;22,156
04.07. 19:00;3,2996
04.07. 20:00;0
04.07. 21:00;0
04.07. 22:00;0
04.07. 23:00;0
05.07. 00:00;0
05.07. 01:00;0
05.07. 02:00;0
05.07. 03:00;0
05.07. 04:00;0,9117
05.07. 05:00;43,889
05.07. 06:00;104,97
05.07. 07:00;145,39
05.07. 08:00;188,29
05.07. 09:00;176,72
05.07. 10:00;112,32
05.07. 11:00;83,506
05.07. 12:00;92,526
05.07. 13:00;80,313
05.07. 14:00;50,053
05.07. 15:00;132,83
05.07. 16:00;162,4
05.07. 17:00;108,8
05.07. 18:00;49,818
05.07. 19:00;25,786
05.07. 20:00;1,1787
05.07. 21:00;0
05.07. 22:00;0
05.07. 23:00;0
06.07. 00:00;0
06.07. 01:00;0
06.07. 02:00;0
06.07. 03:00;0
06.07. 04:00;9,1939
06.07. 05:00;44,977
06.07. 06:00;98,434
06.07. 07:00;162,22
06.07. 08:00;207,1
06.07. 09:00;214,51
06.07. 10:00;171,29
06.07. 11:00;143,17
06.07. 12:00;160,36
06.07. 13:00;201,11
06.07. 14:00;195,87
06.07. 15:00;180,14
06.07. 16:00;155,35
06.07. 17:00;119,52
06.07. 18:00;58,299
06.07. 19:00;26,37
06.07. 20:00;1,1782
06.07. 21:00;0
06.07. 22:00;0
06.07. 23:00;0
07.07. 00:00;0
07.07. 01:00;0
07.07. 02:00;0
07.07. 03:00;0
07.07. 04:00;5,0437
07.07. 05:00;47,269
07.07. 06:00;102,22
07.07. 07:00;156,09
07.07. 08:00;204,82
07.07. 09:00;241,48
07.07. 10:00;266,99
07.07. 11:00;281,22
07.07. 12:00;283,39
07.07. 13:00;267,74
07.07. 14:00;242,69
07.07. 15:00;214,61
07.07. 16:00;171,27
07.07. 17:00;119,56
07.07. 18:00;43,07
07.07. 19:00;3,903
07.07. 20:00;0
07.07. 21:00;0
07.07. 22:00;0
07.07. 23:00;0
08.07. 00:00;0
08.07. 01:00;0
08.07. 02:00;0
08.07. 03:00;0
08.07. 04:00;2,3659
08.07. 05:00;22,705
08.07. 06:00;43,19
08.07. 07:00;43,772
08.07. 08:00;86,737
08.07. 09:00;196,42
08.07. 10:00;186,5
08.07. 11:00;123,57
08.07. 12:00;82,283
08.07. 13:00;71,533
08.07. 14:00;59,683
08.07. 15:00;30,683
08.07. 16:00;68,093
08.07. 17:00;116,67
08.07. 18:00;63,622
08.07. 19:00;12,663
08.07. 20:00;0
08.07. 21:00;0
08.07. 22:00;0
08.07. 23:00;0
09.07. 00:00;0
09.07. 01:00;0
09.07. 02:00;0
09.07. 03:00;0
09.07. 04:00;1,4613
09.07. 05:00;6,973
09.07. 06:00;15,619
09.07. 07:00;24,405
09.07. 08:00;55,275
09.07. 09:00;96,645
09.07. 10:00;213,16
09.07. 11:00;211,94
09.07. 12:00;186,31
09.07. 13:00;168,15
09.07. 14:00;167,28
09.07. 15:00;111,64
09.07. 16:00;111,04
09.07. 17:00;82,163
09.07. 18:00;49,805
09.07. 19:00;23,413
09.07. 20:00;0,89978
09.07. 21:00;0
09.07. 22:00;0
09.07. 23:00;0
10.07. 00:00;0
10.07. 01:00;0
10.07. 02:00;0
10.07. 03:00;0
10.07. 04:00;0
10.07. 05:00;3,676
10.07. 06:00;27,621
10.07. 07:00;76,672
10.07. 08:00;113,59
10.07. 09:00;131,78
10.07. 10:00;84,451
10.07. 11:00;96,256
10.07. 12:00;156,64
10.07. 13:00;170,63
10.07. 14:00;109,97
10.07. 15:00;147,82
10.07. 16:00;71,846
10.07. 17:00;69,509
10.07. 18:00;49,664
10.07. 19:00;12,073
10.07. 20:00;0,9079
10.07. 21:00;0
10.07. 22:00;0
10.07. 23:00;0
11.07. 00:00;0
11.07. 01:00;0
11.07. 02:00;0
11.07. 03:00;0
11.07. 04:00;5,033
11.07. 05:00;44,15
11.07. 06:00;98,139
11.07. 07:00;150,06
11.07. 08:00;195,07
11.07. 09:00;195,9
11.07. 10:00;207,38
11.07. 11:00;214,47
11.07. 12:00;219,41
11.07. 13:00;148,43
11.07. 14:00;158,06
11.07. 15:00;146,62
11.07. 16:00;117,98
11.07. 17:00;101,79
11.07. 18:00;41,967
11.07. 19:00;11,667
11.07. 20:00;0
11.07. 21:00;0
11.07. 22:00;0
11.07. 23:00;0
12.07. 00:00;0
12.07. 01:00;0
12.07. 02:00;0
12.07. 03:00;0
12.07. 04:00;0,65689
12.07. 05:00;4,0254
12.07. 06:00;9,4975
12.07. 07:00;19,433
12.07. 08:00;30,206
12.07. 09:00;41,755
12.07. 10:00;73,216
12.07. 11:00;85,94
12.07. 12:00;78,882
12.07. 13:00;69,851
12.07. 14:00;67,874
12.07. 15:00;103,38
12.07. 16:00;108,47
12.07. 17:00;47,033
12.07. 18:00;32,076
12.07. 19:00;10,275
12.07. 20:00;0
12.07. 21:00;0
12.07. 22:00;0
12.07. 23:00;0
13.07. 00:00;0
13.07. 01:00;0
13.07. 02:00;0
13.07. 03:00;0
13.07. 04:00;0
13.07. 05:00;4,6958
13.07. 06:00;24,093
13.07. 07:00;67,564
13.07. 08:00;92,049
13.07. 09:00;107,15
13.07. 10:00;133,7
13.07. 11:00;169,42
13.07. 12:00;122,47
13.07. 13:00;87,029
13.07. 14:00;79,898
13.07. 15:00;75,54
13.07. 16:00;71,639
13.07. 17:00;47,238
13.07. 18:00;29,306
13.07. 19:00;7,4157
13.07. 20:00;0
13.07. 21:00;0
13.07. 22:00;0
13.07. 23:00;0
14.07. 00:00;0
14.07. 01:00;0
14.07. 02:00;0
14.07. 03:00;0
14.07. 04:00;0
14.07. 05:00;3,0447
14.07. 06:00;14,814
14.07. 07:00;44,994
14.07. 08:00;129,1
14.07. 09:00;149,32
14.07. 10:00;167,11
14.07. 11:00;187,13
14.07. 12:00;200,82
14.07. 13:00;180,93
14.07. 14:00;148,65
14.07. 15:00;129,69
14.07. 16:00;106,17
14.07. 17:00;52,287
14.07. 18:00;11,412
14.07. 19:00;6,3223
14.07. 20:00;0
14.07. 21:00;0
14.07. 22:00;0
14.07. 23:00;0
15.07. 00:00;0
15.07. 01:00;0
15.07. 02:00;0
15.07. 03:00;0
15.07. 04:00;0
15.07. 05:00;3,0244
15.07. 06:00;13,999
15.07. 07:00;41,814
15.07. 08:00;87,263
15.07. 09:00;171,31
15.07. 10:00;193,16
15.07. 11:00;190,96
15.07. 12:00;161,15
15.07. 13:00;155,41
15.07. 14:00;150,39
15.07. 15:00;119,06
15.07. 16:00;83,452
15.07. 17:00;59,066
15.07. 18:00;23,197
15.07. 19:00;3,942
15.07. 20:00;0
15.07. 21:00;0
15.07. 22:00;0
15.07. 23:00;0
16.07. 00:00;0
16.07. 01:00;0
16.07. 02:00;0
16.07. 03:00;0
16.07. 04:00;0
16.07. 05:00;2,6835
16.07. 06:00;11,49
16.07. 07:00;29,891
16.07. 08:00;41,626
16.07. 09:00;53,316
16.07. 10:00;64,546
16.07. 11:00;65,05
16.07. 12:00;83,595
16.07. 13:00;58,218
16.07. 14:00;69,368
16.07. 15:00;91,524
16.07. 16:00;54,357
16.07. 17:00;42,355
16.07. 18:00;45,431
16.07. 19:00;22,957
16.07. 20:00;0,64553
16.07. 21:00;0
16.07. 22:00;0
16.07. 23:00;0
17.07. 00:00;0
17.07. 01:00;0
17.07. 02:00;0
17.07. 03:00;0
17.07. 04:00;2,6909
17.07. 05:00;31,297
17.07. 06:00;81,247
17.07. 07:00;128,91
17.07. 08:00;140,71
17.07. 09:00;173,72
17.07. 10:00;224,59
17.07. 11:00;233,65
17.07. 12:00;222,85
17.07. 13:00;210,89
17.07. 14:00;220,13
17.07. 15:00;191,49
17.07. 16:00;154,48
17.07. 17:00;99,128
17.07. 18:00;40,407
17.07. 19:00;12,566
17.07. 20:00;0
17.07. 21:00;0
17.07. 22:00;0
17.07. 23:00;0
18.07. 00:00;0
18.07. 01:00;0
18.07. 02:00;0
18.07. 03:00;0
18.07. 04:00;0
18.07. 05:00;26,437
18.07. 06:00;58,865
18.07. 07:00;104,73
18.07. 08:00;165,02
18.07. 09:00;222,68
18.07. 10:00;260,55
18.07. 11:00;259,96
18.07. 12:00;261,2
18.07. 13:00;257,79
18.07. 14:00;228,77
18.07. 15:00;187,23
18.07. 16:00;151,01
18.07. 17:00;108,11
18.07. 18:00;55,025
18.07. 19:00;16,282
18.07. 20:00;0
18.07. 21:00;0
18.07. 22:00;0
18.07. 23:00;0
19.07. 00:00;0
19.07. 01:00;0
19.07. 02:00;0
19.07. 03:00;0
19.07. 04:00;0
19.07. 05:00;5,6122
19.07. 06:00;37,15
19.07. 07:00;90,414
19.07. 08:00;123,39
19.07. 09:00;146,84
19.07. 10:00;163,48
19.07. 11:00;178,21
19.07. 12:00;206,59
19.07. 13:00;227,81
19.07. 14:00;198,44
19.07. 15:00;182,73
19.07. 16:00;137,32
19.07. 17:00;90,227
19.07. 18:00;47,662
19.07. 19:00;9,9512
19.07. 20:00;0
19.07. 21:00;0
19.07. 22:00;0
19.07. 23:00;0
20.07. 00:00;0
20.07. 01:00;0
20.07. 02:00;0
20.07. 03:00;0
20.07. 04:00;2,0664
20.07. 05:00;21,692
20.07. 06:00;63,106
20.07. 07:00;126,98
20.07. 08:00;181,42
20.07. 09:00;185,99
20.07. 10:00;207,48
20.07. 11:00;269,5
20.07. 12:00;274,58
20.07. 13:00;258,24
20.07. 14:00;215,15
20.07. 15:00;173,93
20.07. 16:00;124,71
20.07. 17:00;43,627
20.07. 18:00;9,7439
20.07. 19:00;3,2416
20.07. 20:00;0
20.07. 21:00;0
20.07. 22:00;0
20.07. 23:00;0
21.07. 00:00;0
21.07. 01:00;0
21.07. 02:00;0
21.07. 03:00;0
21.07. 04:00;3,9445
21.07. 05:00;25,757
21.07. 06:00;37,067
21.07. 07:00;76,822
21.07. 08:00;105,43
21.07. 09:00;124,4
21.07. 10:00;145,45
21.07. 11:00;115,12
21.07. 12:00;130,65
21.07. 13:00;137,41
21.07. 14:00;185,82
21.07. 15:00;174,04
21.07. 16:00;156,46
21.07. 17:00;109,95
21.07. 18:00;48,288
21.07. 19:00;16,466
21.07. 20:00;0
21.07. 21:00;0
21.07. 22:00;0
21.07. 23:00;0
22.07. 00:00;0
22.07. 01:00;0
22.07. 02:00;0
22.07. 03:00;0
22.07. 04:00;3,6494
22.07. 05:00;24,727
22.07. 06:00;22,673
22.07. 07:00;21,561
22.07. 08:00;27,935
22.07. 09:00;34,323
22.07. 10:00;40,705
22.07. 11:00;46,848
22.07. 12:00;59,45
22.07. 13:00;69,991
22.07. 14:00;68,26
22.07. 15:00;76,591
22.07. 16:00;84,12
22.07. 17:00;94,613
22.07. 18:00;58,076
22.07. 19:00;20,187
22.07. 20:00;0
22.07. 21:00;0
22.07. 22:00;0
22.07. 23:00;0
23.07. 00:00;0
23.07. 01:00;0
23.07. 02:00;0
23.07. 03:00;0
23.07. 04:00;0
23.07. 05:00;11,834
23.07. 06:00;37,326
23.07. 07:00;75,226
23.07. 08:00;152,59
23.07. 09:00;219,57
23.07. 10:00;253
23.07. 11:00;272,44
23.07. 12:00;274,36
23.07. 13:00;265,18
23.07. 14:00;241,48
23.07. 15:00;197,12
23.07. 16:00;149,68
23.07. 17:00;100,41
23.07. 18:00;43,009
23.07. 19:00;4,8649
23.07. 20:00;0
23.07. 21:00;0
23.07. 22:00;0
23.07. 23:00;0
24.07. 00:00;0
24.07. 01:00;0
24.07. 02:00;0
24.07. 03:00;0
24.07. 04:00;1,7471
24.07. 05:00;9,3356
24.07. 06:00;22,59
24.07. 07:00;25,062
24.07. 08:00;64,358
24.07. 09:00;139,11
24.07. 10:00;141,18
24.07. 11:00;162,68
24.07. 12:00;198,3
24.07. 13:00;206,4
24.07. 14:00;168,86
24.07. 15:00;143,73
24.07. 16:00;136,2
24.07. 17:00;91,492
24.07. 18:00;44,502
24.07. 19:00;12,108
24.07. 20:00;0
24.07. 21:00;0
24.07. 22:00;0
24.07. 23:00;0
25.07. 00:00;0
25.07. 01:00;0
25.07. 02:00;0
25.07. 03:00;0
25.07. 04:00;0,9075
25.07. 05:00;25,256
25.07. 06:00;68,697
25.07. 07:00;117,43
25.07. 08:00;171,07
25.07. 09:00;201,81
25.07. 10:00;193,88
25.07. 11:00;177,03
25.07. 12:00;167,7
25.07. 13:00;148,8
25.07. 14:00;86,478
25.07. 15:00;88,207
25.07. 16:00;63,286
25.07. 17:00;45,796
25.07. 18:00;33,502
25.07. 19:00;10,045
25.07. 20:00;0
25.07. 21:00;0
25.07. 22:00;0
25.07. 23:00;0
26.07. 00:00;0
26.07. 01:00;0
26.07. 02:00;0
26.07. 03:00;0
26.07. 04:00;0
26.07. 05:00;2,0843
26.07. 06:00;34,903
26.07. 07:00;55,454
26.07. 08:00;73,244
26.07. 09:00;122,97
26.07. 10:00;187,5
26.07. 11:00;174,73
26.07. 12:00;142,4
26.07. 13:00;114,04
26.07. 14:00;92,134
26.07. 15:00;82,25
26.07. 16:00;89,058
26.07. 17:00;84,819
26.07. 18:00;28,654
26.07. 19:00;3,3188
26.07. 20:00;0
26.07. 21:00;0
26.07. 22:00;0
26.07. 23:00;0
27.07. 00:00;0
27.07. 01:00;0
27.07. 02:00;0
27.07. 03:00;0
27.07. 04:00;1,4853
27.07. 05:00;33,548
27.07. 06:00;85,166
27.07. 07:00;137,7
27.07. 08:00;177,59
27.07. 09:00;193,88
27.07. 10:00;195,64
27.07. 11:00;206,92
27.07. 12:00;196,77
27.07. 13:00;154,14
27.07. 14:00;98,687
27.07. 15:00;66,193
27.07. 16:00;99,851
27.07. 17:00;48,853
27.07. 18:00;18,416
27.07. 19:00;5,9505
27.07. 20:00;0
27.07. 21:00;0
27.07. 22:00;0
27.07. 23:00;0
28.07. 00:00;0
28.07. 01:00;0
28.07. 02:00;0
28.07. 03:00;0
28.07. 04:00;0
28.07. 05:00;14,402
28.07. 06:00;79,656
28.07. 07:00;139,81
28.07. 08:00;190,94
28.07. 09:00;217,52
28.07. 10:00;217,58
28.07. 11:00;203,78
28.07. 12:00;219,92
28.07. 13:00;190,9
28.07. 14:00;184,21
28.07. 15:00;139,23
28.07. 16:00;92,237
28.07. 17:00;76,044
28.07. 18:00;49,475
28.07. 19:00;10,98
28.07. 20:00;0
28.07. 21:00;0
28.07. 22:00;0
28.07. 23:00;0
29.07. 00:00;0
29.07. 01:00;0
29.07. 02:00;0
29.07. 03:00;0
29.07. 04:00;1,1935
29.07. 05:00;32,854
29.07. 06:00;83,375
29.07. 07:00;137,63
29.07. 08:00;187,82
29.07. 09:00;226,51
29.07. 10:00;253,76
29.07. 11:00;269,38
29.07. 12:00;271,61
29.07. 13:00;261,41
29.07. 14:00;237,8
29.07. 15:00;200,92
29.07. 16:00;156,08
29.07. 17:00;103,96
29.07. 18:00;47,652
29.07. 19:00;10,195
29.07. 20:00;0
29.07. 21:00;0
29.07. 22:00;0
29.07. 23:00;0
30.07. 00:00;0
30.07. 01:00;0
30.07. 02:00;0
30.07. 03:00;0
30.07. 04:00;0,64723
30.07. 05:00;29,626
30.07. 06:00;80,905
30.07. 07:00;134,24
30.07. 08:00;183,29
30.07. 09:00;223,33
30.07. 10:00;250,51
30.07. 11:00;266,55
30.07. 12:00;268,25
30.07. 13:00;258,04
30.07. 14:00;235,26
30.07. 15:00;199,67
30.07. 16:00;155,53
30.07. 17:00;102,77
30.07. 18:00;45,962
30.07. 19:00;9,4607
30.07. 20:00;0
30.07. 21:00;0
30.07. 22:00;0
30.07. 23:00;0
31.07. 00:00;0
31.07. 01:00;0
31.07. 02:00;0
31.07. 03:00;0
31.07. 04:00;0
31.07. 05:00;23,559
31.07. 06:00;75,033
31.07. 07:00;132,45
31.07. 08:00;181,35
31.07. 09:00;220,42
31.07. 10:00;249,23
31.07. 11:00;256,66
31.07. 12:00;194,37
31.07. 13:00;206,38
31.07. 14:00;197,77
31.07. 15:00;164,13
31.07. 16:00;119,68
31.07. 17:00;54,647
31.07. 18:00;12,184
31.07. 19:00;4,8389
31.07. 20:00;0
31.07. 21:00;0
31.07. 22:00;0
31.07. 23:00;0
01.08. 00:00;0
01.08. 01:00;0
01.08. 02:00;0
01.08. 03:00;0
01.08. 04:00;0
01.08. 05:00;5,2745
01.08. 06:00;28,714
01.08. 07:00;54,055
01.08. 08:00;88,906
01.08. 09:00;156,27
01.08. 10:00;176,55
01.08. 11:00;167,8
01.08. 12:00;160,75
01.08. 13:00;166,19
01.08. 14:00;146,28
01.08. 15:00;154,07
01.08. 16:00;131,1
01.08. 17:00;90,366
01.08. 18:00;48,201
01.08. 19:00;7,2518
01.08. 20:00;0
01.08. 21:00;0
01.08. 22:00;0
01.08. 23:00;0
02.08. 00:00;0
02.08. 01:00;0
02.08. 02:00;0
02.08. 03:00;0
02.08. 04:00;0
02.08. 05:00;24,129
02.08. 06:00;77,547
02.08. 07:00;132,34
02.08. 08:00;141,3
02.08. 09:00;196,62
02.08. 10:00;253,17
02.08. 11:00;266,28
02.08. 12:00;266,22
02.08. 13:00;253,97
02.08. 14:00;220,84
02.08. 15:00;162,66
02.08. 16:00;75,938
02.08. 17:00;42,762
02.08. 18:00;19,467
02.08. 19:00;1,4337
02.08. 20:00;0
02.08. 21:00;0
02.08. 22:00;0
02.08. 23:00;0
03.08. 00:00;0
03.08. 01:00;0
03.08. 02:00;0
03.08. 03:00;0
03.08. 04:00;0
03.08. 05:00;8,3279
03.08. 06:00;12,779
03.08. 07:00;38,448
03.08. 08:00;60,178
03.08. 09:00;131,47
03.08. 10:00;195,38
03.08. 11:00;222,78
03.08. 12:00;217,25
03.08. 13:00;186,59
03.08. 14:00;77,266
03.08. 15:00;40,972
03.08. 16:00;46,136
03.08. 17:00;38,954
03.08. 18:00;28,935
03.08. 19:00;7,1945
03.08. 20:00;0
03.08. 21:00;0
03.08. 22:00;0
03.08. 23:00;0
04.08. 00:00;0
04.08. 01:00;0
04.08. 02:00;0
04.08. 03:00;0
04.08. 04:00;0
04.08. 05:00;4,9584
04.08. 06:00;39,361
04.08. 07:00;105,05
04.08. 08:00;123,18
04.08. 09:00;75,532
04.08. 10:00;95,714
04.08. 11:00;108,99
04.08. 12:00;152,36
04.08. 13:00;150,34
04.08. 14:00;123,05
04.08. 15:00;112,27
04.08. 16:00;65,884
04.08. 17:00;47,951
04.08. 18:00;11,117
04.08. 19:00;0
04.08. 20:00;0
04.08. 21:00;0
04.08. 22:00;0
04.08. 23:00;0
05.08. 00:00;0
05.08. 01:00;0
05.08. 02:00;0
05.08. 03:00;0
05.08. 04:00;0
05.08. 05:00;4,3344
05.08. 06:00;38,177
05.08. 07:00;87,805
05.08. 08:00;132,53
05.08. 09:00;186,35
05.08. 10:00;230,55
05.08. 11:00;225,28
05.08. 12:00;170,74
05.08. 13:00;177,82
05.08. 14:00;172,39
05.08. 15:00;82,31
05.08. 16:00;80,34
05.08. 17:00;62,541
05.08. 18:00;42,605
05.08. 19:00;8,0075
05.08. 20:00;0
05.08. 21:00;0
05.08. 22:00;0
05.08. 23:00;0
06.08. 00:00;0
06.08. 01:00;0
06.08. 02:00;0
06.08. 03:00;0
06.08. 04:00;0
06.08. 05:00;17,555
06.08. 06:00;52,574
06.08. 07:00;99,095
06.08. 08:00;145,69
06.08. 09:00;198,76
06.08. 10:00;200,97
06.08. 11:00;201,3
06.08. 12:00;141,51
06.08. 13:00;112,82
06.08. 14:00;68,684
06.08. 15:00;92,094
06.08. 16:00;41,385
06.08. 17:00;44,262
06.08. 18:00;24,011
06.08. 19:00;3,2995
06.08. 20:00;0
06.08. 21:00;0
06.08. 22:00;0
06.08. 23:00;0
07.08. 00:00;0
07.08. 01:00;0
07.08. 02:00;0
07.08. 03:00;0
07.08. 04:00;0
07.08. 05:00;1,4698
07.08. 06:00;11,811
07.08. 07:00;28,41
07.08. 08:00;62,47
07.08. 09:00;136,09
07.08. 10:00;115,75
07.08. 11:00;152,99
07.08. 12:00;175,81
07.08. 13:00;144,86
07.08. 14:00;125,58
07.08. 15:00;146,51
07.08. 16:00;97,406
07.08. 17:00;62,617
07.08. 18:00;22,791
07.08. 19:00;0,8942
07.08. 20:00;0
07.08. 21:00;0
07.08. 22:00;0
07.08. 23:00;0
08.08. 00:00;0
08.08. 01:00;0
08.08. 02:00;0
08.08. 03:00;0
08.08. 04:00;0
08.08. 05:00;1,4752
08.08. 06:00;18,15
08.08. 07:00;48,662
08.08. 08:00;49,672
08.08. 09:00;122,73
08.08. 10:00;184,2
08.08. 11:00;104,59
08.08. 12:00;202,17
08.08. 13:00;231,38
08.08. 14:00;180,3
08.08. 15:00;152,36
08.08. 16:00;113,04
08.08. 17:00;82,322
08.08. 18:00;38,861
08.08. 19:00;4,2187
08.08. 20:00;0
08.08. 21:00;0
08.08. 22:00;0
08.08. 23:00;0
09.08. 00:00;0
09.08. 01:00;0
09.08. 02:00;0
09.08. 03:00;0
09.08. 04:00;0
09.08. 05:00;25,557
09.08. 06:00;72,734
09.08. 07:00;126,85
09.08. 08:00;175,03
09.08. 09:00;209,72
09.08. 10:00;158,01
09.08. 11:00;158,37
09.08. 12:00;182,65
09.08. 13:00;102,44
09.08. 14:00;69,48
09.08. 15:00;51,101
09.08. 16:00;87,794
09.08. 17:00;74,253
09.08. 18:00;37,863
09.08. 19:00;2,0385
09.08. 20:00;0
09.08. 21:00;0
09.08. 22:00;0
09.08. 23:00;0
10.08. 00:00;0
10.08. 01:00;0
10.08. 02:00;0
10.08. 03:00;0
10.08. 04:00;0
10.08. 05:00;7,3794
10.08. 06:00;49,042
10.08. 07:00;70,7
10.08. 08:00;156,73
10.08. 09:00;197,4
10.08. 10:00;191,76
10.08. 11:00;203,73
10.08. 12:00;159,66
10.08. 13:00;181,14
10.08. 14:00;181,38
10.08. 15:00;168,55
10.08. 16:00;121,8
10.08. 17:00;73,813
10.08. 18:00;23,263
10.08. 19:00;2,6742
10.08. 20:00;0
10.08. 21:00;0
10.08. 22:00;0
10.08. 23:00;0
11.08. 00:00;0
11.08. 01:00;0
11.08. 02:00;0
11.08. 03:00;0
11.08. 04:00;0
11.08. 05:00;21,13
11.08. 06:00;69,742
11.08. 07:00;117,39
11.08. 08:00;133,29
11.08. 09:00;138,43
11.08. 10:00;149,3
11.08. 11:00;138,77
11.08. 12:00;78,059
11.08. 13:00;174,77
11.08. 14:00;217,02
11.08. 15:00;111,91
11.08. 16:00;121,82
11.08. 17:00;90,712
11.08. 18:00;32,101
11.08. 19:00;3,0012
11.08. 20:00;0
11.08. 21:00;0
11.08. 22:00;0
11.08. 23:00;0
12.08. 00:00;0
12.08. 01:00;0
12.08. 02:00;0
12.08. 03:00;0
12.08. 04:00;0
12.08. 05:00;4,3571
12.08. 06:00;28,965
12.08. 07:00;25,679
12.08. 08:00;58,821
12.08. 09:00;93,04
12.08. 10:00;88,179
12.08. 11:00;90,506
12.08. 12:00;147,38
12.08. 13:00;182,61
12.08. 14:00;139,72
12.08. 15:00;94,992
12.08. 16:00;74,877
12.08. 17:00;42,921
12.08. 18:00;20,016
12.08. 19:00;2,6564
12.08. 20:00;0
12.08. 21:00;0
12.08. 22:00;0
12.08. 23:00;0
13.08. 00:00;0
13.08. 01:00;0
13.08. 02:00;0
13.08. 03:00;0
13.08. 04:00;0
13.08. 05:00;3,0267
13.08. 06:00;5,9821
13.08. 07:00;13,956
13.08. 08:00;26,734
13.08. 09:00;42,814
13.08. 10:00;42,075
13.08. 11:00;48,775
13.08. 12:00;37,273
13.08. 13:00;31,92
13.08. 14:00;27,976
13.08. 15:00;24,761
13.08. 16:00;33,27
13.08. 17:00;22,989
13.08. 18:00;9,6991
13.08. 19:00;0
13.08. 20:00;0
13.08. 21:00;0
13.08. 22:00;0
13.08. 23:00;0
14.08. 00:00;0
14.08. 01:00;0
14.08. 02:00;0
14.08. 03:00;0
14.08. 04:00;0
14.08. 05:00;3,0045
14.08. 06:00;15,231
14.08. 07:00;31,778
14.08. 08:00;52,226
14.08. 09:00;72,839
14.08. 10:00;91,388
14.08. 11:00;136,73
14.08. 12:00;170,68
14.08. 13:00;170,42
14.08. 14:00;183,56
14.08. 15:00;164,94
14.08. 16:00;125,5
14.08. 17:00;77,083
14.08. 18:00;30,804
14.08. 19:00;1,4261
14.08. 20:00;0
14.08. 21:00;0
14.08. 22:00;0
14.08. 23:00;0
15.08. 00:00;0
15.08. 01:00;0
15.08. 02:00;0
15.08. 03:00;0
15.08. 04:00;0
15.08. 05:00;11,658
15.08. 06:00;53,58
15.08. 07:00;107,33
15.08. 08:00;158,14
15.08. 09:00;199,64
15.08. 10:00;227,67
15.08. 11:00;243,26
15.08. 12:00;244,02
15.08. 13:00;233,33
15.08. 14:00;208,92
15.08. 15:00;173,77
15.08. 16:00;130,66
15.08. 17:00;80,302
15.08. 18:00;32,719
15.08. 19:00;1,4012
15.08. 20:00;0
15.08. 21:00;0
15.08. 22:00;0
15.08. 23:00;0
16.08. 00:00;0
16.08. 01:00;0
16.08. 02:00;0
16.08. 03:00;0
16.08. 04:00;0
16.08. 05:00;15,106
16.08. 06:00;57,578
16.08. 07:00;110,86
16.08. 08:00;160,59
16.08. 09:00;201,59
16.08. 10:00;229,17
16.08. 11:00;243,48
16.08. 12:00;245,27
16.08. 13:00;233,24
16.08. 14:00;182,58
16.08. 15:00;114,08
16.08. 16:00;103,39
16.08. 17:00;75,192
16.08. 18:00;30,594
16.08. 19:00;1,1321
16.08. 20:00;0
16.08. 21:00;0
16.08. 22:00;0
16.08. 23:00;0
17.08. 00:00;0
17.08. 01:00;0
17.08. 02:00;0
17.08. 03:00;0
17.08. 04:00;0
17.08. 05:00;2,0577
17.08. 06:00;6,2398
17.08. 07:00;16,615
17.08. 08:00;21,936
17.08. 09:00;51,375
17.08. 10:00;54,79
17.08. 11:00;138,98
17.08. 12:00;213,04
17.08. 13:00;222,73
17.08. 14:00;219,36
17.08. 15:00;180,54
17.08. 16:00;134,7
17.08. 17:00;82,521
17.08. 18:00;32,406
17.08. 19:00;0,63627
17.08. 20:00;0
17.08. 21:00;0
17.08. 22:00;0
17.08. 23:00;0
18.08. 00:00;0
18.08. 01:00;0
18.08. 02:00;0
18.08. 03:00;0
18.08. 04:00;0
18.08. 05:00;2,0666
18.08. 06:00;9,3971
18.08. 07:00;18,827
18.08. 08:00;27,67
18.08. 09:00;41,548
18.08. 10:00;45,511
18.08. 11:00;30,547
18.08. 12:00;38,417
18.08. 13:00;48,619
18.08. 14:00;37,213
18.08. 15:00;40,032
18.08. 16:00;51,64
18.08. 17:00;40,582
18.08. 18:00;11,465
18.08. 19:00;0
18.08. 20:00;0
18.08. 21:00;0
18.08. 22:00;0
18.08. 23:00;0
19.08. 00:00;0
19.08. 01:00;0
19.08. 02:00;0
19.08. 03:00;0
19.08. 04:00;0
19.08. 05:00;0
19.08. 06:00;22,937
19.08. 07:00;39,91
19.08. 08:00;62,126
19.08. 09:00;93,642
19.08. 10:00;136,99
19.08. 11:00;158,65
19.08. 12:00;182,4
19.08. 13:00;169,38
19.08. 14:00;166,79
19.08. 15:00;125,34
19.08. 16:00;78,778
19.08. 17:00;14,928
19.08. 18:00;6,8981
19.08. 19:00;0
19.08. 20:00;0
19.08. 21:00;0
19.08. 22:00;0
19.08. 23:00;0
20.08. 00:00;0
20.08. 01:00;0
20.08. 02:00;0
20.08. 03:00;0
20.08. 04:00;0
20.08. 05:00;9,7287
20.08. 06:00;48,936
20.08. 07:00;71,12
20.08. 08:00;88,338
20.08. 09:00;143,2
20.08. 10:00;211,84
20.08. 11:00;224,01
20.08. 12:00;238,92
20.08. 13:00;229,06
20.08. 14:00;192,56
20.08. 15:00;152
20.08. 16:00;105,79
20.08. 17:00;58,301
20.08. 18:00;23,891
20.08. 19:00;0
20.08. 20:00;0
20.08. 21:00;0
20.08. 22:00;0
20.08. 23:00;0
21.08. 00:00;0
21.08. 01:00;0
21.08. 02:00;0
21.08. 03:00;0
21.08. 04:00;0
21.08. 05:00;0,90101
21.08. 06:00;5,612
21.08. 07:00;18,714
21.08. 08:00;42,414
21.08. 09:00;47,665
21.08. 10:00;76,657
21.08. 11:00;93,139
21.08. 12:00;86,064
21.08. 13:00;58,46
21.08. 14:00;36,024
21.08. 15:00;30,768
21.08. 16:00;31,14
21.08. 17:00;24,494
21.08. 18:00;13,826
21.08. 19:00;0
21.08. 20:00;0
21.08. 21:00;0
21.08. 22:00;0
21.08. 23:00;0
22.08. 00:00;0
22.08. 01:00;0
22.08. 02:00;0
22.08. 03:00;0
22.08. 04:00;0
22.08. 05:00;3,3049
22.08. 06:00;28,261
22.08. 07:00;46,606
22.08. 08:00;94,83
22.08. 09:00;167,65
22.08. 10:00;212,85
22.08. 11:00;233,25
22.08. 12:00;235,81
22.08. 13:00;224,68
22.08. 14:00;200,38
22.08. 15:00;162,84
22.08. 16:00;116,88
22.08. 17:00;66,949
22.08. 18:00;24,83
22.08. 19:00;0
22.08. 20:00;0
22.08. 21:00;0
22.08. 22:00;0
22.08. 23:00;0
23.08. 00:00;0
23.08. 01:00;0
23.08. 02:00;0
23.08. 03:00;0
23.08. 04:00;0
23.08. 05:00;5,2822
23.08. 06:00;39,599
23.08. 07:00;90,66
23.08. 08:00;142,83
23.08. 09:00;186,06
23.08. 10:00;213,71
23.08. 11:00;225,65
23.08. 12:00;232,22
23.08. 13:00;221,51
23.08. 14:00;197,31
23.08. 15:00;161,05
23.08. 16:00;116,12
23.08. 17:00;65,979
23.08. 18:00;24,177
23.08. 19:00;0
23.08. 20:00;0
23.08. 21:00;0
23.08. 22:00;0
23.08. 23:00;0
24.08. 00:00;0
24.08. 01:00;0
24.08. 02:00;0
24.08. 03:00;0
24.08. 04:00;0
24.08. 05:00;8,6653
24.08. 06:00;44,091
24.08. 07:00;76,891
24.08. 08:00;118,92
24.08. 09:00;146,47
24.08. 10:00;196,64
24.08. 11:00;217,92
24.08. 12:00;226,11
24.08. 13:00;196,05
24.08. 14:00;172,95
24.08. 15:00;141,46
24.08. 16:00;95,713
24.08. 17:00;46,184
24.08. 18:00;4,4788
24.08. 19:00;0
24.08. 20:00;0
24.08. 21:00;0
24.08. 22:00;0
24.08. 23:00;0
25.08. 00:00;0
25.08. 01:00;0
25.08. 02:00;0
25.08. 03:00;0
25.08. 04:00;0
25.08. 05:00;3,9085
25.08. 06:00;31,433
25.08. 07:00;77,749
25.08. 08:00;130,61
25.08. 09:00;178,02
25.08. 10:00;207,58
25.08. 11:00;223,12
25.08. 12:00;223,77
25.08. 13:00;208,44
25.08. 14:00;188,28
25.08. 15:00;154,6
25.08. 16:00;112,28
25.08. 17:00;63,109
25.08. 18:00;22,228
25.08. 19:00;0
25.08. 20:00;0
25.08. 21:00;0
25.08. 22:00;0
25.08. 23:00;0
26.08. 00:00;0
26.08. 01:00;0
26.08. 02:00;0
26.08. 03:00;0
26.08. 04:00;0
26.08. 05:00;0
26.08. 06:00;18,921
26.08. 07:00;83,789
26.08. 08:00;133,94
26.08. 09:00;186,16
26.08. 10:00;212,38
26.08. 11:00;226,97
26.08. 12:00;227,49
26.08. 13:00;214,89
26.08. 14:00;191,03
26.08. 15:00;155,55
26.08. 16:00;111,35
26.08. 17:00;61,637
26.08. 18:00;20,348
26.08. 19:00;0
26.08. 20:00;0
26.08. 21:00;0
26.08. 22:00;0
26.08. 23:00;0
27.08. 00:00;0
27.08. 01:00;0
27.08. 02:00;0
27.08. 03:00;0
27.08. 04:00;0
27.08. 05:00;0,63671
27.08. 06:00;24,789
27.08. 07:00;53,852
27.08. 08:00;91,357
27.08. 09:00;81,675
27.08. 10:00;98,219
27.08. 11:00;114,6
27.08. 12:00;30,69
27.08. 13:00;21,689
27.08. 14:00;43,502
27.08. 15:00;123,88
27.08. 16:00;99,772
27.08. 17:00;32,201
27.08. 18:00;12,77
27.08. 19:00;0
27.08. 20:00;0
27.08. 21:00;0
27.08. 22:00;0
27.08. 23:00;0
28.08. 00:00;0
28.08. 01:00;0
28.08. 02:00;0
28.08. 03:00;0
28.08. 04:00;0
28.08. 05:00;2,7171
28.08. 06:00;45,802
28.08. 07:00;102,76
28.08. 08:00;138,87
28.08. 09:00;181,71
28.08. 10:00;166,64
28.08. 11:00;121,33
28.08. 12:00;152,31
28.08. 13:00;120,65
28.08. 14:00;74,157
28.08. 15:00;65,654
28.08. 16:00;53,252
28.08. 17:00;35,843
28.08. 18:00;7,3175
28.08. 19:00;0
28.08. 20:00;0
28.08. 21:00;0
28.08. 22:00;0
28.08. 23:00;0
29.08. 00:00;0
29.08. 01:00;0
29.08. 02:00;0
29.08. 03:00;0
29.08. 04:00;0
29.08. 05:00;3,3602
29.08. 06:00;43,343
29.08. 07:00;92,945
29.08. 08:00;110,7
29.08. 09:00;165,88
29.08. 10:00;152,71
29.08. 11:00;149,05
29.08. 12:00;180,39
29.08. 13:00;143,8
29.08. 14:00;108,27
29.08. 15:00;94,696
29.08. 16:00;94,088
29.08. 17:00;62,906
29.08. 18:00;15,57
29.08. 19:00;0
29.08. 20:00;0
29.08. 21:00;0
29.08. 22:00;0
29.08. 23:00;0
30.08. 00:00;0
30.08. 01:00;0
30.08. 02:00;0
30.08. 03:00;0
30.08. 04:00;0
30.08. 05:00;4,6949
30.08. 06:00;46,818
30.08. 07:00;102,41
30.08. 08:00;153,3
30.08. 09:00;196,99
30.08. 10:00;212,51
30.08. 11:00;164,22
30.08. 12:00;139,07
30.08. 13:00;184
30.08. 14:00;168,96
30.08. 15:00;144,79
30.08. 16:00;112,67
30.08. 17:00;57,645
30.08. 18:00;12,008
30.08. 19:00;0
30.08. 20:00;0
30.08. 21:00;0
30.08. 22:00;0
30.08. 23:00;0
31.08. 00:00;0
31.08. 01:00;0
31.08. 02:00;0
31.08. 03:00;0
31.08. 04:00;0
31.08. 05:00;0
31.08. 06:00;37,034
31.08. 07:00;67,584
31.08. 08:00;117,4
31.08. 09:00;120,86
31.08. 10:00;108,57
31.08. 11:00;75,752
31.08. 12:00;77,213
31.08. 13:00;71,536
31.08. 14:00;48,798
31.08. 15:00;26,158
31.08. 16:00;13,498
31.08. 17:00;4,6094
31.08. 18:00;1,1745
31.08. 19:00;0
31.08. 20:00;0
31.08. 21:00;0
31.08. 22:00;0
31.08. 23:00;0
01.09. 00:00;0
01.09. 01:00;0
01.09. 02:00;0
01.09. 03:00;0
01.09. 04:00;0
01.09. 05:00;1,4703
01.09. 06:00;28,076
01.09. 07:00;90,975
01.09. 08:00;144,51
01.09. 09:00;187,36
01.09. 10:00;214,73
01.09. 11:00;219,98
01.09. 12:00;216,23
01.09. 13:00;222,49
01.09. 14:00;156,75
01.09. 15:00;132,48
01.09. 16:00;73,089
01.09. 17:00;39,722
01.09. 18:00;4,8752
01.09. 19:00;0
01.09. 20:00;0
01.09. 21:00;0
01.09. 22:00;0
01.09. 23:00;0
02.09. 00:00;0
02.09. 01:00;0
02.09. 02:00;0
02.09. 03:00;0
02.09. 04:00;0
02.09. 05:00;3,3352
02.09. 06:00;24,971
02.09. 07:00;45,793
02.09. 08:00;54,743
02.09. 09:00;118,25
02.09. 10:00;135,88
02.09. 11:00;154,75
02.09. 12:00;126,7
02.09. 13:00;68,575
02.09. 14:00;31,34
02.09. 15:00;62,014
02.09. 16:00;54,228
02.09. 17:00;19,229
02.09. 18:00;0,65107
02.09. 19:00;0
02.09. 20:00;0
02.09. 21:00;0
02.09. 22:00;0
02.09. 23:00;0
03.09. 00:00;0
03.09. 01:00;0
03.09. 02:00;0
03.09. 03:00;0
03.09. 04:00;0
03.09. 05:00;0
03.09. 06:00;3,6871
03.09. 07:00;12,64
03.09. 08:00;31,235
03.09. 09:00;34,118
03.09. 10:00;34,817
03.09. 11:00;40,199
03.09. 12:00;49,186
03.09. 13:00;39,065
03.09. 14:00;25,076
03.09. 15:00;28,29
03.09. 16:00;30,065
03.09. 17:00;15,074
03.09. 18:00;0,6532
03.09. 19:00;0
03.09. 20:00;0
03.09. 21:00;0
03.09. 22:00;0
03.09. 23:00;0
04.09. 00:00;0
04.09. 01:00;0
04.09. 02:00;0
04.09. 03:00;0
04.09. 04:00;0
04.09. 05:00;0,65751
04.09. 06:00;13,411
04.09. 07:00;27,053
04.09. 08:00;42,233
04.09. 09:00;63,55
04.09. 10:00;61,736
04.09. 11:00;44,348
04.09. 12:00;43,233
04.09. 13:00;79,76
04.09. 14:00;91,193
04.09. 15:00;79,298
04.09. 16:00;78,191
04.09. 17:00;44,783
04.09. 18:00;5,6627
04.09. 19:00;0
04.09. 20:00;0
04.09. 21:00;0
04.09. 22:00;0
04.09. 23:00;0
05.09. 00:00;0
05.09. 01:00;0
05.09. 02:00;0
05.09. 03:00;0
05.09. 04:00;0
05.09. 05:00;0
05.09. 06:00;8,1627
05.09. 07:00;22,036
05.09. 08:00;44,474
05.09. 09:00;106,11
05.09. 10:00;135,3
05.09. 11:00;126,88
05.09. 12:00;80,951
05.09. 13:00;102,61
05.09. 14:00;66,71
05.09. 15:00;37,466
05.09. 16:00;20,489
05.09. 17:00;11,97
05.09. 18:00;2,7193
05.09. 19:00;0
05.09. 20:00;0
05.09. 21:00;0
05.09. 22:00;0
05.09. 23:00;0
06.09. 00:00;0
06.09. 01:00;0
06.09. 02:00;0
06.09. 03:00;0
06.09. 04:00;0
06.09. 05:00;1,1986
06.09. 06:00;36,55
06.09. 07:00;88,139
06.09. 08:00;140,15
06.09. 09:00;182,17
06.09. 10:00;210,82
06.09. 11:00;212,41
06.09. 12:00;205,63
06.09. 13:00;174,67
06.09. 14:00;164,65
06.09. 15:00;121,65
06.09. 16:00;56,193
06.09. 17:00;20,163
06.09. 18:00;1,1757
06.09. 19:00;0
06.09. 20:00;0
06.09. 21:00;0
06.09. 22:00;0
06.09. 23:00;0
07.09. 00:00;0
07.09. 01:00;0
07.09. 02:00;0
07.09. 03:00;0
07.09. 04:00;0
07.09. 05:00;1,1944
07.09. 06:00;27,63
07.09. 07:00;42,45
07.09. 08:00;48,201
07.09. 09:00;55,001
07.09. 10:00;58,493
07.09. 11:00;79,813
07.09. 12:00;94,744
07.09. 13:00;138,93
07.09. 14:00;133,38
07.09. 15:00;125,43
07.09. 16:00;102,02
07.09. 17:00;40,575
07.09. 18:00;2,0594
07.09. 19:00;0
07.09. 20:00;0
07.09. 21:00;0
07.09. 22:00;0
07.09. 23:00;0
08.09. 00:00;0
08.09. 01:00;0
08.09. 02:00;0
08.09. 03:00;0
08.09. 04:00;0
08.09. 05:00;0
08.09. 06:00;2,3967
08.09. 07:00;18,28
08.09. 08:00;62,013
08.09. 09:00;104,46
08.09. 10:00;119,91
08.09. 11:00;141,6
08.09. 12:00;125,43
08.09. 13:00;107,25
08.09. 14:00;98,161
08.09. 15:00;51,581
08.09. 16:00;39,651
08.09. 17:00;24,77
08.09. 18:00;2,3597
08.09. 19:00;0
08.09. 20:00;0
08.09. 21:00;0
08.09. 22:00;0
08.09. 23:00;0
09.09. 00:00;0
09.09. 01:00;0
09.09. 02:00;0
09.09. 03:00;0
09.09. 04:00;0
09.09. 05:00;0
09.09. 06:00;11,147
09.09. 07:00;43,34
09.09. 08:00;59,949
09.09. 09:00;110,13
09.09. 10:00;112,32
09.09. 11:00;94,018
09.09. 12:00;90,264
09.09. 13:00;76,92
09.09. 14:00;79,641
09.09. 15:00;68,302
09.09. 16:00;42,416
09.09. 17:00;15,111
09.09. 18:00;2,0326
09.09. 19:00;0
09.09. 20:00;0
09.09. 21:00;0
09.09. 22:00;0
09.09. 23:00;0
10.09. 00:00;0
10.09. 01:00;0
10.09. 02:00;0
10.09. 03:00;0
10.09. 04:00;0
10.09. 05:00;0
10.09. 06:00;15,191
10.09. 07:00;41,416
10.09. 08:00;72,717
10.09. 09:00;130,42
10.09. 10:00;178,13
10.09. 11:00;216,81
10.09. 12:00;199,17
10.09. 13:00;148,24
10.09. 14:00;106,52
10.09. 15:00;110,45
10.09. 16:00;77,738
10.09. 17:00;29,233
10.09. 18:00;2,0374
10.09. 19:00;0
10.09. 20:00;0
10.09. 21:00;0
10.09. 22:00;0
10.09. 23:00;0
11.09. 00:00;0
11.09. 01:00;0
11.09. 02:00;0
11.09. 03:00;0
11.09. 04:00;0
11.09. 05:00;0
11.09. 06:00;12,938
11.09. 07:00;42,214
11.09. 08:00;76,15
11.09. 09:00;94,904
11.09. 10:00;77,379
11.09. 11:00;31,155
11.09. 12:00;45,297
11.09. 13:00;66,69
11.09. 14:00;49,913
11.09. 15:00;32,438
11.09. 16:00;38,125
11.09. 17:00;27,29
11.09. 18:00;2,6895
11.09. 19:00;0
11.09. 20:00;0
11.09. 21:00;0
11.09. 22:00;0
11.09. 23:00;0
12.09. 00:00;0
12.09. 01:00;0
12.09. 02:00;0
12.09. 03:00;0
12.09. 04:00;0
12.09. 05:00;0
12.09. 06:00;13,586
12.09. 07:00;60,809
12.09. 08:00;118
12.09. 09:00;145,06
12.09. 10:00;180,94
12.09. 11:00;197,15
12.09. 12:00;215,13
12.09. 13:00;202,4
12.09. 14:00;148,34
12.09. 15:00;94,22
12.09. 16:00;51,209
12.09. 17:00;15,941
12.09. 18:00;0,64021
12.09. 19:00;0
12.09. 20:00;0
12.09. 21:00;0
12.09. 22:00;0
12.09. 23:00;0
13.09. 00:00;0
13.09. 01:00;0
13.09. 02:00;0
13.09. 03:00;0
13.09. 04:00;0
13.09. 05:00;0
13.09. 06:00;1,1799
13.09. 07:00;17,729
13.09. 08:00;42,247
13.09. 09:00;52,563
13.09. 10:00;99,616
13.09. 11:00;120,41
13.09. 12:00;136,23
13.09. 13:00;150,16
13.09. 14:00;142,52
13.09. 15:00;55,414
13.09. 16:00;37,972
13.09. 17:00;21,737
13.09. 18:00;1,4512
13.09. 19:00;0
13.09. 20:00;0
13.09. 21:00;0
13.09. 22:00;0
13.09. 23:00;0
14.09. 00:00;0
14.09. 01:00;0
14.09. 02:00;0
14.09. 03:00;0
14.09. 04:00;0
14.09. 05:00;0
14.09. 06:00;8,7999
14.09. 07:00;31,84
14.09. 08:00;59,741
14.09. 09:00;51,788
14.09. 10:00;49,242
14.09. 11:00;52,385
14.09. 12:00;62,34
14.09. 13:00;51,597
14.09. 14:00;53,273
14.09. 15:00;29,762
14.09. 16:00;24,803
14.09. 17:00;12,937
14.09. 18:00;0
14.09. 19:00;0
14.09. 20:00;0
14.09. 21:00;0
14.09. 22:00;0
14.09. 23:00;0
15.09. 00:00;0
15.09. 01:00;0
15.09. 02:00;0
15.09. 03:00;0
15.09. 04:00;0
15.09. 05:00;0
15.09. 06:00;2,7335
15.09. 07:00;22,32
15.09. 08:00;50,387
15.09. 09:00;103,48
15.09. 10:00;144,19
15.09. 11:00;169,47
15.09. 12:00;168,07
15.09. 13:00;182,71
15.09. 14:00;155,76
15.09. 15:00;109,3
15.09. 16:00;77,158
15.09. 17:00;26,225
15.09. 18:00;0
15.09. 19:00;0
15.09. 20:00;0
15.09. 21:00;0
15.09. 22:00;0
15.09. 23:00;0
16.09. 00:00;0
16.09. 01:00;0
16.09. 02:00;0
16.09. 03:00;0
16.09. 04:00;0
16.09. 05:00;0
16.09. 06:00;4,7132
16.09. 07:00;17,674
16.09. 08:00;74,48
16.09. 09:00;58,189
16.09. 10:00;20,806
16.09. 11:00;23,393
16.09. 12:00;21,258
16.09. 13:00;40,005
16.09. 14:00;59,601
16.09. 15:00;50,495
16.09. 16:00;44,671
16.09. 17:00;20,662
16.09. 18:00;0
16.09. 19:00;0
16.09. 20:00;0
16.09. 21:00;0
16.09. 22:00;0
16.09. 23:00;0
17.09. 00:00;0
17.09. 01:00;0
17.09. 02:00;0
17.09. 03:00;0
17.09. 04:00;0
17.09. 05:00;0
17.09. 06:00;21,612
17.09. 07:00;33,978
17.09. 08:00;35,09
17.09. 09:00;37,954
17.09. 10:00;50,631
17.09. 11:00;53,068
17.09. 12:00;46,911
17.09. 13:00;38,643
17.09. 14:00;18,096
17.09. 15:00;15,969
17.09. 16:00;7,472
17.09. 17:00;3,075
17.09. 18:00;0
17.09. 19:00;0
17.09. 20:00;0
17.09. 21:00;0
17.09. 22:00;0
17.09. 23:00;0
18.09. 00:00;0
18.09. 01:00;0
18.09. 02:00;0
18.09. 03:00;0
18.09. 04:00;0
18.09. 05:00;0
18.09. 06:00;25,436
18.09. 07:00;72,989
18.09. 08:00;121,66
18.09. 09:00;165,47
18.09. 10:00;196,45
18.09. 11:00;210,1
18.09. 12:00;209,36
18.09. 13:00;194,37
18.09. 14:00;164,54
18.09. 15:00;123,62
18.09. 16:00;71,668
18.09. 17:00;25,329
18.09. 18:00;0
18.09. 19:00;0
18.09. 20:00;0
18.09. 21:00;0
18.09. 22:00;0
18.09. 23:00;0
19.09. 00:00;0
19.09. 01:00;0
19.09. 02:00;0
19.09. 03:00;0
19.09. 04:00;0
19.09. 05:00;0
19.09. 06:00;25,31
19.09. 07:00;74,485
19.09. 08:00;124,87
19.09. 09:00;128,91
19.09. 10:00;92,971
19.09. 11:00;67,11
19.09. 12:00;54,773
19.09. 13:00;47,512
19.09. 14:00;48,983
19.09. 15:00;31,185
19.09. 16:00;21,774
19.09. 17:00;7,1985
19.09. 18:00;0
19.09. 19:00;0
19.09. 20:00;0
19.09. 21:00;0
19.09. 22:00;0
19.09. 23:00;0
20.09. 00:00;0
20.09. 01:00;0
20.09. 02:00;0
20.09. 03:00;0
20.09. 04:00;0
20.09. 05:00;0
20.09. 06:00;19,859
20.09. 07:00;55,519
20.09. 08:00;64,349
20.09. 09:00;64,377
20.09. 10:00;43,576
20.09. 11:00;42,454
20.09. 12:00;42,077
20.09. 13:00;51,492
20.09. 14:00;64,808
20.09. 15:00;59,3
20.09. 16:00;37,948
20.09. 17:00;7,9376
20.09. 18:00;0
20.09. 19:00;0
20.09. 20:00;0
20.09. 21:00;0
20.09. 22:00;0
20.09. 23:00;0
21.09. 00:00;0
21.09. 01:00;0
21.09. 02:00;0
21.09. 03:00;0
21.09. 04:00;0
21.09. 05:00;0
21.09. 06:00;22,055
21.09. 07:00;67,073
21.09. 08:00;118,03
21.09. 09:00;157,84
21.09. 10:00;182,13
21.09. 11:00;198,24
21.09. 12:00;202,35
21.09. 13:00;185,61
21.09. 14:00;154,57
21.09. 15:00;112,76
21.09. 16:00;58,767
21.09. 17:00;15,274
21.09. 18:00;0
21.09. 19:00;0
21.09. 20:00;0
21.09. 21:00;0
21.09. 22:00;0
21.09. 23:00;0
22.09. 00:00;0
22.09. 01:00;0
22.09. 02:00;0
22.09. 03:00;0
22.09. 04:00;0
22.09. 05:00;0
22.09. 06:00;20,416
22.09. 07:00;62,753
22.09. 08:00;101,93
22.09. 09:00;141,28
22.09. 10:00;177,53
22.09. 11:00;197,29
22.09. 12:00;174,25
22.09. 13:00;111,65
22.09. 14:00;90,652
22.09. 15:00;64,245
22.09. 16:00;30,155
22.09. 17:00;7,2172
22.09. 18:00;0
22.09. 19:00;0
22.09. 20:00;0
22.09. 21:00;0
22.09. 22:00;0
22.09. 23:00;0
23.09. 00:00;0
23.09. 01:00;0
23.09. 02:00;0
23.09. 03:00;0
23.09. 04:00;0
23.09. 05:00;0
23.09. 06:00;18,678
23.09. 07:00;62,261
23.09. 08:00;113,41
23.09. 09:00;154,56
23.09. 10:00;183,16
23.09. 11:00;194,56
23.09. 12:00;193,02
23.09. 13:00;177,89
23.09. 14:00;151,21
23.09. 15:00;108,58
23.09. 16:00;57,295
23.09. 17:00;11,51
23.09. 18:00;0
23.09. 19:00;0
23.09. 20:00;0
23.09. 21:00;0
23.09. 22:00;0
23.09. 23:00;0
24.09. 00:00;0
24.09. 01:00;0
24.09. 02:00;0
24.09. 03:00;0
24.09. 04:00;0
24.09. 05:00;0
24.09. 06:00;17,811
24.09. 07:00;61,847
24.09. 08:00;113,71
24.09. 09:00;156
24.09. 10:00;185,08
24.09. 11:00;197,95
24.09. 12:00;195,18
24.09. 13:00;179,23
24.09. 14:00;150,79
24.09. 15:00;109,26
24.09. 16:00;58,12
24.09. 17:00;11,536
24.09. 18:00;0
24.09. 19:00;0
24.09. 20:00;0
24.09. 21:00;0
24.09. 22:00;0
24.09. 23:00;0
25.09. 00:00;0
25.09. 01:00;0
25.09. 02:00;0
25.09. 03:00;0
25.09. 04:00;0
25.09. 05:00;0
25.09. 06:00;12,214
25.09. 07:00;60,143
25.09. 08:00;111,45
25.09. 09:00;153,73
25.09. 10:00;181,58
25.09. 11:00;194,95
25.09. 12:00;192,33
25.09. 13:00;175,89
25.09. 14:00;129,68
25.09. 15:00;81,464
25.09. 16:00;25,129
25.09. 17:00;4,9497
25.09. 18:00;0
25.09. 19:00;0
25.09. 20:00;0
25.09. 21:00;0
25.09. 22:00;0
25.09. 23:00;0
26.09. 00:00;0
26.09. 01:00;0
26.09. 02:00;0
26.09. 03:00;0
26.09. 04:00;0
26.09. 05:00;0
26.09. 06:00;1,7833
26.09. 07:00;19,845
26.09. 08:00;37,822
26.09. 09:00;52,13
26.09. 10:00;73,884
26.09. 11:00;98,792
26.09. 12:00;113,68
26.09. 13:00;82,011
26.09. 14:00;69,892
26.09. 15:00;69,683
26.09. 16:00;41,342
26.09. 17:00;7,3002
26.09. 18:00;0
26.09. 19:00;0
26.09. 20:00;0
26.09. 21:00;0
26.09. 22:00;0
26.09. 23:00;0
27.09. 00:00;0
27.09. 01:00;0
27.09. 02:00;0
27.09. 03:00;0
27.09. 04:00;0
27.09. 05:00;0
27.09. 06:00;9,531
27.09. 07:00;53,851
27.09. 08:00;103,04
27.09. 09:00;144,51
27.09. 10:00;173,03
27.09. 11:00;187,68
27.09. 12:00;188,03
27.09. 13:00;171,44
27.09. 14:00;136,09
27.09. 15:00;80,797
27.09. 16:00;32,038
27.09. 17:00;3,5777
27.09. 18:00;0
27.09. 19:00;0
27.09. 20:00;0
27.09. 21:00;0
27.09. 22:00;0
27.09. 23:00;0
28.09. 00:00;0
28.09. 01:00;0
28.09. 02:00;0
28.09. 03:00;0
28.09. 04:00;0
28.09. 05:00;0
28.09. 06:00;3,6715
28.09. 07:00;28,925
28.09. 08:00;72,261
28.09. 09:00;119,42
28.09. 10:00;128,48
28.09. 11:00;139,57
28.09. 12:00;158,7
28.09. 13:00;147,69
28.09. 14:00;119,4
28.09. 15:00;72,159
28.09. 16:00;24,486
28.09. 17:00;3,913
28.09. 18:00;0
28.09. 19:00;0
28.09. 20:00;0
28.09. 21:00;0
28.09. 22:00;0
28.09. 23:00;0
29.09. 00:00;0
29.09. 01:00;0
29.09. 02:00;0
29.09. 03:00;0
29.09. 04:00;0
29.09. 05:00;0
29.09. 06:00;7,0452
29.09. 07:00;51,346
29.09. 08:00;100,85
29.09. 09:00;141,13
29.09. 10:00;169,73
29.09. 11:00;183,15
29.09. 12:00;181,03
29.09. 13:00;164,98
29.09. 14:00;136,1
29.09. 15:00;94,269
29.09. 16:00;45,281
29.09. 17:00;6,5464
29.09. 18:00;0
29.09. 19:00;0
29.09. 20:00;0
29.09. 21:00;0
29.09. 22:00;0
29.09. 23:00;0
30.09. 00:00;0
30.09. 01:00;0
30.09. 02:00;0
30.09. 03:00;0
30.09. 04:00;0
30.09. 05:00;0
30.09. 06:00;7,0872
30.09. 07:00;48,763
30.09. 08:00;97,13
30.09. 09:00;137,14
30.09. 10:00;165,57
30.09. 11:00;177,43
30.09. 12:00;174,16
30.09. 13:00;158,59
30.09. 14:00;131,66
30.09. 15:00;91,215
30.09. 16:00;43,194
30.09. 17:00;5,5473
30.09. 18:00;0
30.09. 19:00;0
30.09. 20:00;0
30.09. 21:00;0
30.09. 22:00;0
30.09. 23:00;0
01.10. 00:00;0
01.10. 01:00;0
01.10. 02:00;0
01.10. 03:00;0
01.10. 04:00;0
01.10. 05:00;0
01.10. 06:00;5,017
01.10. 07:00;47,353
01.10. 08:00;92,866
01.10. 09:00;131,13
01.10. 10:00;150,31
01.10. 11:00;163,88
01.10. 12:00;167,27
01.10. 13:00;128,16
01.10. 14:00;115,94
01.10. 15:00;72,768
01.10. 16:00;32,448
01.10. 17:00;4,2321
01.10. 18:00;0
01.10. 19:00;0
01.10. 20:00;0
01.10. 21:00;0
01.10. 22:00;0
01.10. 23:00;0
02.10. 00:00;0
02.10. 01:00;0
02.10. 02:00;0
02.10. 03:00;0
02.10. 04:00;0
02.10. 05:00;0
02.10. 06:00;1,4746
02.10. 07:00;36,099
02.10. 08:00;47,639
02.10. 09:00;26,47
02.10. 10:00;19,326
02.10. 11:00;61,288
02.10. 12:00;91,951
02.10. 13:00;108,42
02.10. 14:00;112,34
02.10. 15:00;74,716
02.10. 16:00;33,228
02.10. 17:00;2,0582
02.10. 18:00;0
02.10. 19:00;0
02.10. 20:00;0
02.10. 21:00;0
02.10. 22:00;0
02.10. 23:00;0
03.10. 00:00;0
03.10. 01:00;0
03.10. 02:00;0
03.10. 03:00;0
03.10. 04:00;0
03.10. 05:00;0
03.10. 06:00;5,7447
03.10. 07:00;49,317
03.10. 08:00;99,171
03.10. 09:00;141,63
03.10. 10:00;170,42
03.10. 11:00;182,71
03.10. 12:00;179,71
03.10. 13:00;136,51
03.10. 14:00;131,33
03.10. 15:00;84,704
03.10. 16:00;27,719
03.10. 17:00;2,3592
03.10. 18:00;0
03.10. 19:00;0
03.10. 20:00;0
03.10. 21:00;0
03.10. 22:00;0
03.10. 23:00;0
04.10. 00:00;0
04.10. 01:00;0
04.10. 02:00;0
04.10. 03:00;0
04.10. 04:00;0
04.10. 05:00;0
04.10. 06:00;1,1867
04.10. 07:00;18,246
04.10. 08:00;46,105
04.10. 09:00;64,221
04.10. 10:00;87,004
04.10. 11:00;168,13
04.10. 12:00;116,6
04.10. 13:00;49,054
04.10. 14:00;28,907
04.10. 15:00;11,036
04.10. 16:00;8,2962
04.10. 17:00;0,64425
04.10. 18:00;0
04.10. 19:00;0
04.10. 20:00;0
04.10. 21:00;0
04.10. 22:00;0
04.10. 23:00;0
05.10. 00:00;0
05.10. 01:00;0
05.10. 02:00;0
05.10. 03:00;0
05.10. 04:00;0
05.10. 05:00;0
05.10. 06:00;1,4694
05.10. 07:00;19,274
05.10. 08:00;43,212
05.10. 09:00;49,225
05.10. 10:00;99,879
05.10. 11:00;110,94
05.10. 12:00;78,791
05.10. 13:00;55,51
05.10. 14:00;86,916
05.10. 15:00;56,075
05.10. 16:00;26,989
05.10. 17:00;1,1713
05.10. 18:00;0
05.10. 19:00;0
05.10. 20:00;0
05.10. 21:00;0
05.10. 22:00;0
05.10. 23:00;0
06.10. 00:00;0
06.10. 01:00;0
06.10. 02:00;0
06.10. 03:00;0
06.10. 04:00;0
06.10. 05:00;0
06.10. 06:00;0
06.10. 07:00;4,6691
06.10. 08:00;8,4412
06.10. 09:00;26,605
06.10. 10:00;37,209
06.10. 11:00;36,881
06.10. 12:00;20,954
06.10. 13:00;18,446
06.10. 14:00;28,173
06.10. 15:00;14,849
06.10. 16:00;16,701
06.10. 17:00;3,0523
06.10. 18:00;0
06.10. 19:00;0
06.10. 20:00;0
06.10. 21:00;0
06.10. 22:00;0
06.10. 23:00;0
07.10. 00:00;0
07.10. 01:00;0
07.10. 02:00;0
07.10. 03:00;0
07.10. 04:00;0
07.10. 05:00;0
07.10. 06:00;0
07.10. 07:00;15,998
07.10. 08:00;29,389
07.10. 09:00;30,417
07.10. 10:00;25,327
07.10. 11:00;23,853
07.10. 12:00;16,995
07.10. 13:00;19,127
07.10. 14:00;17,373
07.10. 15:00;9,8995
07.10. 16:00;8,1625
07.10. 17:00;0
07.10. 18:00;0
07.10. 19:00;0
07.10. 20:00;0
07.10. 21:00;0
07.10. 22:00;0
07.10. 23:00;0
08.10. 00:00;0
08.10. 01:00;0
08.10. 02:00;0
08.10. 03:00;0
08.10. 04:00;0
08.10. 05:00;0
08.10. 06:00;0
08.10. 07:00;11,042
08.10. 08:00;24,409
08.10. 09:00;34,975
08.10. 10:00;22,549
08.10. 11:00;33,089
08.10. 12:00;31,944
08.10. 13:00;24,634
08.10. 14:00;35,513
08.10. 15:00;34,372
08.10. 16:00;14,246
08.10. 17:00;0,66107
08.10. 18:00;0
08.10. 19:00;0
08.10. 20:00;0
08.10. 21:00;0
08.10. 22:00;0
08.10. 23:00;0
09.10. 00:00;0
09.10. 01:00;0
09.10. 02:00;0
09.10. 03:00;0
09.10. 04:00;0
09.10. 05:00;0
09.10. 06:00;0
09.10. 07:00;13,905
09.10. 08:00;16,066
09.10. 09:00;24,751
09.10. 10:00;28,739
09.10. 11:00;30,916
09.10. 12:00;41,857
09.10. 13:00;33,407
09.10. 14:00;39,544
09.10. 15:00;23,898
09.10. 16:00;3,7223
09.10. 17:00;0
09.10. 18:00;0
09.10. 19:00;0
09.10. 20:00;0
09.10. 21:00;0
09.10. 22:00;0
09.10. 23:00;0
10.10. 00:00;0
10.10. 01:00;0
10.10. 02:00;0
10.10. 03:00;0
10.10. 04:00;0
10.10. 05:00;0
10.10. 06:00;0
10.10. 07:00;25,55
10.10. 08:00;37,178
10.10. 09:00;66,878
10.10. 10:00;40,614
10.10. 11:00;32,998
10.10. 12:00;36,259
10.10. 13:00;38,76
10.10. 14:00;35,473
10.10. 15:00;22,038
10.10. 16:00;4,7177
10.10. 17:00;0
10.10. 18:00;0
10.10. 19:00;0
10.10. 20:00;0
10.10. 21:00;0
10.10. 22:00;0
10.10. 23:00;0
11.10. 00:00;0
11.10. 01:00;0
11.10. 02:00;0
11.10. 03:00;0
11.10. 04:00;0
11.10. 05:00;0
11.10. 06:00;0
11.10. 07:00;20,466
11.10. 08:00;53,818
11.10. 09:00;78,225
11.10. 10:00;67,894
11.10. 11:00;46,194
11.10. 12:00;59,422
11.10. 13:00;61,986
11.10. 14:00;53,681
11.10. 15:00;31,419
11.10. 16:00;8,7736
11.10. 17:00;0,65171
11.10. 18:00;0
11.10. 19:00;0
11.10. 20:00;0
11.10. 21:00;0
11.10. 22:00;0
11.10. 23:00;0
12.10. 00:00;0
12.10. 01:00;0
12.10. 02:00;0
12.10. 03:00;0
12.10. 04:00;0
12.10. 05:00;0
12.10. 06:00;0
12.10. 07:00;14,924
12.10. 08:00;24,978
12.10. 09:00;42,721
12.10. 10:00;127,17
12.10. 11:00;155,66
12.10. 12:00;141,28
12.10. 13:00;84,796
12.10. 14:00;65,677
12.10. 15:00;38,92
12.10. 16:00;16,118
12.10. 17:00;0
12.10. 18:00;0
12.10. 19:00;0
12.10. 20:00;0
12.10. 21:00;0
12.10. 22:00;0
12.10. 23:00;0
13.10. 00:00;0
13.10. 01:00;0
13.10. 02:00;0
13.10. 03:00;0
13.10. 04:00;0
13.10. 05:00;0
13.10. 06:00;0
13.10. 07:00;20,733
13.10. 08:00;47,137
13.10. 09:00;103,06
13.10. 10:00;132,14
13.10. 11:00;135,3
13.10. 12:00;103,24
13.10. 13:00;69,748
13.10. 14:00;49,492
13.10. 15:00;26,702
13.10. 16:00;6,6896
13.10. 17:00;0
13.10. 18:00;0
13.10. 19:00;0
13.10. 20:00;0
13.10. 21:00;0
13.10. 22:00;0
13.10. 23:00;0
14.10. 00:00;0
14.10. 01:00;0
14.10. 02:00;0
14.10. 03:00;0
14.10. 04:00;0
14.10. 05:00;0
14.10. 06:00;0
14.10. 07:00;30,328
14.10. 08:00;74,187
14.10. 09:00;113,76
14.10. 10:00;141,3
14.10. 11:00;155,13
14.10. 12:00;151,81
14.10. 13:00;114,01
14.10. 14:00;101,89
14.10. 15:00;55,553
14.10. 16:00;14,492
14.10. 17:00;0
14.10. 18:00;0
14.10. 19:00;0
14.10. 20:00;0
14.10. 21:00;0
14.10. 22:00;0
14.10. 23:00;0
15.10. 00:00;0
15.10. 01:00;0
15.10. 02:00;0
15.10. 03:00;0
15.10. 04:00;0
15.10. 05:00;0
15.10. 06:00;0
15.10. 07:00;11,322
15.10. 08:00;38,98
15.10. 09:00;44,004
15.10. 10:00;31,67
15.10. 11:00;31,618
15.10. 12:00;35,192
15.10. 13:00;28,673
15.10. 14:00;32,958
15.10. 15:00;20,769
15.10. 16:00;5,7039
15.10. 17:00;0
15.10. 18:00;0
15.10. 19:00;0
15.10. 20:00;0
15.10. 21:00;0
15.10. 22:00;0
15.10. 23:00;0
16.10. 00:00;0
16.10. 01:00;0
16.10. 02:00;0
16.10. 03:00;0
16.10. 04:00;0
16.10. 05:00;0
16.10. 06:00;0
16.10. 07:00;28,263
16.10. 08:00;67,838
16.10. 09:00;112,54
16.10. 10:00;140,1
16.10. 11:00;152,54
16.10. 12:00;145,88
16.10. 13:00;78,454
16.10. 14:00;53,54
16.10. 15:00;29,73
16.10. 16:00;12,442
16.10. 17:00;0
16.10. 18:00;0
16.10. 19:00;0
16.10. 20:00;0
16.10. 21:00;0
16.10. 22:00;0
16.10. 23:00;0
17.10. 00:00;0
17.10. 01:00;0
17.10. 02:00;0
17.10. 03:00;0
17.10. 04:00;0
17.10. 05:00;0
17.10. 06:00;0
17.10. 07:00;18,614
17.10. 08:00;38,504
17.10. 09:00;81,266
17.10. 10:00;79,05
17.10. 11:00;56,531
17.10. 12:00;56,443
17.10. 13:00;35,711
17.10. 14:00;47,54
17.10. 15:00;45,25
17.10. 16:00;10,567
17.10. 17:00;0
17.10. 18:00;0
17.10. 19:00;0
17.10. 20:00;0
17.10. 21:00;0
17.10. 22:00;0
17.10. 23:00;0
18.10. 00:00;0
18.10. 01:00;0
18.10. 02:00;0
18.10. 03:00;0
18.10. 04:00;0
18.10. 05:00;0
18.10. 06:00;0
18.10. 07:00;9,9723
18.10. 08:00;19,914
18.10. 09:00;63,242
18.10. 10:00;103,84
18.10. 11:00;128,21
18.10. 12:00;116,26
18.10. 13:00;59,924
18.10. 14:00;54,558
18.10. 15:00;41,943
18.10. 16:00;8,1017
18.10. 17:00;0
18.10. 18:00;0
18.10. 19:00;0
18.10. 20:00;0
18.10. 21:00;0
18.10. 22:00;0
18.10. 23:00;0
19.10. 00:00;0
19.10. 01:00;0
19.10. 02:00;0
19.10. 03:00;0
19.10. 04:00;0
19.10. 05:00;0
19.10. 06:00;0
19.10. 07:00;11,473
19.10. 08:00;23,509
19.10. 09:00;48,831
19.10. 10:00;69,143
19.10. 11:00;31,982
19.10. 12:00;42,871
19.10. 13:00;69,019
19.10. 14:00;81,358
19.10. 15:00;50,235
19.10. 16:00;13,673
19.10. 17:00;0
19.10. 18:00;0
19.10. 19:00;0
19.10. 20:00;0
19.10. 21:00;0
19.10. 22:00;0
19.10. 23:00;0
20.10. 00:00;0
20.10. 01:00;0
20.10. 02:00;0
20.10. 03:00;0
20.10. 04:00;0
20.10. 05:00;0
20.10. 06:00;0
20.10. 07:00;10,428
20.10. 08:00;30,116
20.10. 09:00;51,886
20.10. 10:00;63,685
20.10. 11:00;83,331
20.10. 12:00;97,889
20.10. 13:00;78,517
20.10. 14:00;50,918
20.10. 15:00;19,008
20.10. 16:00;8,4385
20.10. 17:00;0
20.10. 18:00;0
20.10. 19:00;0
20.10. 20:00;0
20.10. 21:00;0
20.10. 22:00;0
20.10. 23:00;0
21.10. 00:00;0
21.10. 01:00;0
21.10. 02:00;0
21.10. 03:00;0
21.10. 04:00;0
21.10. 05:00;0
21.10. 06:00;0
21.10. 07:00;19,546
21.10. 08:00;63,234
21.10. 09:00;104,95
21.10. 10:00;131,6
21.10. 11:00;137,2
21.10. 12:00;116,22
21.10. 13:00;99,134
21.10. 14:00;93,293
21.10. 15:00;44,46
21.10. 16:00;5,9978
21.10. 17:00;0
21.10. 18:00;0
21.10. 19:00;0
21.10. 20:00;0
21.10. 21:00;0
21.10. 22:00;0
21.10. 23:00;0
22.10. 00:00;0
22.10. 01:00;0
22.10. 02:00;0
22.10. 03:00;0
22.10. 04:00;0
22.10. 05:00;0
22.10. 06:00;0
22.10. 07:00;22,898
22.10. 08:00;55,651
22.10. 09:00;98,055
22.10. 10:00;130,81
22.10. 11:00;142,85
22.10. 12:00;139,12
22.10. 13:00;103,87
22.10. 14:00;89,258
22.10. 15:00;41,505
22.10. 16:00;5,3071
22.10. 17:00;0
22.10. 18:00;0
22.10. 19:00;0
22.10. 20:00;0
22.10. 21:00;0
22.10. 22:00;0
22.10. 23:00;0
23.10. 00:00;0
23.10. 01:00;0
23.10. 02:00;0
23.10. 03:00;0
23.10. 04:00;0
23.10. 05:00;0
23.10. 06:00;0
23.10. 07:00;19,854
23.10. 08:00;61,08
23.10. 09:00;101,11
23.10. 10:00;127,31
23.10. 11:00;137,38
23.10. 12:00;134,4
23.10. 13:00;102,13
23.10. 14:00;87,386
23.10. 15:00;42,648
23.10. 16:00;6,6742
23.10. 17:00;0
23.10. 18:00;0
23.10. 19:00;0
23.10. 20:00;0
23.10. 21:00;0
23.10. 22:00;0
23.10. 23:00;0
24.10. 00:00;0
24.10. 01:00;0
24.10. 02:00;0
24.10. 03:00;0
24.10. 04:00;0
24.10. 05:00;0
24.10. 06:00;0
24.10. 07:00;8,3591
24.10. 08:00;26,037
24.10. 09:00;74,805
24.10. 10:00;101,71
24.10. 11:00;57,281
24.10. 12:00;59,83
24.10. 13:00;61,945
24.10. 14:00;37,946
24.10. 15:00;27,918
24.10. 16:00;5,3473
24.10. 17:00;0
24.10. 18:00;0
24.10. 19:00;0
24.10. 20:00;0
24.10. 21:00;0
24.10. 22:00;0
24.10. 23:00;0
25.10. 00:00;0
25.10. 01:00;0
25.10. 02:00;0
25.10. 03:00;0
25.10. 04:00;0
25.10. 05:00;0
25.10. 06:00;0
25.10. 07:00;4,4069
25.10. 08:00;31,844
25.10. 09:00;50,618
25.10. 10:00;43,68
25.10. 11:00;27,02
25.10. 12:00;38,203
25.10. 13:00;30,236
25.10. 14:00;20,128
25.10. 15:00;7,0581
25.10. 16:00;0,65487
25.10. 17:00;0
25.10. 18:00;0
25.10. 19:00;0
25.10. 20:00;0
25.10. 21:00;0
25.10. 22:00;0
25.10. 23:00;0
26.10. 00:00;0
26.10. 01:00;0
26.10. 02:00;0
26.10. 03:00;0
26.10. 04:00;0
26.10. 05:00;0
26.10. 06:00;0
26.10. 07:00;0,93144
26.10. 08:00;27,394
26.10. 09:00;44,738
26.10. 10:00;34,276
26.10. 11:00;39,659
26.10. 12:00;21,962
26.10. 13:00;67,95
26.10. 14:00;16,223
26.10. 15:00;5,0459
26.10. 16:00;1,4952
26.10. 17:00;0
26.10. 18:00;0
26.10. 19:00;0
26.10. 20:00;0
26.10. 21:00;0
26.10. 22:00;0
26.10. 23:00;0
27.10. 00:00;0
27.10. 01:00;0
27.10. 02:00;0
27.10. 03:00;0
27.10. 04:00;0
27.10. 05:00;0
27.10. 06:00;0
27.10. 07:00;9,2989
27.10. 08:00;32,432
27.10. 09:00;45,167
27.10. 10:00;74,055
27.10. 11:00;92,005
27.10. 12:00;51,731
27.10. 13:00;33,228
27.10. 14:00;24,895
27.10. 15:00;9,8836
27.10. 16:00;1,1988
27.10. 17:00;0
27.10. 18:00;0
27.10. 19:00;0
27.10. 20:00;0
27.10. 21:00;0
27.10. 22:00;0
27.10. 23:00;0
28.10. 00:00;0
28.10. 01:00;0
28.10. 02:00;0
28.10. 03:00;0
28.10. 04:00;0
28.10. 05:00;0
28.10. 06:00;0
28.10. 07:00;4,3862
28.10. 08:00;14,9
28.10. 09:00;22,085
28.10. 10:00;19,539
28.10. 11:00;26,726
28.10. 12:00;32,469
28.10. 13:00;18,025
28.10. 14:00;21,244
28.10. 15:00;13,383
28.10. 16:00;0,91723
28.10. 17:00;0
28.10. 18:00;0
28.10. 19:00;0
28.10. 20:00;0
28.10. 21:00;0
28.10. 22:00;0
28.10. 23:00;0
29.10. 00:00;0
29.10. 01:00;0
29.10. 02:00;0
29.10. 03:00;0
29.10. 04:00;0
29.10. 05:00;0
29.10. 06:00;0
29.10. 07:00;0,9199
29.10. 08:00;33,892
29.10. 09:00;36,033
29.10. 10:00;85,678
29.10. 11:00;105,77
29.10. 12:00;79,972
29.10. 13:00;82,673
29.10. 14:00;68,339
29.10. 15:00;30,008
29.10. 16:00;2,0827
29.10. 17:00;0
29.10. 18:00;0
29.10. 19:00;0
29.10. 20:00;0
29.10. 21:00;0
29.10. 22:00;0
29.10. 23:00;0
30.10. 00:00;0
30.10. 01:00;0
30.10. 02:00;0
30.10. 03:00;0
30.10. 04:00;0
30.10. 05:00;0
30.10. 06:00;0
30.10. 07:00;1,1991
30.10. 08:00;8,8406
30.10. 09:00;28,527
30.10. 10:00;37,907
30.10. 11:00;29,182
30.10. 12:00;29,468
30.10. 13:00;47,813
30.10. 14:00;34,074
30.10. 15:00;9,1048
30.10. 16:00;0,65223
30.10. 17:00;0
30.10. 18:00;0
30.10. 19:00;0
30.10. 20:00;0
30.10. 21:00;0
30.10. 22:00;0
30.10. 23:00;0
31.10. 00:00;0
31.10. 01:00;0
31.10. 02:00;0
31.10. 03:00;0
31.10. 04:00;0
31.10. 05:00;0
31.10. 06:00;0
31.10. 07:00;0,91961
31.10. 08:00;6,0646
31.10. 09:00;19,861
31.10. 10:00;18,061
31.10. 11:00;24,179
31.10. 12:00;19,13
31.10. 13:00;16,632
31.10. 14:00;10,585
31.10. 15:00;5,0404
31.10. 16:00;0
31.10. 17:00;0
31.10. 18:00;0
31.10. 19:00;0
31.10. 20:00;0
31.10. 21:00;0
31.10. 22:00;0
31.10. 23:00;0
01.11. 00:00;0
01.11. 01:00;0
01.11. 02:00;0
01.11. 03:00;0
01.11. 04:00;0
01.11. 05:00;0
01.11. 06:00;0
01.11. 07:00;4,7811
01.11. 08:00;9,3576
01.11. 09:00;23,2
01.11. 10:00;24,608
01.11. 11:00;49,657
01.11. 12:00;37,18
01.11. 13:00;24,371
01.11. 14:00;29,572
01.11. 15:00;22,844
01.11. 16:00;0
01.11. 17:00;0
01.11. 18:00;0
01.11. 19:00;0
01.11. 20:00;0
01.11. 21:00;0
01.11. 22:00;0
01.11. 23:00;0
02.11. 00:00;0
02.11. 01:00;0
02.11. 02:00;0
02.11. 03:00;0
02.11. 04:00;0
02.11. 05:00;0
02.11. 06:00;0
02.11. 07:00;11,38
02.11. 08:00;50,627
02.11. 09:00;93,389
02.11. 10:00;122,69
02.11. 11:00;134,52
02.11. 12:00;129,94
02.11. 13:00;105,83
02.11. 14:00;62,072
02.11. 15:00;22,144
02.11. 16:00;0
02.11. 17:00;0
02.11. 18:00;0
02.11. 19:00;0
02.11. 20:00;0
02.11. 21:00;0
02.11. 22:00;0
02.11. 23:00;0
03.11. 00:00;0
03.11. 01:00;0
03.11. 02:00;0
03.11. 03:00;0
03.11. 04:00;0
03.11. 05:00;0
03.11. 06:00;0
03.11. 07:00;10,644
03.11. 08:00;48,416
03.11. 09:00;91,566
03.11. 10:00;117,66
03.11. 11:00;126,16
03.11. 12:00;114,69
03.11. 13:00;89,88
03.11. 14:00;69,721
03.11. 15:00;29,581
03.11. 16:00;0
03.11. 17:00;0
03.11. 18:00;0
03.11. 19:00;0
03.11. 20:00;0
03.11. 21:00;0
03.11. 22:00;0
03.11. 23:00;0
04.11. 00:00;0
04.11. 01:00;0
04.11. 02:00;0
04.11. 03:00;0
04.11. 04:00;0
04.11. 05:00;0
04.11. 06:00;0
04.11. 07:00;3,4799
04.11. 08:00;14,878
04.11. 09:00;18,864
04.11. 10:00;26,888
04.11. 11:00;41,466
04.11. 12:00;49,009
04.11. 13:00;31,384
04.11. 14:00;12,495
04.11. 15:00;8,2275
04.11. 16:00;0
04.11. 17:00;0
04.11. 18:00;0
04.11. 19:00;0
04.11. 20:00;0
04.11. 21:00;0
04.11. 22:00;0
04.11. 23:00;0
05.11. 00:00;0
05.11. 01:00;0
05.11. 02:00;0
05.11. 03:00;0
05.11. 04:00;0
05.11. 05:00;0
05.11. 06:00;0
05.11. 07:00;0
05.11. 08:00;4,4115
05.11. 09:00;10,316
05.11. 10:00;16,018
05.11. 11:00;19,996
05.11. 12:00;17,816
05.11. 13:00;19,25
05.11. 14:00;16,715
05.11. 15:00;4,392
05.11. 16:00;0
05.11. 17:00;0
05.11. 18:00;0
05.11. 19:00;0
05.11. 20:00;0
05.11. 21:00;0
05.11. 22:00;0
05.11. 23:00;0
06.11. 00:00;0
06.11. 01:00;0
06.11. 02:00;0
06.11. 03:00;0
06.11. 04:00;0
06.11. 05:00;0
06.11. 06:00;0
06.11. 07:00;2,1032
06.11. 08:00;9,9153
06.11. 09:00;29,29
06.11. 10:00;44,453
06.11. 11:00;41,868
06.11. 12:00;54,05
06.11. 13:00;29,823
06.11. 14:00;23,376
06.11. 15:00;10,589
06.11. 16:00;0
06.11. 17:00;0
06.11. 18:00;0
06.11. 19:00;0
06.11. 20:00;0
06.11. 21:00;0
06.11. 22:00;0
06.11. 23:00;0
07.11. 00:00;0
07.11. 01:00;0
07.11. 02:00;0
07.11. 03:00;0
07.11. 04:00;0
07.11. 05:00;0
07.11. 06:00;0
07.11. 07:00;0,92779
07.11. 08:00;13,507
07.11. 09:00;21,776
07.11. 10:00;23,934
07.11. 11:00;31,552
07.11. 12:00;35,165
07.11. 13:00;51,516
07.11. 14:00;47,466
07.11. 15:00;20,781
07.11. 16:00;0
07.11. 17:00;0
07.11. 18:00;0
07.11. 19:00;0
07.11. 20:00;0
07.11. 21:00;0
07.11. 22:00;0
07.11. 23:00;0
08.11. 00:00;0
08.11. 01:00;0
08.11. 02:00;0
08.11. 03:00;0
08.11. 04:00;0
08.11. 05:00;0
08.11. 06:00;0
08.11. 07:00;5,8407
08.11. 08:00;39,986
08.11. 09:00;74,545
08.11. 10:00;97,083
08.11. 11:00;112,2
08.11. 12:00;115,31
08.11. 13:00;95,193
08.11. 14:00;62,826
08.11. 15:00;22,799
08.11. 16:00;0
08.11. 17:00;0
08.11. 18:00;0
08.11. 19:00;0
08.11. 20:00;0
08.11. 21:00;0
08.11. 22:00;0
08.11. 23:00;0
09.11. 00:00;0
09.11. 01:00;0
09.11. 02:00;0
09.11. 03:00;0
09.11. 04:00;0
09.11. 05:00;0
09.11. 06:00;0
09.11. 07:00;4,3829
09.11. 08:00;30,035
09.11. 09:00;50,352
09.11. 10:00;39,523
09.11. 11:00;35,917
09.11. 12:00;33,037
09.11. 13:00;41,06
09.11. 14:00;27,226
09.11. 15:00;19,742
09.11. 16:00;0
09.11. 17:00;0
09.11. 18:00;0
09.11. 19:00;0
09.11. 20:00;0
09.11. 21:00;0
09.11. 22:00;0
09.11. 23:00;0
10.11. 00:00;0
10.11. 01:00;0
10.11. 02:00;0
10.11. 03:00;0
10.11. 04:00;0
10.11. 05:00;0
10.11. 06:00;0
10.11. 07:00;2,4638
10.11. 08:00;29,78
10.11. 09:00;65,176
10.11. 10:00;100,64
10.11. 11:00;108,72
10.11. 12:00;102,08
10.11. 13:00;75,369
10.11. 14:00;42,488
10.11. 15:00;16,525
10.11. 16:00;0
10.11. 17:00;0
10.11. 18:00;0
10.11. 19:00;0
10.11. 20:00;0
10.11. 21:00;0
10.11. 22:00;0
10.11. 23:00;0
11.11. 00:00;0
11.11. 01:00;0
11.11. 02:00;0
11.11. 03:00;0
11.11. 04:00;0
11.11. 05:00;0
11.11. 06:00;0
11.11. 07:00;1,2239
11.11. 08:00;6,5431
11.11. 09:00;11,862
11.11. 10:00;15,454
11.11. 11:00;15,131
11.11. 12:00;17,334
11.11. 13:00;9,0039
11.11. 14:00;7,222
11.11. 15:00;7,245
11.11. 16:00;0
11.11. 17:00;0
11.11. 18:00;0
11.11. 19:00;0
11.11. 20:00;0
11.11. 21:00;0
11.11. 22:00;0
11.11. 23:00;0
12.11. 00:00;0
12.11. 01:00;0
12.11. 02:00;0
12.11. 03:00;0
12.11. 04:00;0
12.11. 05:00;0
12.11. 06:00;0
12.11. 07:00;0,67161
12.11. 08:00;13,991
12.11. 09:00;29,696
12.11. 10:00;23,46
12.11. 11:00;31,499
12.11. 12:00;36,623
12.11. 13:00;27,095
12.11. 14:00;11,458
12.11. 15:00;8,3569
12.11. 16:00;0
12.11. 17:00;0
12.11. 18:00;0
12.11. 19:00;0
12.11. 20:00;0
12.11. 21:00;0
12.11. 22:00;0
12.11. 23:00;0
13.11. 00:00;0
13.11. 01:00;0
13.11. 02:00;0
13.11. 03:00;0
13.11. 04:00;0
13.11. 05:00;0
13.11. 06:00;0
13.11. 07:00;2,4594
13.11. 08:00;15,488
13.11. 09:00;20,575
13.11. 10:00;14,369
13.11. 11:00;16,904
13.11. 12:00;14,722
13.11. 13:00;12,908
13.11. 14:00;10,396
13.11. 15:00;5,1353
13.11. 16:00;0
13.11. 17:00;0
13.11. 18:00;0
13.11. 19:00;0
13.11. 20:00;0
13.11. 21:00;0
13.11. 22:00;0
13.11. 23:00;0
14.11. 00:00;0
14.11. 01:00;0
14.11. 02:00;0
14.11. 03:00;0
14.11. 04:00;0
14.11. 05:00;0
14.11. 06:00;0
14.11. 07:00;0
14.11. 08:00;20,101
14.11. 09:00;48,502
14.11. 10:00;40,186
14.11. 11:00;46,294
14.11. 12:00;29,591
14.11. 13:00;13,063
14.11. 14:00;10,939
14.11. 15:00;6,4652
14.11. 16:00;0
14.11. 17:00;0
14.11. 18:00;0
14.11. 19:00;0
14.11. 20:00;0
14.11. 21:00;0
14.11. 22:00;0
14.11. 23:00;0
15.11. 00:00;0
15.11. 01:00;0
15.11. 02:00;0
15.11. 03:00;0
15.11. 04:00;0
15.11. 05:00;0
15.11. 06:00;0
15.11. 07:00;2,7216
15.11. 08:00;32,661
15.11. 09:00;62,606
15.11. 10:00;45,637
15.11. 11:00;64,189
15.11. 12:00;75,488
15.11. 13:00;61,033
15.11. 14:00;51,604
15.11. 15:00;14,091
15.11. 16:00;0
15.11. 17:00;0
15.11. 18:00;0
15.11. 19:00;0
15.11. 20:00;0
15.11. 21:00;0
15.11. 22:00;0
15.11. 23:00;0
16.11. 00:00;0
16.11. 01:00;0
16.11. 02:00;0
16.11. 03:00;0
16.11. 04:00;0
16.11. 05:00;0
16.11. 06:00;0
16.11. 07:00;1,5019
16.11. 08:00;26,09
16.11. 09:00;62,869
16.11. 10:00;86,215
16.11. 11:00;94,908
16.11. 12:00;97,023
16.11. 13:00;77,863
16.11. 14:00;48,693
16.11. 15:00;17,826
16.11. 16:00;0
16.11. 17:00;0
16.11. 18:00;0
16.11. 19:00;0
16.11. 20:00;0
16.11. 21:00;0
16.11. 22:00;0
16.11. 23:00;0
17.11. 00:00;0
17.11. 01:00;0
17.11. 02:00;0
17.11. 03:00;0
17.11. 04:00;0
17.11. 05:00;0
17.11. 06:00;0
17.11. 07:00;1,4963
17.11. 08:00;20,612
17.11. 09:00;33,867
17.11. 10:00;29,095
17.11. 11:00;39,773
17.11. 12:00;69,823
17.11. 13:00;49,637
17.11. 14:00;31,42
17.11. 15:00;6,7022
17.11. 16:00;0
17.11. 17:00;0
17.11. 18:00;0
17.11. 19:00;0
17.11. 20:00;0
17.11. 21:00;0
17.11. 22:00;0
17.11. 23:00;0
18.11. 00:00;0
18.11. 01:00;0
18.11. 02:00;0
18.11. 03:00;0
18.11. 04:00;0
18.11. 05:00;0
18.11. 06:00;0
18.11. 07:00;0
18.11. 08:00;9,6333
18.11. 09:00;13,482
18.11. 10:00;34,052
18.11. 11:00;33,99
18.11. 12:00;57,263
18.11. 13:00;52,689
18.11. 14:00;26,138
18.11. 15:00;4,0104
18.11. 16:00;0
18.11. 17:00;0
18.11. 18:00;0
18.11. 19:00;0
18.11. 20:00;0
18.11. 21:00;0
18.11. 22:00;0
18.11. 23:00;0
19.11. 00:00;0
19.11. 01:00;0
19.11. 02:00;0
19.11. 03:00;0
19.11. 04:00;0
19.11. 05:00;0
19.11. 06:00;0
19.11. 07:00;0
19.11. 08:00;13,114
19.11. 09:00;40,028
19.11. 10:00;46,576
19.11. 11:00;59,76
19.11. 12:00;47,743
19.11. 13:00;34,318
19.11. 14:00;24,916
19.11. 15:00;5,0506
19.11. 16:00;0
19.11. 17:00;0
19.11. 18:00;0
19.11. 19:00;0
19.11. 20:00;0
19.11. 21:00;0
19.11. 22:00;0
19.11. 23:00;0
20.11. 00:00;0
20.11. 01:00;0
20.11. 02:00;0
20.11. 03:00;0
20.11. 04:00;0
20.11. 05:00;0
20.11. 06:00;0
20.11. 07:00;0
20.11. 08:00;7,9875
20.11. 09:00;21,677
20.11. 10:00;47,296
20.11. 11:00;92,979
20.11. 12:00;87,999
20.11. 13:00;68,24
20.11. 14:00;30,245
20.11. 15:00;4,7654
20.11. 16:00;0
20.11. 17:00;0
20.11. 18:00;0
20.11. 19:00;0
20.11. 20:00;0
20.11. 21:00;0
20.11. 22:00;0
20.11. 23:00;0
21.11. 00:00;0
21.11. 01:00;0
21.11. 02:00;0
21.11. 03:00;0
21.11. 04:00;0
21.11. 05:00;0
21.11. 06:00;0
21.11. 07:00;0
21.11. 08:00;10,257
21.11. 09:00;17,967
21.11. 10:00;34,732
21.11. 11:00;25,514
21.11. 12:00;13,545
21.11. 13:00;11,403
21.11. 14:00;13,905
21.11. 15:00;0
21.11. 16:00;0
21.11. 17:00;0
21.11. 18:00;0
21.11. 19:00;0
21.11. 20:00;0
21.11. 21:00;0
21.11. 22:00;0
21.11. 23:00;0
22.11. 00:00;0
22.11. 01:00;0
22.11. 02:00;0
22.11. 03:00;0
22.11. 04:00;0
22.11. 05:00;0
22.11. 06:00;0
22.11. 07:00;0,67812
22.11. 08:00;14,207
22.11. 09:00;43,065
22.11. 10:00;70,663
22.11. 11:00;66,231
22.11. 12:00;62,123
22.11. 13:00;53,9
22.11. 14:00;39,282
22.11. 15:00;6,1433
22.11. 16:00;0
22.11. 17:00;0
22.11. 18:00;0
22.11. 19:00;0
22.11. 20:00;0
22.11. 21:00;0
22.11. 22:00;0
22.11. 23:00;0
23.11. 00:00;0
23.11. 01:00;0
23.11. 02:00;0
23.11. 03:00;0
23.11. 04:00;0
23.11. 05:00;0
23.11. 06:00;0
23.11. 07:00;0
23.11. 08:00;4,4895
23.11. 09:00;20,643
23.11. 10:00;30,536
23.11. 11:00;35,943
23.11. 12:00;29,981
23.11. 13:00;16,812
23.11. 14:00;12,504
23.11. 15:00;1,8113
23.11. 16:00;0
23.11. 17:00;0
23.11. 18:00;0
23.11. 19:00;0
23.11. 20:00;0
23.11. 21:00;0
23.11. 22:00;0
23.11. 23:00;0
24.11. 00:00;0
24.11. 01:00;0
24.11. 02:00;0
24.11. 03:00;0
24.11. 04:00;0
24.11. 05:00;0
24.11. 06:00;0
24.11. 07:00;0
24.11. 08:00;18,848
24.11. 09:00;51,6
24.11. 10:00;77,383
24.11. 11:00;87,911
24.11. 12:00;83,194
24.11. 13:00;62,113
24.11. 14:00;35,547
24.11. 15:00;6,0578
24.11. 16:00;0
24.11. 17:00;0
24.11. 18:00;0
24.11. 19:00;0
24.11. 20:00;0
24.11. 21:00;0
24.11. 22:00;0
24.11. 23:00;0
25.11. 00:00;0
25.11. 01:00;0
25.11. 02:00;0
25.11. 03:00;0
25.11. 04:00;0
25.11. 05:00;0
25.11. 06:00;0
25.11. 07:00;0
25.11. 08:00;8,5614
25.11. 09:00;24,703
25.11. 10:00;34,464
25.11. 11:00;30,738
25.11. 12:00;22,388
25.11. 13:00;18,762
25.11. 14:00;9,1635
25.11. 15:00;0
25.11. 16:00;0
25.11. 17:00;0
25.11. 18:00;0
25.11. 19:00;0
25.11. 20:00;0
25.11. 21:00;0
25.11. 22:00;0
25.11. 23:00;0
26.11. 00:00;0
26.11. 01:00;0
26.11. 02:00;0
26.11. 03:00;0
26.11. 04:00;0
26.11. 05:00;0
26.11. 06:00;0
26.11. 07:00;0
26.11. 08:00;10,638
26.11. 09:00;42,245
26.11. 10:00;41,544
26.11. 11:00;46,156
26.11. 12:00;35,646
26.11. 13:00;28,411
26.11. 14:00;5,7052
26.11. 15:00;2,4037
26.11. 16:00;0
26.11. 17:00;0
26.11. 18:00;0
26.11. 19:00;0
26.11. 20:00;0
26.11. 21:00;0
26.11. 22:00;0
26.11. 23:00;0
27.11. 00:00;0
27.11. 01:00;0
27.11. 02:00;0
27.11. 03:00;0
27.11. 04:00;0
27.11. 05:00;0
27.11. 06:00;0
27.11. 07:00;0
27.11. 08:00;6,8761
27.11. 09:00;26,347
27.11. 10:00;59,341
27.11. 11:00;83,557
27.11. 12:00;76,89
27.11. 13:00;58,357
27.11. 14:00;33,485
27.11. 15:00;4,3726
27.11. 16:00;0
27.11. 17:00;0
27.11. 18:00;0
27.11. 19:00;0
27.11. 20:00;0
27.11. 21:00;0
27.11. 22:00;0
27.11. 23:00;0
28.11. 00:00;0
28.11. 01:00;0
28.11. 02:00;0
28.11. 03:00;0
28.11. 04:00;0
28.11. 05:00;0
28.11. 06:00;0
28.11. 07:00;0
28.11. 08:00;10,809
28.11. 09:00;43,928
28.11. 10:00;71,489
28.11. 11:00;84,952
28.11. 12:00;85,022
28.11. 13:00;69,797
28.11. 14:00;35,616
28.11. 15:00;3,0873
28.11. 16:00;0
28.11. 17:00;0
28.11. 18:00;0
28.11. 19:00;0
28.11. 20:00;0
28.11. 21:00;0
28.11. 22:00;0
28.11. 23:00;0
29.11. 00:00;0
29.11. 01:00;0
29.11. 02:00;0
29.11. 03:00;0
29.11. 04:00;0
29.11. 05:00;0
29.11. 06:00;0
29.11. 07:00;0
29.11. 08:00;3,4295
29.11. 09:00;29,561
29.11. 10:00;24,068
29.11. 11:00;11,402
29.11. 12:00;8,9289
29.11. 13:00;12,477
29.11. 14:00;9,9693
29.11. 15:00;0
29.11. 16:00;0
29.11. 17:00;0
29.11. 18:00;0
29.11. 19:00;0
29.11. 20:00;0
29.11. 21:00;0
29.11. 22:00;0
29.11. 23:00;0
30.11. 00:00;0
30.11. 01:00;0
30.11. 02:00;0
30.11. 03:00;0
30.11. 04:00;0
30.11. 05:00;0
30.11. 06:00;0
30.11. 07:00;0
30.11. 08:00;10,039
30.11. 09:00;42,957
30.11. 10:00;70,034
30.11. 11:00;80,358
30.11. 12:00;80,254
30.11. 13:00;60,715
30.11. 14:00;28,989
30.11. 15:00;3,0739
30.11. 16:00;0
30.11. 17:00;0
30.11. 18:00;0
30.11. 19:00;0
30.11. 20:00;0
30.11. 21:00;0
30.11. 22:00;0
30.11. 23:00;0
01.12. 00:00;0
01.12. 01:00;0
01.12. 02:00;0
01.12. 03:00;0
01.12. 04:00;0
01.12. 05:00;0
01.12. 06:00;0
01.12. 07:00;0
01.12. 08:00;7,4456
01.12. 09:00;40,212
01.12. 10:00;56,377
01.12. 11:00;58,263
01.12. 12:00;73,75
01.12. 13:00;66,42
01.12. 14:00;40,705
01.12. 15:00;8,474
01.12. 16:00;0
01.12. 17:00;0
01.12. 18:00;0
01.12. 19:00;0
01.12. 20:00;0
01.12. 21:00;0
01.12. 22:00;0
01.12. 23:00;0
02.12. 00:00;0
02.12. 01:00;0
02.12. 02:00;0
02.12. 03:00;0
02.12. 04:00;0
02.12. 05:00;0
02.12. 06:00;0
02.12. 07:00;0
02.12. 08:00;2,8437
02.12. 09:00;11,398
02.12. 10:00;8,1119
02.12. 11:00;8,4715
02.12. 12:00;8,4665
02.12. 13:00;7,7416
02.12. 14:00;4,8936
02.12. 15:00;0,95929
02.12. 16:00;0
02.12. 17:00;0
02.12. 18:00;0
02.12. 19:00;0
02.12. 20:00;0
02.12. 21:00;0
02.12. 22:00;0
02.12. 23:00;0
03.12. 00:00;0
03.12. 01:00;0
03.12. 02:00;0
03.12. 03:00;0
03.12. 04:00;0
03.12. 05:00;0
03.12. 06:00;0
03.12. 07:00;0
03.12. 08:00;3,8924
03.12. 09:00;20,054
03.12. 10:00;22,301
03.12. 11:00;22,277
03.12. 12:00;20,755
03.12. 13:00;16,995
03.12. 14:00;13,245
03.12. 15:00;3,8595
03.12. 16:00;0
03.12. 17:00;0
03.12. 18:00;0
03.12. 19:00;0
03.12. 20:00;0
03.12. 21:00;0
03.12. 22:00;0
03.12. 23:00;0
04.12. 00:00;0
04.12. 01:00;0
04.12. 02:00;0
04.12. 03:00;0
04.12. 04:00;0
04.12. 05:00;0
04.12. 06:00;0
04.12. 07:00;0
04.12. 08:00;4,1969
04.12. 09:00;15,782
04.12. 10:00;9,9073
04.12. 11:00;12,117
04.12. 12:00;14,713
04.12. 13:00;14,351
04.12. 14:00;7,3927
04.12. 15:00;0,68922
04.12. 16:00;0
04.12. 17:00;0
04.12. 18:00;0
04.12. 19:00;0
04.12. 20:00;0
04.12. 21:00;0
04.12. 22:00;0
04.12. 23:00;0
05.12. 00:00;0
05.12. 01:00;0
05.12. 02:00;0
05.12. 03:00;0
05.12. 04:00;0
05.12. 05:00;0
05.12. 06:00;0
05.12. 07:00;0
05.12. 08:00;6,7433
05.12. 09:00;32,888
05.12. 10:00;47,289
05.12. 11:00;83,433
05.12. 12:00;82,533
05.12. 13:00;58,541
05.12. 14:00;28,615
05.12. 15:00;4,2556
05.12. 16:00;0
05.12. 17:00;0
05.12. 18:00;0
05.12. 19:00;0
05.12. 20:00;0
05.12. 21:00;0
05.12. 22:00;0
05.12. 23:00;0
06.12. 00:00;0
06.12. 01:00;0
06.12. 02:00;0
06.12. 03:00;0
06.12. 04:00;0
06.12. 05:00;0
06.12. 06:00;0
06.12. 07:00;0
06.12. 08:00;1,5806
06.12. 09:00;15,713
06.12. 10:00;44,174
06.12. 11:00;51,769
06.12. 12:00;32,361
06.12. 13:00;18,294
06.12. 14:00;16,774
06.12. 15:00;2,8781
06.12. 16:00;0
06.12. 17:00;0
06.12. 18:00;0
06.12. 19:00;0
06.12. 20:00;0
06.12. 21:00;0
06.12. 22:00;0
06.12. 23:00;0
07.12. 00:00;0
07.12. 01:00;0
07.12. 02:00;0
07.12. 03:00;0
07.12. 04:00;0
07.12. 05:00;0
07.12. 06:00;0
07.12. 07:00;0
07.12. 08:00;3,536
07.12. 09:00;23
07.12. 10:00;19,65
07.12. 11:00;13,311
07.12. 12:00;9,2598
07.12. 13:00;7,0896
07.12. 14:00;3,2047
07.12. 15:00;0
07.12. 16:00;0
07.12. 17:00;0
07.12. 18:00;0
07.12. 19:00;0
07.12. 20:00;0
07.12. 21:00;0
07.12. 22:00;0
07.12. 23:00;0
08.12. 00:00;0
08.12. 01:00;0
08.12. 02:00;0
08.12. 03:00;0
08.12. 04:00;0
08.12. 05:00;0
08.12. 06:00;0
08.12. 07:00;0
08.12. 08:00;4,2008
08.12. 09:00;30,697
08.12. 10:00;64,45
08.12. 11:00;57,838
08.12. 12:00;44,384
08.12. 13:00;33,136
08.12. 14:00;18,648
08.12. 15:00;2,8233
08.12. 16:00;0
08.12. 17:00;0
08.12. 18:00;0
08.12. 19:00;0
08.12. 20:00;0
08.12. 21:00;0
08.12. 22:00;0
08.12. 23:00;0
09.12. 00:00;0
09.12. 01:00;0
09.12. 02:00;0
09.12. 03:00;0
09.12. 04:00;0
09.12. 05:00;0
09.12. 06:00;0
09.12. 07:00;0
09.12. 08:00;0
09.12. 09:00;13,915
09.12. 10:00;15,743
09.12. 11:00;13,512
09.12. 12:00;11,302
09.12. 13:00;8,0505
09.12. 14:00;4,1694
09.12. 15:00;0
09.12. 16:00;0
09.12. 17:00;0
09.12. 18:00;0
09.12. 19:00;0
09.12. 20:00;0
09.12. 21:00;0
09.12. 22:00;0
09.12. 23:00;0
10.12. 00:00;0
10.12. 01:00;0
10.12. 02:00;0
10.12. 03:00;0
10.12. 04:00;0
10.12. 05:00;0
10.12. 06:00;0
10.12. 07:00;0
10.12. 08:00;1,8558
10.12. 09:00;12,793
10.12. 10:00;9,8725
10.12. 11:00;8,7861
10.12. 12:00;7,6998
10.12. 13:00;6,6267
10.12. 14:00;4,5196
10.12. 15:00;1,8517
10.12. 16:00;0
10.12. 17:00;0
10.12. 18:00;0
10.12. 19:00;0
10.12. 20:00;0
10.12. 21:00;0
10.12. 22:00;0
10.12. 23:00;0
11.12. 00:00;0
11.12. 01:00;0
11.12. 02:00;0
11.12. 03:00;0
11.12. 04:00;0
11.12. 05:00;0
11.12. 06:00;0
11.12. 07:00;0
11.12. 08:00;0
11.12. 09:00;11,29
11.12. 10:00;17,519
11.12. 11:00;18,995
11.12. 12:00;23,427
11.12. 13:00;17,495
11.12. 14:00;6,598
11.12. 15:00;0,67965
11.12. 16:00;0
11.12. 17:00;0
11.12. 18:00;0
11.12. 19:00;0
11.12. 20:00;0
11.12. 21:00;0
11.12. 22:00;0
11.12. 23:00;0
12.12. 00:00;0
12.12. 01:00;0
12.12. 02:00;0
12.12. 03:00;0
12.12. 04:00;0
12.12. 05:00;0
12.12. 06:00;0
12.12. 07:00;0
12.12. 08:00;1,5359
12.12. 09:00;13,468
12.12. 10:00;9,1115
12.12. 11:00;14,951
12.12. 12:00;11,672
12.12. 13:00;8,4101
12.12. 14:00;6,9806
12.12. 15:00;0
12.12. 16:00;0
12.12. 17:00;0
12.12. 18:00;0
12.12. 19:00;0
12.12. 20:00;0
12.12. 21:00;0
12.12. 22:00;0
12.12. 23:00;0
13.12. 00:00;0
13.12. 01:00;0
13.12. 02:00;0
13.12. 03:00;0
13.12. 04:00;0
13.12. 05:00;0
13.12. 06:00;0
13.12. 07:00;0
13.12. 08:00;1,8582
13.12. 09:00;13,917
13.12. 10:00;18,735
13.12. 11:00;16,5
13.12. 12:00;9,881
13.12. 13:00;8,4284
13.12. 14:00;5,5749
13.12. 15:00;0,68465
13.12. 16:00;0
13.12. 17:00;0
13.12. 18:00;0
13.12. 19:00;0
13.12. 20:00;0
13.12. 21:00;0
13.12. 22:00;0
13.12. 23:00;0
14.12. 00:00;0
14.12. 01:00;0
14.12. 02:00;0
14.12. 03:00;0
14.12. 04:00;0
14.12. 05:00;0
14.12. 06:00;0
14.12. 07:00;0
14.12. 08:00;1,2435
14.12. 09:00;12,795
14.12. 10:00;11,323
14.12. 11:00;14,623
14.12. 12:00;13,148
14.12. 13:00;9,493
14.12. 14:00;3,8304
14.12. 15:00;0
14.12. 16:00;0
14.12. 17:00;0
14.12. 18:00;0
14.12. 19:00;0
14.12. 20:00;0
14.12. 21:00;0
14.12. 22:00;0
14.12. 23:00;0
15.12. 00:00;0
15.12. 01:00;0
15.12. 02:00;0
15.12. 03:00;0
15.12. 04:00;0
15.12. 05:00;0
15.12. 06:00;0
15.12. 07:00;0
15.12. 08:00;3,5586
15.12. 09:00;32,556
15.12. 10:00;61,044
15.12. 11:00;69,67
15.12. 12:00;63,564
15.12. 13:00;43,654
15.12. 14:00;18,487
15.12. 15:00;2,1985
15.12. 16:00;0
15.12. 17:00;0
15.12. 18:00;0
15.12. 19:00;0
15.12. 20:00;0
15.12. 21:00;0
15.12. 22:00;0
15.12. 23:00;0
16.12. 00:00;0
16.12. 01:00;0
16.12. 02:00;0
16.12. 03:00;0
16.12. 04:00;0
16.12. 05:00;0
16.12. 06:00;0
16.12. 07:00;0
16.12. 08:00;1,5734
16.12. 09:00;17,514
16.12. 10:00;23,171
16.12. 11:00;21,66
16.12. 12:00;17,501
16.12. 13:00;23,131
16.12. 14:00;18,224
16.12. 15:00;1,5696
16.12. 16:00;0
16.12. 17:00;0
16.12. 18:00;0
16.12. 19:00;0
16.12. 20:00;0
16.12. 21:00;0
16.12. 22:00;0
16.12. 23:00;0
17.12. 00:00;0
17.12. 01:00;0
17.12. 02:00;0
17.12. 03:00;0
17.12. 04:00;0
17.12. 05:00;0
17.12. 06:00;0
17.12. 07:00;0
17.12. 08:00;0,69579
17.12. 09:00;12,979
17.12. 10:00;13,331
17.12. 11:00;12,208
17.12. 12:00;9,9885
17.12. 13:00;6,7055
17.12. 14:00;3,8746
17.12. 15:00;0
17.12. 16:00;0
17.12. 17:00;0
17.12. 18:00;0
17.12. 19:00;0
17.12. 20:00;0
17.12. 21:00;0
17.12. 22:00;0
17.12. 23:00;0
18.12. 00:00;0
18.12. 01:00;0
18.12. 02:00;0
18.12. 03:00;0
18.12. 04:00;0
18.12. 05:00;0
18.12. 06:00;0
18.12. 07:00;0
18.12. 08:00;0
18.12. 09:00;9,9383
18.12. 10:00;9,2164
18.12. 11:00;5,9654
18.12. 12:00;5,6072
18.12. 13:00;5,2554
18.12. 14:00;6,3184
18.12. 15:00;0
18.12. 16:00;0
18.12. 17:00;0
18.12. 18:00;0
18.12. 19:00;0
18.12. 20:00;0
18.12. 21:00;0
18.12. 22:00;0
18.12. 23:00;0
19.12. 00:00;0
19.12. 01:00;0
19.12. 02:00;0
19.12. 03:00;0
19.12. 04:00;0
19.12. 05:00;0
19.12. 06:00;0
19.12. 07:00;0
19.12. 08:00;1,8647
19.12. 09:00;15,055
19.12. 10:00;9,5363
19.12. 11:00;10,608
19.12. 12:00;13,153
19.12. 13:00;8,4107
19.12. 14:00;4,8609
19.12. 15:00;0
19.12. 16:00;0
19.12. 17:00;0
19.12. 18:00;0
19.12. 19:00;0
19.12. 20:00;0
19.12. 21:00;0
19.12. 22:00;0
19.12. 23:00;0
20.12. 00:00;0
20.12. 01:00;0
20.12. 02:00;0
20.12. 03:00;0
20.12. 04:00;0
20.12. 05:00;0
20.12. 06:00;0
20.12. 07:00;0
20.12. 08:00;0
20.12. 09:00;3,4834
20.12. 10:00;16,783
20.12. 11:00;16,412
20.12. 12:00;15,685
20.12. 13:00;14,591
20.12. 14:00;9,1251
20.12. 15:00;0
20.12. 16:00;0
20.12. 17:00;0
20.12. 18:00;0
20.12. 19:00;0
20.12. 20:00;0
20.12. 21:00;0
20.12. 22:00;0
20.12. 23:00;0
21.12. 00:00;0
21.12. 01:00;0
21.12. 02:00;0
21.12. 03:00;0
21.12. 04:00;0
21.12. 05:00;0
21.12. 06:00;0
21.12. 07:00;0
21.12. 08:00;2,8801
21.12. 09:00;27,657
21.12. 10:00;56,868
21.12. 11:00;69,798
21.12. 12:00;54,18
21.12. 13:00;44,111
21.12. 14:00;21,861
21.12. 15:00;5,2882
21.12. 16:00;0
21.12. 17:00;0
21.12. 18:00;0
21.12. 19:00;0
21.12. 20:00;0
21.12. 21:00;0
21.12. 22:00;0
21.12. 23:00;0
22.12. 00:00;0
22.12. 01:00;0
22.12. 02:00;0
22.12. 03:00;0
22.12. 04:00;0
22.12. 05:00;0
22.12. 06:00;0
22.12. 07:00;0
22.12. 08:00;1,267
22.12. 09:00;14,499
22.12. 10:00;20,84
22.12. 11:00;18,905
22.12. 12:00;11,79
22.12. 13:00;8,4799
22.12. 14:00;4,549
22.12. 15:00;0
22.12. 16:00;0
22.12. 17:00;0
22.12. 18:00;0
22.12. 19:00;0
22.12. 20:00;0
22.12. 21:00;0
22.12. 22:00;0
22.12. 23:00;0
23.12. 00:00;0
23.12. 01:00;0
23.12. 02:00;0
23.12. 03:00;0
23.12. 04:00;0
23.12. 05:00;0
23.12. 06:00;0
23.12. 07:00;0
23.12. 08:00;0
23.12. 09:00;16,459
23.12. 10:00;32,789
23.12. 11:00;17,517
23.12. 12:00;6,4627
23.12. 13:00;5,7755
23.12. 14:00;5,7728
23.12. 15:00;0,92918
23.12. 16:00;0
23.12. 17:00;0
23.12. 18:00;0
23.12. 19:00;0
23.12. 20:00;0
23.12. 21:00;0
23.12. 22:00;0
23.12. 23:00;0
24.12. 00:00;0
24.12. 01:00;0
24.12. 02:00;0
24.12. 03:00;0
24.12. 04:00;0
24.12. 05:00;0
24.12. 06:00;0
24.12. 07:00;0
24.12. 08:00;0,68494
24.12. 09:00;11,707
24.12. 10:00;5,9342
24.12. 11:00;5,9363
24.12. 12:00;10,252
24.12. 13:00;10,987
24.12. 14:00;16,505
24.12. 15:00;5,2365
24.12. 16:00;0
24.12. 17:00;0
24.12. 18:00;0
24.12. 19:00;0
24.12. 20:00;0
24.12. 21:00;0
24.12. 22:00;0
24.12. 23:00;0
25.12. 00:00;0
25.12. 01:00;0
25.12. 02:00;0
25.12. 03:00;0
25.12. 04:00;0
25.12. 05:00;0
25.12. 06:00;0
25.12. 07:00;0
25.12. 08:00;0
25.12. 09:00;9,2396
25.12. 10:00;8,8493
25.12. 11:00;7,3975
25.12. 12:00;7,3743
25.12. 13:00;5,5915
25.12. 14:00;2,8283
25.12. 15:00;0
25.12. 16:00;0
25.12. 17:00;0
25.12. 18:00;0
25.12. 19:00;0
25.12. 20:00;0
25.12. 21:00;0
25.12. 22:00;0
25.12. 23:00;0
26.12. 00:00;0
26.12. 01:00;0
26.12. 02:00;0
26.12. 03:00;0
26.12. 04:00;0
26.12. 05:00;0
26.12. 06:00;0
26.12. 07:00;0
26.12. 08:00;0,68398
26.12. 09:00;12,771
26.12. 10:00;13,537
26.12. 11:00;13,577
26.12. 12:00;34,117
26.12. 13:00;27,393
26.12. 14:00;10,298
26.12. 15:00;1,5532
26.12. 16:00;0
26.12. 17:00;0
26.12. 18:00;0
26.12. 19:00;0
26.12. 20:00;0
26.12. 21:00;0
26.12. 22:00;0
26.12. 23:00;0
27.12. 00:00;0
27.12. 01:00;0
27.12. 02:00;0
27.12. 03:00;0
27.12. 04:00;0
27.12. 05:00;0
27.12. 06:00;0
27.12. 07:00;0
27.12. 08:00;2,5496
27.12. 09:00;28,184
27.12. 10:00;56,089
27.12. 11:00;65,466
27.12. 12:00;37,508
27.12. 13:00;15,223
27.12. 14:00;12,242
27.12. 15:00;1,8884
27.12. 16:00;0
27.12. 17:00;0
27.12. 18:00;0
27.12. 19:00;0
27.12. 20:00;0
27.12. 21:00;0
27.12. 22:00;0
27.12. 23:00;0
28.12. 00:00;0
28.12. 01:00;0
28.12. 02:00;0
28.12. 03:00;0
28.12. 04:00;0
28.12. 05:00;0
28.12. 06:00;0
28.12. 07:00;0
28.12. 08:00;0
28.12. 09:00;12,296
28.12. 10:00;31,539
28.12. 11:00;28,509
28.12. 12:00;14,89
28.12. 13:00;18,26
28.12. 14:00;9,6724
28.12. 15:00;3,5581
28.12. 16:00;0
28.12. 17:00;0
28.12. 18:00;0
28.12. 19:00;0
28.12. 20:00;0
28.12. 21:00;0
28.12. 22:00;0
28.12. 23:00;0
29.12. 00:00;0
29.12. 01:00;0
29.12. 02:00;0
29.12. 03:00;0
29.12. 04:00;0
29.12. 05:00;0
29.12. 06:00;0
29.12. 07:00;0
29.12. 08:00;2,5788
29.12. 09:00;31,901
29.12. 10:00;63,249
29.12. 11:00;76,807
29.12. 12:00;65,688
29.12. 13:00;50,822
29.12. 14:00;30,318
29.12. 15:00;6,035
29.12. 16:00;0
29.12. 17:00;0
29.12. 18:00;0
29.12. 19:00;0
29.12. 20:00;0
29.12. 21:00;0
29.12. 22:00;0
29.12. 23:00;0
30.12. 00:00;0
30.12. 01:00;0
30.12. 02:00;0
30.12. 03:00;0
30.12. 04:00;0
30.12. 05:00;0
30.12. 06:00;0
30.12. 07:00;0
30.12. 08:00;2,5886
30.12. 09:00;32,45
30.12. 10:00;66,273
30.12. 11:00;81,411
30.12. 12:00;73,956
30.12. 13:00;57,812
30.12. 14:00;35,686
30.12. 15:00;8,6215
30.12. 16:00;0
30.12. 17:00;0
30.12. 18:00;0
30.12. 19:00;0
30.12. 20:00;0
30.12. 21:00;0
30.12. 22:00;0
30.12. 23:00;0
31.12. 00:00;0
31.12. 01:00;0
31.12. 02:00;0
31.12. 03:00;0
31.12. 04:00;0
31.12. 05:00;0
31.12. 06:00;0
31.12. 07:00;0
31.12. 08:00;1,9303
31.12. 09:00;27,492
31.12. 10:00;61,923
31.12. 11:00;74,856
31.12. 12:00;67,242
31.12. 13:00;43,49
31.12. 14:00;24,599
31.12. 15:00;8,3305
31.12. 16:00;0
31.12. 17:00;0
31.12. 18:00;0
31.12. 19:00;0
31.12. 20:00;0
31.12. 21:00;0
31.12. 22:00;0
31.12. 23:00;0
