Datum;price;;
01.01.2024;0,01;;457
01.01.2024;0,001;;
01.01.2024;0;;
01.01.2024;-0,001;;
01.01.2024;-0,003;;
01.01.2024;-0,002;;
01.01.2024;-0,005;;
01.01.2024;-0,002;;
01.01.2024;0;;
01.01.2024;0,004;;
01.01.2024;0,006;;
01.01.2024;0,054;;
01.01.2024;0,224;;
01.01.2024;0,196;;
01.01.2024;0,104;;
01.01.2024;0,366;;
01.01.2024;4,306;;
01.01.2024;4,993;;
01.01.2024;5,8;;
01.01.2024;5,425;;
01.01.2024;4,801;;
01.01.2024;4,295;;
01.01.2024;4,709;;
01.01.2024;3,555;;
02.01.2024;3,059;;
02.01.2024;2,007;;
02.01.2024;3,103;;
02.01.2024;1,839;;
02.01.2024;1,108;;
02.01.2024;1,378;;
02.01.2024;4,763;;
02.01.2024;5,81;;
02.01.2024;6,567;;
02.01.2024;6,473;;
02.01.2024;6,898;;
02.01.2024;7,354;;
02.01.2024;7,816;;
02.01.2024;7,887;;
02.01.2024;7,924;;
02.01.2024;7,996;;
02.01.2024;8,346;;
02.01.2024;8,092;;
02.01.2024;7,495;;
02.01.2024;6,318;;
02.01.2024;5,711;;
02.01.2024;4,689;;
02.01.2024;4;;
02.01.2024;0,743;;
03.01.2024;-0,008;;
03.01.2024;-0,123;;
03.01.2024;-0,13;;
03.01.2024;-0,131;;
03.01.2024;-0,131;;
03.01.2024;-0,138;;
03.01.2024;0,109;;
03.01.2024;4,059;;
03.01.2024;5,961;;
03.01.2024;6,061;;
03.01.2024;5,7;;
03.01.2024;5,489;;
03.01.2024;5,389;;
03.01.2024;5,442;;
03.01.2024;6,086;;
03.01.2024;6,718;;
03.01.2024;7,359;;
03.01.2024;8,228;;
03.01.2024;8,297;;
03.01.2024;7,903;;
03.01.2024;7,323;;
03.01.2024;6,741;;
03.01.2024;6,5;;
03.01.2024;5,812;;
04.01.2024;5,73;;
04.01.2024;5,046;;
04.01.2024;4;;
04.01.2024;2,548;;
04.01.2024;3,5;;
04.01.2024;5,773;;
04.01.2024;7,265;;
04.01.2024;8,502;;
04.01.2024;9,147;;
04.01.2024;9,42;;
04.01.2024;9,161;;
04.01.2024;9,003;;
04.01.2024;8,63;;
04.01.2024;8,596;;
04.01.2024;9,211;;
04.01.2024;9,862;;
04.01.2024;10,573;;
04.01.2024;13,323;;
04.01.2024;14,465;;
04.01.2024;12,5;;
04.01.2024;10,359;;
04.01.2024;10,001;;
04.01.2024;9,486;;
04.01.2024;8,883;;
05.01.2024;8,608;;
05.01.2024;8,051;;
05.01.2024;7,701;;
05.01.2024;7,321;;
05.01.2024;7,405;;
05.01.2024;7,603;;
05.01.2024;8,1;;
05.01.2024;8,7;;
05.01.2024;8,957;;
05.01.2024;9,493;;
05.01.2024;9,628;;
05.01.2024;9,822;;
05.01.2024;9,224;;
05.01.2024;9,154;;
05.01.2024;9,641;;
05.01.2024;10,005;;
05.01.2024;10,297;;
05.01.2024;10,738;;
05.01.2024;10,845;;
05.01.2024;10,396;;
05.01.2024;10,009;;
05.01.2024;9,419;;
05.01.2024;9,492;;
05.01.2024;8,68;;
06.01.2024;8,225;;
06.01.2024;8,02;;
06.01.2024;7,613;;
06.01.2024;7,301;;
06.01.2024;7,301;;
06.01.2024;7,459;;
06.01.2024;7,51;;
06.01.2024;8,139;;
06.01.2024;8,84;;
06.01.2024;9,223;;
06.01.2024;9,73;;
06.01.2024;10,043;;
06.01.2024;9,916;;
06.01.2024;9,522;;
06.01.2024;9,255;;
06.01.2024;9,509;;
06.01.2024;9,985;;
06.01.2024;10,427;;
06.01.2024;10,363;;
06.01.2024;9,9;;
06.01.2024;9,214;;
06.01.2024;8,8;;
06.01.2024;8,657;;
06.01.2024;7,987;;
07.01.2024;8,408;;
07.01.2024;7,982;;
07.01.2024;7,676;;
07.01.2024;7,346;;
07.01.2024;7,186;;
07.01.2024;7,208;;
07.01.2024;7,49;;
07.01.2024;7,769;;
07.01.2024;8,179;;
07.01.2024;8,486;;
07.01.2024;8,715;;
07.01.2024;8,914;;
07.01.2024;8,866;;
07.01.2024;8,481;;
07.01.2024;8,434;;
07.01.2024;8,801;;
07.01.2024;9,342;;
07.01.2024;10,177;;
07.01.2024;10,485;;
07.01.2024;10,355;;
07.01.2024;10,05;;
07.01.2024;9,331;;
07.01.2024;9,117;;
07.01.2024;8,386;;
08.01.2024;8,702;;
08.01.2024;8,432;;
08.01.2024;8,182;;
08.01.2024;7,911;;
08.01.2024;7,848;;
08.01.2024;8,21;;
08.01.2024;9,43;;
08.01.2024;11,11;;
08.01.2024;12,111;;
08.01.2024;11,783;;
08.01.2024;11,06;;
08.01.2024;10,3;;
08.01.2024;9,55;;
08.01.2024;9,26;;
08.01.2024;10;;
08.01.2024;10,798;;
08.01.2024;11,687;;
08.01.2024;12,913;;
08.01.2024;13,001;;
08.01.2024;12,212;;
08.01.2024;11,421;;
08.01.2024;10,283;;
08.01.2024;9,998;;
08.01.2024;9,149;;
09.01.2024;8,816;;
09.01.2024;8,704;;
09.01.2024;8,5;;
09.01.2024;8,414;;
09.01.2024;8,572;;
09.01.2024;8,928;;
09.01.2024;10,851;;
09.01.2024;12,406;;
09.01.2024;13,324;;
09.01.2024;12,091;;
09.01.2024;11,319;;
09.01.2024;10,578;;
09.01.2024;10,022;;
09.01.2024;10,082;;
09.01.2024;11,089;;
09.01.2024;11,94;;
09.01.2024;12,785;;
09.01.2024;13,784;;
09.01.2024;13,78;;
09.01.2024;13,043;;
09.01.2024;12,024;;
09.01.2024;11,168;;
09.01.2024;10,618;;
09.01.2024;9,709;;
10.01.2024;8,929;;
10.01.2024;8,676;;
10.01.2024;8,673;;
10.01.2024;8,609;;
10.01.2024;8,63;;
10.01.2024;8,905;;
10.01.2024;10,888;;
10.01.2024;12,629;;
10.01.2024;14,128;;
10.01.2024;13,039;;
10.01.2024;11,856;;
10.01.2024;10,913;;
10.01.2024;10,221;;
10.01.2024;10,561;;
10.01.2024;11,291;;
10.01.2024;12,38;;
10.01.2024;13,464;;
10.01.2024;14,379;;
10.01.2024;14;;
10.01.2024;13,215;;
10.01.2024;12;;
10.01.2024;10,976;;
10.01.2024;10,449;;
10.01.2024;9,603;;
11.01.2024;9,175;;
11.01.2024;8,859;;
11.01.2024;8,725;;
11.01.2024;8,238;;
11.01.2024;8,195;;
11.01.2024;8,936;;
11.01.2024;10,207;;
11.01.2024;11,686;;
11.01.2024;14,1;;
11.01.2024;12,916;;
11.01.2024;11,365;;
11.01.2024;10,648;;
11.01.2024;9,938;;
11.01.2024;9,9;;
11.01.2024;10,598;;
11.01.2024;11,796;;
11.01.2024;13,735;;
11.01.2024;15,009;;
11.01.2024;13,669;;
11.01.2024;13,231;;
11.01.2024;11,788;;
11.01.2024;10,719;;
11.01.2024;10;;
11.01.2024;9,722;;
12.01.2024;9,104;;
12.01.2024;8,822;;
12.01.2024;8,522;;
12.01.2024;8,463;;
12.01.2024;8,434;;
12.01.2024;8,532;;
12.01.2024;9,211;;
12.01.2024;11,816;;
12.01.2024;14,074;;
12.01.2024;13,496;;
12.01.2024;12,201;;
12.01.2024;11,473;;
12.01.2024;10,698;;
12.01.2024;10,308;;
12.01.2024;10,454;;
12.01.2024;11;;
12.01.2024;12;;
12.01.2024;12,75;;
12.01.2024;12,6;;
12.01.2024;11,947;;
12.01.2024;10,879;;
12.01.2024;9,848;;
12.01.2024;9,337;;
12.01.2024;8,538;;
13.01.2024;9;;
13.01.2024;8,5;;
13.01.2024;8,2;;
13.01.2024;7,847;;
13.01.2024;7,5;;
13.01.2024;7,492;;
13.01.2024;7,81;;
13.01.2024;8,222;;
13.01.2024;8,526;;
13.01.2024;7,511;;
13.01.2024;7,421;;
13.01.2024;7,272;;
13.01.2024;7,035;;
13.01.2024;6,367;;
13.01.2024;6,791;;
13.01.2024;6,861;;
13.01.2024;7,078;;
13.01.2024;7,422;;
13.01.2024;7,581;;
13.01.2024;7,382;;
13.01.2024;7,306;;
13.01.2024;7,093;;
13.01.2024;6,43;;
13.01.2024;6,316;;
14.01.2024;6,402;;
14.01.2024;6,211;;
14.01.2024;6,293;;
14.01.2024;6,401;;
14.01.2024;6,467;;
14.01.2024;6,52;;
14.01.2024;6,731;;
14.01.2024;7,166;;
14.01.2024;7,674;;
14.01.2024;8,114;;
14.01.2024;8,063;;
14.01.2024;8,184;;
14.01.2024;8,039;;
14.01.2024;7,704;;
14.01.2024;7,915;;
14.01.2024;8,232;;
14.01.2024;8,662;;
14.01.2024;9,186;;
14.01.2024;9,697;;
14.01.2024;8,891;;
14.01.2024;8,1;;
14.01.2024;7,86;;
14.01.2024;7,539;;
14.01.2024;6,719;;
15.01.2024;6,79;;
15.01.2024;6,5;;
15.01.2024;6,394;;
15.01.2024;6,204;;
15.01.2024;6,204;;
15.01.2024;6,925;;
15.01.2024;7,995;;
15.01.2024;8,384;;
15.01.2024;9,93;;
15.01.2024;10,029;;
15.01.2024;9,488;;
15.01.2024;9,026;;
15.01.2024;8,386;;
15.01.2024;8,215;;
15.01.2024;8,45;;
15.01.2024;8,944;;
15.01.2024;9,752;;
15.01.2024;10,646;;
15.01.2024;11,28;;
15.01.2024;11,038;;
15.01.2024;10,242;;
15.01.2024;9,178;;
15.01.2024;8,949;;
15.01.2024;8,643;;
16.01.2024;8,145;;
16.01.2024;8,107;;
16.01.2024;7,992;;
16.01.2024;7,819;;
16.01.2024;7,697;;
16.01.2024;8,145;;
16.01.2024;9,407;;
16.01.2024;11,477;;
16.01.2024;14,411;;
16.01.2024;13,86;;
16.01.2024;12,2;;
16.01.2024;11;;
16.01.2024;10,343;;
16.01.2024;9,498;;
16.01.2024;9,6;;
16.01.2024;11,025;;
16.01.2024;11,139;;
16.01.2024;12,815;;
16.01.2024;12,731;;
16.01.2024;11,177;;
16.01.2024;9,549;;
16.01.2024;8,621;;
16.01.2024;8,204;;
16.01.2024;7,769;;
17.01.2024;7,161;;
17.01.2024;7,152;;
17.01.2024;7,069;;
17.01.2024;6,974;;
17.01.2024;6,947;;
17.01.2024;7,106;;
17.01.2024;7,509;;
17.01.2024;8,439;;
17.01.2024;9,65;;
17.01.2024;10,616;;
17.01.2024;11,033;;
17.01.2024;11,11;;
17.01.2024;11,771;;
17.01.2024;12,17;;
17.01.2024;12,174;;
17.01.2024;12,546;;
17.01.2024;12,856;;
17.01.2024;14,052;;
17.01.2024;12,359;;
17.01.2024;11,428;;
17.01.2024;10,98;;
17.01.2024;10,109;;
17.01.2024;9,428;;
17.01.2024;8,417;;
18.01.2024;8,133;;
18.01.2024;7,72;;
18.01.2024;7,529;;
18.01.2024;7,491;;
18.01.2024;7,757;;
18.01.2024;8,1;;
18.01.2024;9,144;;
18.01.2024;11,155;;
18.01.2024;12,589;;
18.01.2024;12,217;;
18.01.2024;11,09;;
18.01.2024;10,795;;
18.01.2024;9,355;;
18.01.2024;8,762;;
18.01.2024;8,643;;
18.01.2024;9,425;;
18.01.2024;9,952;;
18.01.2024;10,468;;
18.01.2024;10,326;;
18.01.2024;9,453;;
18.01.2024;8,697;;
18.01.2024;8,312;;
18.01.2024;8,093;;
18.01.2024;7,361;;
19.01.2024;7,058;;
19.01.2024;6,695;;
19.01.2024;6,563;;
19.01.2024;6,276;;
19.01.2024;6,332;;
19.01.2024;6,747;;
19.01.2024;7,794;;
19.01.2024;8,717;;
19.01.2024;10,427;;
19.01.2024;10,306;;
19.01.2024;9,515;;
19.01.2024;8,636;;
19.01.2024;7,683;;
19.01.2024;7,335;;
19.01.2024;7,521;;
19.01.2024;7,745;;
19.01.2024;8,469;;
19.01.2024;9,36;;
19.01.2024;9,17;;
19.01.2024;8,223;;
19.01.2024;7,4;;
19.01.2024;7,112;;
19.01.2024;6,864;;
19.01.2024;6,475;;
20.01.2024;6,6;;
20.01.2024;6,345;;
20.01.2024;6,354;;
20.01.2024;6,182;;
20.01.2024;6,185;;
20.01.2024;6,175;;
20.01.2024;6,259;;
20.01.2024;6,69;;
20.01.2024;7,482;;
20.01.2024;7,79;;
20.01.2024;7,18;;
20.01.2024;7,077;;
20.01.2024;6,773;;
20.01.2024;6,878;;
20.01.2024;7,339;;
20.01.2024;7,911;;
20.01.2024;8,78;;
20.01.2024;9,493;;
20.01.2024;9,987;;
20.01.2024;9,157;;
20.01.2024;8,197;;
20.01.2024;7,574;;
20.01.2024;7,468;;
20.01.2024;6,913;;
21.01.2024;6,683;;
21.01.2024;5,755;;
21.01.2024;5,515;;
21.01.2024;5,089;;
21.01.2024;4,851;;
21.01.2024;4,745;;
21.01.2024;4,553;;
21.01.2024;4,396;;
21.01.2024;5,136;;
21.01.2024;5,436;;
21.01.2024;4,606;;
21.01.2024;4,867;;
21.01.2024;3,848;;
21.01.2024;3,769;;
21.01.2024;4,43;;
21.01.2024;4,904;;
21.01.2024;4,983;;
21.01.2024;5,665;;
21.01.2024;6,145;;
21.01.2024;5,864;;
21.01.2024;5,15;;
21.01.2024;5,246;;
21.01.2024;5,039;;
21.01.2024;3,946;;
22.01.2024;3,666;;
22.01.2024;2,224;;
22.01.2024;1,862;;
22.01.2024;0,504;;
22.01.2024;0,506;;
22.01.2024;2;;
22.01.2024;4,05;;
22.01.2024;6,047;;
22.01.2024;6,648;;
22.01.2024;5,758;;
22.01.2024;6,155;;
22.01.2024;6,06;;
22.01.2024;5,692;;
22.01.2024;5,672;;
22.01.2024;5,823;;
22.01.2024;5,973;;
22.01.2024;5,999;;
22.01.2024;7,094;;
22.01.2024;7,735;;
22.01.2024;7,199;;
22.01.2024;6,665;;
22.01.2024;5,7;;
22.01.2024;5,589;;
22.01.2024;4,988;;
23.01.2024;1,623;;
23.01.2024;1,01;;
23.01.2024;0,937;;
23.01.2024;0,417;;
23.01.2024;1,022;;
23.01.2024;3,923;;
23.01.2024;5,976;;
23.01.2024;7,642;;
23.01.2024;6,982;;
23.01.2024;6,993;;
23.01.2024;5,997;;
23.01.2024;5,98;;
23.01.2024;5,914;;
23.01.2024;5,943;;
23.01.2024;6,27;;
23.01.2024;7,463;;
23.01.2024;7,895;;
23.01.2024;8,159;;
23.01.2024;8,451;;
23.01.2024;7,455;;
23.01.2024;6,195;;
23.01.2024;5,374;;
23.01.2024;4,536;;
23.01.2024;3,326;;
24.01.2024;0,305;;
24.01.2024;-0,003;;
24.01.2024;-0,064;;
24.01.2024;-0,441;;
24.01.2024;-0,484;;
24.01.2024;-0,018;;
24.01.2024;1,476;;
24.01.2024;4,209;;
24.01.2024;5,158;;
24.01.2024;5,076;;
24.01.2024;5,01;;
24.01.2024;5,078;;
24.01.2024;3,932;;
24.01.2024;3,644;;
24.01.2024;4,504;;
24.01.2024;4,995;;
24.01.2024;5,08;;
24.01.2024;5,421;;
24.01.2024;5,332;;
24.01.2024;5,009;;
24.01.2024;4,218;;
24.01.2024;4,004;;
24.01.2024;4,201;;
24.01.2024;3,853;;
25.01.2024;4,434;;
25.01.2024;4,506;;
25.01.2024;4,334;;
25.01.2024;4,492;;
25.01.2024;4,622;;
25.01.2024;5,238;;
25.01.2024;6,91;;
25.01.2024;7,765;;
25.01.2024;9,187;;
25.01.2024;8,797;;
25.01.2024;8,395;;
25.01.2024;7,866;;
25.01.2024;7,495;;
25.01.2024;7,786;;
25.01.2024;8,707;;
25.01.2024;9,391;;
25.01.2024;10,246;;
25.01.2024;12,338;;
25.01.2024;11,554;;
25.01.2024;9,879;;
25.01.2024;9,107;;
25.01.2024;8,631;;
25.01.2024;8,043;;
25.01.2024;7,516;;
26.01.2024;6,28;;
26.01.2024;6,2;;
26.01.2024;5,849;;
26.01.2024;5,773;;
26.01.2024;5,707;;
26.01.2024;5,216;;
26.01.2024;5,937;;
26.01.2024;7,112;;
26.01.2024;7,659;;
26.01.2024;7,058;;
26.01.2024;6,161;;
26.01.2024;5,914;;
26.01.2024;5,228;;
26.01.2024;4,647;;
26.01.2024;4,928;;
26.01.2024;5,011;;
26.01.2024;5,274;;
26.01.2024;6,07;;
26.01.2024;5,875;;
26.01.2024;6,496;;
26.01.2024;5,878;;
26.01.2024;6,202;;
26.01.2024;5,958;;
26.01.2024;5,708;;
27.01.2024;5,55;;
27.01.2024;5,503;;
27.01.2024;5,621;;
27.01.2024;5,505;;
27.01.2024;5,574;;
27.01.2024;5,683;;
27.01.2024;5,907;;
27.01.2024;6,591;;
27.01.2024;7,529;;
27.01.2024;7,256;;
27.01.2024;6,006;;
27.01.2024;5,661;;
27.01.2024;5,584;;
27.01.2024;5,388;;
27.01.2024;5,972;;
27.01.2024;7,244;;
27.01.2024;8,362;;
27.01.2024;9,337;;
27.01.2024;9,595;;
27.01.2024;9,253;;
27.01.2024;8,442;;
27.01.2024;7,607;;
27.01.2024;7,597;;
27.01.2024;7,27;;
28.01.2024;6,677;;
28.01.2024;6,092;;
28.01.2024;5,965;;
28.01.2024;5,994;;
28.01.2024;6,14;;
28.01.2024;6,411;;
28.01.2024;6,053;;
28.01.2024;5,964;;
28.01.2024;5,963;;
28.01.2024;5,508;;
28.01.2024;5,116;;
28.01.2024;4,575;;
28.01.2024;4,158;;
28.01.2024;4,009;;
28.01.2024;5,065;;
28.01.2024;5,641;;
28.01.2024;6,887;;
28.01.2024;7,784;;
28.01.2024;7,193;;
28.01.2024;6,988;;
28.01.2024;6,825;;
28.01.2024;5,717;;
28.01.2024;5,943;;
28.01.2024;5,6;;
29.01.2024;4,997;;
29.01.2024;4,726;;
29.01.2024;4,812;;
29.01.2024;4,797;;
29.01.2024;5,158;;
29.01.2024;6,006;;
29.01.2024;8;;
29.01.2024;9,357;;
29.01.2024;9,917;;
29.01.2024;8,839;;
29.01.2024;7,89;;
29.01.2024;7,127;;
29.01.2024;7,024;;
29.01.2024;7,499;;
29.01.2024;8,255;;
29.01.2024;9,76;;
29.01.2024;10,843;;
29.01.2024;12,742;;
29.01.2024;11,73;;
29.01.2024;10,752;;
29.01.2024;9,198;;
29.01.2024;8,679;;
29.01.2024;8,342;;
29.01.2024;8,029;;
30.01.2024;7,194;;
30.01.2024;6,879;;
30.01.2024;6,937;;
30.01.2024;6,744;;
30.01.2024;6,718;;
30.01.2024;6,937;;
30.01.2024;7,843;;
30.01.2024;9,06;;
30.01.2024;9,593;;
30.01.2024;8,493;;
30.01.2024;7,715;;
30.01.2024;7,01;;
30.01.2024;6,81;;
30.01.2024;6,823;;
30.01.2024;7,193;;
30.01.2024;7,949;;
30.01.2024;8,236;;
30.01.2024;8,817;;
30.01.2024;9,923;;
30.01.2024;9,191;;
30.01.2024;8,604;;
30.01.2024;7,8;;
30.01.2024;7,501;;
30.01.2024;7,151;;
31.01.2024;7,173;;
31.01.2024;7,019;;
31.01.2024;7,089;;
31.01.2024;6,982;;
31.01.2024;6,914;;
31.01.2024;7,382;;
31.01.2024;8,485;;
31.01.2024;10,817;;
31.01.2024;11,993;;
31.01.2024;9,361;;
31.01.2024;8,298;;
31.01.2024;7,709;;
31.01.2024;7,491;;
31.01.2024;6,766;;
31.01.2024;6,669;;
31.01.2024;7,587;;
31.01.2024;8,162;;
31.01.2024;8,791;;
31.01.2024;8,678;;
31.01.2024;7,365;;
31.01.2024;6,603;;
31.01.2024;5,696;;
31.01.2024;5,408;;
31.01.2024;3,973;;
01.02.2024;4,706;;
01.02.2024;4,112;;
01.02.2024;4,216;;
01.02.2024;4,305;;
01.02.2024;4,691;;
01.02.2024;5,534;;
01.02.2024;6,901;;
01.02.2024;8,612;;
01.02.2024;9,25;;
01.02.2024;8,629;;
01.02.2024;8,367;;
01.02.2024;7,722;;
01.02.2024;6,76;;
01.02.2024;5,726;;
01.02.2024;6,874;;
01.02.2024;7,507;;
01.02.2024;7,705;;
01.02.2024;9,161;;
01.02.2024;9,467;;
01.02.2024;9,789;;
01.02.2024;8,997;;
01.02.2024;8,329;;
01.02.2024;8,188;;
01.02.2024;7,338;;
02.02.2024;6,427;;
02.02.2024;5,994;;
02.02.2024;5,8;;
02.02.2024;5,469;;
02.02.2024;5,323;;
02.02.2024;5,507;;
02.02.2024;6,694;;
02.02.2024;7,699;;
02.02.2024;8,932;;
02.02.2024;8,59;;
02.02.2024;8,077;;
02.02.2024;7,515;;
02.02.2024;6,48;;
02.02.2024;5,652;;
02.02.2024;5,483;;
02.02.2024;5,309;;
02.02.2024;5,273;;
02.02.2024;5,85;;
02.02.2024;6,897;;
02.02.2024;6,334;;
02.02.2024;5,506;;
02.02.2024;4,968;;
02.02.2024;4,603;;
02.02.2024;3,605;;
03.02.2024;2,474;;
03.02.2024;1,285;;
03.02.2024;0,673;;
03.02.2024;1,051;;
03.02.2024;0,853;;
03.02.2024;0,88;;
03.02.2024;1,648;;
03.02.2024;3,417;;
03.02.2024;4,599;;
03.02.2024;4,597;;
03.02.2024;3,562;;
03.02.2024;3,042;;
03.02.2024;3,058;;
03.02.2024;3,062;;
03.02.2024;4,074;;
03.02.2024;4,37;;
03.02.2024;4,936;;
03.02.2024;5,783;;
03.02.2024;6,857;;
03.02.2024;6,598;;
03.02.2024;5,437;;
03.02.2024;5,121;;
03.02.2024;5,081;;
03.02.2024;3,871;;
04.02.2024;3,53;;
04.02.2024;1,004;;
04.02.2024;0,323;;
04.02.2024;0,068;;
04.02.2024;0;;
04.02.2024;0;;
04.02.2024;0;;
04.02.2024;0,105;;
04.02.2024;0,887;;
04.02.2024;0,983;;
04.02.2024;1,087;;
04.02.2024;1,281;;
04.02.2024;1,382;;
04.02.2024;0,462;;
04.02.2024;0,972;;
04.02.2024;1,572;;
04.02.2024;1,843;;
04.02.2024;3,891;;
04.02.2024;4,601;;
04.02.2024;3,617;;
04.02.2024;2,905;;
04.02.2024;2,452;;
04.02.2024;2,444;;
04.02.2024;0,057;;
05.02.2024;0;;
05.02.2024;-0,003;;
05.02.2024;-0,007;;
05.02.2024;-0,013;;
05.02.2024;-0,005;;
05.02.2024;0,042;;
05.02.2024;3,897;;
05.02.2024;5,891;;
05.02.2024;6,232;;
05.02.2024;5,686;;
05.02.2024;5,293;;
05.02.2024;4,015;;
05.02.2024;0,705;;
05.02.2024;0,109;;
05.02.2024;0,501;;
05.02.2024;5,31;;
05.02.2024;6,072;;
05.02.2024;6,847;;
05.02.2024;6,878;;
05.02.2024;6,184;;
05.02.2024;6,048;;
05.02.2024;5,965;;
05.02.2024;5,63;;
05.02.2024;4,741;;
06.02.2024;3,504;;
06.02.2024;2,765;;
06.02.2024;0,708;;
06.02.2024;0,307;;
06.02.2024;0,194;;
06.02.2024;1,938;;
06.02.2024;5;;
06.02.2024;6,816;;
06.02.2024;6,2;;
06.02.2024;6,135;;
06.02.2024;5,656;;
06.02.2024;5,17;;
06.02.2024;4,347;;
06.02.2024;4,254;;
06.02.2024;4,011;;
06.02.2024;4,991;;
06.02.2024;5,652;;
06.02.2024;6,297;;
06.02.2024;6,196;;
06.02.2024;6,116;;
06.02.2024;5,914;;
06.02.2024;5,644;;
06.02.2024;5,652;;
06.02.2024;5,236;;
07.02.2024;4,117;;
07.02.2024;3,552;;
07.02.2024;3,415;;
07.02.2024;4,659;;
07.02.2024;5,447;;
07.02.2024;5,963;;
07.02.2024;7,483;;
07.02.2024;8,667;;
07.02.2024;8,7;;
07.02.2024;8,553;;
07.02.2024;8,117;;
07.02.2024;7,801;;
07.02.2024;7,598;;
07.02.2024;7,924;;
07.02.2024;7,799;;
07.02.2024;8,821;;
07.02.2024;9,73;;
07.02.2024;12,005;;
07.02.2024;13,622;;
07.02.2024;10,97;;
07.02.2024;9,991;;
07.02.2024;8,765;;
07.02.2024;8,363;;
07.02.2024;7,921;;
08.02.2024;7,37;;
08.02.2024;7,32;;
08.02.2024;7,215;;
08.02.2024;7,294;;
08.02.2024;7,365;;
08.02.2024;7,785;;
08.02.2024;8,708;;
08.02.2024;11;;
08.02.2024;13,315;;
08.02.2024;11,355;;
08.02.2024;9,779;;
08.02.2024;9,187;;
08.02.2024;8,938;;
08.02.2024;9,098;;
08.02.2024;9,49;;
08.02.2024;9,438;;
08.02.2024;9,301;;
08.02.2024;10,3;;
08.02.2024;9,467;;
08.02.2024;8,606;;
08.02.2024;8,32;;
08.02.2024;8,061;;
08.02.2024;7,56;;
08.02.2024;6,598;;
09.02.2024;6,043;;
09.02.2024;5,861;;
09.02.2024;5,574;;
09.02.2024;5,161;;
09.02.2024;4,996;;
09.02.2024;5,232;;
09.02.2024;5,908;;
09.02.2024;6,679;;
09.02.2024;7,013;;
09.02.2024;6,837;;
09.02.2024;6,952;;
09.02.2024;6,994;;
09.02.2024;6,785;;
09.02.2024;6,774;;
09.02.2024;7,322;;
09.02.2024;8,156;;
09.02.2024;9,012;;
09.02.2024;9,545;;
09.02.2024;9,545;;
09.02.2024;8,705;;
09.02.2024;8,044;;
09.02.2024;7,52;;
09.02.2024;7,491;;
09.02.2024;7,094;;
10.02.2024;6,31;;
10.02.2024;6,408;;
10.02.2024;6,44;;
10.02.2024;6,439;;
10.02.2024;6,441;;
10.02.2024;6,582;;
10.02.2024;7,091;;
10.02.2024;7,486;;
10.02.2024;7,77;;
10.02.2024;8,038;;
10.02.2024;7,459;;
10.02.2024;6,943;;
10.02.2024;6,83;;
10.02.2024;6,672;;
10.02.2024;6,953;;
10.02.2024;7,717;;
10.02.2024;8,613;;
10.02.2024;8,895;;
10.02.2024;8,762;;
10.02.2024;8,101;;
10.02.2024;7,44;;
10.02.2024;6,784;;
10.02.2024;6,586;;
10.02.2024;6,346;;
11.02.2024;5,548;;
11.02.2024;5,367;;
11.02.2024;5,26;;
11.02.2024;4,683;;
11.02.2024;4,364;;
11.02.2024;4,625;;
11.02.2024;4,919;;
11.02.2024;5,316;;
11.02.2024;5,506;;
11.02.2024;5,797;;
11.02.2024;6,116;;
11.02.2024;6,554;;
11.02.2024;6,46;;
11.02.2024;6,212;;
11.02.2024;6,399;;
11.02.2024;6,63;;
11.02.2024;7,069;;
11.02.2024;7,85;;
11.02.2024;8,074;;
11.02.2024;7,972;;
11.02.2024;7,675;;
11.02.2024;7,072;;
11.02.2024;6,839;;
11.02.2024;6,401;;
12.02.2024;6,435;;
12.02.2024;6,159;;
12.02.2024;6,065;;
12.02.2024;5,939;;
12.02.2024;5,921;;
12.02.2024;6,5;;
12.02.2024;7,6;;
12.02.2024;8,541;;
12.02.2024;10,4;;
12.02.2024;9,65;;
12.02.2024;8,547;;
12.02.2024;7,914;;
12.02.2024;6,737;;
12.02.2024;6,375;;
12.02.2024;6,395;;
12.02.2024;6,64;;
12.02.2024;7,842;;
12.02.2024;9,39;;
12.02.2024;9,6;;
12.02.2024;8,908;;
12.02.2024;7,915;;
12.02.2024;7,154;;
12.02.2024;6,587;;
12.02.2024;6,19;;
13.02.2024;6,859;;
13.02.2024;6,537;;
13.02.2024;6,341;;
13.02.2024;6,049;;
13.02.2024;6,006;;
13.02.2024;6,359;;
13.02.2024;7,069;;
13.02.2024;8,218;;
13.02.2024;8,91;;
13.02.2024;7,512;;
13.02.2024;6,921;;
13.02.2024;6,387;;
13.02.2024;6,053;;
13.02.2024;6,026;;
13.02.2024;6,31;;
13.02.2024;7,07;;
13.02.2024;7,836;;
13.02.2024;9,501;;
13.02.2024;9,988;;
13.02.2024;9,099;;
13.02.2024;7,797;;
13.02.2024;7,186;;
13.02.2024;6,839;;
13.02.2024;6,474;;
14.02.2024;6,063;;
14.02.2024;5,934;;
14.02.2024;5,576;;
14.02.2024;5,479;;
14.02.2024;5,506;;
14.02.2024;5,843;;
14.02.2024;6,323;;
14.02.2024;7,274;;
14.02.2024;7,973;;
14.02.2024;6,965;;
14.02.2024;6,386;;
14.02.2024;6,329;;
14.02.2024;6,263;;
14.02.2024;6,382;;
14.02.2024;6,903;;
14.02.2024;7,223;;
14.02.2024;7,854;;
14.02.2024;8,297;;
14.02.2024;8,758;;
14.02.2024;8,447;;
14.02.2024;7,648;;
14.02.2024;6,968;;
14.02.2024;6,82;;
14.02.2024;6,38;;
15.02.2024;6,171;;
15.02.2024;6,113;;
15.02.2024;6,03;;
15.02.2024;5,975;;
15.02.2024;6,194;;
15.02.2024;6,606;;
15.02.2024;7,221;;
15.02.2024;8,157;;
15.02.2024;8,267;;
15.02.2024;7,876;;
15.02.2024;7,418;;
15.02.2024;6,996;;
15.02.2024;6,663;;
15.02.2024;6,619;;
15.02.2024;6,991;;
15.02.2024;7,505;;
15.02.2024;7,905;;
15.02.2024;8,7;;
15.02.2024;8,691;;
15.02.2024;7,561;;
15.02.2024;7,047;;
15.02.2024;6,297;;
15.02.2024;6,309;;
15.02.2024;5,891;;
16.02.2024;5,176;;
16.02.2024;5,108;;
16.02.2024;4,992;;
16.02.2024;4,881;;
16.02.2024;5,138;;
16.02.2024;5,353;;
16.02.2024;5,915;;
16.02.2024;6,939;;
16.02.2024;7,05;;
16.02.2024;6,484;;
16.02.2024;5,437;;
16.02.2024;5,3;;
16.02.2024;5,233;;
16.02.2024;5,231;;
16.02.2024;5,378;;
16.02.2024;6,259;;
16.02.2024;6,999;;
16.02.2024;7,258;;
16.02.2024;7,742;;
16.02.2024;7,678;;
16.02.2024;7,247;;
16.02.2024;6,94;;
16.02.2024;6,805;;
16.02.2024;6,002;;
17.02.2024;5,731;;
17.02.2024;5,7;;
17.02.2024;5,588;;
17.02.2024;5,466;;
17.02.2024;5,462;;
17.02.2024;5,548;;
17.02.2024;5,517;;
17.02.2024;5,69;;
17.02.2024;6,489;;
17.02.2024;6,329;;
17.02.2024;6,202;;
17.02.2024;6,069;;
17.02.2024;5,826;;
17.02.2024;5,525;;
17.02.2024;5,909;;
17.02.2024;6,883;;
17.02.2024;7,503;;
17.02.2024;8,793;;
17.02.2024;11,006;;
17.02.2024;9,028;;
17.02.2024;8,093;;
17.02.2024;7,457;;
17.02.2024;7,244;;
17.02.2024;6,911;;
18.02.2024;6,238;;
18.02.2024;5,481;;
18.02.2024;5,144;;
18.02.2024;5,032;;
18.02.2024;5,019;;
18.02.2024;4,847;;
18.02.2024;4,602;;
18.02.2024;4,897;;
18.02.2024;4,728;;
18.02.2024;4,303;;
18.02.2024;4,045;;
18.02.2024;4,1;;
18.02.2024;4,01;;
18.02.2024;3,988;;
18.02.2024;4,287;;
18.02.2024;5,429;;
18.02.2024;6,287;;
18.02.2024;7,2;;
18.02.2024;7,366;;
18.02.2024;7,059;;
18.02.2024;6,471;;
18.02.2024;5,983;;
18.02.2024;5,733;;
18.02.2024;5,394;;
19.02.2024;4,4;;
19.02.2024;4,304;;
19.02.2024;4,421;;
19.02.2024;4,391;;
19.02.2024;4,492;;
19.02.2024;5,157;;
19.02.2024;6,86;;
19.02.2024;7,909;;
19.02.2024;8,384;;
19.02.2024;7,503;;
19.02.2024;7,083;;
19.02.2024;6,913;;
19.02.2024;6,247;;
19.02.2024;6,099;;
19.02.2024;6,596;;
19.02.2024;6,928;;
19.02.2024;7,151;;
19.02.2024;7,625;;
19.02.2024;9,765;;
19.02.2024;7,998;;
19.02.2024;7,186;;
19.02.2024;6,747;;
19.02.2024;6,627;;
19.02.2024;5,907;;
20.02.2024;5,806;;
20.02.2024;5,432;;
20.02.2024;5,396;;
20.02.2024;5,348;;
20.02.2024;5,299;;
20.02.2024;5,479;;
20.02.2024;7,053;;
20.02.2024;8,84;;
20.02.2024;9,089;;
20.02.2024;7,855;;
20.02.2024;6,984;;
20.02.2024;6,088;;
20.02.2024;5,352;;
20.02.2024;5,142;;
20.02.2024;5,179;;
20.02.2024;5,616;;
20.02.2024;6,308;;
20.02.2024;7,054;;
20.02.2024;7,125;;
20.02.2024;7,347;;
20.02.2024;6,848;;
20.02.2024;6,133;;
20.02.2024;5,686;;
20.02.2024;5,277;;
21.02.2024;5,065;;
21.02.2024;4,847;;
21.02.2024;4,684;;
21.02.2024;4,477;;
21.02.2024;4,539;;
21.02.2024;5,003;;
21.02.2024;6,6;;
21.02.2024;8,134;;
21.02.2024;8,511;;
21.02.2024;7,034;;
21.02.2024;6,41;;
21.02.2024;6,039;;
21.02.2024;5,301;;
21.02.2024;5,122;;
21.02.2024;5,377;;
21.02.2024;6,56;;
21.02.2024;6,992;;
21.02.2024;6,963;;
21.02.2024;6,858;;
21.02.2024;6,139;;
21.02.2024;5,211;;
21.02.2024;4,598;;
21.02.2024;4,171;;
21.02.2024;3,522;;
22.02.2024;3,047;;
22.02.2024;2,701;;
22.02.2024;2,707;;
22.02.2024;2,795;;
22.02.2024;3,7;;
22.02.2024;4,805;;
22.02.2024;6,609;;
22.02.2024;7,653;;
22.02.2024;8,191;;
22.02.2024;7,409;;
22.02.2024;7,195;;
22.02.2024;6,853;;
22.02.2024;6,877;;
22.02.2024;6,898;;
22.02.2024;6,465;;
22.02.2024;6,475;;
22.02.2024;6,325;;
22.02.2024;6,176;;
22.02.2024;5,991;;
22.02.2024;5,242;;
22.02.2024;4,245;;
22.02.2024;2,448;;
22.02.2024;1,206;;
22.02.2024;0,191;;
23.02.2024;0,923;;
23.02.2024;0,107;;
23.02.2024;0,119;;
23.02.2024;0,009;;
23.02.2024;0,002;;
23.02.2024;0,009;;
23.02.2024;3,968;;
23.02.2024;5,706;;
23.02.2024;5,935;;
23.02.2024;5,169;;
23.02.2024;4,664;;
23.02.2024;4,165;;
23.02.2024;3,71;;
23.02.2024;3,36;;
23.02.2024;3,908;;
23.02.2024;4,951;;
23.02.2024;6,308;;
23.02.2024;7,38;;
23.02.2024;8,644;;
23.02.2024;8,401;;
23.02.2024;7,297;;
23.02.2024;6,926;;
23.02.2024;6,798;;
23.02.2024;6,51;;
24.02.2024;6,647;;
24.02.2024;6,39;;
24.02.2024;5,95;;
24.02.2024;5,52;;
24.02.2024;5,539;;
24.02.2024;5,71;;
24.02.2024;6,167;;
24.02.2024;6,611;;
24.02.2024;6,44;;
24.02.2024;5,76;;
24.02.2024;4,916;;
24.02.2024;4,584;;
24.02.2024;4,032;;
24.02.2024;3,222;;
24.02.2024;3,76;;
24.02.2024;4,5;;
24.02.2024;5,595;;
24.02.2024;7,167;;
24.02.2024;8;;
24.02.2024;7,413;;
24.02.2024;6,517;;
24.02.2024;5,994;;
24.02.2024;5,622;;
24.02.2024;5,22;;
25.02.2024;5,657;;
25.02.2024;5,544;;
25.02.2024;5,538;;
25.02.2024;5,489;;
25.02.2024;5,519;;
25.02.2024;5,507;;
25.02.2024;5,671;;
25.02.2024;5,992;;
25.02.2024;6,158;;
25.02.2024;6,182;;
25.02.2024;5,631;;
25.02.2024;5,412;;
25.02.2024;5;;
25.02.2024;4,603;;
25.02.2024;4,984;;
25.02.2024;5,5;;
25.02.2024;6,78;;
25.02.2024;8,219;;
25.02.2024;9,369;;
25.02.2024;7,918;;
25.02.2024;6,999;;
25.02.2024;6,592;;
25.02.2024;6,523;;
25.02.2024;5,838;;
26.02.2024;5,783;;
26.02.2024;5,682;;
26.02.2024;5,57;;
26.02.2024;5,18;;
26.02.2024;5,33;;
26.02.2024;5,792;;
26.02.2024;7,002;;
26.02.2024;7,99;;
26.02.2024;8,16;;
26.02.2024;7,383;;
26.02.2024;6,665;;
26.02.2024;6,503;;
26.02.2024;5,842;;
26.02.2024;5,819;;
26.02.2024;6,129;;
26.02.2024;6,495;;
26.02.2024;6,999;;
26.02.2024;7,7;;
26.02.2024;8,532;;
26.02.2024;8,101;;
26.02.2024;7,221;;
26.02.2024;6,569;;
26.02.2024;6,521;;
26.02.2024;6,076;;
27.02.2024;5,762;;
27.02.2024;5,755;;
27.02.2024;5,735;;
27.02.2024;5,687;;
27.02.2024;5,735;;
27.02.2024;6,31;;
27.02.2024;7,431;;
27.02.2024;9,563;;
27.02.2024;9,578;;
27.02.2024;8,081;;
27.02.2024;6,871;;
27.02.2024;6,493;;
27.02.2024;5,926;;
27.02.2024;5,925;;
27.02.2024;6,471;;
27.02.2024;7,206;;
27.02.2024;7,982;;
27.02.2024;9,802;;
27.02.2024;11,18;;
27.02.2024;10,517;;
27.02.2024;8,436;;
27.02.2024;7,237;;
27.02.2024;7,027;;
27.02.2024;6,497;;
28.02.2024;6,036;;
28.02.2024;5,94;;
28.02.2024;6,134;;
28.02.2024;6,346;;
28.02.2024;6,374;;
28.02.2024;6,744;;
28.02.2024;7,43;;
28.02.2024;9,889;;
28.02.2024;10,449;;
28.02.2024;8,546;;
28.02.2024;7,399;;
28.02.2024;6,755;;
28.02.2024;6,393;;
28.02.2024;6,072;;
28.02.2024;6,151;;
28.02.2024;7,043;;
28.02.2024;7,496;;
28.02.2024;9,304;;
28.02.2024;9,324;;
28.02.2024;7,829;;
28.02.2024;6,544;;
28.02.2024;6,259;;
28.02.2024;6,402;;
28.02.2024;5,512;;
01.03.2024;6,204;;
01.03.2024;6,142;;
01.03.2024;5,814;;
01.03.2024;5,783;;
01.03.2024;5,83;;
01.03.2024;6,249;;
01.03.2024;7,158;;
01.03.2024;7,936;;
01.03.2024;8,379;;
01.03.2024;7,588;;
01.03.2024;6,652;;
01.03.2024;6,476;;
01.03.2024;6,308;;
01.03.2024;6,463;;
01.03.2024;6,711;;
01.03.2024;7,257;;
01.03.2024;7,894;;
01.03.2024;8,94;;
01.03.2024;9,373;;
01.03.2024;8,719;;
01.03.2024;7,749;;
01.03.2024;7,162;;
01.03.2024;7,006;;
01.03.2024;6,639;;
02.03.2024;5,995;;
02.03.2024;5,603;;
02.03.2024;5,602;;
02.03.2024;5,548;;
02.03.2024;5,488;;
02.03.2024;5,599;;
02.03.2024;5,658;;
02.03.2024;6,067;;
02.03.2024;6,376;;
02.03.2024;6,575;;
02.03.2024;6,044;;
02.03.2024;5,918;;
02.03.2024;5,583;;
02.03.2024;5,49;;
02.03.2024;5,986;;
02.03.2024;6,608;;
02.03.2024;7,3;;
02.03.2024;8,063;;
02.03.2024;9,36;;
02.03.2024;8,99;;
02.03.2024;7,698;;
02.03.2024;6,981;;
02.03.2024;6,094;;
02.03.2024;5,499;;
03.03.2024;5,45;;
03.03.2024;5,363;;
03.03.2024;5,38;;
03.03.2024;5,559;;
03.03.2024;5,531;;
03.03.2024;5,582;;
03.03.2024;5,6;;
03.03.2024;5,688;;
03.03.2024;5,477;;
03.03.2024;5,399;;
03.03.2024;5,201;;
03.03.2024;4,946;;
03.03.2024;4,751;;
03.03.2024;4,251;;
03.03.2024;4,684;;
03.03.2024;5,413;;
03.03.2024;6,028;;
03.03.2024;7,558;;
03.03.2024;8,436;;
03.03.2024;8,696;;
03.03.2024;8,18;;
03.03.2024;7,5;;
03.03.2024;7,218;;
03.03.2024;7,242;;
04.03.2024;6,913;;
04.03.2024;6,79;;
04.03.2024;6,741;;
04.03.2024;6,622;;
04.03.2024;6,559;;
04.03.2024;7,083;;
04.03.2024;8,118;;
04.03.2024;9,667;;
04.03.2024;10,297;;
04.03.2024;8,502;;
04.03.2024;7,193;;
04.03.2024;6,489;;
04.03.2024;6,393;;
04.03.2024;6,11;;
04.03.2024;6,25;;
04.03.2024;6,986;;
04.03.2024;7,595;;
04.03.2024;9,059;;
04.03.2024;10,518;;
04.03.2024;9,913;;
04.03.2024;8,052;;
04.03.2024;7,139;;
04.03.2024;6,749;;
04.03.2024;6,393;;
05.03.2024;6,196;;
05.03.2024;6,167;;
05.03.2024;6,133;;
05.03.2024;5,986;;
05.03.2024;6,056;;
05.03.2024;6,167;;
05.03.2024;7,153;;
05.03.2024;7,928;;
05.03.2024;8,302;;
05.03.2024;7,7;;
05.03.2024;7,115;;
05.03.2024;6,972;;
05.03.2024;6,601;;
05.03.2024;6,583;;
05.03.2024;6,961;;
05.03.2024;7,067;;
05.03.2024;7,628;;
05.03.2024;8,207;;
05.03.2024;10,438;;
05.03.2024;11,299;;
05.03.2024;9,312;;
05.03.2024;8,281;;
05.03.2024;7,608;;
05.03.2024;7,183;;
06.03.2024;7,1;;
06.03.2024;7,07;;
06.03.2024;7,046;;
06.03.2024;6,974;;
06.03.2024;7,046;;
06.03.2024;7,391;;
06.03.2024;8,398;;
06.03.2024;10,664;;
06.03.2024;10,87;;
06.03.2024;8,721;;
06.03.2024;7,592;;
06.03.2024;7,202;;
06.03.2024;6,935;;
06.03.2024;6,929;;
06.03.2024;7,064;;
06.03.2024;7,226;;
06.03.2024;8,106;;
06.03.2024;10;;
06.03.2024;11,958;;
06.03.2024;11,925;;
06.03.2024;9,34;;
06.03.2024;8,015;;
06.03.2024;7,798;;
06.03.2024;7,434;;
07.03.2024;7,333;;
07.03.2024;7,232;;
07.03.2024;7,034;;
07.03.2024;6,871;;
07.03.2024;6,989;;
07.03.2024;7,313;;
07.03.2024;8,427;;
07.03.2024;10,32;;
07.03.2024;9,67;;
07.03.2024;7,909;;
07.03.2024;7,131;;
07.03.2024;6,616;;
07.03.2024;6,169;;
07.03.2024;6,026;;
07.03.2024;6,333;;
07.03.2024;6,604;;
07.03.2024;6,992;;
07.03.2024;8,92;;
07.03.2024;10,571;;
07.03.2024;9,03;;
07.03.2024;8,249;;
07.03.2024;7,335;;
07.03.2024;7,332;;
07.03.2024;6,772;;
08.03.2024;6,845;;
08.03.2024;6,696;;
08.03.2024;6,701;;
08.03.2024;6,599;;
08.03.2024;6,63;;
08.03.2024;6,711;;
08.03.2024;8,291;;
08.03.2024;9,506;;
08.03.2024;8,889;;
08.03.2024;7,436;;
08.03.2024;5,759;;
08.03.2024;5,205;;
08.03.2024;2,177;;
08.03.2024;0,426;;
08.03.2024;2,42;;
08.03.2024;4,025;;
08.03.2024;5,574;;
08.03.2024;7,198;;
08.03.2024;8,376;;
08.03.2024;7,998;;
08.03.2024;7,146;;
08.03.2024;6,49;;
08.03.2024;6,503;;
08.03.2024;5,989;;
09.03.2024;5,656;;
09.03.2024;5,491;;
09.03.2024;5,372;;
09.03.2024;5,256;;
09.03.2024;4,86;;
09.03.2024;4,779;;
09.03.2024;5,047;;
09.03.2024;5,306;;
09.03.2024;5,306;;
09.03.2024;4,812;;
09.03.2024;3,294;;
09.03.2024;0,02;;
09.03.2024;-0,115;;
09.03.2024;-0,502;;
09.03.2024;-0,004;;
09.03.2024;2,819;;
09.03.2024;5,264;;
09.03.2024;6,949;;
09.03.2024;7,802;;
09.03.2024;7,499;;
09.03.2024;6,726;;
09.03.2024;6,047;;
09.03.2024;6,053;;
09.03.2024;5,729;;
10.03.2024;4,865;;
10.03.2024;4,606;;
10.03.2024;4,098;;
10.03.2024;3,555;;
10.03.2024;3,239;;
10.03.2024;3,228;;
10.03.2024;3,391;;
10.03.2024;3,949;;
10.03.2024;3,482;;
10.03.2024;2,525;;
10.03.2024;0,235;;
10.03.2024;-0,01;;
10.03.2024;-0,824;;
10.03.2024;-0,998;;
10.03.2024;-0,051;;
10.03.2024;1,441;;
10.03.2024;4,796;;
10.03.2024;5,597;;
10.03.2024;6,635;;
10.03.2024;6,232;;
10.03.2024;5,714;;
10.03.2024;5,374;;
10.03.2024;5,308;;
10.03.2024;5,205;;
11.03.2024;4,893;;
11.03.2024;4,933;;
11.03.2024;5,021;;
11.03.2024;4,928;;
11.03.2024;4,999;;
11.03.2024;5,63;;
11.03.2024;7,664;;
11.03.2024;8,26;;
11.03.2024;8,559;;
11.03.2024;8,045;;
11.03.2024;7,12;;
11.03.2024;6,503;;
11.03.2024;6,079;;
11.03.2024;6,625;;
11.03.2024;6,7;;
11.03.2024;7,347;;
11.03.2024;8,019;;
11.03.2024;9,139;;
11.03.2024;10,07;;
11.03.2024;10,801;;
11.03.2024;8,799;;
11.03.2024;7,671;;
11.03.2024;7,504;;
11.03.2024;6,708;;
12.03.2024;6,919;;
12.03.2024;6,556;;
12.03.2024;6,651;;
12.03.2024;6,52;;
12.03.2024;6,658;;
12.03.2024;7,137;;
12.03.2024;8,706;;
12.03.2024;9,655;;
12.03.2024;10,078;;
12.03.2024;9,381;;
12.03.2024;8,542;;
12.03.2024;8,068;;
12.03.2024;7,844;;
12.03.2024;7,826;;
12.03.2024;7,902;;
12.03.2024;8,634;;
12.03.2024;10,161;;
12.03.2024;11,306;;
12.03.2024;13,492;;
12.03.2024;12,457;;
12.03.2024;9,748;;
12.03.2024;8,363;;
12.03.2024;7,893;;
12.03.2024;7,033;;
13.03.2024;6,393;;
13.03.2024;6,23;;
13.03.2024;6,179;;
13.03.2024;6,137;;
13.03.2024;6,4;;
13.03.2024;6,68;;
13.03.2024;7,732;;
13.03.2024;8,827;;
13.03.2024;8,991;;
13.03.2024;7,771;;
13.03.2024;6,807;;
13.03.2024;6,485;;
13.03.2024;6,461;;
13.03.2024;6,483;;
13.03.2024;6,396;;
13.03.2024;6,784;;
13.03.2024;7,353;;
13.03.2024;8,991;;
13.03.2024;9,78;;
13.03.2024;9,436;;
13.03.2024;7,698;;
13.03.2024;6,682;;
13.03.2024;6,811;;
13.03.2024;6,388;;
14.03.2024;6,329;;
14.03.2024;5,69;;
14.03.2024;5,752;;
14.03.2024;5,7;;
14.03.2024;6,14;;
14.03.2024;6,407;;
14.03.2024;7,505;;
14.03.2024;8,806;;
14.03.2024;8,199;;
14.03.2024;6,571;;
14.03.2024;5,432;;
14.03.2024;5,237;;
14.03.2024;5,283;;
14.03.2024;4,916;;
14.03.2024;5,284;;
14.03.2024;5,891;;
14.03.2024;7,321;;
14.03.2024;9,104;;
14.03.2024;11,477;;
14.03.2024;9,104;;
14.03.2024;7,409;;
14.03.2024;6,263;;
14.03.2024;5,962;;
14.03.2024;5,166;;
15.03.2024;4,839;;
15.03.2024;4,658;;
15.03.2024;4,557;;
15.03.2024;4,395;;
15.03.2024;4,696;;
15.03.2024;4,935;;
15.03.2024;6,226;;
15.03.2024;6,953;;
15.03.2024;6,875;;
15.03.2024;5,38;;
15.03.2024;4,656;;
15.03.2024;3,927;;
15.03.2024;3,834;;
15.03.2024;3,687;;
15.03.2024;4,493;;
15.03.2024;5,155;;
15.03.2024;6,67;;
15.03.2024;8,692;;
15.03.2024;8,203;;
15.03.2024;8,799;;
15.03.2024;6,426;;
15.03.2024;5,536;;
15.03.2024;5,635;;
15.03.2024;4,933;;
16.03.2024;4,412;;
16.03.2024;4,201;;
16.03.2024;4,069;;
16.03.2024;3,888;;
16.03.2024;3,867;;
16.03.2024;4,034;;
16.03.2024;4,726;;
16.03.2024;5,131;;
16.03.2024;5,224;;
16.03.2024;4,701;;
16.03.2024;4,488;;
16.03.2024;4,162;;
16.03.2024;3,67;;
16.03.2024;2,102;;
16.03.2024;1,099;;
16.03.2024;3,101;;
16.03.2024;4,698;;
16.03.2024;7,208;;
16.03.2024;8,169;;
16.03.2024;8,731;;
16.03.2024;7,946;;
16.03.2024;7,299;;
16.03.2024;7,231;;
16.03.2024;6,71;;
17.03.2024;6,499;;
17.03.2024;6,049;;
17.03.2024;5,597;;
17.03.2024;5,875;;
17.03.2024;6,045;;
17.03.2024;6,049;;
17.03.2024;6,26;;
17.03.2024;5,66;;
17.03.2024;5,058;;
17.03.2024;4,715;;
17.03.2024;4,54;;
17.03.2024;4,591;;
17.03.2024;4,181;;
17.03.2024;4,015;;
17.03.2024;4,806;;
17.03.2024;5,612;;
17.03.2024;7,176;;
17.03.2024;8,544;;
17.03.2024;9,431;;
17.03.2024;8,829;;
17.03.2024;7,789;;
17.03.2024;7,233;;
17.03.2024;7,21;;
17.03.2024;6,591;;
18.03.2024;6,412;;
18.03.2024;5,714;;
18.03.2024;5,831;;
18.03.2024;5,938;;
18.03.2024;6,438;;
18.03.2024;7,08;;
18.03.2024;8,632;;
18.03.2024;9,787;;
18.03.2024;9,445;;
18.03.2024;8,28;;
18.03.2024;7,284;;
18.03.2024;6,664;;
18.03.2024;6,77;;
18.03.2024;6,83;;
18.03.2024;6,894;;
18.03.2024;7,34;;
18.03.2024;7,898;;
18.03.2024;10,765;;
18.03.2024;14,571;;
18.03.2024;12,653;;
18.03.2024;10,372;;
18.03.2024;8,12;;
18.03.2024;7,838;;
18.03.2024;7,445;;
19.03.2024;7,2;;
19.03.2024;7,124;;
19.03.2024;7,165;;
19.03.2024;7,155;;
19.03.2024;7,124;;
19.03.2024;7,101;;
19.03.2024;8,95;;
19.03.2024;11,078;;
19.03.2024;9,587;;
19.03.2024;7,202;;
19.03.2024;6,536;;
19.03.2024;5,882;;
19.03.2024;5,447;;
19.03.2024;5,672;;
19.03.2024;6,048;;
19.03.2024;7,005;;
19.03.2024;7,37;;
19.03.2024;10,395;;
19.03.2024;13,142;;
19.03.2024;12,896;;
19.03.2024;11;;
19.03.2024;8,902;;
19.03.2024;8,172;;
19.03.2024;7,61;;
20.03.2024;7,601;;
20.03.2024;7,34;;
20.03.2024;7,49;;
20.03.2024;7,57;;
20.03.2024;7,636;;
20.03.2024;8,09;;
20.03.2024;11,6;;
20.03.2024;11,624;;
20.03.2024;9,833;;
20.03.2024;7,063;;
20.03.2024;6,6;;
20.03.2024;6,539;;
20.03.2024;6,143;;
20.03.2024;6,395;;
20.03.2024;6,435;;
20.03.2024;7,078;;
20.03.2024;8,707;;
20.03.2024;11,968;;
20.03.2024;16,854;;
20.03.2024;15,905;;
20.03.2024;12,495;;
20.03.2024;10,652;;
20.03.2024;9,607;;
20.03.2024;7,998;;
21.03.2024;7,618;;
21.03.2024;7,337;;
21.03.2024;7,155;;
21.03.2024;7,132;;
21.03.2024;7,1;;
21.03.2024;7,351;;
21.03.2024;8,926;;
21.03.2024;9,821;;
21.03.2024;10,229;;
21.03.2024;8;;
21.03.2024;7,241;;
21.03.2024;6,803;;
21.03.2024;6,464;;
21.03.2024;5,996;;
21.03.2024;6,685;;
21.03.2024;6,628;;
21.03.2024;7,527;;
21.03.2024;10,09;;
21.03.2024;12,713;;
21.03.2024;12,285;;
21.03.2024;9,404;;
21.03.2024;7,96;;
21.03.2024;7,748;;
21.03.2024;7,123;;
22.03.2024;5,634;;
22.03.2024;5,224;;
22.03.2024;4,969;;
22.03.2024;5,183;;
22.03.2024;5,28;;
22.03.2024;5,989;;
22.03.2024;7,41;;
22.03.2024;6,739;;
22.03.2024;6,809;;
22.03.2024;5,632;;
22.03.2024;5,181;;
22.03.2024;4,985;;
22.03.2024;4,976;;
22.03.2024;5,149;;
22.03.2024;5,239;;
22.03.2024;5,997;;
22.03.2024;7,687;;
22.03.2024;8,898;;
22.03.2024;12,159;;
22.03.2024;11,871;;
22.03.2024;9,5;;
22.03.2024;8,225;;
22.03.2024;8,015;;
22.03.2024;7,747;;
23.03.2024;7,777;;
23.03.2024;7,247;;
23.03.2024;6,592;;
23.03.2024;6,398;;
23.03.2024;5,984;;
23.03.2024;6,144;;
23.03.2024;5,834;;
23.03.2024;5,282;;
23.03.2024;3,912;;
23.03.2024;1,32;;
23.03.2024;0,002;;
23.03.2024;-0,005;;
23.03.2024;-0,194;;
23.03.2024;-0,571;;
23.03.2024;-0,845;;
23.03.2024;-0,146;;
23.03.2024;0,007;;
23.03.2024;4,78;;
23.03.2024;7,009;;
23.03.2024;6,915;;
23.03.2024;5,294;;
23.03.2024;4,584;;
23.03.2024;4,028;;
23.03.2024;2,839;;
24.03.2024;3,21;;
24.03.2024;1,328;;
24.03.2024;1,013;;
24.03.2024;1,7;;
24.03.2024;1,992;;
24.03.2024;2,682;;
24.03.2024;1,487;;
24.03.2024;0,196;;
24.03.2024;0;;
24.03.2024;0;;
24.03.2024;0;;
24.03.2024;0;;
24.03.2024;0;;
24.03.2024;0;;
24.03.2024;0;;
24.03.2024;0;;
24.03.2024;1,669;;
24.03.2024;5,94;;
24.03.2024;7,5;;
24.03.2024;7,49;;
24.03.2024;6,69;;
24.03.2024;6,477;;
24.03.2024;6,427;;
24.03.2024;6,297;;
25.03.2024;6,251;;
25.03.2024;6,229;;
25.03.2024;6,248;;
25.03.2024;6,451;;
25.03.2024;6,696;;
25.03.2024;7,714;;
25.03.2024;8,843;;
25.03.2024;11,387;;
25.03.2024;9,968;;
25.03.2024;7,743;;
25.03.2024;7,005;;
25.03.2024;6,366;;
25.03.2024;6,185;;
25.03.2024;6,322;;
25.03.2024;6,452;;
25.03.2024;7,397;;
25.03.2024;8,105;;
25.03.2024;11,188;;
25.03.2024;17,47;;
25.03.2024;14,975;;
25.03.2024;10,273;;
25.03.2024;8,239;;
25.03.2024;7,956;;
25.03.2024;7,474;;
26.03.2024;7,99;;
26.03.2024;7,33;;
26.03.2024;6,891;;
26.03.2024;6,798;;
26.03.2024;7,007;;
26.03.2024;7,228;;
26.03.2024;8,038;;
26.03.2024;7,92;;
26.03.2024;7,21;;
26.03.2024;6,2;;
26.03.2024;4,95;;
26.03.2024;3,703;;
26.03.2024;1,149;;
26.03.2024;2,735;;
26.03.2024;3,71;;
26.03.2024;5,193;;
26.03.2024;6,806;;
26.03.2024;8,105;;
26.03.2024;10,075;;
26.03.2024;10,03;;
26.03.2024;8;;
26.03.2024;7,705;;
26.03.2024;7,282;;
26.03.2024;6,692;;
27.03.2024;5,835;;
27.03.2024;5,709;;
27.03.2024;5,728;;
27.03.2024;5,779;;
27.03.2024;6,003;;
27.03.2024;7,238;;
27.03.2024;8,117;;
27.03.2024;8,278;;
27.03.2024;8,001;;
27.03.2024;6,812;;
27.03.2024;6,39;;
27.03.2024;5,713;;
27.03.2024;5,766;;
27.03.2024;6;;
27.03.2024;6,78;;
27.03.2024;7,893;;
27.03.2024;8,414;;
27.03.2024;10,053;;
27.03.2024;12,593;;
27.03.2024;11,894;;
27.03.2024;9,942;;
27.03.2024;8,425;;
27.03.2024;8,302;;
27.03.2024;7,447;;
28.03.2024;7,909;;
28.03.2024;7,26;;
28.03.2024;6,524;;
28.03.2024;6,441;;
28.03.2024;6,669;;
28.03.2024;7,16;;
28.03.2024;8,207;;
28.03.2024;8,319;;
28.03.2024;8,092;;
28.03.2024;6,324;;
28.03.2024;4,707;;
28.03.2024;3,7;;
28.03.2024;0,674;;
28.03.2024;0,005;;
28.03.2024;0,004;;
28.03.2024;0,982;;
28.03.2024;3,317;;
28.03.2024;5,272;;
28.03.2024;7,397;;
28.03.2024;7,033;;
28.03.2024;6,254;;
28.03.2024;5,183;;
28.03.2024;3,305;;
28.03.2024;2,5;;
29.03.2024;2,06;;
29.03.2024;1,883;;
29.03.2024;1,243;;
29.03.2024;1,024;;
29.03.2024;1,259;;
29.03.2024;1,432;;
29.03.2024;2,202;;
29.03.2024;2,239;;
29.03.2024;1,594;;
29.03.2024;1,328;;
29.03.2024;1,688;;
29.03.2024;1,883;;
29.03.2024;1,3;;
29.03.2024;0,986;;
29.03.2024;1,344;;
29.03.2024;2,158;;
29.03.2024;4,95;;
29.03.2024;7,993;;
29.03.2024;10,197;;
29.03.2024;10,545;;
29.03.2024;8,74;;
29.03.2024;7,993;;
29.03.2024;7,589;;
29.03.2024;7;;
30.03.2024;6,93;;
30.03.2024;5,816;;
30.03.2024;5,888;;
30.03.2024;5,895;;
30.03.2024;5,923;;
30.03.2024;6,505;;
30.03.2024;5,857;;
30.03.2024;4,779;;
30.03.2024;4,523;;
30.03.2024;4,338;;
30.03.2024;3,449;;
30.03.2024;2,321;;
30.03.2024;1,476;;
30.03.2024;0,685;;
30.03.2024;1,587;;
30.03.2024;3,42;;
30.03.2024;5,252;;
30.03.2024;7,775;;
30.03.2024;8,811;;
30.03.2024;8,353;;
30.03.2024;7,411;;
30.03.2024;7,147;;
30.03.2024;7,083;;
30.03.2024;6,574;;
31.03.2024;7,57;;
31.03.2024;6,671;;
31.03.2024;6,498;;
31.03.2024;6,048;;
31.03.2024;5,874;;
31.03.2024;6,446;;
31.03.2024;7,151;;
31.03.2024;6,503;;
31.03.2024;5,032;;
31.03.2024;4,103;;
31.03.2024;2,952;;
31.03.2024;1,985;;
31.03.2024;0,306;;
31.03.2024;0,103;;
31.03.2024;1,527;;
31.03.2024;4,107;;
31.03.2024;6,674;;
31.03.2024;8,932;;
31.03.2024;11,729;;
31.03.2024;8,372;;
31.03.2024;7;;
31.03.2024;6,451;;
31.03.2024;5,49;;
01.04.2024;4,995;;
01.04.2024;4,898;;
01.04.2024;4,606;;
01.04.2024;4,358;;
01.04.2024;4,94;;
01.04.2024;5,235;;
01.04.2024;5,871;;
01.04.2024;6,449;;
01.04.2024;5,871;;
01.04.2024;6,089;;
01.04.2024;5,436;;
01.04.2024;3,539;;
01.04.2024;1,304;;
01.04.2024;0,003;;
01.04.2024;-0,001;;
01.04.2024;-0,001;;
01.04.2024;-0,001;;
01.04.2024;0,579;;
01.04.2024;4,197;;
01.04.2024;4,853;;
01.04.2024;4,988;;
01.04.2024;4,569;;
01.04.2024;2,597;;
01.04.2024;0,747;;
02.04.2024;0,797;;
02.04.2024;0,128;;
02.04.2024;0,061;;
02.04.2024;0,087;;
02.04.2024;0,194;;
02.04.2024;0,727;;
02.04.2024;5,722;;
02.04.2024;7,436;;
02.04.2024;6,893;;
02.04.2024;4,698;;
02.04.2024;0,266;;
02.04.2024;-0,006;;
02.04.2024;-0,109;;
02.04.2024;-0,097;;
02.04.2024;-0,007;;
02.04.2024;0;;
02.04.2024;0,431;;
02.04.2024;4,146;;
02.04.2024;7,27;;
02.04.2024;9,539;;
02.04.2024;9,488;;
02.04.2024;7,813;;
02.04.2024;7,486;;
02.04.2024;7,088;;
03.04.2024;7,413;;
03.04.2024;7,175;;
03.04.2024;7,005;;
03.04.2024;7,251;;
03.04.2024;7,234;;
03.04.2024;7,871;;
03.04.2024;9,491;;
03.04.2024;11,793;;
03.04.2024;11,793;;
03.04.2024;10,098;;
03.04.2024;10,735;;
03.04.2024;9,081;;
03.04.2024;8,203;;
03.04.2024;7,688;;
03.04.2024;7,304;;
03.04.2024;7,307;;
03.04.2024;7,67;;
03.04.2024;9,244;;
03.04.2024;10,814;;
03.04.2024;12,33;;
03.04.2024;10,158;;
03.04.2024;8,097;;
03.04.2024;7,551;;
03.04.2024;6,389;;
04.04.2024;5,452;;
04.04.2024;5,201;;
04.04.2024;5,017;;
04.04.2024;5,157;;
04.04.2024;5,194;;
04.04.2024;5,51;;
04.04.2024;6,752;;
04.04.2024;7,916;;
04.04.2024;7,718;;
04.04.2024;7,194;;
04.04.2024;6,945;;
04.04.2024;6,306;;
04.04.2024;5,808;;
04.04.2024;5,622;;
04.04.2024;5,549;;
04.04.2024;5,617;;
04.04.2024;5,708;;
04.04.2024;6,908;;
04.04.2024;7,536;;
04.04.2024;9,066;;
04.04.2024;8,058;;
04.04.2024;7,329;;
04.04.2024;7,147;;
04.04.2024;6,153;;
05.04.2024;6,272;;
05.04.2024;5,908;;
05.04.2024;5,596;;
05.04.2024;5,659;;
05.04.2024;5,39;;
05.04.2024;6,25;;
05.04.2024;7,629;;
05.04.2024;8,424;;
05.04.2024;8,1;;
05.04.2024;6,759;;
05.04.2024;5,05;;
05.04.2024;2,597;;
05.04.2024;0,916;;
05.04.2024;0;;
05.04.2024;-0,01;;
05.04.2024;0,005;;
05.04.2024;0,809;;
05.04.2024;3,746;;
05.04.2024;4,965;;
05.04.2024;5,594;;
05.04.2024;5,564;;
05.04.2024;5,471;;
05.04.2024;5,613;;
05.04.2024;5,507;;
06.04.2024;4,308;;
06.04.2024;4,501;;
06.04.2024;4,689;;
06.04.2024;4,756;;
06.04.2024;5,065;;
06.04.2024;5,488;;
06.04.2024;5,873;;
06.04.2024;5,987;;
06.04.2024;5,924;;
06.04.2024;4,894;;
06.04.2024;2,942;;
06.04.2024;-0,073;;
06.04.2024;-1,64;;
06.04.2024;-5,992;;
06.04.2024;-5,759;;
06.04.2024;-3,461;;
06.04.2024;-0,466;;
06.04.2024;1,581;;
06.04.2024;6,756;;
06.04.2024;7,399;;
06.04.2024;6,865;;
06.04.2024;4,646;;
06.04.2024;4,507;;
06.04.2024;2,588;;
07.04.2024;1,097;;
07.04.2024;0,009;;
07.04.2024;0;;
07.04.2024;0;;
07.04.2024;0;;
07.04.2024;0;;
07.04.2024;0;;
07.04.2024;0;;
07.04.2024;0;;
07.04.2024;-0,001;;
07.04.2024;-0,016;;
07.04.2024;-0,325;;
07.04.2024;-0,994;;
07.04.2024;-2,679;;
07.04.2024;-2,006;;
07.04.2024;-0,504;;
07.04.2024;-0,016;;
07.04.2024;0,692;;
07.04.2024;9,146;;
07.04.2024;10,839;;
07.04.2024;10,64;;
07.04.2024;8,995;;
07.04.2024;7,746;;
07.04.2024;7,206;;
08.04.2024;7,077;;
08.04.2024;7,071;;
08.04.2024;6,812;;
08.04.2024;7,071;;
08.04.2024;7,157;;
08.04.2024;7,744;;
08.04.2024;10,199;;
08.04.2024;14,978;;
08.04.2024;12,852;;
08.04.2024;8,551;;
08.04.2024;8,06;;
08.04.2024;7,123;;
08.04.2024;6,47;;
08.04.2024;6;;
08.04.2024;5,789;;
08.04.2024;6,34;;
08.04.2024;7;;
08.04.2024;7,501;;
08.04.2024;10,49;;
08.04.2024;13,73;;
08.04.2024;12,48;;
08.04.2024;8,485;;
08.04.2024;7,7;;
08.04.2024;7,019;;
09.04.2024;7,821;;
09.04.2024;6,939;;
09.04.2024;6,473;;
09.04.2024;5,995;;
09.04.2024;6,248;;
09.04.2024;6,834;;
09.04.2024;8,669;;
09.04.2024;9,09;;
09.04.2024;7,978;;
09.04.2024;6,83;;
09.04.2024;5,16;;
09.04.2024;4,398;;
09.04.2024;3,605;;
09.04.2024;1,009;;
09.04.2024;1,05;;
09.04.2024;2,904;;
09.04.2024;3,827;;
09.04.2024;5,015;;
09.04.2024;6,59;;
09.04.2024;8,175;;
09.04.2024;8,174;;
09.04.2024;6,798;;
09.04.2024;6,051;;
09.04.2024;3,549;;
10.04.2024;2,289;;
10.04.2024;0,595;;
10.04.2024;0,619;;
10.04.2024;0,899;;
10.04.2024;2,63;;
10.04.2024;5,003;;
10.04.2024;7,591;;
10.04.2024;9,963;;
10.04.2024;10,602;;
10.04.2024;8,046;;
10.04.2024;6,766;;
10.04.2024;5,605;;
10.04.2024;5,562;;
10.04.2024;3,032;;
10.04.2024;3,129;;
10.04.2024;5,535;;
10.04.2024;6,291;;
10.04.2024;7,532;;
10.04.2024;10,083;;
10.04.2024;19,115;;
10.04.2024;19,119;;
10.04.2024;11,559;;
10.04.2024;8,61;;
10.04.2024;7,61;;
11.04.2024;7,258;;
11.04.2024;6,736;;
11.04.2024;6,224;;
11.04.2024;5,881;;
11.04.2024;5,908;;
11.04.2024;5,557;;
11.04.2024;7,463;;
11.04.2024;6,88;;
11.04.2024;5,22;;
11.04.2024;3;;
11.04.2024;1,005;;
11.04.2024;0,086;;
11.04.2024;0,091;;
11.04.2024;0,11;;
11.04.2024;0,057;;
11.04.2024;2,957;;
11.04.2024;5,974;;
11.04.2024;7,674;;
11.04.2024;10,07;;
11.04.2024;13,436;;
11.04.2024;13,782;;
11.04.2024;9,879;;
11.04.2024;8,242;;
11.04.2024;7,651;;
12.04.2024;7,571;;
12.04.2024;7,174;;
12.04.2024;6,889;;
12.04.2024;6,926;;
12.04.2024;6,952;;
12.04.2024;7,753;;
12.04.2024;9,123;;
12.04.2024;9,7;;
12.04.2024;8,683;;
12.04.2024;7,098;;
12.04.2024;4,286;;
12.04.2024;1,886;;
12.04.2024;0;;
12.04.2024;-0,007;;
12.04.2024;0,001;;
12.04.2024;0,018;;
12.04.2024;0,022;;
12.04.2024;5,737;;
12.04.2024;8,193;;
12.04.2024;12,595;;
12.04.2024;12,413;;
12.04.2024;8,66;;
12.04.2024;7,799;;
12.04.2024;6,81;;
13.04.2024;6,022;;
13.04.2024;4,907;;
13.04.2024;2,441;;
13.04.2024;1,941;;
13.04.2024;1,995;;
13.04.2024;2,532;;
13.04.2024;3,018;;
13.04.2024;3,526;;
13.04.2024;2,26;;
13.04.2024;0,88;;
13.04.2024;-0,002;;
13.04.2024;-0,997;;
13.04.2024;-2,596;;
13.04.2024;-5;;
13.04.2024;-5,501;;
13.04.2024;-4,991;;
13.04.2024;-1,916;;
13.04.2024;-0,016;;
13.04.2024;3,991;;
13.04.2024;7,344;;
13.04.2024;6,578;;
13.04.2024;3,935;;
13.04.2024;2,111;;
13.04.2024;0,705;;
14.04.2024;0,043;;
14.04.2024;0,083;;
14.04.2024;0,093;;
14.04.2024;0,113;;
14.04.2024;0,234;;
14.04.2024;0,595;;
14.04.2024;1,286;;
14.04.2024;1,3;;
14.04.2024;0,741;;
14.04.2024;0;;
14.04.2024;-0,237;;
14.04.2024;-1,217;;
14.04.2024;-4,227;;
14.04.2024;-6,005;;
14.04.2024;-6,007;;
14.04.2024;-4,005;;
14.04.2024;-0,625;;
14.04.2024;0,157;;
14.04.2024;6,723;;
14.04.2024;8,78;;
14.04.2024;11,991;;
14.04.2024;11,261;;
14.04.2024;10,395;;
14.04.2024;8,724;;
15.04.2024;8,196;;
15.04.2024;8,126;;
15.04.2024;7,754;;
15.04.2024;7,818;;
15.04.2024;7,523;;
15.04.2024;8,674;;
15.04.2024;11,573;;
15.04.2024;16,915;;
15.04.2024;15,324;;
15.04.2024;9,156;;
15.04.2024;8,055;;
15.04.2024;6,315;;
15.04.2024;4,415;;
15.04.2024;3,174;;
15.04.2024;1,296;;
15.04.2024;0,78;;
15.04.2024;0,799;;
15.04.2024;4,63;;
15.04.2024;6,92;;
15.04.2024;7,892;;
15.04.2024;7,702;;
15.04.2024;6,631;;
15.04.2024;5,377;;
15.04.2024;3,417;;
16.04.2024;0,202;;
16.04.2024;0,004;;
16.04.2024;0,014;;
16.04.2024;0,073;;
16.04.2024;1,747;;
16.04.2024;3,622;;
16.04.2024;6,314;;
16.04.2024;7,426;;
16.04.2024;7,426;;
16.04.2024;6,481;;
16.04.2024;5,103;;
16.04.2024;4,264;;
16.04.2024;4;;
16.04.2024;4,022;;
16.04.2024;4,208;;
16.04.2024;4,853;;
16.04.2024;6,284;;
16.04.2024;7,967;;
16.04.2024;9,292;;
16.04.2024;11,399;;
16.04.2024;12,452;;
16.04.2024;10,446;;
16.04.2024;9,01;;
16.04.2024;8,41;;
17.04.2024;8,384;;
17.04.2024;8,384;;
17.04.2024;8,135;;
17.04.2024;8,24;;
17.04.2024;8,296;;
17.04.2024;8,373;;
17.04.2024;10,939;;
17.04.2024;16,997;;
17.04.2024;15,517;;
17.04.2024;10,462;;
17.04.2024;8,39;;
17.04.2024;7,99;;
17.04.2024;8,298;;
17.04.2024;8,082;;
17.04.2024;7,771;;
17.04.2024;7,703;;
17.04.2024;8;;
17.04.2024;8,69;;
17.04.2024;11,497;;
17.04.2024;15,992;;
17.04.2024;16,99;;
17.04.2024;13,006;;
17.04.2024;9,904;;
17.04.2024;8,781;;
18.04.2024;9,183;;
18.04.2024;8,742;;
18.04.2024;8,853;;
18.04.2024;8,776;;
18.04.2024;8,961;;
18.04.2024;9,347;;
18.04.2024;12,188;;
18.04.2024;15,58;;
18.04.2024;13,119;;
18.04.2024;10,112;;
18.04.2024;9,021;;
18.04.2024;8,387;;
18.04.2024;8,064;;
18.04.2024;7,72;;
18.04.2024;7,301;;
18.04.2024;7,07;;
18.04.2024;7,088;;
18.04.2024;8,133;;
18.04.2024;9,403;;
18.04.2024;12,524;;
18.04.2024;12,883;;
18.04.2024;10,592;;
18.04.2024;8,989;;
18.04.2024;7,937;;
19.04.2024;7,721;;
19.04.2024;6,083;;
19.04.2024;5,053;;
19.04.2024;4,947;;
19.04.2024;4,797;;
19.04.2024;4,908;;
19.04.2024;6,012;;
19.04.2024;6,904;;
19.04.2024;7,6;;
19.04.2024;6,83;;
19.04.2024;6,02;;
19.04.2024;5,608;;
19.04.2024;5,091;;
19.04.2024;4,7;;
19.04.2024;4,494;;
19.04.2024;4,456;;
19.04.2024;5,091;;
19.04.2024;5,877;;
19.04.2024;6,349;;
19.04.2024;6,532;;
19.04.2024;6,628;;
19.04.2024;6,62;;
19.04.2024;6,527;;
19.04.2024;6,315;;
20.04.2024;6,024;;
20.04.2024;5,797;;
20.04.2024;5,733;;
20.04.2024;5,775;;
20.04.2024;6,104;;
20.04.2024;6,283;;
20.04.2024;6,392;;
20.04.2024;6,798;;
20.04.2024;6,504;;
20.04.2024;5,99;;
20.04.2024;5,005;;
20.04.2024;3,843;;
20.04.2024;2,897;;
20.04.2024;1,233;;
20.04.2024;1,055;;
20.04.2024;1,833;;
20.04.2024;3,741;;
20.04.2024;6,283;;
20.04.2024;7,89;;
20.04.2024;8,961;;
20.04.2024;9,704;;
20.04.2024;9,031;;
20.04.2024;8,607;;
20.04.2024;8,29;;
21.04.2024;8,185;;
21.04.2024;7,059;;
21.04.2024;6,953;;
21.04.2024;6,44;;
21.04.2024;6,388;;
21.04.2024;6,362;;
21.04.2024;6,443;;
21.04.2024;6,053;;
21.04.2024;6,088;;
21.04.2024;5,538;;
21.04.2024;3,299;;
21.04.2024;3,696;;
21.04.2024;0,606;;
21.04.2024;0,028;;
21.04.2024;-0,09;;
21.04.2024;0,075;;
21.04.2024;0,601;;
21.04.2024;5,822;;
21.04.2024;7,46;;
21.04.2024;8,936;;
21.04.2024;9,526;;
21.04.2024;9,107;;
21.04.2024;8,941;;
21.04.2024;8,846;;
22.04.2024;7,897;;
22.04.2024;7,805;;
22.04.2024;7,844;;
22.04.2024;7,992;;
22.04.2024;7,979;;
22.04.2024;8,75;;
22.04.2024;10,59;;
22.04.2024;13,079;;
22.04.2024;11,746;;
22.04.2024;9,705;;
22.04.2024;8,186;;
22.04.2024;8,124;;
22.04.2024;7,705;;
22.04.2024;7,367;;
22.04.2024;7,417;;
22.04.2024;7,848;;
22.04.2024;8,157;;
22.04.2024;9,679;;
22.04.2024;11,82;;
22.04.2024;16,405;;
22.04.2024;17,096;;
22.04.2024;13,005;;
22.04.2024;10,577;;
22.04.2024;9,699;;
23.04.2024;8,832;;
23.04.2024;8,669;;
23.04.2024;8,595;;
23.04.2024;8,542;;
23.04.2024;8,635;;
23.04.2024;9,769;;
23.04.2024;12,14;;
23.04.2024;18,126;;
23.04.2024;13,628;;
23.04.2024;9,838;;
23.04.2024;8,287;;
23.04.2024;7,726;;
23.04.2024;7,746;;
23.04.2024;7,938;;
23.04.2024;7,862;;
23.04.2024;8,002;;
23.04.2024;8,302;;
23.04.2024;8,997;;
23.04.2024;10,24;;
23.04.2024;12,301;;
23.04.2024;12,507;;
23.04.2024;10,51;;
23.04.2024;9,273;;
23.04.2024;8,155;;
24.04.2024;8,18;;
24.04.2024;7,797;;
24.04.2024;7,716;;
24.04.2024;7,486;;
24.04.2024;7,737;;
24.04.2024;8,183;;
24.04.2024;10,166;;
24.04.2024;12,817;;
24.04.2024;10,707;;
24.04.2024;9,181;;
24.04.2024;9,074;;
24.04.2024;8,835;;
24.04.2024;8,26;;
24.04.2024;8,009;;
24.04.2024;7,653;;
24.04.2024;8,071;;
24.04.2024;8,112;;
24.04.2024;8,66;;
24.04.2024;10,154;;
24.04.2024;13,52;;
24.04.2024;14,344;;
24.04.2024;12,116;;
24.04.2024;10,531;;
24.04.2024;9,021;;
25.04.2024;8,35;;
25.04.2024;8;;
25.04.2024;7,737;;
25.04.2024;7,605;;
25.04.2024;7,524;;
25.04.2024;8,402;;
25.04.2024;10,244;;
25.04.2024;12,905;;
25.04.2024;11,271;;
25.04.2024;9,21;;
25.04.2024;8,001;;
25.04.2024;7,82;;
25.04.2024;7,392;;
25.04.2024;6,867;;
25.04.2024;6,641;;
25.04.2024;6,932;;
25.04.2024;7,281;;
25.04.2024;7,988;;
25.04.2024;9,517;;
25.04.2024;14,109;;
25.04.2024;15,229;;
25.04.2024;11,371;;
25.04.2024;9,135;;
25.04.2024;7,974;;
26.04.2024;7,987;;
26.04.2024;7,4;;
26.04.2024;7,47;;
26.04.2024;7,407;;
26.04.2024;7,71;;
26.04.2024;8,369;;
26.04.2024;9,35;;
26.04.2024;10,406;;
26.04.2024;9,606;;
26.04.2024;8,108;;
26.04.2024;7,781;;
26.04.2024;7,295;;
26.04.2024;7,035;;
26.04.2024;6,874;;
26.04.2024;6,537;;
26.04.2024;6,992;;
26.04.2024;7,17;;
26.04.2024;8,046;;
26.04.2024;9,478;;
26.04.2024;13,19;;
26.04.2024;14,158;;
26.04.2024;11;;
26.04.2024;9,271;;
26.04.2024;8,826;;
27.04.2024;9,029;;
27.04.2024;8,89;;
27.04.2024;8,659;;
27.04.2024;8,903;;
27.04.2024;8,769;;
27.04.2024;8,568;;
27.04.2024;8,608;;
27.04.2024;7,904;;
27.04.2024;6,865;;
27.04.2024;5,907;;
27.04.2024;3,602;;
27.04.2024;0,843;;
27.04.2024;0,003;;
27.04.2024;-0,006;;
27.04.2024;0;;
27.04.2024;0;;
27.04.2024;1,995;;
27.04.2024;6,218;;
27.04.2024;8,618;;
27.04.2024;11,99;;
27.04.2024;11,227;;
27.04.2024;8,5;;
27.04.2024;7,59;;
27.04.2024;6,523;;
28.04.2024;5,639;;
28.04.2024;4,614;;
28.04.2024;3,96;;
28.04.2024;3,155;;
28.04.2024;2,76;;
28.04.2024;2,605;;
28.04.2024;0,992;;
28.04.2024;0,01;;
28.04.2024;-0,007;;
28.04.2024;-0,102;;
28.04.2024;-1,663;;
28.04.2024;-3,672;;
28.04.2024;-6,005;;
28.04.2024;-6,009;;
28.04.2024;-6,506;;
28.04.2024;-5,243;;
28.04.2024;-2,345;;
28.04.2024;-0,002;;
28.04.2024;2,538;;
28.04.2024;6,936;;
28.04.2024;7,745;;
28.04.2024;7,856;;
28.04.2024;7,221;;
28.04.2024;6,694;;
29.04.2024;6,315;;
29.04.2024;6,005;;
29.04.2024;5,893;;
29.04.2024;6,246;;
29.04.2024;7,682;;
29.04.2024;8,518;;
29.04.2024;10,238;;
29.04.2024;11,795;;
29.04.2024;10,069;;
29.04.2024;7,517;;
29.04.2024;5,921;;
29.04.2024;3,646;;
29.04.2024;3,618;;
29.04.2024;3,559;;
29.04.2024;3,363;;
29.04.2024;3,557;;
29.04.2024;4,768;;
29.04.2024;8,575;;
29.04.2024;10,473;;
29.04.2024;18,004;;
29.04.2024;20,457;;
29.04.2024;10,855;;
29.04.2024;8,729;;
29.04.2024;8,115;;
30.04.2024;7,376;;
30.04.2024;6,677;;
30.04.2024;7,041;;
30.04.2024;7;;
30.04.2024;7;;
30.04.2024;7,877;;
30.04.2024;9,495;;
30.04.2024;10,195;;
30.04.2024;8,846;;
30.04.2024;7,7;;
30.04.2024;6,206;;
30.04.2024;4,71;;
30.04.2024;2,805;;
30.04.2024;1,13;;
30.04.2024;1;;
30.04.2024;1,914;;
30.04.2024;4,584;;
30.04.2024;6,695;;
30.04.2024;8,62;;
30.04.2024;12,201;;
30.04.2024;13,241;;
30.04.2024;8,837;;
30.04.2024;7,797;;
30.04.2024;7,569;;
01.05.2024;6,681;;
01.05.2024;5,509;;
01.05.2024;5,031;;
01.05.2024;4,399;;
01.05.2024;4,781;;
01.05.2024;4,469;;
01.05.2024;4,248;;
01.05.2024;2,808;;
01.05.2024;0,845;;
01.05.2024;0,001;;
01.05.2024;-0,097;;
01.05.2024;-4,005;;
01.05.2024;-9,19;;
01.05.2024;-12;;
01.05.2024;-12,007;;
01.05.2024;-7,998;;
01.05.2024;-3,001;;
01.05.2024;-0,114;;
01.05.2024;1,532;;
01.05.2024;5,04;;
01.05.2024;5;;
01.05.2024;3,401;;
01.05.2024;2,992;;
01.05.2024;2,2;;
02.05.2024;1,456;;
02.05.2024;1,094;;
02.05.2024;1;;
02.05.2024;0,78;;
02.05.2024;1,063;;
02.05.2024;3,206;;
02.05.2024;7,272;;
02.05.2024;7,828;;
02.05.2024;6,29;;
02.05.2024;3,145;;
02.05.2024;0,51;;
02.05.2024;-0,008;;
02.05.2024;-0,173;;
02.05.2024;-0,419;;
02.05.2024;-0,005;;
02.05.2024;-0,139;;
02.05.2024;0,404;;
02.05.2024;5,516;;
02.05.2024;8,122;;
02.05.2024;8,796;;
02.05.2024;8,514;;
02.05.2024;8,231;;
02.05.2024;7,821;;
02.05.2024;7,102;;
03.05.2024;6,19;;
03.05.2024;5,914;;
03.05.2024;5,795;;
03.05.2024;5,85;;
03.05.2024;5,914;;
03.05.2024;6,917;;
03.05.2024;8,376;;
03.05.2024;8,547;;
03.05.2024;9,231;;
03.05.2024;8,825;;
03.05.2024;7,795;;
03.05.2024;7,258;;
03.05.2024;6,411;;
03.05.2024;5,933;;
03.05.2024;6,005;;
03.05.2024;6,469;;
03.05.2024;7,229;;
03.05.2024;7,955;;
03.05.2024;8,889;;
03.05.2024;10,549;;
03.05.2024;11,994;;
03.05.2024;10,795;;
03.05.2024;9,346;;
03.05.2024;8,556;;
04.05.2024;9,08;;
04.05.2024;8,779;;
04.05.2024;8,626;;
04.05.2024;8,772;;
04.05.2024;9,064;;
04.05.2024;9,834;;
04.05.2024;9,419;;
04.05.2024;9,002;;
04.05.2024;7,848;;
04.05.2024;6,238;;
04.05.2024;4,117;;
04.05.2024;3,118;;
04.05.2024;2,493;;
04.05.2024;1,453;;
04.05.2024;1,334;;
04.05.2024;2,603;;
04.05.2024;6,362;;
04.05.2024;7,936;;
04.05.2024;9,801;;
04.05.2024;12,192;;
04.05.2024;13,54;;
04.05.2024;11,356;;
04.05.2024;9,026;;
04.05.2024;8,36;;
05.05.2024;9,058;;
05.05.2024;8,482;;
05.05.2024;8,352;;
05.05.2024;8,049;;
05.05.2024;7,474;;
05.05.2024;7,113;;
05.05.2024;6,216;;
05.05.2024;5,508;;
05.05.2024;4,133;;
05.05.2024;2,612;;
05.05.2024;0,885;;
05.05.2024;0,044;;
05.05.2024;0;;
05.05.2024;-0,004;;
05.05.2024;-0,097;;
05.05.2024;-0,01;;
05.05.2024;0;;
05.05.2024;3,2;;
05.05.2024;8,65;;
05.05.2024;9,624;;
05.05.2024;11,192;;
05.05.2024;10,753;;
05.05.2024;9,874;;
05.05.2024;8,867;;
06.05.2024;8,286;;
06.05.2024;7,959;;
06.05.2024;8,041;;
06.05.2024;7,995;;
06.05.2024;8,169;;
06.05.2024;8,878;;
06.05.2024;10,709;;
06.05.2024;13,026;;
06.05.2024;10,135;;
06.05.2024;8,9;;
06.05.2024;8,111;;
06.05.2024;7,623;;
06.05.2024;7,626;;
06.05.2024;7,471;;
06.05.2024;7,489;;
06.05.2024;8,111;;
06.05.2024;8,162;;
06.05.2024;9,336;;
06.05.2024;10,837;;
06.05.2024;13,665;;
06.05.2024;14,399;;
06.05.2024;10,798;;
06.05.2024;9,458;;
06.05.2024;8,442;;
07.05.2024;8,173;;
07.05.2024;7,917;;
07.05.2024;7,723;;
07.05.2024;7,999;;
07.05.2024;8,008;;
07.05.2024;8,206;;
07.05.2024;9,884;;
07.05.2024;12,17;;
07.05.2024;11,266;;
07.05.2024;9,175;;
07.05.2024;8,521;;
07.05.2024;8,108;;
07.05.2024;7,473;;
07.05.2024;7,043;;
07.05.2024;6,553;;
07.05.2024;7,405;;
07.05.2024;8,312;;
07.05.2024;9,082;;
07.05.2024;10,586;;
07.05.2024;13,385;;
07.05.2024;15,105;;
07.05.2024;12,204;;
07.05.2024;10,17;;
07.05.2024;8,822;;
08.05.2024;8,397;;
08.05.2024;8,084;;
08.05.2024;8,088;;
08.05.2024;8,247;;
08.05.2024;8,248;;
08.05.2024;8,959;;
08.05.2024;10,748;;
08.05.2024;11,896;;
08.05.2024;11,012;;
08.05.2024;9,241;;
08.05.2024;8,54;;
08.05.2024;7,948;;
08.05.2024;7,293;;
08.05.2024;6,879;;
08.05.2024;6,658;;
08.05.2024;6,695;;
08.05.2024;7,572;;
08.05.2024;9,11;;
08.05.2024;10,65;;
08.05.2024;12,754;;
08.05.2024;13,442;;
08.05.2024;11,465;;
08.05.2024;9,654;;
08.05.2024;8,796;;
09.05.2024;8,76;;
09.05.2024;8,806;;
09.05.2024;8,297;;
09.05.2024;8,295;;
09.05.2024;8,883;;
09.05.2024;9,039;;
09.05.2024;8,813;;
09.05.2024;8,065;;
09.05.2024;6,553;;
09.05.2024;2,334;;
09.05.2024;0,507;;
09.05.2024;-0,052;;
09.05.2024;-0,088;;
09.05.2024;-0,135;;
09.05.2024;-0,203;;
09.05.2024;-0,093;;
09.05.2024;0,068;;
09.05.2024;6,448;;
09.05.2024;8,972;;
09.05.2024;10,785;;
09.05.2024;13,279;;
09.05.2024;12,367;;
09.05.2024;9,994;;
09.05.2024;8,775;;
10.05.2024;9,213;;
10.05.2024;8,493;;
10.05.2024;7,707;;
10.05.2024;7,448;;
10.05.2024;7,478;;
10.05.2024;9,045;;
10.05.2024;11,52;;
10.05.2024;10,947;;
10.05.2024;9,56;;
10.05.2024;6,739;;
10.05.2024;2,084;;
10.05.2024;0,287;;
10.05.2024;0,052;;
10.05.2024;0,002;;
10.05.2024;0,002;;
10.05.2024;2,042;;
10.05.2024;6,546;;
10.05.2024;8,588;;
10.05.2024;10,591;;
10.05.2024;13,626;;
10.05.2024;17,072;;
10.05.2024;13,631;;
10.05.2024;10,487;;
10.05.2024;9,216;;
11.05.2024;9,676;;
11.05.2024;9,418;;
11.05.2024;9,003;;
11.05.2024;8,909;;
11.05.2024;8,991;;
11.05.2024;9,07;;
11.05.2024;8,672;;
11.05.2024;7,984;;
11.05.2024;5,647;;
11.05.2024;0,68;;
11.05.2024;0;;
11.05.2024;-1,047;;
11.05.2024;-2,121;;
11.05.2024;-2,199;;
11.05.2024;-2,423;;
11.05.2024;-1,146;;
11.05.2024;-0,041;;
11.05.2024;3,277;;
11.05.2024;8,183;;
11.05.2024;10,168;;
11.05.2024;12,25;;
11.05.2024;10,348;;
11.05.2024;8,626;;
11.05.2024;6,837;;
12.05.2024;6,549;;
12.05.2024;5,45;;
12.05.2024;4,452;;
12.05.2024;4,122;;
12.05.2024;4,633;;
12.05.2024;4,35;;
12.05.2024;1,761;;
12.05.2024;0,479;;
12.05.2024;0,235;;
12.05.2024;-0,28;;
12.05.2024;-2,5;;
12.05.2024;-6,964;;
12.05.2024;-10,006;;
12.05.2024;-13,545;;
12.05.2024;-13,285;;
12.05.2024;-8,508;;
12.05.2024;-3;;
12.05.2024;-0,133;;
12.05.2024;2,25;;
12.05.2024;6,794;;
12.05.2024;7,574;;
12.05.2024;5,826;;
12.05.2024;4,46;;
12.05.2024;3,561;;
13.05.2024;2,684;;
13.05.2024;2,588;;
13.05.2024;2,571;;
13.05.2024;2,47;;
13.05.2024;2,7;;
13.05.2024;3,968;;
13.05.2024;7,997;;
13.05.2024;10,66;;
13.05.2024;7,847;;
13.05.2024;4,351;;
13.05.2024;1,038;;
13.05.2024;-0,097;;
13.05.2024;-0,269;;
13.05.2024;-0,227;;
13.05.2024;-0,246;;
13.05.2024;-0,073;;
13.05.2024;0,007;;
13.05.2024;5,501;;
13.05.2024;8,312;;
13.05.2024;14,618;;
13.05.2024;13,9;;
13.05.2024;8,87;;
13.05.2024;6,955;;
13.05.2024;5,27;;
14.05.2024;4,858;;
14.05.2024;4,343;;
14.05.2024;3,535;;
14.05.2024;3,408;;
14.05.2024;2,889;;
14.05.2024;5,235;;
14.05.2024;7,188;;
14.05.2024;7,733;;
14.05.2024;5,15;;
14.05.2024;0,564;;
14.05.2024;-0,233;;
14.05.2024;-1,112;;
14.05.2024;-3,633;;
14.05.2024;-4,295;;
14.05.2024;-3,966;;
14.05.2024;-1,986;;
14.05.2024;-0,293;;
14.05.2024;-0,004;;
14.05.2024;4,374;;
14.05.2024;8,39;;
14.05.2024;9,347;;
14.05.2024;7,641;;
14.05.2024;4,535;;
14.05.2024;2,771;;
15.05.2024;3,056;;
15.05.2024;3,234;;
15.05.2024;3,938;;
15.05.2024;4,18;;
15.05.2024;3,796;;
15.05.2024;5,287;;
15.05.2024;8,501;;
15.05.2024;8,816;;
15.05.2024;8,445;;
15.05.2024;4,842;;
15.05.2024;0,736;;
15.05.2024;-0,008;;
15.05.2024;-0,995;;
15.05.2024;-1,118;;
15.05.2024;-0,991;;
15.05.2024;-0,009;;
15.05.2024;0,173;;
15.05.2024;3,033;;
15.05.2024;7,366;;
15.05.2024;10,124;;
15.05.2024;11,02;;
15.05.2024;8,38;;
15.05.2024;6,364;;
15.05.2024;4,867;;
16.05.2024;5,114;;
16.05.2024;4,776;;
16.05.2024;3,962;;
16.05.2024;4,949;;
16.05.2024;4,444;;
16.05.2024;5,75;;
16.05.2024;8,135;;
16.05.2024;9,581;;
16.05.2024;8,298;;
16.05.2024;5,31;;
16.05.2024;1,15;;
16.05.2024;0,008;;
16.05.2024;-0,002;;
16.05.2024;-0,071;;
16.05.2024;-0,016;;
16.05.2024;0,001;;
16.05.2024;1;;
16.05.2024;4,495;;
16.05.2024;7,496;;
16.05.2024;9,606;;
16.05.2024;10,991;;
16.05.2024;8,789;;
16.05.2024;8,257;;
16.05.2024;6,918;;
17.05.2024;6,952;;
17.05.2024;6,32;;
17.05.2024;6,322;;
17.05.2024;6,248;;
17.05.2024;6,439;;
17.05.2024;6,324;;
17.05.2024;8,373;;
17.05.2024;9,994;;
17.05.2024;9,471;;
17.05.2024;7,39;;
17.05.2024;6,446;;
17.05.2024;5,741;;
17.05.2024;3,811;;
17.05.2024;2,824;;
17.05.2024;3,16;;
17.05.2024;3,75;;
17.05.2024;5,209;;
17.05.2024;7,054;;
17.05.2024;6,988;;
17.05.2024;9,495;;
17.05.2024;10,794;;
17.05.2024;9,522;;
17.05.2024;8,939;;
17.05.2024;8,065;;
18.05.2024;6,755;;
18.05.2024;6,361;;
18.05.2024;6,382;;
18.05.2024;6,518;;
18.05.2024;6,901;;
18.05.2024;7,251;;
18.05.2024;7,186;;
18.05.2024;7,039;;
18.05.2024;6,386;;
18.05.2024;4,736;;
18.05.2024;0,943;;
18.05.2024;0,071;;
18.05.2024;-0,002;;
18.05.2024;-0,13;;
18.05.2024;-0,279;;
18.05.2024;-0,192;;
18.05.2024;-0,004;;
18.05.2024;5,066;;
18.05.2024;8,191;;
18.05.2024;10,994;;
18.05.2024;13,166;;
18.05.2024;12,278;;
18.05.2024;9,652;;
18.05.2024;8,66;;
19.05.2024;9,069;;
19.05.2024;8,906;;
19.05.2024;8,866;;
19.05.2024;8,691;;
19.05.2024;8,613;;
19.05.2024;8,056;;
19.05.2024;7,557;;
19.05.2024;7,024;;
19.05.2024;4,696;;
19.05.2024;0,56;;
19.05.2024;-0,003;;
19.05.2024;-0,018;;
19.05.2024;-0,206;;
19.05.2024;-0,741;;
19.05.2024;-1,513;;
19.05.2024;-1;;
19.05.2024;-0,379;;
19.05.2024;-0,006;;
19.05.2024;6,417;;
19.05.2024;8,959;;
19.05.2024;11,366;;
19.05.2024;12,286;;
19.05.2024;10,193;;
19.05.2024;8,614;;
20.05.2024;9,109;;
20.05.2024;8,264;;
20.05.2024;8,673;;
20.05.2024;8,609;;
20.05.2024;8,821;;
20.05.2024;9,146;;
20.05.2024;10,472;;
20.05.2024;10,569;;
20.05.2024;7,224;;
20.05.2024;3,28;;
20.05.2024;1,241;;
20.05.2024;0,606;;
20.05.2024;0,241;;
20.05.2024;0;;
20.05.2024;-0,033;;
20.05.2024;-0,007;;
20.05.2024;0,089;;
20.05.2024;6,417;;
20.05.2024;8,594;;
20.05.2024;11,363;;
20.05.2024;13,59;;
20.05.2024;12,033;;
20.05.2024;9,663;;
20.05.2024;7,986;;
21.05.2024;8,146;;
21.05.2024;7,64;;
21.05.2024;7,621;;
21.05.2024;7,792;;
21.05.2024;7,493;;
21.05.2024;7,958;;
21.05.2024;11,226;;
21.05.2024;12,298;;
21.05.2024;9,735;;
21.05.2024;8,186;;
21.05.2024;6,698;;
21.05.2024;5,442;;
21.05.2024;2,847;;
21.05.2024;3,134;;
21.05.2024;5,409;;
21.05.2024;6,965;;
21.05.2024;7,961;;
21.05.2024;8,798;;
21.05.2024;10,344;;
21.05.2024;12,698;;
21.05.2024;9,907;;
21.05.2024;8,358;;
21.05.2024;8,305;;
21.05.2024;6,591;;
22.05.2024;7,003;;
22.05.2024;6,64;;
22.05.2024;6,49;;
22.05.2024;5,412;;
22.05.2024;6,266;;
22.05.2024;7,02;;
22.05.2024;9,814;;
22.05.2024;10,312;;
22.05.2024;9,498;;
22.05.2024;8,121;;
22.05.2024;7;;
22.05.2024;6,978;;
22.05.2024;6,565;;
22.05.2024;5,691;;
22.05.2024;5,614;;
22.05.2024;6,717;;
22.05.2024;7,761;;
22.05.2024;9,245;;
22.05.2024;9,998;;
22.05.2024;14,702;;
22.05.2024;15,488;;
22.05.2024;13,599;;
22.05.2024;10,771;;
22.05.2024;9,322;;
23.05.2024;7,927;;
23.05.2024;7,845;;
23.05.2024;7,493;;
23.05.2024;7,668;;
23.05.2024;7,865;;
23.05.2024;8,48;;
23.05.2024;10,798;;
23.05.2024;11,8;;
23.05.2024;9,784;;
23.05.2024;7,565;;
23.05.2024;7,489;;
23.05.2024;6,41;;
23.05.2024;5,25;;
23.05.2024;4,531;;
23.05.2024;5,698;;
23.05.2024;7,14;;
23.05.2024;8,377;;
23.05.2024;9,664;;
23.05.2024;11,149;;
23.05.2024;15,628;;
23.05.2024;18,006;;
23.05.2024;15,598;;
23.05.2024;12,615;;
23.05.2024;10,503;;
24.05.2024;10,317;;
24.05.2024;9,412;;
24.05.2024;8,979;;
24.05.2024;8,822;;
24.05.2024;9,18;;
24.05.2024;10,323;;
24.05.2024;12,384;;
24.05.2024;12,207;;
24.05.2024;11,59;;
24.05.2024;10,61;;
24.05.2024;9,616;;
24.05.2024;9,007;;
24.05.2024;8,898;;
24.05.2024;8,774;;
24.05.2024;8,812;;
24.05.2024;8,818;;
24.05.2024;8,427;;
24.05.2024;9,879;;
24.05.2024;11,177;;
24.05.2024;12,999;;
24.05.2024;12,5;;
24.05.2024;11,584;;
24.05.2024;10,967;;
24.05.2024;9,984;;
25.05.2024;9,488;;
25.05.2024;9,183;;
25.05.2024;9,043;;
25.05.2024;8,916;;
25.05.2024;8,903;;
25.05.2024;9,026;;
25.05.2024;9,068;;
25.05.2024;8,623;;
25.05.2024;7,858;;
25.05.2024;7,475;;
25.05.2024;5,423;;
25.05.2024;0,934;;
25.05.2024;0,324;;
25.05.2024;0,004;;
25.05.2024;0;;
25.05.2024;0,002;;
25.05.2024;1,423;;
25.05.2024;7,604;;
25.05.2024;9,623;;
25.05.2024;11,577;;
25.05.2024;13,192;;
25.05.2024;13,695;;
25.05.2024;11,577;;
25.05.2024;10,454;;
26.05.2024;10,736;;
26.05.2024;9,83;;
26.05.2024;9,077;;
26.05.2024;9,01;;
26.05.2024;9,116;;
26.05.2024;8,861;;
26.05.2024;8,349;;
26.05.2024;7,19;;
26.05.2024;1,325;;
26.05.2024;0,002;;
26.05.2024;0;;
26.05.2024;-0,009;;
26.05.2024;-0,212;;
26.05.2024;-1,066;;
26.05.2024;-2,388;;
26.05.2024;-0,991;;
26.05.2024;-0,06;;
26.05.2024;5,7;;
26.05.2024;9,326;;
26.05.2024;11,808;;
26.05.2024;11,874;;
26.05.2024;12,11;;
26.05.2024;10,694;;
26.05.2024;8,75;;
27.05.2024;7,834;;
27.05.2024;7,507;;
27.05.2024;7,444;;
27.05.2024;7,443;;
27.05.2024;7,787;;
27.05.2024;8,404;;
27.05.2024;11,294;;
27.05.2024;12,874;;
27.05.2024;12,455;;
27.05.2024;10,722;;
27.05.2024;8,844;;
27.05.2024;8,626;;
27.05.2024;7,734;;
27.05.2024;7,446;;
27.05.2024;7,296;;
27.05.2024;7,778;;
27.05.2024;8,466;;
27.05.2024;11,104;;
27.05.2024;13,14;;
27.05.2024;18,668;;
27.05.2024;22,146;;
27.05.2024;16,986;;
27.05.2024;13,14;;
27.05.2024;11,378;;
28.05.2024;9,778;;
28.05.2024;9,05;;
28.05.2024;8,764;;
28.05.2024;8,522;;
28.05.2024;8,396;;
28.05.2024;8,804;;
28.05.2024;11,034;;
28.05.2024;12,01;;
28.05.2024;10,223;;
28.05.2024;8,543;;
28.05.2024;7,252;;
28.05.2024;6,917;;
28.05.2024;6,11;;
28.05.2024;5,525;;
28.05.2024;5,527;;
28.05.2024;6,566;;
28.05.2024;7,252;;
28.05.2024;8,58;;
28.05.2024;10,228;;
28.05.2024;13,005;;
28.05.2024;14,431;;
28.05.2024;12,4;;
28.05.2024;10,009;;
28.05.2024;8,878;;
29.05.2024;7,222;;
29.05.2024;5,754;;
29.05.2024;5,428;;
29.05.2024;5,059;;
29.05.2024;4,983;;
29.05.2024;4,591;;
29.05.2024;7,215;;
29.05.2024;8,645;;
29.05.2024;9,152;;
29.05.2024;6,911;;
29.05.2024;6,785;;
29.05.2024;6,212;;
29.05.2024;5,907;;
29.05.2024;6,225;;
29.05.2024;6,218;;
29.05.2024;6,949;;
29.05.2024;7,267;;
29.05.2024;8,923;;
29.05.2024;9,466;;
29.05.2024;11,144;;
29.05.2024;14,05;;
29.05.2024;14,326;;
29.05.2024;12,039;;
29.05.2024;9,553;;
30.05.2024;10,043;;
30.05.2024;9,62;;
30.05.2024;9,121;;
30.05.2024;9,363;;
30.05.2024;9,456;;
30.05.2024;10,079;;
30.05.2024;10,337;;
30.05.2024;10,667;;
30.05.2024;9,771;;
30.05.2024;9,39;;
30.05.2024;8,5;;
30.05.2024;8;;
30.05.2024;7,092;;
30.05.2024;6,297;;
30.05.2024;6,297;;
30.05.2024;6,769;;
30.05.2024;8,375;;
30.05.2024;9,013;;
30.05.2024;11,067;;
30.05.2024;13,523;;
30.05.2024;15,473;;
30.05.2024;14,345;;
30.05.2024;11,211;;
30.05.2024;10,071;;
31.05.2024;9,621;;
31.05.2024;8,071;;
31.05.2024;7,949;;
31.05.2024;7,371;;
31.05.2024;7,453;;
31.05.2024;9,006;;
31.05.2024;10,627;;
31.05.2024;10,911;;
31.05.2024;10,872;;
31.05.2024;10,236;;
31.05.2024;9,197;;
31.05.2024;8,202;;
31.05.2024;7,491;;
31.05.2024;6,85;;
31.05.2024;6,53;;
31.05.2024;6,694;;
31.05.2024;7,507;;
31.05.2024;8,41;;
31.05.2024;9,446;;
31.05.2024;10,794;;
31.05.2024;11,5;;
31.05.2024;10,791;;
31.05.2024;10,174;;
31.05.2024;8,418;;
01.06.2024;8,858;;
01.06.2024;8,882;;
01.06.2024;7,966;;
01.06.2024;7,214;;
01.06.2024;7,187;;
01.06.2024;7,183;;
01.06.2024;7,52;;
01.06.2024;7,44;;
01.06.2024;7,249;;
01.06.2024;6,135;;
01.06.2024;4,716;;
01.06.2024;4,186;;
01.06.2024;2,121;;
01.06.2024;0,744;;
01.06.2024;0,292;;
01.06.2024;0,58;;
01.06.2024;1,3;;
01.06.2024;5,208;;
01.06.2024;6,75;;
01.06.2024;8,19;;
01.06.2024;8,586;;
01.06.2024;8,176;;
01.06.2024;8,448;;
01.06.2024;6,539;;
02.06.2024;3,571;;
02.06.2024;3,112;;
02.06.2024;1,585;;
02.06.2024;0,722;;
02.06.2024;0,896;;
02.06.2024;0,513;;
02.06.2024;0,491;;
02.06.2024;0,411;;
02.06.2024;0,097;;
02.06.2024;0;;
02.06.2024;0,156;;
02.06.2024;0,077;;
02.06.2024;-0,01;;
02.06.2024;-0,401;;
02.06.2024;-1,593;;
02.06.2024;-1,958;;
02.06.2024;-0,898;;
02.06.2024;-0,127;;
02.06.2024;1,395;;
02.06.2024;6,723;;
02.06.2024;9,499;;
02.06.2024;10,693;;
02.06.2024;10,901;;
02.06.2024;9,916;;
03.06.2024;9,826;;
03.06.2024;8,458;;
03.06.2024;8,367;;
03.06.2024;8,381;;
03.06.2024;8,217;;
03.06.2024;9,617;;
03.06.2024;13,328;;
03.06.2024;19,306;;
03.06.2024;16,448;;
03.06.2024;12,808;;
03.06.2024;9,905;;
03.06.2024;9,59;;
03.06.2024;8,109;;
03.06.2024;7,49;;
03.06.2024;6,73;;
03.06.2024;7,202;;
03.06.2024;7,8;;
03.06.2024;10,595;;
03.06.2024;12,732;;
03.06.2024;18,291;;
03.06.2024;21,528;;
03.06.2024;19,879;;
03.06.2024;14,929;;
03.06.2024;11,604;;
04.06.2024;10,687;;
04.06.2024;9,998;;
04.06.2024;9,542;;
04.06.2024;9,294;;
04.06.2024;9,225;;
04.06.2024;10,469;;
04.06.2024;16,2;;
04.06.2024;17,766;;
04.06.2024;14,168;;
04.06.2024;11,237;;
04.06.2024;9,16;;
04.06.2024;8,131;;
04.06.2024;6,734;;
04.06.2024;5,527;;
04.06.2024;4,386;;
04.06.2024;4,706;;
04.06.2024;6,403;;
04.06.2024;8,488;;
04.06.2024;11,622;;
04.06.2024;17,678;;
04.06.2024;23,552;;
04.06.2024;14,068;;
04.06.2024;10,734;;
04.06.2024;7,581;;
05.06.2024;5,685;;
05.06.2024;4,393;;
05.06.2024;4,455;;
05.06.2024;5,005;;
05.06.2024;4,809;;
05.06.2024;7,119;;
05.06.2024;10,355;;
05.06.2024;14,276;;
05.06.2024;11,292;;
05.06.2024;8,416;;
05.06.2024;6,993;;
05.06.2024;6,203;;
05.06.2024;4,84;;
05.06.2024;3,017;;
05.06.2024;2,63;;
05.06.2024;3,006;;
05.06.2024;6,257;;
05.06.2024;8,043;;
05.06.2024;10,509;;
05.06.2024;12,697;;
05.06.2024;15,59;;
05.06.2024;15,802;;
05.06.2024;14,147;;
05.06.2024;10,599;;
06.06.2024;9,324;;
06.06.2024;8,992;;
06.06.2024;8,586;;
06.06.2024;8,535;;
06.06.2024;8,825;;
06.06.2024;9,897;;
06.06.2024;12,39;;
06.06.2024;12,792;;
06.06.2024;9,683;;
06.06.2024;7,189;;
06.06.2024;5,78;;
06.06.2024;3,025;;
06.06.2024;2,433;;
06.06.2024;1,95;;
06.06.2024;2,423;;
06.06.2024;3,765;;
06.06.2024;6,211;;
06.06.2024;8,067;;
06.06.2024;8,992;;
06.06.2024;11,569;;
06.06.2024;16,398;;
06.06.2024;16,772;;
06.06.2024;13,245;;
06.06.2024;10,439;;
07.06.2024;10,1;;
07.06.2024;9,613;;
07.06.2024;9,17;;
07.06.2024;8,753;;
07.06.2024;8,425;;
07.06.2024;9,19;;
07.06.2024;11,395;;
07.06.2024;11,905;;
07.06.2024;10,276;;
07.06.2024;7,856;;
07.06.2024;6,066;;
07.06.2024;4,139;;
07.06.2024;3,391;;
07.06.2024;2,536;;
07.06.2024;1,741;;
07.06.2024;1,308;;
07.06.2024;2,557;;
07.06.2024;6,456;;
07.06.2024;8,521;;
07.06.2024;12,858;;
07.06.2024;15,475;;
07.06.2024;15,385;;
07.06.2024;12,688;;
07.06.2024;9,745;;
08.06.2024;9,836;;
08.06.2024;9,004;;
08.06.2024;8,331;;
08.06.2024;8,353;;
08.06.2024;7,964;;
08.06.2024;8,211;;
08.06.2024;7,938;;
08.06.2024;6,282;;
08.06.2024;4,22;;
08.06.2024;1,224;;
08.06.2024;-0,013;;
08.06.2024;-0,227;;
08.06.2024;-1,026;;
08.06.2024;-2,37;;
08.06.2024;-3,003;;
08.06.2024;-2,062;;
08.06.2024;-0,825;;
08.06.2024;0,001;;
08.06.2024;4,491;;
08.06.2024;6,884;;
08.06.2024;9,932;;
08.06.2024;9,301;;
08.06.2024;10;;
08.06.2024;7,879;;
09.06.2024;7,428;;
09.06.2024;6,359;;
09.06.2024;4,252;;
09.06.2024;1,557;;
09.06.2024;1,819;;
09.06.2024;1,156;;
09.06.2024;0,84;;
09.06.2024;0,222;;
09.06.2024;-0,008;;
09.06.2024;-0,201;;
09.06.2024;-0,76;;
09.06.2024;-1,5;;
09.06.2024;-2,5;;
09.06.2024;-3,269;;
09.06.2024;-3,714;;
09.06.2024;-2,868;;
09.06.2024;-0,584;;
09.06.2024;-0,05;;
09.06.2024;4,276;;
09.06.2024;9,685;;
09.06.2024;11,586;;
09.06.2024;11,124;;
09.06.2024;10,842;;
09.06.2024;9,721;;
10.06.2024;7,396;;
10.06.2024;7,159;;
10.06.2024;6,873;;
10.06.2024;6,827;;
10.06.2024;6,9;;
10.06.2024;7,832;;
10.06.2024;11,74;;
10.06.2024;18,518;;
10.06.2024;14,621;;
10.06.2024;10,725;;
10.06.2024;8,946;;
10.06.2024;8,504;;
10.06.2024;7,43;;
10.06.2024;7,359;;
10.06.2024;6,707;;
10.06.2024;6,588;;
10.06.2024;7;;
10.06.2024;8,12;;
10.06.2024;9,853;;
10.06.2024;11,859;;
10.06.2024;12,445;;
10.06.2024;11,332;;
10.06.2024;9,841;;
10.06.2024;7,776;;
11.06.2024;6,007;;
11.06.2024;5,696;;
11.06.2024;6,295;;
11.06.2024;5,582;;
11.06.2024;6,006;;
11.06.2024;5,911;;
11.06.2024;8,183;;
11.06.2024;10,026;;
11.06.2024;9,15;;
11.06.2024;6,827;;
11.06.2024;4,992;;
11.06.2024;3,213;;
11.06.2024;1,112;;
11.06.2024;0,076;;
11.06.2024;0;;
11.06.2024;0,003;;
11.06.2024;1,389;;
11.06.2024;5,527;;
11.06.2024;7,165;;
11.06.2024;10;;
11.06.2024;12,764;;
11.06.2024;12,237;;
11.06.2024;10,674;;
11.06.2024;9,082;;
12.06.2024;8,885;;
12.06.2024;8,535;;
12.06.2024;8,029;;
12.06.2024;8,211;;
12.06.2024;8,611;;
12.06.2024;9,465;;
12.06.2024;12,474;;
12.06.2024;13,64;;
12.06.2024;11,462;;
12.06.2024;7,865;;
12.06.2024;6,419;;
12.06.2024;5,8;;
12.06.2024;4,209;;
12.06.2024;4,072;;
12.06.2024;3,968;;
12.06.2024;4,534;;
12.06.2024;6,3;;
12.06.2024;8,12;;
12.06.2024;9,995;;
12.06.2024;13,57;;
12.06.2024;15,434;;
12.06.2024;15,466;;
12.06.2024;13,088;;
12.06.2024;10,707;;
13.06.2024;9,9;;
13.06.2024;9,326;;
13.06.2024;8,419;;
13.06.2024;8,521;;
13.06.2024;8,383;;
13.06.2024;9,896;;
13.06.2024;12,241;;
13.06.2024;13,109;;
13.06.2024;11,502;;
13.06.2024;8,38;;
13.06.2024;6,901;;
13.06.2024;6,171;;
13.06.2024;5,336;;
13.06.2024;4,696;;
13.06.2024;4,335;;
13.06.2024;5,374;;
13.06.2024;7,742;;
13.06.2024;8,008;;
13.06.2024;10,691;;
13.06.2024;13,966;;
13.06.2024;18,835;;
13.06.2024;16,384;;
13.06.2024;10,837;;
13.06.2024;8,518;;
14.06.2024;8,313;;
14.06.2024;7,145;;
14.06.2024;6,393;;
14.06.2024;5,953;;
14.06.2024;5,582;;
14.06.2024;6,422;;
14.06.2024;8,501;;
14.06.2024;10,095;;
14.06.2024;10,499;;
14.06.2024;10,254;;
14.06.2024;8,218;;
14.06.2024;6,81;;
14.06.2024;6,088;;
14.06.2024;4,746;;
14.06.2024;4,074;;
14.06.2024;4,1;;
14.06.2024;6,031;;
14.06.2024;7,5;;
14.06.2024;9,098;;
14.06.2024;13,6;;
14.06.2024;12,731;;
14.06.2024;11,712;;
14.06.2024;8,341;;
14.06.2024;5,942;;
15.06.2024;6,068;;
15.06.2024;4,104;;
15.06.2024;2,997;;
15.06.2024;2,886;;
15.06.2024;2,251;;
15.06.2024;1,004;;
15.06.2024;0,154;;
15.06.2024;0,009;;
15.06.2024;0;;
15.06.2024;-0,006;;
15.06.2024;-1,008;;
15.06.2024;-2,904;;
15.06.2024;-4,492;;
15.06.2024;-6,546;;
15.06.2024;-8,001;;
15.06.2024;-5,623;;
15.06.2024;-2,953;;
15.06.2024;-0,484;;
15.06.2024;-0,001;;
15.06.2024;4;;
15.06.2024;8,428;;
15.06.2024;7,992;;
15.06.2024;6,43;;
15.06.2024;4,04;;
16.06.2024;2,491;;
16.06.2024;1,036;;
16.06.2024;0,492;;
16.06.2024;0,292;;
16.06.2024;0,219;;
16.06.2024;0,253;;
16.06.2024;0,295;;
16.06.2024;0,069;;
16.06.2024;-0,002;;
16.06.2024;-0,128;;
16.06.2024;-1;;
16.06.2024;-1,333;;
16.06.2024;-2,001;;
16.06.2024;-3,001;;
16.06.2024;-3,567;;
16.06.2024;-2,904;;
16.06.2024;-1,014;;
16.06.2024;-0,234;;
16.06.2024;5,622;;
16.06.2024;9,965;;
16.06.2024;11,915;;
16.06.2024;12,428;;
16.06.2024;12,034;;
16.06.2024;9,444;;
17.06.2024;7,662;;
17.06.2024;6,673;;
17.06.2024;6,881;;
17.06.2024;7,181;;
17.06.2024;7,356;;
17.06.2024;9,002;;
17.06.2024;11,913;;
17.06.2024;13,268;;
17.06.2024;11,623;;
17.06.2024;8,473;;
17.06.2024;6,211;;
17.06.2024;5,501;;
17.06.2024;4,186;;
17.06.2024;3,945;;
17.06.2024;4,662;;
17.06.2024;5,454;;
17.06.2024;6,421;;
17.06.2024;8,858;;
17.06.2024;11,416;;
17.06.2024;15,737;;
17.06.2024;21,016;;
17.06.2024;20,001;;
17.06.2024;12,815;;
17.06.2024;10,155;;
18.06.2024;9,692;;
18.06.2024;9,029;;
18.06.2024;8,753;;
18.06.2024;8,929;;
18.06.2024;9,029;;
18.06.2024;9,594;;
18.06.2024;13,449;;
18.06.2024;13,017;;
18.06.2024;9,596;;
18.06.2024;8,09;;
18.06.2024;6,991;;
18.06.2024;5,481;;
18.06.2024;5,116;;
18.06.2024;5,103;;
18.06.2024;5,704;;
18.06.2024;7,312;;
18.06.2024;7,624;;
18.06.2024;9,006;;
18.06.2024;13,325;;
18.06.2024;15,819;;
18.06.2024;17,187;;
18.06.2024;13,447;;
18.06.2024;10,42;;
18.06.2024;9,163;;
19.06.2024;9,995;;
19.06.2024;9,143;;
19.06.2024;8,685;;
19.06.2024;8,578;;
19.06.2024;8,347;;
19.06.2024;8,641;;
19.06.2024;11,255;;
19.06.2024;11,683;;
19.06.2024;10,733;;
19.06.2024;8,631;;
19.06.2024;7,51;;
19.06.2024;6,623;;
19.06.2024;5,803;;
19.06.2024;3,984;;
19.06.2024;2,241;;
19.06.2024;2,356;;
19.06.2024;5,99;;
19.06.2024;7;;
19.06.2024;8,844;;
19.06.2024;10,29;;
19.06.2024;14,366;;
19.06.2024;11,508;;
19.06.2024;10,826;;
19.06.2024;9,321;;
20.06.2024;8,589;;
20.06.2024;7,862;;
20.06.2024;7,888;;
20.06.2024;7,882;;
20.06.2024;7,862;;
20.06.2024;8,655;;
20.06.2024;11,411;;
20.06.2024;11,284;;
20.06.2024;10,299;;
20.06.2024;8,069;;
20.06.2024;6,913;;
20.06.2024;5,877;;
20.06.2024;5,546;;
20.06.2024;5,381;;
20.06.2024;5,718;;
20.06.2024;6,858;;
20.06.2024;8;;
20.06.2024;9,827;;
20.06.2024;11,931;;
20.06.2024;15,562;;
20.06.2024;20,009;;
20.06.2024;13,006;;
20.06.2024;11,183;;
20.06.2024;9,505;;
21.06.2024;10,081;;
21.06.2024;9,077;;
21.06.2024;8,995;;
21.06.2024;8,783;;
21.06.2024;8,631;;
21.06.2024;8,614;;
21.06.2024;9,692;;
21.06.2024;12,28;;
21.06.2024;12,184;;
21.06.2024;11,167;;
21.06.2024;10,065;;
21.06.2024;8,994;;
21.06.2024;8,854;;
21.06.2024;8,268;;
21.06.2024;7,822;;
21.06.2024;8,203;;
21.06.2024;8,885;;
21.06.2024;10,065;;
21.06.2024;11;;
21.06.2024;11,693;;
21.06.2024;11,44;;
21.06.2024;10,526;;
21.06.2024;9,599;;
21.06.2024;8,214;;
22.06.2024;8,007;;
22.06.2024;7,025;;
22.06.2024;6,243;;
22.06.2024;5,05;;
22.06.2024;4,962;;
22.06.2024;4,647;;
22.06.2024;6,056;;
22.06.2024;4,889;;
22.06.2024;4,492;;
22.06.2024;3,465;;
22.06.2024;1,254;;
22.06.2024;0,359;;
22.06.2024;0,262;;
22.06.2024;0,003;;
22.06.2024;-0,001;;
22.06.2024;-0,007;;
22.06.2024;0,423;;
22.06.2024;4,259;;
22.06.2024;8,049;;
22.06.2024;11,216;;
22.06.2024;12,281;;
22.06.2024;12,405;;
22.06.2024;11,017;;
22.06.2024;8,977;;
23.06.2024;9,049;;
23.06.2024;7,925;;
23.06.2024;7,124;;
23.06.2024;7,067;;
23.06.2024;6,694;;
23.06.2024;6,209;;
23.06.2024;5,79;;
23.06.2024;4,635;;
23.06.2024;1,977;;
23.06.2024;0,424;;
23.06.2024;0;;
23.06.2024;-0,005;;
23.06.2024;-0,01;;
23.06.2024;-0,105;;
23.06.2024;-0,221;;
23.06.2024;-0,205;;
23.06.2024;-0,027;;
23.06.2024;2,261;;
23.06.2024;7,112;;
23.06.2024;9,95;;
23.06.2024;11,514;;
23.06.2024;11,544;;
23.06.2024;11,433;;
23.06.2024;9,979;;
24.06.2024;10,618;;
24.06.2024;9,219;;
24.06.2024;8,493;;
24.06.2024;8,446;;
24.06.2024;8,496;;
24.06.2024;9,702;;
24.06.2024;13,606;;
24.06.2024;13,6;;
24.06.2024;10,299;;
24.06.2024;7,934;;
24.06.2024;5,388;;
24.06.2024;3,781;;
24.06.2024;3,119;;
24.06.2024;2,996;;
24.06.2024;3,093;;
24.06.2024;4,785;;
24.06.2024;6,632;;
24.06.2024;8,249;;
24.06.2024;9,839;;
24.06.2024;15,33;;
24.06.2024;20,932;;
24.06.2024;15,6;;
24.06.2024;11,659;;
24.06.2024;9,189;;
25.06.2024;8,88;;
25.06.2024;8,48;;
25.06.2024;8,478;;
25.06.2024;8,522;;
25.06.2024;8,55;;
25.06.2024;9,49;;
25.06.2024;11,48;;
25.06.2024;12,2;;
25.06.2024;10,38;;
25.06.2024;7,464;;
25.06.2024;4,832;;
25.06.2024;1,283;;
25.06.2024;0;;
25.06.2024;-0,005;;
25.06.2024;-0,004;;
25.06.2024;1,159;;
25.06.2024;4,837;;
25.06.2024;7,4;;
25.06.2024;9,59;;
25.06.2024;12,89;;
25.06.2024;13,669;;
25.06.2024;12,209;;
25.06.2024;10,657;;
25.06.2024;8,995;;
26.06.2024;27,4;;
26.06.2024;21,808;;
26.06.2024;25,657;;
26.06.2024;36,269;;
26.06.2024;36,275;;
26.06.2024;87,87;;
26.06.2024;209,681;;
26.06.2024;91,328;;
26.06.2024;37,054;;
26.06.2024;9,847;;
26.06.2024;6,415;;
26.06.2024;3,114;;
26.06.2024;0,782;;
26.06.2024;0,755;;
26.06.2024;1,332;;
26.06.2024;6,77;;
26.06.2024;7,827;;
26.06.2024;13,921;;
26.06.2024;37,328;;
26.06.2024;91,071;;
26.06.2024;162,242;;
26.06.2024;91,184;;
26.06.2024;37,452;;
26.06.2024;36,591;;
27.06.2024;9,6;;
27.06.2024;8,69;;
27.06.2024;8,04;;
27.06.2024;8,284;;
27.06.2024;7,879;;
27.06.2024;8,498;;
27.06.2024;11,751;;
27.06.2024;12,511;;
27.06.2024;11,5;;
27.06.2024;8,887;;
27.06.2024;6,674;;
27.06.2024;5,24;;
27.06.2024;4,882;;
27.06.2024;4,531;;
27.06.2024;4,456;;
27.06.2024;4,839;;
27.06.2024;6,192;;
27.06.2024;7,559;;
27.06.2024;7,953;;
27.06.2024;11,008;;
27.06.2024;20,004;;
27.06.2024;18,618;;
27.06.2024;12,521;;
27.06.2024;10,18;;
28.06.2024;9,685;;
28.06.2024;9,542;;
28.06.2024;8,608;;
28.06.2024;7,997;;
28.06.2024;8,361;;
28.06.2024;9,128;;
28.06.2024;12,029;;
28.06.2024;10,893;;
28.06.2024;8,489;;
28.06.2024;5,99;;
28.06.2024;2,445;;
28.06.2024;0,203;;
28.06.2024;-0,156;;
28.06.2024;-0,509;;
28.06.2024;-0,995;;
28.06.2024;-0,991;;
28.06.2024;-0,648;;
28.06.2024;0,362;;
28.06.2024;4,198;;
28.06.2024;8,432;;
28.06.2024;10,893;;
28.06.2024;13,806;;
28.06.2024;12,657;;
28.06.2024;10,902;;
29.06.2024;11,04;;
29.06.2024;10,991;;
29.06.2024;10,989;;
29.06.2024;10,956;;
29.06.2024;10,809;;
29.06.2024;10,307;;
29.06.2024;9,662;;
29.06.2024;8,414;;
29.06.2024;6,691;;
29.06.2024;2,958;;
29.06.2024;0,504;;
29.06.2024;0,004;;
29.06.2024;-0,002;;
29.06.2024;-0,023;;
29.06.2024;-0,008;;
29.06.2024;0,13;;
29.06.2024;1,191;;
29.06.2024;6,951;;
29.06.2024;10,43;;
29.06.2024;12,693;;
29.06.2024;13,92;;
29.06.2024;11,33;;
29.06.2024;10,008;;
29.06.2024;9,383;;
30.06.2024;7,006;;
30.06.2024;6,169;;
30.06.2024;6,667;;
30.06.2024;6,705;;
30.06.2024;6,436;;
30.06.2024;5,139;;
30.06.2024;5,156;;
30.06.2024;2,042;;
30.06.2024;0,683;;
30.06.2024;0,082;;
30.06.2024;0;;
30.06.2024;0;;
30.06.2024;-0,002;;
30.06.2024;-0,151;;
30.06.2024;-0,109;;
30.06.2024;0;;
30.06.2024;0,091;;
30.06.2024;3,666;;
30.06.2024;7,002;;
30.06.2024;8,726;;
30.06.2024;9,99;;
30.06.2024;10,239;;
30.06.2024;10,216;;
30.06.2024;9,301;;
01.07.2024;9,488;;
01.07.2024;8,432;;
01.07.2024;7,819;;
01.07.2024;7,801;;
01.07.2024;7,563;;
01.07.2024;8,082;;
01.07.2024;12,219;;
01.07.2024;14,13;;
01.07.2024;14,236;;
01.07.2024;11,557;;
01.07.2024;10,701;;
01.07.2024;9,167;;
01.07.2024;7,738;;
01.07.2024;6,99;;
01.07.2024;3,992;;
01.07.2024;3,461;;
01.07.2024;3,763;;
01.07.2024;6,22;;
01.07.2024;7,804;;
01.07.2024;10,247;;
01.07.2024;16,679;;
01.07.2024;12,91;;
01.07.2024;10,751;;
01.07.2024;8,788;;
02.07.2024;8,159;;
02.07.2024;7,993;;
02.07.2024;8,207;;
02.07.2024;8,095;;
02.07.2024;8,199;;
02.07.2024;8,199;;
02.07.2024;9,65;;
02.07.2024;10,069;;
02.07.2024;10,127;;
02.07.2024;8,75;;
02.07.2024;8,311;;
02.07.2024;7,456;;
02.07.2024;7,272;;
02.07.2024;6,916;;
02.07.2024;6,093;;
02.07.2024;6,273;;
02.07.2024;7,422;;
02.07.2024;7,59;;
02.07.2024;8,479;;
02.07.2024;10,363;;
02.07.2024;11,5;;
02.07.2024;10,996;;
02.07.2024;10,905;;
02.07.2024;8,6;;
03.07.2024;6,819;;
03.07.2024;6,53;;
03.07.2024;6,318;;
03.07.2024;6,558;;
03.07.2024;7,114;;
03.07.2024;7,891;;
03.07.2024;10,025;;
03.07.2024;11,651;;
03.07.2024;11,5;;
03.07.2024;9,059;;
03.07.2024;7,663;;
03.07.2024;7,31;;
03.07.2024;7,176;;
03.07.2024;7,114;;
03.07.2024;7,312;;
03.07.2024;7,198;;
03.07.2024;7,401;;
03.07.2024;8,697;;
03.07.2024;9,96;;
03.07.2024;11,879;;
03.07.2024;16,389;;
03.07.2024;11,588;;
03.07.2024;9,532;;
03.07.2024;7,61;;
04.07.2024;6,424;;
04.07.2024;5,194;;
04.07.2024;2,646;;
04.07.2024;1,801;;
04.07.2024;1,008;;
04.07.2024;1,027;;
04.07.2024;3,643;;
04.07.2024;4;;
04.07.2024;3,356;;
04.07.2024;2,265;;
04.07.2024;0,19;;
04.07.2024;0;;
04.07.2024;-0,004;;
04.07.2024;-0,503;;
04.07.2024;-1,909;;
04.07.2024;-1,803;;
04.07.2024;-0,87;;
04.07.2024;-0,003;;
04.07.2024;0,677;;
04.07.2024;4,985;;
04.07.2024;8,691;;
04.07.2024;11,53;;
04.07.2024;8,691;;
04.07.2024;6,401;;
05.07.2024;3,141;;
05.07.2024;2,013;;
05.07.2024;2,059;;
05.07.2024;1,979;;
05.07.2024;0,898;;
05.07.2024;1,001;;
05.07.2024;3,819;;
05.07.2024;4,575;;
05.07.2024;3,943;;
05.07.2024;1,856;;
05.07.2024;0,295;;
05.07.2024;0,041;;
05.07.2024;-0,005;;
05.07.2024;-0,064;;
05.07.2024;-0,078;;
05.07.2024;-0,003;;
05.07.2024;0,193;;
05.07.2024;1,681;;
05.07.2024;6,435;;
05.07.2024;9,009;;
05.07.2024;14,236;;
05.07.2024;13,038;;
05.07.2024;10,222;;
05.07.2024;8,495;;
06.07.2024;8,91;;
06.07.2024;7,071;;
06.07.2024;6,352;;
06.07.2024;4,646;;
06.07.2024;3,862;;
06.07.2024;1,569;;
06.07.2024;0,573;;
06.07.2024;0,537;;
06.07.2024;0,339;;
06.07.2024;0;;
06.07.2024;-0,992;;
06.07.2024;-2,887;;
06.07.2024;-3,269;;
06.07.2024;-4,41;;
06.07.2024;-4,807;;
06.07.2024;-3,484;;
06.07.2024;-1,368;;
06.07.2024;-0,006;;
06.07.2024;0,188;;
06.07.2024;0,022;;
06.07.2024;0,669;;
06.07.2024;0,94;;
06.07.2024;1,8;;
06.07.2024;1,402;;
07.07.2024;-0,003;;
07.07.2024;-0,01;;
07.07.2024;-0,08;;
07.07.2024;-0,048;;
07.07.2024;-0,006;;
07.07.2024;-0,001;;
07.07.2024;-0,001;;
07.07.2024;-0,001;;
07.07.2024;-0,06;;
07.07.2024;-0,649;;
07.07.2024;-0,998;;
07.07.2024;-1,204;;
07.07.2024;-1,349;;
07.07.2024;-2,237;;
07.07.2024;-2,098;;
07.07.2024;-1,22;;
07.07.2024;-0,616;;
07.07.2024;-0,008;;
07.07.2024;6,399;;
07.07.2024;9,027;;
07.07.2024;12,564;;
07.07.2024;13,317;;
07.07.2024;11,52;;
07.07.2024;9,713;;
08.07.2024;8,162;;
08.07.2024;7,665;;
08.07.2024;7,408;;
08.07.2024;7,772;;
08.07.2024;7,628;;
08.07.2024;8,044;;
08.07.2024;11,218;;
08.07.2024;12,5;;
08.07.2024;10,064;;
08.07.2024;7,761;;
08.07.2024;5,393;;
08.07.2024;3,843;;
08.07.2024;3,179;;
08.07.2024;2,945;;
08.07.2024;2,956;;
08.07.2024;3,675;;
08.07.2024;6,4;;
08.07.2024;8,02;;
08.07.2024;10,263;;
08.07.2024;13,649;;
08.07.2024;25,735;;
08.07.2024;17,369;;
08.07.2024;11,365;;
08.07.2024;9,202;;
09.07.2024;10,552;;
09.07.2024;9,596;;
09.07.2024;9,308;;
09.07.2024;9,114;;
09.07.2024;8,766;;
09.07.2024;9,683;;
09.07.2024;11,138;;
09.07.2024;10,376;;
09.07.2024;9,4;;
09.07.2024;6,726;;
09.07.2024;4,663;;
09.07.2024;3,371;;
09.07.2024;2,195;;
09.07.2024;0,504;;
09.07.2024;0,271;;
09.07.2024;1,108;;
09.07.2024;5,373;;
09.07.2024;8,169;;
09.07.2024;9,927;;
09.07.2024;15,15;;
09.07.2024;14,764;;
09.07.2024;10,812;;
09.07.2024;8,607;;
09.07.2024;6,889;;
10.07.2024;5,5;;
10.07.2024;5,49;;
10.07.2024;5,392;;
10.07.2024;5,498;;
10.07.2024;5,992;;
10.07.2024;6,614;;
10.07.2024;8,446;;
10.07.2024;10,646;;
10.07.2024;10,201;;
10.07.2024;8,493;;
10.07.2024;6,5;;
10.07.2024;5,577;;
10.07.2024;4,713;;
10.07.2024;4,458;;
10.07.2024;5,5;;
10.07.2024;5,843;;
10.07.2024;6,748;;
10.07.2024;8,014;;
10.07.2024;8,073;;
10.07.2024;9,972;;
10.07.2024;14,861;;
10.07.2024;16,408;;
10.07.2024;11,397;;
10.07.2024;9,292;;
11.07.2024;9,602;;
11.07.2024;7,995;;
11.07.2024;7,706;;
11.07.2024;7,96;;
11.07.2024;8,031;;
11.07.2024;8,198;;
11.07.2024;10,771;;
11.07.2024;12;;
11.07.2024;10,653;;
11.07.2024;8,911;;
11.07.2024;8,069;;
11.07.2024;6,66;;
11.07.2024;5,744;;
11.07.2024;4,77;;
11.07.2024;4,448;;
11.07.2024;5,01;;
11.07.2024;6,098;;
11.07.2024;8,191;;
11.07.2024;9,158;;
11.07.2024;12;;
11.07.2024;18,433;;
11.07.2024;16,674;;
11.07.2024;12,159;;
11.07.2024;9,812;;
12.07.2024;10,242;;
12.07.2024;8,731;;
12.07.2024;8,287;;
12.07.2024;8,303;;
12.07.2024;8,221;;
12.07.2024;8,425;;
12.07.2024;10,794;;
12.07.2024;10,992;;
12.07.2024;10,96;;
12.07.2024;10,24;;
12.07.2024;9,587;;
12.07.2024;8,983;;
12.07.2024;8,325;;
12.07.2024;7,86;;
12.07.2024;7,804;;
12.07.2024;7,819;;
12.07.2024;8,571;;
12.07.2024;8,554;;
12.07.2024;9,226;;
12.07.2024;10,239;;
12.07.2024;9,329;;
12.07.2024;9,461;;
12.07.2024;8,566;;
12.07.2024;7,911;;
13.07.2024;5,065;;
13.07.2024;5,052;;
13.07.2024;3,692;;
13.07.2024;3,767;;
13.07.2024;3,272;;
13.07.2024;3,105;;
13.07.2024;3,066;;
13.07.2024;2,782;;
13.07.2024;2,66;;
13.07.2024;2,097;;
13.07.2024;0,516;;
13.07.2024;0,004;;
13.07.2024;-0,001;;
13.07.2024;-0,5;;
13.07.2024;-1,49;;
13.07.2024;-1,147;;
13.07.2024;-0,348;;
13.07.2024;-0,001;;
13.07.2024;2,877;;
13.07.2024;5,033;;
13.07.2024;7,545;;
13.07.2024;7,626;;
13.07.2024;7,884;;
13.07.2024;6,3;;
14.07.2024;8,895;;
14.07.2024;6,319;;
14.07.2024;5,545;;
14.07.2024;4,43;;
14.07.2024;3,793;;
14.07.2024;3,681;;
14.07.2024;3,196;;
14.07.2024;1,428;;
14.07.2024;0,029;;
14.07.2024;-0,331;;
14.07.2024;-2,113;;
14.07.2024;-4,008;;
14.07.2024;-5,947;;
14.07.2024;-7,396;;
14.07.2024;-7,396;;
14.07.2024;-5,182;;
14.07.2024;-2,003;;
14.07.2024;-0,005;;
14.07.2024;4,654;;
14.07.2024;9,193;;
14.07.2024;11,58;;
14.07.2024;10,868;;
14.07.2024;10,584;;
14.07.2024;8,706;;
15.07.2024;7,935;;
15.07.2024;6,624;;
15.07.2024;5,817;;
15.07.2024;6,303;;
15.07.2024;6,782;;
15.07.2024;8,007;;
15.07.2024;12;;
15.07.2024;14,41;;
15.07.2024;8,977;;
15.07.2024;5,929;;
15.07.2024;3,552;;
15.07.2024;1,129;;
15.07.2024;0,007;;
15.07.2024;-0,001;;
15.07.2024;-0,007;;
15.07.2024;0,354;;
15.07.2024;4,429;;
15.07.2024;8,2;;
15.07.2024;11,435;;
15.07.2024;20,419;;
15.07.2024;22,496;;
15.07.2024;14,356;;
15.07.2024;9,248;;
15.07.2024;8,01;;
16.07.2024;7,659;;
16.07.2024;6,377;;
16.07.2024;5,249;;
16.07.2024;3,682;;
16.07.2024;3,816;;
16.07.2024;5,032;;
16.07.2024;8,035;;
16.07.2024;9,095;;
16.07.2024;8,431;;
16.07.2024;6,277;;
16.07.2024;2,149;;
16.07.2024;0,006;;
16.07.2024;-0,803;;
16.07.2024;-1,103;;
16.07.2024;-1,148;;
16.07.2024;-1,114;;
16.07.2024;-0,23;;
16.07.2024;2,212;;
16.07.2024;6,302;;
16.07.2024;8,199;;
16.07.2024;12,16;;
16.07.2024;11,428;;
16.07.2024;10,581;;
16.07.2024;8,431;;
17.07.2024;8,74;;
17.07.2024;7,298;;
17.07.2024;7,282;;
17.07.2024;7,053;;
17.07.2024;7,105;;
17.07.2024;7,744;;
17.07.2024;9,005;;
17.07.2024;9,976;;
17.07.2024;10,57;;
17.07.2024;7,714;;
17.07.2024;5,819;;
17.07.2024;4,175;;
17.07.2024;3,259;;
17.07.2024;2,185;;
17.07.2024;1,08;;
17.07.2024;1,347;;
17.07.2024;3,888;;
17.07.2024;6,168;;
17.07.2024;8,293;;
17.07.2024;10,689;;
17.07.2024;18,795;;
17.07.2024;14,347;;
17.07.2024;11,491;;
17.07.2024;9,281;;
18.07.2024;8,997;;
18.07.2024;8,029;;
18.07.2024;7,905;;
18.07.2024;7,854;;
18.07.2024;7,927;;
18.07.2024;9,21;;
18.07.2024;12,088;;
18.07.2024;10,727;;
18.07.2024;9,674;;
18.07.2024;7,922;;
18.07.2024;6,384;;
18.07.2024;4,713;;
18.07.2024;3,501;;
18.07.2024;3,396;;
18.07.2024;3,701;;
18.07.2024;4,878;;
18.07.2024;6,756;;
18.07.2024;8,548;;
18.07.2024;9,2;;
18.07.2024;13,018;;
18.07.2024;22,76;;
18.07.2024;18,446;;
18.07.2024;11,954;;
18.07.2024;10,192;;
19.07.2024;9,011;;
19.07.2024;8,045;;
19.07.2024;7,991;;
19.07.2024;7,929;;
19.07.2024;8,338;;
19.07.2024;9,138;;
19.07.2024;11,56;;
19.07.2024;11,072;;
19.07.2024;9,84;;
19.07.2024;8,143;;
19.07.2024;7;;
19.07.2024;5,875;;
19.07.2024;4,434;;
19.07.2024;3,65;;
19.07.2024;3,62;;
19.07.2024;4,254;;
19.07.2024;6,379;;
19.07.2024;7,734;;
19.07.2024;9,161;;
19.07.2024;12,102;;
19.07.2024;19,046;;
19.07.2024;12;;
19.07.2024;10,686;;
19.07.2024;9,155;;
20.07.2024;9,473;;
20.07.2024;8,941;;
20.07.2024;8,825;;
20.07.2024;8,988;;
20.07.2024;9,424;;
20.07.2024;9,38;;
20.07.2024;9,149;;
20.07.2024;8,599;;
20.07.2024;6,82;;
20.07.2024;4,98;;
20.07.2024;0,515;;
20.07.2024;0;;
20.07.2024;-0,465;;
20.07.2024;-0,429;;
20.07.2024;-0,288;;
20.07.2024;-0,271;;
20.07.2024;0,242;;
20.07.2024;5,229;;
20.07.2024;8,5;;
20.07.2024;10,956;;
20.07.2024;13,475;;
20.07.2024;10,881;;
20.07.2024;8,41;;
20.07.2024;7,451;;
21.07.2024;6,363;;
21.07.2024;5,63;;
21.07.2024;5,52;;
21.07.2024;6,038;;
21.07.2024;6,861;;
21.07.2024;7,524;;
21.07.2024;8,137;;
21.07.2024;6,031;;
21.07.2024;4,868;;
21.07.2024;1,057;;
21.07.2024;0,007;;
21.07.2024;0,001;;
21.07.2024;0,001;;
21.07.2024;-0,008;;
21.07.2024;-0,021;;
21.07.2024;0,004;;
21.07.2024;0,011;;
21.07.2024;5,981;;
21.07.2024;9,427;;
21.07.2024;10,827;;
21.07.2024;12,768;;
21.07.2024;12,812;;
21.07.2024;11,185;;
21.07.2024;9,37;;
22.07.2024;12,21;;
22.07.2024;9,663;;
22.07.2024;8,688;;
22.07.2024;8,693;;
22.07.2024;8,614;;
22.07.2024;8,226;;
22.07.2024;11,948;;
22.07.2024;13,168;;
22.07.2024;12,605;;
22.07.2024;9,434;;
22.07.2024;7,514;;
22.07.2024;7,288;;
22.07.2024;6,622;;
22.07.2024;4,325;;
22.07.2024;1,941;;
22.07.2024;2,038;;
22.07.2024;4,846;;
22.07.2024;6,369;;
22.07.2024;8,115;;
22.07.2024;9,904;;
22.07.2024;18,624;;
22.07.2024;17,204;;
22.07.2024;11,104;;
22.07.2024;9,8;;
23.07.2024;8,339;;
23.07.2024;7,58;;
23.07.2024;7,67;;
23.07.2024;7,05;;
23.07.2024;7,383;;
23.07.2024;7,661;;
23.07.2024;10,673;;
23.07.2024;12,051;;
23.07.2024;11,521;;
23.07.2024;8,729;;
23.07.2024;6,887;;
23.07.2024;6,137;;
23.07.2024;4,342;;
23.07.2024;3,829;;
23.07.2024;3,601;;
23.07.2024;4,196;;
23.07.2024;6,486;;
23.07.2024;7,953;;
23.07.2024;7,992;;
23.07.2024;9,603;;
23.07.2024;11,852;;
23.07.2024;10,201;;
23.07.2024;9,923;;
23.07.2024;9,158;;
24.07.2024;8,355;;
24.07.2024;7,833;;
24.07.2024;7,256;;
24.07.2024;7,485;;
24.07.2024;7,499;;
24.07.2024;7,577;;
24.07.2024;10,307;;
24.07.2024;12,89;;
24.07.2024;9,919;;
24.07.2024;7,291;;
24.07.2024;5,49;;
24.07.2024;2,119;;
24.07.2024;0,158;;
24.07.2024;-0,015;;
24.07.2024;-0,206;;
24.07.2024;-0,196;;
24.07.2024;0,221;;
24.07.2024;3,927;;
24.07.2024;6,934;;
24.07.2024;9,59;;
24.07.2024;10,993;;
24.07.2024;12,182;;
24.07.2024;10,958;;
24.07.2024;9,503;;
25.07.2024;9,255;;
25.07.2024;8,72;;
25.07.2024;8,49;;
25.07.2024;7,992;;
25.07.2024;7,64;;
25.07.2024;9,253;;
25.07.2024;10,616;;
25.07.2024;11,686;;
25.07.2024;9,098;;
25.07.2024;7,198;;
25.07.2024;5,508;;
25.07.2024;3,695;;
25.07.2024;2,431;;
25.07.2024;1,736;;
25.07.2024;1,327;;
25.07.2024;2,62;;
25.07.2024;5,38;;
25.07.2024;8;;
25.07.2024;9,7;;
25.07.2024;12,693;;
25.07.2024;15,572;;
25.07.2024;13,161;;
25.07.2024;10;;
25.07.2024;8,495;;
26.07.2024;8,332;;
26.07.2024;7,39;;
26.07.2024;7,91;;
26.07.2024;8,161;;
26.07.2024;8,117;;
26.07.2024;8,321;;
26.07.2024;9,952;;
26.07.2024;11,656;;
26.07.2024;10,41;;
26.07.2024;9,683;;
26.07.2024;9,053;;
26.07.2024;8,135;;
26.07.2024;7;;
26.07.2024;6,312;;
26.07.2024;6,019;;
26.07.2024;6,814;;
26.07.2024;7,284;;
26.07.2024;8,852;;
26.07.2024;9,434;;
26.07.2024;10,779;;
26.07.2024;14,325;;
26.07.2024;13,9;;
26.07.2024;10,639;;
26.07.2024;9,791;;
27.07.2024;10,396;;
27.07.2024;10,341;;
27.07.2024;9,739;;
27.07.2024;9,525;;
27.07.2024;9,246;;
27.07.2024;9,051;;
27.07.2024;8,74;;
27.07.2024;8,275;;
27.07.2024;8,469;;
27.07.2024;6,767;;
27.07.2024;6,078;;
27.07.2024;3,99;;
27.07.2024;2,8;;
27.07.2024;1,78;;
27.07.2024;1,792;;
27.07.2024;3,502;;
27.07.2024;6,772;;
27.07.2024;9,473;;
27.07.2024;10,497;;
27.07.2024;11,669;;
27.07.2024;12,31;;
27.07.2024;12,182;;
27.07.2024;10,81;;
27.07.2024;9,794;;
28.07.2024;10,999;;
28.07.2024;9,511;;
28.07.2024;8,821;;
28.07.2024;8,153;;
28.07.2024;7,854;;
28.07.2024;7,926;;
28.07.2024;7,553;;
28.07.2024;7,261;;
28.07.2024;2,549;;
28.07.2024;0,492;;
28.07.2024;0;;
28.07.2024;-0,243;;
28.07.2024;-1,663;;
28.07.2024;-3,991;;
28.07.2024;-4,869;;
28.07.2024;-3,353;;
28.07.2024;-1,377;;
28.07.2024;-0,199;;
28.07.2024;4,087;;
28.07.2024;9,248;;
28.07.2024;11,185;;
28.07.2024;11,566;;
28.07.2024;10,495;;
28.07.2024;8,446;;
29.07.2024;7,959;;
29.07.2024;7,603;;
29.07.2024;7,225;;
29.07.2024;7,629;;
29.07.2024;8;;
29.07.2024;10,13;;
29.07.2024;13,5;;
29.07.2024;12,166;;
29.07.2024;9,846;;
29.07.2024;6,366;;
29.07.2024;1,058;;
29.07.2024;-0,016;;
29.07.2024;-0,019;;
29.07.2024;-0,17;;
29.07.2024;-0,098;;
29.07.2024;-0,007;;
29.07.2024;1,374;;
29.07.2024;6,448;;
29.07.2024;9,691;;
29.07.2024;12,324;;
29.07.2024;17,807;;
29.07.2024;13,272;;
29.07.2024;10,78;;
29.07.2024;9,02;;
30.07.2024;7,801;;
30.07.2024;7,577;;
30.07.2024;7,927;;
30.07.2024;8,373;;
30.07.2024;8,859;;
30.07.2024;10,185;;
30.07.2024;11,564;;
30.07.2024;11,348;;
30.07.2024;9,965;;
30.07.2024;6,778;;
30.07.2024;3,752;;
30.07.2024;0,784;;
30.07.2024;0,109;;
30.07.2024;-0,004;;
30.07.2024;-0,006;;
30.07.2024;1,325;;
30.07.2024;4,068;;
30.07.2024;7,81;;
30.07.2024;10,34;;
30.07.2024;12,944;;
30.07.2024;17,713;;
30.07.2024;14,767;;
30.07.2024;11,498;;
30.07.2024;9,904;;
31.07.2024;9,885;;
31.07.2024;8,729;;
31.07.2024;8,519;;
31.07.2024;8,29;;
31.07.2024;9,06;;
31.07.2024;10,239;;
31.07.2024;11,251;;
31.07.2024;11,014;;
31.07.2024;9,526;;
31.07.2024;7,902;;
31.07.2024;5,589;;
31.07.2024;3,346;;
31.07.2024;2,175;;
31.07.2024;1,136;;
31.07.2024;1,753;;
31.07.2024;3,174;;
31.07.2024;4,609;;
31.07.2024;7,585;;
31.07.2024;9,916;;
31.07.2024;11,539;;
31.07.2024;13,615;;
31.07.2024;11,619;;
31.07.2024;10,451;;
31.07.2024;9,649;;
01.08.2024;9,645;;
01.08.2024;9,24;;
01.08.2024;8,685;;
01.08.2024;8,411;;
01.08.2024;9,308;;
01.08.2024;11,271;;
01.08.2024;13,439;;
01.08.2024;10,952;;
01.08.2024;10,595;;
01.08.2024;9,01;;
01.08.2024;7,695;;
01.08.2024;6,764;;
01.08.2024;6,403;;
01.08.2024;6,038;;
01.08.2024;6,239;;
01.08.2024;7,122;;
01.08.2024;7,739;;
01.08.2024;9,516;;
01.08.2024;10,283;;
01.08.2024;11,25;;
01.08.2024;13,807;;
01.08.2024;12,403;;
01.08.2024;11,294;;
01.08.2024;10,57;;
02.08.2024;9,393;;
02.08.2024;8,917;;
02.08.2024;8,811;;
02.08.2024;8,297;;
02.08.2024;8,695;;
02.08.2024;9,661;;
02.08.2024;11,075;;
02.08.2024;12,138;;
02.08.2024;11,319;;
02.08.2024;10,442;;
02.08.2024;9,168;;
02.08.2024;7,769;;
02.08.2024;7,358;;
02.08.2024;6,194;;
02.08.2024;5,344;;
02.08.2024;5,058;;
02.08.2024;6,542;;
02.08.2024;7,769;;
02.08.2024;10,222;;
02.08.2024;12,849;;
02.08.2024;14,619;;
02.08.2024;12,166;;
02.08.2024;11,442;;
02.08.2024;9,901;;
03.08.2024;10,265;;
03.08.2024;9,914;;
03.08.2024;9,33;;
03.08.2024;8,91;;
03.08.2024;8,631;;
03.08.2024;9,488;;
03.08.2024;10,374;;
03.08.2024;9,551;;
03.08.2024;8,45;;
03.08.2024;6,606;;
03.08.2024;3,244;;
03.08.2024;2,036;;
03.08.2024;1,466;;
03.08.2024;0,641;;
03.08.2024;0,41;;
03.08.2024;1,238;;
03.08.2024;3,244;;
03.08.2024;7,361;;
03.08.2024;10,355;;
03.08.2024;11,002;;
03.08.2024;12,464;;
03.08.2024;13,664;;
03.08.2024;11,92;;
03.08.2024;10,13;;
04.08.2024;11,021;;
04.08.2024;10,134;;
04.08.2024;9,69;;
04.08.2024;9,268;;
04.08.2024;9,021;;
04.08.2024;8,3;;
04.08.2024;7,77;;
04.08.2024;7,32;;
04.08.2024;6,393;;
04.08.2024;2,811;;
04.08.2024;0,805;;
04.08.2024;0,205;;
04.08.2024;0,006;;
04.08.2024;-0,004;;
04.08.2024;-0,216;;
04.08.2024;-0,001;;
04.08.2024;0,1;;
04.08.2024;2,246;;
04.08.2024;7,317;;
04.08.2024;10,566;;
04.08.2024;11,992;;
04.08.2024;12,499;;
04.08.2024;11,294;;
04.08.2024;10,483;;
05.08.2024;10,308;;
05.08.2024;8,532;;
05.08.2024;8,23;;
05.08.2024;8,535;;
05.08.2024;8,359;;
05.08.2024;9,724;;
05.08.2024;11,898;;
05.08.2024;13,675;;
05.08.2024;11,397;;
05.08.2024;10,283;;
05.08.2024;7,45;;
05.08.2024;6,43;;
05.08.2024;5,712;;
05.08.2024;4,205;;
05.08.2024;3,635;;
05.08.2024;5,143;;
05.08.2024;7,01;;
05.08.2024;8,54;;
05.08.2024;10,897;;
05.08.2024;15,276;;
05.08.2024;25,001;;
05.08.2024;17,093;;
05.08.2024;12,03;;
05.08.2024;10,292;;
06.08.2024;10,309;;
06.08.2024;9,557;;
06.08.2024;8,924;;
06.08.2024;8,524;;
06.08.2024;8,576;;
06.08.2024;9,577;;
06.08.2024;12,386;;
06.08.2024;12,604;;
06.08.2024;8,529;;
06.08.2024;7,451;;
06.08.2024;3,604;;
06.08.2024;2,143;;
06.08.2024;1,586;;
06.08.2024;0,295;;
06.08.2024;0,479;;
06.08.2024;1,944;;
06.08.2024;3,971;;
06.08.2024;8,219;;
06.08.2024;10,629;;
06.08.2024;17,458;;
06.08.2024;23,085;;
06.08.2024;17,045;;
06.08.2024;11,854;;
06.08.2024;10,003;;
07.08.2024;9,139;;
07.08.2024;8,324;;
07.08.2024;7,929;;
07.08.2024;8,324;;
07.08.2024;8,643;;
07.08.2024;10,436;;
07.08.2024;12,607;;
07.08.2024;12,798;;
07.08.2024;10,906;;
07.08.2024;8,891;;
07.08.2024;7,356;;
07.08.2024;6,249;;
07.08.2024;4,214;;
07.08.2024;3,505;;
07.08.2024;5,119;;
07.08.2024;6,928;;
07.08.2024;8,574;;
07.08.2024;10,52;;
07.08.2024;10,641;;
07.08.2024;11,975;;
07.08.2024;14,928;;
07.08.2024;13,425;;
07.08.2024;11,274;;
07.08.2024;10,278;;
08.08.2024;9,643;;
08.08.2024;8,806;;
08.08.2024;8,736;;
08.08.2024;8,806;;
08.08.2024;8,827;;
08.08.2024;9,611;;
08.08.2024;11,093;;
08.08.2024;12,493;;
08.08.2024;11,441;;
08.08.2024;10,684;;
08.08.2024;8,61;;
08.08.2024;7,16;;
08.08.2024;5,709;;
08.08.2024;4,049;;
08.08.2024;3,218;;
08.08.2024;4,024;;
08.08.2024;5,781;;
08.08.2024;8,052;;
08.08.2024;10,192;;
08.08.2024;13,849;;
08.08.2024;19,731;;
08.08.2024;13,5;;
08.08.2024;10,2;;
08.08.2024;9,356;;
09.08.2024;10,371;;
09.08.2024;8,392;;
09.08.2024;6,734;;
09.08.2024;6,43;;
09.08.2024;5,331;;
09.08.2024;6,436;;
09.08.2024;8;;
09.08.2024;8,841;;
09.08.2024;5,94;;
09.08.2024;3,131;;
09.08.2024;0,898;;
09.08.2024;0,06;;
09.08.2024;-0,003;;
09.08.2024;-0,016;;
09.08.2024;-0,08;;
09.08.2024;-0,011;;
09.08.2024;-0,001;;
09.08.2024;0,255;;
09.08.2024;4,178;;
09.08.2024;8,104;;
09.08.2024;12,497;;
09.08.2024;11,805;;
09.08.2024;11,346;;
09.08.2024;9,323;;
10.08.2024;8,509;;
10.08.2024;9,213;;
10.08.2024;8,728;;
10.08.2024;8,467;;
10.08.2024;8,293;;
10.08.2024;8,552;;
10.08.2024;8,868;;
10.08.2024;7,601;;
10.08.2024;3,186;;
10.08.2024;0,02;;
10.08.2024;-0,3;;
10.08.2024;-1,22;;
10.08.2024;-2,249;;
10.08.2024;-4,077;;
10.08.2024;-4,009;;
10.08.2024;-2,967;;
10.08.2024;-0,82;;
10.08.2024;0,007;;
10.08.2024;4,884;;
10.08.2024;10,655;;
10.08.2024;12,543;;
10.08.2024;13,3;;
10.08.2024;11,785;;
10.08.2024;10,664;;
11.08.2024;10,671;;
11.08.2024;10,417;;
11.08.2024;9,996;;
11.08.2024;9,514;;
11.08.2024;9,649;;
11.08.2024;11,497;;
11.08.2024;10,644;;
11.08.2024;7,102;;
11.08.2024;2,78;;
11.08.2024;0;;
11.08.2024;-0,501;;
11.08.2024;-1,499;;
11.08.2024;-3,204;;
11.08.2024;-5,996;;
11.08.2024;-5,009;;
11.08.2024;-3,142;;
11.08.2024;-0,497;;
11.08.2024;0,146;;
11.08.2024;8,814;;
11.08.2024;12,88;;
11.08.2024;13,718;;
11.08.2024;12,615;;
11.08.2024;10,999;;
11.08.2024;9,728;;
12.08.2024;10,498;;
12.08.2024;9,462;;
12.08.2024;8,53;;
12.08.2024;8,66;;
12.08.2024;8,885;;
12.08.2024;11,454;;
12.08.2024;15,382;;
12.08.2024;15,382;;
12.08.2024;11,525;;
12.08.2024;6,99;;
12.08.2024;4,012;;
12.08.2024;1,604;;
12.08.2024;1,006;;
12.08.2024;0,698;;
12.08.2024;1,38;;
12.08.2024;2,787;;
12.08.2024;4,865;;
12.08.2024;8,929;;
12.08.2024;12,278;;
12.08.2024;20,602;;
12.08.2024;22,484;;
12.08.2024;12,834;;
12.08.2024;10,688;;
12.08.2024;10,005;;
13.08.2024;9,964;;
13.08.2024;8,791;;
13.08.2024;8,66;;
13.08.2024;8,479;;
13.08.2024;8,476;;
13.08.2024;10,137;;
13.08.2024;12,566;;
13.08.2024;13,371;;
13.08.2024;11,789;;
13.08.2024;8,781;;
13.08.2024;6,667;;
13.08.2024;5,594;;
13.08.2024;4,301;;
13.08.2024;4,037;;
13.08.2024;4,796;;
13.08.2024;6,415;;
13.08.2024;8,6;;
13.08.2024;10,5;;
13.08.2024;12,104;;
13.08.2024;20,272;;
13.08.2024;20,535;;
13.08.2024;12,89;;
13.08.2024;11,148;;
13.08.2024;10,499;;
14.08.2024;8,773;;
14.08.2024;9,079;;
14.08.2024;8,773;;
14.08.2024;9,34;;
14.08.2024;9,36;;
14.08.2024;10,71;;
14.08.2024;12,974;;
14.08.2024;13,662;;
14.08.2024;12,096;;
14.08.2024;10,879;;
14.08.2024;8,308;;
14.08.2024;7,724;;
14.08.2024;7,285;;
14.08.2024;7,538;;
14.08.2024;7,471;;
14.08.2024;8,174;;
14.08.2024;9,436;;
14.08.2024;10,559;;
14.08.2024;11,148;;
14.08.2024;16,141;;
14.08.2024;21,892;;
14.08.2024;14,87;;
14.08.2024;12,043;;
14.08.2024;10,995;;
15.08.2024;11,033;;
15.08.2024;10,966;;
15.08.2024;10,53;;
15.08.2024;9,474;;
15.08.2024;9,602;;
15.08.2024;10,891;;
15.08.2024;11,975;;
15.08.2024;12,071;;
15.08.2024;11,497;;
15.08.2024;9,112;;
15.08.2024;5,91;;
15.08.2024;1,994;;
15.08.2024;0,986;;
15.08.2024;0,001;;
15.08.2024;-0,004;;
15.08.2024;0,425;;
15.08.2024;3,341;;
15.08.2024;7,726;;
15.08.2024;11,993;;
15.08.2024;14,251;;
15.08.2024;16,03;;
15.08.2024;14,084;;
15.08.2024;11,887;;
15.08.2024;9,494;;
16.08.2024;10,897;;
16.08.2024;8,678;;
16.08.2024;8,558;;
16.08.2024;8,583;;
16.08.2024;8,776;;
16.08.2024;9,205;;
16.08.2024;12,842;;
16.08.2024;13,491;;
16.08.2024;12,483;;
16.08.2024;10,095;;
16.08.2024;7,615;;
16.08.2024;5,983;;
16.08.2024;5,068;;
16.08.2024;4,993;;
16.08.2024;4,757;;
16.08.2024;5,516;;
16.08.2024;8,267;;
16.08.2024;10,376;;
16.08.2024;13,492;;
16.08.2024;23,052;;
16.08.2024;24,312;;
16.08.2024;17,183;;
16.08.2024;13,454;;
16.08.2024;11,617;;
17.08.2024;10,711;;
17.08.2024;10,926;;
17.08.2024;10,313;;
17.08.2024;10,182;;
17.08.2024;11,059;;
17.08.2024;11,084;;
17.08.2024;10,67;;
17.08.2024;10,397;;
17.08.2024;10,343;;
17.08.2024;8,4;;
17.08.2024;6,949;;
17.08.2024;5,428;;
17.08.2024;4,693;;
17.08.2024;4,071;;
17.08.2024;3,943;;
17.08.2024;3,956;;
17.08.2024;5,909;;
17.08.2024;8,84;;
17.08.2024;11,968;;
17.08.2024;14,056;;
17.08.2024;14,918;;
17.08.2024;12,698;;
17.08.2024;11,67;;
17.08.2024;10,582;;
18.08.2024;11,182;;
18.08.2024;11,28;;
18.08.2024;10,617;;
18.08.2024;10,622;;
18.08.2024;10,475;;
18.08.2024;10,497;;
18.08.2024;9,953;;
18.08.2024;9,52;;
18.08.2024;8,82;;
18.08.2024;8,232;;
18.08.2024;7,212;;
18.08.2024;7,252;;
18.08.2024;6,603;;
18.08.2024;3,364;;
18.08.2024;1,772;;
18.08.2024;5,128;;
18.08.2024;6,986;;
18.08.2024;8,239;;
18.08.2024;9,385;;
18.08.2024;10,993;;
18.08.2024;11,568;;
18.08.2024;10,983;;
18.08.2024;11,14;;
18.08.2024;9,945;;
19.08.2024;9,739;;
19.08.2024;9,01;;
19.08.2024;8,87;;
19.08.2024;8,486;;
19.08.2024;8,45;;
19.08.2024;8,797;;
19.08.2024;12,9;;
19.08.2024;15,233;;
19.08.2024;12,96;;
19.08.2024;11,258;;
19.08.2024;9,69;;
19.08.2024;8,974;;
19.08.2024;8,438;;
19.08.2024;7,887;;
19.08.2024;8,021;;
19.08.2024;7,99;;
19.08.2024;8,405;;
19.08.2024;10,07;;
19.08.2024;11,397;;
19.08.2024;20;;
19.08.2024;20,383;;
19.08.2024;14,011;;
19.08.2024;10,082;;
19.08.2024;8,62;;
20.08.2024;9,36;;
20.08.2024;8,955;;
20.08.2024;8,85;;
20.08.2024;8,931;;
20.08.2024;8,619;;
20.08.2024;8,997;;
20.08.2024;12,306;;
20.08.2024;13,323;;
20.08.2024;12,297;;
20.08.2024;10,309;;
20.08.2024;7,501;;
20.08.2024;5,013;;
20.08.2024;3,769;;
20.08.2024;1,822;;
20.08.2024;2,036;;
20.08.2024;4,89;;
20.08.2024;8,215;;
20.08.2024;10,45;;
20.08.2024;11,807;;
20.08.2024;15,881;;
20.08.2024;15,471;;
20.08.2024;12,089;;
20.08.2024;10,382;;
20.08.2024;9,796;;
21.08.2024;8,736;;
21.08.2024;8,2;;
21.08.2024;6,593;;
21.08.2024;5,609;;
21.08.2024;6,042;;
21.08.2024;5,995;;
21.08.2024;8,13;;
21.08.2024;8,592;;
21.08.2024;8,738;;
21.08.2024;5,316;;
21.08.2024;0,016;;
21.08.2024;-0,495;;
21.08.2024;-1,301;;
21.08.2024;-2,032;;
21.08.2024;-2,128;;
21.08.2024;-1,605;;
21.08.2024;-1,264;;
21.08.2024;0,201;;
21.08.2024;6,726;;
21.08.2024;10,189;;
21.08.2024;14,035;;
21.08.2024;13,096;;
21.08.2024;10,342;;
21.08.2024;8,565;;
22.08.2024;7,894;;
22.08.2024;7,304;;
22.08.2024;8,046;;
22.08.2024;8,017;;
22.08.2024;7,023;;
22.08.2024;8,542;;
22.08.2024;9,995;;
22.08.2024;12,946;;
22.08.2024;11,305;;
22.08.2024;7,31;;
22.08.2024;1,48;;
22.08.2024;0;;
22.08.2024;-0,038;;
22.08.2024;-0,256;;
22.08.2024;-0,151;;
22.08.2024;-0,435;;
22.08.2024;-0,009;;
22.08.2024;2,489;;
22.08.2024;8,946;;
22.08.2024;11,274;;
22.08.2024;11,15;;
22.08.2024;10,999;;
22.08.2024;9,548;;
22.08.2024;7,922;;
23.08.2024;5,19;;
23.08.2024;4,587;;
23.08.2024;3,851;;
23.08.2024;2,636;;
23.08.2024;2,648;;
23.08.2024;3,059;;
23.08.2024;6,422;;
23.08.2024;6,063;;
23.08.2024;4,364;;
23.08.2024;0,406;;
23.08.2024;-0,001;;
23.08.2024;-0,397;;
23.08.2024;-0,954;;
23.08.2024;-1,532;;
23.08.2024;-1,655;;
23.08.2024;-1,015;;
23.08.2024;-0,918;;
23.08.2024;-0,003;;
23.08.2024;5,02;;
23.08.2024;9,953;;
23.08.2024;11,857;;
23.08.2024;12,315;;
23.08.2024;11,954;;
23.08.2024;10,05;;
24.08.2024;11,045;;
24.08.2024;10,378;;
24.08.2024;10,042;;
24.08.2024;10,028;;
24.08.2024;10,09;;
24.08.2024;10,54;;
24.08.2024;10,102;;
24.08.2024;10,223;;
24.08.2024;7,622;;
24.08.2024;1,5;;
24.08.2024;-0,003;;
24.08.2024;-0,685;;
24.08.2024;-1,868;;
24.08.2024;-4,009;;
24.08.2024;-4,418;;
24.08.2024;-2,764;;
24.08.2024;-0,815;;
24.08.2024;-0,099;;
24.08.2024;7,168;;
24.08.2024;9,152;;
24.08.2024;8,008;;
24.08.2024;6,891;;
24.08.2024;6,414;;
24.08.2024;5;;
25.08.2024;0,037;;
25.08.2024;-0,002;;
25.08.2024;-0,034;;
25.08.2024;-0,1;;
25.08.2024;-0,089;;
25.08.2024;-0,042;;
25.08.2024;-0,005;;
25.08.2024;-0,001;;
25.08.2024;-0,001;;
25.08.2024;-0,139;;
25.08.2024;-0,607;;
25.08.2024;-1,01;;
25.08.2024;-1,55;;
25.08.2024;-2,001;;
25.08.2024;-1,983;;
25.08.2024;-1,015;;
25.08.2024;-0,501;;
25.08.2024;0,1;;
25.08.2024;8,704;;
25.08.2024;11;;
25.08.2024;11,945;;
25.08.2024;10,549;;
25.08.2024;9,97;;
25.08.2024;9,248;;
26.08.2024;9,275;;
26.08.2024;8,565;;
26.08.2024;8,094;;
26.08.2024;8,336;;
26.08.2024;8,243;;
26.08.2024;8,348;;
26.08.2024;11,311;;
26.08.2024;15,369;;
26.08.2024;13,097;;
26.08.2024;9,893;;
26.08.2024;7,7;;
26.08.2024;6,531;;
26.08.2024;2,307;;
26.08.2024;1,755;;
26.08.2024;4,288;;
26.08.2024;7,105;;
26.08.2024;8,8;;
26.08.2024;9,947;;
26.08.2024;11,682;;
26.08.2024;19,031;;
26.08.2024;23,106;;
26.08.2024;14,382;;
26.08.2024;11,086;;
26.08.2024;10,754;;
27.08.2024;9,841;;
27.08.2024;8,991;;
27.08.2024;8,645;;
27.08.2024;8,73;;
27.08.2024;8,91;;
27.08.2024;10,016;;
27.08.2024;12,576;;
27.08.2024;13,799;;
27.08.2024;11,601;;
27.08.2024;8,994;;
27.08.2024;7,372;;
27.08.2024;2,913;;
27.08.2024;0,507;;
27.08.2024;0,118;;
27.08.2024;0,233;;
27.08.2024;2,345;;
27.08.2024;5,25;;
27.08.2024;8,871;;
27.08.2024;11,606;;
27.08.2024;23,225;;
27.08.2024;21,792;;
27.08.2024;12,052;;
27.08.2024;10,521;;
27.08.2024;9,247;;
28.08.2024;9,047;;
28.08.2024;9,131;;
28.08.2024;8,748;;
28.08.2024;8,92;;
28.08.2024;9,174;;
28.08.2024;9,235;;
28.08.2024;11,499;;
28.08.2024;12,857;;
28.08.2024;12,1;;
28.08.2024;10,54;;
28.08.2024;8,756;;
28.08.2024;6,878;;
28.08.2024;3,514;;
28.08.2024;1,04;;
28.08.2024;0,817;;
28.08.2024;5,484;;
28.08.2024;7,856;;
28.08.2024;9,237;;
28.08.2024;11,157;;
28.08.2024;20,191;;
28.08.2024;20,403;;
28.08.2024;12,484;;
28.08.2024;11,176;;
28.08.2024;9,97;;
29.08.2024;9,353;;
29.08.2024;9,398;;
29.08.2024;8,981;;
29.08.2024;8,868;;
29.08.2024;8,937;;
29.08.2024;10,123;;
29.08.2024;12,546;;
29.08.2024;13,447;;
29.08.2024;12,624;;
29.08.2024;10,871;;
29.08.2024;9,219;;
29.08.2024;8,44;;
29.08.2024;6,578;;
29.08.2024;4,525;;
29.08.2024;5,132;;
29.08.2024;7,945;;
29.08.2024;9,015;;
29.08.2024;10,538;;
29.08.2024;12,351;;
29.08.2024;22,749;;
29.08.2024;28,927;;
29.08.2024;16,909;;
29.08.2024;12,5;;
29.08.2024;11,01;;
30.08.2024;10,988;;
30.08.2024;10,03;;
30.08.2024;9,353;;
30.08.2024;9,328;;
30.08.2024;9,762;;
30.08.2024;10,737;;
30.08.2024;13,683;;
30.08.2024;15,106;;
30.08.2024;13,355;;
30.08.2024;11,37;;
30.08.2024;9,824;;
30.08.2024;8,995;;
30.08.2024;8,613;;
30.08.2024;8,02;;
30.08.2024;7,908;;
30.08.2024;8,198;;
30.08.2024;8,635;;
30.08.2024;10,196;;
30.08.2024;11,999;;
30.08.2024;15,611;;
30.08.2024;13,729;;
30.08.2024;11,271;;
30.08.2024;9,683;;
30.08.2024;9,536;;
31.08.2024;10,767;;
31.08.2024;10,544;;
31.08.2024;10,206;;
31.08.2024;9,904;;
31.08.2024;9,665;;
31.08.2024;9,807;;
31.08.2024;10,997;;
31.08.2024;11,075;;
31.08.2024;10,997;;
31.08.2024;8,492;;
31.08.2024;6,013;;
31.08.2024;1,834;;
31.08.2024;0,047;;
31.08.2024;-0,059;;
31.08.2024;-0,08;;
31.08.2024;0,255;;
31.08.2024;2,371;;
31.08.2024;8,002;;
31.08.2024;11,73;;
31.08.2024;14,829;;
31.08.2024;12,678;;
31.08.2024;10,729;;
31.08.2024;9,985;;
31.08.2024;8,923;;
01.09.2024;9,376;;
01.09.2024;8,598;;
01.09.2024;8,037;;
01.09.2024;8,014;;
01.09.2024;8,12;;
01.09.2024;8,016;;
01.09.2024;7,949;;
01.09.2024;7,31;;
01.09.2024;6,063;;
01.09.2024;4,127;;
01.09.2024;1,273;;
01.09.2024;-0,079;;
01.09.2024;-0,917;;
01.09.2024;-2,4;;
01.09.2024;-1,994;;
01.09.2024;-0,499;;
01.09.2024;2,556;;
01.09.2024;7,828;;
01.09.2024;10,911;;
01.09.2024;13,16;;
01.09.2024;12,391;;
01.09.2024;10,763;;
01.09.2024;10,202;;
01.09.2024;9,15;;
02.09.2024;9,124;;
02.09.2024;9,477;;
02.09.2024;9,239;;
02.09.2024;9,251;;
02.09.2024;9,159;;
02.09.2024;10,152;;
02.09.2024;11,473;;
02.09.2024;13,495;;
02.09.2024;13,194;;
02.09.2024;12,264;;
02.09.2024;10,283;;
02.09.2024;9,082;;
02.09.2024;8,505;;
02.09.2024;8,119;;
02.09.2024;8,363;;
02.09.2024;8,824;;
02.09.2024;9,363;;
02.09.2024;11,288;;
02.09.2024;13,778;;
02.09.2024;25,54;;
02.09.2024;21,206;;
02.09.2024;13,19;;
02.09.2024;11,424;;
02.09.2024;10,384;;
03.09.2024;9,96;;
03.09.2024;9,31;;
03.09.2024;9,156;;
03.09.2024;9,327;;
03.09.2024;9,624;;
03.09.2024;10,268;;
03.09.2024;13,721;;
03.09.2024;15,106;;
03.09.2024;13,395;;
03.09.2024;11,598;;
03.09.2024;9,888;;
03.09.2024;9,002;;
03.09.2024;8,48;;
03.09.2024;8,269;;
03.09.2024;8,413;;
03.09.2024;8,667;;
03.09.2024;9,121;;
03.09.2024;12,393;;
03.09.2024;30,001;;
03.09.2024;65,637;;
03.09.2024;52,032;;
03.09.2024;21,697;;
03.09.2024;13,32;;
03.09.2024;11,756;;
04.09.2024;10,817;;
04.09.2024;10,102;;
04.09.2024;9,903;;
04.09.2024;9,998;;
04.09.2024;9,906;;
04.09.2024;10,937;;
04.09.2024;14,402;;
04.09.2024;18,116;;
04.09.2024;15,589;;
04.09.2024;12,529;;
04.09.2024;10,721;;
04.09.2024;9,606;;
04.09.2024;9,2;;
04.09.2024;9,049;;
04.09.2024;8,92;;
04.09.2024;9,272;;
04.09.2024;10,185;;
04.09.2024;12,397;;
04.09.2024;15,57;;
04.09.2024;32,007;;
04.09.2024;18,923;;
04.09.2024;13,042;;
04.09.2024;10,859;;
04.09.2024;9,958;;
05.09.2024;10,127;;
05.09.2024;9,46;;
05.09.2024;9;;
05.09.2024;8,711;;
05.09.2024;8,092;;
05.09.2024;8,47;;
05.09.2024;10,905;;
05.09.2024;11,36;;
05.09.2024;11,904;;
05.09.2024;9,768;;
05.09.2024;7,104;;
05.09.2024;0,011;;
05.09.2024;-0,305;;
05.09.2024;-1,17;;
05.09.2024;-1,968;;
05.09.2024;-0,702;;
05.09.2024;-0,001;;
05.09.2024;3,613;;
05.09.2024;8,495;;
05.09.2024;9,974;;
05.09.2024;9,293;;
05.09.2024;8,01;;
05.09.2024;8,003;;
05.09.2024;6,461;;
06.09.2024;6,479;;
06.09.2024;6,1;;
06.09.2024;5,122;;
06.09.2024;4,858;;
06.09.2024;5,775;;
06.09.2024;6,986;;
06.09.2024;9,329;;
06.09.2024;11,948;;
06.09.2024;12,037;;
06.09.2024;10,009;;
06.09.2024;8;;
06.09.2024;5,951;;
06.09.2024;3,154;;
06.09.2024;1,248;;
06.09.2024;1,453;;
06.09.2024;3,006;;
06.09.2024;7,118;;
06.09.2024;8,756;;
06.09.2024;10,027;;
06.09.2024;12,9;;
06.09.2024;13,649;;
06.09.2024;9,976;;
06.09.2024;9,536;;
06.09.2024;9,288;;
07.09.2024;10,247;;
07.09.2024;9,69;;
07.09.2024;9,63;;
07.09.2024;9,531;;
07.09.2024;9,829;;
07.09.2024;10,102;;
07.09.2024;10,388;;
07.09.2024;10,471;;
07.09.2024;9,544;;
07.09.2024;8,419;;
07.09.2024;5,152;;
07.09.2024;1,417;;
07.09.2024;0,548;;
07.09.2024;0,102;;
07.09.2024;0,044;;
07.09.2024;0,841;;
07.09.2024;4,962;;
07.09.2024;10,14;;
07.09.2024;12,857;;
07.09.2024;15,04;;
07.09.2024;13,3;;
07.09.2024;10,19;;
07.09.2024;9,232;;
07.09.2024;8,924;;
08.09.2024;9,391;;
08.09.2024;8,646;;
08.09.2024;8,368;;
08.09.2024;8,2;;
08.09.2024;8,239;;
08.09.2024;8,51;;
08.09.2024;8,336;;
08.09.2024;8,207;;
08.09.2024;7,673;;
08.09.2024;4,058;;
08.09.2024;0,829;;
08.09.2024;0,044;;
08.09.2024;0,004;;
08.09.2024;0,001;;
08.09.2024;0,116;;
08.09.2024;0,317;;
08.09.2024;5,862;;
08.09.2024;9,599;;
08.09.2024;11,955;;
08.09.2024;12,415;;
08.09.2024;12,812;;
08.09.2024;11,72;;
08.09.2024;10,58;;
08.09.2024;9,713;;
09.09.2024;8,641;;
09.09.2024;8,576;;
09.09.2024;8,41;;
09.09.2024;8,203;;
09.09.2024;8,511;;
09.09.2024;8,579;;
09.09.2024;11,847;;
09.09.2024;14,062;;
09.09.2024;15,957;;
09.09.2024;12,968;;
09.09.2024;11,087;;
09.09.2024;10,074;;
09.09.2024;9,498;;
09.09.2024;8,917;;
09.09.2024;8,206;;
09.09.2024;8,398;;
09.09.2024;7,868;;
09.09.2024;9,28;;
09.09.2024;11,315;;
09.09.2024;11,456;;
09.09.2024;11,153;;
09.09.2024;9,602;;
09.09.2024;8,794;;
09.09.2024;7,952;;
10.09.2024;6,734;;
10.09.2024;5,979;;
10.09.2024;6,147;;
10.09.2024;6,136;;
10.09.2024;6,73;;
10.09.2024;8,092;;
10.09.2024;10,312;;
10.09.2024;12,99;;
10.09.2024;11,494;;
10.09.2024;10;;
10.09.2024;5,992;;
10.09.2024;0,952;;
10.09.2024;0,004;;
10.09.2024;-0,007;;
10.09.2024;-0,016;;
10.09.2024;-0,004;;
10.09.2024;0,022;;
10.09.2024;2,177;;
10.09.2024;8,04;;
10.09.2024;9,291;;
10.09.2024;8,325;;
10.09.2024;8,202;;
10.09.2024;7,663;;
10.09.2024;6,438;;
11.09.2024;4;;
11.09.2024;3,991;;
11.09.2024;3,299;;
11.09.2024;3,373;;
11.09.2024;3,893;;
11.09.2024;6,156;;
11.09.2024;8,679;;
11.09.2024;9,755;;
11.09.2024;11,072;;
11.09.2024;9,76;;
11.09.2024;7,681;;
11.09.2024;6,751;;
11.09.2024;6,245;;
11.09.2024;6,385;;
11.09.2024;6,9;;
11.09.2024;6,905;;
11.09.2024;7,675;;
11.09.2024;10,139;;
11.09.2024;11,514;;
11.09.2024;14,286;;
11.09.2024;13,836;;
11.09.2024;11,514;;
11.09.2024;10,297;;
11.09.2024;10,149;;
12.09.2024;9,006;;
12.09.2024;8,41;;
12.09.2024;8,393;;
12.09.2024;8,345;;
12.09.2024;8,502;;
12.09.2024;8,692;;
12.09.2024;10,796;;
12.09.2024;13,494;;
12.09.2024;13,594;;
12.09.2024;10,336;;
12.09.2024;8,5;;
12.09.2024;8,041;;
12.09.2024;7,862;;
12.09.2024;7,823;;
12.09.2024;8,011;;
12.09.2024;8,493;;
12.09.2024;9,167;;
12.09.2024;10,974;;
12.09.2024;14,519;;
12.09.2024;30,001;;
12.09.2024;25,002;;
12.09.2024;12,5;;
12.09.2024;9,947;;
12.09.2024;9,204;;
13.09.2024;9,997;;
13.09.2024;9,152;;
13.09.2024;8,731;;
13.09.2024;8,676;;
13.09.2024;8,463;;
13.09.2024;8,792;;
13.09.2024;10,049;;
13.09.2024;11,996;;
13.09.2024;13,224;;
13.09.2024;11,624;;
13.09.2024;10,254;;
13.09.2024;9,499;;
13.09.2024;8,855;;
13.09.2024;7,75;;
13.09.2024;6,696;;
13.09.2024;7,22;;
13.09.2024;7,43;;
13.09.2024;7,985;;
13.09.2024;9,647;;
13.09.2024;10;;
13.09.2024;9,425;;
13.09.2024;8,457;;
13.09.2024;7,93;;
13.09.2024;6,099;;
14.09.2024;5,561;;
14.09.2024;5,001;;
14.09.2024;4,333;;
14.09.2024;4,518;;
14.09.2024;4,67;;
14.09.2024;4,427;;
14.09.2024;5,535;;
14.09.2024;6,5;;
14.09.2024;7,554;;
14.09.2024;6,66;;
14.09.2024;4,102;;
14.09.2024;0,808;;
14.09.2024;0,086;;
14.09.2024;-0,006;;
14.09.2024;-0,046;;
14.09.2024;-0,007;;
14.09.2024;0,954;;
14.09.2024;6,509;;
14.09.2024;9,439;;
14.09.2024;12,658;;
14.09.2024;11,785;;
14.09.2024;10,309;;
14.09.2024;9,375;;
14.09.2024;8,476;;
15.09.2024;7,811;;
15.09.2024;7,007;;
15.09.2024;6,66;;
15.09.2024;6,715;;
15.09.2024;6,366;;
15.09.2024;6,561;;
15.09.2024;6,918;;
15.09.2024;8,542;;
15.09.2024;7,696;;
15.09.2024;5,407;;
15.09.2024;1,092;;
15.09.2024;0,007;;
15.09.2024;0;;
15.09.2024;-0,001;;
15.09.2024;-0,041;;
15.09.2024;-0,027;;
15.09.2024;1,97;;
15.09.2024;8,225;;
15.09.2024;11,28;;
15.09.2024;13,316;;
15.09.2024;12,36;;
15.09.2024;11,268;;
15.09.2024;10,711;;
15.09.2024;9,26;;
16.09.2024;9,299;;
16.09.2024;8,814;;
16.09.2024;8,726;;
16.09.2024;8,493;;
16.09.2024;8,434;;
16.09.2024;8,831;;
16.09.2024;11,097;;
16.09.2024;13;;
16.09.2024;14,606;;
16.09.2024;12,64;;
16.09.2024;11,263;;
16.09.2024;10,502;;
16.09.2024;9,602;;
16.09.2024;8,689;;
16.09.2024;8,086;;
16.09.2024;7,537;;
16.09.2024;7,63;;
16.09.2024;8,698;;
16.09.2024;10,787;;
16.09.2024;11,257;;
16.09.2024;10,901;;
16.09.2024;9,01;;
16.09.2024;7,881;;
16.09.2024;8,153;;
17.09.2024;8,554;;
17.09.2024;8,23;;
17.09.2024;8,051;;
17.09.2024;7,984;;
17.09.2024;8,004;;
17.09.2024;9,152;;
17.09.2024;10,832;;
17.09.2024;13,394;;
17.09.2024;13,752;;
17.09.2024;10,891;;
17.09.2024;9,652;;
17.09.2024;8,239;;
17.09.2024;5,981;;
17.09.2024;4,177;;
17.09.2024;2,564;;
17.09.2024;4,444;;
17.09.2024;7,429;;
17.09.2024;9,35;;
17.09.2024;11,299;;
17.09.2024;13,253;;
17.09.2024;11,124;;
17.09.2024;9,612;;
17.09.2024;8,994;;
17.09.2024;8,384;;
18.09.2024;8,516;;
18.09.2024;8,094;;
18.09.2024;8,371;;
18.09.2024;8,367;;
18.09.2024;8,251;;
18.09.2024;8,992;;
18.09.2024;10,509;;
18.09.2024;14,192;;
18.09.2024;13,307;;
18.09.2024;10,244;;
18.09.2024;7,9;;
18.09.2024;5,532;;
18.09.2024;0,549;;
18.09.2024;0;;
18.09.2024;-0,009;;
18.09.2024;0,104;;
18.09.2024;4,005;;
18.09.2024;8,752;;
18.09.2024;11,391;;
18.09.2024;12,992;;
18.09.2024;10,82;;
18.09.2024;9,325;;
18.09.2024;8,992;;
18.09.2024;7,949;;
19.09.2024;7,64;;
19.09.2024;7,753;;
19.09.2024;7,803;;
19.09.2024;7,735;;
19.09.2024;7,926;;
19.09.2024;8,999;;
19.09.2024;11,347;;
19.09.2024;14,324;;
19.09.2024;12,412;;
19.09.2024;9,764;;
19.09.2024;7,481;;
19.09.2024;5,041;;
19.09.2024;0,497;;
19.09.2024;-0,006;;
19.09.2024;-0,009;;
19.09.2024;1,091;;
19.09.2024;5,855;;
19.09.2024;9,105;;
19.09.2024;11,453;;
19.09.2024;13,43;;
19.09.2024;11,35;;
19.09.2024;9,11;;
19.09.2024;8,897;;
19.09.2024;7,887;;
20.09.2024;7,261;;
20.09.2024;7,404;;
20.09.2024;7,342;;
20.09.2024;7,317;;
20.09.2024;7,452;;
20.09.2024;8,909;;
20.09.2024;10,806;;
20.09.2024;14,145;;
20.09.2024;10,86;;
20.09.2024;8,892;;
20.09.2024;6,205;;
20.09.2024;2,469;;
20.09.2024;0,824;;
20.09.2024;-0,001;;
20.09.2024;0,007;;
20.09.2024;0,756;;
20.09.2024;4,368;;
20.09.2024;8,412;;
20.09.2024;10,601;;
20.09.2024;14,572;;
20.09.2024;10,884;;
20.09.2024;9,107;;
20.09.2024;8,78;;
20.09.2024;8,708;;
21.09.2024;8,829;;
21.09.2024;8,53;;
21.09.2024;8,2;;
21.09.2024;8,219;;
21.09.2024;8,638;;
21.09.2024;8,948;;
21.09.2024;9,969;;
21.09.2024;9,776;;
21.09.2024;8,53;;
21.09.2024;6,099;;
21.09.2024;2,2;;
21.09.2024;0,315;;
21.09.2024;0;;
21.09.2024;-0,336;;
21.09.2024;-0,395;;
21.09.2024;0,109;;
21.09.2024;4,726;;
21.09.2024;9,719;;
21.09.2024;12,75;;
21.09.2024;14,199;;
21.09.2024;11,25;;
21.09.2024;9,593;;
21.09.2024;9,36;;
21.09.2024;8,83;;
22.09.2024;9,773;;
22.09.2024;9,005;;
22.09.2024;8,999;;
22.09.2024;8,95;;
22.09.2024;9,075;;
22.09.2024;9,065;;
22.09.2024;9,488;;
22.09.2024;9,731;;
22.09.2024;8,648;;
22.09.2024;6,279;;
22.09.2024;2,617;;
22.09.2024;1,113;;
22.09.2024;0,769;;
22.09.2024;-0,008;;
22.09.2024;0,001;;
22.09.2024;0,966;;
22.09.2024;6,16;;
22.09.2024;10,627;;
22.09.2024;13,223;;
22.09.2024;15,718;;
22.09.2024;12,611;;
22.09.2024;10,954;;
22.09.2024;9,872;;
22.09.2024;9,2;;
23.09.2024;9,08;;
23.09.2024;8,408;;
23.09.2024;8,52;;
23.09.2024;8,715;;
23.09.2024;8,693;;
23.09.2024;9,73;;
23.09.2024;13,34;;
23.09.2024;20,373;;
23.09.2024;15,133;;
23.09.2024;10,999;;
23.09.2024;9,466;;
23.09.2024;8,016;;
23.09.2024;7,894;;
23.09.2024;7,655;;
23.09.2024;7,677;;
23.09.2024;8,098;;
23.09.2024;10,225;;
23.09.2024;13,601;;
23.09.2024;24,026;;
23.09.2024;32,839;;
23.09.2024;17,864;;
23.09.2024;11,671;;
23.09.2024;10,093;;
23.09.2024;9,154;;
24.09.2024;8,82;;
24.09.2024;8,251;;
24.09.2024;8,369;;
24.09.2024;8,502;;
24.09.2024;8,326;;
24.09.2024;8,829;;
24.09.2024;11,075;;
24.09.2024;14,196;;
24.09.2024;12,74;;
24.09.2024;10,602;;
24.09.2024;9,261;;
24.09.2024;8,387;;
24.09.2024;7,575;;
24.09.2024;6,899;;
24.09.2024;6,159;;
24.09.2024;7,494;;
24.09.2024;8,327;;
24.09.2024;10,404;;
24.09.2024;11,905;;
24.09.2024;12,413;;
24.09.2024;10,17;;
24.09.2024;8,044;;
24.09.2024;7,448;;
24.09.2024;6,058;;
25.09.2024;5,148;;
25.09.2024;4,218;;
25.09.2024;3,92;;
25.09.2024;3,945;;
25.09.2024;5,477;;
25.09.2024;6,395;;
25.09.2024;7,834;;
25.09.2024;8,377;;
25.09.2024;8,815;;
25.09.2024;7,032;;
25.09.2024;4,946;;
25.09.2024;2,524;;
25.09.2024;1,91;;
25.09.2024;1,878;;
25.09.2024;5,553;;
25.09.2024;7,223;;
25.09.2024;8,969;;
25.09.2024;10,785;;
25.09.2024;15,62;;
25.09.2024;19,542;;
25.09.2024;13,184;;
25.09.2024;9,661;;
25.09.2024;9,164;;
25.09.2024;8,222;;
26.09.2024;6,602;;
26.09.2024;5,878;;
26.09.2024;5,234;;
26.09.2024;4,987;;
26.09.2024;4,553;;
26.09.2024;4,971;;
26.09.2024;7,203;;
26.09.2024;8,52;;
26.09.2024;8,34;;
26.09.2024;6,733;;
26.09.2024;4,923;;
26.09.2024;3,162;;
26.09.2024;1,7;;
26.09.2024;1,208;;
26.09.2024;1,268;;
26.09.2024;3,79;;
26.09.2024;5,491;;
26.09.2024;7,365;;
26.09.2024;8;;
26.09.2024;8,9;;
26.09.2024;7,893;;
26.09.2024;6,284;;
26.09.2024;5,372;;
26.09.2024;3,63;;
27.09.2024;-0,006;;
27.09.2024;0,004;;
27.09.2024;-0,001;;
27.09.2024;-0,059;;
27.09.2024;-0,02;;
27.09.2024;-0,003;;
27.09.2024;0;;
27.09.2024;2,592;;
27.09.2024;3,992;;
27.09.2024;0,553;;
27.09.2024;-0,009;;
27.09.2024;-0,375;;
27.09.2024;-0,556;;
27.09.2024;-0,632;;
27.09.2024;-0,505;;
27.09.2024;-0,011;;
27.09.2024;0;;
27.09.2024;3,783;;
27.09.2024;6,255;;
27.09.2024;6,047;;
27.09.2024;5,957;;
27.09.2024;3,309;;
27.09.2024;2,603;;
27.09.2024;2,5;;
28.09.2024;0,177;;
28.09.2024;0,303;;
28.09.2024;0,329;;
28.09.2024;0,316;;
28.09.2024;0,327;;
28.09.2024;0,415;;
28.09.2024;1,196;;
28.09.2024;2,228;;
28.09.2024;2,621;;
28.09.2024;1,891;;
28.09.2024;0,975;;
28.09.2024;0,378;;
28.09.2024;0,065;;
28.09.2024;0;;
28.09.2024;0;;
28.09.2024;0,006;;
28.09.2024;0,982;;
28.09.2024;6,323;;
28.09.2024;8,028;;
28.09.2024;10,008;;
28.09.2024;9,631;;
28.09.2024;8,07;;
28.09.2024;8,028;;
28.09.2024;7,473;;
29.09.2024;6,066;;
29.09.2024;4,55;;
29.09.2024;4,416;;
29.09.2024;4,335;;
29.09.2024;5,774;;
29.09.2024;7,363;;
29.09.2024;7,7;;
29.09.2024;9,8;;
29.09.2024;9,688;;
29.09.2024;5,443;;
29.09.2024;0,133;;
29.09.2024;0;;
29.09.2024;-0,001;;
29.09.2024;-0,05;;
29.09.2024;-0,045;;
29.09.2024;0;;
29.09.2024;4,324;;
29.09.2024;9,401;;
29.09.2024;15,259;;
29.09.2024;16,732;;
29.09.2024;10,961;;
29.09.2024;8,013;;
29.09.2024;6,43;;
29.09.2024;3,739;;
30.09.2024;1,9;;
30.09.2024;1,145;;
30.09.2024;0,84;;
30.09.2024;0,553;;
30.09.2024;0,561;;
30.09.2024;1,698;;
30.09.2024;4,564;;
30.09.2024;9,042;;
30.09.2024;9,355;;
30.09.2024;6,846;;
30.09.2024;4,441;;
30.09.2024;2,091;;
30.09.2024;0,928;;
30.09.2024;0,206;;
30.09.2024;0,763;;
30.09.2024;2,196;;
30.09.2024;3,513;;
30.09.2024;6,46;;
30.09.2024;7,036;;
30.09.2024;6,424;;
30.09.2024;4,235;;
30.09.2024;2,193;;
30.09.2024;2,001;;
30.09.2024;0,984;;
01.10.2024;0,321;;
01.10.2024;0,007;;
01.10.2024;0,005;;
01.10.2024;0,002;;
01.10.2024;0,009;;
01.10.2024;0,68;;
01.10.2024;6,396;;
01.10.2024;10,335;;
01.10.2024;11,498;;
01.10.2024;10,041;;
01.10.2024;7,648;;
01.10.2024;6,821;;
01.10.2024;5,86;;
01.10.2024;5,566;;
01.10.2024;5,651;;
01.10.2024;6,218;;
01.10.2024;9,894;;
01.10.2024;10,958;;
01.10.2024;13,39;;
01.10.2024;13,651;;
01.10.2024;11,854;;
01.10.2024;9,23;;
01.10.2024;9,145;;
01.10.2024;7,624;;
02.10.2024;8,544;;
02.10.2024;8,088;;
02.10.2024;7,709;;
02.10.2024;7,493;;
02.10.2024;7,714;;
02.10.2024;8,11;;
02.10.2024;9,653;;
02.10.2024;11,883;;
02.10.2024;13,57;;
02.10.2024;11,759;;
02.10.2024;10,321;;
02.10.2024;9,652;;
02.10.2024;9,045;;
02.10.2024;8,644;;
02.10.2024;7,887;;
02.10.2024;8,207;;
02.10.2024;8,151;;
02.10.2024;10,01;;
02.10.2024;11,701;;
02.10.2024;13,007;;
02.10.2024;11,437;;
02.10.2024;9,654;;
02.10.2024;9,33;;
02.10.2024;8,5;;
03.10.2024;6,733;;
03.10.2024;6,586;;
03.10.2024;6,514;;
03.10.2024;6,418;;
03.10.2024;6,398;;
03.10.2024;6,44;;
03.10.2024;6,543;;
03.10.2024;7,337;;
03.10.2024;7,667;;
03.10.2024;7,29;;
03.10.2024;6,928;;
03.10.2024;6,304;;
03.10.2024;4,709;;
03.10.2024;3,398;;
03.10.2024;3,914;;
03.10.2024;5,136;;
03.10.2024;6,604;;
03.10.2024;8,97;;
03.10.2024;11,007;;
03.10.2024;11,532;;
03.10.2024;10,828;;
03.10.2024;9,876;;
03.10.2024;9,096;;
03.10.2024;8,146;;
04.10.2024;7,39;;
04.10.2024;7,252;;
04.10.2024;7,21;;
04.10.2024;7,2;;
04.10.2024;7,233;;
04.10.2024;7,71;;
04.10.2024;10,3;;
04.10.2024;12,654;;
04.10.2024;14,142;;
04.10.2024;11,627;;
04.10.2024;10,009;;
04.10.2024;8,5;;
04.10.2024;7,507;;
04.10.2024;7,349;;
04.10.2024;7,582;;
04.10.2024;7,907;;
04.10.2024;8,98;;
04.10.2024;10,71;;
04.10.2024;13,197;;
04.10.2024;14,902;;
04.10.2024;12,37;;
04.10.2024;9,99;;
04.10.2024;9,99;;
04.10.2024;9;;
05.10.2024;9,31;;
05.10.2024;8,464;;
05.10.2024;8,14;;
05.10.2024;7,554;;
05.10.2024;7,572;;
05.10.2024;7,982;;
05.10.2024;8,62;;
05.10.2024;10,04;;
05.10.2024;11,062;;
05.10.2024;10,3;;
05.10.2024;8,242;;
05.10.2024;6,827;;
05.10.2024;5,144;;
05.10.2024;3,888;;
05.10.2024;4,349;;
05.10.2024;6,292;;
05.10.2024;7,712;;
05.10.2024;9,948;;
05.10.2024;14,865;;
05.10.2024;14,328;;
05.10.2024;10,723;;
05.10.2024;9,656;;
05.10.2024;8,523;;
05.10.2024;6,7;;
06.10.2024;6,704;;
06.10.2024;6,397;;
06.10.2024;6,283;;
06.10.2024;6,335;;
06.10.2024;6,271;;
06.10.2024;6,397;;
06.10.2024;6,341;;
06.10.2024;7,281;;
06.10.2024;7,72;;
06.10.2024;6,606;;
06.10.2024;3,528;;
06.10.2024;1,668;;
06.10.2024;0,525;;
06.10.2024;-0,001;;
06.10.2024;-0,001;;
06.10.2024;0,02;;
06.10.2024;5,96;;
06.10.2024;9,094;;
06.10.2024;10,63;;
06.10.2024;9,722;;
06.10.2024;7,298;;
06.10.2024;5,937;;
06.10.2024;5,869;;
06.10.2024;5,171;;
07.10.2024;3,458;;
07.10.2024;3,534;;
07.10.2024;3,325;;
07.10.2024;3,015;;
07.10.2024;3,609;;
07.10.2024;4,673;;
07.10.2024;6,759;;
07.10.2024;10,092;;
07.10.2024;10,832;;
07.10.2024;9,186;;
07.10.2024;6,609;;
07.10.2024;6,022;;
07.10.2024;5,411;;
07.10.2024;4,329;;
07.10.2024;5,5;;
07.10.2024;6,701;;
07.10.2024;9,79;;
07.10.2024;12,071;;
07.10.2024;23,765;;
07.10.2024;22,953;;
07.10.2024;12,198;;
07.10.2024;9,993;;
07.10.2024;9,191;;
07.10.2024;7,912;;
08.10.2024;7,233;;
08.10.2024;6,707;;
08.10.2024;6,399;;
08.10.2024;5,967;;
08.10.2024;5,969;;
08.10.2024;6,743;;
08.10.2024;8,597;;
08.10.2024;11,037;;
08.10.2024;10,624;;
08.10.2024;8,5;;
08.10.2024;8,033;;
08.10.2024;8,05;;
08.10.2024;7,6;;
08.10.2024;8,253;;
08.10.2024;8,839;;
08.10.2024;9,008;;
08.10.2024;10,119;;
08.10.2024;12,634;;
08.10.2024;15,677;;
08.10.2024;16,82;;
08.10.2024;11,441;;
08.10.2024;9,49;;
08.10.2024;8,66;;
08.10.2024;6,76;;
09.10.2024;6,193;;
09.10.2024;6;;
09.10.2024;5,748;;
09.10.2024;5,432;;
09.10.2024;5,732;;
09.10.2024;6,387;;
09.10.2024;8,67;;
09.10.2024;11,119;;
09.10.2024;11,098;;
09.10.2024;8,7;;
09.10.2024;7,209;;
09.10.2024;5,99;;
09.10.2024;5,98;;
09.10.2024;5,985;;
09.10.2024;6,763;;
09.10.2024;7,717;;
09.10.2024;9,5;;
09.10.2024;11,745;;
09.10.2024;12,253;;
09.10.2024;12,712;;
09.10.2024;11,105;;
09.10.2024;9,58;;
09.10.2024;9,51;;
09.10.2024;8,234;;
10.10.2024;6,119;;
10.10.2024;4,689;;
10.10.2024;3,775;;
10.10.2024;3,2;;
10.10.2024;2,964;;
10.10.2024;3,96;;
10.10.2024;6,21;;
10.10.2024;8,49;;
10.10.2024;8,046;;
10.10.2024;6,75;;
10.10.2024;5,201;;
10.10.2024;3,893;;
10.10.2024;2,189;;
10.10.2024;1,594;;
10.10.2024;2,001;;
10.10.2024;3,837;;
10.10.2024;5,85;;
10.10.2024;8,582;;
10.10.2024;9,607;;
10.10.2024;11,932;;
10.10.2024;10,119;;
10.10.2024;9,041;;
10.10.2024;8,316;;
10.10.2024;6,993;;
11.10.2024;7,996;;
11.10.2024;7,321;;
11.10.2024;7,17;;
11.10.2024;6,791;;
11.10.2024;6,956;;
11.10.2024;7,339;;
11.10.2024;9,995;;
11.10.2024;14,041;;
11.10.2024;15,549;;
11.10.2024;11,001;;
11.10.2024;9;;
11.10.2024;7,235;;
11.10.2024;6,165;;
11.10.2024;5,717;;
11.10.2024;5,956;;
11.10.2024;6,696;;
11.10.2024;7,335;;
11.10.2024;11,278;;
11.10.2024;16,786;;
11.10.2024;17,424;;
11.10.2024;12,131;;
11.10.2024;9,979;;
11.10.2024;9,841;;
11.10.2024;8,783;;
12.10.2024;9,009;;
12.10.2024;7,942;;
12.10.2024;7,558;;
12.10.2024;7,502;;
12.10.2024;7,192;;
12.10.2024;6,79;;
12.10.2024;7,163;;
12.10.2024;6,873;;
12.10.2024;6,891;;
12.10.2024;4,182;;
12.10.2024;3,53;;
12.10.2024;3,428;;
12.10.2024;2,479;;
12.10.2024;1,433;;
12.10.2024;2,334;;
12.10.2024;4,635;;
12.10.2024;6,318;;
12.10.2024;7,602;;
12.10.2024;8,086;;
12.10.2024;7,762;;
12.10.2024;6,019;;
12.10.2024;4,542;;
12.10.2024;3,487;;
12.10.2024;2,537;;
13.10.2024;0;;
13.10.2024;-0,001;;
13.10.2024;-0,007;;
13.10.2024;-0,037;;
13.10.2024;-0,051;;
13.10.2024;-0,009;;
13.10.2024;-0,03;;
13.10.2024;-0,004;;
13.10.2024;-0,007;;
13.10.2024;-0,086;;
13.10.2024;-0,064;;
13.10.2024;-0,197;;
13.10.2024;-0,749;;
13.10.2024;-1,516;;
13.10.2024;-1,569;;
13.10.2024;-0,501;;
13.10.2024;-0,199;;
13.10.2024;0,006;;
13.10.2024;3,583;;
13.10.2024;5,405;;
13.10.2024;3,951;;
13.10.2024;3,843;;
13.10.2024;4,013;;
13.10.2024;3,681;;
14.10.2024;3,71;;
14.10.2024;3,525;;
14.10.2024;3,517;;
14.10.2024;3,436;;
14.10.2024;3,933;;
14.10.2024;6,22;;
14.10.2024;9,874;;
14.10.2024;13,289;;
14.10.2024;15,361;;
14.10.2024;11,794;;
14.10.2024;10,095;;
14.10.2024;9,553;;
14.10.2024;8,836;;
14.10.2024;8,26;;
14.10.2024;7,416;;
14.10.2024;8,708;;
14.10.2024;10,579;;
14.10.2024;15,959;;
14.10.2024;25,71;;
14.10.2024;26,974;;
14.10.2024;15,8;;
14.10.2024;11,412;;
14.10.2024;9,966;;
14.10.2024;9,48;;
15.10.2024;9,123;;
15.10.2024;8,649;;
15.10.2024;8,835;;
15.10.2024;8,404;;
15.10.2024;8,08;;
15.10.2024;8,951;;
15.10.2024;11,453;;
15.10.2024;18,539;;
15.10.2024;17,661;;
15.10.2024;11,054;;
15.10.2024;9,275;;
15.10.2024;8,305;;
15.10.2024;7,847;;
15.10.2024;7,175;;
15.10.2024;7,59;;
15.10.2024;8,336;;
15.10.2024;8,903;;
15.10.2024;12,069;;
15.10.2024;13,679;;
15.10.2024;9,731;;
15.10.2024;7,626;;
15.10.2024;6,665;;
15.10.2024;5,965;;
15.10.2024;4,078;;
16.10.2024;2,335;;
16.10.2024;1,28;;
16.10.2024;0,53;;
16.10.2024;0,361;;
16.10.2024;0,316;;
16.10.2024;0,82;;
16.10.2024;4,259;;
16.10.2024;6,729;;
16.10.2024;6,652;;
16.10.2024;5,429;;
16.10.2024;2,668;;
16.10.2024;1,416;;
16.10.2024;0,409;;
16.10.2024;0,204;;
16.10.2024;0,4;;
16.10.2024;1,418;;
16.10.2024;5,492;;
16.10.2024;7,295;;
16.10.2024;8,447;;
16.10.2024;8,838;;
16.10.2024;6,531;;
16.10.2024;6,186;;
16.10.2024;3,514;;
16.10.2024;2,654;;
17.10.2024;1,704;;
17.10.2024;1,215;;
17.10.2024;1,048;;
17.10.2024;0,561;;
17.10.2024;1,001;;
17.10.2024;2,98;;
17.10.2024;7,051;;
17.10.2024;10,139;;
17.10.2024;9,253;;
17.10.2024;7,376;;
17.10.2024;6,222;;
17.10.2024;5,202;;
17.10.2024;4,654;;
17.10.2024;4,752;;
17.10.2024;6,004;;
17.10.2024;6,355;;
17.10.2024;9,268;;
17.10.2024;12,36;;
17.10.2024;18,621;;
17.10.2024;17,219;;
17.10.2024;11,75;;
17.10.2024;9,781;;
17.10.2024;8,905;;
17.10.2024;8,221;;
18.10.2024;8,095;;
18.10.2024;8,116;;
18.10.2024;8,273;;
18.10.2024;7,884;;
18.10.2024;8,119;;
18.10.2024;8,434;;
18.10.2024;9,889;;
18.10.2024;14,978;;
18.10.2024;15,624;;
18.10.2024;11,1;;
18.10.2024;9,576;;
18.10.2024;8,53;;
18.10.2024;8,296;;
18.10.2024;8,02;;
18.10.2024;8,119;;
18.10.2024;8,434;;
18.10.2024;10,329;;
18.10.2024;13,367;;
18.10.2024;18,128;;
18.10.2024;14,258;;
18.10.2024;10,325;;
18.10.2024;9,683;;
18.10.2024;9,326;;
18.10.2024;8,554;;
19.10.2024;8,706;;
19.10.2024;8,303;;
19.10.2024;7,991;;
19.10.2024;7,526;;
19.10.2024;7,587;;
19.10.2024;7,677;;
19.10.2024;8;;
19.10.2024;9,191;;
19.10.2024;8,966;;
19.10.2024;8,46;;
19.10.2024;7,88;;
19.10.2024;7,332;;
19.10.2024;6,616;;
19.10.2024;6,096;;
19.10.2024;6,389;;
19.10.2024;7,907;;
19.10.2024;9,809;;
19.10.2024;10,914;;
19.10.2024;13,582;;
19.10.2024;11,893;;
19.10.2024;9,68;;
19.10.2024;9,018;;
19.10.2024;8,383;;
19.10.2024;7,333;;
20.10.2024;5,557;;
20.10.2024;5,49;;
20.10.2024;5,723;;
20.10.2024;5,982;;
20.10.2024;6,292;;
20.10.2024;6,691;;
20.10.2024;6,423;;
20.10.2024;7,532;;
20.10.2024;6,828;;
20.10.2024;4,575;;
20.10.2024;0,637;;
20.10.2024;0,008;;
20.10.2024;0;;
20.10.2024;-0,098;;
20.10.2024;-0,201;;
20.10.2024;0;;
20.10.2024;0,51;;
20.10.2024;5,769;;
20.10.2024;6,07;;
20.10.2024;4,508;;
20.10.2024;3,435;;
20.10.2024;2,095;;
20.10.2024;1,215;;
20.10.2024;0,193;;
21.10.2024;-0,01;;
21.10.2024;-0,01;;
21.10.2024;-0,014;;
21.10.2024;-0,008;;
21.10.2024;-0,004;;
21.10.2024;0,345;;
21.10.2024;6,66;;
21.10.2024;10,498;;
21.10.2024;12,039;;
21.10.2024;10,39;;
21.10.2024;8,904;;
21.10.2024;8,103;;
21.10.2024;7,319;;
21.10.2024;8,136;;
21.10.2024;8,165;;
21.10.2024;9,859;;
21.10.2024;12,35;;
21.10.2024;13,154;;
21.10.2024;22,211;;
21.10.2024;19,087;;
21.10.2024;12,844;;
21.10.2024;10,2;;
21.10.2024;9,78;;
21.10.2024;9,297;;
22.10.2024;9,167;;
22.10.2024;8,943;;
22.10.2024;8,569;;
22.10.2024;8,36;;
22.10.2024;8,319;;
22.10.2024;8,995;;
22.10.2024;10,058;;
22.10.2024;15,609;;
22.10.2024;17,012;;
22.10.2024;11,344;;
22.10.2024;9,922;;
22.10.2024;8,775;;
22.10.2024;7,711;;
22.10.2024;7,088;;
22.10.2024;7,353;;
22.10.2024;8,708;;
22.10.2024;10,745;;
22.10.2024;10,997;;
22.10.2024;14,036;;
22.10.2024;15,775;;
22.10.2024;11,402;;
22.10.2024;9,94;;
22.10.2024;9,572;;
22.10.2024;8,835;;
23.10.2024;8,083;;
23.10.2024;8,323;;
23.10.2024;8,202;;
23.10.2024;8,321;;
23.10.2024;8,58;;
23.10.2024;9,36;;
23.10.2024;10,819;;
23.10.2024;17,279;;
23.10.2024;18,313;;
23.10.2024;12,842;;
23.10.2024;10,41;;
23.10.2024;9,386;;
23.10.2024;8,562;;
23.10.2024;8,099;;
23.10.2024;7,897;;
23.10.2024;8,862;;
23.10.2024;10,19;;
23.10.2024;14,715;;
23.10.2024;21,818;;
23.10.2024;17,76;;
23.10.2024;11,171;;
23.10.2024;10,151;;
23.10.2024;10,333;;
23.10.2024;9,316;;
24.10.2024;9,175;;
24.10.2024;8,242;;
24.10.2024;8,067;;
24.10.2024;8,029;;
24.10.2024;8,045;;
24.10.2024;8,382;;
24.10.2024;10,321;;
24.10.2024;14,829;;
24.10.2024;17,127;;
24.10.2024;11,73;;
24.10.2024;10,191;;
24.10.2024;9,305;;
24.10.2024;8,396;;
24.10.2024;7,915;;
24.10.2024;8,151;;
24.10.2024;9,57;;
24.10.2024;11,617;;
24.10.2024;12,99;;
24.10.2024;14,153;;
24.10.2024;11,419;;
24.10.2024;9,661;;
24.10.2024;9,364;;
24.10.2024;8,99;;
24.10.2024;8,361;;
25.10.2024;8,25;;
25.10.2024;8,207;;
25.10.2024;7,969;;
25.10.2024;8,26;;
25.10.2024;8,447;;
25.10.2024;9,459;;
25.10.2024;10,894;;
25.10.2024;12,375;;
25.10.2024;15,059;;
25.10.2024;12,243;;
25.10.2024;10,815;;
25.10.2024;9,39;;
25.10.2024;8,108;;
25.10.2024;7,818;;
25.10.2024;8,247;;
25.10.2024;9,933;;
25.10.2024;11,803;;
25.10.2024;15,873;;
25.10.2024;22,732;;
25.10.2024;18,485;;
25.10.2024;12,386;;
25.10.2024;11,629;;
25.10.2024;11,396;;
25.10.2024;10,74;;
26.10.2024;11,529;;
26.10.2024;10,964;;
26.10.2024;10,695;;
26.10.2024;10,779;;
26.10.2024;10,57;;
26.10.2024;10,682;;
26.10.2024;11,393;;
26.10.2024;12,571;;
26.10.2024;12,6;;
26.10.2024;11,757;;
26.10.2024;10,139;;
26.10.2024;8,148;;
26.10.2024;6,835;;
26.10.2024;6,33;;
26.10.2024;6,455;;
26.10.2024;8,144;;
26.10.2024;10,06;;
26.10.2024;12,573;;
26.10.2024;15,09;;
26.10.2024;11,874;;
26.10.2024;9,648;;
26.10.2024;8,876;;
26.10.2024;8,75;;
26.10.2024;7,663;;
27.10.2024;9,222;;
27.10.2024;8,4;;
27.10.2024;8,223;;
27.10.2024;8,043;;
27.10.2024;7,941;;
27.10.2024;7,879;;
27.10.2024;8,514;;
27.10.2024;8,921;;
27.10.2024;8,805;;
27.10.2024;8,434;;
27.10.2024;6,648;;
27.10.2024;5,472;;
27.10.2024;4,25;;
27.10.2024;3,999;;
27.10.2024;4;;
27.10.2024;6,433;;
27.10.2024;11,153;;
27.10.2024;12,367;;
27.10.2024;14,83;;
27.10.2024;14,571;;
27.10.2024;13,047;;
27.10.2024;11,815;;
27.10.2024;11,201;;
27.10.2024;11,368;;
27.10.2024;10,299;;
28.10.2024;9,56;;
28.10.2024;9,437;;
28.10.2024;8,874;;
28.10.2024;8,409;;
28.10.2024;8,626;;
28.10.2024;9,993;;
28.10.2024;10,992;;
28.10.2024;13,001;;
28.10.2024;12,738;;
28.10.2024;11,618;;
28.10.2024;9,761;;
28.10.2024;9,831;;
28.10.2024;9,493;;
28.10.2024;10,133;;
28.10.2024;11,393;;
28.10.2024;12,136;;
28.10.2024;12,42;;
28.10.2024;14,111;;
28.10.2024;14,88;;
28.10.2024;14,612;;
28.10.2024;12,419;;
28.10.2024;11,559;;
28.10.2024;10,996;;
28.10.2024;10,241;;
29.10.2024;10,134;;
29.10.2024;10,004;;
29.10.2024;9,883;;
29.10.2024;9,817;;
29.10.2024;10,002;;
29.10.2024;11,31;;
29.10.2024;12,738;;
29.10.2024;15,773;;
29.10.2024;15,132;;
29.10.2024;12,969;;
29.10.2024;12,07;;
29.10.2024;11,297;;
29.10.2024;10,545;;
29.10.2024;11,773;;
29.10.2024;13,594;;
29.10.2024;17,226;;
29.10.2024;21,272;;
29.10.2024;28,58;;
29.10.2024;25,744;;
29.10.2024;20,382;;
29.10.2024;14,06;;
29.10.2024;12,405;;
29.10.2024;11,808;;
29.10.2024;10,309;;
30.10.2024;10,071;;
30.10.2024;10,052;;
30.10.2024;9,816;;
30.10.2024;9,805;;
30.10.2024;10,056;;
30.10.2024;10,632;;
30.10.2024;12,354;;
30.10.2024;13,968;;
30.10.2024;13,891;;
30.10.2024;12,434;;
30.10.2024;11,5;;
30.10.2024;10,968;;
30.10.2024;10,253;;
30.10.2024;10,695;;
30.10.2024;11,131;;
30.10.2024;12,616;;
30.10.2024;16;;
30.10.2024;19,388;;
30.10.2024;19,289;;
30.10.2024;15,944;;
30.10.2024;13,356;;
30.10.2024;12,267;;
30.10.2024;11,534;;
30.10.2024;11,237;;
31.10.2024;10,516;;
31.10.2024;9,851;;
31.10.2024;9,658;;
31.10.2024;9,481;;
31.10.2024;9,803;;
31.10.2024;10,234;;
31.10.2024;12,115;;
31.10.2024;13,553;;
31.10.2024;13,347;;
31.10.2024;12,328;;
31.10.2024;10,514;;
31.10.2024;9,805;;
31.10.2024;8,891;;
31.10.2024;9,255;;
31.10.2024;9,938;;
31.10.2024;11,15;;
31.10.2024;12,317;;
31.10.2024;12,9;;
31.10.2024;12,841;;
31.10.2024;11,784;;
31.10.2024;10,58;;
31.10.2024;8,534;;
31.10.2024;8,044;;
31.10.2024;6,456;;
01.11.2024;6,334;;
01.11.2024;6,295;;
01.11.2024;5,71;;
01.11.2024;5,454;;
01.11.2024;5,699;;
01.11.2024;6,321;;
01.11.2024;6,968;;
01.11.2024;7,035;;
01.11.2024;6,418;;
01.11.2024;6,12;;
01.11.2024;5,501;;
01.11.2024;3,204;;
01.11.2024;2,949;;
01.11.2024;3,49;;
01.11.2024;6,383;;
01.11.2024;8,933;;
01.11.2024;11,598;;
01.11.2024;11,987;;
01.11.2024;11,797;;
01.11.2024;11,759;;
01.11.2024;11,32;;
01.11.2024;10,464;;
01.11.2024;9,841;;
01.11.2024;8,564;;
02.11.2024;9,575;;
02.11.2024;9,131;;
02.11.2024;8,876;;
02.11.2024;8,6;;
02.11.2024;8,685;;
02.11.2024;9,213;;
02.11.2024;9,697;;
02.11.2024;10,011;;
02.11.2024;10,116;;
02.11.2024;10,964;;
02.11.2024;9,119;;
02.11.2024;9,444;;
02.11.2024;8,868;;
02.11.2024;9,151;;
02.11.2024;10,342;;
02.11.2024;12,23;;
02.11.2024;13,761;;
02.11.2024;15,856;;
02.11.2024;14,992;;
02.11.2024;13,496;;
02.11.2024;12,279;;
02.11.2024;11,126;;
02.11.2024;10,628;;
02.11.2024;10,061;;
03.11.2024;10,119;;
03.11.2024;9,663;;
03.11.2024;8,905;;
03.11.2024;8,509;;
03.11.2024;8,743;;
03.11.2024;8,85;;
03.11.2024;9,556;;
03.11.2024;9,811;;
03.11.2024;8,847;;
03.11.2024;8,397;;
03.11.2024;7,071;;
03.11.2024;6,078;;
03.11.2024;5,263;;
03.11.2024;6,108;;
03.11.2024;8,437;;
03.11.2024;10,095;;
03.11.2024;11,516;;
03.11.2024;12,791;;
03.11.2024;12,609;;
03.11.2024;12,072;;
03.11.2024;11,08;;
03.11.2024;10,2;;
03.11.2024;10,069;;
03.11.2024;9,453;;
04.11.2024;9,204;;
04.11.2024;8,996;;
04.11.2024;9,007;;
04.11.2024;8,986;;
04.11.2024;9,08;;
04.11.2024;9,852;;
04.11.2024;12,489;;
04.11.2024;14,491;;
04.11.2024;13,918;;
04.11.2024;12,063;;
04.11.2024;10;;
04.11.2024;9,712;;
04.11.2024;9,516;;
04.11.2024;9,847;;
04.11.2024;10,317;;
04.11.2024;13,04;;
04.11.2024;18,147;;
04.11.2024;29,021;;
04.11.2024;24,104;;
04.11.2024;16,209;;
04.11.2024;12,3;;
04.11.2024;11,227;;
04.11.2024;10,798;;
04.11.2024;9,76;;
05.11.2024;10,177;;
05.11.2024;9,4;;
05.11.2024;9,12;;
05.11.2024;9,3;;
05.11.2024;9,539;;
05.11.2024;10,488;;
05.11.2024;12,795;;
05.11.2024;14,932;;
05.11.2024;13,915;;
05.11.2024;11,823;;
05.11.2024;10,587;;
05.11.2024;9,528;;
05.11.2024;9,492;;
05.11.2024;9,925;;
05.11.2024;11,035;;
05.11.2024;15,599;;
05.11.2024;33,183;;
05.11.2024;50,531;;
05.11.2024;46,874;;
05.11.2024;34,17;;
05.11.2024;17,214;;
05.11.2024;13,077;;
05.11.2024;11,777;;
05.11.2024;11,003;;
06.11.2024;10,639;;
06.11.2024;9,905;;
06.11.2024;9,547;;
06.11.2024;9,704;;
06.11.2024;10,051;;
06.11.2024;11,025;;
06.11.2024;16,34;;
06.11.2024;29,999;;
06.11.2024;24,054;;
06.11.2024;14,494;;
06.11.2024;13,346;;
06.11.2024;12,32;;
06.11.2024;12,32;;
06.11.2024;12,555;;
06.11.2024;14,176;;
06.11.2024;27,009;;
06.11.2024;52,425;;
06.11.2024;82,011;;
06.11.2024;80,508;;
06.11.2024;45;;
06.11.2024;20,735;;
06.11.2024;13,348;;
06.11.2024;11,935;;
06.11.2024;11,173;;
07.11.2024;10,954;;
07.11.2024;10,298;;
07.11.2024;9,974;;
07.11.2024;9,985;;
07.11.2024;10,273;;
07.11.2024;11,689;;
07.11.2024;15,741;;
07.11.2024;21,956;;
07.11.2024;19,199;;
07.11.2024;15,292;;
07.11.2024;14,89;;
07.11.2024;13,481;;
07.11.2024;13,506;;
07.11.2024;13,291;;
07.11.2024;13,994;;
07.11.2024;18,942;;
07.11.2024;26,116;;
07.11.2024;40,826;;
07.11.2024;29,678;;
07.11.2024;17,511;;
07.11.2024;12,941;;
07.11.2024;11,392;;
07.11.2024;11,177;;
07.11.2024;9,987;;
08.11.2024;9,957;;
08.11.2024;9,973;;
08.11.2024;9,797;;
08.11.2024;9,769;;
08.11.2024;9,745;;
08.11.2024;9,821;;
08.11.2024;10,719;;
08.11.2024;12,755;;
08.11.2024;13,291;;
08.11.2024;12,652;;
08.11.2024;11,734;;
08.11.2024;11,094;;
08.11.2024;10,559;;
08.11.2024;10,681;;
08.11.2024;11,225;;
08.11.2024;12,359;;
08.11.2024;12,91;;
08.11.2024;12,856;;
08.11.2024;13,29;;
08.11.2024;12,719;;
08.11.2024;11,574;;
08.11.2024;10,948;;
08.11.2024;11,3;;
08.11.2024;10,406;;
09.11.2024;10,51;;
09.11.2024;9,996;;
09.11.2024;9,8;;
09.11.2024;9,668;;
09.11.2024;9,841;;
09.11.2024;10,069;;
09.11.2024;10,431;;
09.11.2024;10,987;;
09.11.2024;11,41;;
09.11.2024;11,46;;
09.11.2024;10,997;;
09.11.2024;10,64;;
09.11.2024;10,688;;
09.11.2024;10,8;;
09.11.2024;11,018;;
09.11.2024;12,146;;
09.11.2024;13,723;;
09.11.2024;14,693;;
09.11.2024;14,78;;
09.11.2024;13,99;;
09.11.2024;12,832;;
09.11.2024;11,796;;
09.11.2024;11,453;;
09.11.2024;11,01;;
10.11.2024;10,499;;
10.11.2024;10,228;;
10.11.2024;10,201;;
10.11.2024;10,086;;
10.11.2024;10,088;;
10.11.2024;10,198;;
10.11.2024;10,032;;
10.11.2024;10,245;;
10.11.2024;10,538;;
10.11.2024;11,099;;
10.11.2024;11,262;;
10.11.2024;11,013;;
10.11.2024;11,092;;
10.11.2024;10,86;;
10.11.2024;11,236;;
10.11.2024;12,622;;
10.11.2024;13,402;;
10.11.2024;14,872;;
10.11.2024;14,601;;
10.11.2024;13,861;;
10.11.2024;12,531;;
10.11.2024;11,528;;
10.11.2024;11,11;;
10.11.2024;10,802;;
11.11.2024;10,965;;
11.11.2024;10,368;;
11.11.2024;10;;
11.11.2024;9,786;;
11.11.2024;9,75;;
11.11.2024;10,389;;
11.11.2024;11,569;;
11.11.2024;12,835;;
11.11.2024;13,506;;
11.11.2024;13,294;;
11.11.2024;12,85;;
11.11.2024;12,421;;
11.11.2024;11,984;;
11.11.2024;12,902;;
11.11.2024;13,044;;
11.11.2024;13,905;;
11.11.2024;14,094;;
11.11.2024;15,318;;
11.11.2024;14,709;;
11.11.2024;13,37;;
11.11.2024;12,194;;
11.11.2024;11,288;;
11.11.2024;11,156;;
11.11.2024;10,54;;
12.11.2024;11,031;;
12.11.2024;10,464;;
12.11.2024;10,269;;
12.11.2024;10,399;;
12.11.2024;10,75;;
12.11.2024;11,801;;
12.11.2024;14,767;;
12.11.2024;18,552;;
12.11.2024;20,164;;
12.11.2024;22,333;;
12.11.2024;19,024;;
12.11.2024;17,108;;
12.11.2024;16,159;;
12.11.2024;15,647;;
12.11.2024;17,437;;
12.11.2024;21,878;;
12.11.2024;27,273;;
12.11.2024;31,789;;
12.11.2024;22,533;;
12.11.2024;17,135;;
12.11.2024;14,912;;
12.11.2024;13,19;;
12.11.2024;12,521;;
12.11.2024;11,559;;
13.11.2024;11,715;;
13.11.2024;11,171;;
13.11.2024;10,785;;
13.11.2024;10,745;;
13.11.2024;11,063;;
13.11.2024;11,9;;
13.11.2024;13,11;;
13.11.2024;16,478;;
13.11.2024;22,545;;
13.11.2024;22,743;;
13.11.2024;20,08;;
13.11.2024;17,77;;
13.11.2024;16,099;;
13.11.2024;16,207;;
13.11.2024;15,99;;
13.11.2024;16,56;;
13.11.2024;17,828;;
13.11.2024;17,843;;
13.11.2024;17,39;;
13.11.2024;16,179;;
13.11.2024;12,522;;
13.11.2024;11,486;;
13.11.2024;11,351;;
13.11.2024;10,662;;
14.11.2024;10,17;;
14.11.2024;9,983;;
14.11.2024;9,601;;
14.11.2024;9,225;;
14.11.2024;9,141;;
14.11.2024;9,224;;
14.11.2024;10,344;;
14.11.2024;11,561;;
14.11.2024;12,714;;
14.11.2024;12,392;;
14.11.2024;12,565;;
14.11.2024;12,484;;
14.11.2024;12,168;;
14.11.2024;12,74;;
14.11.2024;13,401;;
14.11.2024;14,218;;
14.11.2024;14,741;;
14.11.2024;15,591;;
14.11.2024;15,409;;
14.11.2024;14,829;;
14.11.2024;13,858;;
14.11.2024;12,944;;
14.11.2024;12,289;;
14.11.2024;11,248;;
15.11.2024;11,044;;
15.11.2024;10,671;;
15.11.2024;10,701;;
15.11.2024;10,362;;
15.11.2024;10,442;;
15.11.2024;10,86;;
15.11.2024;12,926;;
15.11.2024;14,416;;
15.11.2024;15,777;;
15.11.2024;15,086;;
15.11.2024;13,884;;
15.11.2024;13,508;;
15.11.2024;12,174;;
15.11.2024;12,18;;
15.11.2024;13,189;;
15.11.2024;14,175;;
15.11.2024;13,395;;
15.11.2024;13,626;;
15.11.2024;13,477;;
15.11.2024;12,839;;
15.11.2024;11,573;;
15.11.2024;11,074;;
15.11.2024;10,819;;
15.11.2024;9,81;;
16.11.2024;10,192;;
16.11.2024;9,543;;
16.11.2024;8,987;;
16.11.2024;8,657;;
16.11.2024;8,881;;
16.11.2024;8,695;;
16.11.2024;7,382;;
16.11.2024;9,01;;
16.11.2024;10,475;;
16.11.2024;10,977;;
16.11.2024;10,76;;
16.11.2024;9,903;;
16.11.2024;9,698;;
16.11.2024;9,697;;
16.11.2024;9,372;;
16.11.2024;10,022;;
16.11.2024;10,899;;
16.11.2024;11,893;;
16.11.2024;11,495;;
16.11.2024;10,418;;
16.11.2024;8,267;;
16.11.2024;7,282;;
16.11.2024;7,383;;
16.11.2024;6,567;;
17.11.2024;8,01;;
17.11.2024;6,928;;
17.11.2024;7,248;;
17.11.2024;5,872;;
17.11.2024;4,2;;
17.11.2024;3,481;;
17.11.2024;4,236;;
17.11.2024;6,069;;
17.11.2024;6,48;;
17.11.2024;6,54;;
17.11.2024;6,83;;
17.11.2024;6,479;;
17.11.2024;5,49;;
17.11.2024;4,686;;
17.11.2024;6,125;;
17.11.2024;6,48;;
17.11.2024;7,01;;
17.11.2024;10,284;;
17.11.2024;8,07;;
17.11.2024;6,54;;
17.11.2024;5,741;;
17.11.2024;6,479;;
17.11.2024;6,876;;
17.11.2024;6,202;;
18.11.2024;6,542;;
18.11.2024;6,439;;
18.11.2024;5,986;;
18.11.2024;4,239;;
18.11.2024;5,817;;
18.11.2024;7,423;;
18.11.2024;9,555;;
18.11.2024;12,166;;
18.11.2024;12,191;;
18.11.2024;11,956;;
18.11.2024;11,151;;
18.11.2024;9,298;;
18.11.2024;7,95;;
18.11.2024;9,413;;
18.11.2024;10,952;;
18.11.2024;11,998;;
18.11.2024;13,248;;
18.11.2024;15,99;;
18.11.2024;16,182;;
18.11.2024;15,296;;
18.11.2024;12,894;;
18.11.2024;11,762;;
18.11.2024;11,699;;
18.11.2024;10,87;;
19.11.2024;10,706;;
19.11.2024;10,14;;
19.11.2024;9,558;;
19.11.2024;9,173;;
19.11.2024;9,528;;
19.11.2024;9,873;;
19.11.2024;11,627;;
19.11.2024;13,159;;
19.11.2024;15,506;;
19.11.2024;15,757;;
19.11.2024;15,626;;
19.11.2024;15,281;;
19.11.2024;14,819;;
19.11.2024;14,414;;
19.11.2024;14,015;;
19.11.2024;12,878;;
19.11.2024;13,289;;
19.11.2024;14,019;;
19.11.2024;13,465;;
19.11.2024;12,593;;
19.11.2024;11,71;;
19.11.2024;10,937;;
19.11.2024;10,525;;
19.11.2024;8,984;;
20.11.2024;10,014;;
20.11.2024;9,2;;
20.11.2024;8,66;;
20.11.2024;8,152;;
20.11.2024;8,196;;
20.11.2024;9,329;;
20.11.2024;10,755;;
20.11.2024;13,562;;
20.11.2024;14,287;;
20.11.2024;14,009;;
20.11.2024;12,035;;
20.11.2024;10,777;;
20.11.2024;9,726;;
20.11.2024;9,736;;
20.11.2024;10,664;;
20.11.2024;13,084;;
20.11.2024;13,509;;
20.11.2024;14,2;;
20.11.2024;14,258;;
20.11.2024;14,026;;
20.11.2024;13,598;;
20.11.2024;12,305;;
20.11.2024;11,642;;
20.11.2024;10,35;;
21.11.2024;9,396;;
21.11.2024;9,04;;
21.11.2024;8,68;;
21.11.2024;8,415;;
21.11.2024;8,423;;
21.11.2024;9,248;;
21.11.2024;10,717;;
21.11.2024;12,144;;
21.11.2024;13,299;;
21.11.2024;13,498;;
21.11.2024;12,733;;
21.11.2024;11,547;;
21.11.2024;11,357;;
21.11.2024;12,083;;
21.11.2024;14,162;;
21.11.2024;15,485;;
21.11.2024;17,497;;
21.11.2024;18,226;;
21.11.2024;16,134;;
21.11.2024;15,405;;
21.11.2024;13,133;;
21.11.2024;12,305;;
21.11.2024;12,29;;
21.11.2024;10,746;;
22.11.2024;11,612;;
22.11.2024;10,621;;
22.11.2024;9,785;;
22.11.2024;9,137;;
22.11.2024;8,865;;
22.11.2024;9,216;;
22.11.2024;11,706;;
22.11.2024;13,53;;
22.11.2024;14,408;;
22.11.2024;14,158;;
22.11.2024;13,575;;
22.11.2024;11,684;;
22.11.2024;10,514;;
22.11.2024;9,523;;
22.11.2024;9,618;;
22.11.2024;10,624;;
22.11.2024;11,121;;
22.11.2024;12,844;;
22.11.2024;13,428;;
22.11.2024;12,88;;
22.11.2024;10,621;;
22.11.2024;10,635;;
22.11.2024;9,325;;
22.11.2024;7,7;;
23.11.2024;8;;
23.11.2024;7,687;;
23.11.2024;7,788;;
23.11.2024;7,904;;
23.11.2024;7,935;;
23.11.2024;8,254;;
23.11.2024;8,205;;
23.11.2024;8,927;;
23.11.2024;9,748;;
23.11.2024;8,562;;
23.11.2024;7,854;;
23.11.2024;7,35;;
23.11.2024;7,12;;
23.11.2024;7,585;;
23.11.2024;8,568;;
23.11.2024;10,455;;
23.11.2024;8,731;;
23.11.2024;9,556;;
23.11.2024;8,608;;
23.11.2024;7,1;;
23.11.2024;5,955;;
23.11.2024;4,803;;
23.11.2024;3,91;;
23.11.2024;1,846;;
24.11.2024;0,101;;
24.11.2024;0;;
24.11.2024;0;;
24.11.2024;-0,001;;
24.11.2024;-0,002;;
24.11.2024;-0,003;;
24.11.2024;-0,005;;
24.11.2024;-0,003;;
24.11.2024;0,137;;
24.11.2024;0,375;;
24.11.2024;0,207;;
24.11.2024;0,253;;
24.11.2024;0,101;;
24.11.2024;0,101;;
24.11.2024;0,311;;
24.11.2024;0,661;;
24.11.2024;1,399;;
24.11.2024;1,552;;
24.11.2024;1,618;;
24.11.2024;1,202;;
24.11.2024;0,74;;
24.11.2024;0,45;;
24.11.2024;0,327;;
24.11.2024;0,001;;
25.11.2024;-0,125;;
25.11.2024;-0,159;;
25.11.2024;-0,142;;
25.11.2024;-0,186;;
25.11.2024;-0,142;;
25.11.2024;-0,028;;
25.11.2024;0,009;;
25.11.2024;5,438;;
25.11.2024;7,701;;
25.11.2024;6,657;;
25.11.2024;4,255;;
25.11.2024;4,137;;
25.11.2024;4;;
25.11.2024;5,716;;
25.11.2024;6,797;;
25.11.2024;9,499;;
25.11.2024;9,258;;
25.11.2024;11,608;;
25.11.2024;12,8;;
25.11.2024;11,8;;
25.11.2024;9,473;;
25.11.2024;8,126;;
25.11.2024;8,626;;
25.11.2024;6,917;;
26.11.2024;8,953;;
26.11.2024;7,799;;
26.11.2024;7,766;;
26.11.2024;7,055;;
26.11.2024;7,272;;
26.11.2024;8,226;;
26.11.2024;10,145;;
26.11.2024;13,09;;
26.11.2024;13,784;;
26.11.2024;12,709;;
26.11.2024;11,209;;
26.11.2024;10;;
26.11.2024;9,09;;
26.11.2024;10,207;;
26.11.2024;11,61;;
26.11.2024;12,395;;
26.11.2024;14,31;;
26.11.2024;15,552;;
26.11.2024;16,091;;
26.11.2024;15,328;;
26.11.2024;12,638;;
26.11.2024;11,823;;
26.11.2024;12,213;;
26.11.2024;11,334;;
27.11.2024;10,474;;
27.11.2024;10,628;;
27.11.2024;11;;
27.11.2024;11,146;;
27.11.2024;11,466;;
27.11.2024;12,392;;
27.11.2024;14,05;;
27.11.2024;16;;
27.11.2024;18,484;;
27.11.2024;16,445;;
27.11.2024;15,31;;
27.11.2024;15;;
27.11.2024;14,566;;
27.11.2024;14,049;;
27.11.2024;13,009;;
27.11.2024;13,17;;
27.11.2024;11,756;;
27.11.2024;11,024;;
27.11.2024;11,229;;
27.11.2024;10,184;;
27.11.2024;7,814;;
27.11.2024;7,186;;
27.11.2024;6,705;;
27.11.2024;4,878;;
28.11.2024;4,921;;
28.11.2024;4,121;;
28.11.2024;3,295;;
28.11.2024;3,208;;
28.11.2024;3,169;;
28.11.2024;5,229;;
28.11.2024;6,498;;
28.11.2024;8,813;;
28.11.2024;10,741;;
28.11.2024;10,741;;
28.11.2024;9,21;;
28.11.2024;9,87;;
28.11.2024;9,616;;
28.11.2024;9,668;;
28.11.2024;9,786;;
28.11.2024;11,159;;
28.11.2024;13,262;;
28.11.2024;14,933;;
28.11.2024;15,823;;
28.11.2024;15,391;;
28.11.2024;14,397;;
28.11.2024;13,249;;
28.11.2024;12,216;;
28.11.2024;11,26;;
29.11.2024;11,03;;
29.11.2024;10,701;;
29.11.2024;10,347;;
29.11.2024;10,28;;
29.11.2024;10,53;;
29.11.2024;11,528;;
29.11.2024;14,51;;
29.11.2024;16,928;;
29.11.2024;18,135;;
29.11.2024;16,249;;
29.11.2024;14,301;;
29.11.2024;13,64;;
29.11.2024;12,659;;
29.11.2024;11,95;;
29.11.2024;12,958;;
29.11.2024;14,102;;
29.11.2024;15,201;;
29.11.2024;15,044;;
29.11.2024;14,203;;
29.11.2024;13,081;;
29.11.2024;11,99;;
29.11.2024;11,51;;
29.11.2024;11,373;;
29.11.2024;10,345;;
30.11.2024;9,883;;
30.11.2024;9,2;;
30.11.2024;8,969;;
30.11.2024;8,69;;
30.11.2024;8,818;;
30.11.2024;9,018;;
30.11.2024;8,89;;
30.11.2024;10,306;;
30.11.2024;10,739;;
30.11.2024;9,117;;
30.11.2024;8,52;;
30.11.2024;8,612;;
30.11.2024;8,77;;
30.11.2024;9,003;;
30.11.2024;9,335;;
30.11.2024;12,434;;
30.11.2024;13,289;;
30.11.2024;13,694;;
30.11.2024;13,59;;
30.11.2024;13,196;;
30.11.2024;12,451;;
30.11.2024;11,508;;
30.11.2024;11,478;;
30.11.2024;10,667;;
01.12.2024;9,966;;
01.12.2024;9,001;;
01.12.2024;8,814;;
01.12.2024;8,57;;
01.12.2024;8,48;;
01.12.2024;8,531;;
01.12.2024;8,443;;
01.12.2024;8,997;;
01.12.2024;9,964;;
01.12.2024;9,46;;
01.12.2024;8,93;;
01.12.2024;8,238;;
01.12.2024;8,525;;
01.12.2024;8,308;;
01.12.2024;9,061;;
01.12.2024;10,862;;
01.12.2024;12,153;;
01.12.2024;11,777;;
01.12.2024;12,151;;
01.12.2024;11,023;;
01.12.2024;9,135;;
01.12.2024;8,436;;
01.12.2024;9,698;;
01.12.2024;8,5;;
02.12.2024;7,477;;
02.12.2024;6,578;;
02.12.2024;6,117;;
02.12.2024;4,644;;
02.12.2024;5,021;;
02.12.2024;6,953;;
02.12.2024;9,208;;
02.12.2024;12,525;;
02.12.2024;12,52;;
02.12.2024;12,363;;
02.12.2024;12,127;;
02.12.2024;11,58;;
02.12.2024;11,509;;
02.12.2024;12,76;;
02.12.2024;13,674;;
02.12.2024;14,404;;
02.12.2024;14,475;;
02.12.2024;14,768;;
02.12.2024;14,79;;
02.12.2024;13,8;;
02.12.2024;12,001;;
02.12.2024;11,268;;
02.12.2024;11,172;;
02.12.2024;10,221;;
03.12.2024;11,073;;
03.12.2024;10,305;;
03.12.2024;9,628;;
03.12.2024;9,322;;
03.12.2024;10,048;;
03.12.2024;10,809;;
03.12.2024;12,176;;
03.12.2024;14,239;;
03.12.2024;15,462;;
03.12.2024;15,009;;
03.12.2024;14,137;;
03.12.2024;13,923;;
03.12.2024;13,562;;
03.12.2024;14,241;;
03.12.2024;15,002;;
03.12.2024;16,894;;
03.12.2024;20,518;;
03.12.2024;21;;
03.12.2024;19,788;;
03.12.2024;18,983;;
03.12.2024;17,004;;
03.12.2024;15,361;;
03.12.2024;14,208;;
03.12.2024;13,081;;
04.12.2024;12,099;;
04.12.2024;11,666;;
04.12.2024;11,279;;
04.12.2024;11,019;;
04.12.2024;11,226;;
04.12.2024;12,091;;
04.12.2024;14,52;;
04.12.2024;20,976;;
04.12.2024;27,666;;
04.12.2024;25,076;;
04.12.2024;21,221;;
04.12.2024;19,895;;
04.12.2024;19,225;;
04.12.2024;19,982;;
04.12.2024;21,844;;
04.12.2024;24,287;;
04.12.2024;26,735;;
04.12.2024;28,776;;
04.12.2024;23,022;;
04.12.2024;19,759;;
04.12.2024;16,568;;
04.12.2024;14,834;;
04.12.2024;12,833;;
04.12.2024;11,327;;
05.12.2024;11,477;;
05.12.2024;10,574;;
05.12.2024;10,327;;
05.12.2024;10,45;;
05.12.2024;10,327;;
05.12.2024;10,412;;
05.12.2024;13,588;;
05.12.2024;14,354;;
05.12.2024;14,129;;
05.12.2024;13,178;;
05.12.2024;12,492;;
05.12.2024;10,731;;
05.12.2024;10,267;;
05.12.2024;10,293;;
05.12.2024;10,289;;
05.12.2024;10,087;;
05.12.2024;10,15;;
05.12.2024;11,831;;
05.12.2024;11,216;;
05.12.2024;10,536;;
05.12.2024;8,713;;
05.12.2024;7,73;;
05.12.2024;7,417;;
05.12.2024;4,314;;
06.12.2024;1,064;;
06.12.2024;0,46;;
06.12.2024;0,387;;
06.12.2024;0,231;;
06.12.2024;0,299;;
06.12.2024;1,035;;
06.12.2024;6,349;;
06.12.2024;9,271;;
06.12.2024;11,017;;
06.12.2024;11,016;;
06.12.2024;10,408;;
06.12.2024;9,837;;
06.12.2024;9,19;;
06.12.2024;10,07;;
06.12.2024;10,9;;
06.12.2024;11,692;;
06.12.2024;13,155;;
06.12.2024;14,299;;
06.12.2024;15,107;;
06.12.2024;14,248;;
06.12.2024;13;;
06.12.2024;11,942;;
06.12.2024;12,108;;
06.12.2024;10,214;;
07.12.2024;8,665;;
07.12.2024;7,432;;
07.12.2024;6,8;;
07.12.2024;6,387;;
07.12.2024;5,809;;
07.12.2024;5,016;;
07.12.2024;3,946;;
07.12.2024;4,328;;
07.12.2024;5,806;;
07.12.2024;6,286;;
07.12.2024;6,492;;
07.12.2024;6,492;;
07.12.2024;6,8;;
07.12.2024;7,284;;
07.12.2024;7,424;;
07.12.2024;8,25;;
07.12.2024;9,645;;
07.12.2024;9,6;;
07.12.2024;8,792;;
07.12.2024;8,241;;
07.12.2024;7,892;;
07.12.2024;8,503;;
07.12.2024;8,25;;
07.12.2024;7,48;;
08.12.2024;9,391;;
08.12.2024;8,683;;
08.12.2024;8,673;;
08.12.2024;8,395;;
08.12.2024;8,444;;
08.12.2024;9,113;;
08.12.2024;9,125;;
08.12.2024;9,129;;
08.12.2024;10,084;;
08.12.2024;10,94;;
08.12.2024;11,084;;
08.12.2024;11,739;;
08.12.2024;11,836;;
08.12.2024;11,674;;
08.12.2024;11,191;;
08.12.2024;12,138;;
08.12.2024;10,594;;
08.12.2024;11,361;;
08.12.2024;9,855;;
08.12.2024;9,769;;
08.12.2024;9,129;;
08.12.2024;9,056;;
08.12.2024;8,86;;
08.12.2024;7,501;;
09.12.2024;7,136;;
09.12.2024;5,583;;
09.12.2024;3,513;;
09.12.2024;3,44;;
09.12.2024;4,001;;
09.12.2024;7,224;;
09.12.2024;7,94;;
09.12.2024;11,334;;
09.12.2024;12,254;;
09.12.2024;12,312;;
09.12.2024;12,981;;
09.12.2024;12,87;;
09.12.2024;12,832;;
09.12.2024;12,451;;
09.12.2024;12,135;;
09.12.2024;11,683;;
09.12.2024;11,608;;
09.12.2024;12,057;;
09.12.2024;12,369;;
09.12.2024;12,576;;
09.12.2024;11,497;;
09.12.2024;10,098;;
09.12.2024;9,848;;
09.12.2024;9,277;;
10.12.2024;9,285;;
10.12.2024;8,933;;
10.12.2024;8,65;;
10.12.2024;8,37;;
10.12.2024;8,721;;
10.12.2024;8,907;;
10.12.2024;11,206;;
10.12.2024;13,518;;
10.12.2024;16,976;;
10.12.2024;18,214;;
10.12.2024;18,475;;
10.12.2024;18,65;;
10.12.2024;18,062;;
10.12.2024;19,078;;
10.12.2024;18,941;;
10.12.2024;19,764;;
10.12.2024;20,018;;
10.12.2024;20,238;;
10.12.2024;18,1;;
10.12.2024;18,017;;
10.12.2024;16,66;;
10.12.2024;15,115;;
10.12.2024;13,794;;
10.12.2024;12,137;;
11.12.2024;11,594;;
11.12.2024;10,822;;
11.12.2024;10,731;;
11.12.2024;10,617;;
11.12.2024;10,869;;
11.12.2024;12,531;;
11.12.2024;16,342;;
11.12.2024;29,55;;
11.12.2024;36,897;;
11.12.2024;37,712;;
11.12.2024;34,864;;
11.12.2024;37,999;;
11.12.2024;38,587;;
11.12.2024;40,491;;
11.12.2024;37,196;;
11.12.2024;38,094;;
11.12.2024;43,787;;
11.12.2024;44,508;;
11.12.2024;35,992;;
11.12.2024;34,125;;
11.12.2024;20,682;;
11.12.2024;17,12;;
11.12.2024;15;;
11.12.2024;13,596;;
12.12.2024;12,224;;
12.12.2024;11,53;;
12.12.2024;10,996;;
12.12.2024;10,735;;
12.12.2024;11,251;;
12.12.2024;12,367;;
12.12.2024;17,618;;
12.12.2024;59,999;;
12.12.2024;65,56;;
12.12.2024;64,676;;
12.12.2024;54,383;;
12.12.2024;46,536;;
12.12.2024;40,499;;
12.12.2024;41,53;;
12.12.2024;49,034;;
12.12.2024;66,849;;
12.12.2024;81,898;;
12.12.2024;93,628;;
12.12.2024;67,418;;
12.12.2024;55,101;;
12.12.2024;29,566;;
12.12.2024;16,94;;
12.12.2024;15;;
12.12.2024;13,475;;
13.12.2024;13,007;;
13.12.2024;12,29;;
13.12.2024;11,897;;
13.12.2024;11,495;;
13.12.2024;11,564;;
13.12.2024;12,583;;
13.12.2024;15,653;;
13.12.2024;18,771;;
13.12.2024;25,3;;
13.12.2024;24,574;;
13.12.2024;20,842;;
13.12.2024;17,44;;
13.12.2024;16,606;;
13.12.2024;16,5;;
13.12.2024;18,45;;
13.12.2024;22,077;;
13.12.2024;25,006;;
13.12.2024;28,421;;
13.12.2024;26;;
13.12.2024;22,56;;
13.12.2024;17,5;;
13.12.2024;14,622;;
13.12.2024;13,509;;
13.12.2024;11,652;;
14.12.2024;11,694;;
14.12.2024;11,136;;
14.12.2024;10,804;;
14.12.2024;9,902;;
14.12.2024;9,344;;
14.12.2024;9,155;;
14.12.2024;9,235;;
14.12.2024;10,167;;
14.12.2024;11,375;;
14.12.2024;12,498;;
14.12.2024;12,093;;
14.12.2024;10,748;;
14.12.2024;10,471;;
14.12.2024;10,296;;
14.12.2024;9,663;;
14.12.2024;9,824;;
14.12.2024;10,567;;
14.12.2024;12,112;;
14.12.2024;9,315;;
14.12.2024;9,56;;
14.12.2024;8,601;;
14.12.2024;8,278;;
14.12.2024;8,725;;
14.12.2024;7,381;;
15.12.2024;7,358;;
15.12.2024;6,848;;
15.12.2024;6,761;;
15.12.2024;5,939;;
15.12.2024;5,533;;
15.12.2024;5,274;;
15.12.2024;4,562;;
15.12.2024;5,392;;
15.12.2024;6,53;;
15.12.2024;7,065;;
15.12.2024;6,526;;
15.12.2024;6,09;;
15.12.2024;6,15;;
15.12.2024;4,751;;
15.12.2024;4,947;;
15.12.2024;4,792;;
15.12.2024;3,8;;
15.12.2024;4,342;;
15.12.2024;2,833;;
15.12.2024;2,455;;
15.12.2024;1,855;;
15.12.2024;1,396;;
15.12.2024;1,008;;
15.12.2024;0,229;;
16.12.2024;0,009;;
16.12.2024;0,01;;
16.12.2024;0,005;;
16.12.2024;0,007;;
16.12.2024;-0,001;;
16.12.2024;0,175;;
16.12.2024;0,773;;
16.12.2024;5,93;;
16.12.2024;7,179;;
16.12.2024;7,591;;
16.12.2024;7,546;;
16.12.2024;8,013;;
16.12.2024;8,522;;
16.12.2024;8,17;;
16.12.2024;8,17;;
16.12.2024;8,17;;
16.12.2024;7,4;;
16.12.2024;8,156;;
16.12.2024;7,201;;
16.12.2024;7,094;;
16.12.2024;6,15;;
16.12.2024;4,441;;
16.12.2024;4,44;;
16.12.2024;1,659;;
17.12.2024;3,745;;
17.12.2024;2,157;;
17.12.2024;2,094;;
17.12.2024;2,501;;
17.12.2024;2,898;;
17.12.2024;5,727;;
17.12.2024;6,777;;
17.12.2024;10,494;;
17.12.2024;11,592;;
17.12.2024;11,404;;
17.12.2024;10,84;;
17.12.2024;10,238;;
17.12.2024;10,272;;
17.12.2024;10,62;;
17.12.2024;10,963;;
17.12.2024;11,642;;
17.12.2024;11,71;;
17.12.2024;12,733;;
17.12.2024;12,16;;
17.12.2024;10,81;;
17.12.2024;9,851;;
17.12.2024;9,584;;
17.12.2024;9,244;;
17.12.2024;7,066;;
18.12.2024;6,918;;
18.12.2024;5,231;;
18.12.2024;4,841;;
18.12.2024;4,5;;
18.12.2024;3,025;;
18.12.2024;3,8;;
18.12.2024;4,991;;
18.12.2024;5,79;;
18.12.2024;7,758;;
18.12.2024;7,282;;
18.12.2024;6,599;;
18.12.2024;6,308;;
18.12.2024;6,307;;
18.12.2024;6,308;;
18.12.2024;6,308;;
18.12.2024;5,563;;
18.12.2024;4,681;;
18.12.2024;5,79;;
18.12.2024;6,308;;
18.12.2024;6,308;;
18.12.2024;5,79;;
18.12.2024;5,069;;
18.12.2024;4,314;;
18.12.2024;2,144;;
19.12.2024;1,128;;
19.12.2024;1,323;;
19.12.2024;0,545;;
19.12.2024;0,125;;
19.12.2024;0,031;;
19.12.2024;0,2;;
19.12.2024;0,857;;
19.12.2024;5,395;;
19.12.2024;6,744;;
19.12.2024;6,842;;
19.12.2024;6,584;;
19.12.2024;6,77;;
19.12.2024;6,972;;
19.12.2024;7,04;;
19.12.2024;6,972;;
19.12.2024;7,047;;
19.12.2024;7,146;;
19.12.2024;8,152;;
19.12.2024;9,258;;
19.12.2024;8,736;;
19.12.2024;7,537;;
19.12.2024;7;;
19.12.2024;6,972;;
19.12.2024;5,501;;
20.12.2024;4,772;;
20.12.2024;3,148;;
20.12.2024;1,631;;
20.12.2024;1,743;;
20.12.2024;2,282;;
20.12.2024;4,849;;
20.12.2024;6,615;;
20.12.2024;10,24;;
20.12.2024;10,972;;
20.12.2024;10,665;;
20.12.2024;10,314;;
20.12.2024;9,744;;
20.12.2024;8,756;;
20.12.2024;8,384;;
20.12.2024;8,803;;
20.12.2024;9,867;;
20.12.2024;10,524;;
20.12.2024;10,989;;
20.12.2024;10,118;;
20.12.2024;9,865;;
20.12.2024;8,973;;
20.12.2024;7,182;;
20.12.2024;7,034;;
20.12.2024;5,826;;
21.12.2024;2,775;;
21.12.2024;2,275;;
21.12.2024;2,156;;
21.12.2024;1,941;;
21.12.2024;1,811;;
21.12.2024;2,004;;
21.12.2024;2;;
21.12.2024;2,121;;
21.12.2024;2,287;;
21.12.2024;2,933;;
21.12.2024;3,143;;
21.12.2024;3,101;;
21.12.2024;3,123;;
21.12.2024;2,99;;
21.12.2024;2,592;;
21.12.2024;2,728;;
21.12.2024;2,931;;
21.12.2024;2,927;;
21.12.2024;2,795;;
21.12.2024;2,073;;
21.12.2024;1,53;;
21.12.2024;0,49;;
21.12.2024;0,3;;
21.12.2024;0,1;;
22.12.2024;0;;
22.12.2024;-0,003;;
22.12.2024;-0,046;;
22.12.2024;-0,104;;
22.12.2024;-0,206;;
22.12.2024;-0,047;;
22.12.2024;-0,068;;
22.12.2024;-0,012;;
22.12.2024;0,346;;
22.12.2024;2,06;;
22.12.2024;2,017;;
22.12.2024;2,3;;
22.12.2024;2,119;;
22.12.2024;2,139;;
22.12.2024;2,802;;
22.12.2024;4,177;;
22.12.2024;4,693;;
22.12.2024;6,547;;
22.12.2024;6,079;;
22.12.2024;5,821;;
22.12.2024;4,693;;
22.12.2024;3,666;;
22.12.2024;3,62;;
22.12.2024;2,45;;
23.12.2024;2,919;;
23.12.2024;2,013;;
23.12.2024;1,431;;
23.12.2024;0,912;;
23.12.2024;0,978;;
23.12.2024;1,48;;
23.12.2024;1,739;;
23.12.2024;5,201;;
23.12.2024;5,934;;
23.12.2024;5,962;;
23.12.2024;5,273;;
23.12.2024;5,2;;
23.12.2024;5,417;;
23.12.2024;5,481;;
23.12.2024;6,156;;
23.12.2024;7,369;;
23.12.2024;8,256;;
23.12.2024;9,825;;
23.12.2024;10,175;;
23.12.2024;9,747;;
23.12.2024;9,259;;
23.12.2024;10,829;;
23.12.2024;10,582;;
23.12.2024;9,699;;
24.12.2024;8,603;;
24.12.2024;8,284;;
24.12.2024;8,189;;
24.12.2024;7,8;;
24.12.2024;7,878;;
24.12.2024;8,06;;
24.12.2024;8,507;;
24.12.2024;10,083;;
24.12.2024;11,509;;
24.12.2024;12,095;;
24.12.2024;12;;
24.12.2024;11,816;;
24.12.2024;11,749;;
24.12.2024;11,538;;
24.12.2024;11,798;;
24.12.2024;11,95;;
24.12.2024;12,021;;
24.12.2024;11,8;;
24.12.2024;11,098;;
24.12.2024;10,566;;
24.12.2024;10,256;;
24.12.2024;9,463;;
24.12.2024;9,904;;
24.12.2024;9;;
25.12.2024;9,137;;
25.12.2024;8,644;;
25.12.2024;8,507;;
25.12.2024;8,081;;
25.12.2024;7,599;;
25.12.2024;8,081;;
25.12.2024;8,301;;
25.12.2024;8,494;;
25.12.2024;9,021;;
25.12.2024;9,924;;
25.12.2024;9,356;;
25.12.2024;9,255;;
25.12.2024;9,441;;
25.12.2024;9,103;;
25.12.2024;9,917;;
25.12.2024;11,269;;
25.12.2024;11,801;;
25.12.2024;12,053;;
25.12.2024;11,911;;
25.12.2024;11,801;;
25.12.2024;11,833;;
25.12.2024;11,301;;
25.12.2024;11,407;;
25.12.2024;10,463;;
26.12.2024;10,217;;
26.12.2024;9,506;;
26.12.2024;9,461;;
26.12.2024;8,964;;
26.12.2024;9,087;;
26.12.2024;9,51;;
26.12.2024;9,9;;
26.12.2024;11,261;;
26.12.2024;11,91;;
26.12.2024;11,823;;
26.12.2024;11,325;;
26.12.2024;10,601;;
26.12.2024;10,771;;
26.12.2024;10,39;;
26.12.2024;10,964;;
26.12.2024;12,075;;
26.12.2024;12,964;;
26.12.2024;13,79;;
26.12.2024;13,805;;
26.12.2024;13,571;;
26.12.2024;12,913;;
26.12.2024;12,085;;
26.12.2024;12,35;;
26.12.2024;11,698;;
27.12.2024;10,679;;
27.12.2024;10,152;;
27.12.2024;10,103;;
27.12.2024;9,974;;
27.12.2024;9,958;;
27.12.2024;10,62;;
27.12.2024;11,57;;
27.12.2024;12,429;;
27.12.2024;13,185;;
27.12.2024;13,015;;
27.12.2024;12,01;;
27.12.2024;10,794;;
27.12.2024;10,781;;
27.12.2024;10,794;;
27.12.2024;12,165;;
27.12.2024;13,646;;
27.12.2024;14,625;;
27.12.2024;15,18;;
27.12.2024;15,84;;
27.12.2024;14,643;;
27.12.2024;13,314;;
27.12.2024;12,542;;
27.12.2024;12,676;;
27.12.2024;11,4;;
28.12.2024;12,64;;
28.12.2024;11,663;;
28.12.2024;11,015;;
28.12.2024;10,592;;
28.12.2024;10,293;;
28.12.2024;10,558;;
28.12.2024;10,971;;
28.12.2024;12,424;;
28.12.2024;12,8;;
28.12.2024;12,83;;
28.12.2024;12,283;;
28.12.2024;11,34;;
28.12.2024;10,897;;
28.12.2024;11,001;;
28.12.2024;11,783;;
28.12.2024;13,784;;
28.12.2024;14,325;;
28.12.2024;15,2;;
28.12.2024;14,751;;
28.12.2024;14,048;;
28.12.2024;12,926;;
28.12.2024;12,59;;
28.12.2024;12,125;;
28.12.2024;11,493;;
29.12.2024;12,739;;
29.12.2024;11,409;;
29.12.2024;10,771;;
29.12.2024;10,17;;
29.12.2024;9,773;;
29.12.2024;9,861;;
29.12.2024;9,816;;
29.12.2024;10,209;;
29.12.2024;11,071;;
29.12.2024;11,465;;
29.12.2024;10,407;;
29.12.2024;10,019;;
29.12.2024;10,072;;
29.12.2024;9,973;;
29.12.2024;9,844;;
29.12.2024;10,401;;
29.12.2024;12,173;;
29.12.2024;12,2;;
29.12.2024;12,611;;
29.12.2024;12,134;;
29.12.2024;10,992;;
29.12.2024;9,021;;
29.12.2024;8,379;;
29.12.2024;7,163;;
30.12.2024;7,173;;
30.12.2024;6,86;;
30.12.2024;6,86;;
30.12.2024;6,465;;
30.12.2024;6,689;;
30.12.2024;6,917;;
30.12.2024;7,114;;
30.12.2024;8,02;;
30.12.2024;8,63;;
30.12.2024;8,706;;
30.12.2024;8,371;;
30.12.2024;7,888;;
30.12.2024;8,286;;
30.12.2024;8,05;;
30.12.2024;8,37;;
30.12.2024;9,242;;
30.12.2024;9,697;;
30.12.2024;10,997;;
30.12.2024;10;;
30.12.2024;8,662;;
30.12.2024;7,483;;
30.12.2024;6,802;;
30.12.2024;6,726;;
30.12.2024;3,566;;
31.12.2024;5,049;;
31.12.2024;4,59;;
31.12.2024;5,643;;
31.12.2024;5,706;;
31.12.2024;6,392;;
31.12.2024;6,372;;
31.12.2024;6,37;;
31.12.2024;7,163;;
31.12.2024;7,843;;
31.12.2024;8,346;;
31.12.2024;8,247;;
31.12.2024;8,103;;
31.12.2024;8,117;;
31.12.2024;7,893;;
31.12.2024;7,684;;
31.12.2024;8,207;;
31.12.2024;8,367;;
31.12.2024;8,325;;
31.12.2024;7,768;;
31.12.2024;6,777;;
31.12.2024;3,556;;
31.12.2024;1,57;;
31.12.2024;0,906;;
31.12.2024;0,052;;
