timestamp;pv_gen_kwh;load_kwh;baseline_pv_to_load_kwh;pv_to_load_kwh;pv_to_grid_kwh;batt_charge_kwh;contract_power_kw
2024-01-01 00:00:00;0,0;13,837202499999998;0,0;0,0;0,0;0,0;0,005156187582761051
2024-01-01 01:00:00;0,0;11,880535;0,0;0,0;0,0;0,0;0,005156187582761051
2024-01-01 02:00:00;0,0;10,941904999999998;0,0;0,0;0,0;0,0;0,005156187582761051
2024-01-01 03:00:00;0,0;11,2585575;0,0;0,0;0,0;0,0;0,005156187582761051
2024-01-01 04:00:00;0,0;13,4582775;0,0;0,0;0,0;0,0;0,005156187582761051
2024-01-01 05:00:00;0,0;15,1094475;0,0;0,0;0,0;0,0;0,005156187582761051
2024-01-01 06:00:00;0,0;18,2196225;0,0;0,0;0,0;0,0;0,005156187582761051
2024-01-01 07:00:00;0,0;26,0792975;0,0;0,0;0,0;0,0;0,005156187582761051
2024-01-01 08:00:00;1,1888244482612498;42,63165;1,1888244482612498;1,1836682606784887;0,0;0,005156187582761051;0,005156187582761051
2024-01-01 09:00:00;18,046012167446428;51,825325;18,046012167446428;18,040855979863668;0,0;0,005156187582761051;0,005156187582761051
2024-01-01 10:00:00;27,17979873997944;52,572250000000004;27,17979873997944;27,17464255239668;0,0;0,005156187582761051;0,005156187582761051
2024-01-01 11:00:00;9,763182498271751;54,104625;9,763182498271751;9,75802631068899;0,0;0,005156187582761051;0,005156187582761051
2024-01-01 12:00:00;17,568195020720225;49,727725;17,568195020720225;17,563038833137465;0,0;0,005156187582761051;0,005156187582761051
2024-01-01 13:00:00;13,877114894399764;41,58515;13,877114894399764;13,871958706817002;0,0;0,005156187582761051;0,005156187582761051
2024-01-01 14:00:00;7,068423990175241;39,074125;7,068423990175241;7,063267802592479;0,0;0,005156187582761051;0,005156187582761051
2024-01-01 15:00:00;0,21683385025068447;43,106025;0,21683385025068447;0,21167766266792343;0,0;0,005156187582761051;0,005156187582761051
2024-01-01 16:00:00;0,0;45,43535;0,0;0,0;0,0;0,0;0,005156187582761051
2024-01-01 17:00:00;0,0;46,15410000000001;0,0;0,0;0,0;0,0;0,005156187582761051
2024-01-01 18:00:00;0,0;38,03337500000001;0,0;0,0;0,0;0,0;0,005156187582761051
2024-01-01 19:00:00;0,0;26,4247;0,0;0,0;0,0;0,0;0,005156187582761051
2024-01-01 20:00:00;0,0;21,62368;0,0;0,0;0,0;0,0;0,005156187582761051
2024-01-01 21:00:00;0,0;18,9547025;0,0;0,0;0,0;0,0;0,005156187582761051
2024-01-01 22:00:00;0,0;17,2072775;0,0;0,0;0,0;0,0;0,005156187582761051
2024-01-01 23:00:00;0,0;16,0990225;0,0;0,0;0,0;0,0;0,005156187582761051
2024-01-02 00:00:00;0,0;13,837202499999998;0,0;0,0;0,0;0,0;0,005156187582761051
2024-01-02 01:00:00;0,0;11,880535;0,0;0,0;0,0;0,0;0,005156187582761051
2024-01-02 02:00:00;0,0;10,941904999999998;0,0;0,0;0,0;0,0;0,005156187582761051
2024-01-02 03:00:00;0,0;11,2585575;0,0;0,0;0,0;0,0;0,005156187582761051
2024-01-02 04:00:00;0,0;13,4582775;0,0;0,0;0,0;0,0;0,005156187582761051
2024-01-02 05:00:00;0,0;15,1094475;0,0;0,0;0,0;0,0;0,005156187582761051
2024-01-02 06:00:00;0,0;18,2196225;0,0;0,0;0,0;0,0;0,005156187582761051
2024-01-02 07:00:00;0,0;26,0792975;0,0;0,0;0,0;0,0;0,005156187582761051
2024-01-02 08:00:00;2,089538250967481;42,63165;2,089538250967481;2,08438206338472;0,0;0,005156187582761051;0,005156187582761051
2024-01-02 09:00:00;22,171484968418735;51,825325;22,171484968418735;22,166328780835975;0,0;0,005156187582761051;0,005156187582761051
2024-01-02 10:00:00;44,670243981908946;52,572250000000004;44,670243981908946;44,66508779432618;0,0;0,005156187582761051;0,005156187582761051
2024-01-02 11:00:00;51,5360450947219;54,104625;51,5360450947219;51,530888907139136;0,0;0,005156187582761051;0,005156187582761051
2024-01-02 12:00:00;25,945271329456624;49,727725;25,945271329456624;25,940115141873864;0,0;0,005156187582761051;0,005156187582761051
2024-01-02 13:00:00;2,357305234136727;41,58515;2,357305234136727;2,352149046553966;0,0;0,005156187582761051;0,005156187582761051
2024-01-02 14:00:00;1,937123532373272;39,074125;1,937123532373272;1,931967344790511;0,0;0,005156187582761051;0,005156187582761051
2024-01-02 15:00:00;0,32475882863106165;43,106025;0,32475882863106165;0,3196026410483006;0,0;0,005156187582761051;0,005156187582761051
2024-01-02 16:00:00;0,0;45,43535;0,0;0,0;0,0;0,0;0,005156187582761051
2024-01-02 17:00:00;0,0;46,15410000000001;0,0;0,0;0,0;0,0;0,005156187582761051
2024-01-02 18:00:00;0,0;38,03337500000001;0,0;0,0;0,0;0,0;0,005156187582761051
2024-01-02 19:00:00;0,0;26,4247;0,0;0,0;0,0;0,0;0,005156187582761051
2024-01-02 20:00:00;0,0;21,62368;0,0;0,0;0,0;0,0;0,005156187582761051
2024-01-02 21:00:00;0,0;18,9547025;0,0;0,0;0,0;0,0;0,005156187582761051
2024-01-02 22:00:00;0,0;17,2072775;0,0;0,0;0,0;0,0;0,005156187582761051
2024-01-02 23:00:00;0,0;16,0990225;0,0;0,0;0,0;0,0;0,005156187582761051
2024-01-03 00:00:00;0,0;13,837202499999998;0,0;0,0;0,0;0,0;0,005156187582761051
2024-01-03 01:00:00;0,0;11,880535;0,0;0,0;0,0;0,0;0,005156187582761051
2024-01-03 02:00:00;0,0;10,941904999999998;0,0;0,0;0,0;0,0;0,005156187582761051
2024-01-03 03:00:00;0,0;11,2585575;0,0;0,0;0,0;0,0;0,005156187582761051
2024-01-03 04:00:00;0,0;13,4582775;0,0;0,0;0,0;0,0;0,005156187582761051
2024-01-03 05:00:00;0,0;15,1094475;0,0;0,0;0,0;0,0;0,005156187582761051
2024-01-03 06:00:00;0,0;18,2196225;0,0;0,0;0,0;0,0;0,005156187582761051
2024-01-03 07:00:00;0,0;26,0792975;0,0;0,0;0,0;0,0;0,005156187582761051
2024-01-03 08:00:00;0,49324134166232425;42,63165;0,49324134166232425;0,4880851540795632;0,0;0,005156187582761051;0,005156187582761051
2024-01-03 09:00:00;9,533779963514366;51,825325;9,533779963514366;9,528623775931605;0,0;0,005156187582761051;0,005156187582761051
2024-01-03 10:00:00;28,450944742796647;52,572250000000004;28,450944742796647;28,445788555213888;0,0;0,005156187582761051;0,005156187582761051
2024-01-03 11:00:00;29,343402717421952;54,104625;29,343402717421952;29,338246529839193;0,0;0,005156187582761051;0,005156187582761051
2024-01-03 12:00:00;22,407915313818474;49,727725;22,407915313818474;22,402759126235715;0,0;0,005156187582761051;0,005156187582761051
2024-01-03 13:00:00;4,706051334680603;41,58515;4,706051334680603;4,7008951470978415;0,0;0,005156187582761051;0,005156187582761051
2024-01-03 14:00:00;9,244160188095094;39,074125;9,244160188095094;9,239004000512333;0,0;0,005156187582761051;0,005156187582761051
2024-01-03 15:00:00;8,159953948364608;43,106025;8,159953948364608;8,154797760781847;0,0;0,005156187582761051;0,005156187582761051
2024-01-03 16:00:00;0,0;45,43535;0,0;0,0;0,0;0,0;0,005156187582761051
2024-01-03 17:00:00;0,0;46,15410000000001;0,0;0,0;0,0;0,0;0,005156187582761051
2024-01-03 18:00:00;0,0;38,03337500000001;0,0;0,0;0,0;0,0;0,005156187582761051
2024-01-03 19:00:00;0,0;26,4247;0,0;0,0;0,0;0,0;0,005156187582761051
2024-01-03 20:00:00;0,0;21,62368;0,0;0,0;0,0;0,0;0,005156187582761051
2024-01-03 21:00:00;0,0;18,9547025;0,0;0,0;0,0;0,0;0,005156187582761051
2024-01-03 22:00:00;0,0;17,2072775;0,0;0,0;0,0;0,0;0,005156187582761051
2024-01-03 23:00:00;0,0;16,0990225;0,0;0,0;0,0;0,0;0,005156187582761051
2024-01-04 00:00:00;0,0;13,837202499999998;0,0;0,0;0,0;0,0;0,005156187582761051
2024-01-04 01:00:00;0,0;11,880535;0,0;0,0;0,0;0,0;0,005156187582761051
2024-01-04 02:00:00;0,0;10,941904999999998;0,0;0,0;0,0;0,0;0,005156187582761051
2024-01-04 03:00:00;0,0;11,2585575;0,0;0,0;0,0;0,0;0,005156187582761051
2024-01-04 04:00:00;0,0;13,4582775;0,0;0,0;0,0;0,0;0,005156187582761051
2024-01-04 05:00:00;0,0;15,1094475;0,0;0,0;0,0;0,0;0,005156187582761051
2024-01-04 06:00:00;0,0;18,2196225;0,0;0,0;0,0;0,0;0,005156187582761051
2024-01-04 07:00:00;0,0;26,0792975;0,0;0,0;0,0;0,0;0,005156187582761051
2024-01-04 08:00:00;0,1496701735959827;42,63165;0,1496701735959827;0,14451398601322166;0,0;0,005156187582761051;0,005156187582761051
2024-01-04 09:00:00;4,934617929856319;51,825325;4,934617929856319;4,929461742273558;0,0;0,005156187582761051;0,005156187582761051
2024-01-04 10:00:00;7,849324717972391;52,572250000000004;7,849324717972391;7,84416853038963;0,0;0,005156187582761051;0,005156187582761051
2024-01-04 11:00:00;10,690409641338205;54,104625;10,690409641338205;10,685253453755443;0,0;0,005156187582761051;0,005156187582761051
2024-01-04 12:00:00;5,6735885200525376;49,727725;5,6735885200525376;5,668432332469776;0,0;0,005156187582761051;0,005156187582761051
2024-01-04 13:00:00;4,508703014147783;41,58515;4,508703014147783;4,503546826565022;0,0;0,005156187582761051;0,005156187582761051
2024-01-04 14:00:00;2,092231012097816;39,074125;2,092231012097816;2,0870748245150548;0,0;0,005156187582761051;0,005156187582761051
2024-01-04 15:00:00;0,2314295033005497;43,106025;0,2314295033005497;0,22627331571778866;0,0;0,005156187582761051;0,005156187582761051
2024-01-04 16:00:00;0,0;45,43535;0,0;0,0;0,0;0,0;0,005156187582761051
2024-01-04 17:00:00;0,0;46,15410000000001;0,0;0,0;0,0;0,0;0,005156187582761051
2024-01-04 18:00:00;0,0;38,03337500000001;0,0;0,0;0,0;0,0;0,005156187582761051
2024-01-04 19:00:00;0,0;26,4247;0,0;0,0;0,0;0,0;0,005156187582761051
2024-01-04 20:00:00;0,0;21,62368;0,0;0,0;0,0;0,0;0,005156187582761051
2024-01-04 21:00:00;0,0;18,9547025;0,0;0,0;0,0;0,0;0,005156187582761051
2024-01-04 22:00:00;0,0;17,2072775;0,0;0,0;0,0;0,0;0,005156187582761051
2024-01-04 23:00:00;0,0;16,0990225;0,0;0,0;0,0;0,0;0,005156187582761051
2024-01-05 00:00:00;0,0;16,76631;0,0;0,0;0,0;0,0;0,005156187582761051
2024-01-05 01:00:00;0,0;16,5853;0,0;0,0;0,0;0,0;0,005156187582761051
2024-01-05 02:00:00;0,0;14,673999999999998;0,0;0,0;0,0;0,0;0,005156187582761051
2024-01-05 03:00:00;0,0;14,4478525;0,0;0,0;0,0;0,0;0,005156187582761051
2024-01-05 04:00:00;0,0;14,9398225;0,0;0,0;0,0;0,0;0,005156187582761051
2024-01-05 05:00:00;0,0;15,98592;0,0;0,0;0,0;0,0;0,005156187582761051
2024-01-05 06:00:00;0,0;18,095135;0,0;0,0;0,0;0,0;0,005156187582761051
2024-01-05 07:00:00;0,0;26,729795000000003;0,0;0,0;0,0;0,0;0,005156187582761051
2024-01-05 08:00:00;0,2778204512355244;38,362275000000004;0,2778204512355244;0,27266426365276336;0,0;0,005156187582761051;0,005156187582761051
2024-01-05 09:00:00;7,688402649653224;43,796025;7,688402649653224;7,683246462070462;0,0;0,005156187582761051;0,005156187582761051
2024-01-05 10:00:00;27,58689391855728;46,102925;27,58689391855728;27,58173773097452;0,0;0,005156187582761051;0,005156187582761051
2024-01-05 11:00:00;46,407814680516324;46,917125;46,407814680516324;46,40265849293356;0,0;0,005156187582761051;0,005156187582761051
2024-01-05 12:00:00;55,87183437628602;44,610225;44,610225;44,610225;11,256453188703254;0,005156187582761051;0,005156187582761051
2024-01-05 13:00:00;37,40274800816966;39,006275;37,40274800816966;37,3975918205869;0,0;0,005156187582761051;0,005156187582761051
2024-01-05 14:00:00;18,469530229841148;29,223799999999997;18,469530229841148;18,464374042258388;0,0;0,005156187582761051;0,005156187582761051
2024-01-05 15:00:00;3,453828636729874;21,6350075;3,453828636729874;3,4486724491471126;0,0;0,005156187582761051;0,005156187582761051
2024-01-05 16:00:00;0,0;18,915142499999998;0,0;0,0;0,0;0,0;0,005156187582761051
2024-01-05 17:00:00;0,0;20,634104999999998;0,0;0,0;0,0;0,0;0,005156187582761051
2024-01-05 18:00:00;0,0;21,929005;0,0;0,0;0,0;0,0;0,005156187582761051
2024-01-05 19:00:00;0,0;21,912157500000003;0,0;0,0;0,0;0,0;0,005156187582761051
2024-01-05 20:00:00;0,0;21,17702;0,0;0,0;0,0;0,0;0,005156187582761051
2024-01-05 21:00:00;0,0;19,305279999999996;0,0;0,0;0,0;0,0;0,005156187582761051
2024-01-05 22:00:00;0,0;17,4053075;0,0;0,0;0,0;0,0;0,005156187582761051
2024-01-05 23:00:00;0,0;15,516547499999998;0,0;0,0;0,0;0,0;0,005156187582761051
2024-01-06 00:00:00;0,0;13,577015000000001;0,0;0,0;0,0;0,0;0,005156187582761051
2024-01-06 01:00:00;0,0;11,965405;0,0;0,0;0,0;0,0;0,005156187582761051
2024-01-06 02:00:00;0,0;10,4443;0,0;0,0;0,0;0,0;0,005156187582761051
2024-01-06 03:00:00;0,0;9,5961175;0,0;0,0;0,0;0,0;0,005156187582761051
2024-01-06 04:00:00;0,0;9,47163;0,0;0,0;0,0;0,0;0,005156187582761051
2024-01-06 05:00:00;0,0;9,9636;0,0;0,0;0,0;0,0;0,005156187582761051
2024-01-06 06:00:00;0,0;11,207669999999998;0,0;0,0;0,0;0,0;0,005156187582761051
2024-01-06 07:00:00;0,0;11,6035;0,0;0,0;0,0;0,0;0,005156187582761051
2024-01-06 08:00:00;1,8583824623972123;11,134185;1,8583824623972123;1,8532262748144512;0,0;0,005156187582761051;0,005156187582761051
2024-01-06 09:00:00;11,695978378828414;12,5365525;11,695978378828414;11,690822191245653;0,0;0,005156187582761051;0,005156187582761051
2024-01-06 10:00:00;27,871187353279186;14,928495;14,928495;14,928495;12,937536165696427;0,005156187582761051;0,005156187582761051
2024-01-06 11:00:00;46,01181604505799;16,466562500000002;16,466562500000002;16,466562500000002;29,540097357475226;0,005156187582761051;0,005156187582761051
2024-01-06 12:00:00;30,79179750233484;17,591894999999997;17,591894999999997;17,591894999999997;13,194746314752084;0,005156187582761051;0,005156187582761051
2024-01-06 13:00:00;31,3828733658342;18,112155;18,112155;18,112155;13,26556217825144;0,005156187582761051;0,005156187582761051
2024-01-06 14:00:00;12,336470847686666;16,8454875;12,336470847686666;12,331314660103905;0,0;0,005156187582761051;0,005156187582761051
2024-01-06 15:00:00;2,522407000364245;14,962420000000002;2,522407000364245;2,5172508127814837;0,0;0,005156187582761051;0,005156187582761051
2024-01-06 16:00:00;0,0;14,108545000000001;0,0;0,0;0,0;0,0;0,005156187582761051
2024-01-06 17:00:00;0,0;17,863352499999998;0,0;0,0;0,0;0,0;0,005156187582761051
2024-01-06 18:00:00;0,0;20,792460000000002;0,0;0,0;0,0;0,0;0,005156187582761051
2024-01-06 19:00:00;0,0;21,267525;0,0;0,0;0,0;0,0;0,005156187582761051
2024-01-06 20:00:00;0,0;20,176117499999997;0,0;0,0;0,0;0,0;0,005156187582761051
2024-01-06 21:00:00;0,0;17,7049975;0,0;0,0;0,0;0,0;0,005156187582761051
2024-01-06 22:00:00;0,0;15,8615475;0,0;0,0;0,0;0,0;0,005156187582761051
2024-01-06 23:00:00;0,0;13,9615175;0,0;0,0;0,0;0,0;0,005156187582761051
2024-01-07 00:00:00;0,0;13,837202499999998;0,0;0,0;0,0;0,0;0,005156187582761051
2024-01-07 01:00:00;0,0;11,880535;0,0;0,0;0,0;0,0;0,005156187582761051
2024-01-07 02:00:00;0,0;10,941904999999998;0,0;0,0;0,0;0,0;0,005156187582761051
2024-01-07 03:00:00;0,0;11,2585575;0,0;0,0;0,0;0,0;0,005156187582761051
2024-01-07 04:00:00;0,0;13,4582775;0,0;0,0;0,0;0,0;0,005156187582761051
2024-01-07 05:00:00;0,0;15,1094475;0,0;0,0;0,0;0,0;0,005156187582761051
2024-01-07 06:00:00;0,0;18,2196225;0,0;0,0;0,0;0,0;0,005156187582761051
2024-01-07 07:00:00;0,0;26,0792975;0,0;0,0;0,0;0,0;0,005156187582761051
2024-01-07 08:00:00;0,47654474311516465;42,63165;0,47654474311516465;0,4713885555324036;0,0;0,005156187582761051;0,005156187582761051
2024-01-07 09:00:00;2,6730758628409834;51,825325;2,6730758628409834;2,667919675258222;0,0;0,005156187582761051;0,005156187582761051
2024-01-07 10:00:00;7,279998078987277;52,572250000000004;7,279998078987277;7,274841891404516;0,0;0,005156187582761051;0,005156187582761051
2024-01-07 11:00:00;3,9861815940407728;54,104625;3,9861815940407728;3,9810254064580115;0,0;0,005156187582761051;0,005156187582761051
2024-01-07 12:00:00;5,055599840640656;49,727725;5,055599840640656;5,0504436530578944;0,0;0,005156187582761051;0,005156187582761051
2024-01-07 13:00:00;6,326775434239514;41,58515;6,326775434239514;6,321619246656753;0,0;0,005156187582761051;0,005156187582761051
2024-01-07 14:00:00;7,133079848084934;39,074125;7,133079848084934;7,127923660502173;0,0;0,005156187582761051;0,005156187582761051
2024-01-07 15:00:00;1,4859528845247256;43,106025;1,4859528845247256;1,4807966969419646;0,0;0,005156187582761051;0,005156187582761051
2024-01-07 16:00:00;0,0;45,43535;0,0;0,0;0,0;0,0;0,005156187582761051
2024-01-07 17:00:00;0,0;46,15410000000001;0,0;0,0;0,0;0,0;0,005156187582761051
2024-01-07 18:00:00;0,0;38,03337500000001;0,0;0,0;0,0;0,0;0,005156187582761051
2024-01-07 19:00:00;0,0;26,4247;0,0;0,0;0,0;0,0;0,005156187582761051
2024-01-07 20:00:00;0,0;21,62368;0,0;0,0;0,0;0,0;0,005156187582761051
2024-01-07 21:00:00;0,0;18,9547025;0,0;0,0;0,0;0,0;0,005156187582761051
2024-01-07 22:00:00;0,0;17,2072775;0,0;0,0;0,0;0,0;0,005156187582761051
2024-01-07 23:00:00;0,0;16,0990225;0,0;0,0;0,0;0,0;0,005156187582761051
2024-01-08 00:00:00;0,0;13,837202499999998;0,0;0,0;0,0;0,0;0,005156187582761051
2024-01-08 01:00:00;0,0;11,880535;0,0;0,0;0,0;0,0;0,005156187582761051
2024-01-08 02:00:00;0,0;10,941904999999998;0,0;0,0;0,0;0,0;0,005156187582761051
2024-01-08 03:00:00;0,0;11,2585575;0,0;0,0;0,0;0,0;0,005156187582761051
2024-01-08 04:00:00;0,0;13,4582775;0,0;0,0;0,0;0,0;0,005156187582761051
2024-01-08 05:00:00;0,0;15,1094475;0,0;0,0;0,0;0,0;0,005156187582761051
2024-01-08 06:00:00;0,0;18,2196225;0,0;0,0;0,0;0,0;0,005156187582761051
2024-01-08 07:00:00;0,0;26,0792975;0,0;0,0;0,0;0,0;0,005156187582761051
2024-01-08 08:00:00;1,8834162636748326;42,63165;1,8834162636748326;1,8782600760920716;0,0;0,005156187582761051;0,005156187582761051
2024-01-08 09:00:00;28,30306481149061;51,825325;28,30306481149061;28,29790862390785;0,0;0,005156187582761051;0,005156187582761051
2024-01-08 10:00:00;53,380586469001365;52,572250000000004;52,572250000000004;52,572250000000004;0,803180281418598;0,005156187582761051;0,005156187582761051
2024-01-08 11:00:00;62,81161244322905;54,104625;54,104625;54,104625;8,70183125564629;0,005156187582761051;0,005156187582761051
2024-01-08 12:00:00;73,12030100125602;49,727725;49,727725;49,727725;23,38741981367327;0,005156187582761051;0,005156187582761051
2024-01-08 13:00:00;33,60358755186514;41,58515;33,60358755186514;33,598431364282376;0,0;0,005156187582761051;0,005156187582761051
2024-01-08 14:00:00;4,220673743242307;39,074125;4,220673743242307;4,215517555659546;0,0;0,005156187582761051;0,005156187582761051
2024-01-08 15:00:00;0,5930584458700444;43,106025;0,5930584458700444;0,5879022582872834;0,0;0,005156187582761051;0,005156187582761051
2024-01-08 16:00:00;0,0;45,43535;0,0;0,0;0,0;0,0;0,005156187582761051
2024-01-08 17:00:00;0,0;46,15410000000001;0,0;0,0;0,0;0,0;0,005156187582761051
2024-01-08 18:00:00;0,0;38,03337500000001;0,0;0,0;0,0;0,0;0,005156187582761051
2024-01-08 19:00:00;0,0;26,4247;0,0;0,0;0,0;0,0;0,005156187582761051
2024-01-08 20:00:00;0,0;21,62368;0,0;0,0;0,0;0,0;0,005156187582761051
2024-01-08 21:00:00;0,0;18,9547025;0,0;0,0;0,0;0,0;0,005156187582761051
2024-01-08 22:00:00;0,0;17,2072775;0,0;0,0;0,0;0,0;0,005156187582761051
2024-01-08 23:00:00;0,0;16,0990225;0,0;0,0;0,0;0,0;0,005156187582761051
2024-01-09 00:00:00;0,0;13,837202499999998;0,0;0,0;0,0;0,0;0,005156187582761051
2024-01-09 01:00:00;0,0;11,880535;0,0;0,0;0,0;0,0;0,005156187582761051
2024-01-09 02:00:00;0,0;10,941904999999998;0,0;0,0;0,0;0,0;0,005156187582761051
2024-01-09 03:00:00;0,0;11,2585575;0,0;0,0;0,0;0,0;0,005156187582761051
2024-01-09 04:00:00;0,0;13,4582775;0,0;0,0;0,0;0,0;0,005156187582761051
2024-01-09 05:00:00;0,0;15,1094475;0,0;0,0;0,0;0,0;0,005156187582761051
2024-01-09 06:00:00;0,0;18,2196225;0,0;0,0;0,0;0,0;0,005156187582761051
2024-01-09 07:00:00;0,0;26,0792975;0,0;0,0;0,0;0,0;0,005156187582761051
2024-01-09 08:00:00;1,5302132961807537;42,63165;1,5302132961807537;1,5250571085979927;0,0;0,005156187582761051;0,005156187582761051
2024-01-09 09:00:00;23,00749852704279;51,825325;23,00749852704279;23,002342339460032;0,0;0,005156187582761051;0,005156187582761051
2024-01-09 10:00:00;50,41196527671529;52,572250000000004;50,41196527671529;50,40680908913253;0,0;0,005156187582761051;0,005156187582761051
2024-01-09 11:00:00;64,5752230296902;54,104625;54,104625;54,104625;10,465441842107452;0,005156187582761051;0,005156187582761051
2024-01-09 12:00:00;42,36793321547251;49,727725;42,36793321547251;42,36277702788975;0,0;0,005156187582761051;0,005156187582761051
2024-01-09 13:00:00;4,5331967836602525;41,58515;4,5331967836602525;4,528040596077491;0,0;0,005156187582761051;0,005156187582761051
2024-01-09 14:00:00;3,124239112994117;39,074125;3,124239112994117;3,1190829254113557;0,0;0,005156187582761051;0,005156187582761051
2024-01-09 15:00:00;0,19798452233833946;43,106025;0,19798452233833946;0,19282833475557842;0,0;0,005156187582761051;0,005156187582761051
2024-01-09 16:00:00;0,0;45,43535;0,0;0,0;0,0;0,0;0,005156187582761051
2024-01-09 17:00:00;0,0;46,15410000000001;0,0;0,0;0,0;0,0;0,005156187582761051
2024-01-09 18:00:00;0,0;38,03337500000001;0,0;0,0;0,0;0,0;0,005156187582761051
2024-01-09 19:00:00;0,0;26,4247;0,0;0,0;0,0;0,0;0,005156187582761051
2024-01-09 20:00:00;0,0;21,62368;0,0;0,0;0,0;0,0;0,005156187582761051
2024-01-09 21:00:00;0,0;18,9547025;0,0;0,0;0,0;0,0;0,005156187582761051
2024-01-09 22:00:00;0,0;17,2072775;0,0;0,0;0,0;0,0;0,005156187582761051
2024-01-09 23:00:00;0,0;16,0990225;0,0;0,0;0,0;0,0;0,005156187582761051
2024-01-10 00:00:00;0,0;13,837202499999998;0,0;0,0;0,0;0,0;0,005156187582761051
2024-01-10 01:00:00;0,0;11,880535;0,0;0,0;0,0;0,0;0,005156187582761051
2024-01-10 02:00:00;0,0;10,941904999999998;0,0;0,0;0,0;0,0;0,005156187582761051
2024-01-10 03:00:00;0,0;11,2585575;0,0;0,0;0,0;0,0;0,005156187582761051
2024-01-10 04:00:00;0,0;13,4582775;0,0;0,0;0,0;0,0;0,005156187582761051
2024-01-10 05:00:00;0,0;15,1094475;0,0;0,0;0,0;0,0;0,005156187582761051
2024-01-10 06:00:00;0,0;18,2196225;0,0;0,0;0,0;0,0;0,005156187582761051
2024-01-10 07:00:00;0,0;26,0792975;0,0;0,0;0,0;0,0;0,005156187582761051
2024-01-10 08:00:00;0,4569482479661059;42,63165;0,4569482479661059;0,45179206038334485;0,0;0,005156187582761051;0,005156187582761051
2024-01-10 09:00:00;19,00934006412836;51,825325;19,00934006412836;19,0041838765456;0,0;0,005156187582761051;0,005156187582761051
2024-01-10 10:00:00;38,81940667976073;52,572250000000004;38,81940667976073;38,81425049217797;0,0;0,005156187582761051;0,005156187582761051
2024-01-10 11:00:00;60,103316152526745;54,104625;54,104625;54,104625;5,993534964943983;0,005156187582761051;0,005156187582761051
2024-01-10 12:00:00;61,89133913385082;49,727725;49,727725;49,727725;12,158457946268058;0,005156187582761051;0,005156187582761051
2024-01-10 13:00:00;49,029705888794695;41,58515;41,58515;41,58515;7,439399701211933;0,005156187582761051;0,005156187582761051
2024-01-10 14:00:00;33,35872383369457;39,074125;33,35872383369457;33,353567646111806;0,0;0,005156187582761051;0,005156187582761051
2024-01-10 15:00:00;7,159859505480023;43,106025;7,159859505480023;7,154703317897262;0,0;0,005156187582761051;0,005156187582761051
2024-01-10 16:00:00;0,0;45,43535;0,0;0,0;0,0;0,0;0,005156187582761051
2024-01-10 17:00:00;0,0;46,15410000000001;0,0;0,0;0,0;0,0;0,005156187582761051
2024-01-10 18:00:00;0,0;38,03337500000001;0,0;0,0;0,0;0,0;0,005156187582761051
2024-01-10 19:00:00;0,0;26,4247;0,0;0,0;0,0;0,0;0,005156187582761051
2024-01-10 20:00:00;0,0;21,62368;0,0;0,0;0,0;0,0;0,005156187582761051
2024-01-10 21:00:00;0,0;18,9547025;0,0;0,0;0,0;0,0;0,005156187582761051
2024-01-10 22:00:00;0,0;17,2072775;0,0;0,0;0,0;0,0;0,005156187582761051
2024-01-10 23:00:00;0,0;16,0990225;0,0;0,0;0,0;0,0;0,005156187582761051
2024-01-11 00:00:00;0,0;13,837202499999998;0,0;0,0;0,0;0,0;0,005156187582761051
2024-01-11 01:00:00;0,0;11,880535;0,0;0,0;0,0;0,0;0,005156187582761051
2024-01-11 02:00:00;0,0;10,941904999999998;0,0;0,0;0,0;0,0;0,005156187582761051
2024-01-11 03:00:00;0,0;11,2585575;0,0;0,0;0,0;0,0;0,005156187582761051
2024-01-11 04:00:00;0,0;13,4582775;0,0;0,0;0,0;0,0;0,005156187582761051
2024-01-11 05:00:00;0,0;15,1094475;0,0;0,0;0,0;0,0;0,005156187582761051
2024-01-11 06:00:00;0,0;18,2196225;0,0;0,0;0,0;0,0;0,005156187582761051
2024-01-11 07:00:00;0,0;26,0792975;0,0;0,0;0,0;0,0;0,005156187582761051
2024-01-11 08:00:00;0,3325042157284813;42,63165;0,3325042157284813;0,3273480281457203;0,0;0,005156187582761051;0,005156187582761051
2024-01-11 09:00:00;5,4121909526338925;51,825325;5,4121909526338925;5,407034765051131;0,0;0,005156187582761051;0,005156187582761051
2024-01-11 10:00:00;10,73020924266019;52,572250000000004;10,73020924266019;10,725053055077428;0,0;0,005156187582761051;0,005156187582761051
2024-01-11 11:00:00;9,816223974383021;54,104625;9,816223974383021;9,81106778680026;0,0;0,005156187582761051;0,005156187582761051
2024-01-11 12:00:00;12,136141255902405;49,727725;12,136141255902405;12,130985068319644;0,0;0,005156187582761051;0,005156187582761051
2024-01-11 13:00:00;5,971197806517859;41,58515;5,971197806517859;5,9660416189350975;0,0;0,005156187582761051;0,005156187582761051
2024-01-11 14:00:00;3,3705305863794006;39,074125;3,3705305863794006;3,3653743987966394;0,0;0,005156187582761051;0,005156187582761051
2024-01-11 15:00:00;0,40411390732640107;43,106025;0,40411390732640107;0,39895771974364;0,0;0,005156187582761051;0,005156187582761051
2024-01-11 16:00:00;0,0;45,43535;0,0;0,0;0,0;0,0;0,005156187582761051
2024-01-11 17:00:00;0,0;46,15410000000001;0,0;0,0;0,0;0,0;0,005156187582761051
2024-01-11 18:00:00;0,0;38,03337500000001;0,0;0,0;0,0;0,0;0,005156187582761051
2024-01-11 19:00:00;0,0;26,4247;0,0;0,0;0,0;0,0;0,005156187582761051
2024-01-11 20:00:00;0,0;21,62368;0,0;0,0;0,0;0,0;0,005156187582761051
2024-01-11 21:00:00;0,0;18,9547025;0,0;0,0;0,0;0,0;0,005156187582761051
2024-01-11 22:00:00;0,0;17,2072775;0,0;0,0;0,0;0,0;0,005156187582761051
2024-01-11 23:00:00;0,0;16,0990225;0,0;0,0;0,0;0,0;0,005156187582761051
2024-01-12 00:00:00;0,0;16,76631;0,0;0,0;0,0;0,0;0,005156187582761051
2024-01-12 01:00:00;0,0;16,5853;0,0;0,0;0,0;0,0;0,005156187582761051
2024-01-12 02:00:00;0,0;14,673999999999998;0,0;0,0;0,0;0,0;0,005156187582761051
2024-01-12 03:00:00;0,0;14,4478525;0,0;0,0;0,0;0,0;0,005156187582761051
2024-01-12 04:00:00;0,0;14,9398225;0,0;0,0;0,0;0,0;0,005156187582761051
2024-01-12 05:00:00;0,0;15,98592;0,0;0,0;0,0;0,0;0,005156187582761051
2024-01-12 06:00:00;0,0;18,095135;0,0;0,0;0,0;0,0;0,005156187582761051
2024-01-12 07:00:00;0,0;26,729795000000003;0,0;0,0;0,0;0,0;0,005156187582761051
2024-01-12 08:00:00;0,0;38,362275000000004;0,0;0,0;0,0;0,0;0,005156187582761051
2024-01-12 09:00:00;1,9545155142892545;43,796025;1,9545155142892545;1,9493593267064935;0,0;0,005156187582761051;0,005156187582761051
2024-01-12 10:00:00;6,6096928976146;46,102925;6,6096928976146;6,604536710031839;0,0;0,005156187582761051;0,005156187582761051
2024-01-12 11:00:00;9,393593635437862;46,917125;9,393593635437862;9,3884374478551;0,0;0,005156187582761051;0,005156187582761051
2024-01-12 12:00:00;5,8344144183313364;44,610225;5,8344144183313364;5,829258230748575;0,0;0,005156187582761051;0,005156187582761051
2024-01-12 13:00:00;7,599837440168689;39,006275;7,599837440168689;7,594681252585928;0,0;0,005156187582761051;0,005156187582761051
2024-01-12 14:00:00;4,791413342051305;29,223799999999997;4,791413342051305;4,786257154468544;0,0;0,005156187582761051;0,005156187582761051
2024-01-12 15:00:00;0,9261840680132184;21,6350075;0,9261840680132184;0,9210278804304574;0,0;0,005156187582761051;0,005156187582761051
2024-01-12 16:00:00;0,0;18,915142499999998;0,0;0,0;0,0;0,0;0,005156187582761051
2024-01-12 17:00:00;0,0;20,634104999999998;0,0;0,0;0,0;0,0;0,005156187582761051
2024-01-12 18:00:00;0,0;21,929005;0,0;0,0;0,0;0,0;0,005156187582761051
2024-01-12 19:00:00;0,0;21,912157500000003;0,0;0,0;0,0;0,0;0,005156187582761051
2024-01-12 20:00:00;0,0;21,17702;0,0;0,0;0,0;0,0;0,005156187582761051
2024-01-12 21:00:00;0,0;19,305279999999996;0,0;0,0;0,0;0,0;0,005156187582761051
2024-01-12 22:00:00;0,0;17,4053075;0,0;0,0;0,0;0,0;0,005156187582761051
2024-01-12 23:00:00;0,0;15,516547499999998;0,0;0,0;0,0;0,0;0,005156187582761051
2024-01-13 00:00:00;0,0;13,577015000000001;0,0;0,0;0,0;0,0;0,005156187582761051
2024-01-13 01:00:00;0,0;11,965405;0,0;0,0;0,0;0,0;0,005156187582761051
2024-01-13 02:00:00;0,0;10,4443;0,0;0,0;0,0;0,0;0,005156187582761051
2024-01-13 03:00:00;0,0;9,5961175;0,0;0,0;0,0;0,0;0,005156187582761051
2024-01-13 04:00:00;0,0;9,47163;0,0;0,0;0,0;0,0;0,005156187582761051
2024-01-13 05:00:00;0,0;9,9636;0,0;0,0;0,0;0,0;0,005156187582761051
2024-01-13 06:00:00;0,0;11,207669999999998;0,0;0,0;0,0;0,0;0,005156187582761051
2024-01-13 07:00:00;0,0;11,6035;0,0;0,0;0,0;0,0;0,005156187582761051
2024-01-13 08:00:00;3,1924384670066406;11,134185;3,1924384670066406;3,1872822794238793;0,0;0,005156187582761051;0,005156187582761051
2024-01-13 09:00:00;20,99362390475956;12,5365525;12,5365525;12,5365525;8,451915217176799;0,005156187582761051;0,005156187582761051
2024-01-13 10:00:00;37,6254186401012;14,928495;14,928495;14,928495;22,69176745251844;0,005156187582761051;0,005156187582761051
2024-01-13 11:00:00;14,527964136836228;16,466562500000002;14,527964136836228;14,522807949253467;0,0;0,005156187582761051;0,005156187582761051
2024-01-13 12:00:00;36,972719973811486;17,591894999999997;17,591894999999997;17,591894999999997;19,375668786228726;0,005156187582761051;0,005156187582761051
2024-01-13 13:00:00;22,227115637924555;18,112155;18,112155;18,112155;4,1098044503417945;0,005156187582761051;0,005156187582761051
2024-01-13 14:00:00;12,488641442332247;16,8454875;12,488641442332247;12,483485254749485;0,0;0,005156187582761051;0,005156187582761051
2024-01-13 15:00:00;2,3272336022828486;14,962420000000002;2,3272336022828486;2,3220774147000873;0,0;0,005156187582761051;0,005156187582761051
2024-01-13 16:00:00;0,0;14,108545000000001;0,0;0,0;0,0;0,0;0,005156187582761051
2024-01-13 17:00:00;0,0;17,863352499999998;0,0;0,0;0,0;0,0;0,005156187582761051
2024-01-13 18:00:00;0,0;20,792460000000002;0,0;0,0;0,0;0,0;0,005156187582761051
2024-01-13 19:00:00;0,0;21,267525;0,0;0,0;0,0;0,0;0,005156187582761051
2024-01-13 20:00:00;0,0;20,176117499999997;0,0;0,0;0,0;0,0;0,005156187582761051
2024-01-13 21:00:00;0,0;17,7049975;0,0;0,0;0,0;0,0;0,005156187582761051
2024-01-13 22:00:00;0,0;15,8615475;0,0;0,0;0,0;0,0;0,005156187582761051
2024-01-13 23:00:00;0,0;13,9615175;0,0;0,0;0,0;0,0;0,005156187582761051
2024-01-14 00:00:00;0,0;13,837202499999998;0,0;0,0;0,0;0,0;0,005156187582761051
2024-01-14 01:00:00;0,0;11,880535;0,0;0,0;0,0;0,0;0,005156187582761051
2024-01-14 02:00:00;0,0;10,941904999999998;0,0;0,0;0,0;0,0;0,005156187582761051
2024-01-14 03:00:00;0,0;11,2585575;0,0;0,0;0,0;0,0;0,005156187582761051
2024-01-14 04:00:00;0,0;13,4582775;0,0;0,0;0,0;0,0;0,005156187582761051
2024-01-14 05:00:00;0,0;15,1094475;0,0;0,0;0,0;0,0;0,005156187582761051
2024-01-14 06:00:00;0,0;18,2196225;0,0;0,0;0,0;0,0;0,005156187582761051
2024-01-14 07:00:00;0,0;26,0792975;0,0;0,0;0,0;0,0;0,005156187582761051
2024-01-14 08:00:00;1,0782584926184289;42,63165;1,0782584926184289;1,0731023050356678;0,0;0,005156187582761051;0,005156187582761051
2024-01-14 09:00:00;17,530836658884535;51,825325;17,530836658884535;17,525680471301776;0,0;0,005156187582761051;0,005156187582761051
2024-01-14 10:00:00;34,81207507453417;52,572250000000004;34,81207507453417;34,80691888695141;0,0;0,005156187582761051;0,005156187582761051
2024-01-14 11:00:00;51,32373123636855;54,104625;51,32373123636855;51,31857504878579;0,0;0,005156187582761051;0,005156187582761051
2024-01-14 12:00:00;55,881451380322936;49,727725;49,727725;49,727725;6,1485701927401735;0,005156187582761051;0,005156187582761051
2024-01-14 13:00:00;31,63417307901409;41,58515;31,63417307901409;31,62901689143133;0,0;0,005156187582761051;0,005156187582761051
2024-01-14 14:00:00;10,476394313039878;39,074125;10,476394313039878;10,471238125457116;0,0;0,005156187582761051;0,005156187582761051
2024-01-14 15:00:00;0,5422880622505689;43,106025;0,5422880622505689;0,5371318746678079;0,0;0,005156187582761051;0,005156187582761051
2024-01-14 16:00:00;0,0;45,43535;0,0;0,0;0,0;0,0;0,005156187582761051
2024-01-14 17:00:00;0,0;46,15410000000001;0,0;0,0;0,0;0,0;0,005156187582761051
2024-01-14 18:00:00;0,0;38,03337500000001;0,0;0,0;0,0;0,0;0,005156187582761051
2024-01-14 19:00:00;0,0;26,4247;0,0;0,0;0,0;0,0;0,005156187582761051
2024-01-14 20:00:00;0,0;21,62368;0,0;0,0;0,0;0,0;0,005156187582761051
2024-01-14 21:00:00;0,0;18,9547025;0,0;0,0;0,0;0,0;0,005156187582761051
2024-01-14 22:00:00;0,0;17,2072775;0,0;0,0;0,0;0,0;0,005156187582761051
2024-01-14 23:00:00;0,0;16,0990225;0,0;0,0;0,0;0,0;0,005156187582761051
2024-01-15 00:00:00;0,0;13,837202499999998;0,0;0,0;0,0;0,0;0,005156187582761051
2024-01-15 01:00:00;0,0;11,880535;0,0;0,0;0,0;0,0;0,005156187582761051
2024-01-15 02:00:00;0,0;10,941904999999998;0,0;0,0;0,0;0,0;0,005156187582761051
2024-01-15 03:00:00;0,0;11,2585575;0,0;0,0;0,0;0,0;0,005156187582761051
2024-01-15 04:00:00;0,0;13,4582775;0,0;0,0;0,0;0,0;0,005156187582761051
2024-01-15 05:00:00;0,0;15,1094475;0,0;0,0;0,0;0,0;0,005156187582761051
2024-01-15 06:00:00;0,0;18,2196225;0,0;0,0;0,0;0,0;0,005156187582761051
2024-01-15 07:00:00;0,0;26,0792975;0,0;0,0;0,0;0,0;0,005156187582761051
2024-01-15 08:00:00;0,8278021167156219;42,63165;0,8278021167156219;0,8226459291328608;0,0;0,005156187582761051;0,005156187582761051
2024-01-15 09:00:00;10,625827760382643;51,825325;10,625827760382643;10,620671572799882;0,0;0,005156187582761051;0,005156187582761051
2024-01-15 10:00:00;12,52918081319553;52,572250000000004;12,52918081319553;12,52402462561277;0,0;0,005156187582761051;0,005156187582761051
2024-01-15 11:00:00;9,465543621024779;54,104625;9,465543621024779;9,460387433442017;0,0;0,005156187582761051;0,005156187582761051
2024-01-15 12:00:00;7,967954161615392;49,727725;7,967954161615392;7,962797974032631;0,0;0,005156187582761051;0,005156187582761051
2024-01-15 13:00:00;6,066554100391535;41,58515;6,066554100391535;6,061397912808774;0,0;0,005156187582761051;0,005156187582761051
2024-01-15 14:00:00;4,541001352320977;39,074125;4,541001352320977;4,535845164738216;0,0;0,005156187582761051;0,005156187582761051
2024-01-15 15:00:00;0,8303173331560447;43,106025;0,8303173331560447;0,8251611455732837;0,0;0,005156187582761051;0,005156187582761051
2024-01-15 16:00:00;0,0;45,43535;0,0;0,0;0,0;0,0;0,005156187582761051
2024-01-15 17:00:00;0,0;46,15410000000001;0,0;0,0;0,0;0,0;0,005156187582761051
2024-01-15 18:00:00;0,0;38,03337500000001;0,0;0,0;0,0;0,0;0,005156187582761051
2024-01-15 19:00:00;0,0;26,4247;0,0;0,0;0,0;0,0;0,005156187582761051
2024-01-15 20:00:00;0,0;21,62368;0,0;0,0;0,0;0,0;0,005156187582761051
2024-01-15 21:00:00;0,0;18,9547025;0,0;0,0;0,0;0,0;0,005156187582761051
2024-01-15 22:00:00;0,0;17,2072775;0,0;0,0;0,0;0,0;0,005156187582761051
2024-01-15 23:00:00;0,0;16,0990225;0,0;0,0;0,0;0,0;0,005156187582761051
2024-01-16 00:00:00;0,0;13,837202499999998;0,0;0,0;0,0;0,0;0,005156187582761051
2024-01-16 01:00:00;0,0;11,880535;0,0;0,0;0,0;0,0;0,005156187582761051
2024-01-16 02:00:00;0,0;10,941904999999998;0,0;0,0;0,0;0,0;0,005156187582761051
2024-01-16 03:00:00;0,0;11,2585575;0,0;0,0;0,0;0,0;0,005156187582761051
2024-01-16 04:00:00;0,0;13,4582775;0,0;0,0;0,0;0,0;0,005156187582761051
2024-01-16 05:00:00;0,0;15,1094475;0,0;0,0;0,0;0,0;0,005156187582761051
2024-01-16 06:00:00;0,0;18,2196225;0,0;0,0;0,0;0,0;0,005156187582761051
2024-01-16 07:00:00;0,0;26,0792975;0,0;0,0;0,0;0,0;0,005156187582761051
2024-01-16 08:00:00;2,5084549468153114;42,63165;2,5084549468153114;2,50329875923255;0,0;0,005156187582761051;0,005156187582761051
2024-01-16 09:00:00;29,36566978061511;51,825325;29,36566978061511;29,36051359303235;0,0;0,005156187582761051;0,005156187582761051
2024-01-16 10:00:00;58,27016722918329;52,572250000000004;52,572250000000004;52,572250000000004;5,6927610416005265;0,005156187582761051;0,005156187582761051
2024-01-16 11:00:00;69,55091296447955;54,104625;54,104625;54,104625;15,441131776896796;0,005156187582761051;0,005156187582761051
2024-01-16 12:00:00;81,0950166564789;49,727725;49,727725;49,727725;31,36213546889615;0,005156187582761051;0,005156187582761051
2024-01-16 13:00:00;71,62818583645227;41,58515;41,58515;41,58515;30,03787964886952;0,005156187582761051;0,005156187582761051
2024-01-16 14:00:00;48,127926817949;39,074125;39,074125;39,074125;9,048645630366238;0,005156187582761051;0,005156187582761051
2024-01-16 15:00:00;16,115287641605406;43,106025;16,115287641605406;16,110131454022646;0,0;0,005156187582761051;0,005156187582761051
2024-01-16 16:00:00;0,4251307599947574;45,43535;0,4251307599947574;0,41997457241199637;0,0;0,005156187582761051;0,005156187582761051
2024-01-16 17:00:00;0,0;46,15410000000001;0,0;0,0;0,0;0,0;0,005156187582761051
2024-01-16 18:00:00;0,0;38,03337500000001;0,0;0,0;0,0;0,0;0,005156187582761051
2024-01-16 19:00:00;0,0;26,4247;0,0;0,0;0,0;0,0;0,005156187582761051
2024-01-16 20:00:00;0,0;21,62368;0,0;0,0;0,0;0,0;0,005156187582761051
2024-01-16 21:00:00;0,0;18,9547025;0,0;0,0;0,0;0,0;0,005156187582761051
2024-01-16 22:00:00;0,0;17,2072775;0,0;0,0;0,0;0,0;0,005156187582761051
2024-01-16 23:00:00;0,0;16,0990225;0,0;0,0;0,0;0,0;0,005156187582761051
2024-01-17 00:00:00;0,0;13,837202499999998;0,0;0,0;0,0;0,0;0,005156187582761051
2024-01-17 01:00:00;0,0;11,880535;0,0;0,0;0,0;0,0;0,005156187582761051
2024-01-17 02:00:00;0,0;10,941904999999998;0,0;0,0;0,0;0,0;0,005156187582761051
2024-01-17 03:00:00;0,0;11,2585575;0,0;0,0;0,0;0,0;0,005156187582761051
2024-01-17 04:00:00;0,0;13,4582775;0,0;0,0;0,0;0,0;0,005156187582761051
2024-01-17 05:00:00;0,0;15,1094475;0,0;0,0;0,0;0,0;0,005156187582761051
2024-01-17 06:00:00;0,0;18,2196225;0,0;0,0;0,0;0,0;0,005156187582761051
2024-01-17 07:00:00;0,0;26,0792975;0,0;0,0;0,0;0,0;0,005156187582761051
2024-01-17 08:00:00;4,3755814851907;42,63165;4,3755814851907;4,370425297607938;0,0;0,005156187582761051;0,005156187582761051
2024-01-17 09:00:00;17,027127578212802;51,825325;17,027127578212802;17,021971390630043;0,0;0,005156187582761051;0,005156187582761051
2024-01-17 10:00:00;19,891367288221332;52,572250000000004;19,891367288221332;19,886211100638572;0,0;0,005156187582761051;0,005156187582761051
2024-01-17 11:00:00;26,22889897159136;54,104625;26,22889897159136;26,2237427840086;0,0;0,005156187582761051;0,005156187582761051
2024-01-17 12:00:00;42,9966633486241;49,727725;42,9966633486241;42,99150716104133;0,0;0,005156187582761051;0,005156187582761051
2024-01-17 13:00:00;44,25005488245008;41,58515;41,58515;41,58515;2,659748694867318;0,005156187582761051;0,005156187582761051
2024-01-17 14:00:00;19,037821191468442;39,074125;19,037821191468442;19,032665003885683;0,0;0,005156187582761051;0,005156187582761051
2024-01-17 15:00:00;2,830003175637128;43,106025;2,830003175637128;2,8248469880543667;0,0;0,005156187582761051;0,005156187582761051
2024-01-17 16:00:00;0,0;45,43535;0,0;0,0;0,0;0,0;0,005156187582761051
2024-01-17 17:00:00;0,0;46,15410000000001;0,0;0,0;0,0;0,0;0,005156187582761051
2024-01-17 18:00:00;0,0;38,03337500000001;0,0;0,0;0,0;0,0;0,005156187582761051
2024-01-17 19:00:00;0,0;26,4247;0,0;0,0;0,0;0,0;0,005156187582761051
2024-01-17 20:00:00;0,0;21,62368;0,0;0,0;0,0;0,0;0,005156187582761051
2024-01-17 21:00:00;0,0;18,9547025;0,0;0,0;0,0;0,0;0,005156187582761051
2024-01-17 22:00:00;0,0;17,2072775;0,0;0,0;0,0;0,0;0,005156187582761051
2024-01-17 23:00:00;0,0;16,0990225;0,0;0,0;0,0;0,0;0,005156187582761051
2024-01-18 00:00:00;0,0;13,837202499999998;0,0;0,0;0,0;0,0;0,005156187582761051
2024-01-18 01:00:00;0,0;11,880535;0,0;0,0;0,0;0,0;0,005156187582761051
2024-01-18 02:00:00;0,0;10,941904999999998;0,0;0,0;0,0;0,0;0,005156187582761051
2024-01-18 03:00:00;0,0;11,2585575;0,0;0,0;0,0;0,0;0,005156187582761051
2024-01-18 04:00:00;0,0;13,4582775;0,0;0,0;0,0;0,0;0,005156187582761051
2024-01-18 05:00:00;0,0;15,1094475;0,0;0,0;0,0;0,0;0,005156187582761051
2024-01-18 06:00:00;0,0;18,2196225;0,0;0,0;0,0;0,0;0,005156187582761051
2024-01-18 07:00:00;0,0;26,0792975;0,0;0,0;0,0;0,0;0,005156187582761051
2024-01-18 08:00:00;0,3799160456304511;42,63165;0,3799160456304511;0,3747598580476901;0,0;0,005156187582761051;0,005156187582761051
2024-01-18 09:00:00;8,216524125187881;51,825325;8,216524125187881;8,21136793760512;0,0;0,005156187582761051;0,005156187582761051
2024-01-18 10:00:00;17,58979629132621;52,572250000000004;17,58979629132621;17,58464010374345;0,0;0,005156187582761051;0,005156187582761051
2024-01-18 11:00:00;17,588538683105998;54,104625;17,588538683105998;17,58338249552324;0,0;0,005156187582761051;0,005156187582761051
2024-01-18 12:00:00;20,02171468139854;49,727725;20,02171468139854;20,01655849381578;0,0;0,005156187582761051;0,005156187582761051
2024-01-18 13:00:00;26,321148233391572;41,58515;26,321148233391572;26,315992045808812;0,0;0,005156187582761051;0,005156187582761051
2024-01-18 14:00:00;20,18527772698015;39,074125;20,18527772698015;20,18012153939739;0,0;0,005156187582761051;0,005156187582761051
2024-01-18 15:00:00;5,770054468238166;43,106025;5,770054468238166;5,764898280655404;0,0;0,005156187582761051;0,005156187582761051
2024-01-18 16:00:00;0,0;45,43535;0,0;0,0;0,0;0,0;0,005156187582761051
2024-01-18 17:00:00;0,0;46,15410000000001;0,0;0,0;0,0;0,0;0,005156187582761051
2024-01-18 18:00:00;0,0;38,03337500000001;0,0;0,0;0,0;0,0;0,005156187582761051
2024-01-18 19:00:00;0,0;26,4247;0,0;0,0;0,0;0,0;0,005156187582761051
2024-01-18 20:00:00;0,0;21,62368;0,0;0,0;0,0;0,0;0,005156187582761051
2024-01-18 21:00:00;0,0;18,9547025;0,0;0,0;0,0;0,0;0,005156187582761051
2024-01-18 22:00:00;0,0;17,2072775;0,0;0,0;0,0;0,0;0,005156187582761051
2024-01-18 23:00:00;0,0;16,0990225;0,0;0,0;0,0;0,0;0,005156187582761051
2024-01-19 00:00:00;0,0;16,76631;0,0;0,0;0,0;0,0;0,005156187582761051
2024-01-19 01:00:00;0,0;16,5853;0,0;0,0;0,0;0,0;0,005156187582761051
2024-01-19 02:00:00;0,0;14,673999999999998;0,0;0,0;0,0;0,0;0,005156187582761051
2024-01-19 03:00:00;0,0;14,4478525;0,0;0,0;0,0;0,0;0,005156187582761051
2024-01-19 04:00:00;0,0;14,9398225;0,0;0,0;0,0;0,0;0,005156187582761051
2024-01-19 05:00:00;0,0;15,98592;0,0;0,0;0,0;0,0;0,005156187582761051
2024-01-19 06:00:00;0,0;18,095135;0,0;0,0;0,0;0,0;0,005156187582761051
2024-01-19 07:00:00;0,0;26,729795000000003;0,0;0,0;0,0;0,0;0,005156187582761051
2024-01-19 08:00:00;4,135615041383539;38,362275000000004;4,135615041383539;4,130458853800778;0,0;0,005156187582761051;0,005156187582761051
2024-01-19 09:00:00;20,856988470481298;43,796025;20,856988470481298;20,85183228289854;0,0;0,005156187582761051;0,005156187582761051
2024-01-19 10:00:00;18,026038389831303;46,102925;18,026038389831303;18,020882202248544;0,0;0,005156187582761051;0,005156187582761051
2024-01-19 11:00:00;9,26620532042586;46,917125;9,26620532042586;9,261049132843098;0,0;0,005156187582761051;0,005156187582761051
2024-01-19 12:00:00;24,49369553551615;44,610225;24,49369553551615;24,48853934793339;0,0;0,005156187582761051;0,005156187582761051
2024-01-19 13:00:00;20,232105138944494;39,006275;20,232105138944494;20,226948951361734;0,0;0,005156187582761051;0,005156187582761051
2024-01-19 14:00:00;12,661229676317728;29,223799999999997;12,661229676317728;12,656073488734966;0,0;0,005156187582761051;0,005156187582761051
2024-01-19 15:00:00;2,187173035028364;21,6350075;2,187173035028364;2,1820168474456025;0,0;0,005156187582761051;0,005156187582761051
2024-01-19 16:00:00;0,8094336390051224;18,915142499999998;0,8094336390051224;0,8042774514223614;0,0;0,005156187582761051;0,005156187582761051
2024-01-19 17:00:00;0,0;20,634104999999998;0,0;0,0;0,0;0,0;0,005156187582761051
2024-01-19 18:00:00;0,0;21,929005;0,0;0,0;0,0;0,0;0,005156187582761051
2024-01-19 19:00:00;0,0;21,912157500000003;0,0;0,0;0,0;0,0;0,005156187582761051
2024-01-19 20:00:00;0,0;21,17702;0,0;0,0;0,0;0,0;0,005156187582761051
2024-01-19 21:00:00;0,0;19,305279999999996;0,0;0,0;0,0;0,0;0,005156187582761051
2024-01-19 22:00:00;0,0;17,4053075;0,0;0,0;0,0;0,0;0,005156187582761051
2024-01-19 23:00:00;0,0;15,516547499999998;0,0;0,0;0,0;0,0;0,005156187582761051
2024-01-20 00:00:00;0,0;13,577015000000001;0,0;0,0;0,0;0,0;0,005156187582761051
2024-01-20 01:00:00;0,0;11,965405;0,0;0,0;0,0;0,0;0,005156187582761051
2024-01-20 02:00:00;0,0;10,4443;0,0;0,0;0,0;0,0;0,005156187582761051
2024-01-20 03:00:00;0,0;9,5961175;0,0;0,0;0,0;0,0;0,005156187582761051
2024-01-20 04:00:00;0,0;9,47163;0,0;0,0;0,0;0,0;0,005156187582761051
2024-01-20 05:00:00;0,0;9,9636;0,0;0,0;0,0;0,0;0,005156187582761051
2024-01-20 06:00:00;0,0;11,207669999999998;0,0;0,0;0,0;0,0;0,005156187582761051
2024-01-20 07:00:00;0,0;11,6035;0,0;0,0;0,0;0,0;0,005156187582761051
2024-01-20 08:00:00;0,5489237950360373;11,134185;0,5489237950360373;0,5437676074532762;0,0;0,005156187582761051;0,005156187582761051
2024-01-20 09:00:00;9,037372408215274;12,5365525;9,037372408215274;9,032216220632513;0,0;0,005156187582761051;0,005156187582761051
2024-01-20 10:00:00;7,608529732278973;14,928495;7,608529732278973;7,603373544696212;0,0;0,005156187582761051;0,005156187582761051
2024-01-20 11:00:00;7,7379154250524875;16,466562500000002;7,7379154250524875;7,732759237469726;0,0;0,005156187582761051;0,005156187582761051
2024-01-20 12:00:00;21,53284192341373;17,591894999999997;17,591894999999997;17,591894999999997;3,935790735830974;0,005156187582761051;0,005156187582761051
2024-01-20 13:00:00;30,544640498586237;18,112155;18,112155;18,112155;12,427329311003476;0,005156187582761051;0,005156187582761051
2024-01-20 14:00:00;11,355314505059386;16,8454875;11,355314505059386;11,350158317476625;0,0;0,005156187582761051;0,005156187582761051
2024-01-20 15:00:00;2,4320219578081104;14,962420000000002;2,4320219578081104;2,426865770225349;0,0;0,005156187582761051;0,005156187582761051
2024-01-20 16:00:00;0,0;14,108545000000001;0,0;0,0;0,0;0,0;0,005156187582761051
2024-01-20 17:00:00;0,0;17,863352499999998;0,0;0,0;0,0;0,0;0,005156187582761051
2024-01-20 18:00:00;0,0;20,792460000000002;0,0;0,0;0,0;0,0;0,005156187582761051
2024-01-20 19:00:00;0,0;21,267525;0,0;0,0;0,0;0,0;0,005156187582761051
2024-01-20 20:00:00;0,0;20,176117499999997;0,0;0,0;0,0;0,0;0,005156187582761051
2024-01-20 21:00:00;0,0;17,7049975;0,0;0,0;0,0;0,0;0,005156187582761051
2024-01-20 22:00:00;0,0;15,8615475;0,0;0,0;0,0;0,0;0,005156187582761051
2024-01-20 23:00:00;0,0;13,9615175;0,0;0,0;0,0;0,0;0,005156187582761051
2024-01-21 00:00:00;0,0;13,837202499999998;0,0;0,0;0,0;0,0;0,005156187582761051
2024-01-21 01:00:00;0,0;11,880535;0,0;0,0;0,0;0,0;0,005156187582761051
2024-01-21 02:00:00;0,0;10,941904999999998;0,0;0,0;0,0;0,0;0,005156187582761051
2024-01-21 03:00:00;0,0;11,2585575;0,0;0,0;0,0;0,0;0,005156187582761051
2024-01-21 04:00:00;0,0;13,4582775;0,0;0,0;0,0;0,0;0,005156187582761051
2024-01-21 05:00:00;0,0;15,1094475;0,0;0,0;0,0;0,0;0,005156187582761051
2024-01-21 06:00:00;0,0;18,2196225;0,0;0,0;0,0;0,0;0,005156187582761051
2024-01-21 07:00:00;0,0;26,0792975;0,0;0,0;0,0;0,0;0,005156187582761051
2024-01-21 08:00:00;2,8771856769812936;42,63165;2,8771856769812936;2,8720294893985323;0,0;0,005156187582761051;0,005156187582761051
2024-01-21 09:00:00;16,36103908322554;51,825325;16,36103908322554;16,35588289564278;0,0;0,005156187582761051;0,005156187582761051
2024-01-21 10:00:00;33,30057794774832;52,572250000000004;33,30057794774832;33,29542176016556;0,0;0,005156187582761051;0,005156187582761051
2024-01-21 11:00:00;21,72917675967497;54,104625;21,72917675967497;21,72402057209221;0,0;0,005156187582761051;0,005156187582761051
2024-01-21 12:00:00;19,96097960205774;49,727725;19,96097960205774;19,95582341447498;0,0;0,005156187582761051;0,005156187582761051
2024-01-21 13:00:00;19,338907394777877;41,58515;19,338907394777877;19,333751207195117;0,0;0,005156187582761051;0,005156187582761051
2024-01-21 14:00:00;28,51012630610071;39,074125;28,51012630610071;28,50497011851795;0,0;0,005156187582761051;0,005156187582761051
2024-01-21 15:00:00;16,20065704667152;43,106025;16,20065704667152;16,19550085908876;0,0;0,005156187582761051;0,005156187582761051
2024-01-21 16:00:00;0,0;45,43535;0,0;0,0;0,0;0,0;0,005156187582761051
2024-01-21 17:00:00;0,0;46,15410000000001;0,0;0,0;0,0;0,0;0,005156187582761051
2024-01-21 18:00:00;0,0;38,03337500000001;0,0;0,0;0,0;0,0;0,005156187582761051
2024-01-21 19:00:00;0,0;26,4247;0,0;0,0;0,0;0,0;0,005156187582761051
2024-01-21 20:00:00;0,0;21,62368;0,0;0,0;0,0;0,0;0,005156187582761051
2024-01-21 21:00:00;0,0;18,9547025;0,0;0,0;0,0;0,0;0,005156187582761051
2024-01-21 22:00:00;0,0;17,2072775;0,0;0,0;0,0;0,0;0,005156187582761051
2024-01-21 23:00:00;0,0;16,0990225;0,0;0,0;0,0;0,0;0,005156187582761051
2024-01-22 00:00:00;0,0;13,837202499999998;0,0;0,0;0,0;0,0;0,005156187582761051
2024-01-22 01:00:00;0,0;11,880535;0,0;0,0;0,0;0,0;0,005156187582761051
2024-01-22 02:00:00;0,0;10,941904999999998;0,0;0,0;0,0;0,0;0,005156187582761051
2024-01-22 03:00:00;0,0;11,2585575;0,0;0,0;0,0;0,0;0,005156187582761051
2024-01-22 04:00:00;0,0;13,4582775;0,0;0,0;0,0;0,0;0,005156187582761051
2024-01-22 05:00:00;0,0;15,1094475;0,0;0,0;0,0;0,0;0,005156187582761051
2024-01-22 06:00:00;0,0;18,2196225;0,0;0,0;0,0;0,0;0,005156187582761051
2024-01-22 07:00:00;0,0;26,0792975;0,0;0,0;0,0;0,0;0,005156187582761051
2024-01-22 08:00:00;1,9320117248428834;42,63165;1,9320117248428834;1,9268555372601224;0,0;0,005156187582761051;0,005156187582761051
2024-01-22 09:00:00;15,245022753219118;51,825325;15,245022753219118;15,239866565636357;0,0;0,005156187582761051;0,005156187582761051
2024-01-22 10:00:00;17,714151551218876;52,572250000000004;17,714151551218876;17,708995363636117;0,0;0,005156187582761051;0,005156187582761051
2024-01-22 11:00:00;34,718198319743095;54,104625;34,718198319743095;34,71304213216033;0,0;0,005156187582761051;0,005156187582761051
2024-01-22 12:00:00;47,48721241822836;49,727725;47,48721241822836;47,4820562306456;0,0;0,005156187582761051;0,005156187582761051
2024-01-22 13:00:00;44,12429406042893;41,58515;41,58515;41,58515;2,5339878728461684;0,005156187582761051;0,005156187582761051
2024-01-22 14:00:00;36,016345910817776;39,074125;36,016345910817776;36,01118972323501;0,0;0,005156187582761051;0,005156187582761051
2024-01-22 15:00:00;18,98988412519215;43,106025;18,98988412519215;18,984727937609392;0,0;0,005156187582761051;0,005156187582761051
2024-01-22 16:00:00;1,4694486260583042;45,43535;1,4694486260583042;1,4642924384755431;0,0;0,005156187582761051;0,005156187582761051
2024-01-22 17:00:00;0,0;46,15410000000001;0,0;0,0;0,0;0,0;0,005156187582761051
2024-01-22 18:00:00;0,0;38,03337500000001;0,0;0,0;0,0;0,0;0,005156187582761051
2024-01-22 19:00:00;0,0;26,4247;0,0;0,0;0,0;0,0;0,005156187582761051
2024-01-22 20:00:00;0,0;21,62368;0,0;0,0;0,0;0,0;0,005156187582761051
2024-01-22 21:00:00;0,0;18,9547025;0,0;0,0;0,0;0,0;0,005156187582761051
2024-01-22 22:00:00;0,0;17,2072775;0,0;0,0;0,0;0,0;0,005156187582761051
2024-01-22 23:00:00;0,0;16,0990225;0,0;0,0;0,0;0,0;0,005156187582761051
2024-01-23 00:00:00;0,0;13,837202499999998;0,0;0,0;0,0;0,0;0,005156187582761051
2024-01-23 01:00:00;0,0;11,880535;0,0;0,0;0,0;0,0;0,005156187582761051
2024-01-23 02:00:00;0,0;10,941904999999998;0,0;0,0;0,0;0,0;0,005156187582761051
2024-01-23 03:00:00;0,0;11,2585575;0,0;0,0;0,0;0,0;0,005156187582761051
2024-01-23 04:00:00;0,0;13,4582775;0,0;0,0;0,0;0,0;0,005156187582761051
2024-01-23 05:00:00;0,0;15,1094475;0,0;0,0;0,0;0,0;0,005156187582761051
2024-01-23 06:00:00;0,0;18,2196225;0,0;0,0;0,0;0,0;0,005156187582761051
2024-01-23 07:00:00;0,0;26,0792975;0,0;0,0;0,0;0,0;0,005156187582761051
2024-01-23 08:00:00;0,9073569331871123;42,63165;0,9073569331871123;0,9022007456043513;0,0;0,005156187582761051;0,005156187582761051
2024-01-23 09:00:00;8,831812645774015;51,825325;8,831812645774015;8,826656458191254;0,0;0,005156187582761051;0,005156187582761051
2024-01-23 10:00:00;19,69732573753813;52,572250000000004;19,69732573753813;19,69216954995537;0,0;0,005156187582761051;0,005156187582761051
2024-01-23 11:00:00;38,85861446544967;54,104625;38,85861446544967;38,853458277866906;0,0;0,005156187582761051;0,005156187582761051
2024-01-23 12:00:00;60,203924810143654;49,727725;49,727725;49,727725;10,471043622560892;0,005156187582761051;0,005156187582761051
2024-01-23 13:00:00;65,76403268256064;41,58515;41,58515;41,58515;24,173726494977885;0,005156187582761051;0,005156187582761051
2024-01-23 14:00:00;41,50550988422402;39,074125;39,074125;39,074125;2,426228696641253;0,005156187582761051;0,005156187582761051
2024-01-23 15:00:00;10,865882976534762;43,106025;10,865882976534762;10,860726788952;0,0;0,005156187582761051;0,005156187582761051
2024-01-23 16:00:00;0,10754769591431378;45,43535;0,10754769591431378;0,10239150833155272;0,0;0,005156187582761051;0,005156187582761051
2024-01-23 17:00:00;0,0;46,15410000000001;0,0;0,0;0,0;0,0;0,005156187582761051
2024-01-23 18:00:00;0,0;38,03337500000001;0,0;0,0;0,0;0,0;0,005156187582761051
2024-01-23 19:00:00;0,0;26,4247;0,0;0,0;0,0;0,0;0,005156187582761051
2024-01-23 20:00:00;0,0;21,62368;0,0;0,0;0,0;0,0;0,005156187582761051
2024-01-23 21:00:00;0,0;18,9547025;0,0;0,0;0,0;0,0;0,005156187582761051
2024-01-23 22:00:00;0,0;17,2072775;0,0;0,0;0,0;0,0;0,005156187582761051
2024-01-23 23:00:00;0,0;16,0990225;0,0;0,0;0,0;0,0;0,005156187582761051
2024-01-24 00:00:00;0,0;13,837202499999998;0,0;0,0;0,0;0,0;0,005156187582761051
2024-01-24 01:00:00;0,0;11,880535;0,0;0,0;0,0;0,0;0,005156187582761051
2024-01-24 02:00:00;0,0;10,941904999999998;0,0;0,0;0,0;0,0;0,005156187582761051
2024-01-24 03:00:00;0,0;11,2585575;0,0;0,0;0,0;0,0;0,005156187582761051
2024-01-24 04:00:00;0,0;13,4582775;0,0;0,0;0,0;0,0;0,005156187582761051
2024-01-24 05:00:00;0,0;15,1094475;0,0;0,0;0,0;0,0;0,005156187582761051
2024-01-24 06:00:00;0,0;18,2196225;0,0;0,0;0,0;0,0;0,005156187582761051
2024-01-24 07:00:00;0,0;26,0792975;0,0;0,0;0,0;0,0;0,005156187582761051
2024-01-24 08:00:00;1,0609256922657504;42,63165;1,0609256922657504;1,0557695046829894;0,0;0,005156187582761051;0,005156187582761051
2024-01-24 09:00:00;15,30057944577081;51,825325;15,30057944577081;15,295423258188048;0,0;0,005156187582761051;0,005156187582761051
2024-01-24 10:00:00;22,148552112638406;52,572250000000004;22,148552112638406;22,143395925055646;0,0;0,005156187582761051;0,005156187582761051
2024-01-24 11:00:00;35,922025294301925;54,104625;35,922025294301925;35,91686910671916;0,0;0,005156187582761051;0,005156187582761051
2024-01-24 12:00:00;43,40523806628454;49,727725;43,40523806628454;43,400081878701776;0,0;0,005156187582761051;0,005156187582761051
2024-01-24 13:00:00;26,631777463783788;41,58515;26,631777463783788;26,62662127620103;0,0;0,005156187582761051;0,005156187582761051
2024-01-24 14:00:00;23,017115531079703;39,074125;23,017115531079703;23,011959343496944;0,0;0,005156187582761051;0,005156187582761051
2024-01-24 15:00:00;5,811222643211556;43,106025;5,811222643211556;5,806066455628795;0,0;0,005156187582761051;0,005156187582761051
2024-01-24 16:00:00;1,6025849504062135;45,43535;1,6025849504062135;1,5974287628234525;0,0;0,005156187582761051;0,005156187582761051
2024-01-24 17:00:00;0,0;46,15410000000001;0,0;0,0;0,0;0,0;0,005156187582761051
2024-01-24 18:00:00;0,0;38,03337500000001;0,0;0,0;0,0;0,0;0,005156187582761051
2024-01-24 19:00:00;0,0;26,4247;0,0;0,0;0,0;0,0;0,005156187582761051
2024-01-24 20:00:00;0,0;21,62368;0,0;0,0;0,0;0,0;0,005156187582761051
2024-01-24 21:00:00;0,0;18,9547025;0,0;0,0;0,0;0,0;0,005156187582761051
2024-01-24 22:00:00;0,0;17,2072775;0,0;0,0;0,0;0,0;0,005156187582761051
2024-01-24 23:00:00;0,0;16,0990225;0,0;0,0;0,0;0,0;0,005156187582761051
2024-01-25 00:00:00;0,0;13,837202499999998;0,0;0,0;0,0;0,0;0,005156187582761051
2024-01-25 01:00:00;0,0;11,880535;0,0;0,0;0,0;0,0;0,005156187582761051
2024-01-25 02:00:00;0,0;10,941904999999998;0,0;0,0;0,0;0,0;0,005156187582761051
2024-01-25 03:00:00;0,0;11,2585575;0,0;0,0;0,0;0,0;0,005156187582761051
2024-01-25 04:00:00;0,0;13,4582775;0,0;0,0;0,0;0,0;0,005156187582761051
2024-01-25 05:00:00;0,0;15,1094475;0,0;0,0;0,0;0,0;0,005156187582761051
2024-01-25 06:00:00;0,0;18,2196225;0,0;0,0;0,0;0,0;0,005156187582761051
2024-01-25 07:00:00;0,0;26,0792975;0,0;0,0;0,0;0,0;0,005156187582761051
2024-01-25 08:00:00;1,5155806546538235;42,63165;1,5155806546538235;1,5104244670710625;0,0;0,005156187582761051;0,005156187582761051
2024-01-25 09:00:00;15,156250408263018;51,825325;15,156250408263018;15,151094220680257;0,0;0,005156187582761051;0,005156187582761051
2024-01-25 10:00:00;18,65720976246917;52,572250000000004;18,65720976246917;18,65205357488641;0,0;0,005156187582761051;0,005156187582761051
2024-01-25 11:00:00;13,8740078623263;54,104625;13,8740078623263;13,868851674743539;0,0;0,005156187582761051;0,005156187582761051
2024-01-25 12:00:00;12,960762363590433;49,727725;12,960762363590433;12,955606176007672;0,0;0,005156187582761051;0,005156187582761051
2024-01-25 13:00:00;9,451147705751065;41,58515;9,451147705751065;9,445991518168304;0,0;0,005156187582761051;0,005156187582761051
2024-01-25 14:00:00;7,816848835109284;39,074125;7,816848835109284;7,811692647526523;0,0;0,005156187582761051;0,005156187582761051
2024-01-25 15:00:00;3,04975911557595;43,106025;3,04975911557595;3,0446029279931888;0,0;0,005156187582761051;0,005156187582761051
2024-01-25 16:00:00;0,581917516578054;45,43535;0,581917516578054;0,576761328995293;0,0;0,005156187582761051;0,005156187582761051
2024-01-25 17:00:00;0,0;46,15410000000001;0,0;0,0;0,0;0,0;0,005156187582761051
2024-01-25 18:00:00;0,0;38,03337500000001;0,0;0,0;0,0;0,0;0,005156187582761051
2024-01-25 19:00:00;0,0;26,4247;0,0;0,0;0,0;0,0;0,005156187582761051
2024-01-25 20:00:00;0,0;21,62368;0,0;0,0;0,0;0,0;0,005156187582761051
2024-01-25 21:00:00;0,0;18,9547025;0,0;0,0;0,0;0,0;0,005156187582761051
2024-01-25 22:00:00;0,0;17,2072775;0,0;0,0;0,0;0,0;0,005156187582761051
2024-01-25 23:00:00;0,0;16,0990225;0,0;0,0;0,0;0,0;0,005156187582761051
2024-01-26 00:00:00;0,0;16,76631;0,0;0,0;0,0;0,0;0,005156187582761051
2024-01-26 01:00:00;0,0;16,5853;0,0;0,0;0,0;0,0;0,005156187582761051
2024-01-26 02:00:00;0,0;14,673999999999998;0,0;0,0;0,0;0,0;0,005156187582761051
2024-01-26 03:00:00;0,0;14,4478525;0,0;0,0;0,0;0,0;0,005156187582761051
2024-01-26 04:00:00;0,0;14,9398225;0,0;0,0;0,0;0,0;0,005156187582761051
2024-01-26 05:00:00;0,0;15,98592;0,0;0,0;0,0;0,0;0,005156187582761051
2024-01-26 06:00:00;0,0;18,095135;0,0;0,0;0,0;0,0;0,005156187582761051
2024-01-26 07:00:00;0,0;26,729795000000003;0,0;0,0;0,0;0,0;0,005156187582761051
2024-01-26 08:00:00;3,603757729665311;38,362275000000004;3,603757729665311;3,59860154208255;0,0;0,005156187582761051;0,005156187582761051
2024-01-26 09:00:00;21,2165164675535;43,796025;21,2165164675535;21,21136027997074;0,0;0,005156187582761051;0,005156187582761051
2024-01-26 10:00:00;24,069585657488382;46,102925;24,069585657488382;24,064429469905622;0,0;0,005156187582761051;0,005156187582761051
2024-01-26 11:00:00;15,725651024202264;46,917125;15,725651024202264;15,720494836619503;0,0;0,005156187582761051;0,005156187582761051
2024-01-26 12:00:00;20,014612893802052;44,610225;20,014612893802052;20,009456706219293;0,0;0,005156187582761051;0,005156187582761051
2024-01-26 13:00:00;55,70975086978701;39,006275;39,006275;39,006275;16,698319682204243;0,005156187582761051;0,005156187582761051
2024-01-26 14:00:00;59,07503649011858;29,223799999999997;29,223799999999997;29,223799999999997;29,846080302535817;0,005156187582761051;0,005156187582761051
2024-01-26 15:00:00;31,440871297872185;21,6350075;21,6350075;21,6350075;9,800707610289425;0,005156187582761051;0,005156187582761051
2024-01-26 16:00:00;3,096172256597164;18,915142499999998;3,096172256597164;3,091016069014403;0,0;0,005156187582761051;0,005156187582761051
2024-01-26 17:00:00;0,0;20,634104999999998;0,0;0,0;0,0;0,0;0,005156187582761051
2024-01-26 18:00:00;0,0;21,929005;0,0;0,0;0,0;0,0;0,005156187582761051
2024-01-26 19:00:00;0,0;21,912157500000003;0,0;0,0;0,0;0,0;0,005156187582761051
2024-01-26 20:00:00;0,0;21,17702;0,0;0,0;0,0;0,0;0,005156187582761051
2024-01-26 21:00:00;0,0;19,305279999999996;0,0;0,0;0,0;0,0;0,005156187582761051
2024-01-26 22:00:00;0,0;17,4053075;0,0;0,0;0,0;0,0;0,005156187582761051
2024-01-26 23:00:00;0,0;15,516547499999998;0,0;0,0;0,0;0,0;0,005156187582761051
2024-01-27 00:00:00;0,0;13,577015000000001;0,0;0,0;0,0;0,0;0,005156187582761051
2024-01-27 01:00:00;0,0;11,965405;0,0;0,0;0,0;0,0;0,005156187582761051
2024-01-27 02:00:00;0,0;10,4443;0,0;0,0;0,0;0,0;0,005156187582761051
2024-01-27 03:00:00;0,0;9,5961175;0,0;0,0;0,0;0,0;0,005156187582761051
2024-01-27 04:00:00;0,0;9,47163;0,0;0,0;0,0;0,0;0,005156187582761051
2024-01-27 05:00:00;0,0;9,9636;0,0;0,0;0,0;0,0;0,005156187582761051
2024-01-27 06:00:00;0,0;11,207669999999998;0,0;0,0;0,0;0,0;0,005156187582761051
2024-01-27 07:00:00;0,0;11,6035;0,0;0,0;0,0;0,0;0,005156187582761051
2024-01-27 08:00:00;4,303490943390934;11,134185;4,303490943390934;4,298334755808173;0,0;0,005156187582761051;0,005156187582761051
2024-01-27 09:00:00;8,846682013554162;12,5365525;8,846682013554162;8,8415258259714;0,0;0,005156187582761051;0,005156187582761051
2024-01-27 10:00:00;18,89378806177717;14,928495;14,928495;14,928495;3,9601368741944096;0,005156187582761051;0,005156187582761051
2024-01-27 11:00:00;22,563266917491646;16,466562500000002;16,466562500000002;16,466562500000002;6,091548229908884;0,005156187582761051;0,005156187582761051
2024-01-27 12:00:00;41,59872084642792;17,591894999999997;17,591894999999997;17,591894999999997;24,001669658845163;0,005156187582761051;0,005156187582761051
2024-01-27 13:00:00;33,57592017102049;18,112155;18,112155;18,112155;15,458608983437728;0,005156187582761051;0,005156187582761051
2024-01-27 14:00:00;14,846434924366232;16,8454875;14,846434924366232;14,84127873678347;0,0;0,005156187582761051;0,005156187582761051
2024-01-27 15:00:00;4,565043862413255;14,962420000000002;4,565043862413255;4,5598876748304935;0,0;0,005156187582761051;0,005156187582761051
2024-01-27 16:00:00;0,08499212260005165;14,108545000000001;0,08499212260005165;0,0798359350172906;0,0;0,005156187582761051;0,005156187582761051
2024-01-27 17:00:00;0,0;17,863352499999998;0,0;0,0;0,0;0,0;0,005156187582761051
2024-01-27 18:00:00;0,0;20,792460000000002;0,0;0,0;0,0;0,0;0,005156187582761051
2024-01-27 19:00:00;0,0;21,267525;0,0;0,0;0,0;0,0;0,005156187582761051
2024-01-27 20:00:00;0,0;20,176117499999997;0,0;0,0;0,0;0,0;0,005156187582761051
2024-01-27 21:00:00;0,0;17,7049975;0,0;0,0;0,0;0,0;0,005156187582761051
2024-01-27 22:00:00;0,0;15,8615475;0,0;0,0;0,0;0,0;0,005156187582761051
2024-01-27 23:00:00;0,0;13,9615175;0,0;0,0;0,0;0,0;0,005156187582761051
2024-01-28 00:00:00;0,0;13,837202499999998;0,0;0,0;0,0;0,0;0,005156187582761051
2024-01-28 01:00:00;0,0;11,880535;0,0;0,0;0,0;0,0;0,005156187582761051
2024-01-28 02:00:00;0,0;10,941904999999998;0,0;0,0;0,0;0,0;0,005156187582761051
2024-01-28 03:00:00;0,0;11,2585575;0,0;0,0;0,0;0,0;0,005156187582761051
2024-01-28 04:00:00;0,0;13,4582775;0,0;0,0;0,0;0,0;0,005156187582761051
2024-01-28 05:00:00;0,0;15,1094475;0,0;0,0;0,0;0,0;0,005156187582761051
2024-01-28 06:00:00;0,0;18,2196225;0,0;0,0;0,0;0,0;0,005156187582761051
2024-01-28 07:00:00;0,0;26,0792975;0,0;0,0;0,0;0,0;0,005156187582761051
2024-01-28 08:00:00;4,628464305188974;42,63165;4,628464305188974;4,6233081176062125;0,0;0,005156187582761051;0,005156187582761051
2024-01-28 09:00:00;24,959602392627406;51,825325;24,959602392627406;24,954446205044647;0,0;0,005156187582761051;0,005156187582761051
2024-01-28 10:00:00;30,200721638835486;52,572250000000004;30,200721638835486;30,195565451252726;0,0;0,005156187582761051;0,005156187582761051
2024-01-28 11:00:00;16,10004838905461;54,104625;16,10004838905461;16,09489220147185;0,0;0,005156187582761051;0,005156187582761051
2024-01-28 12:00:00;14,468264734853252;49,727725;14,468264734853252;14,46310854727049;0,0;0,005156187582761051;0,005156187582761051
2024-01-28 13:00:00;11,985864471282555;41,58515;11,985864471282555;11,980708283699794;0,0;0,005156187582761051;0,005156187582761051
2024-01-28 14:00:00;10,05738884484709;39,074125;10,05738884484709;10,052232657264328;0,0;0,005156187582761051;0,005156187582761051
2024-01-28 15:00:00;6,180848494522513;43,106025;6,180848494522513;6,175692306939752;0,0;0,005156187582761051;0,005156187582761051
2024-01-28 16:00:00;0,5872216641891809;45,43535;0,5872216641891809;0,5820654766064198;0,0;0,005156187582761051;0,005156187582761051
2024-01-28 17:00:00;0,0;46,15410000000001;0,0;0,0;0,0;0,0;0,005156187582761051
2024-01-28 18:00:00;0,0;38,03337500000001;0,0;0,0;0,0;0,0;0,005156187582761051
2024-01-28 19:00:00;0,0;26,4247;0,0;0,0;0,0;0,0;0,005156187582761051
2024-01-28 20:00:00;0,0;21,62368;0,0;0,0;0,0;0,0;0,005156187582761051
2024-01-28 21:00:00;0,0;18,9547025;0,0;0,0;0,0;0,0;0,005156187582761051
2024-01-28 22:00:00;0,0;17,2072775;0,0;0,0;0,0;0,0;0,005156187582761051
2024-01-28 23:00:00;0,0;16,0990225;0,0;0,0;0,0;0,0;0,005156187582761051
2024-01-29 00:00:00;0,0;13,837202499999998;0,0;0,0;0,0;0,0;0,005156187582761051
2024-01-29 01:00:00;0,0;11,880535;0,0;0,0;0,0;0,0;0,005156187582761051
2024-01-29 02:00:00;0,0;10,941904999999998;0,0;0,0;0,0;0,0;0,005156187582761051
2024-01-29 03:00:00;0,0;11,2585575;0,0;0,0;0,0;0,0;0,005156187582761051
2024-01-29 04:00:00;0,0;13,4582775;0,0;0,0;0,0;0,0;0,005156187582761051
2024-01-29 05:00:00;0,0;15,1094475;0,0;0,0;0,0;0,0;0,005156187582761051
2024-01-29 06:00:00;0,0;18,2196225;0,0;0,0;0,0;0,0;0,005156187582761051
2024-01-29 07:00:00;0,0;26,0792975;0,0;0,0;0,0;0,0;0,005156187582761051
2024-01-29 08:00:00;6,186544719990529;42,63165;6,186544719990529;6,181388532407768;0,0;0,005156187582761051;0,005156187582761051
2024-01-29 09:00:00;33,206701192957254;51,825325;33,206701192957254;33,20154500537449;0,0;0,005156187582761051;0,005156187582761051
2024-01-29 10:00:00;34,47059745426971;52,572250000000004;34,47059745426971;34,465441266686945;0,0;0,005156187582761051;0,005156187582761051
2024-01-29 11:00:00;22,733857773715616;54,104625;22,733857773715616;22,728701586132857;0,0;0,005156187582761051;0,005156187582761051
2024-01-29 12:00:00;17,741375070338744;49,727725;17,741375070338744;17,736218882755985;0,0;0,005156187582761051;0,005156187582761051
2024-01-29 13:00:00;13,416978239710653;41,58515;13,416978239710653;13,411822052127892;0,0;0,005156187582761051;0,005156187582761051
2024-01-29 14:00:00;8,843574981480698;39,074125;8,843574981480698;8,838418793897937;0,0;0,005156187582761051;0,005156187582761051
2024-01-29 15:00:00;3,3873825365302332;43,106025;3,3873825365302332;3,382226348947472;0,0;0,005156187582761051;0,005156187582761051
2024-01-29 16:00:00;0,23731067115389126;45,43535;0,23731067115389126;0,23215448357113022;0,0;0,005156187582761051;0,005156187582761051
2024-01-29 17:00:00;0,0;46,15410000000001;0,0;0,0;0,0;0,0;0,005156187582761051
2024-01-29 18:00:00;0,0;38,03337500000001;0,0;0,0;0,0;0,0;0,005156187582761051
2024-01-29 19:00:00;0,0;26,4247;0,0;0,0;0,0;0,0;0,005156187582761051
2024-01-29 20:00:00;0,0;21,62368;0,0;0,0;0,0;0,0;0,005156187582761051
2024-01-29 21:00:00;0,0;18,9547025;0,0;0,0;0,0;0,0;0,005156187582761051
2024-01-29 22:00:00;0,0;17,2072775;0,0;0,0;0,0;0,0;0,005156187582761051
2024-01-29 23:00:00;0,0;16,0990225;0,0;0,0;0,0;0,0;0,005156187582761051
2024-01-30 00:00:00;0,0;13,837202499999998;0,0;0,0;0,0;0,0;0,005156187582761051
2024-01-30 01:00:00;0,0;11,880535;0,0;0,0;0,0;0,0;0,005156187582761051
2024-01-30 02:00:00;0,0;10,941904999999998;0,0;0,0;0,0;0,0;0,005156187582761051
2024-01-30 03:00:00;0,0;11,2585575;0,0;0,0;0,0;0,0;0,005156187582761051
2024-01-30 04:00:00;0,0;13,4582775;0,0;0,0;0,0;0,0;0,005156187582761051
2024-01-30 05:00:00;0,0;15,1094475;0,0;0,0;0,0;0,0;0,005156187582761051
2024-01-30 06:00:00;0,0;18,2196225;0,0;0,0;0,0;0,0;0,005156187582761051
2024-01-30 07:00:00;0,0;26,0792975;0,0;0,0;0,0;0,0;0,005156187582761051
2024-01-30 08:00:00;2,7194002315172416;42,63165;2,7194002315172416;2,7142440439344804;0,0;0,005156187582761051;0,005156187582761051
2024-01-30 09:00:00;13,893537778216642;51,825325;13,893537778216642;13,88838159063388;0,0;0,005156187582761051;0,005156187582761051
2024-01-30 10:00:00;12,07762548518551;52,572250000000004;12,07762548518551;12,07246929760275;0,0;0,005156187582761051;0,005156187582761051
2024-01-30 11:00:00;12,923699909571262;54,104625;12,923699909571262;12,9185437219885;0,0;0,005156187582761051;0,005156187582761051
2024-01-30 12:00:00;17,234632934547683;49,727725;17,234632934547683;17,229476746964924;0,0;0,005156187582761051;0,005156187582761051
2024-01-30 13:00:00;13,534009781144439;41,58515;13,534009781144439;13,528853593561678;0,0;0,005156187582761051;0,005156187582761051
2024-01-30 14:00:00;7,220372653958432;39,074125;7,220372653958432;7,21521646637567;0,0;0,005156187582761051;0,005156187582761051
2024-01-30 15:00:00;3,596996236057822;43,106025;3,596996236057822;3,5918400484750608;0,0;0,005156187582761051;0,005156187582761051
2024-01-30 16:00:00;0,34648586005906684;45,43535;0,34648586005906684;0,3413296724763058;0,0;0,005156187582761051;0,005156187582761051
2024-01-30 17:00:00;0,0;46,15410000000001;0,0;0,0;0,0;0,0;0,005156187582761051
2024-01-30 18:00:00;0,0;38,03337500000001;0,0;0,0;0,0;0,0;0,005156187582761051
2024-01-30 19:00:00;0,0;26,4247;0,0;0,0;0,0;0,0;0,005156187582761051
2024-01-30 20:00:00;0,0;21,62368;0,0;0,0;0,0;0,0;0,005156187582761051
2024-01-30 21:00:00;0,0;18,9547025;0,0;0,0;0,0;0,0;0,005156187582761051
2024-01-30 22:00:00;0,0;17,2072775;0,0;0,0;0,0;0,0;0,005156187582761051
2024-01-30 23:00:00;0,0;16,0990225;0,0;0,0;0,0;0,0;0,005156187582761051
2024-01-31 00:00:00;0,0;13,837202499999998;0,0;0,0;0,0;0,0;0,005156187582761051
2024-01-31 01:00:00;0,0;11,880535;0,0;0,0;0,0;0,0;0,005156187582761051
2024-01-31 02:00:00;0,0;10,941904999999998;0,0;0,0;0,0;0,0;0,005156187582761051
2024-01-31 03:00:00;0,0;11,2585575;0,0;0,0;0,0;0,0;0,005156187582761051
2024-01-31 04:00:00;0,0;13,4582775;0,0;0,0;0,0;0,0;0,005156187582761051
2024-01-31 05:00:00;0,0;15,1094475;0,0;0,0;0,0;0,0;0,005156187582761051
2024-01-31 06:00:00;0,0;18,2196225;0,0;0,0;0,0;0,0;0,005156187582761051
2024-01-31 07:00:00;0,0;26,0792975;0,0;0,0;0,0;0,0;0,005156187582761051
2024-01-31 08:00:00;1,512051953941819;42,63165;1,512051953941819;1,5068957663590579;0,0;0,005156187582761051;0,005156187582761051
2024-01-31 09:00:00;11,494021294053292;51,825325;11,494021294053292;11,48886510647053;0,0;0,005156187582761051;0,005156187582761051
2024-01-31 10:00:00;10,807885044496775;52,572250000000004;10,807885044496775;10,802728856914014;0,0;0,005156187582761051;0,005156187582761051
2024-01-31 11:00:00;7,519417093333876;54,104625;7,519417093333876;7,514260905751115;0,0;0,005156187582761051;0,005156187582761051
2024-01-31 12:00:00;15,3819540953139;49,727725;15,3819540953139;15,376797907731138;0,0;0,005156187582761051;0,005156187582761051
2024-01-31 13:00:00;10,735609560311685;41,58515;10,735609560311685;10,730453372728924;0,0;0,005156187582761051;0,005156187582761051
2024-01-31 14:00:00;6,144081948319861;39,074125;6,144081948319861;6,1389257607370995;0,0;0,005156187582761051;0,005156187582761051
2024-01-31 15:00:00;3,7421760085381086;43,106025;3,7421760085381086;3,7370198209553473;0,0;0,005156187582761051;0,005156187582761051
2024-01-31 16:00:00;0,8145010603630332;45,43535;0,8145010603630332;0,8093448727802721;0,0;0,005156187582761051;0,005156187582761051
2024-01-31 17:00:00;0,0;46,15410000000001;0,0;0,0;0,0;0,0;0,005156187582761051
2024-01-31 18:00:00;0,0;38,03337500000001;0,0;0,0;0,0;0,0;0,005156187582761051
2024-01-31 19:00:00;0,0;26,4247;0,0;0,0;0,0;0,0;0,005156187582761051
2024-01-31 20:00:00;0,0;21,62368;0,0;0,0;0,0;0,0;0,005156187582761051
2024-01-31 21:00:00;0,0;18,9547025;0,0;0,0;0,0;0,0;0,005156187582761051
2024-01-31 22:00:00;0,0;17,2072775;0,0;0,0;0,0;0,0;0,005156187582761051
2024-01-31 23:00:00;0,0;16,0990225;0,0;0,0;0,0;0,0;0,005156187582761051
2024-02-01 00:00:00;0,0;13,837202499999998;0,0;0,0;0,0;0,0;0,005156187582761051
2024-02-01 01:00:00;0,0;11,880535;0,0;0,0;0,0;0,0;0,005156187582761051
2024-02-01 02:00:00;0,0;10,941904999999998;0,0;0,0;0,0;0,0;0,005156187582761051
2024-02-01 03:00:00;0,0;11,2585575;0,0;0,0;0,0;0,0;0,005156187582761051
2024-02-01 04:00:00;0,0;13,4582775;0,0;0,0;0,0;0,0;0,005156187582761051
2024-02-01 05:00:00;0,0;15,1094475;0,0;0,0;0,0;0,0;0,005156187582761051
2024-02-01 06:00:00;0,0;18,2196225;0,0;0,0;0,0;0,0;0,005156187582761051
2024-02-01 07:00:00;0,0;26,0792975;0,0;0,0;0,0;0,0;0,005156187582761051
2024-02-01 08:00:00;5,648628695729049;42,63165;5,648628695729049;5,643472508146288;0,0;0,005156187582761051;0,005156187582761051
2024-02-01 09:00:00;17,506572217929865;51,825325;17,506572217929865;17,501416030347105;0,0;0,005156187582761051;0,005156187582761051
2024-02-01 10:00:00;17,486672417268874;52,572250000000004;17,486672417268874;17,481516229686115;0,0;0,005156187582761051;0,005156187582761051
2024-02-01 11:00:00;19,588875522783425;54,104625;19,588875522783425;19,583719335200666;0,0;0,005156187582761051;0,005156187582761051
2024-02-01 12:00:00;23,220256247120908;49,727725;23,220256247120908;23,21510005953815;0,0;0,005156187582761051;0,005156187582761051
2024-02-01 13:00:00;19,8268593842199;41,58515;19,8268593842199;19,82170319663714;0,0;0,005156187582761051;0,005156187582761051
2024-02-01 14:00:00;14,567319876433432;39,074125;14,567319876433432;14,56216368885067;0,0;0,005156187582761051;0,005156187582761051
2024-02-01 15:00:00;6,414615669573575;43,106025;6,414615669573575;6,4094594819908135;0,0;0,005156187582761051;0,005156187582761051
2024-02-01 16:00:00;0,3256465520806226;45,43535;0,3256465520806226;0,32049036449786156;0,0;0,005156187582761051;0,005156187582761051
2024-02-01 17:00:00;0,0;46,15410000000001;0,0;0,0;0,0;0,0;0,005156187582761051
2024-02-01 18:00:00;0,0;38,03337500000001;0,0;0,0;0,0;0,0;0,005156187582761051
2024-02-01 19:00:00;0,0;26,4247;0,0;0,0;0,0;0,0;0,005156187582761051
2024-02-01 20:00:00;0,0;21,62368;0,0;0,0;0,0;0,0;0,005156187582761051
2024-02-01 21:00:00;0,0;18,9547025;0,0;0,0;0,0;0,0;0,005156187582761051
2024-02-01 22:00:00;0,0;17,2072775;0,0;0,0;0,0;0,0;0,005156187582761051
2024-02-01 23:00:00;0,0;16,0990225;0,0;0,0;0,0;0,0;0,005156187582761051
2024-02-02 00:00:00;0,0;16,76631;0,0;0,0;0,0;0,0;0,005156187582761051
2024-02-02 01:00:00;0,0;16,5853;0,0;0,0;0,0;0,0;0,005156187582761051
2024-02-02 02:00:00;0,0;14,673999999999998;0,0;0,0;0,0;0,0;0,005156187582761051
2024-02-02 03:00:00;0,0;14,4478525;0,0;0,0;0,0;0,0;0,005156187582761051
2024-02-02 04:00:00;0,0;14,9398225;0,0;0,0;0,0;0,0;0,005156187582761051
2024-02-02 05:00:00;0,0;15,98592;0,0;0,0;0,0;0,0;0,005156187582761051
2024-02-02 06:00:00;0,0;18,095135;0,0;0,0;0,0;0,0;0,005156187582761051
2024-02-02 07:00:00;0,0;26,729795000000003;0,0;0,0;0,0;0,0;0,005156187582761051
2024-02-02 08:00:00;7,138879641288732;38,362275000000004;7,138879641288732;7,13372345370597;0,0;0,005156187582761051;0,005156187582761051
2024-02-02 09:00:00;8,370122475048172;43,796025;8,370122475048172;8,36496628746541;0,0;0,005156187582761051;0,005156187582761051
2024-02-02 10:00:00;15,02360972950778;46,102925;15,02360972950778;15,01845354192502;0,0;0,005156187582761051;0,005156187582761051
2024-02-02 11:00:00;16,57616406583582;46,917125;16,57616406583582;16,57100787825306;0,0;0,005156187582761051;0,005156187582761051
2024-02-02 12:00:00;18,086403584401452;44,610225;18,086403584401452;18,081247396818693;0,0;0,005156187582761051;0,005156187582761051
2024-02-02 13:00:00;17,458635151653574;39,006275;17,458635151653574;17,453478964070815;0,0;0,005156187582761051;0,005156187582761051
2024-02-02 14:00:00;10,988462789528306;29,223799999999997;10,988462789528306;10,983306601945545;0,0;0,005156187582761051;0,005156187582761051
2024-02-02 15:00:00;4,887820108673629;21,6350075;4,887820108673629;4,8826639210908676;0,0;0,005156187582761051;0,005156187582761051
2024-02-02 16:00:00;0,0896304776240078;18,915142499999998;0,0896304776240078;0,08447429004124675;0,0;0,005156187582761051;0,005156187582761051
2024-02-02 17:00:00;0,0;20,634104999999998;0,0;0,0;0,0;0,0;0,005156187582761051
2024-02-02 18:00:00;0,0;21,929005;0,0;0,0;0,0;0,0;0,005156187582761051
2024-02-02 19:00:00;0,0;21,912157500000003;0,0;0,0;0,0;0,0;0,005156187582761051
2024-02-02 20:00:00;0,0;21,17702;0,0;0,0;0,0;0,0;0,005156187582761051
2024-02-02 21:00:00;0,0;19,305279999999996;0,0;0,0;0,0;0,0;0,005156187582761051
2024-02-02 22:00:00;0,0;17,4053075;0,0;0,0;0,0;0,0;0,005156187582761051
2024-02-02 23:00:00;0,0;15,516547499999998;0,0;0,0;0,0;0,0;0,005156187582761051
2024-02-03 00:00:00;0,0;13,577015000000001;0,0;0,0;0,0;0,0;0,005156187582761051
2024-02-03 01:00:00;0,0;11,965405;0,0;0,0;0,0;0,0;0,005156187582761051
2024-02-03 02:00:00;0,0;10,4443;0,0;0,0;0,0;0,0;0,005156187582761051
2024-02-03 03:00:00;0,0;9,5961175;0,0;0,0;0,0;0,0;0,005156187582761051
2024-02-03 04:00:00;0,0;9,47163;0,0;0,0;0,0;0,0;0,005156187582761051
2024-02-03 05:00:00;0,0;9,9636;0,0;0,0;0,0;0,0;0,005156187582761051
2024-02-03 06:00:00;0,0;11,207669999999998;0,0;0,0;0,0;0,0;0,005156187582761051
2024-02-03 07:00:00;0,0;11,6035;0,0;0,0;0,0;0,0;0,005156187582761051
2024-02-03 08:00:00;1,512998858954684;11,134185;1,512998858954684;1,5078426713719228;0,0;0,005156187582761051;0,005156187582761051
2024-02-03 09:00:00;4,890320529723226;12,5365525;4,890320529723226;4,885164342140465;0,0;0,005156187582761051;0,005156187582761051
2024-02-03 10:00:00;8,855929132820423;14,928495;8,855929132820423;8,850772945237662;0,0;0,005156187582761051;0,005156187582761051
2024-02-03 11:00:00;11,686657282608026;16,466562500000002;11,686657282608026;11,681501095025265;0,0;0,005156187582761051;0,005156187582761051
2024-02-03 12:00:00;11,185907280101496;17,591894999999997;11,185907280101496;11,180751092518735;0,0;0,005156187582761051;0,005156187582761051
2024-02-03 13:00:00;24,438360773826847;18,112155;18,112155;18,112155;6,3210495862440865;0,005156187582761051;0,005156187582761051
2024-02-03 14:00:00;16,316948818564008;16,8454875;16,316948818564008;16,311792630981248;0,0;0,005156187582761051;0,005156187582761051
2024-02-03 15:00:00;5,502627779057918;14,962420000000002;5,502627779057918;5,497471591475157;0,0;0,005156187582761051;0,005156187582761051
2024-02-03 16:00:00;1,3879999995610837;14,108545000000001;1,3879999995610837;1,3828438119783226;0,0;0,005156187582761051;0,005156187582761051
2024-02-03 17:00:00;0,0;17,863352499999998;0,0;0,0;0,0;0,0;0,005156187582761051
2024-02-03 18:00:00;0,0;20,792460000000002;0,0;0,0;0,0;0,0;0,005156187582761051
2024-02-03 19:00:00;0,0;21,267525;0,0;0,0;0,0;0,0;0,005156187582761051
2024-02-03 20:00:00;0,0;20,176117499999997;0,0;0,0;0,0;0,0;0,005156187582761051
2024-02-03 21:00:00;0,0;17,7049975;0,0;0,0;0,0;0,0;0,005156187582761051
2024-02-03 22:00:00;0,0;15,8615475;0,0;0,0;0,0;0,0;0,005156187582761051
2024-02-03 23:00:00;0,0;13,9615175;0,0;0,0;0,0;0,0;0,005156187582761051
2024-02-04 00:00:00;0,0;13,837202499999998;0,0;0,0;0,0;0,0;0,005156187582761051
2024-02-04 01:00:00;0,0;11,880535;0,0;0,0;0,0;0,0;0,005156187582761051
2024-02-04 02:00:00;0,0;10,941904999999998;0,0;0,0;0,0;0,0;0,005156187582761051
2024-02-04 03:00:00;0,0;11,2585575;0,0;0,0;0,0;0,0;0,005156187582761051
2024-02-04 04:00:00;0,0;13,4582775;0,0;0,0;0,0;0,0;0,005156187582761051
2024-02-04 05:00:00;0,0;15,1094475;0,0;0,0;0,0;0,0;0,005156187582761051
2024-02-04 06:00:00;0,0;18,2196225;0,0;0,0;0,0;0,0;0,005156187582761051
2024-02-04 07:00:00;0,0;26,0792975;0,0;0,0;0,0;0,0;0,005156187582761051
2024-02-04 08:00:00;1,9860222990532566;42,63165;1,9860222990532566;1,9808661114704955;0,0;0,005156187582761051;0,005156187582761051
2024-02-04 09:00:00;6,059082428024398;51,825325;6,059082428024398;6,053926240441637;0,0;0,005156187582761051;0,005156187582761051
2024-02-04 10:00:00;6,601999294385072;52,572250000000004;6,601999294385072;6,596843106802311;0,0;0,005156187582761051;0,005156187582761051
2024-02-04 11:00:00;11,919092872484743;54,104625;11,919092872484743;11,913936684901982;0,0;0,005156187582761051;0,005156187582761051
2024-02-04 12:00:00;9,695937446967507;49,727725;9,695937446967507;9,690781259384746;0,0;0,005156187582761051;0,005156187582761051
2024-02-04 13:00:00;8,436331848994595;41,58515;8,436331848994595;8,431175661411833;0,0;0,005156187582761051;0,005156187582761051
2024-02-04 14:00:00;6,5881656039627465;39,074125;6,5881656039627465;6,583009416379985;0,0;0,005156187582761051;0,005156187582761051
2024-02-04 15:00:00;3,1250454617941354;43,106025;3,1250454617941354;3,119889274211374;0,0;0,005156187582761051;0,005156187582761051
2024-02-04 16:00:00;0,30795126465270695;45,43535;0,30795126465270695;0,3027950770699459;0,0;0,005156187582761051;0,005156187582761051
2024-02-04 17:00:00;0,0;46,15410000000001;0,0;0,0;0,0;0,0;0,005156187582761051
2024-02-04 18:00:00;0,0;38,03337500000001;0,0;0,0;0,0;0,0;0,005156187582761051
2024-02-04 19:00:00;0,0;26,4247;0,0;0,0;0,0;0,0;0,005156187582761051
2024-02-04 20:00:00;0,0;21,62368;0,0;0,0;0,0;0,0;0,005156187582761051
2024-02-04 21:00:00;0,0;18,9547025;0,0;0,0;0,0;0,0;0,005156187582761051
2024-02-04 22:00:00;0,0;17,2072775;0,0;0,0;0,0;0,0;0,005156187582761051
2024-02-04 23:00:00;0,0;16,0990225;0,0;0,0;0,0;0,0;0,005156187582761051
2024-02-05 00:00:00;0,0;13,837202499999998;0,0;0,0;0,0;0,0;0,005156187582761051
2024-02-05 01:00:00;0,0;11,880535;0,0;0,0;0,0;0,0;0,005156187582761051
2024-02-05 02:00:00;0,0;10,941904999999998;0,0;0,0;0,0;0,0;0,005156187582761051
2024-02-05 03:00:00;0,0;11,2585575;0,0;0,0;0,0;0,0;0,005156187582761051
2024-02-05 04:00:00;0,0;13,4582775;0,0;0,0;0,0;0,0;0,005156187582761051
2024-02-05 05:00:00;0,0;15,1094475;0,0;0,0;0,0;0,0;0,005156187582761051
2024-02-05 06:00:00;0,0;18,2196225;0,0;0,0;0,0;0,0;0,005156187582761051
2024-02-05 07:00:00;0,0;26,0792975;0,0;0,0;0,0;0,0;0,005156187582761051
2024-02-05 08:00:00;11,623702894643323;42,63165;11,623702894643323;11,618546707060561;0,0;0,005156187582761051;0,005156187582761051
2024-02-05 09:00:00;21,25742572318743;51,825325;21,25742572318743;21,252269535604672;0,0;0,005156187582761051;0,005156187582761051
2024-02-05 10:00:00;30,59575857389012;52,572250000000004;30,59575857389012;30,59060238630736;0,0;0,005156187582761051;0,005156187582761051
2024-02-05 11:00:00;26,806141144668388;54,104625;26,806141144668388;26,80098495708563;0,0;0,005156187582761051;0,005156187582761051
2024-02-05 12:00:00;20,95574770424496;49,727725;20,95574770424496;20,9505915166622;0,0;0,005156187582761051;0,005156187582761051
2024-02-05 13:00:00;52,603162658048326;41,58515;41,58515;41,58515;11,012856470465564;0,005156187582761051;0,005156187582761051
2024-02-05 14:00:00;44,02220586372943;39,074125;39,074125;39,074125;4,942924676146667;0,005156187582761051;0,005156187582761051
2024-02-05 15:00:00;20,62595844273305;43,106025;20,62595844273305;20,62080225515029;0,0;0,005156187582761051;0,005156187582761051
2024-02-05 16:00:00;7,164127975733329;45,43535;7,164127975733329;7,158971788150568;0,0;0,005156187582761051;0,005156187582761051
2024-02-05 17:00:00;0,0;46,15410000000001;0,0;0,0;0,0;0,0;0,005156187582761051
2024-02-05 18:00:00;0,0;38,03337500000001;0,0;0,0;0,0;0,0;0,005156187582761051
2024-02-05 19:00:00;0,0;26,4247;0,0;0,0;0,0;0,0;0,005156187582761051
2024-02-05 20:00:00;0,0;21,62368;0,0;0,0;0,0;0,0;0,005156187582761051
2024-02-05 21:00:00;0,0;18,9547025;0,0;0,0;0,0;0,0;0,005156187582761051
2024-02-05 22:00:00;0,0;17,2072775;0,0;0,0;0,0;0,0;0,005156187582761051
2024-02-05 23:00:00;0,0;16,0990225;0,0;0,0;0,0;0,0;0,005156187582761051
2024-02-06 00:00:00;0,0;13,837202499999998;0,0;0,0;0,0;0,0;0,005156187582761051
2024-02-06 01:00:00;0,0;11,880535;0,0;0,0;0,0;0,0;0,005156187582761051
2024-02-06 02:00:00;0,0;10,941904999999998;0,0;0,0;0,0;0,0;0,005156187582761051
2024-02-06 03:00:00;0,0;11,2585575;0,0;0,0;0,0;0,0;0,005156187582761051
2024-02-06 04:00:00;0,0;13,4582775;0,0;0,0;0,0;0,0;0,005156187582761051
2024-02-06 05:00:00;0,0;15,1094475;0,0;0,0;0,0;0,0;0,005156187582761051
2024-02-06 06:00:00;0,0;18,2196225;0,0;0,0;0,0;0,0;0,005156187582761051
2024-02-06 07:00:00;0,0;26,0792975;0,0;0,0;0,0;0,0;0,005156187582761051
2024-02-06 08:00:00;7,809895001421057;42,63165;7,809895001421057;7,804738813838296;0,0;0,005156187582761051;0,005156187582761051
2024-02-06 09:00:00;22,00710817634169;51,825325;22,00710817634169;22,00195198875893;0,0;0,005156187582761051;0,005156187582761051
2024-02-06 10:00:00;23,775379310913046;52,572250000000004;23,775379310913046;23,770223123330286;0,0;0,005156187582761051;0,005156187582761051
2024-02-06 11:00:00;19,812433878164537;54,104625;19,812433878164537;19,807277690581778;0,0;0,005156187582761051;0,005156187582761051
2024-02-06 12:00:00;13,318810821580032;49,727725;13,318810821580032;13,31365463399727;0,0;0,005156187582761051;0,005156187582761051
2024-02-06 13:00:00;31,309044365612376;41,58515;31,309044365612376;31,303888178029617;0,0;0,005156187582761051;0,005156187582761051
2024-02-06 14:00:00;55,16535446434373;39,074125;39,074125;39,074125;16,086073276760963;0,005156187582761051;0,005156187582761051
2024-02-06 15:00:00;24,473203919222115;43,106025;24,473203919222115;24,468047731639356;0,0;0,005156187582761051;0,005156187582761051
2024-02-06 16:00:00;1,7027645416891715;45,43535;1,7027645416891715;1,6976083541064104;0,0;0,005156187582761051;0,005156187582761051
2024-02-06 17:00:00;0,0;46,15410000000001;0,0;0,0;0,0;0,0;0,005156187582761051
2024-02-06 18:00:00;0,0;38,03337500000001;0,0;0,0;0,0;0,0;0,005156187582761051
2024-02-06 19:00:00;0,0;26,4247;0,0;0,0;0,0;0,0;0,005156187582761051
2024-02-06 20:00:00;0,0;21,62368;0,0;0,0;0,0;0,0;0,005156187582761051
2024-02-06 21:00:00;0,0;18,9547025;0,0;0,0;0,0;0,0;0,005156187582761051
2024-02-06 22:00:00;0,0;17,2072775;0,0;0,0;0,0;0,0;0,005156187582761051
2024-02-06 23:00:00;0,0;16,0990225;0,0;0,0;0,0;0,0;0,005156187582761051
2024-02-07 00:00:00;0,0;13,837202499999998;0,0;0,0;0,0;0,0;0,005156187582761051
2024-02-07 01:00:00;0,0;11,880535;0,0;0,0;0,0;0,0;0,005156187582761051
2024-02-07 02:00:00;0,0;10,941904999999998;0,0;0,0;0,0;0,0;0,005156187582761051
2024-02-07 03:00:00;0,0;11,2585575;0,0;0,0;0,0;0,0;0,005156187582761051
2024-02-07 04:00:00;0,0;13,4582775;0,0;0,0;0,0;0,0;0,005156187582761051
2024-02-07 05:00:00;0,0;15,1094475;0,0;0,0;0,0;0,0;0,005156187582761051
2024-02-07 06:00:00;0,0;18,2196225;0,0;0,0;0,0;0,0;0,005156187582761051
2024-02-07 07:00:00;0,0;26,0792975;0,0;0,0;0,0;0,0;0,005156187582761051
2024-02-07 08:00:00;4,317073112169218;42,63165;4,317073112169218;4,311916924586456;0,0;0,005156187582761051;0,005156187582761051
2024-02-07 09:00:00;11,888540390429018;51,825325;11,888540390429018;11,883384202846257;0,0;0,005156187582761051;0,005156187582761051
2024-02-07 10:00:00;23,307253145177885;52,572250000000004;23,307253145177885;23,302096957595126;0,0;0,005156187582761051;0,005156187582761051
2024-02-07 11:00:00;29,737329998164643;54,104625;29,737329998164643;29,732173810581884;0,0;0,005156187582761051;0,005156187582761051
2024-02-07 12:00:00;36,98995660412379;49,727725;36,98995660412379;36,98480041654103;0,0;0,005156187582761051;0,005156187582761051
2024-02-07 13:00:00;42,2068114093772;41,58515;41,58515;41,58515;0,6165052217944407;0,005156187582761051;0,005156187582761051
2024-02-07 14:00:00;25,408494550288744;39,074125;25,408494550288744;25,403338362705984;0,0;0,005156187582761051;0,005156187582761051
2024-02-07 15:00:00;13,807650534471618;43,106025;13,807650534471618;13,802494346888857;0,0;0,005156187582761051;0,005156187582761051
2024-02-07 16:00:00;3,3964743041928203;45,43535;3,3964743041928203;3,391318116610059;0,0;0,005156187582761051;0,005156187582761051
2024-02-07 17:00:00;0,0;46,15410000000001;0,0;0,0;0,0;0,0;0,005156187582761051
2024-02-07 18:00:00;0,0;38,03337500000001;0,0;0,0;0,0;0,0;0,005156187582761051
2024-02-07 19:00:00;0,0;26,4247;0,0;0,0;0,0;0,0;0,005156187582761051
2024-02-07 20:00:00;0,0;21,62368;0,0;0,0;0,0;0,0;0,005156187582761051
2024-02-07 21:00:00;0,0;18,9547025;0,0;0,0;0,0;0,0;0,005156187582761051
2024-02-07 22:00:00;0,0;17,2072775;0,0;0,0;0,0;0,0;0,005156187582761051
2024-02-07 23:00:00;0,0;16,0990225;0,0;0,0;0,0;0,0;0,005156187582761051
2024-02-08 00:00:00;0,0;13,837202499999998;0,0;0,0;0,0;0,0;0,005156187582761051
2024-02-08 01:00:00;0,0;11,880535;0,0;0,0;0,0;0,0;0,005156187582761051
2024-02-08 02:00:00;0,0;10,941904999999998;0,0;0,0;0,0;0,0;0,005156187582761051
2024-02-08 03:00:00;0,0;11,2585575;0,0;0,0;0,0;0,0;0,005156187582761051
2024-02-08 04:00:00;0,0;13,4582775;0,0;0,0;0,0;0,0;0,005156187582761051
2024-02-08 05:00:00;0,0;15,1094475;0,0;0,0;0,0;0,0;0,005156187582761051
2024-02-08 06:00:00;0,0;18,2196225;0,0;0,0;0,0;0,0;0,005156187582761051
2024-02-08 07:00:00;0,0;26,0792975;0,0;0,0;0,0;0,0;0,005156187582761051
2024-02-08 08:00:00;11,26883544568132;42,63165;11,26883544568132;11,26367925809856;0,0;0,005156187582761051;0,005156187582761051
2024-02-08 09:00:00;36,030549486010756;51,825325;36,030549486010756;36,02539329842799;0,0;0,005156187582761051;0,005156187582761051
2024-02-08 10:00:00;50,112432589442584;52,572250000000004;50,112432589442584;50,10727640185982;0,0;0,005156187582761051;0,005156187582761051
2024-02-08 11:00:00;62,12436653936059;54,104625;54,104625;54,104625;8,014585351777825;0,005156187582761051;0,005156187582761051
2024-02-08 12:00:00;81,8910086829186;49,727725;49,727725;49,727725;32,15812749533584;0,005156187582761051;0,005156187582761051
2024-02-08 13:00:00;95,36517110817181;41,58515;41,58515;41,58515;53,77486492058905;0,005156187582761051;0,005156187582761051
2024-02-08 14:00:00;80,32565633352604;39,074125;39,074125;39,074125;41,24637514594328;0,005156187582761051;0,005156187582761051
2024-02-08 15:00:00;37,286382259323034;43,106025;37,286382259323034;37,28122607174027;0,0;0,005156187582761051;0,005156187582761051
2024-02-08 16:00:00;9,506009014933934;45,43535;9,506009014933934;9,500852827351173;0,0;0,005156187582761051;0,005156187582761051
2024-02-08 17:00:00;0,0;46,15410000000001;0,0;0,0;0,0;0,0;0,005156187582761051
2024-02-08 18:00:00;0,0;38,03337500000001;0,0;0,0;0,0;0,0;0,005156187582761051
2024-02-08 19:00:00;0,0;26,4247;0,0;0,0;0,0;0,0;0,005156187582761051
2024-02-08 20:00:00;0,0;21,62368;0,0;0,0;0,0;0,0;0,005156187582761051
2024-02-08 21:00:00;0,0;18,9547025;0,0;0,0;0,0;0,0;0,005156187582761051
2024-02-08 22:00:00;0,0;17,2072775;0,0;0,0;0,0;0,0;0,005156187582761051
2024-02-08 23:00:00;0,0;16,0990225;0,0;0,0;0,0;0,0;0,005156187582761051
2024-02-09 00:00:00;0,0;16,76631;0,0;0,0;0,0;0,0;0,005156187582761051
2024-02-09 01:00:00;0,0;16,5853;0,0;0,0;0,0;0,0;0,005156187582761051
2024-02-09 02:00:00;0,0;14,673999999999998;0,0;0,0;0,0;0,0;0,005156187582761051
2024-02-09 03:00:00;0,0;14,4478525;0,0;0,0;0,0;0,0;0,005156187582761051
2024-02-09 04:00:00;0,0;14,9398225;0,0;0,0;0,0;0,0;0,005156187582761051
2024-02-09 05:00:00;0,0;15,98592;0,0;0,0;0,0;0,0;0,005156187582761051
2024-02-09 06:00:00;0,0;18,095135;0,0;0,0;0,0;0,0;0,005156187582761051
2024-02-09 07:00:00;0,0;26,729795000000003;0,0;0,0;0,0;0,0;0,005156187582761051
2024-02-09 08:00:00;8,2246098062743;38,362275000000004;8,2246098062743;8,219453618691539;0,0;0,005156187582761051;0,005156187582761051
2024-02-09 09:00:00;16,994059879716655;43,796025;16,994059879716655;16,988903692133896;0,0;0,005156187582761051;0,005156187582761051
2024-02-09 10:00:00;36,92537472316823;46,102925;36,92537472316823;36,92021853558547;0,0;0,005156187582761051;0,005156187582761051
2024-02-09 11:00:00;67,97742315013271;46,917125;46,917125;46,917125;21,055141962549953;0,005156187582761051;0,005156187582761051
2024-02-09 12:00:00;45,323904348602355;44,610225;44,610225;44,610225;0,7085231610195919;0,005156187582761051;0,005156187582761051
2024-02-09 13:00:00;34,7560745202577;39,006275;34,7560745202577;34,750918332674935;0,0;0,005156187582761051;0,005156187582761051
2024-02-09 14:00:00;53,00522740374534;29,223799999999997;29,223799999999997;29,223799999999997;23,776271216162577;0,005156187582761051;0,005156187582761051
2024-02-09 15:00:00;32,7307334700843;21,6350075;21,6350075;21,6350075;11,09056978250154;0,005156187582761051;0,005156187582761051
2024-02-09 16:00:00;1,6729740222609872;18,915142499999998;1,6729740222609872;1,6678178346782262;0,0;0,005156187582761051;0,005156187582761051
2024-02-09 17:00:00;0,0;20,634104999999998;0,0;0,0;0,0;0,0;0,005156187582761051
2024-02-09 18:00:00;0,0;21,929005;0,0;0,0;0,0;0,0;0,005156187582761051
2024-02-09 19:00:00;0,0;21,912157500000003;0,0;0,0;0,0;0,0;0,005156187582761051
2024-02-09 20:00:00;0,0;21,17702;0,0;0,0;0,0;0,0;0,005156187582761051
2024-02-09 21:00:00;0,0;19,305279999999996;0,0;0,0;0,0;0,0;0,005156187582761051
2024-02-09 22:00:00;0,0;17,4053075;0,0;0,0;0,0;0,0;0,005156187582761051
2024-02-09 23:00:00;0,0;15,516547499999998;0,0;0,0;0,0;0,0;0,005156187582761051
2024-02-10 00:00:00;0,0;13,577015000000001;0,0;0,0;0,0;0,0;0,005156187582761051
2024-02-10 01:00:00;0,0;11,965405;0,0;0,0;0,0;0,0;0,005156187582761051
2024-02-10 02:00:00;0,0;10,4443;0,0;0,0;0,0;0,0;0,005156187582761051
2024-02-10 03:00:00;0,0;9,5961175;0,0;0,0;0,0;0,0;0,005156187582761051
2024-02-10 04:00:00;0,0;9,47163;0,0;0,0;0,0;0,0;0,005156187582761051
2024-02-10 05:00:00;0,0;9,9636;0,0;0,0;0,0;0,0;0,005156187582761051
2024-02-10 06:00:00;0,0;11,207669999999998;0,0;0,0;0,0;0,0;0,005156187582761051
2024-02-10 07:00:00;0,12772860900100025;11,6035;0,12772860900100025;0,1225724214182392;0,0;0,005156187582761051;0,005156187582761051
2024-02-10 08:00:00;18,51850297347526;11,134185;11,134185;11,134185;7,379161785892501;0,005156187582761051;0,005156187582761051
2024-02-10 09:00:00;38,44182830588078;12,5365525;12,5365525;12,5365525;25,90011961829802;0,005156187582761051;0,005156187582761051
2024-02-10 10:00:00;43,57316575215983;14,928495;14,928495;14,928495;28,63951456457707;0,005156187582761051;0,005156187582761051
2024-02-10 11:00:00;49,40033042898641;16,466562500000002;16,466562500000002;16,466562500000002;32,92861174140364;0,005156187582761051;0,005156187582761051
2024-02-10 12:00:00;62,30782938560319;17,591894999999997;17,591894999999997;17,591894999999997;44,710778198020435;0,005156187582761051;0,005156187582761051
2024-02-10 13:00:00;73,37478172346351;18,112155;18,112155;18,112155;55,257470535880756;0,005156187582761051;0,005156187582761051
2024-02-10 14:00:00;68,68834167932279;16,8454875;16,8454875;16,8454875;51,83769799174003;0,005156187582761051;0,005156187582761051
2024-02-10 15:00:00;45,07119907329399;14,962420000000002;14,962420000000002;14,962420000000002;30,103622885711225;0,005156187582761051;0,005156187582761051
2024-02-10 16:00:00;12,60997844249641;14,108545000000001;12,60997844249641;12,604822254913648;0,0;0,005156187582761051;0,005156187582761051
2024-02-10 17:00:00;0,0;17,863352499999998;0,0;0,0;0,0;0,0;0,005156187582761051
2024-02-10 18:00:00;0,0;20,792460000000002;0,0;0,0;0,0;0,0;0,005156187582761051
2024-02-10 19:00:00;0,0;21,267525;0,0;0,0;0,0;0,0;0,005156187582761051
2024-02-10 20:00:00;0,0;20,176117499999997;0,0;0,0;0,0;0,0;0,005156187582761051
2024-02-10 21:00:00;0,0;17,7049975;0,0;0,0;0,0;0,0;0,005156187582761051
2024-02-10 22:00:00;0,0;15,8615475;0,0;0,0;0,0;0,0;0,005156187582761051
2024-02-10 23:00:00;0,0;13,9615175;0,0;0,0;0,0;0,0;0,005156187582761051
2024-02-11 00:00:00;0,0;13,837202499999998;0,0;0,0;0,0;0,0;0,005156187582761051
2024-02-11 01:00:00;0,0;11,880535;0,0;0,0;0,0;0,0;0,005156187582761051
2024-02-11 02:00:00;0,0;10,941904999999998;0,0;0,0;0,0;0,0;0,005156187582761051
2024-02-11 03:00:00;0,0;11,2585575;0,0;0,0;0,0;0,0;0,005156187582761051
2024-02-11 04:00:00;0,0;13,4582775;0,0;0,0;0,0;0,0;0,005156187582761051
2024-02-11 05:00:00;0,0;15,1094475;0,0;0,0;0,0;0,0;0,005156187582761051
2024-02-11 06:00:00;0,0;18,2196225;0,0;0,0;0,0;0,0;0,005156187582761051
2024-02-11 07:00:00;1,0404118828854787;26,0792975;1,0404118828854787;1,0352556953027177;0,0;0,005156187582761051;0,005156187582761051
2024-02-11 08:00:00;24,914698381470448;42,63165;24,914698381470448;24,909542193887688;0,0;0,005156187582761051;0,005156187582761051
2024-02-11 09:00:00;56,27885557790973;51,825325;51,825325;51,825325;4,448374390326968;0,005156187582761051;0,005156187582761051
2024-02-11 10:00:00;84,97954651784954;52,572250000000004;52,572250000000004;52,572250000000004;32,40214033026678;0,005156187582761051;0,005156187582761051
2024-02-11 11:00:00;98,6941340440255;54,104625;54,104625;54,104625;44,58435285644275;0,005156187582761051;0,005156187582761051
2024-02-11 12:00:00;96,21886515883294;49,727725;49,727725;49,727725;46,485983971250185;0,005156187582761051;0,005156187582761051
2024-02-11 13:00:00;96,794405861965;41,58515;41,58515;41,58515;55,20409967438225;0,005156187582761051;0,005156187582761051
2024-02-11 14:00:00;79,00442793276278;39,074125;39,074125;39,074125;39,92514674518002;0,005156187582761051;0,005156187582761051
2024-02-11 15:00:00;49,59784889651373;43,106025;43,106025;43,106025;6,486667708930966;0,005156187582761051;0,005156187582761051
2024-02-11 16:00:00;14,424736695043114;45,43535;14,424736695043114;14,419580507460353;0,0;0,005156187582761051;0,005156187582761051
2024-02-11 17:00:00;0,0;46,15410000000001;0,0;0,0;0,0;0,0;0,005156187582761051
2024-02-11 18:00:00;0,0;38,03337500000001;0,0;0,0;0,0;0,0;0,005156187582761051
2024-02-11 19:00:00;0,0;26,4247;0,0;0,0;0,0;0,0;0,005156187582761051
2024-02-11 20:00:00;0,0;21,62368;0,0;0,0;0,0;0,0;0,005156187582761051
2024-02-11 21:00:00;0,0;18,9547025;0,0;0,0;0,0;0,0;0,005156187582761051
2024-02-11 22:00:00;0,0;17,2072775;0,0;0,0;0,0;0,0;0,005156187582761051
2024-02-11 23:00:00;0,0;16,0990225;0,0;0,0;0,0;0,0;0,005156187582761051
2024-02-12 00:00:00;0,0;13,837202499999998;0,0;0,0;0,0;0,0;0,005156187582761051
2024-02-12 01:00:00;0,0;11,880535;0,0;0,0;0,0;0,0;0,005156187582761051
2024-02-12 02:00:00;0,0;10,941904999999998;0,0;0,0;0,0;0,0;0,005156187582761051
2024-02-12 03:00:00;0,0;11,2585575;0,0;0,0;0,0;0,0;0,005156187582761051
2024-02-12 04:00:00;0,0;13,4582775;0,0;0,0;0,0;0,0;0,005156187582761051
2024-02-12 05:00:00;0,0;15,1094475;0,0;0,0;0,0;0,0;0,005156187582761051
2024-02-12 06:00:00;0,0;18,2196225;0,0;0,0;0,0;0,0;0,005156187582761051
2024-02-12 07:00:00;0,0;26,0792975;0,0;0,0;0,0;0,0;0,005156187582761051
2024-02-12 08:00:00;4,220178097649636;42,63165;4,220178097649636;4,215021910066874;0,0;0,005156187582761051;0,005156187582761051
2024-02-12 09:00:00;39,16088430002519;51,825325;39,16088430002519;39,155728112442425;0,0;0,005156187582761051;0,005156187582761051
2024-02-12 10:00:00;61,717493291645134;52,572250000000004;52,572250000000004;52,572250000000004;9,140087104062367;0,005156187582761051;0,005156187582761051
2024-02-12 11:00:00;76,90570174409235;54,104625;54,104625;54,104625;22,7959205565096;0,005156187582761051;0,005156187582761051
2024-02-12 12:00:00;78,09821024466926;49,727725;49,727725;49,727725;28,365329057086505;0,005156187582761051;0,005156187582761051
2024-02-12 13:00:00;65,94727359794085;41,58515;41,58515;41,58515;24,356967410358095;0,005156187582761051;0,005156187582761051
2024-02-12 14:00:00;57,87587006366996;39,074125;39,074125;39,074125;18,796588876087192;0,005156187582761051;0,005156187582761051
2024-02-12 15:00:00;40,66727701697606;43,106025;40,66727701697606;40,662120829393295;0,0;0,005156187582761051;0,005156187582761051
2024-02-12 16:00:00;9,118103458257433;45,43535;9,118103458257433;9,112947270674672;0,0;0,005156187582761051;0,005156187582761051
2024-02-12 17:00:00;0,0;46,15410000000001;0,0;0,0;0,0;0,0;0,005156187582761051
2024-02-12 18:00:00;0,0;38,03337500000001;0,0;0,0;0,0;0,0;0,005156187582761051
2024-02-12 19:00:00;0,0;26,4247;0,0;0,0;0,0;0,0;0,005156187582761051
2024-02-12 20:00:00;0,0;21,62368;0,0;0,0;0,0;0,0;0,005156187582761051
2024-02-12 21:00:00;0,0;18,9547025;0,0;0,0;0,0;0,0;0,005156187582761051
2024-02-12 22:00:00;0,0;17,2072775;0,0;0,0;0,0;0,0;0,005156187582761051
2024-02-12 23:00:00;0,0;16,0990225;0,0;0,0;0,0;0,0;0,005156187582761051
2024-02-13 00:00:00;0,0;13,837202499999998;0,0;0,0;0,0;0,0;0,005156187582761051
2024-02-13 01:00:00;0,0;11,880535;0,0;0,0;0,0;0,0;0,005156187582761051
2024-02-13 02:00:00;0,0;10,941904999999998;0,0;0,0;0,0;0,0;0,005156187582761051
2024-02-13 03:00:00;0,0;11,2585575;0,0;0,0;0,0;0,0;0,005156187582761051
2024-02-13 04:00:00;0,0;13,4582775;0,0;0,0;0,0;0,0;0,005156187582761051
2024-02-13 05:00:00;0,0;15,1094475;0,0;0,0;0,0;0,0;0,005156187582761051
2024-02-13 06:00:00;0,0;18,2196225;0,0;0,0;0,0;0,0;0,005156187582761051
2024-02-13 07:00:00;0,2505969321156541;26,0792975;0,2505969321156541;0,24544074453289305;0,0;0,005156187582761051;0,005156187582761051
2024-02-13 08:00:00;11,379874853830573;42,63165;11,379874853830573;11,374718666247812;0,0;0,005156187582761051;0,005156187582761051
2024-02-13 09:00:00;17,551624182995088;51,825325;17,551624182995088;17,54646799541233;0,0;0,005156187582761051;0,005156187582761051
2024-02-13 10:00:00;25,495047586620945;52,572250000000004;25,495047586620945;25,489891399038186;0,0;0,005156187582761051;0,005156187582761051
2024-02-13 11:00:00;33,377809887860124;54,104625;33,377809887860124;33,37265370027736;0,0;0,005156187582761051;0,005156187582761051
2024-02-13 12:00:00;30,576968427541082;49,727725;30,576968427541082;30,571812239958323;0,0;0,005156187582761051;0,005156187582761051
2024-02-13 13:00:00;35,71311437583857;41,58515;35,71311437583857;35,70795818825581;0,0;0,005156187582761051;0,005156187582761051
2024-02-13 14:00:00;32,300113620093086;39,074125;32,300113620093086;32,29495743251032;0,0;0,005156187582761051;0,005156187582761051
2024-02-13 15:00:00;36,36899405115587;43,106025;36,36899405115587;36,36383786357311;0,0;0,005156187582761051;0,005156187582761051
2024-02-13 16:00:00;15,355248414872937;45,43535;15,355248414872937;15,350092227290176;0,0;0,005156187582761051;0,005156187582761051
2024-02-13 17:00:00;0,0;46,15410000000001;0,0;0,0;0,0;0,0;0,005156187582761051
2024-02-13 18:00:00;0,0;38,03337500000001;0,0;0,0;0,0;0,0;0,005156187582761051
2024-02-13 19:00:00;0,0;26,4247;0,0;0,0;0,0;0,0;0,005156187582761051
2024-02-13 20:00:00;0,0;21,62368;0,0;0,0;0,0;0,0;0,005156187582761051
2024-02-13 21:00:00;0,0;18,9547025;0,0;0,0;0,0;0,0;0,005156187582761051
2024-02-13 22:00:00;0,0;17,2072775;0,0;0,0;0,0;0,0;0,005156187582761051
2024-02-13 23:00:00;0,0;16,0990225;0,0;0,0;0,0;0,0;0,005156187582761051
2024-02-14 00:00:00;0,0;13,837202499999998;0,0;0,0;0,0;0,0;0,005156187582761051
2024-02-14 01:00:00;0,0;11,880535;0,0;0,0;0,0;0,0;0,005156187582761051
2024-02-14 02:00:00;0,0;10,941904999999998;0,0;0,0;0,0;0,0;0,005156187582761051
2024-02-14 03:00:00;0,0;11,2585575;0,0;0,0;0,0;0,0;0,005156187582761051
2024-02-14 04:00:00;0,0;13,4582775;0,0;0,0;0,0;0,0;0,005156187582761051
2024-02-14 05:00:00;0,0;15,1094475;0,0;0,0;0,0;0,0;0,005156187582761051
2024-02-14 06:00:00;0,0;18,2196225;0,0;0,0;0,0;0,0;0,005156187582761051
2024-02-14 07:00:00;1,0705279009118351;26,0792975;1,0705279009118351;1,065371713329074;0,0;0,005156187582761051;0,005156187582761051
2024-02-14 08:00:00;23,61906600683618;42,63165;23,61906600683618;23,613909819253422;0,0;0,005156187582761051;0,005156187582761051
2024-02-14 09:00:00;58,124802514317686;51,825325;51,825325;51,825325;6,294321326734924;0,005156187582761051;0,005156187582761051
2024-02-14 10:00:00;45,27722489054628;52,572250000000004;45,27722489054628;45,272068702963516;0,0;0,005156187582761051;0,005156187582761051
2024-02-14 11:00:00;26,727947504152894;54,104625;26,727947504152894;26,722791316570135;0,0;0,005156187582761051;0,005156187582761051
2024-02-14 12:00:00;22,729567110376074;49,727725;22,729567110376074;22,724410922793314;0,0;0,005156187582761051;0,005156187582761051
2024-02-14 13:00:00;19,684601701427756;41,58515;19,684601701427756;19,679445513844996;0,0;0,005156187582761051;0,005156187582761051
2024-02-14 14:00:00;17,211034286180187;39,074125;17,211034286180187;17,205878098597427;0,0;0,005156187582761051;0,005156187582761051
2024-02-14 15:00:00;18,423590541326366;43,106025;18,423590541326366;18,418434353743606;0,0;0,005156187582761051;0,005156187582761051
2024-02-14 16:00:00;4,772142345500419;45,43535;4,772142345500419;4,766986157917658;0,0;0,005156187582761051;0,005156187582761051
2024-02-14 17:00:00;0,0;46,15410000000001;0,0;0,0;0,0;0,0;0,005156187582761051
2024-02-14 18:00:00;0,0;38,03337500000001;0,0;0,0;0,0;0,0;0,005156187582761051
2024-02-14 19:00:00;0,0;26,4247;0,0;0,0;0,0;0,0;0,005156187582761051
2024-02-14 20:00:00;0,0;21,62368;0,0;0,0;0,0;0,0;0,005156187582761051
2024-02-14 21:00:00;0,0;18,9547025;0,0;0,0;0,0;0,0;0,005156187582761051
2024-02-14 22:00:00;0,0;17,2072775;0,0;0,0;0,0;0,0;0,005156187582761051
2024-02-14 23:00:00;0,0;16,0990225;0,0;0,0;0,0;0,0;0,005156187582761051
2024-02-15 00:00:00;0,0;13,837202499999998;0,0;0,0;0,0;0,0;0,005156187582761051
2024-02-15 01:00:00;0,0;11,880535;0,0;0,0;0,0;0,0;0,005156187582761051
2024-02-15 02:00:00;0,0;10,941904999999998;0,0;0,0;0,0;0,0;0,005156187582761051
2024-02-15 03:00:00;0,0;11,2585575;0,0;0,0;0,0;0,0;0,005156187582761051
2024-02-15 04:00:00;0,0;13,4582775;0,0;0,0;0,0;0,0;0,005156187582761051
2024-02-15 05:00:00;0,0;15,1094475;0,0;0,0;0,0;0,0;0,005156187582761051
2024-02-15 06:00:00;0,0;18,2196225;0,0;0,0;0,0;0,0;0,005156187582761051
2024-02-15 07:00:00;1,297614957004949;26,0792975;1,297614957004949;1,292458769422188;0,0;0,005156187582761051;0,005156187582761051
2024-02-15 08:00:00;22,70189972953142;42,63165;22,70189972953142;22,69674354194866;0,0;0,005156187582761051;0,005156187582761051
2024-02-15 09:00:00;44,11157002431855;51,825325;44,11157002431855;44,10641383673579;0,0;0,005156187582761051;0,005156187582761051
2024-02-15 10:00:00;74,12490803834254;52,572250000000004;52,572250000000004;52,572250000000004;21,54750185075978;0,005156187582761051;0,005156187582761051
2024-02-15 11:00:00;96,32983059002808;54,104625;54,104625;54,104625;42,220049402445326;0,005156187582761051;0,005156187582761051
2024-02-15 12:00:00;100,58646453067301;49,727725;49,727725;49,727725;50,85358334309026;0,005156187582761051;0,005156187582761051
2024-02-15 13:00:00;91,46806516459907;41,58515;41,58515;41,58515;49,87775897701631;0,005156187582761051;0,005156187582761051
2024-02-15 14:00:00;68,00109577545433;39,074125;39,074125;39,074125;28,921814587871573;0,005156187582761051;0,005156187582761051
2024-02-15 15:00:00;32,01411871542619;43,106025;32,01411871542619;32,00896252784343;0,0;0,005156187582761051;0,005156187582761051
2024-02-15 16:00:00;7,049389719877572;45,43535;7,049389719877572;7,044233532294811;0,0;0,005156187582761051;0,005156187582761051
2024-02-15 17:00:00;0,2657548100169079;46,15410000000001;0,2657548100169079;0,2605986224341469;0,0;0,005156187582761051;0,005156187582761051
2024-02-15 18:00:00;0,0;38,03337500000001;0,0;0,0;0,0;0,0;0,005156187582761051
2024-02-15 19:00:00;0,0;26,4247;0,0;0,0;0,0;0,0;0,005156187582761051
2024-02-15 20:00:00;0,0;21,62368;0,0;0,0;0,0;0,0;0,005156187582761051
2024-02-15 21:00:00;0,0;18,9547025;0,0;0,0;0,0;0,0;0,005156187582761051
2024-02-15 22:00:00;0,0;17,2072775;0,0;0,0;0,0;0,0;0,005156187582761051
2024-02-15 23:00:00;0,0;16,0990225;0,0;0,0;0,0;0,0;0,005156187582761051
2024-02-16 00:00:00;0,0;16,76631;0,0;0,0;0,0;0,0;0,005156187582761051
2024-02-16 01:00:00;0,0;16,5853;0,0;0,0;0,0;0,0;0,005156187582761051
2024-02-16 02:00:00;0,0;14,673999999999998;0,0;0,0;0,0;0,0;0,005156187582761051
2024-02-16 03:00:00;0,0;14,4478525;0,0;0,0;0,0;0,0;0,005156187582761051
2024-02-16 04:00:00;0,0;14,9398225;0,0;0,0;0,0;0,0;0,005156187582761051
2024-02-16 05:00:00;0,0;15,98592;0,0;0,0;0,0;0,0;0,005156187582761051
2024-02-16 06:00:00;0,0;18,095135;0,0;0,0;0,0;0,0;0,005156187582761051
2024-02-16 07:00:00;0,0;26,729795000000003;0,0;0,0;0,0;0,0;0,005156187582761051
2024-02-16 08:00:00;2,487438094146955;38,362275000000004;2,487438094146955;2,482281906564194;0,0;0,005156187582761051;0,005156187582761051
2024-02-16 09:00:00;5,975532856029883;43,796025;5,975532856029883;5,970376668447122;0,0;0,005156187582761051;0,005156187582761051
2024-02-16 10:00:00;15,583097433593595;46,102925;15,583097433593595;15,577941246010834;0,0;0,005156187582761051;0,005156187582761051
2024-02-16 11:00:00;27,706662607293886;46,917125;27,706662607293886;27,701506419711126;0,0;0,005156187582761051;0,005156187582761051
2024-02-16 12:00:00;32,02040675652725;44,610225;32,02040675652725;32,01525056894449;0,0;0,005156187582761051;0,005156187582761051
2024-02-16 13:00:00;28,046808642384;39,006275;28,046808642384;28,04165245480124;0,0;0,005156187582761051;0,005156187582761051
2024-02-16 14:00:00;11,840233439382077;29,223799999999997;11,840233439382077;11,835077251799316;0,0;0,005156187582761051;0,005156187582761051
2024-02-16 15:00:00;23,35119545593116;21,6350075;21,6350075;21,6350075;1,7110317683483984;0,005156187582761051;0,005156187582761051
2024-02-16 16:00:00;9,32928546921258;18,915142499999998;9,32928546921258;9,32412928162982;0,0;0,005156187582761051;0,005156187582761051
2024-02-16 17:00:00;0,0;20,634104999999998;0,0;0,0;0,0;0,0;0,005156187582761051
2024-02-16 18:00:00;0,0;21,929005;0,0;0,0;0,0;0,0;0,005156187582761051
2024-02-16 19:00:00;0,0;21,912157500000003;0,0;0,0;0,0;0,0;0,005156187582761051
2024-02-16 20:00:00;0,0;21,17702;0,0;0,0;0,0;0,0;0,005156187582761051
2024-02-16 21:00:00;0,0;19,305279999999996;0,0;0,0;0,0;0,0;0,005156187582761051
2024-02-16 22:00:00;0,0;17,4053075;0,0;0,0;0,0;0,0;0,005156187582761051
2024-02-16 23:00:00;0,0;15,516547499999998;0,0;0,0;0,0;0,0;0,005156187582761051
2024-02-17 00:00:00;0,0;13,577015000000001;0,0;0,0;0,0;0,0;0,005156187582761051
2024-02-17 01:00:00;0,0;11,965405;0,0;0,0;0,0;0,0;0,005156187582761051
2024-02-17 02:00:00;0,0;10,4443;0,0;0,0;0,0;0,0;0,005156187582761051
2024-02-17 03:00:00;0,0;9,5961175;0,0;0,0;0,0;0,0;0,005156187582761051
2024-02-17 04:00:00;0,0;9,47163;0,0;0,0;0,0;0,0;0,005156187582761051
2024-02-17 05:00:00;0,0;9,9636;0,0;0,0;0,0;0,0;0,005156187582761051
2024-02-17 06:00:00;0,0;11,207669999999998;0,0;0,0;0,0;0,0;0,005156187582761051
2024-02-17 07:00:00;1,0941043561930923;11,6035;1,0941043561930923;1,0889481686103313;0,0;0,005156187582761051;0,005156187582761051
2024-02-17 08:00:00;22,68015050501718;11,134185;11,134185;11,134185;11,540809317434421;0,005156187582761051;0,005156187582761051
2024-02-17 09:00:00;36,73133317248503;12,5365525;12,5365525;12,5365525;24,189624484902268;0,005156187582761051;0,005156187582761051
2024-02-17 10:00:00;55,027757329661775;14,928495;14,928495;14,928495;40,09410614207901;0,005156187582761051;0,005156187582761051
2024-02-17 11:00:00;54,75182329075657;16,466562500000002;16,466562500000002;16,466562500000002;38,280104603173804;0,005156187582761051;0,005156187582761051
2024-02-17 12:00:00;29,134713729820994;17,591894999999997;17,591894999999997;17,591894999999997;11,537662542238238;0,005156187582761051;0,005156187582761051
2024-02-17 13:00:00;26,409920578347673;18,112155;18,112155;18,112155;8,292609390764913;0,005156187582761051;0,005156187582761051
2024-02-17 14:00:00;58,16364041523597;16,8454875;16,8454875;16,8454875;41,3129967276532;0,005156187582761051;0,005156187582761051
2024-02-17 15:00:00;61,14195258851309;14,962420000000002;14,962420000000002;14,962420000000002;46,17437640093033;0,005156187582761051;0,005156187582761051
2024-02-17 16:00:00;20,199481302173126;14,108545000000001;14,108545000000001;14,108545000000001;6,085780114590365;0,005156187582761051;0,005156187582761051
2024-02-17 17:00:00;0,19543231742085165;17,863352499999998;0,19543231742085165;0,1902761298380906;0,0;0,005156187582761051;0,005156187582761051
2024-02-17 18:00:00;0,0;20,792460000000002;0,0;0,0;0,0;0,0;0,005156187582761051
2024-02-17 19:00:00;0,0;21,267525;0,0;0,0;0,0;0,0;0,005156187582761051
2024-02-17 20:00:00;0,0;20,176117499999997;0,0;0,0;0,0;0,0;0,005156187582761051
2024-02-17 21:00:00;0,0;17,7049975;0,0;0,0;0,0;0,0;0,005156187582761051
2024-02-17 22:00:00;0,0;15,8615475;0,0;0,0;0,0;0,0;0,005156187582761051
2024-02-17 23:00:00;0,0;13,9615175;0,0;0,0;0,0;0,0;0,005156187582761051
2024-02-18 00:00:00;0,0;13,837202499999998;0,0;0,0;0,0;0,0;0,005156187582761051
2024-02-18 01:00:00;0,0;11,880535;0,0;0,0;0,0;0,0;0,005156187582761051
2024-02-18 02:00:00;0,0;10,941904999999998;0,0;0,0;0,0;0,0;0,005156187582761051
2024-02-18 03:00:00;0,0;11,2585575;0,0;0,0;0,0;0,0;0,005156187582761051
2024-02-18 04:00:00;0,0;13,4582775;0,0;0,0;0,0;0,0;0,005156187582761051
2024-02-18 05:00:00;0,0;15,1094475;0,0;0,0;0,0;0,0;0,005156187582761051
2024-02-18 06:00:00;0,0;18,2196225;0,0;0,0;0,0;0,0;0,005156187582761051
2024-02-18 07:00:00;4,518490165179193;26,0792975;4,518490165179193;4,513333977596432;0,0;0,005156187582761051;0,005156187582761051
2024-02-18 08:00:00;38,26731667108793;42,63165;38,26731667108793;38,26216048350517;0,0;0,005156187582761051;0,005156187582761051
2024-02-18 09:00:00;70,37501623348867;51,825325;51,825325;51,825325;18,54453504590591;0,005156187582761051;0,005156187582761051
2024-02-18 10:00:00;85,81844517768468;52,572250000000004;52,572250000000004;52,572250000000004;33,24103899010192;0,005156187582761051;0,005156187582761051
2024-02-18 11:00:00;96,75149922856956;54,104625;54,104625;54,104625;42,6417180409868;0,005156187582761051;0,005156187582761051
2024-02-18 12:00:00;74,53252105559932;49,727725;49,727725;49,727725;24,799639868016563;0,005156187582761051;0,005156187582761051
2024-02-18 13:00:00;48,90690414493877;41,58515;41,58515;41,58515;7,316597957356009;0,005156187582761051;0,005156187582761051
2024-02-18 14:00:00;58,60898167909907;39,074125;39,074125;39,074125;19,5297004915163;0,005156187582761051;0,005156187582761051
2024-02-18 15:00:00;28,84886677906236;43,106025;28,84886677906236;28,8437105914796;0,0;0,005156187582761051;0,005156187582761051
2024-02-18 16:00:00;13,16649227302619;45,43535;13,16649227302619;13,161336085443429;0,0;0,005156187582761051;0,005156187582761051
2024-02-18 17:00:00;0,18662166218395884;46,15410000000001;0,18662166218395884;0,1814654746011978;0,0;0,005156187582761051;0,005156187582761051
2024-02-18 18:00:00;0,0;38,03337500000001;0,0;0,0;0,0;0,0;0,005156187582761051
2024-02-18 19:00:00;0,0;26,4247;0,0;0,0;0,0;0,0;0,005156187582761051
2024-02-18 20:00:00;0,0;21,62368;0,0;0,0;0,0;0,0;0,005156187582761051
2024-02-18 21:00:00;0,0;18,9547025;0,0;0,0;0,0;0,0;0,005156187582761051
2024-02-18 22:00:00;0,0;17,2072775;0,0;0,0;0,0;0,0;0,005156187582761051
2024-02-18 23:00:00;0,0;16,0990225;0,0;0,0;0,0;0,0;0,005156187582761051
2024-02-19 00:00:00;0,0;13,837202499999998;0,0;0,0;0,0;0,0;0,005156187582761051
2024-02-19 01:00:00;0,0;11,880535;0,0;0,0;0,0;0,0;0,005156187582761051
2024-02-19 02:00:00;0,0;10,941904999999998;0,0;0,0;0,0;0,0;0,005156187582761051
2024-02-19 03:00:00;0,0;11,2585575;0,0;0,0;0,0;0,0;0,005156187582761051
2024-02-19 04:00:00;0,0;13,4582775;0,0;0,0;0,0;0,0;0,005156187582761051
2024-02-19 05:00:00;0,0;15,1094475;0,0;0,0;0,0;0,0;0,005156187582761051
2024-02-19 06:00:00;0,0;18,2196225;0,0;0,0;0,0;0,0;0,005156187582761051
2024-02-19 07:00:00;0,4590417957679871;26,0792975;0,4590417957679871;0,45388560818522605;0,0;0,005156187582761051;0,005156187582761051
2024-02-19 08:00:00;10,889429841034366;42,63165;10,889429841034366;10,884273653451604;0,0;0,005156187582761051;0,005156187582761051
2024-02-19 09:00:00;21,77578224077692;51,825325;21,77578224077692;21,77062605319416;0,0;0,005156187582761051;0,005156187582761051
2024-02-19 10:00:00;19,630080686233878;52,572250000000004;19,630080686233878;19,62492449865112;0,0;0,005156187582761051;0,005156187582761051
2024-02-19 11:00:00;14,347830253529477;54,104625;14,347830253529477;14,342674065946715;0,0;0,005156187582761051;0,005156187582761051
2024-02-19 12:00:00;24,57928687144465;49,727725;24,57928687144465;24,574130683861892;0,0;0,005156187582761051;0,005156187582761051
2024-02-19 13:00:00;28,941929787358;41,58515;28,941929787358;28,93677359977524;0,0;0,005156187582761051;0,005156187582761051
2024-02-19 14:00:00;15,773070251799645;39,074125;15,773070251799645;15,767914064216884;0,0;0,005156187582761051;0,005156187582761051
2024-02-19 15:00:00;8,932939142069838;43,106025;8,932939142069838;8,927782954487077;0,0;0,005156187582761051;0,005156187582761051
2024-02-19 16:00:00;2,199416220936892;45,43535;2,199416220936892;2,194260033354131;0,0;0,005156187582761051;0,005156187582761051
2024-02-19 17:00:00;0,360105017314415;46,15410000000001;0,360105017314415;0,354948829731654;0,0;0,005156187582761051;0,005156187582761051
2024-02-19 18:00:00;0,0;38,03337500000001;0,0;0,0;0,0;0,0;0,005156187582761051
2024-02-19 19:00:00;0,0;26,4247;0,0;0,0;0,0;0,0;0,005156187582761051
2024-02-19 20:00:00;0,0;21,62368;0,0;0,0;0,0;0,0;0,005156187582761051
2024-02-19 21:00:00;0,0;18,9547025;0,0;0,0;0,0;0,0;0,005156187582761051
2024-02-19 22:00:00;0,0;17,2072775;0,0;0,0;0,0;0,0;0,005156187582761051
2024-02-19 23:00:00;0,0;16,0990225;0,0;0,0;0,0;0,0;0,005156187582761051
2024-02-20 00:00:00;0,0;13,837202499999998;0,0;0,0;0,0;0,0;0,005156187582761051
2024-02-20 01:00:00;0,0;11,880535;0,0;0,0;0,0;0,0;0,005156187582761051
2024-02-20 02:00:00;0,0;10,941904999999998;0,0;0,0;0,0;0,0;0,005156187582761051
2024-02-20 03:00:00;0,0;11,2585575;0,0;0,0;0,0;0,0;0,005156187582761051
2024-02-20 04:00:00;0,0;13,4582775;0,0;0,0;0,0;0,0;0,005156187582761051
2024-02-20 05:00:00;0,0;15,1094475;0,0;0,0;0,0;0,0;0,005156187582761051
2024-02-20 06:00:00;0,0;18,2196225;0,0;0,0;0,0;0,0;0,005156187582761051
2024-02-20 07:00:00;1,0449096816965875;26,0792975;1,0449096816965875;1,0397534941138264;0,0;0,005156187582761051;0,005156187582761051
2024-02-20 08:00:00;9,332414694372282;42,63165;9,332414694372282;9,327258506789521;0,0;0,005156187582761051;0,005156187582761051
2024-02-20 09:00:00;28,04273990990685;51,825325;28,04273990990685;28,03758372232409;0,0;0,005156187582761051;0,005156187582761051
2024-02-20 10:00:00;71,22945005369112;52,572250000000004;52,572250000000004;52,572250000000004;18,652043866108365;0,005156187582761051;0,005156187582761051
2024-02-20 11:00:00;90,48565121375157;54,104625;54,104625;54,104625;36,37587002616881;0,005156187582761051;0,005156187582761051
2024-02-20 12:00:00;85,0483450851905;49,727725;49,727725;49,727725;35,31546389760775;0,005156187582761051;0,005156187582761051
2024-02-20 13:00:00;74,40676023357817;41,58515;41,58515;41,58515;32,816454045995414;0,005156187582761051;0,005156187582761051
2024-02-20 14:00:00;67,0712054620392;39,074125;39,074125;39,074125;27,991924274456444;0,005156187582761051;0,005156187582761051
2024-02-20 15:00:00;39,92913496866609;43,106025;39,92913496866609;39,92397878108333;0,0;0,005156187582761051;0,005156187582761051
2024-02-20 16:00:00;23,264198557874177;45,43535;23,264198557874177;23,259042370291418;0,0;0,005156187582761051;0,005156187582761051
2024-02-20 17:00:00;1,359807382342109;46,15410000000001;1,359807382342109;1,354651194759348;0,0;0,005156187582761051;0,005156187582761051
2024-02-20 18:00:00;0,0;38,03337500000001;0,0;0,0;0,0;0,0;0,005156187582761051
2024-02-20 19:00:00;0,0;26,4247;0,0;0,0;0,0;0,0;0,005156187582761051
2024-02-20 20:00:00;0,0;21,62368;0,0;0,0;0,0;0,0;0,005156187582761051
2024-02-20 21:00:00;0,0;18,9547025;0,0;0,0;0,0;0,0;0,005156187582761051
2024-02-20 22:00:00;0,0;17,2072775;0,0;0,0;0,0;0,0;0,005156187582761051
2024-02-20 23:00:00;0,0;16,0990225;0,0;0,0;0,0;0,0;0,005156187582761051
2024-02-21 00:00:00;0,0;13,837202499999998;0,0;0,0;0,0;0,0;0,005156187582761051
2024-02-21 01:00:00;0,0;11,880535;0,0;0,0;0,0;0,0;0,005156187582761051
2024-02-21 02:00:00;0,0;10,941904999999998;0,0;0,0;0,0;0,0;0,005156187582761051
2024-02-21 03:00:00;0,0;11,2585575;0,0;0,0;0,0;0,0;0,005156187582761051
2024-02-21 04:00:00;0,0;13,4582775;0,0;0,0;0,0;0,0;0,005156187582761051
2024-02-21 05:00:00;0,0;15,1094475;0,0;0,0;0,0;0,0;0,005156187582761051
2024-02-21 06:00:00;0,0;18,2196225;0,0;0,0;0,0;0,0;0,005156187582761051
2024-02-21 07:00:00;1,094548217917873;26,0792975;1,094548217917873;1,089392030335112;0,0;0,005156187582761051;0,005156187582761051
2024-02-21 08:00:00;16,675219207416;42,63165;16,675219207416;16,67006301983324;0,0;0,005156187582761051;0,005156187582761051
2024-02-21 09:00:00;51,3614594829749;51,825325;51,3614594829749;51,35630329539214;0,0;0,005156187582761051;0,005156187582761051
2024-02-21 10:00:00;47,996987609138756;52,572250000000004;47,996987609138756;47,99183142155599;0,0;0,005156187582761051;0,005156187582761051
2024-02-21 11:00:00;44,12355429088764;54,104625;44,12355429088764;44,11839810330488;0,0;0,005156187582761051;0,005156187582761051
2024-02-21 12:00:00;66,21085348550635;49,727725;49,727725;49,727725;16,477972297923593;0,005156187582761051;0,005156187582761051
2024-02-21 13:00:00;49,76503681284772;41,58515;41,58515;41,58515;8,174730625264957;0,005156187582761051;0,005156187582761051
2024-02-21 14:00:00;25,944901444685968;39,074125;25,944901444685968;25,93974525710321;0,0;0,005156187582761051;0,005156187582761051
2024-02-21 15:00:00;16,972606563018935;43,106025;16,972606563018935;16,967450375436176;0,0;0,005156187582761051;0,005156187582761051
2024-02-21 16:00:00;7,771759881566999;45,43535;7,771759881566999;7,766603693984238;0,0;0,005156187582761051;0,005156187582761051
2024-02-21 17:00:00;0,3001614913828093;46,15410000000001;0,3001614913828093;0,29500530380004825;0,0;0,005156187582761051;0,005156187582761051
2024-02-21 18:00:00;0,0;38,03337500000001;0,0;0,0;0,0;0,0;0,005156187582761051
2024-02-21 19:00:00;0,0;26,4247;0,0;0,0;0,0;0,0;0,005156187582761051
2024-02-21 20:00:00;0,0;21,62368;0,0;0,0;0,0;0,0;0,005156187582761051
2024-02-21 21:00:00;0,0;18,9547025;0,0;0,0;0,0;0,0;0,005156187582761051
2024-02-21 22:00:00;0,0;17,2072775;0,0;0,0;0,0;0,0;0,005156187582761051
2024-02-21 23:00:00;0,0;16,0990225;0,0;0,0;0,0;0,0;0,005156187582761051
2024-02-22 00:00:00;0,0;13,837202499999998;0,0;0,0;0,0;0,0;0,005156187582761051
2024-02-22 01:00:00;0,0;11,880535;0,0;0,0;0,0;0,0;0,005156187582761051
2024-02-22 02:00:00;0,0;10,941904999999998;0,0;0,0;0,0;0,0;0,005156187582761051
2024-02-22 03:00:00;0,0;11,2585575;0,0;0,0;0,0;0,0;0,005156187582761051
2024-02-22 04:00:00;0,0;13,4582775;0,0;0,0;0,0;0,0;0,005156187582761051
2024-02-22 05:00:00;0,0;15,1094475;0,0;0,0;0,0;0,0;0,005156187582761051
2024-02-22 06:00:00;0,0;18,2196225;0,0;0,0;0,0;0,0;0,005156187582761051
2024-02-22 07:00:00;1,0305063687274607;26,0792975;1,0305063687274607;1,0253501811446997;0,0;0,005156187582761051;0,005156187582761051
2024-02-22 08:00:00;24,071583035249898;42,63165;24,071583035249898;24,066426847667138;0,0;0,005156187582761051;0,005156187582761051
2024-02-22 09:00:00;35,96611555896345;51,825325;35,96611555896345;35,96095937138069;0,0;0,005156187582761051;0,005156187582761051
2024-02-22 10:00:00;24,42637650725777;52,572250000000004;24,42637650725777;24,42122031967501;0,0;0,005156187582761051;0,005156187582761051
2024-02-22 11:00:00;32,40671441099454;54,104625;32,40671441099454;32,401558223411776;0,0;0,005156187582761051;0,005156187582761051
2024-02-22 12:00:00;32,10111561348317;49,727725;32,10111561348317;32,0959594259004;0,0;0,005156187582761051;0,005156187582761051
2024-02-22 13:00:00;53,56086830621638;41,58515;41,58515;41,58515;11,970562118633616;0,005156187582761051;0,005156187582761051
2024-02-22 14:00:00;41,18851863577662;39,074125;39,074125;39,074125;2,109237448193852;0,005156187582761051;0,005156187582761051
2024-02-22 15:00:00;27,04464284478378;43,106025;27,04464284478378;27,03948665720102;0,0;0,005156187582761051;0,005156187582761051
2024-02-22 16:00:00;12,864148461496546;45,43535;12,864148461496546;12,858992273913785;0,0;0,005156187582761051;0,005156187582761051
2024-02-22 17:00:00;0,9369107263620804;46,15410000000001;0,9369107263620804;0,9317545387793194;0,0;0,005156187582761051;0,005156187582761051
2024-02-22 18:00:00;0,0;38,03337500000001;0,0;0,0;0,0;0,0;0,005156187582761051
2024-02-22 19:00:00;0,0;26,4247;0,0;0,0;0,0;0,0;0,005156187582761051
2024-02-22 20:00:00;0,0;21,62368;0,0;0,0;0,0;0,0;0,005156187582761051
2024-02-22 21:00:00;0,0;18,9547025;0,0;0,0;0,0;0,0;0,005156187582761051
2024-02-22 22:00:00;0,0;17,2072775;0,0;0,0;0,0;0,0;0,005156187582761051
2024-02-22 23:00:00;0,0;16,0990225;0,0;0,0;0,0;0,0;0,005156187582761051
2024-02-23 00:00:00;0,0;16,76631;0,0;0,0;0,0;0,0;0,005156187582761051
2024-02-23 01:00:00;0,0;16,5853;0,0;0,0;0,0;0,0;0,005156187582761051
2024-02-23 02:00:00;0,0;14,673999999999998;0,0;0,0;0,0;0,0;0,005156187582761051
2024-02-23 03:00:00;0,0;14,4478525;0,0;0,0;0,0;0,0;0,005156187582761051
2024-02-23 04:00:00;0,0;14,9398225;0,0;0,0;0,0;0,0;0,005156187582761051
2024-02-23 05:00:00;0,0;15,98592;0,0;0,0;0,0;0,0;0,005156187582761051
2024-02-23 06:00:00;0,0;18,095135;0,0;0,0;0,0;0,0;0,005156187582761051
2024-02-23 07:00:00;1,577373604438682;26,729795000000003;1,577373604438682;1,5722174168559209;0,0;0,005156187582761051;0,005156187582761051
2024-02-23 08:00:00;20,153467636704214;38,362275000000004;20,153467636704214;20,148311449121454;0,0;0,005156187582761051;0,005156187582761051
2024-02-23 09:00:00;34,22965451466803;43,796025;34,22965451466803;34,224498327085264;0,0;0,005156187582761051;0,005156187582761051
2024-02-23 10:00:00;28,687892926875296;46,102925;28,687892926875296;28,682736739292537;0,0;0,005156187582761051;0,005156187582761051
2024-02-23 11:00:00;49,330422207333484;46,917125;46,917125;46,917125;2,4081410197507225;0,005156187582761051;0,005156187582761051
2024-02-23 12:00:00;69,46288038906475;44,610225;44,610225;44,610225;24,847499201481995;0,005156187582761051;0,005156187582761051
2024-02-23 13:00:00;38,84714803755951;39,006275;38,84714803755951;38,84199184997675;0,0;0,005156187582761051;0,005156187582761051
2024-02-23 14:00:00;31,306307218309566;29,223799999999997;29,223799999999997;29,223799999999997;2,0773510307268097;0,005156187582761051;0,005156187582761051
2024-02-23 15:00:00;22,495356073600234;21,6350075;21,6350075;21,6350075;0,8551923860174746;0,005156187582761051;0,005156187582761051
2024-02-23 16:00:00;11,688062844736496;18,915142499999998;11,688062844736496;11,682906657153735;0,0;0,005156187582761051;0,005156187582761051
2024-02-23 17:00:00;0,0;20,634104999999998;0,0;0,0;0,0;0,0;0,005156187582761051
2024-02-23 18:00:00;0,0;21,929005;0,0;0,0;0,0;0,0;0,005156187582761051
2024-02-23 19:00:00;0,0;21,912157500000003;0,0;0,0;0,0;0,0;0,005156187582761051
2024-02-23 20:00:00;0,0;21,17702;0,0;0,0;0,0;0,0;0,005156187582761051
2024-02-23 21:00:00;0,0;19,305279999999996;0,0;0,0;0,0;0,0;0,005156187582761051
2024-02-23 22:00:00;0,0;17,4053075;0,0;0,0;0,0;0,0;0,005156187582761051
2024-02-23 23:00:00;0,0;15,516547499999998;0,0;0,0;0,0;0,0;0,005156187582761051
2024-02-24 00:00:00;0,0;13,577015000000001;0,0;0,0;0,0;0,0;0,005156187582761051
2024-02-24 01:00:00;0,0;11,965405;0,0;0,0;0,0;0,0;0,005156187582761051
2024-02-24 02:00:00;0,0;10,4443;0,0;0,0;0,0;0,0;0,005156187582761051
2024-02-24 03:00:00;0,0;9,5961175;0,0;0,0;0,0;0,0;0,005156187582761051
2024-02-24 04:00:00;0,0;9,47163;0,0;0,0;0,0;0,0;0,005156187582761051
2024-02-24 05:00:00;0,0;9,9636;0,0;0,0;0,0;0,0;0,005156187582761051
2024-02-24 06:00:00;0,0;11,207669999999998;0,0;0,0;0,0;0,0;0,005156187582761051
2024-02-24 07:00:00;0,71748028502143;11,6035;0,71748028502143;0,712324097438669;0,0;0,005156187582761051;0,005156187582761051
2024-02-24 08:00:00;27,158863261960626;11,134185;11,134185;11,134185;16,019522074377868;0,005156187582761051;0,005156187582761051
2024-02-24 09:00:00;53,172119412262795;12,5365525;12,5365525;12,5365525;40,63041072468003;0,005156187582761051;0,005156187582761051
2024-02-24 10:00:00;80,7983690704173;14,928495;14,928495;14,928495;65,86471788283454;0,005156187582761051;0,005156187582761051
2024-02-24 11:00:00;57,09319388897367;16,466562500000002;16,466562500000002;16,466562500000002;40,62147520139091;0,005156187582761051;0,005156187582761051
2024-02-24 12:00:00;32,97855626642008;17,591894999999997;17,591894999999997;17,591894999999997;15,381505078837318;0,005156187582761051;0,005156187582761051
2024-02-24 13:00:00;18,681548180377963;18,112155;18,112155;18,112155;0,5642369927952018;0,005156187582761051;0,005156187582761051
2024-02-24 14:00:00;26,639397090059184;16,8454875;16,8454875;16,8454875;9,788753402476424;0,005156187582761051;0,005156187582761051
2024-02-24 15:00:00;50,34797521139277;14,962420000000002;14,962420000000002;14,962420000000002;35,38039902381001;0,005156187582761051;0,005156187582761051
2024-02-24 16:00:00;28,756691494216277;14,108545000000001;14,108545000000001;14,108545000000001;14,642990306633516;0,005156187582761051;0,005156187582761051
2024-02-24 17:00:00;1,8246415736184818;17,863352499999998;1,8246415736184818;1,8194853860357207;0,0;0,005156187582761051;0,005156187582761051
2024-02-24 18:00:00;0,0;20,792460000000002;0,0;0,0;0,0;0,0;0,005156187582761051
2024-02-24 19:00:00;0,0;21,267525;0,0;0,0;0,0;0,0;0,005156187582761051
2024-02-24 20:00:00;0,0;20,176117499999997;0,0;0,0;0,0;0,0;0,005156187582761051
2024-02-24 21:00:00;0,0;17,7049975;0,0;0,0;0,0;0,0;0,005156187582761051
2024-02-24 22:00:00;0,0;15,8615475;0,0;0,0;0,0;0,0;0,005156187582761051
2024-02-24 23:00:00;0,0;13,9615175;0,0;0,0;0,0;0,0;0,005156187582761051
2024-02-25 00:00:00;0,0;13,837202499999998;0,0;0,0;0,0;0,0;0,005156187582761051
2024-02-25 01:00:00;0,0;11,880535;0,0;0,0;0,0;0,0;0,005156187582761051
2024-02-25 02:00:00;0,0;10,941904999999998;0,0;0,0;0,0;0,0;0,005156187582761051
2024-02-25 03:00:00;0,0;11,2585575;0,0;0,0;0,0;0,0;0,005156187582761051
2024-02-25 04:00:00;0,0;13,4582775;0,0;0,0;0,0;0,0;0,005156187582761051
2024-02-25 05:00:00;0,0;15,1094475;0,0;0,0;0,0;0,0;0,005156187582761051
2024-02-25 06:00:00;0,0;18,2196225;0,0;0,0;0,0;0,0;0,005156187582761051
2024-02-25 07:00:00;6,317839018180599;26,0792975;6,317839018180599;6,312682830597837;0,0;0,005156187582761051;0,005156187582761051
2024-02-25 08:00:00;38,33130673641044;42,63165;38,33130673641044;38,32615054882768;0,0;0,005156187582761051;0,005156187582761051
2024-02-25 09:00:00;57,041410021082626;51,825325;51,825325;51,825325;5,210928833499864;0,005156187582761051;0,005156187582761051
2024-02-25 10:00:00;66,22638864587366;52,572250000000004;52,572250000000004;52,572250000000004;13,648982458290895;0,005156187582761051;0,005156187582761051
2024-02-25 11:00:00;78,4658757066958;54,104625;54,104625;54,104625;24,356094519113043;0,005156187582761051;0,005156187582761051
2024-02-25 12:00:00;92,71161776352575;49,727725;49,727725;49,727725;42,978736575942996;0,005156187582761051;0,005156187582761051
2024-02-25 13:00:00;98,2399155456668;41,58515;41,58515;41,58515;56,64960935808405;0,005156187582761051;0,005156187582761051
2024-02-25 14:00:00;83,9705008635152;39,074125;39,074125;39,074125;44,89121967593244;0,005156187582761051;0,005156187582761051
2024-02-25 15:00:00;58,95223474626265;43,106025;43,106025;43,106025;15,841053558679882;0,005156187582761051;0,005156187582761051
2024-02-25 16:00:00;24,988157496921616;45,43535;24,988157496921616;24,983001309338857;0,0;0,005156187582761051;0,005156187582761051
2024-02-25 17:00:00;1,917978296644407;46,15410000000001;1,917978296644407;1,912822109061646;0,0;0,005156187582761051;0,005156187582761051
2024-02-25 18:00:00;0,0;38,03337500000001;0,0;0,0;0,0;0,0;0,005156187582761051
2024-02-25 19:00:00;0,0;26,4247;0,0;0,0;0,0;0,0;0,005156187582761051
2024-02-25 20:00:00;0,0;21,62368;0,0;0,0;0,0;0,0;0,005156187582761051
2024-02-25 21:00:00;0,0;18,9547025;0,0;0,0;0,0;0,0;0,005156187582761051
2024-02-25 22:00:00;0,0;17,2072775;0,0;0,0;0,0;0,0;0,005156187582761051
2024-02-25 23:00:00;0,0;16,0990225;0,0;0,0;0,0;0,0;0,005156187582761051
2024-02-26 00:00:00;0,0;13,837202499999998;0,0;0,0;0,0;0,0;0,005156187582761051
2024-02-26 01:00:00;0,0;11,880535;0,0;0,0;0,0;0,0;0,005156187582761051
2024-02-26 02:00:00;0,0;10,941904999999998;0,0;0,0;0,0;0,0;0,005156187582761051
2024-02-26 03:00:00;0,0;11,2585575;0,0;0,0;0,0;0,0;0,005156187582761051
2024-02-26 04:00:00;0,0;13,4582775;0,0;0,0;0,0;0,0;0,005156187582761051
2024-02-26 05:00:00;0,0;15,1094475;0,0;0,0;0,0;0,0;0,005156187582761051
2024-02-26 06:00:00;0,0;18,2196225;0,0;0,0;0,0;0,0;0,005156187582761051
2024-02-26 07:00:00;0,5100119171636139;26,0792975;0,5100119171636139;0,5048557295808529;0,0;0,005156187582761051;0,005156187582761051
2024-02-26 08:00:00;5,928305968513237;42,63165;5,928305968513237;5,923149780930475;0,0;0,005156187582761051;0,005156187582761051
2024-02-26 09:00:00;16,436791484254744;51,825325;16,436791484254744;16,431635296671985;0,0;0,005156187582761051;0,005156187582761051
2024-02-26 10:00:00;17,926021547847434;52,572250000000004;17,926021547847434;17,920865360264674;0,0;0,005156187582761051;0,005156187582761051
2024-02-26 11:00:00;20,33567287472661;54,104625;20,33567287472661;20,33051668714385;0,0;0,005156187582761051;0,005156187582761051
2024-02-26 12:00:00;21,80248792121788;49,727725;21,80248792121788;21,797331733635122;0,0;0,005156187582761051;0,005156187582761051
2024-02-26 13:00:00;16,933916616008897;41,58515;16,933916616008897;16,928760428426138;0,0;0,005156187582761051;0,005156187582761051
2024-02-26 14:00:00;13,62426166518314;39,074125;13,62426166518314;13,619105477600378;0,0;0,005156187582761051;0,005156187582761051
2024-02-26 15:00:00;9,188307587726884;43,106025;9,188307587726884;9,183151400144123;0,0;0,005156187582761051;0,005156187582761051
2024-02-26 16:00:00;3,5264444149039624;45,43535;3,5264444149039624;3,521288227321201;0,0;0,005156187582761051;0,005156187582761051
2024-02-26 17:00:00;0,0;46,15410000000001;0,0;0,0;0,0;0,0;0,005156187582761051
2024-02-26 18:00:00;0,0;38,03337500000001;0,0;0,0;0,0;0,0;0,005156187582761051
2024-02-26 19:00:00;0,0;26,4247;0,0;0,0;0,0;0,0;0,005156187582761051
2024-02-26 20:00:00;0,0;21,62368;0,0;0,0;0,0;0,0;0,005156187582761051
2024-02-26 21:00:00;0,0;18,9547025;0,0;0,0;0,0;0,0;0,005156187582761051
2024-02-26 22:00:00;0,0;17,2072775;0,0;0,0;0,0;0,0;0,005156187582761051
2024-02-26 23:00:00;0,0;16,0990225;0,0;0,0;0,0;0,0;0,005156187582761051
2024-02-27 00:00:00;0,0;13,837202499999998;0,0;0,0;0,0;0,0;0,005156187582761051
2024-02-27 01:00:00;0,0;11,880535;0,0;0,0;0,0;0,0;0,005156187582761051
2024-02-27 02:00:00;0,0;10,941904999999998;0,0;0,0;0,0;0,0;0,005156187582761051
2024-02-27 03:00:00;0,0;11,2585575;0,0;0,0;0,0;0,0;0,005156187582761051
2024-02-27 04:00:00;0,0;13,4582775;0,0;0,0;0,0;0,0;0,005156187582761051
2024-02-27 05:00:00;0,0;15,1094475;0,0;0,0;0,0;0,0;0,005156187582761051
2024-02-27 06:00:00;0,0;18,2196225;0,0;0,0;0,0;0,0;0,005156187582761051
2024-02-27 07:00:00;9,645714492808596;26,0792975;9,645714492808596;9,640558305225834;0,0;0,005156187582761051;0,005156187582761051
2024-02-27 08:00:00;51,13605170374054;42,63165;42,63165;42,63165;8,499245516157778;0,005156187582761051;0,005156187582761051
2024-02-27 09:00:00;90,37542555209775;51,825325;51,825325;51,825325;38,544944364515;0,005156187582761051;0,005156187582761051
2024-02-27 10:00:00;120,55876260671265;52,572250000000004;52,572250000000004;52,572250000000004;67,9813564191299;0,005156187582761051;0,005156187582761051
2024-02-27 11:00:00;137,412192296628;54,104625;54,104625;54,104625;83,30241110904524;0,005156187582761051;0,005156187582761051
2024-02-27 12:00:00;140,37940792678563;49,727725;49,727725;49,727725;90,64652673920287;0,005156187582761051;0,005156187582761051
2024-02-27 13:00:00;134,4368392015161;41,58515;41,58515;41,58515;92,84653301393334;0,005156187582761051;0,005156187582761051
2024-02-27 14:00:00;111,11782372063153;39,074125;39,074125;39,074125;72,03854253304877;0,005156187582761051;0,005156187582761051
2024-02-27 15:00:00;76,99891270629624;43,106025;43,106025;43,106025;33,88773151871348;0,005156187582761051;0,005156187582761051
2024-02-27 16:00:00;36,81625871582636;45,43535;36,81625871582636;36,811102528243595;0,0;0,005156187582761051;0,005156187582761051
2024-02-27 17:00:00;3,648587763868141;46,15410000000001;3,648587763868141;3,64343157628538;0,0;0,005156187582761051;0,005156187582761051
2024-02-27 18:00:00;0,0;38,03337500000001;0,0;0,0;0,0;0,0;0,005156187582761051
2024-02-27 19:00:00;0,0;26,4247;0,0;0,0;0,0;0,0;0,005156187582761051
2024-02-27 20:00:00;0,0;21,62368;0,0;0,0;0,0;0,0;0,005156187582761051
2024-02-27 21:00:00;0,0;18,9547025;0,0;0,0;0,0;0,0;0,005156187582761051
2024-02-27 22:00:00;0,0;17,2072775;0,0;0,0;0,0;0,0;0,005156187582761051
2024-02-27 23:00:00;0,0;16,0990225;0,0;0,0;0,0;0,0;0,005156187582761051
2024-02-28 00:00:00;0,0;13,837202499999998;0,0;0,0;0,0;0,0;0,005156187582761051
2024-02-28 01:00:00;0,0;11,880535;0,0;0,0;0,0;0,0;0,005156187582761051
2024-02-28 02:00:00;0,0;10,941904999999998;0,0;0,0;0,0;0,0;0,005156187582761051
2024-02-28 03:00:00;0,0;11,2585575;0,0;0,0;0,0;0,0;0,005156187582761051
2024-02-28 04:00:00;0,0;13,4582775;0,0;0,0;0,0;0,0;0,005156187582761051
2024-02-28 05:00:00;0,0;15,1094475;0,0;0,0;0,0;0,0;0,005156187582761051
2024-02-28 06:00:00;0,0;18,2196225;0,0;0,0;0,0;0,0;0,005156187582761051
2024-02-28 07:00:00;7,183110462163108;26,0792975;7,183110462163108;7,177954274580347;0,0;0,005156187582761051;0,005156187582761051
2024-02-28 08:00:00;49,22870389540462;42,63165;42,63165;42,63165;6,5918977078218575;0,005156187582761051;0,005156187582761051
2024-02-28 09:00:00;91,42515853120362;51,825325;51,825325;51,825325;39,594677343620866;0,005156187582761051;0,005156187582761051
2024-02-28 10:00:00;108,8430323811315;52,572250000000004;52,572250000000004;52,572250000000004;56,265626193548734;0,005156187582761051;0,005156187582761051
2024-02-28 11:00:00;72,41973924564415;54,104625;54,104625;54,104625;18,309958058061397;0,005156187582761051;0,005156187582761051
2024-02-28 12:00:00;84,45652945214984;49,727725;49,727725;49,727725;34,72364826456708;0,005156187582761051;0,005156187582761051
2024-02-28 13:00:00;102,8235276235667;41,58515;41,58515;41,58515;61,23322143598395;0,005156187582761051;0,005156187582761051
2024-02-28 14:00:00;91,38743028459727;39,074125;39,074125;39,074125;52,308149097014514;0,005156187582761051;0,005156187582761051
2024-02-28 15:00:00;65,88165603962747;43,106025;43,106025;43,106025;22,770474852044714;0,005156187582761051;0,005156187582761051
2024-02-28 16:00:00;36,27311991860329;45,43535;36,27311991860329;36,26796373102053;0,0;0,005156187582761051;0,005156187582761051
2024-02-28 17:00:00;5,005650601212024;46,15410000000001;5,005650601212024;5,000494413629263;0,0;0,005156187582761051;0,005156187582761051
2024-02-28 18:00:00;0,0;38,03337500000001;0,0;0,0;0,0;0,0;0,005156187582761051
2024-02-28 19:00:00;0,0;26,4247;0,0;0,0;0,0;0,0;0,005156187582761051
2024-02-28 20:00:00;0,0;21,62368;0,0;0,0;0,0;0,0;0,005156187582761051
2024-02-28 21:00:00;0,0;18,9547025;0,0;0,0;0,0;0,0;0,005156187582761051
2024-02-28 22:00:00;0,0;17,2072775;0,0;0,0;0,0;0,0;0,005156187582761051
2024-02-28 23:00:00;0,0;16,0990225;0,0;0,0;0,0;0,0;0,005156187582761051
2024-02-29 00:00:00;0,0;13,837202499999998;0,0;0,0;0,0;0,0;0,005156187582761051
2024-02-29 01:00:00;0,0;11,880535;0,0;0,0;0,0;0,0;0,005156187582761051
2024-02-29 02:00:00;0,0;10,941904999999998;0,0;0,0;0,0;0,0;0,005156187582761051
2024-02-29 03:00:00;0,0;11,2585575;0,0;0,0;0,0;0,0;0,005156187582761051
2024-02-29 04:00:00;0,0;13,4582775;0,0;0,0;0,0;0,0;0,005156187582761051
2024-02-29 05:00:00;0,0;15,1094475;0,0;0,0;0,0;0,0;0,005156187582761051
2024-02-29 06:00:00;0,0;18,2196225;0,0;0,0;0,0;0,0;0,005156187582761051
2024-02-29 07:00:00;3,798790571533861;26,0792975;3,798790571533861;3,7936343839510998;0,0;0,005156187582761051;0,005156187582761051
2024-02-29 08:00:00;21,19706052861729;42,63165;21,19706052861729;21,19190434103453;0,0;0,005156187582761051;0,005156187582761051
2024-02-29 09:00:00;42,177960397266475;51,825325;42,177960397266475;42,17280420968371;0,0;0,005156187582761051;0,005156187582761051
2024-02-29 10:00:00;44,51193330007057;52,572250000000004;44,51193330007057;44,5067771124878;0,0;0,005156187582761051;0,005156187582761051
2024-02-29 11:00:00;57,85071789926572;54,104625;54,104625;54,104625;3,7409367116829557;0,005156187582761051;0,005156187582761051
2024-02-29 12:00:00;97,94844634639428;49,727725;49,727725;49,727725;48,21556515881152;0,005156187582761051;0,005156187582761051
2024-02-29 13:00:00;94,80294625678316;41,58515;41,58515;41,58515;53,212640069200404;0,005156187582761051;0,005156187582761051
2024-02-29 14:00:00;54,38585929867506;39,074125;39,074125;39,074125;15,306578111092293;0,005156187582761051;0,005156187582761051
2024-02-29 15:00:00;45,725007393895666;43,106025;43,106025;43,106025;2,6138262063129005;0,005156187582761051;0,005156187582761051
2024-02-29 16:00:00;13,758463257670526;45,43535;13,758463257670526;13,753307070087764;0,0;0,005156187582761051;0,005156187582761051
2024-02-29 17:00:00;2,1791391378098366;46,15410000000001;2,1791391378098366;2,1739829502270753;0,0;0,005156187582761051;0,005156187582761051
2024-02-29 18:00:00;0,0;38,03337500000001;0,0;0,0;0,0;0,0;0,005156187582761051
2024-02-29 19:00:00;0,0;26,4247;0,0;0,0;0,0;0,0;0,005156187582761051
2024-02-29 20:00:00;0,0;21,62368;0,0;0,0;0,0;0,0;0,005156187582761051
2024-02-29 21:00:00;0,0;18,9547025;0,0;0,0;0,0;0,0;0,005156187582761051
2024-02-29 22:00:00;0,0;17,2072775;0,0;0,0;0,0;0,0;0,005156187582761051
2024-02-29 23:00:00;0,0;16,0990225;0,0;0,0;0,0;0,0;0,005156187582761051
2024-03-01 00:00:00;0,0;16,76631;0,0;0,0;0,0;0,0;0,005156187582761051
2024-03-01 01:00:00;0,0;16,5853;0,0;0,0;0,0;0,0;0,005156187582761051
2024-03-01 02:00:00;0,0;14,673999999999998;0,0;0,0;0,0;0,0;0,005156187582761051
2024-03-01 03:00:00;0,0;14,4478525;0,0;0,0;0,0;0,0;0,005156187582761051
2024-03-01 04:00:00;0,0;14,9398225;0,0;0,0;0,0;0,0;0,005156187582761051
2024-03-01 05:00:00;0,0;15,98592;0,0;0,0;0,0;0,0;0,005156187582761051
2024-03-01 06:00:00;0,0;18,095135;0,0;0,0;0,0;0,0;0,005156187582761051
2024-03-01 07:00:00;10,245105365952176;26,729795000000003;10,245105365952176;10,239949178369415;0,0;0,005156187582761051;0,005156187582761051
2024-03-01 08:00:00;27,54975748758398;38,362275000000004;27,54975748758398;27,544601300001222;0,0;0,005156187582761051;0,005156187582761051
2024-03-01 09:00:00;61,73813286184743;43,796025;43,796025;43,796025;17,93695167426467;0,005156187582761051;0,005156187582761051
2024-03-01 10:00:00;108,50865654846353;46,102925;46,102925;46,102925;62,40057536088078;0,005156187582761051;0,005156187582761051
2024-03-01 11:00:00;112,13722614854409;46,917125;46,917125;46,917125;65,21494496096133;0,005156187582761051;0,005156187582761051
2024-03-01 12:00:00;85,96861839456872;44,610225;44,610225;44,610225;41,353237206985966;0,005156187582761051;0,005156187582761051
2024-03-01 13:00:00;63,08443945006079;39,006275;39,006275;39,006275;24,073008262478027;0,005156187582761051;0,005156187582761051
2024-03-01 14:00:00;37,47894427092363;29,223799999999997;29,223799999999997;29,223799999999997;8,249988083340867;0,005156187582761051;0,005156187582761051
2024-03-01 15:00:00;12,171872124747237;21,6350075;12,171872124747237;12,166715937164476;0,0;0,005156187582761051;0,005156187582761051
2024-03-01 16:00:00;2,073566626570796;18,915142499999998;2,073566626570796;2,068410438988035;0,0;0,005156187582761051;0,005156187582761051
2024-03-01 17:00:00;0,05146576698829824;20,634104999999998;0,05146576698829824;0,04630957940553719;0,0;0,005156187582761051;0,005156187582761051
2024-03-01 18:00:00;0,0;21,929005;0,0;0,0;0,0;0,0;0,005156187582761051
2024-03-01 19:00:00;0,0;21,912157500000003;0,0;0,0;0,0;0,0;0,005156187582761051
2024-03-01 20:00:00;0,0;21,17702;0,0;0,0;0,0;0,0;0,005156187582761051
2024-03-01 21:00:00;0,0;19,305279999999996;0,0;0,0;0,0;0,0;0,005156187582761051
2024-03-01 22:00:00;0,0;17,4053075;0,0;0,0;0,0;0,0;0,005156187582761051
2024-03-01 23:00:00;0,0;15,516547499999998;0,0;0,0;0,0;0,0;0,005156187582761051
2024-03-02 00:00:00;0,0;13,577015000000001;0,0;0,0;0,0;0,0;0,005156187582761051
2024-03-02 01:00:00;0,0;11,965405;0,0;0,0;0,0;0,0;0,005156187582761051
2024-03-02 02:00:00;0,0;10,4443;0,0;0,0;0,0;0,0;0,005156187582761051
2024-03-02 03:00:00;0,0;9,5961175;0,0;0,0;0,0;0,0;0,005156187582761051
2024-03-02 04:00:00;0,0;9,47163;0,0;0,0;0,0;0,0;0,005156187582761051
2024-03-02 05:00:00;0,0;9,9636;0,0;0,0;0,0;0,0;0,005156187582761051
2024-03-02 06:00:00;0,0;11,207669999999998;0,0;0,0;0,0;0,0;0,005156187582761051
2024-03-02 07:00:00;5,462117998976285;11,6035;5,462117998976285;5,456961811393524;0,0;0,005156187582761051;0,005156187582761051
2024-03-02 08:00:00;18,893640107868908;11,134185;11,134185;11,134185;7,754298920286148;0,005156187582761051;0,005156187582761051
2024-03-02 09:00:00;38,26199033039055;12,5365525;12,5365525;12,5365525;25,72028164280779;0,005156187582761051;0,005156187582761051
2024-03-02 10:00:00;68,16088599637531;14,928495;14,928495;14,928495;53,22723480879256;0,005156187582761051;0,005156187582761051
2024-03-02 11:00:00;78,35343073641803;16,466562500000002;16,466562500000002;16,466562500000002;61,881712048835276;0,005156187582761051;0,005156187582761051
2024-03-02 12:00:00;47,88898125610883;17,591894999999997;17,591894999999997;17,591894999999997;30,291930068526067;0,005156187582761051;0,005156187582761051
2024-03-02 13:00:00;28,521814664853263;18,112155;18,112155;18,112155;10,404503477270502;0,005156187582761051;0,005156187582761051
2024-03-02 14:00:00;49,17462674193554;16,8454875;16,8454875;16,8454875;32,32398305435278;0,005156187582761051;0,005156187582761051
2024-03-02 15:00:00;48,63023033649225;14,962420000000002;14,962420000000002;14,962420000000002;33,66265414890948;0,005156187582761051;0,005156187582761051
2024-03-02 16:00:00;21,465670849063613;14,108545000000001;14,108545000000001;14,108545000000001;7,351969661480853;0,005156187582761051;0,005156187582761051
2024-03-02 17:00:00;2,813528507952358;17,863352499999998;2,813528507952358;2,808372320369597;0,0;0,005156187582761051;0,005156187582761051
2024-03-02 18:00:00;0,0;20,792460000000002;0,0;0,0;0,0;0,0;0,005156187582761051
2024-03-02 19:00:00;0,0;21,267525;0,0;0,0;0,0;0,0;0,005156187582761051
2024-03-02 20:00:00;0,0;20,176117499999997;0,0;0,0;0,0;0,0;0,005156187582761051
2024-03-02 21:00:00;0,0;17,7049975;0,0;0,0;0,0;0,0;0,005156187582761051
2024-03-02 22:00:00;0,0;15,8615475;0,0;0,0;0,0;0,0;0,005156187582761051
2024-03-02 23:00:00;0,0;13,9615175;0,0;0,0;0,0;0,0;0,005156187582761051
2024-03-03 00:00:00;0,0;13,837202499999998;0,0;0,0;0,0;0,0;0,005156187582761051
2024-03-03 01:00:00;0,0;11,880535;0,0;0,0;0,0;0,0;0,005156187582761051
2024-03-03 02:00:00;0,0;10,941904999999998;0,0;0,0;0,0;0,0;0,005156187582761051
2024-03-03 03:00:00;0,0;11,2585575;0,0;0,0;0,0;0,0;0,005156187582761051
2024-03-03 04:00:00;0,0;13,4582775;0,0;0,0;0,0;0,0;0,005156187582761051
2024-03-03 05:00:00;0,0;15,1094475;0,0;0,0;0,0;0,0;0,005156187582761051
2024-03-03 06:00:00;0,0;18,2196225;0,0;0,0;0,0;0,0;0,005156187582761051
2024-03-03 07:00:00;2,7779012068433104;26,0792975;2,7779012068433104;2,772745019260549;0,0;0,005156187582761051;0,005156187582761051
2024-03-03 08:00:00;20,22862822210038;42,63165;20,22862822210038;20,22347203451762;0,0;0,005156187582761051;0,005156187582761051
2024-03-03 09:00:00;55,606996880500326;51,825325;51,825325;51,825325;3,776515692917563;0,005156187582761051;0,005156187582761051
2024-03-03 10:00:00;95,29489300174822;52,572250000000004;52,572250000000004;52,572250000000004;42,71748681416546;0,005156187582761051;0,005156187582761051
2024-03-03 11:00:00;115,89007703156314;54,104625;54,104625;54,104625;61,78029584398038;0,005156187582761051;0,005156187582761051
2024-03-03 12:00:00;122,24617693041984;49,727725;49,727725;49,727725;72,51329574283707;0,005156187582761051;0,005156187582761051
2024-03-03 13:00:00;116,58324109176202;41,58515;41,58515;41,58515;74,99293490417926;0,005156187582761051;0,005156187582761051
2024-03-03 14:00:00;106,0504023627209;39,074125;39,074125;39,074125;66,97112117513814;0,005156187582761051;0,005156187582761051
2024-03-03 15:00:00;77,87553961273773;43,106025;43,106025;43,106025;34,76435842515497;0,005156187582761051;0,005156187582761051
2024-03-03 16:00:00;41,81991193927687;45,43535;41,81991193927687;41,81475575169411;0,0;0,005156187582761051;0,005156187582761051
2024-03-03 17:00:00;8,560280235639548;46,15410000000001;8,560280235639548;8,555124048056786;0,0;0,005156187582761051;0,005156187582761051
2024-03-03 18:00:00;0,0;38,03337500000001;0,0;0,0;0,0;0,0;0,005156187582761051
2024-03-03 19:00:00;0,0;26,4247;0,0;0,0;0,0;0,0;0,005156187582761051
2024-03-03 20:00:00;0,0;21,62368;0,0;0,0;0,0;0,0;0,005156187582761051
2024-03-03 21:00:00;0,0;18,9547025;0,0;0,0;0,0;0,0;0,005156187582761051
2024-03-03 22:00:00;0,0;17,2072775;0,0;0,0;0,0;0,0;0,005156187582761051
2024-03-03 23:00:00;0,0;16,0990225;0,0;0,0;0,0;0,0;0,005156187582761051
2024-03-04 00:00:00;0,0;13,837202499999998;0,0;0,0;0,0;0,0;0,005156187582761051
2024-03-04 01:00:00;0,0;11,880535;0,0;0,0;0,0;0,0;0,005156187582761051
2024-03-04 02:00:00;0,0;10,941904999999998;0,0;0,0;0,0;0,0;0,005156187582761051
2024-03-04 03:00:00;0,0;11,2585575;0,0;0,0;0,0;0,0;0,005156187582761051
2024-03-04 04:00:00;0,0;13,4582775;0,0;0,0;0,0;0,0;0,005156187582761051
2024-03-04 05:00:00;0,0;15,1094475;0,0;0,0;0,0;0,0;0,005156187582761051
2024-03-04 06:00:00;0,0;18,2196225;0,0;0,0;0,0;0,0;0,005156187582761051
2024-03-04 07:00:00;2,104651742696257;26,0792975;2,104651742696257;2,0994955551134957;0,0;0,005156187582761051;0,005156187582761051
2024-03-04 08:00:00;44,64339034755973;42,63165;42,63165;42,63165;2,006584159976967;0,005156187582761051;0,005156187582761051
2024-03-04 09:00:00;89,13113318362976;51,825325;51,825325;51,825325;37,300651996047;0,005156187582761051;0,005156187582761051
2024-03-04 10:00:00;114,9483504054872;52,572250000000004;52,572250000000004;52,572250000000004;62,370944217904444;0,005156187582761051;0,005156187582761051
2024-03-04 11:00:00;123,98241604385288;54,104625;54,104625;54,104625;69,87263485627012;0,005156187582761051;0,005156187582761051
2024-03-04 12:00:00;130,80013213648127;49,727725;49,727725;49,727725;81,0672509488985;0,005156187582761051;0,005156187582761051
2024-03-04 13:00:00;119,56451234320436;41,58515;41,58515;41,58515;77,9742061556216;0,005156187582761051;0,005156187582761051
2024-03-04 14:00:00;109,6331062512408;39,074125;39,074125;39,074125;70,55382506365805;0,005156187582761051;0,005156187582761051
2024-03-04 15:00:00;77,44647327878324;43,106025;43,106025;43,106025;34,335292091200486;0,005156187582761051;0,005156187582761051
2024-03-04 16:00:00;41,63889033252056;45,43535;41,63889033252056;41,6337341449378;0,0;0,005156187582761051;0,005156187582761051
2024-03-04 17:00:00;6,147780796026367;46,15410000000001;6,147780796026367;6,142624608443605;0,0;0,005156187582761051;0,005156187582761051
2024-03-04 18:00:00;0,0;38,03337500000001;0,0;0,0;0,0;0,0;0,005156187582761051
2024-03-04 19:00:00;0,0;26,4247;0,0;0,0;0,0;0,0;0,005156187582761051
2024-03-04 20:00:00;0,0;21,62368;0,0;0,0;0,0;0,0;0,005156187582761051
2024-03-04 21:00:00;0,0;18,9547025;0,0;0,0;0,0;0,0;0,005156187582761051
2024-03-04 22:00:00;0,0;17,2072775;0,0;0,0;0,0;0,0;0,005156187582761051
2024-03-04 23:00:00;0,0;16,0990225;0,0;0,0;0,0;0,0;0,005156187582761051
2024-03-05 00:00:00;0,0;13,837202499999998;0,0;0,0;0,0;0,0;0,005156187582761051
2024-03-05 01:00:00;0,0;11,880535;0,0;0,0;0,0;0,0;0,005156187582761051
2024-03-05 02:00:00;0,0;10,941904999999998;0,0;0,0;0,0;0,0;0,005156187582761051
2024-03-05 03:00:00;0,0;11,2585575;0,0;0,0;0,0;0,0;0,005156187582761051
2024-03-05 04:00:00;0,0;13,4582775;0,0;0,0;0,0;0,0;0,005156187582761051
2024-03-05 05:00:00;0,0;15,1094475;0,0;0,0;0,0;0,0;0,005156187582761051
2024-03-05 06:00:00;0,0;18,2196225;0,0;0,0;0,0;0,0;0,005156187582761051
2024-03-05 07:00:00;4,130954493273343;26,0792975;4,130954493273343;4,125798305690582;0,0;0,005156187582761051;0,005156187582761051
2024-03-05 08:00:00;32,47543900138138;42,63165;32,47543900138138;32,47028281379862;0,0;0,005156187582761051;0,005156187582761051
2024-03-05 09:00:00;71,23314890139761;51,825325;51,825325;51,825325;19,402667713814857;0,005156187582761051;0,005156187582761051
2024-03-05 10:00:00;90,05732464933838;52,572250000000004;52,572250000000004;52,572250000000004;37,479918461755624;0,005156187582761051;0,005156187582761051
2024-03-05 11:00:00;115,08150892292136;54,104625;54,104625;54,104625;60,971727735338604;0,005156187582761051;0,005156187582761051
2024-03-05 12:00:00;113,82020185500345;49,727725;49,727725;49,727725;64,0873206674207;0,005156187582761051;0,005156187582761051
2024-03-05 13:00:00;89,40558768345235;41,58515;41,58515;41,58515;47,8152814958696;0,005156187582761051;0,005156187582761051
2024-03-05 14:00:00;68,774894715655;39,074125;39,074125;39,074125;29,695613528072236;0,005156187582761051;0,005156187582761051
2024-03-05 15:00:00;44,76567425273676;43,106025;43,106025;43,106025;1,6544930651539929;0,005156187582761051;0,005156187582761051
2024-03-05 16:00:00;20,64238132654993;45,43535;20,64238132654993;20,63722513896717;0,0;0,005156187582761051;0,005156187582761051
2024-03-05 17:00:00;3,365818254401314;46,15410000000001;3,365818254401314;3,360662066818553;0,0;0,005156187582761051;0,005156187582761051
2024-03-05 18:00:00;0,0;38,03337500000001;0,0;0,0;0,0;0,0;0,005156187582761051
2024-03-05 19:00:00;0,0;26,4247;0,0;0,0;0,0;0,0;0,005156187582761051
2024-03-05 20:00:00;0,0;21,62368;0,0;0,0;0,0;0,0;0,005156187582761051
2024-03-05 21:00:00;0,0;18,9547025;0,0;0,0;0,0;0,0;0,005156187582761051
2024-03-05 22:00:00;0,0;17,2072775;0,0;0,0;0,0;0,0;0,005156187582761051
2024-03-05 23:00:00;0,0;16,0990225;0,0;0,0;0,0;0,0;0,005156187582761051
2024-03-06 00:00:00;0,0;13,837202499999998;0,0;0,0;0,0;0,0;0,005156187582761051
2024-03-06 01:00:00;0,0;11,880535;0,0;0,0;0,0;0,0;0,005156187582761051
2024-03-06 02:00:00;0,0;10,941904999999998;0,0;0,0;0,0;0,0;0,005156187582761051
2024-03-06 03:00:00;0,0;11,2585575;0,0;0,0;0,0;0,0;0,005156187582761051
2024-03-06 04:00:00;0,0;13,4582775;0,0;0,0;0,0;0,0;0,005156187582761051
2024-03-06 05:00:00;0,0;15,1094475;0,0;0,0;0,0;0,0;0,005156187582761051
2024-03-06 06:00:00;0,0;18,2196225;0,0;0,0;0,0;0,0;0,005156187582761051
2024-03-06 07:00:00;1,9677795821647783;26,0792975;1,9677795821647783;1,9626233945820173;0,0;0,005156187582761051;0,005156187582761051
2024-03-06 08:00:00;35,615834681157516;42,63165;35,615834681157516;35,61067849357475;0,0;0,005156187582761051;0,005156187582761051
2024-03-06 09:00:00;44,707232458973984;51,825325;44,707232458973984;44,70207627139122;0,0;0,005156187582761051;0,005156187582761051
2024-03-06 10:00:00;28,01906728458522;52,572250000000004;28,01906728458522;28,01391109700246;0,0;0,005156187582761051;0,005156187582761051
2024-03-06 11:00:00;29,520725476471764;54,104625;29,520725476471764;29,515569288889004;0,0;0,005156187582761051;0,005156187582761051
2024-03-06 12:00:00;46,08986173166522;49,727725;46,08986173166522;46,08470554408246;0,0;0,005156187582761051;0,005156187582761051
2024-03-06 13:00:00;44,259745863441125;41,58515;41,58515;41,58515;2,6694396758583636;0,005156187582761051;0,005156187582761051
2024-03-06 14:00:00;28,705647395866517;39,074125;28,705647395866517;28,700491208283758;0,0;0,005156187582761051;0,005156187582761051
2024-03-06 15:00:00;17,472764749892416;43,106025;17,472764749892416;17,467608562309657;0,0;0,005156187582761051;0,005156187582761051
2024-03-06 16:00:00;14,901103893468363;45,43535;14,901103893468363;14,895947705885602;0,0;0,005156187582761051;0,005156187582761051
2024-03-06 17:00:00;5,054593754064487;46,15410000000001;5,054593754064487;5,049437566481726;0,0;0,005156187582761051;0,005156187582761051
2024-03-06 18:00:00;0,0;38,03337500000001;0,0;0,0;0,0;0,0;0,005156187582761051
2024-03-06 19:00:00;0,0;26,4247;0,0;0,0;0,0;0,0;0,005156187582761051
2024-03-06 20:00:00;0,0;21,62368;0,0;0,0;0,0;0,0;0,005156187582761051
2024-03-06 21:00:00;0,0;18,9547025;0,0;0,0;0,0;0,0;0,005156187582761051
2024-03-06 22:00:00;0,0;17,2072775;0,0;0,0;0,0;0,0;0,005156187582761051
2024-03-06 23:00:00;0,0;16,0990225;0,0;0,0;0,0;0,0;0,005156187582761051
2024-03-07 00:00:00;0,0;13,837202499999998;0,0;0,0;0,0;0,0;0,005156187582761051
2024-03-07 01:00:00;0,0;11,880535;0,0;0,0;0,0;0,0;0,005156187582761051
2024-03-07 02:00:00;0,0;10,941904999999998;0,0;0,0;0,0;0,0;0,005156187582761051
2024-03-07 03:00:00;0,0;11,2585575;0,0;0,0;0,0;0,0;0,005156187582761051
2024-03-07 04:00:00;0,0;13,4582775;0,0;0,0;0,0;0,0;0,005156187582761051
2024-03-07 05:00:00;0,0;15,1094475;0,0;0,0;0,0;0,0;0,005156187582761051
2024-03-07 06:00:00;0,0;18,2196225;0,0;0,0;0,0;0,0;0,005156187582761051
2024-03-07 07:00:00;21,07640411643112;26,0792975;21,07640411643112;21,07124792884836;0,0;0,005156187582761051;0,005156187582761051
2024-03-07 08:00:00;35,51012161370563;42,63165;35,51012161370563;35,504965426122865;0,0;0,005156187582761051;0,005156187582761051
2024-03-07 09:00:00;23,122014852036163;51,825325;23,122014852036163;23,116858664453403;0,0;0,005156187582761051;0,005156187582761051
2024-03-07 10:00:00;73,75946188493994;52,572250000000004;52,572250000000004;52,572250000000004;21,18205569735718;0,005156187582761051;0,005156187582761051
2024-03-07 11:00:00;159,45288601014477;54,104625;54,104625;54,104625;105,343104822562;0,005156187582761051;0,005156187582761051
2024-03-07 12:00:00;104,2512828382773;49,727725;49,727725;49,727725;54,51840165069455;0,005156187582761051;0,005156187582761051
2024-03-07 13:00:00;24,950133342498752;41,58515;24,950133342498752;24,944977154915993;0,0;0,005156187582761051;0,005156187582761051
2024-03-07 14:00:00;22,69657338883405;39,074125;22,69657338883405;22,69141720125129;0,0;0,005156187582761051;0,005156187582761051
2024-03-07 15:00:00;11,210097744102034;43,106025;11,210097744102034;11,204941556519273;0,0;0,005156187582761051;0,005156187582761051
2024-03-07 16:00:00;11,626957880625048;45,43535;11,626957880625048;11,621801693042286;0,0;0,005156187582761051;0,005156187582761051
2024-03-07 17:00:00;4,669425344690801;46,15410000000001;4,669425344690801;4,6642691571080395;0,0;0,005156187582761051;0,005156187582761051
2024-03-07 18:00:00;0,0;38,03337500000001;0,0;0,0;0,0;0,0;0,005156187582761051
2024-03-07 19:00:00;0,0;26,4247;0,0;0,0;0,0;0,0;0,005156187582761051
2024-03-07 20:00:00;0,0;21,62368;0,0;0,0;0,0;0,0;0,005156187582761051
2024-03-07 21:00:00;0,0;18,9547025;0,0;0,0;0,0;0,0;0,005156187582761051
2024-03-07 22:00:00;0,0;17,2072775;0,0;0,0;0,0;0,0;0,005156187582761051
2024-03-07 23:00:00;0,0;16,0990225;0,0;0,0;0,0;0,0;0,005156187582761051
2024-03-08 00:00:00;0,0;16,76631;0,0;0,0;0,0;0,0;0,005156187582761051
2024-03-08 01:00:00;0,0;16,5853;0,0;0,0;0,0;0,0;0,005156187582761051
2024-03-08 02:00:00;0,0;14,673999999999998;0,0;0,0;0,0;0,0;0,005156187582761051
2024-03-08 03:00:00;0,0;14,4478525;0,0;0,0;0,0;0,0;0,005156187582761051
2024-03-08 04:00:00;0,0;14,9398225;0,0;0,0;0,0;0,0;0,005156187582761051
2024-03-08 05:00:00;0,0;15,98592;0,0;0,0;0,0;0,0;0,005156187582761051
2024-03-08 06:00:00;0,0;18,095135;0,0;0,0;0,0;0,0;0,005156187582761051
2024-03-08 07:00:00;0,9159012713891368;26,729795000000003;0,9159012713891368;0,9107450838063758;0,0;0,005156187582761051;0,005156187582761051
2024-03-08 08:00:00;10,474463514537083;38,362275000000004;10,474463514537083;10,469307326954322;0,0;0,005156187582761051;0,005156187582761051
2024-03-08 09:00:00;16,260060540837976;43,796025;16,260060540837976;16,254904353255217;0,0;0,005156187582761051;0,005156187582761051
2024-03-08 10:00:00;21,31712512517041;46,102925;21,31712512517041;21,31196893758765;0,0;0,005156187582761051;0,005156187582761051
2024-03-08 11:00:00;18,923970659062245;46,917125;18,923970659062245;18,918814471479486;0,0;0,005156187582761051;0,005156187582761051
2024-03-08 12:00:00;19,784692520365752;44,610225;19,784692520365752;19,779536332782993;0,0;0,005156187582761051;0,005156187582761051
2024-03-08 13:00:00;17,688333594227476;39,006275;17,688333594227476;17,683177406644717;0,0;0,005156187582761051;0,005156187582761051
2024-03-08 14:00:00;17,668063908795837;29,223799999999997;17,668063908795837;17,662907721213077;0,0;0,005156187582761051;0,005156187582761051
2024-03-08 15:00:00;10,666219177337668;21,6350075;10,666219177337668;10,661062989754907;0,0;0,005156187582761051;0,005156187582761051
2024-03-08 16:00:00;10,928689410591202;18,915142499999998;10,928689410591202;10,923533223008441;0,0;0,005156187582761051;0,005156187582761051
2024-03-08 17:00:00;1,619288946648786;20,634104999999998;1,619288946648786;1,614132759066025;0,0;0,005156187582761051;0,005156187582761051
2024-03-08 18:00:00;0,0;21,929005;0,0;0,0;0,0;0,0;0,005156187582761051
2024-03-08 19:00:00;0,0;21,912157500000003;0,0;0,0;0,0;0,0;0,005156187582761051
2024-03-08 20:00:00;0,0;21,17702;0,0;0,0;0,0;0,0;0,005156187582761051
2024-03-08 21:00:00;0,0;19,305279999999996;0,0;0,0;0,0;0,0;0,005156187582761051
2024-03-08 22:00:00;0,0;17,4053075;0,0;0,0;0,0;0,0;0,005156187582761051
2024-03-08 23:00:00;0,0;15,516547499999998;0,0;0,0;0,0;0,0;0,005156187582761051
2024-03-09 00:00:00;0,0;13,577015000000001;0,0;0,0;0,0;0,0;0,005156187582761051
2024-03-09 01:00:00;0,0;11,965405;0,0;0,0;0,0;0,0;0,005156187582761051
2024-03-09 02:00:00;0,0;10,4443;0,0;0,0;0,0;0,0;0,005156187582761051
2024-03-09 03:00:00;0,0;9,5961175;0,0;0,0;0,0;0,0;0,005156187582761051
2024-03-09 04:00:00;0,0;9,47163;0,0;0,0;0,0;0,0;0,005156187582761051
2024-03-09 05:00:00;0,0;9,9636;0,0;0,0;0,0;0,0;0,005156187582761051
2024-03-09 06:00:00;0,0;11,207669999999998;0,0;0,0;0,0;0,0;0,005156187582761051
2024-03-09 07:00:00;13,351434658351398;11,6035;11,6035;11,6035;1,742778470768636;0,005156187582761051;0,005156187582761051
2024-03-09 08:00:00;22,777504176652364;11,134185;11,134185;11,134185;11,638162989069604;0,005156187582761051;0,005156187582761051
2024-03-09 09:00:00;44,87427242139971;12,5365525;12,5365525;12,5365525;32,33256373381695;0,005156187582761051;0,005156187582761051
2024-03-09 10:00:00;66,98716764214743;14,928495;14,928495;14,928495;52,05351645456467;0,005156187582761051;0,005156187582761051
2024-03-09 11:00:00;59,73713022958283;16,466562500000002;16,466562500000002;16,466562500000002;43,265411542000066;0,005156187582761051;0,005156187582761051
2024-03-09 12:00:00;31,616862471747645;17,591894999999997;17,591894999999997;17,591894999999997;14,019811284164888;0,005156187582761051;0,005156187582761051
2024-03-09 13:00:00;47,2357647511402;18,112155;18,112155;18,112155;29,118453563557438;0,005156187582761051;0,005156187582761051
2024-03-09 14:00:00;53,219020801181266;16,8454875;16,8454875;16,8454875;36,3683771135985;0,005156187582761051;0,005156187582761051
2024-03-09 15:00:00;67,60605884039968;14,962420000000002;14,962420000000002;14,962420000000002;52,638482652816926;0,005156187582761051;0,005156187582761051
2024-03-09 16:00:00;42,160501836091775;14,108545000000001;14,108545000000001;14,108545000000001;28,046800648509013;0,005156187582761051;0,005156187582761051
2024-03-09 17:00:00;4,687468323803127;17,863352499999998;4,687468323803127;4,682312136220366;0,0;0,005156187582761051;0,005156187582761051
2024-03-09 18:00:00;0,0;20,792460000000002;0,0;0,0;0,0;0,0;0,005156187582761051
2024-03-09 19:00:00;0,0;21,267525;0,0;0,0;0,0;0,0;0,005156187582761051
2024-03-09 20:00:00;0,0;20,176117499999997;0,0;0,0;0,0;0,0;0,005156187582761051
2024-03-09 21:00:00;0,0;17,7049975;0,0;0,0;0,0;0,0;0,005156187582761051
2024-03-09 22:00:00;0,0;15,8615475;0,0;0,0;0,0;0,0;0,005156187582761051
2024-03-09 23:00:00;0,0;13,9615175;0,0;0,0;0,0;0,0;0,005156187582761051
2024-03-10 00:00:00;0,0;13,837202499999998;0,0;0,0;0,0;0,0;0,005156187582761051
2024-03-10 01:00:00;0,0;11,880535;0,0;0,0;0,0;0,0;0,005156187582761051
2024-03-10 02:00:00;0,0;10,941904999999998;0,0;0,0;0,0;0,0;0,005156187582761051
2024-03-10 03:00:00;0,0;11,2585575;0,0;0,0;0,0;0,0;0,005156187582761051
2024-03-10 04:00:00;0,0;13,4582775;0,0;0,0;0,0;0,0;0,005156187582761051
2024-03-10 05:00:00;0,0;15,1094475;0,0;0,0;0,0;0,0;0,005156187582761051
2024-03-10 06:00:00;0,0;18,2196225;0,0;0,0;0,0;0,0;0,005156187582761051
2024-03-10 07:00:00;3,952566466084063;26,0792975;3,952566466084063;3,9474102785013017;0,0;0,005156187582761051;0,005156187582761051
2024-03-10 08:00:00;21,132182739845202;42,63165;21,132182739845202;21,127026552262443;0,0;0,005156187582761051;0,005156187582761051
2024-03-10 09:00:00;41,672697800558005;51,825325;41,672697800558005;41,66754161297524;0,0;0,005156187582761051;0,005156187582761051
2024-03-10 10:00:00;85,97675585952305;52,572250000000004;52,572250000000004;52,572250000000004;33,39934967194029;0,005156187582761051;0,005156187582761051
2024-03-10 11:00:00;77,07141012134373;54,104625;54,104625;54,104625;22,961628933760977;0,005156187582761051;0,005156187582761051
2024-03-10 12:00:00;34,170103066593306;49,727725;34,170103066593306;34,16494687901054;0,0;0,005156187582761051;0,005156187582761051
2024-03-10 13:00:00;20,195264615787707;41,58515;20,195264615787707;20,190108428204947;0,0;0,005156187582761051;0,005156187582761051
2024-03-10 14:00:00;15,783279071469595;39,074125;15,783279071469595;15,778122883886834;0,0;0,005156187582761051;0,005156187582761051
2024-03-10 15:00:00;15,205593036667784;43,106025;15,205593036667784;15,200436849085023;0,0;0,005156187582761051;0,005156187582761051
2024-03-10 16:00:00;5,173859399513006;45,43535;5,173859399513006;5,168703211930245;0,0;0,005156187582761051;0,005156187582761051
2024-03-10 17:00:00;0,9659910670306158;46,15410000000001;0,9659910670306158;0,9608348794478547;0,0;0,005156187582761051;0,005156187582761051
2024-03-10 18:00:00;0,0;38,03337500000001;0,0;0,0;0,0;0,0;0,005156187582761051
2024-03-10 19:00:00;0,0;26,4247;0,0;0,0;0,0;0,0;0,005156187582761051
2024-03-10 20:00:00;0,0;21,62368;0,0;0,0;0,0;0,0;0,005156187582761051
2024-03-10 21:00:00;0,0;18,9547025;0,0;0,0;0,0;0,0;0,005156187582761051
2024-03-10 22:00:00;0,0;17,2072775;0,0;0,0;0,0;0,0;0,005156187582761051
2024-03-10 23:00:00;0,0;16,0990225;0,0;0,0;0,0;0,0;0,005156187582761051
2024-03-11 00:00:00;0,0;13,837202499999998;0,0;0,0;0,0;0,0;0,005156187582761051
2024-03-11 01:00:00;0,0;11,880535;0,0;0,0;0,0;0,0;0,005156187582761051
2024-03-11 02:00:00;0,0;10,941904999999998;0,0;0,0;0,0;0,0;0,005156187582761051
2024-03-11 03:00:00;0,0;11,2585575;0,0;0,0;0,0;0,0;0,005156187582761051
2024-03-11 04:00:00;0,0;13,4582775;0,0;0,0;0,0;0,0;0,005156187582761051
2024-03-11 05:00:00;0,0;15,1094475;0,0;0,0;0,0;0,0;0,005156187582761051
2024-03-11 06:00:00;0,09420965108465991;18,2196225;0,09420965108465991;0,08905346350189886;0,0;0,005156187582761051;0,005156187582761051
2024-03-11 07:00:00;13,550610209651234;26,0792975;13,550610209651234;13,545454022068473;0,0;0,005156187582761051;0,005156187582761051
2024-03-11 08:00:00;22,770994204688915;42,63165;22,770994204688915;22,765838017106155;0,0;0,005156187582761051;0,005156187582761051
2024-03-11 09:00:00;21,87431954367819;51,825325;21,87431954367819;21,86916335609543;0,0;0,005156187582761051;0,005156187582761051
2024-03-11 10:00:00;47,935068898531874;52,572250000000004;47,935068898531874;47,92991271094911;0,0;0,005156187582761051;0,005156187582761051
2024-03-11 11:00:00;90,46345812751255;54,104625;54,104625;54,104625;36,3536769399298;0,005156187582761051;0,005156187582761051
2024-03-11 12:00:00;58,49727647836264;49,727725;49,727725;49,727725;8,76439529077988;0,005156187582761051;0,005156187582761051
2024-03-11 13:00:00;45,01053797090732;41,58515;41,58515;41,58515;3,42023178332456;0,005156187582761051;0,005156187582761051
2024-03-11 14:00:00;29,590263813354042;39,074125;29,590263813354042;29,585107625771283;0,0;0,005156187582761051;0,005156187582761051
2024-03-11 15:00:00;22,152768799023818;43,106025;22,152768799023818;22,14761261144106;0,0;0,005156187582761051;0,005156187582761051
2024-03-11 16:00:00;14,13211345528616;45,43535;14,13211345528616;14,126957267703398;0,0;0,005156187582761051;0,005156187582761051
2024-03-11 17:00:00;4,844728532892856;46,15410000000001;4,844728532892856;4,839572345310095;0,0;0,005156187582761051;0,005156187582761051
2024-03-11 18:00:00;0,0;38,03337500000001;0,0;0,0;0,0;0,0;0,005156187582761051
2024-03-11 19:00:00;0,0;26,4247;0,0;0,0;0,0;0,0;0,005156187582761051
2024-03-11 20:00:00;0,0;21,62368;0,0;0,0;0,0;0,0;0,005156187582761051
2024-03-11 21:00:00;0,0;18,9547025;0,0;0,0;0,0;0,0;0,005156187582761051
2024-03-11 22:00:00;0,0;17,2072775;0,0;0,0;0,0;0,0;0,005156187582761051
2024-03-11 23:00:00;0,0;16,0990225;0,0;0,0;0,0;0,0;0,005156187582761051
2024-03-12 00:00:00;0,0;13,837202499999998;0,0;0,0;0,0;0,0;0,005156187582761051
2024-03-12 01:00:00;0,0;11,880535;0,0;0,0;0,0;0,0;0,005156187582761051
2024-03-12 02:00:00;0,0;10,941904999999998;0,0;0,0;0,0;0,0;0,005156187582761051
2024-03-12 03:00:00;0,0;11,2585575;0,0;0,0;0,0;0,0;0,005156187582761051
2024-03-12 04:00:00;0,0;13,4582775;0,0;0,0;0,0;0,0;0,005156187582761051
2024-03-12 05:00:00;0,0;15,1094475;0,0;0,0;0,0;0,0;0,005156187582761051
2024-03-12 06:00:00;1,5777434892093323;18,2196225;1,5777434892093323;1,5725873016265712;0,0;0,005156187582761051;0,005156187582761051
2024-03-12 07:00:00;32,68930637577145;26,0792975;26,0792975;26,0792975;6,604852688188689;0,005156187582761051;0,005156187582761051
2024-03-12 08:00:00;67,46698216663513;42,63165;42,63165;42,63165;24,830175979052377;0,005156187582761051;0,005156187582761051
2024-03-12 09:00:00;114,1368232186802;51,825325;51,825325;51,825325;62,30634203109745;0,005156187582761051;0,005156187582761051
2024-03-12 10:00:00;142,7836589360133;52,572250000000004;52,572250000000004;52,572250000000004;90,20625274843053;0,005156187582761051;0,005156187582761051
2024-03-12 11:00:00;134,4301812756444;54,104625;54,104625;54,104625;80,32040008806163;0,005156187582761051;0,005156187582761051
2024-03-12 12:00:00;145,65322498671918;49,727725;49,727725;49,727725;95,92034379913642;0,005156187582761051;0,005156187582761051
2024-03-12 13:00:00;137,6378220067248;41,58515;41,58515;41,58515;96,04751581914203;0,005156187582761051;0,005156187582761051
2024-03-12 14:00:00;126,20098489821405;39,074125;39,074125;39,074125;87,1217037106313;0,005156187582761051;0,005156187582761051
2024-03-12 15:00:00;95,67365500689425;43,106025;43,106025;43,106025;52,56247381931149;0,005156187582761051;0,005156187582761051
2024-03-12 16:00:00;55,374709244531864;45,43535;45,43535;45,43535;9,934203056949102;0,005156187582761051;0,005156187582761051
2024-03-12 17:00:00;14,918000229791675;46,15410000000001;14,918000229791675;14,912844042208913;0,0;0,005156187582761051;0,005156187582761051
2024-03-12 18:00:00;0,0;38,03337500000001;0,0;0,0;0,0;0,0;0,005156187582761051
2024-03-12 19:00:00;0,0;26,4247;0,0;0,0;0,0;0,0;0,005156187582761051
2024-03-12 20:00:00;0,0;21,62368;0,0;0,0;0,0;0,0;0,005156187582761051
2024-03-12 21:00:00;0,0;18,9547025;0,0;0,0;0,0;0,0;0,005156187582761051
2024-03-12 22:00:00;0,0;17,2072775;0,0;0,0;0,0;0,0;0,005156187582761051
2024-03-12 23:00:00;0,0;16,0990225;0,0;0,0;0,0;0,0;0,005156187582761051
2024-03-13 00:00:00;0,0;13,837202499999998;0,0;0,0;0,0;0,0;0,005156187582761051
2024-03-13 01:00:00;0,0;11,880535;0,0;0,0;0,0;0,0;0,005156187582761051
2024-03-13 02:00:00;0,0;10,941904999999998;0,0;0,0;0,0;0,0;0,005156187582761051
2024-03-13 03:00:00;0,0;11,2585575;0,0;0,0;0,0;0,0;0,005156187582761051
2024-03-13 04:00:00;0,0;13,4582775;0,0;0,0;0,0;0,0;0,005156187582761051
2024-03-13 05:00:00;0,0;15,1094475;0,0;0,0;0,0;0,0;0,005156187582761051
2024-03-13 06:00:00;0,2509224307138264;18,2196225;0,2509224307138264;0,24576624313106538;0,0;0,005156187582761051;0,005156187582761051
2024-03-13 07:00:00;14,065615571218627;26,0792975;14,065615571218627;14,060459383635866;0,0;0,005156187582761051;0,005156187582761051
2024-03-13 08:00:00;30,885600280171786;42,63165;30,885600280171786;30,880444092589027;0,0;0,005156187582761051;0,005156187582761051
2024-03-13 09:00:00;51,94143880335475;51,825325;51,825325;51,825325;0,11095761577198715;0,005156187582761051;0,005156187582761051
2024-03-13 10:00:00;67,33382364920098;52,572250000000004;52,572250000000004;52,572250000000004;14,75641746161822;0,005156187582761051;0,005156187582761051
2024-03-13 11:00:00;104,40737421149176;54,104625;54,104625;54,104625;50,297593023909;0,005156187582761051;0,005156187582761051
2024-03-13 12:00:00;155,11191834179152;49,727725;49,727725;49,727725;105,37903715420876;0,005156187582761051;0,005156187582761051
2024-03-13 13:00:00;122,12041610839869;41,58515;41,58515;41,58515;80,53010992081593;0,005156187582761051;0,005156187582761051
2024-03-13 14:00:00;64,61295127629656;39,074125;39,074125;39,074125;25,533670088713798;0,005156187582761051;0,005156187582761051
2024-03-13 15:00:00;62,03855327256968;43,106025;43,106025;43,106025;18,927372084986914;0,005156187582761051;0,005156187582761051
2024-03-13 16:00:00;44,200490323182926;45,43535;44,200490323182926;44,19533413560016;0,0;0,005156187582761051;0,005156187582761051
2024-03-13 17:00:00;10,235932223640043;46,15410000000001;10,235932223640043;10,230776036057282;0,0;0,005156187582761051;0,005156187582761051
2024-03-13 18:00:00;0,0;38,03337500000001;0,0;0,0;0,0;0,0;0,005156187582761051
2024-03-13 19:00:00;0,0;26,4247;0,0;0,0;0,0;0,0;0,005156187582761051
2024-03-13 20:00:00;0,0;21,62368;0,0;0,0;0,0;0,0;0,005156187582761051
2024-03-13 21:00:00;0,0;18,9547025;0,0;0,0;0,0;0,0;0,005156187582761051
2024-03-13 22:00:00;0,0;17,2072775;0,0;0,0;0,0;0,0;0,005156187582761051
2024-03-13 23:00:00;0,0;16,0990225;0,0;0,0;0,0;0,0;0,005156187582761051
2024-03-14 00:00:00;0,0;13,837202499999998;0,0;0,0;0,0;0,0;0,005156187582761051
2024-03-14 01:00:00;0,0;11,880535;0,0;0,0;0,0;0,0;0,005156187582761051
2024-03-14 02:00:00;0,0;10,941904999999998;0,0;0,0;0,0;0,0;0,005156187582761051
2024-03-14 03:00:00;0,0;11,2585575;0,0;0,0;0,0;0,0;0,005156187582761051
2024-03-14 04:00:00;0,0;13,4582775;0,0;0,0;0,0;0,0;0,005156187582761051
2024-03-14 05:00:00;0,0;15,1094475;0,0;0,0;0,0;0,0;0,005156187582761051
2024-03-14 06:00:00;0,9770284285868239;18,2196225;0,9770284285868239;0,9718722410040629;0,0;0,005156187582761051;0,005156187582761051
2024-03-14 07:00:00;29,03003633972693;26,0792975;26,0792975;26,0792975;2,9455826521441715;0,005156187582761051;0,005156187582761051
2024-03-14 08:00:00;66,38839817541853;42,63165;42,63165;42,63165;23,751591987835774;0,005156187582761051;0,005156187582761051
2024-03-14 09:00:00;114,82332935300738;51,825325;51,825325;51,825325;62,992848165424626;0,005156187582761051;0,005156187582761051
2024-03-14 10:00:00;143,82007606337578;52,572250000000004;52,572250000000004;52,572250000000004;91,24266987579301;0,005156187582761051;0,005156187582761051
2024-03-14 11:00:00;160,50557806741585;54,104625;54,104625;54,104625;106,39579687983309;0,005156187582761051;0,005156187582761051
2024-03-14 12:00:00;164,36421599484095;49,727725;49,727725;49,727725;114,63133480725818;0,005156187582761051;0,005156187582761051
2024-03-14 13:00:00;153,24178094138304;41,58515;41,58515;41,58515;111,65147475380027;0,005156187582761051;0,005156187582761051
2024-03-14 14:00:00;131,26840625612468;39,074125;39,074125;39,074125;92,1891250685419;0,005156187582761051;0,005156187582761051
2024-03-14 15:00:00;97,69692470235199;43,106025;43,106025;43,106025;54,585743514769234;0,005156187582761051;0,005156187582761051
2024-03-14 16:00:00;56,11373901629138;45,43535;45,43535;45,43535;10,67323282870862;0,005156187582761051;0,005156187582761051
2024-03-14 17:00:00;16,76868908895936;46,15410000000001;16,76868908895936;16,7635329013766;0,0;0,005156187582761051;0,005156187582761051
2024-03-14 18:00:00;0,0;38,03337500000001;0,0;0,0;0,0;0,0;0,005156187582761051
2024-03-14 19:00:00;0,0;26,4247;0,0;0,0;0,0;0,0;0,005156187582761051
2024-03-14 20:00:00;0,0;21,62368;0,0;0,0;0,0;0,0;0,005156187582761051
2024-03-14 21:00:00;0,0;18,9547025;0,0;0,0;0,0;0,0;0,005156187582761051
2024-03-14 22:00:00;0,0;17,2072775;0,0;0,0;0,0;0,0;0,005156187582761051
2024-03-14 23:00:00;0,0;16,0990225;0,0;0,0;0,0;0,0;0,005156187582761051
2024-03-15 00:00:00;0,0;16,76631;0,0;0,0;0,0;0,0;0,005156187582761051
2024-03-15 01:00:00;0,0;16,5853;0,0;0,0;0,0;0,0;0,005156187582761051
2024-03-15 02:00:00;0,0;14,673999999999998;0,0;0,0;0,0;0,0;0,005156187582761051
2024-03-15 03:00:00;0,0;14,4478525;0,0;0,0;0,0;0,0;0,005156187582761051
2024-03-15 04:00:00;0,0;14,9398225;0,0;0,0;0,0;0,0;0,005156187582761051
2024-03-15 05:00:00;0,0;15,98592;0,0;0,0;0,0;0,0;0,005156187582761051
2024-03-15 06:00:00;1,6553897002642664;18,095135;1,6553897002642664;1,6502335126815053;0,0;0,005156187582761051;0,005156187582761051
2024-03-15 07:00:00;31,682332076152775;26,729795000000003;26,729795000000003;26,729795000000003;4,947380888570013;0,005156187582761051;0,005156187582761051
2024-03-15 08:00:00;65,79806208146047;38,362275000000004;38,362275000000004;38,362275000000004;27,430630893877712;0,005156187582761051;0,005156187582761051
2024-03-15 09:00:00;92,92467139142038;43,796025;43,796025;43,796025;49,12349020383762;0,005156187582761051;0,005156187582761051
2024-03-15 10:00:00;130,96362120510875;46,102925;46,102925;46,102925;84,85554001752598;0,005156187582761051;0,005156187582761051
2024-03-15 11:00:00;158,8566317598563;46,917125;46,917125;46,917125;111,93435057227353;0,005156187582761051;0,005156187582761051
2024-03-15 12:00:00;162,58285093938858;44,610225;44,610225;44,610225;117,96746975180581;0,005156187582761051;0,005156187582761051
2024-03-15 13:00:00;150,20724628296705;39,006275;39,006275;39,006275;111,19581509538428;0,005156187582761051;0,005156187582761051
2024-03-15 14:00:00;129,1319518208479;29,223799999999997;29,223799999999997;29,223799999999997;99,90299563326512;0,005156187582761051;0,005156187582761051
2024-03-15 15:00:00;97,8900045526315;21,6350075;21,6350075;21,6350075;76,24984086504874;0,005156187582761051;0,005156187582761051
2024-03-15 16:00:00;57,12722328787352;18,915142499999998;18,915142499999998;18,915142499999998;38,20692460029076;0,005156187582761051;0,005156187582761051
2024-03-15 17:00:00;16,708878721545187;20,634104999999998;16,708878721545187;16,703722533962427;0,0;0,005156187582761051;0,005156187582761051
2024-03-15 18:00:00;0,0;21,929005;0,0;0,0;0,0;0,0;0,005156187582761051
2024-03-15 19:00:00;0,0;21,912157500000003;0,0;0,0;0,0;0,0;0,005156187582761051
2024-03-15 20:00:00;0,0;21,17702;0,0;0,0;0,0;0,0;0,005156187582761051
2024-03-15 21:00:00;0,0;19,305279999999996;0,0;0,0;0,0;0,0;0,005156187582761051
2024-03-15 22:00:00;0,0;17,4053075;0,0;0,0;0,0;0,0;0,005156187582761051
2024-03-15 23:00:00;0,0;15,516547499999998;0,0;0,0;0,0;0,0;0,005156187582761051
2024-03-16 00:00:00;0,0;13,577015000000001;0,0;0,0;0,0;0,0;0,005156187582761051
2024-03-16 01:00:00;0,0;11,965405;0,0;0,0;0,0;0,0;0,005156187582761051
2024-03-16 02:00:00;0,0;10,4443;0,0;0,0;0,0;0,0;0,005156187582761051
2024-03-16 03:00:00;0,0;9,5961175;0,0;0,0;0,0;0,0;0,005156187582761051
2024-03-16 04:00:00;0,0;9,47163;0,0;0,0;0,0;0,0;0,005156187582761051
2024-03-16 05:00:00;0,0;9,9636;0,0;0,0;0,0;0,0;0,005156187582761051
2024-03-16 06:00:00;0,04917987910567877;11,207669999999998;0,04917987910567877;0,04402369152291771;0,0;0,005156187582761051;0,005156187582761051
2024-03-16 07:00:00;15,706372629955961;11,6035;11,6035;11,6035;4,0977164423731995;0,005156187582761051;0,005156187582761051
2024-03-16 08:00:00;40,3712952235016;11,134185;11,134185;11,134185;29,231954035918832;0,005156187582761051;0,005156187582761051
2024-03-16 09:00:00;72,77897133489982;12,5365525;12,5365525;12,5365525;60,23726264731707;0,005156187582761051;0,005156187582761051
2024-03-16 10:00:00;60,37555134372545;14,928495;14,928495;14,928495;45,44190015614269;0,005156187582761051;0,005156187582761051
2024-03-16 11:00:00;35,812983263914184;16,466562500000002;16,466562500000002;16,466562500000002;19,34126457633142;0,005156187582761051;0,005156187582761051
2024-03-16 12:00:00;28,203639785139774;17,591894999999997;17,591894999999997;17,591894999999997;10,606588597557018;0,005156187582761051;0,005156187582761051
2024-03-16 13:00:00;22,729197225605418;18,112155;18,112155;18,112155;4,611886038022657;0,005156187582761051;0,005156187582761051
2024-03-16 14:00:00;30,219141900413874;16,8454875;16,8454875;16,8454875;13,368498212831113;0,005156187582761051;0,005156187582761051
2024-03-16 15:00:00;53,80269896926762;14,962420000000002;14,962420000000002;14,962420000000002;38,83512278168485;0,005156187582761051;0,005156187582761051
2024-03-16 16:00:00;50,35611267634709;14,108545000000001;14,108545000000001;14,108545000000001;36,242411488764326;0,005156187582761051;0,005156187582761051
2024-03-16 17:00:00;16,285360659150466;17,863352499999998;16,285360659150466;16,280204471567707;0,0;0,005156187582761051;0,005156187582761051
2024-03-16 18:00:00;0,0;20,792460000000002;0,0;0,0;0,0;0,0;0,005156187582761051
2024-03-16 19:00:00;0,0;21,267525;0,0;0,0;0,0;0,0;0,005156187582761051
2024-03-16 20:00:00;0,0;20,176117499999997;0,0;0,0;0,0;0,0;0,005156187582761051
2024-03-16 21:00:00;0,0;17,7049975;0,0;0,0;0,0;0,0;0,005156187582761051
2024-03-16 22:00:00;0,0;15,8615475;0,0;0,0;0,0;0,0;0,005156187582761051
2024-03-16 23:00:00;0,0;13,9615175;0,0;0,0;0,0;0,0;0,005156187582761051
2024-03-17 00:00:00;0,0;13,837202499999998;0,0;0,0;0,0;0,0;0,005156187582761051
2024-03-17 01:00:00;0,0;11,880535;0,0;0,0;0,0;0,0;0,005156187582761051
2024-03-17 02:00:00;0,0;10,941904999999998;0,0;0,0;0,0;0,0;0,005156187582761051
2024-03-17 03:00:00;0,0;11,2585575;0,0;0,0;0,0;0,0;0,005156187582761051
2024-03-17 04:00:00;0,0;13,4582775;0,0;0,0;0,0;0,0;0,005156187582761051
2024-03-17 05:00:00;0,0;15,1094475;0,0;0,0;0,0;0,0;0,005156187582761051
2024-03-17 06:00:00;1,4971308022937815;18,2196225;1,4971308022937815;1,4919746147110204;0,0;0,005156187582761051;0,005156187582761051
2024-03-17 07:00:00;28,103253058385253;26,0792975;26,0792975;26,0792975;2,018799370802494;0,005156187582761051;0,005156187582761051
2024-03-17 08:00:00;71,49576708855942;42,63165;42,63165;42,63165;28,858960900976662;0,005156187582761051;0,005156187582761051
2024-03-17 09:00:00;119,67547777439947;51,825325;51,825325;51,825325;67,8449965868167;0,005156187582761051;0,005156187582761051
2024-03-17 10:00:00;146,6615308715122;52,572250000000004;52,572250000000004;52,572250000000004;94,08412468392945;0,005156187582761051;0,005156187582761051
2024-03-17 11:00:00;163,22423113169637;54,104625;54,104625;54,104625;109,1144499441136;0,005156187582761051;0,005156187582761051
2024-03-17 12:00:00;162,92092561976304;49,727725;49,727725;49,727725;113,18804443218028;0,005156187582761051;0,005156187582761051
2024-03-17 13:00:00;144,07455678558324;41,58515;41,58515;41,58515;102,48425059800047;0,005156187582761051;0,005156187582761051
2024-03-17 14:00:00;83,43638725469603;39,074125;39,074125;39,074125;44,35710606711327;0,005156187582761051;0,005156187582761051
2024-03-17 15:00:00;33,90541352471588;43,106025;33,90541352471588;33,90025733713312;0,0;0,005156187582761051;0,005156187582761051
2024-03-17 16:00:00;55,805994887110245;45,43535;45,43535;45,43535;10,365488699527482;0,005156187582761051;0,005156187582761051
2024-03-17 17:00:00;17,956795960765543;46,15410000000001;17,956795960765543;17,951639773182784;0,0;0,005156187582761051;0,005156187582761051
2024-03-17 18:00:00;0,0;38,03337500000001;0,0;0,0;0,0;0,0;0,005156187582761051
2024-03-17 19:00:00;0,0;26,4247;0,0;0,0;0,0;0,0;0,005156187582761051
2024-03-17 20:00:00;0,0;21,62368;0,0;0,0;0,0;0,0;0,005156187582761051
2024-03-17 21:00:00;0,0;18,9547025;0,0;0,0;0,0;0,0;0,005156187582761051
2024-03-17 22:00:00;0,0;17,2072775;0,0;0,0;0,0;0,0;0,005156187582761051
2024-03-17 23:00:00;0,0;16,0990225;0,0;0,0;0,0;0,0;0,005156187582761051
2024-03-18 00:00:00;0,0;13,837202499999998;0,0;0,0;0,0;0,0;0,005156187582761051
2024-03-18 01:00:00;0,0;11,880535;0,0;0,0;0,0;0,0;0,005156187582761051
2024-03-18 02:00:00;0,0;10,941904999999998;0,0;0,0;0,0;0,0;0,005156187582761051
2024-03-18 03:00:00;0,0;11,2585575;0,0;0,0;0,0;0,0;0,005156187582761051
2024-03-18 04:00:00;0,0;13,4582775;0,0;0,0;0,0;0,0;0,005156187582761051
2024-03-18 05:00:00;0,0;15,1094475;0,0;0,0;0,0;0,0;0,005156187582761051
2024-03-18 06:00:00;0,12513201791103434;18,2196225;0,12513201791103434;0,11997583032827329;0,0;0,005156187582761051;0,005156187582761051
2024-03-18 07:00:00;7,902003707008423;26,0792975;7,902003707008423;7,896847519425662;0,0;0,005156187582761051;0,005156187582761051
2024-03-18 08:00:00;15,82174708761724;42,63165;15,82174708761724;15,816590900034479;0,0;0,005156187582761051;0,005156187582761051
2024-03-18 09:00:00;23,074743578347036;51,825325;23,074743578347036;23,069587390764276;0,0;0,005156187582761051;0,005156187582761051
2024-03-18 10:00:00;20,614048153118105;52,572250000000004;20,614048153118105;20,608891965535346;0,0;0,005156187582761051;0,005156187582761051
2024-03-18 11:00:00;18,49838124195188;54,104625;18,49838124195188;18,49322505436912;0,0;0,005156187582761051;0,005156187582761051
2024-03-18 12:00:00;18,152612958347873;49,727725;18,152612958347873;18,147456770765114;0,0;0,005156187582761051;0,005156187582761051
2024-03-18 13:00:00;13,83679745439887;41,58515;13,83679745439887;13,831641266816108;0,0;0,005156187582761051;0,005156187582761051
2024-03-18 14:00:00;15,116006945216252;39,074125;15,116006945216252;15,110850757633491;0,0;0,005156187582761051;0,005156187582761051
2024-03-18 15:00:00;15,425230613479998;43,106025;15,425230613479998;15,420074425897237;0,0;0,005156187582761051;0,005156187582761051
2024-03-18 16:00:00;10,730638308994143;45,43535;10,730638308994143;10,725482121411382;0,0;0,005156187582761051;0,005156187582761051
2024-03-18 17:00:00;4,86831978356494;46,15410000000001;4,86831978356494;4,863163595982178;0,0;0,005156187582761051;0,005156187582761051
2024-03-18 18:00:00;0,0;38,03337500000001;0,0;0,0;0,0;0,0;0,005156187582761051
2024-03-18 19:00:00;0,0;26,4247;0,0;0,0;0,0;0,0;0,005156187582761051
2024-03-18 20:00:00;0,0;21,62368;0,0;0,0;0,0;0,0;0,005156187582761051
2024-03-18 21:00:00;0,0;18,9547025;0,0;0,0;0,0;0,0;0,005156187582761051
2024-03-18 22:00:00;0,0;17,2072775;0,0;0,0;0,0;0,0;0,005156187582761051
2024-03-18 23:00:00;0,0;16,0990225;0,0;0,0;0,0;0,0;0,005156187582761051
2024-03-19 00:00:00;0,0;13,837202499999998;0,0;0,0;0,0;0,0;0,005156187582761051
2024-03-19 01:00:00;0,0;11,880535;0,0;0,0;0,0;0,0;0,005156187582761051
2024-03-19 02:00:00;0,0;10,941904999999998;0,0;0,0;0,0;0,0;0,005156187582761051
2024-03-19 03:00:00;0,0;11,2585575;0,0;0,0;0,0;0,0;0,005156187582761051
2024-03-19 04:00:00;0,0;13,4582775;0,0;0,0;0,0;0,0;0,005156187582761051
2024-03-19 05:00:00;0,0;15,1094475;0,0;0,0;0,0;0,0;0,005156187582761051
2024-03-19 06:00:00;0,2960853612102417;18,2196225;0,2960853612102417;0,29092917362748066;0,0;0,005156187582761051;0,005156187582761051
2024-03-19 07:00:00;10,323040087128216;26,0792975;10,323040087128216;10,317883899545455;0,0;0,005156187582761051;0,005156187582761051
2024-03-19 08:00:00;21,05435898410036;42,63165;21,05435898410036;21,0492027965176;0,0;0,005156187582761051;0,005156187582761051
2024-03-19 09:00:00;31,373478292659676;51,825325;31,373478292659676;31,368322105076917;0,0;0,005156187582761051;0,005156187582761051
2024-03-19 10:00:00;34,412007706598686;52,572250000000004;34,412007706598686;34,40685151901592;0,0;0,005156187582761051;0,005156187582761051
2024-03-19 11:00:00;28,857817990512096;54,104625;28,857817990512096;28,852661802929337;0,0;0,005156187582761051;0,005156187582761051
2024-03-19 12:00:00;27,659761218375415;49,727725;27,659761218375415;27,654605030792656;0,0;0,005156187582761051;0,005156187582761051
2024-03-19 13:00:00;26,707751795675385;41,58515;26,707751795675385;26,702595608092626;0,0;0,005156187582761051;0,005156187582761051
2024-03-19 14:00:00;23,66034514724077;39,074125;23,66034514724077;23,65518895965801;0,0;0,005156187582761051;0,005156187582761051
2024-03-19 15:00:00;17,261042707172123;43,106025;17,261042707172123;17,255886519589364;0,0;0,005156187582761051;0,005156187582761051
2024-03-19 16:00:00;11,757157319893995;45,43535;11,757157319893995;11,752001132311234;0,0;0,005156187582761051;0,005156187582761051
2024-03-19 17:00:00;2,6629114293435103;46,15410000000001;2,6629114293435103;2,657755241760749;0,0;0,005156187582761051;0,005156187582761051
2024-03-19 18:00:00;0,0;38,03337500000001;0,0;0,0;0,0;0,0;0,005156187582761051
2024-03-19 19:00:00;0,0;26,4247;0,0;0,0;0,0;0,0;0,005156187582761051
2024-03-19 20:00:00;0,0;21,62368;0,0;0,0;0,0;0,0;0,005156187582761051
2024-03-19 21:00:00;0,0;18,9547025;0,0;0,0;0,0;0,0;0,005156187582761051
2024-03-19 22:00:00;0,0;17,2072775;0,0;0,0;0,0;0,0;0,005156187582761051
2024-03-19 23:00:00;0,0;16,0990225;0,0;0,0;0,0;0,0;0,005156187582761051
2024-03-20 00:00:00;0,0;15,5335675;0,0;0,0;0,0;0,0;0,005156187582761051
2024-03-20 01:00:00;0,0;13,57138;0,0;0,0;0,0;0,0;0,005156187582761051
2024-03-20 02:00:00;0,0;12,50832;0,0;0,0;0,0;0,0;0,005156187582761051
2024-03-20 03:00:00;0,0;12,576170000000001;0,0;0,0;0,0;0,0;0,005156187582761051
2024-03-20 04:00:00;0,0;14,945457499999998;0,0;0,0;0,0;0,0;0,005156187582761051
2024-03-20 05:00:00;0,0;16,975495;0,0;0,0;0,0;0,0;0,005156187582761051
2024-03-20 06:00:00;5,701248503201776;18,3722275;5,701248503201776;5,696092315619015;0,0;0,005156187582761051;0,005156187582761051
2024-03-20 07:00:00;45,98030186259858;24,388855;24,388855;24,388855;21,586290675015817;0,005156187582761051;0,005156187582761051
2024-03-20 08:00:00;83,19448261469066;39,430625000000006;39,430625000000006;39,430625000000006;43,758701427107894;0,005156187582761051;0,005156187582761051
2024-03-20 09:00:00;127,05467894887519;47,800325;47,800325;47,800325;79,24919776129244;0,005156187582761051;0,005156187582761051
2024-03-20 10:00:00;152,76019096999624;48,44375;48,44375;48,44375;104,31128478241348;0,005156187582761051;0,005156187582761051
2024-03-20 11:00:00;170,5923357630526;49,9261;49,9261;49,9261;120,66107957546984;0,005156187582761051;0,005156187582761051
2024-03-20 12:00:00;176,0022704185855;46,447925;46,447925;46,447925;129,54918923100274;0,005156187582761051;0,005156187582761051
2024-03-20 13:00:00;165,29706538642128;39,559999999999995;39,559999999999995;39,559999999999995;125,73190919883851;0,005156187582761051;0,005156187582761051
2024-03-20 14:00:00;144,32681819916684;37,3658;37,3658;37,3658;106,95586201158406;0,005156187582761051;0,005156187582761051
2024-03-20 15:00:00;110,85372599438715;40,447799999999994;40,447799999999994;40,447799999999994;70,40076980680439;0,005156187582761051;0,005156187582761051
2024-03-20 16:00:00;67,93007789948945;41,36435;41,36435;41,36435;26,56057171190669;0,005156187582761051;0,005156187582761051
2024-03-20 17:00:00;24,11841044721424;40,595575;24,11841044721424;24,113254259631482;0,0;0,005156187582761051;0,005156187582761051
2024-03-20 18:00:00;0,45651178393673836;32,605374999999995;0,45651178393673836;0,4513555963539773;0,0;0,005156187582761051;0,005156187582761051
2024-03-20 19:00:00;0,0;22,969582499999998;0,0;0,0;0,0;0,0;0,005156187582761051
2024-03-20 20:00:00;0,0;20,6058725;0,0;0,0;0,0;0,0;0,005156187582761051
2024-03-20 21:00:00;0,0;19,486232499999996;0,0;0,0;0,0;0,0;0,005156187582761051
2024-03-20 22:00:00;0,0;18,4740025;0,0;0,0;0,0;0,0;0,005156187582761051
2024-03-20 23:00:00;0,0;17,7389225;0,0;0,0;0,0;0,0;0,005156187582761051
2024-03-21 00:00:00;0,0;15,5335675;0,0;0,0;0,0;0,0;0,005156187582761051
2024-03-21 01:00:00;0,0;13,57138;0,0;0,0;0,0;0,0;0,005156187582761051
2024-03-21 02:00:00;0,0;12,50832;0,0;0,0;0,0;0,0;0,005156187582761051
2024-03-21 03:00:00;0,0;12,576170000000001;0,0;0,0;0,0;0,0;0,005156187582761051
2024-03-21 04:00:00;0,0;14,945457499999998;0,0;0,0;0,0;0,0;0,005156187582761051
2024-03-21 05:00:00;0,0;16,975495;0,0;0,0;0,0;0,0;0,005156187582761051
2024-03-21 06:00:00;6,629555709798528;18,3722275;6,629555709798528;6,624399522215767;0,0;0,005156187582761051;0,005156187582761051
2024-03-21 07:00:00;46,78953576382755;24,388855;24,388855;24,388855;22,39552457624479;0,005156187582761051;0,005156187582761051
2024-03-21 08:00:00;84,20944642535537;39,430625000000006;39,430625000000006;39,430625000000006;44,773665237772605;0,005156187582761051;0,005156187582761051
2024-03-21 09:00:00;131,23363708768355;47,800325;47,800325;47,800325;83,42815590010078;0,005156187582761051;0,005156187582761051
2024-03-21 10:00:00;159,3027127932607;48,44375;48,44375;48,44375;110,85380660567793;0,005156187582761051;0,005156187582761051
2024-03-21 11:00:00;175,08865503507897;49,9261;49,9261;49,9261;125,15739884749621;0,005156187582761051;0,005156187582761051
2024-03-21 12:00:00;174,11067970147928;46,447925;46,447925;46,447925;127,65759851389652;0,005156187582761051;0,005156187582761051
2024-03-21 13:00:00;162,49777744213898;39,559999999999995;39,559999999999995;39,559999999999995;122,93262125455621;0,005156187582761051;0,005156187582761051
2024-03-21 14:00:00;142,07939833269492;37,3658;37,3658;37,3658;104,70844214511214;0,005156187582761051;0,005156187582761051
2024-03-21 15:00:00;109,97635931840439;40,447799999999994;40,447799999999994;40,447799999999994;69,52340313082163;0,005156187582761051;0,005156187582761051
2024-03-21 16:00:00;67,89456896150702;41,36435;41,36435;41,36435;26,52506277392426;0,005156187582761051;0,005156187582761051
2024-03-21 17:00:00;25,13211664965876;40,595575;25,13211664965876;25,126960462076;0,0;0,005156187582761051;0,005156187582761051
2024-03-21 18:00:00;0,6556355513686811;32,605374999999995;0,6556355513686811;0,6504793637859201;0,0;0,005156187582761051;0,005156187582761051
2024-03-21 19:00:00;0,0;22,969582499999998;0,0;0,0;0,0;0,0;0,005156187582761051
2024-03-21 20:00:00;0,0;20,6058725;0,0;0,0;0,0;0,0;0,005156187582761051
2024-03-21 21:00:00;0,0;19,486232499999996;0,0;0,0;0,0;0,0;0,005156187582761051
2024-03-21 22:00:00;0,0;18,4740025;0,0;0,0;0,0;0,0;0,005156187582761051
2024-03-21 23:00:00;0,0;17,7389225;0,0;0,0;0,0;0,0;0,005156187582761051
2024-03-22 00:00:00;0,0;17,4561375;0,0;0,0;0,0;0,0;0,005156187582761051
2024-03-22 01:00:00;0,0;17,3939225;0,0;0,0;0,0;0,0;0,005156187582761051
2024-03-22 02:00:00;0,0;15,765407500000002;0,0;0,0;0,0;0,0;0,005156187582761051
2024-03-22 03:00:00;0,0;15,375212499999998;0,0;0,0;0,0;0,0;0,005156187582761051
2024-03-22 04:00:00;0,0;15,906800000000002;0,0;0,0;0,0;0,0;0,005156187582761051
2024-03-22 05:00:00;0,0;16,410040000000002;0,0;0,0;0,0;0,0;0,005156187582761051
2024-03-22 06:00:00;7,948202314862661;16,9189725;7,948202314862661;7,943046127279899;0,0;0,005156187582761051;0,005156187582761051
2024-03-22 07:00:00;49,34640122942559;25,717564999999997;25,717564999999997;25,717564999999997;23,623680041842828;0,005156187582761051;0,005156187582761051
2024-03-22 08:00:00;86,49459453843363;38,12997499999999;38,12997499999999;38,12997499999999;48,35946335085089;0,005156187582761051;0,005156187582761051
2024-03-22 09:00:00;134,1564665453631;42,359675;42,359675;42,359675;91,79163535778031;0,005156187582761051;0,005156187582761051
2024-03-22 10:00:00;161,5390361166131;43,2078;43,2078;43,2078;118,32607992903033;0,005156187582761051;0,005156187582761051
2024-03-22 11:00:00;176,40766412721837;44,118025;44,118025;44,118025;132,2844829396356;0,005156187582761051;0,005156187582761051
2024-03-22 12:00:00;178,0950784509255;43,445275;43,445275;43,445275;134,64464726334273;0,005156187582761051;0,005156187582761051
2024-03-22 13:00:00;165,28079045651265;38,170224999999995;38,170224999999995;38,170224999999995;127,10540926892989;0,005156187582761051;0,005156187582761051
2024-03-22 14:00:00;144,07825563328976;28,477450000000005;28,477450000000005;28,477450000000005;115,59564944570698;0,005156187582761051;0,005156187582761051
2024-03-22 15:00:00;110,49937638410405;21,459805;21,459805;21,459805;89,0344151965213;0,005156187582761051;0,005156187582761051
2024-03-22 16:00:00;69,73067696301567;17,863352499999998;17,863352499999998;17,863352499999998;51,862168275432914;0,005156187582761051;0,005156187582761051
2024-03-22 17:00:00;25,426618904050617;18,061267500000003;18,061267500000003;18,061267500000003;7,360195216467854;0,005156187582761051;0,005156187582761051
2024-03-22 18:00:00;0,8589464144043865;19,03388;0,8589464144043865;0,8537902268216254;0,0;0,005156187582761051;0,005156187582761051
2024-03-22 19:00:00;0,0;19,599335;0,0;0,0;0,0;0,0;0,005156187582761051
2024-03-22 20:00:00;0,0;20,6171425;0,0;0,0;0,0;0,0;0,005156187582761051
2024-03-22 21:00:00;0,0;19,8876975;0,0;0,0;0,0;0,0;0,005156187582761051
2024-03-22 22:00:00;0,0;18,1686775;0,0;0,0;0,0;0,0;0,005156187582761051
2024-03-22 23:00:00;0,0;16,4835825;0,0;0,0;0,0;0,0;0,005156187582761051
2024-03-23 00:00:00;0,0;14,8153925;0,0;0,0;0,0;0,0;0,005156187582761051
2024-03-23 01:00:00;0,0;12,836242499999999;0,0;0,0;0,0;0,0;0,005156187582761051
2024-03-23 02:00:00;0,0;11,0493725;0,0;0,0;0,0;0,0;0,005156187582761051
2024-03-23 03:00:00;0,0;10,110685;0,0;0,0;0,0;0,0;0,005156187582761051
2024-03-23 04:00:00;0,0;9,87321;0,0;0,0;0,0;0,0;0,005156187582761051
2024-03-23 05:00:00;0,0;10,235115;0,0;0,0;0,0;0,0;0,005156187582761051
2024-03-23 06:00:00;8,336041292280443;10,285945;8,336041292280443;8,330885104697682;0,0;0,005156187582761051;0,005156187582761051
2024-03-23 07:00:00;50,78813808846676;11,286905;11,286905;11,286905;39,49607690088399;0,005156187582761051;0,005156187582761051
2024-03-23 08:00:00;86,82379198431248;12,0445825;12,0445825;12,0445825;74,77405329672972;0,005156187582761051;0,005156187582761051
2024-03-23 09:00:00;133,9071642099447;13,797527500000001;13,797527500000001;13,797527500000001;120,10448052236194;0,005156187582761051;0,005156187582761051
2024-03-23 10:00:00;160,91171154559;15,624072499999999;15,624072499999999;15,624072499999999;145,28248285800723;0,005156187582761051;0,005156187582761051
2024-03-23 11:00:00;175,35645160902988;17,37696;17,37696;17,37696;157,9743354214471;0,005156187582761051;0,005156187582761051
2024-03-23 12:00:00;176,32628947767526;18,722862499999998;18,722862499999998;18,722862499999998;157,5982707900925;0,005156187582761051;0,005156187582761051
2024-03-23 13:00:00;164,00690730639266;18,3892475;18,3892475;18,3892475;145,61250361880988;0,005156187582761051;0,005156187582761051
2024-03-23 14:00:00;142,16373206040322;16,7889075;16,7889075;16,7889075;125,36966837282046;0,005156187582761051;0,005156187582761051
2024-03-23 15:00:00;110,42170058226745;15,120775;15,120775;15,120775;95,2957693946847;0,005156187582761051;0,005156187582761051
2024-03-23 16:00:00;69,28163685144607;14,029425;14,029425;14,029425;55,24705566386331;0,005156187582761051;0,005156187582761051
2024-03-23 17:00:00;26,12148443419448;16,387385000000002;16,387385000000002;16,387385000000002;9,728943246611717;0,005156187582761051;0,005156187582761051
2024-03-23 18:00:00;0,8363686480038853;18,15735;0,8363686480038853;0,8312124604211243;0,0;0,005156187582761051;0,005156187582761051
2024-03-23 19:00:00;0,0;19,028129999999997;0,0;0,0;0,0;0,0;0,005156187582761051
2024-03-23 20:00:00;0,0;19,972452500000003;0,0;0,0;0,0;0,0;0,005156187582761051
2024-03-23 21:00:00;0,0;18,7850775;0,0;0,0;0,0;0,0;0,005156187582761051
2024-03-23 22:00:00;0,0;16,4778325;0,0;0,0;0,0;0,0;0,005156187582761051
2024-03-23 23:00:00;0,0;14,696655;0,0;0,0;0,0;0,0;0,005156187582761051
2024-03-24 00:00:00;0,0;15,5335675;0,0;0,0;0,0;0,0;0,005156187582761051
2024-03-24 01:00:00;0,0;13,57138;0,0;0,0;0,0;0,0;0,005156187582761051
2024-03-24 02:00:00;0,0;12,50832;0,0;0,0;0,0;0,0;0,005156187582761051
2024-03-24 03:00:00;0,0;12,576170000000001;0,0;0,0;0,0;0,0;0,005156187582761051
2024-03-24 04:00:00;0,0;14,945457499999998;0,0;0,0;0,0;0,0;0,005156187582761051
2024-03-24 05:00:00;0,0;16,975495;0,0;0,0;0,0;0,0;0,005156187582761051
2024-03-24 06:00:00;7,407948618850667;18,3722275;7,407948618850667;7,402792431267906;0,0;0,005156187582761051;0,005156187582761051
2024-03-24 07:00:00;43,58603774217846;24,388855;24,388855;24,388855;19,1920265545957;0,005156187582761051;0,005156187582761051
2024-03-24 08:00:00;66,37730163229902;39,430625000000006;39,430625000000006;39,430625000000006;26,94152044471626;0,005156187582761051;0,005156187582761051
2024-03-24 09:00:00;93,51870633308494;47,800325;47,800325;47,800325;45,71322514550218;0,005156187582761051;0,005156187582761051
2024-03-24 10:00:00;135,948928143935;48,44375;48,44375;48,44375;87,50002195635224;0,005156187582761051;0,005156187582761051
2024-03-24 11:00:00;147,87771199741078;49,9261;49,9261;49,9261;97,94645580982802;0,005156187582761051;0,005156187582761051
2024-03-24 12:00:00;163,64220092253134;46,447925;46,447925;46,447925;117,18911973494858;0,005156187582761051;0,005156187582761051
2024-03-24 13:00:00;141,30116077524647;39,559999999999995;39,559999999999995;39,559999999999995;101,7360045876637;0,005156187582761051;0,005156187582761051
2024-03-24 14:00:00;132,86334938716925;37,3658;37,3658;37,3658;95,49239319958647;0,005156187582761051;0,005156187582761051
2024-03-24 15:00:00;109,83728264463983;40,447799999999994;40,447799999999994;40,447799999999994;69,38432645705709;0,005156187582761051;0,005156187582761051
2024-03-24 16:00:00;69,20248151052688;41,36435;41,36435;41,36435;27,832975322944122;0,005156187582761051;0,005156187582761051
2024-03-24 17:00:00;26,950692113038574;40,595575;26,950692113038574;26,945535925455815;0,0;0,005156187582761051;0,005156187582761051
2024-03-24 18:00:00;0,7554304624901622;32,605374999999995;0,7554304624901622;0,7502742749074012;0,0;0,005156187582761051;0,005156187582761051
2024-03-24 19:00:00;0,0;22,969582499999998;0,0;0,0;0,0;0,0;0,005156187582761051
2024-03-24 20:00:00;0,0;20,6058725;0,0;0,0;0,0;0,0;0,005156187582761051
2024-03-24 21:00:00;0,0;19,486232499999996;0,0;0,0;0,0;0,0;0,005156187582761051
2024-03-24 22:00:00;0,0;18,4740025;0,0;0,0;0,0;0,0;0,005156187582761051
2024-03-24 23:00:00;0,0;17,7389225;0,0;0,0;0,0;0,0;0,005156187582761051
2024-03-25 00:00:00;0,0;15,5335675;0,0;0,0;0,0;0,0;0,005156187582761051
2024-03-25 01:00:00;0,0;13,57138;0,0;0,0;0,0;0,0;0,005156187582761051
2024-03-25 02:00:00;0,0;12,50832;0,0;0,0;0,0;0,0;0,005156187582761051
2024-03-25 03:00:00;0,0;12,576170000000001;0,0;0,0;0,0;0,0;0,005156187582761051
2024-03-25 04:00:00;0,0;14,945457499999998;0,0;0,0;0,0;0,0;0,005156187582761051
2024-03-25 05:00:00;0,0;16,975495;0,0;0,0;0,0;0,0;0,005156187582761051
2024-03-25 06:00:00;1,9062677448056147;18,3722275;1,9062677448056147;1,9011115572228536;0,0;0,005156187582761051;0,005156187582761051
2024-03-25 07:00:00;18,470166431646668;24,388855;18,470166431646668;18,465010244063908;0,0;0,005156187582761051;0,005156187582761051
2024-03-25 08:00:00;31,867052530615588;39,430625000000006;31,867052530615588;31,86189634303283;0,0;0,005156187582761051;0,005156187582761051
2024-03-25 09:00:00;45,546131118809114;47,800325;45,546131118809114;45,54097493122635;0,0;0,005156187582761051;0,005156187582761051
2024-03-25 10:00:00;52,9778559307172;48,44375;48,44375;48,44375;4,528949743134433;0,005156187582761051;0,005156187582761051
2024-03-25 11:00:00;74,20406337926174;49,9261;49,9261;49,9261;24,272807191678986;0,005156187582761051;0,005156187582761051
2024-03-25 12:00:00;120,69561997185332;46,447925;46,447925;46,447925;74,24253878427056;0,005156187582761051;0,005156187582761051
2024-03-25 13:00:00;155,22140423390408;39,559999999999995;39,559999999999995;39,559999999999995;115,65624804632131;0,005156187582761051;0,005156187582761051
2024-03-25 14:00:00;143,503454699699;37,3658;37,3658;37,3658;106,13249851211623;0,005156187582761051;0,005156187582761051
2024-03-25 15:00:00;110,10433944904942;40,447799999999994;40,447799999999994;40,447799999999994;69,65138326146666;0,005156187582761051;0,005156187582761051
2024-03-25 16:00:00;68,13055544518197;41,36435;41,36435;41,36435;26,76104925759921;0,005156187582761051;0,005156187582761051
2024-03-25 17:00:00;27,415415338883747;40,595575;27,415415338883747;27,410259151300988;0,0;0,005156187582761051;0,005156187582761051
2024-03-25 18:00:00;0,7610749040902874;32,605374999999995;0,7610749040902874;0,7559187165075264;0,0;0,005156187582761051;0,005156187582761051
2024-03-25 19:00:00;0,0;22,969582499999998;0,0;0,0;0,0;0,0;0,005156187582761051
2024-03-25 20:00:00;0,0;20,6058725;0,0;0,0;0,0;0,0;0,005156187582761051
2024-03-25 21:00:00;0,0;19,486232499999996;0,0;0,0;0,0;0,0;0,005156187582761051
2024-03-25 22:00:00;0,0;18,4740025;0,0;0,0;0,0;0,0;0,005156187582761051
2024-03-25 23:00:00;0,0;17,7389225;0,0;0,0;0,0;0,0;0,005156187582761051
2024-03-26 00:00:00;0,0;15,5335675;0,0;0,0;0,0;0,0;0,005156187582761051
2024-03-26 01:00:00;0,0;13,57138;0,0;0,0;0,0;0,0;0,005156187582761051
2024-03-26 02:00:00;0,0;12,50832;0,0;0,0;0,0;0,0;0,005156187582761051
2024-03-26 03:00:00;0,0;12,576170000000001;0,0;0,0;0,0;0,0;0,005156187582761051
2024-03-26 04:00:00;0,0;14,945457499999998;0,0;0,0;0,0;0,0;0,005156187582761051
2024-03-26 05:00:00;0,0;16,975495;0,0;0,0;0,0;0,0;0,005156187582761051
2024-03-26 06:00:00;3,110368434094727;18,3722275;3,110368434094727;3,105212246511966;0,0;0,005156187582761051;0,005156187582761051
2024-03-26 07:00:00;31,23129458682166;24,388855;24,388855;24,388855;6,837283399238903;0,005156187582761051;0,005156187582761051
2024-03-26 08:00:00;48,67905512621811;39,430625000000006;39,430625000000006;39,430625000000006;9,24327393863534;0,005156187582761051;0,005156187582761051
2024-03-26 09:00:00;82,76319697211228;47,800325;47,800325;47,800325;34,957715784529526;0,005156187582761051;0,005156187582761051
2024-03-26 10:00:00;65,86168226201235;48,44375;48,44375;48,44375;17,412776074429594;0,005156187582761051;0,005156187582761051
2024-03-26 11:00:00;87,7263108246995;49,9261;49,9261;49,9261;37,79505463711674;0,005156187582761051;0,005156187582761051
2024-03-26 12:00:00;98,5972242341151;46,447925;46,447925;46,447925;52,14414304653235;0,005156187582761051;0,005156187582761051
2024-03-26 13:00:00;65,6427104777873;39,559999999999995;39,559999999999995;39,559999999999995;26,077554290204553;0,005156187582761051;0,005156187582761051
2024-03-26 14:00:00;63,93606214600629;37,3658;37,3658;37,3658;26,56510595842353;0,005156187582761051;0,005156187582761051
2024-03-26 15:00:00;26,180887928360935;40,447799999999994;26,180887928360935;26,175731740778176;0,0;0,005156187582761051;0,005156187582761051
2024-03-26 16:00:00;13,169229420329007;41,36435;13,169229420329007;13,164073232746246;0,0;0,005156187582761051;0,005156187582761051
2024-03-26 17:00:00;9,147694239909468;40,595575;9,147694239909468;9,142538052326707;0,0;0,005156187582761051;0,005156187582761051
2024-03-26 18:00:00;0,0;32,605374999999995;0,0;0,0;0,0;0,0;0,005156187582761051
2024-03-26 19:00:00;0,0;22,969582499999998;0,0;0,0;0,0;0,0;0,005156187582761051
2024-03-26 20:00:00;0,0;20,6058725;0,0;0,0;0,0;0,0;0,005156187582761051
2024-03-26 21:00:00;0,0;19,486232499999996;0,0;0,0;0,0;0,0;0,005156187582761051
2024-03-26 22:00:00;0,0;18,4740025;0,0;0,0;0,0;0,0;0,005156187582761051
2024-03-26 23:00:00;0,0;17,7389225;0,0;0,0;0,0;0,0;0,005156187582761051
2024-03-27 00:00:00;0,0;15,5335675;0,0;0,0;0,0;0,0;0,005156187582761051
2024-03-27 01:00:00;0,0;13,57138;0,0;0,0;0,0;0,0;0,005156187582761051
2024-03-27 02:00:00;0,0;12,50832;0,0;0,0;0,0;0,0;0,005156187582761051
2024-03-27 03:00:00;0,0;12,576170000000001;0,0;0,0;0,0;0,0;0,005156187582761051
2024-03-27 04:00:00;0,0;14,945457499999998;0,0;0,0;0,0;0,0;0,005156187582761051
2024-03-27 05:00:00;0,0;16,975495;0,0;0,0;0,0;0,0;0,005156187582761051
2024-03-27 06:00:00;4,192177820511399;18,3722275;4,192177820511399;4,187021632928638;0,0;0,005156187582761051;0,005156187582761051
2024-03-27 07:00:00;31,49102767277238;24,388855;24,388855;24,388855;7,09701648518962;0,005156187582761051;0,005156187582761051
2024-03-27 08:00:00;66,23600564991057;39,430625000000006;39,430625000000006;39,430625000000006;26,800224462327805;0,005156187582761051;0,005156187582761051
2024-03-27 09:00:00;113,36302427847954;47,800325;47,800325;47,800325;65,55754309089679;0,005156187582761051;0,005156187582761051
2024-03-27 10:00:00;141,4320999840567;48,44375;48,44375;48,44375;92,98319379647393;0,005156187582761051;0,005156187582761051
2024-03-27 11:00:00;123,11022775465919;49,9261;49,9261;49,9261;73,17897156707645;0,005156187582761051;0,005156187582761051
2024-03-27 12:00:00;127,24849856869601;46,447925;46,447925;46,447925;80,79541738111325;0,005156187582761051;0,005156187582761051
2024-03-27 13:00:00;167,33661001178766;39,559999999999995;39,559999999999995;39,559999999999995;127,77145382420488;0,005156187582761051;0,005156187582761051
2024-03-27 14:00:00;139,5501262709874;37,3658;37,3658;37,3658;102,17917008340461;0,005156187582761051;0,005156187582761051
2024-03-27 15:00:00;100,84834294829352;40,447799999999994;40,447799999999994;40,447799999999994;60,39538676071077;0,005156187582761051;0,005156187582761051
2024-03-27 16:00:00;39,949552608005995;41,36435;39,949552608005995;39,94439642042323;0,0;0,005156187582761051;0,005156187582761051
2024-03-27 17:00:00;23,798090235830987;40,595575;23,798090235830987;23,792934048248227;0,0;0,005156187582761051;0,005156187582761051
2024-03-27 18:00:00;0,9352314495033275;32,605374999999995;0,9352314495033275;0,9300752619205664;0,0;0,005156187582761051;0,005156187582761051
2024-03-27 19:00:00;0,0;22,969582499999998;0,0;0,0;0,0;0,0;0,005156187582761051
2024-03-27 20:00:00;0,0;20,6058725;0,0;0,0;0,0;0,0;0,005156187582761051
2024-03-27 21:00:00;0,0;19,486232499999996;0,0;0,0;0,0;0,0;0,005156187582761051
2024-03-27 22:00:00;0,0;18,4740025;0,0;0,0;0,0;0,0;0,005156187582761051
2024-03-27 23:00:00;0,0;17,7389225;0,0;0,0;0,0;0,0;0,005156187582761051
2024-03-28 00:00:00;0,0;15,5335675;0,0;0,0;0,0;0,0;0,005156187582761051
2024-03-28 01:00:00;0,0;13,57138;0,0;0,0;0,0;0,0;0,005156187582761051
2024-03-28 02:00:00;0,0;12,50832;0,0;0,0;0,0;0,0;0,005156187582761051
2024-03-28 03:00:00;0,0;12,576170000000001;0,0;0,0;0,0;0,0;0,005156187582761051
2024-03-28 04:00:00;0,0;14,945457499999998;0,0;0,0;0,0;0,0;0,005156187582761051
2024-03-28 05:00:00;0,0;16,975495;0,0;0,0;0,0;0,0;0,005156187582761051
2024-03-28 06:00:00;10,690261687429944;18,3722275;10,690261687429944;10,685105499847182;0,0;0,005156187582761051;0,005156187582761051
2024-03-28 07:00:00;51,54876913083226;24,388855;24,388855;24,388855;27,1547579432495;0,005156187582761051;0,005156187582761051
2024-03-28 08:00:00;86,22531842540012;39,430625000000006;39,430625000000006;39,430625000000006;46,789537237817356;0,005156187582761051;0,005156187582761051
2024-03-28 09:00:00;134,7919285813405;47,800325;47,800325;47,800325;86,98644739375773;0,005156187582761051;0,005156187582761051
2024-03-28 10:00:00;164,2317972469481;48,44375;48,44375;48,44375;115,78289105936534;0,005156187582761051;0,005156187582761051
2024-03-28 11:00:00;181,98404692954398;49,9261;49,9261;49,9261;132,05279074196122;0,005156187582761051;0,005156187582761051
2024-03-28 12:00:00;186,84359304634907;46,447925;46,447925;46,447925;140,3905118587663;0,005156187582761051;0,005156187582761051
2024-03-28 13:00:00;176,62663591144337;39,559999999999995;39,559999999999995;39,559999999999995;137,0614797238606;0,005156187582761051;0,005156187582761051
2024-03-28 14:00:00;150,2960186279232;37,3658;37,3658;37,3658;112,92506244034041;0,005156187582761051;0,005156187582761051
2024-03-28 15:00:00;111,91973390340164;40,447799999999994;40,447799999999994;40,447799999999994;71,46677771581889;0,005156187582761051;0,005156187582761051
2024-03-28 16:00:00;66,98169334754179;41,36435;41,36435;41,36435;25,612187159959035;0,005156187582761051;0,005156187582761051
2024-03-28 17:00:00;25,642113771431546;40,595575;25,642113771431546;25,636957583848787;0,0;0,005156187582761051;0,005156187582761051
2024-03-28 18:00:00;1,279534989415557;32,605374999999995;1,279534989415557;1,274378801832796;0,0;0,005156187582761051;0,005156187582761051
2024-03-28 19:00:00;0,0;22,969582499999998;0,0;0,0;0,0;0,0;0,005156187582761051
2024-03-28 20:00:00;0,0;20,6058725;0,0;0,0;0,0;0,0;0,005156187582761051
2024-03-28 21:00:00;0,0;19,486232499999996;0,0;0,0;0,0;0,0;0,005156187582761051
2024-03-28 22:00:00;0,0;18,4740025;0,0;0,0;0,0;0,0;0,005156187582761051
2024-03-28 23:00:00;0,0;17,7389225;0,0;0,0;0,0;0,0;0,005156187582761051
2024-03-29 00:00:00;0,0;17,4561375;0,0;0,0;0,0;0,0;0,005156187582761051
2024-03-29 01:00:00;0,0;17,3939225;0,0;0,0;0,0;0,0;0,005156187582761051
2024-03-29 02:00:00;0,0;15,765407500000002;0,0;0,0;0,0;0,0;0,005156187582761051
2024-03-29 03:00:00;0,0;15,375212499999998;0,0;0,0;0,0;0,0;0,005156187582761051
2024-03-29 04:00:00;0,0;15,906800000000002;0,0;0,0;0,0;0,0;0,005156187582761051
2024-03-29 05:00:00;0,0;16,410040000000002;0,0;0,0;0,0;0,0;0,005156187582761051
2024-03-29 06:00:00;5,079057932795306;16,9189725;5,079057932795306;5,073901745212544;0,0;0,005156187582761051;0,005156187582761051
2024-03-29 07:00:00;31,52653661075482;25,717564999999997;25,717564999999997;25,717564999999997;5,803815423172065;0,005156187582761051;0,005156187582761051
2024-03-29 08:00:00;70,3032585879825;38,12997499999999;38,12997499999999;38,12997499999999;32,168127400399754;0,005156187582761051;0,005156187582761051
2024-03-29 09:00:00;109,41561400609834;42,359675;42,359675;42,359675;67,05078281851559;0,005156187582761051;0,005156187582761051
2024-03-29 10:00:00;142,09715280168615;43,2078;43,2078;43,2078;98,88419661410339;0,005156187582761051;0,005156187582761051
2024-03-29 11:00:00;169,97240888744247;44,118025;44,118025;44,118025;125,8492276998597;0,005156187582761051;0,005156187582761051
2024-03-29 12:00:00;167,55484202647142;43,445275;43,445275;43,445275;124,10441083888864;0,005156187582761051;0,005156187582761051
2024-03-29 13:00:00;168,39226114722393;38,170224999999995;38,170224999999995;38,170224999999995;130,21687995964118;0,005156187582761051;0,005156187582761051
2024-03-29 14:00:00;147,25630558271808;28,477450000000005;28,477450000000005;28,477450000000005;118,77369939513531;0,005156187582761051;0,005156187582761051
2024-03-29 15:00:00;113,49766233499629;21,459805;21,459805;21,459805;92,03270114741353;0,005156187582761051;0,005156187582761051
2024-03-29 16:00:00;73,10624537997131;17,863352499999998;17,863352499999998;17,863352499999998;55,23773669238856;0,005156187582761051;0,005156187582761051
2024-03-29 17:00:00;31,489622110643907;18,061267500000003;18,061267500000003;18,061267500000003;13,423198423061145;0,005156187582761051;0,005156187582761051
2024-03-29 18:00:00;1,5588423774290958;19,03388;1,5588423774290958;1,5536861898463348;0,0;0,005156187582761051;0,005156187582761051
2024-03-29 19:00:00;0,0;19,599335;0,0;0,0;0,0;0,0;0,005156187582761051
2024-03-29 20:00:00;0,0;20,6171425;0,0;0,0;0,0;0,0;0,005156187582761051
2024-03-29 21:00:00;0,0;19,8876975;0,0;0,0;0,0;0,0;0,005156187582761051
2024-03-29 22:00:00;0,0;18,1686775;0,0;0,0;0,0;0,0;0,005156187582761051
2024-03-29 23:00:00;0,0;16,4835825;0,0;0,0;0,0;0,0;0,005156187582761051
2024-03-30 00:00:00;0,0;14,8153925;0,0;0,0;0,0;0,0;0,005156187582761051
2024-03-30 01:00:00;0,0;12,836242499999999;0,0;0,0;0,0;0,0;0,005156187582761051
2024-03-30 02:00:00;0,0;11,0493725;0,0;0,0;0,0;0,0;0,005156187582761051
2024-03-30 03:00:00;0,0;10,110685;0,0;0,0;0,0;0,0;0,005156187582761051
2024-03-30 04:00:00;0,0;9,87321;0,0;0,0;0,0;0,0;0,005156187582761051
2024-03-30 05:00:00;0,0;10,235115;0,0;0,0;0,0;0,0;0,005156187582761051
2024-03-30 06:00:00;3,9996897858649256;10,285945;3,9996897858649256;3,9945335982821644;0,0;0,005156187582761051;0,005156187582761051
2024-03-30 07:00:00;29,643897105098354;11,286905;11,286905;11,286905;18,351835917515594;0,005156187582761051;0,005156187582761051
2024-03-30 08:00:00;66,61698696368049;12,0445825;12,0445825;12,0445825;54,56724827609773;0,005156187582761051;0,005156187582761051
2024-03-30 09:00:00;126,53905957858854;13,797527500000001;13,797527500000001;13,797527500000001;112,73637589100578;0,005156187582761051;0,005156187582761051
2024-03-30 10:00:00;171,80703734986852;15,624072499999999;15,624072499999999;15,624072499999999;156,17780866228574;0,005156187582761051;0,005156187582761051
2024-03-30 11:00:00;188,20994738913168;17,37696;17,37696;17,37696;170,82783120154892;0,005156187582761051;0,005156187582761051
2024-03-30 12:00:00;177,76292192688146;18,722862499999998;18,722862499999998;18,722862499999998;159,0349032392987;0,005156187582761051;0,005156187582761051
2024-03-30 13:00:00;178,95247134929318;18,3892475;18,3892475;18,3892475;160,5580676617104;0,005156187582761051;0,005156187582761051
2024-03-30 14:00:00;156,1453763909888;16,7889075;16,7889075;16,7889075;139,35131270340602;0,005156187582761051;0,005156187582761051
2024-03-30 15:00:00;123,9210151719249;15,120775;15,120775;15,120775;108,79508398434216;0,005156187582761051;0,005156187582761051
2024-03-30 16:00:00;81,49967059557046;14,029425;14,029425;14,029425;67,4650894079877;0,005156187582761051;0,005156187582761051
2024-03-30 17:00:00;36,517391821140826;16,387385000000002;16,387385000000002;16,387385000000002;20,12485063355806;0,005156187582761051;0,005156187582761051
2024-03-30 18:00:00;2,3189333880294534;18,15735;2,3189333880294534;2,313777200446692;0,0;0,005156187582761051;0,005156187582761051
2024-03-30 19:00:00;0,0;19,028129999999997;0,0;0,0;0,0;0,0;0,005156187582761051
2024-03-30 20:00:00;0,0;19,972452500000003;0,0;0,0;0,0;0,0;0,005156187582761051
2024-03-30 21:00:00;0,0;18,7850775;0,0;0,0;0,0;0,0;0,005156187582761051
2024-03-30 22:00:00;0,0;16,4778325;0,0;0,0;0,0;0,0;0,005156187582761051
2024-03-30 23:00:00;0,0;14,696655;0,0;0,0;0,0;0,0;0,005156187582761051
2024-03-31 00:00:00;0,0;15,5335675;0,0;0,0;0,0;0,0;0,005156187582761051
2024-03-31 01:00:00;0,0;13,57138;0,0;0,0;0,0;0,0;0,005156187582761051
2024-03-31 02:00:00;0,0;12,50832;0,0;0,0;0,0;0,0;0,005156187582761051
2024-03-31 03:00:00;0,0;12,576170000000001;0,0;0,0;0,0;0,0;0,005156187582761051
2024-03-31 04:00:00;0,0;14,945457499999998;0,0;0,0;0,0;0,0;0,005156187582761051
2024-03-31 05:00:00;0,6735971558314651;16,975495;0,6735971558314651;0,668440968248704;0,0;0,005156187582761051;0,005156187582761051
2024-03-31 06:00:00;20,63335613814606;18,3722275;18,3722275;18,3722275;2,2559724505632985;0,005156187582761051;0,005156187582761051
2024-03-31 07:00:00;60,33634355803649;24,388855;24,388855;24,388855;35,94233237045373;0,005156187582761051;0,005156187582761051
2024-03-31 08:00:00;90,92433455174296;39,430625000000006;39,430625000000006;39,430625000000006;51,4885533641602;0,005156187582761051;0,005156187582761051
2024-03-31 09:00:00;133,4418491684665;47,800325;47,800325;47,800325;85,63636798088372;0,005156187582761051;0,005156187582761051
2024-03-31 10:00:00;166,2402715515798;48,44375;48,44375;48,44375;117,79136536399704;0,005156187582761051;0,005156187582761051
2024-03-31 11:00:00;167,79526712739417;49,9261;49,9261;49,9261;117,86401093981141;0,005156187582761051;0,005156187582761051
2024-03-31 12:00:00;140,67457597376466;46,447925;46,447925;46,447925;94,22149478618189;0,005156187582761051;0,005156187582761051
2024-03-31 13:00:00;131,6449489526468;39,559999999999995;39,559999999999995;39,559999999999995;92,07979276506404;0,005156187582761051;0,005156187582761051
2024-03-31 14:00:00;115,45361300219567;37,3658;37,3658;37,3658;78,0826568146129;0,005156187582761051;0,005156187582761051
2024-03-31 15:00:00;88,62661035646259;40,447799999999994;40,447799999999994;40,447799999999994;48,17365416887984;0,005156187582761051;0,005156187582761051
2024-03-31 16:00:00;60,51610755657259;41,36435;41,36435;41,36435;19,146601368989828;0,005156187582761051;0,005156187582761051
2024-03-31 17:00:00;22,768183080431974;40,595575;22,768183080431974;22,763026892849215;0,0;0,005156187582761051;0,005156187582761051
2024-03-31 18:00:00;0,6171823306118643;32,605374999999995;0,6171823306118643;0,6120261430291033;0,0;0,005156187582761051;0,005156187582761051
2024-03-31 19:00:00;0,0;22,969582499999998;0,0;0,0;0,0;0,0;0,005156187582761051
2024-03-31 20:00:00;0,0;20,6058725;0,0;0,0;0,0;0,0;0,005156187582761051
2024-03-31 21:00:00;0,0;19,486232499999996;0,0;0,0;0,0;0,0;0,005156187582761051
2024-03-31 22:00:00;0,0;18,4740025;0,0;0,0;0,0;0,0;0,005156187582761051
2024-03-31 23:00:00;0,0;17,7389225;0,0;0,0;0,0;0,0;0,005156187582761051
2024-04-01 00:00:00;0,0;15,5335675;0,0;0,0;0,0;0,0;0,005156187582761051
2024-04-01 01:00:00;0,0;13,57138;0,0;0,0;0,0;0,0;0,005156187582761051
2024-04-01 02:00:00;0,0;12,50832;0,0;0,0;0,0;0,0;0,005156187582761051
2024-04-01 03:00:00;0,0;12,576170000000001;0,0;0,0;0,0;0,0;0,005156187582761051
2024-04-01 04:00:00;0,0;14,945457499999998;0,0;0,0;0,0;0,0;0,005156187582761051
2024-04-01 05:00:00;0,0;16,975495;0,0;0,0;0,0;0,0;0,005156187582761051
2024-04-01 06:00:00;14,668816257499907;18,3722275;14,668816257499907;14,663660069917146;0,0;0,005156187582761051;0,005156187582761051
2024-04-01 07:00:00;65,91050705173821;24,388855;24,388855;24,388855;41,51649586415545;0,005156187582761051;0,005156187582761051
2024-04-01 08:00:00;112,33548438561272;39,430625000000006;39,430625000000006;39,430625000000006;72,89970319802995;0,005156187582761051;0,005156187582761051
2024-04-01 09:00:00;147,96796388144946;47,800325;47,800325;47,800325;100,16248269386669;0,005156187582761051;0,005156187582761051
2024-04-01 10:00:00;166,52582259452194;48,44375;48,44375;48,44375;118,07691640693918;0,005156187582761051;0,005156187582761051
2024-04-01 11:00:00;167,76641611528342;49,9261;49,9261;49,9261;117,83515992770066;0,005156187582761051;0,005156187582761051
2024-04-01 12:00:00;169,6964748485373;46,447925;46,447925;46,447925;123,24339366095452;0,005156187582761051;0,005156187582761051
2024-04-01 13:00:00;160,11571951915033;39,559999999999995;39,559999999999995;39,559999999999995;120,55056333156756;0,005156187582761051;0,005156187582761051
2024-04-01 14:00:00;148,52796942421423;37,3658;37,3658;37,3658;111,15701323663146;0,005156187582761051;0,005156187582761051
2024-04-01 15:00:00;117,83123230793652;40,447799999999994;40,447799999999994;40,447799999999994;77,37827612035377;0,005156187582761051;0,005156187582761051
2024-04-01 16:00:00;77,19939025198877;41,36435;41,36435;41,36435;35,829884064406016;0,005156187582761051;0,005156187582761051
2024-04-01 17:00:00;35,920989616944105;40,595575;35,920989616944105;35,91583342936134;0,0;0,005156187582761051;0,005156187582761051
2024-04-01 18:00:00;2,424232184538213;32,605374999999995;2,424232184538213;2,419075996955452;0,0;0,005156187582761051;0,005156187582761051
2024-04-01 19:00:00;0,0;22,969582499999998;0,0;0,0;0,0;0,0;0,005156187582761051
2024-04-01 20:00:00;0,0;20,6058725;0,0;0,0;0,0;0,0;0,005156187582761051
2024-04-01 21:00:00;0,0;19,486232499999996;0,0;0,0;0,0;0,0;0,005156187582761051
2024-04-01 22:00:00;0,0;18,4740025;0,0;0,0;0,0;0,0;0,005156187582761051
2024-04-01 23:00:00;0,0;17,7389225;0,0;0,0;0,0;0,0;0,005156187582761051
2024-04-02 00:00:00;0,0;15,5335675;0,0;0,0;0,0;0,0;0,005156187582761051
2024-04-02 01:00:00;0,0;13,57138;0,0;0,0;0,0;0,0;0,005156187582761051
2024-04-02 02:00:00;0,0;12,50832;0,0;0,0;0,0;0,0;0,005156187582761051
2024-04-02 03:00:00;0,0;12,576170000000001;0,0;0,0;0,0;0,0;0,005156187582761051
2024-04-02 04:00:00;0,0;14,945457499999998;0,0;0,0;0,0;0,0;0,005156187582761051
2024-04-02 05:00:00;0,7691383920904665;16,975495;0,7691383920904665;0,7639822045077055;0,0;0,005156187582761051;0,005156187582761051
2024-04-02 06:00:00;23,394915835822037;18,3722275;18,3722275;18,3722275;5,017532148239276;0,005156187582761051;0,005156187582761051
2024-04-02 07:00:00;70,09908219458346;24,388855;24,388855;24,388855;45,705071007000704;0,005156187582761051;0,005156187582761051
2024-04-02 08:00:00;114,34469845978572;39,430625000000006;39,430625000000006;39,430625000000006;74,90891727220296;0,005156187582761051;0,005156187582761051
2024-04-02 09:00:00;105,93795739244317;47,800325;47,800325;47,800325;58,13247620486041;0,005156187582761051;0,005156187582761051
2024-04-02 10:00:00;57,26186134439027;48,44375;48,44375;48,44375;8,812955156807504;0,005156187582761051;0,005156187582761051
2024-04-02 11:00:00;136,74565993991598;49,9261;49,9261;49,9261;86,81440375233322;0,005156187582761051;0,005156187582761051
2024-04-02 12:00:00;189,8182063719197;46,447925;46,447925;46,447925;143,36512518433693;0,005156187582761051;0,005156187582761051
2024-04-02 13:00:00;158,95354156976674;39,559999999999995;39,559999999999995;39,559999999999995;119,38838538218397;0,005156187582761051;0,005156187582761051
2024-04-02 14:00:00;131,32610828034615;37,3658;37,3658;37,3658;93,95515209276337;0,005156187582761051;0,005156187582761051
2024-04-02 15:00:00;104,2512828382773;40,447799999999994;40,447799999999994;40,447799999999994;63,798326650694555;0,005156187582761051;0,005156187582761051
2024-04-02 16:00:00;46,9679681771893;41,36435;41,36435;41,36435;5,598461989606534;0,005156187582761051;0,005156187582761051
2024-04-02 17:00:00;16,31524734861902;40,595575;16,31524734861902;16,31009116103626;0,0;0,005156187582761051;0,005156187582761051
2024-04-02 18:00:00;0,7379053220567459;32,605374999999995;0,7379053220567459;0,7327491344739848;0,0;0,005156187582761051;0,005156187582761051
2024-04-02 19:00:00;0,0;22,969582499999998;0,0;0,0;0,0;0,0;0,005156187582761051
2024-04-02 20:00:00;0,0;20,6058725;0,0;0,0;0,0;0,0;0,005156187582761051
2024-04-02 21:00:00;0,0;19,486232499999996;0,0;0,0;0,0;0,0;0,005156187582761051
2024-04-02 22:00:00;0,0;18,4740025;0,0;0,0;0,0;0,0;0,005156187582761051
2024-04-02 23:00:00;0,0;17,7389225;0,0;0,0;0,0;0,0;0,005156187582761051
2024-04-03 00:00:00;0,0;15,5335675;0,0;0,0;0,0;0,0;0,005156187582761051
2024-04-03 01:00:00;0,0;13,57138;0,0;0,0;0,0;0,0;0,005156187582761051
2024-04-03 02:00:00;0,0;12,50832;0,0;0,0;0,0;0,0;0,005156187582761051
2024-04-03 03:00:00;0,0;12,576170000000001;0,0;0,0;0,0;0,0;0,005156187582761051
2024-04-03 04:00:00;0,0;14,945457499999998;0,0;0,0;0,0;0,0;0,005156187582761051
2024-04-03 05:00:00;0,0;16,975495;0,0;0,0;0,0;0,0;0,005156187582761051
2024-04-03 06:00:00;1,0790722391138596;18,3722275;1,0790722391138596;1,0739160515310986;0,0;0,005156187582761051;0,005156187582761051
2024-04-03 07:00:00;9,559597920505766;24,388855;9,559597920505766;9,554441732923005;0,0;0,005156187582761051;0,005156187582761051
2024-04-03 08:00:00;33,96378134152451;39,430625000000006;33,96378134152451;33,958625153941746;0,0;0,005156187582761051;0,005156187582761051
2024-04-03 09:00:00;55,134284143609094;47,800325;47,800325;47,800325;7,32880295602633;0,005156187582761051;0,005156187582761051
2024-04-03 10:00:00;78,82466393422668;48,44375;48,44375;48,44375;30,37575774664392;0,005156187582761051;0,005156187582761051
2024-04-03 11:00:00;114,54443623593696;49,9261;49,9261;49,9261;64,6131800483542;0,005156187582761051;0,005156187582761051
2024-04-03 12:00:00;93,22723713381242;46,447925;46,447925;46,447925;46,77415594622967;0,005156187582761051;0,005156187582761051
2024-04-03 13:00:00;59,615808024809496;39,559999999999995;39,559999999999995;39,559999999999995;20,050651837226738;0,005156187582761051;0,005156187582761051
2024-04-03 14:00:00;46,14475263162975;37,3658;37,3658;37,3658;8,773796444046987;0,005156187582761051;0,005156187582761051
2024-04-03 15:00:00;79,17161584909675;40,447799999999994;40,447799999999994;40,447799999999994;38,718659661514;0,005156187582761051;0,005156187582761051
2024-04-03 16:00:00;53,32702715421118;41,36435;41,36435;41,36435;11,957520966628415;0,005156187582761051;0,005156187582761051
2024-04-03 17:00:00;13,670127376743793;40,595575;13,670127376743793;13,664971189161031;0,0;0,005156187582761051;0,005156187582761051
2024-04-03 18:00:00;0,0;32,605374999999995;0,0;0,0;0,0;0,0;0,005156187582761051
2024-04-03 19:00:00;0,0;22,969582499999998;0,0;0,0;0,0;0,0;0,005156187582761051
2024-04-03 20:00:00;0,0;20,6058725;0,0;0,0;0,0;0,0;0,005156187582761051
2024-04-03 21:00:00;0,0;19,486232499999996;0,0;0,0;0,0;0,0;0,005156187582761051
2024-04-03 22:00:00;0,0;18,4740025;0,0;0,0;0,0;0,0;0,005156187582761051
2024-04-03 23:00:00;0,0;17,7389225;0,0;0,0;0,0;0,0;0,005156187582761051
2024-04-04 00:00:00;0,0;15,5335675;0,0;0,0;0,0;0,0;0,005156187582761051
2024-04-04 01:00:00;0,0;13,57138;0,0;0,0;0,0;0,0;0,005156187582761051
2024-04-04 02:00:00;0,0;12,50832;0,0;0,0;0,0;0,0;0,005156187582761051
2024-04-04 03:00:00;0,0;12,576170000000001;0,0;0,0;0,0;0,0;0,005156187582761051
2024-04-04 04:00:00;0,0;14,945457499999998;0,0;0,0;0,0;0,0;0,005156187582761051
2024-04-04 05:00:00;0,44624378270348297;16,975495;0,44624378270348297;0,44108759512072193;0,0;0,005156187582761051;0,005156187582761051
2024-04-04 06:00:00;6,408401605426647;18,3722275;6,408401605426647;6,403245417843886;0,0;0,005156187582761051;0,005156187582761051
2024-04-04 07:00:00;15,90423139147228;24,388855;15,90423139147228;15,899075203889518;0,0;0,005156187582761051;0,005156187582761051
2024-04-04 08:00:00;38,391302046209944;39,430625000000006;38,391302046209944;38,38614585862718;0,0;0,005156187582761051;0,005156187582761051
2024-04-04 09:00:00;43,35567350701738;47,800325;43,35567350701738;43,350517319434616;0,0;0,005156187582761051;0,005156187582761051
2024-04-04 10:00:00;29,13759883103207;48,44375;29,13759883103207;29,13244264344931;0,0;0,005156187582761051;0,005156187582761051
2024-04-04 11:00:00;42,05160775961229;49,9261;42,05160775961229;42,046451572029525;0,0;0,005156187582761051;0,005156187582761051
2024-04-04 12:00:00;32,64565997283471;46,447925;32,64565997283471;32,640503785251944;0,0;0,005156187582761051;0,005156187582761051
2024-04-04 13:00:00;37,845869963408845;39,559999999999995;37,845869963408845;37,84071377582608;0,0;0,005156187582761051;0,005156187582761051
2024-04-04 14:00:00;43,668596022987636;37,3658;37,3658;37,3658;6,297639835404873;0,005156187582761051;0,005156187582761051
2024-04-04 15:00:00;34,692824224476475;40,447799999999994;34,692824224476475;34,68766803689371;0,0;0,005156187582761051;0,005156187582761051
2024-04-04 16:00:00;44,366494608250825;41,36435;41,36435;41,36435;2,9969884206680604;0,005156187582761051;0,005156187582761051
2024-04-04 17:00:00;35,98978818428508;40,595575;35,98978818428508;35,98463199670232;0,0;0,005156187582761051;0,005156187582761051
2024-04-04 18:00:00;3,373371301417996;32,605374999999995;3,373371301417996;3,3682151138352348;0,0;0,005156187582761051;0,005156187582761051
2024-04-04 19:00:00;0,0;22,969582499999998;0,0;0,0;0,0;0,0;0,005156187582761051
2024-04-04 20:00:00;0,0;20,6058725;0,0;0,0;0,0;0,0;0,005156187582761051
2024-04-04 21:00:00;0,0;19,486232499999996;0,0;0,0;0,0;0,0;0,005156187582761051
2024-04-04 22:00:00;0,0;18,4740025;0,0;0,0;0,0;0,0;0,005156187582761051
2024-04-04 23:00:00;0,0;17,7389225;0,0;0,0;0,0;0,0;0,005156187582761051
2024-04-05 00:00:00;0,0;17,4561375;0,0;0,0;0,0;0,0;0,005156187582761051
2024-04-05 01:00:00;0,0;17,3939225;0,0;0,0;0,0;0,0;0,005156187582761051
2024-04-05 02:00:00;0,0;15,765407500000002;0,0;0,0;0,0;0,0;0,005156187582761051
2024-04-05 03:00:00;0,0;15,375212499999998;0,0;0,0;0,0;0,0;0,005156187582761051
2024-04-05 04:00:00;0,0;15,906800000000002;0,0;0,0;0,0;0,0;0,005156187582761051
2024-04-05 05:00:00;0,0;16,410040000000002;0,0;0,0;0,0;0,0;0,005156187582761051
2024-04-05 06:00:00;7,919232939625319;16,9189725;7,919232939625319;7,914076752042558;0,0;0,005156187582761051;0,005156187582761051
2024-04-05 07:00:00;33,90667113293609;25,717564999999997;25,717564999999997;25,717564999999997;8,18394994535333;0,005156187582761051;0,005156187582761051
2024-04-05 08:00:00;72,2843614195861;38,12997499999999;38,12997499999999;38,12997499999999;34,14923023200336;0,005156187582761051;0,005156187582761051
2024-04-05 09:00:00;125,67278944572526;42,359675;42,359675;42,359675;83,30795825814249;0,005156187582761051;0,005156187582761051
2024-04-05 10:00:00;171,63984943353455;43,2078;43,2078;43,2078;128,4268932459518;0,005156187582761051;0,005156187582761051
2024-04-05 11:00:00;163,36700665316744;44,118025;44,118025;44,118025;119,24382546558466;0,005156187582761051;0,005156187582761051
2024-04-05 12:00:00;117,29785846865863;43,445275;43,445275;43,445275;73,84742728107588;0,005156187582761051;0,005156187582761051
2024-04-05 13:00:00;117,68623747784157;38,170224999999995;38,170224999999995;38,170224999999995;79,51085629025883;0,005156187582761051;0,005156187582761051
2024-04-05 14:00:00;105,43639364344122;28,477450000000005;28,477450000000005;28,477450000000005;76,95378745585846;0,005156187582761051;0,005156187582761051
2024-04-05 15:00:00;56,66634686364309;21,459805;21,459805;21,459805;35,201385676060326;0,005156187582761051;0,005156187582761051
2024-04-05 16:00:00;35,22612408680024;17,863352499999998;17,863352499999998;17,863352499999998;17,35761539921748;0,005156187582761051;0,005156187582761051
2024-04-05 17:00:00;30,913267661016434;18,061267500000003;18,061267500000003;18,061267500000003;12,846843973433671;0,005156187582761051;0,005156187582761051
2024-04-05 18:00:00;4,078793342916223;19,03388;4,078793342916223;4,073637155333461;0,0;0,005156187582761051;0,005156187582761051
2024-04-05 19:00:00;0,0;19,599335;0,0;0,0;0,0;0,0;0,005156187582761051
2024-04-05 20:00:00;0,0;20,6171425;0,0;0,0;0,0;0,0;0,005156187582761051
2024-04-05 21:00:00;0,0;19,8876975;0,0;0,0;0,0;0,0;0,005156187582761051
2024-04-05 22:00:00;0,0;18,1686775;0,0;0,0;0,0;0,0;0,005156187582761051
2024-04-05 23:00:00;0,0;16,4835825;0,0;0,0;0,0;0,0;0,005156187582761051
2024-04-06 00:00:00;0,0;14,8153925;0,0;0,0;0,0;0,0;0,005156187582761051
2024-04-06 01:00:00;0,0;12,836242499999999;0,0;0,0;0,0;0,0;0,005156187582761051
2024-04-06 02:00:00;0,0;11,0493725;0,0;0,0;0,0;0,0;0,005156187582761051
2024-04-06 03:00:00;0,0;10,110685;0,0;0,0;0,0;0,0;0,005156187582761051
2024-04-06 04:00:00;0,0;9,87321;0,0;0,0;0,0;0,0;0,005156187582761051
2024-04-06 05:00:00;2,389233687539271;10,235115;2,389233687539271;2,3840774999565095;0,0;0,005156187582761051;0,005156187582761051
2024-04-06 06:00:00;31,602215034829893;10,285945;10,285945;10,285945;21,311113847247135;0,005156187582761051;0,005156187582761051
2024-04-06 07:00:00;76,63790517014144;11,286905;11,286905;11,286905;65,34584398255868;0,005156187582761051;0,005156187582761051
2024-04-06 08:00:00;121,17573040415755;12,0445825;12,0445825;12,0445825;109,12599171657479;0,005156187582761051;0,005156187582761051
2024-04-06 09:00:00;157,02792145376065;13,797527500000001;13,797527500000001;13,797527500000001;143,22523776617788;0,005156187582761051;0,005156187582761051
2024-04-06 10:00:00;182,7541470220381;15,624072499999999;15,624072499999999;15,624072499999999;167,12491833445532;0,005156187582761051;0,005156187582761051
2024-04-06 11:00:00;194,99807270010808;17,37696;17,37696;17,37696;177,61595651252532;0,005156187582761051;0,005156187582761051
2024-04-06 12:00:00;194,71030234854203;18,722862499999998;18,722862499999998;18,722862499999998;175,98228366095927;0,005156187582761051;0,005156187582761051
2024-04-06 13:00:00;181,26573070494086;18,3892475;18,3892475;18,3892475;162,87132701735808;0,005156187582761051;0,005156187582761051
2024-04-06 14:00:00;159,69109180244365;16,7889075;16,7889075;16,7889075;142,8970281148609;0,005156187582761051;0,005156187582761051
2024-04-06 15:00:00;126,56791059069926;15,120775;15,120775;15,120775;111,4419794031165;0,005156187582761051;0,005156187582761051
2024-04-06 16:00:00;84,31079485251358;14,029425;14,029425;14,029425;70,27621366493082;0,005156187582761051;0,005156187582761051
2024-04-06 17:00:00;39,74744756932262;16,387385000000002;16,387385000000002;16,387385000000002;23,354906381739852;0,005156187582761051;0,005156187582761051
2024-04-06 18:00:00;3,99101968684088;18,15735;3,99101968684088;3,9858634992581186;0,0;0,005156187582761051;0,005156187582761051
2024-04-06 19:00:00;0,0;19,028129999999997;0,0;0,0;0,0;0,0;0,005156187582761051
2024-04-06 20:00:00;0,0;19,972452500000003;0,0;0,0;0,0;0,0;0,005156187582761051
2024-04-06 21:00:00;0,0;18,7850775;0,0;0,0;0,0;0,0;0,005156187582761051
2024-04-06 22:00:00;0,0;16,4778325;0,0;0,0;0,0;0,0;0,005156187582761051
2024-04-06 23:00:00;0,0;14,696655;0,0;0,0;0,0;0,0;0,005156187582761051
2024-04-07 00:00:00;0,0;15,5335675;0,0;0,0;0,0;0,0;0,005156187582761051
2024-04-07 01:00:00;0,0;13,57138;0,0;0,0;0,0;0,0;0,005156187582761051
2024-04-07 02:00:00;0,0;12,50832;0,0;0,0;0,0;0,0;0,005156187582761051
2024-04-07 03:00:00;0,0;12,576170000000001;0,0;0,0;0,0;0,0;0,005156187582761051
2024-04-07 04:00:00;0,0;14,945457499999998;0,0;0,0;0,0;0,0;0,005156187582761051
2024-04-07 05:00:00;2,205349172658125;16,975495;2,205349172658125;2,200192985075364;0,0;0,005156187582761051;0,005156187582761051
2024-04-07 06:00:00;31,712810581254367;18,3722275;18,3722275;18,3722275;13,335426893671606;0,005156187582761051;0,005156187582761051
2024-04-07 07:00:00;72,99454017923487;24,388855;24,388855;24,388855;48,60052899165212;0,005156187582761051;0,005156187582761051
2024-04-07 08:00:00;114,16863330895613;39,430625000000006;39,430625000000006;39,430625000000006;74,73285212137337;0,005156187582761051;0,005156187582761051
2024-04-07 09:00:00;143,17795610152663;47,800325;47,800325;47,800325;95,37247491394386;0,005156187582761051;0,005156187582761051
2024-04-07 10:00:00;173,45450411834545;48,44375;48,44375;48,44375;125,00559793076269;0,005156187582761051;0,005156187582761051
2024-04-07 11:00:00;191,53299216865503;49,9261;49,9261;49,9261;141,60173598107227;0,005156187582761051;0,005156187582761051
2024-04-07 12:00:00;186,21774801440853;46,447925;46,447925;46,447925;139,76466682682576;0,005156187582761051;0,005156187582761051
2024-04-07 13:00:00;155,37823537665986;39,559999999999995;39,559999999999995;39,559999999999995;115,81307918907709;0,005156187582761051;0,005156187582761051
2024-04-07 14:00:00;137,08521415937307;37,3658;37,3658;37,3658;99,71425797179029;0,005156187582761051;0,005156187582761051
2024-04-07 15:00:00;91,46140723872736;40,447799999999994;40,447799999999994;40,447799999999994;51,00845105114461;0,005156187582761051;0,005156187582761051
2024-04-07 16:00:00;37,8393599914454;41,36435;37,8393599914454;37,834203803862636;0,0;0,005156187582761051;0,005156187582761051
2024-04-07 17:00:00;8,588850135324586;40,595575;8,588850135324586;8,583693947741825;0,0;0,005156187582761051;0,005156187582761051
2024-04-07 18:00:00;0,05063722510204139;32,605374999999995;0,05063722510204139;0,04548103751928034;0,0;0,005156187582761051;0,005156187582761051
2024-04-07 19:00:00;0,0;22,969582499999998;0,0;0,0;0,0;0,0;0,005156187582761051
2024-04-07 20:00:00;0,0;20,6058725;0,0;0,0;0,0;0,0;0,005156187582761051
2024-04-07 21:00:00;0,0;19,486232499999996;0,0;0,0;0,0;0,0;0,005156187582761051
2024-04-07 22:00:00;0,0;18,4740025;0,0;0,0;0,0;0,0;0,005156187582761051
2024-04-07 23:00:00;0,0;17,7389225;0,0;0,0;0,0;0,0;0,005156187582761051
2024-04-08 00:00:00;0,0;15,5335675;0,0;0,0;0,0;0,0;0,005156187582761051
2024-04-08 01:00:00;0,0;13,57138;0,0;0,0;0,0;0,0;0,005156187582761051
2024-04-08 02:00:00;0,0;12,50832;0,0;0,0;0,0;0,0;0,005156187582761051
2024-04-08 03:00:00;0,0;12,576170000000001;0,0;0,0;0,0;0,0;0,005156187582761051
2024-04-08 04:00:00;0,0;14,945457499999998;0,0;0,0;0,0;0,0;0,005156187582761051
2024-04-08 05:00:00;2,956895845056458;16,975495;2,956895845056458;2,9517396574736967;0,0;0,005156187582761051;0,005156187582761051
2024-04-08 06:00:00;24,02024302908362;18,3722275;18,3722275;18,3722275;5,642859341500859;0,005156187582761051;0,005156187582761051
2024-04-08 07:00:00;36,292205972768855;24,388855;24,388855;24,388855;11,898194785186092;0,005156187582761051;0,005156187582761051
2024-04-08 08:00:00;69,14226426986498;39,430625000000006;39,430625000000006;39,430625000000006;29,70648308228222;0,005156187582761051;0,005156187582761051
2024-04-08 09:00:00;132,32183808293706;47,800325;47,800325;47,800325;84,51635689535429;0,005156187582761051;0,005156187582761051
2024-04-08 10:00:00;153,08790887679248;48,44375;48,44375;48,44375;104,63900268920972;0,005156187582761051;0,005156187582761051
2024-04-08 11:00:00;131,48145988401933;49,9261;49,9261;49,9261;81,55020369643657;0,005156187582761051;0,005156187582761051
2024-04-08 12:00:00;110,59184757676667;46,447925;46,447925;46,447925;64,13876638918391;0,005156187582761051;0,005156187582761051
2024-04-08 13:00:00;44,303318289423736;39,559999999999995;39,559999999999995;39,559999999999995;4,738162101840977;0,005156187582761051;0,005156187582761051
2024-04-08 14:00:00;23,724039304746764;37,3658;23,724039304746764;23,718883117164005;0,0;0,005156187582761051;0,005156187582761051
2024-04-08 15:00:00;27,309776248385994;40,447799999999994;27,309776248385994;27,304620060803234;0,0;0,005156187582761051;0,005156187582761051
2024-04-08 16:00:00;32,04755629869299;41,36435;32,04755629869299;32,042400111110226;0,0;0,005156187582761051;0,005156187582761051
2024-04-08 17:00:00;13,899234003684658;40,595575;13,899234003684658;13,894077816101897;0,0;0,005156187582761051;0,005156187582761051
2024-04-08 18:00:00;0,23997384150257423;32,605374999999995;0,23997384150257423;0,23481765391981319;0,0;0,005156187582761051;0,005156187582761051
2024-04-08 19:00:00;0,0;22,969582499999998;0,0;0,0;0,0;0,0;0,005156187582761051
2024-04-08 20:00:00;0,0;20,6058725;0,0;0,0;0,0;0,0;0,005156187582761051
2024-04-08 21:00:00;0,0;19,486232499999996;0,0;0,0;0,0;0,0;0,005156187582761051
2024-04-08 22:00:00;0,0;18,4740025;0,0;0,0;0,0;0,0;0,005156187582761051
2024-04-08 23:00:00;0,0;17,7389225;0,0;0,0;0,0;0,0;0,005156187582761051
2024-04-09 00:00:00;0,0;15,5335675;0,0;0,0;0,0;0,0;0,005156187582761051
2024-04-09 01:00:00;0,0;13,57138;0,0;0,0;0,0;0,0;0,005156187582761051
2024-04-09 02:00:00;0,0;12,50832;0,0;0,0;0,0;0,0;0,005156187582761051
2024-04-09 03:00:00;0,0;12,576170000000001;0,0;0,0;0,0;0,0;0,005156187582761051
2024-04-09 04:00:00;0,0;14,945457499999998;0,0;0,0;0,0;0,0;0,005156187582761051
2024-04-09 05:00:00;0,15666839345668845;16,975495;0,15666839345668845;0,1515122058739274;0,0;0,005156187582761051;0,005156187582761051
2024-04-09 06:00:00;21,097028891242587;18,3722275;18,3722275;18,3722275;2,7196452036598266;0,005156187582761051;0,005156187582761051
2024-04-09 07:00:00;62,489812692763195;24,388855;24,388855;24,388855;38,09580150518043;0,005156187582761051;0,005156187582761051
2024-04-09 08:00:00;89,78434968859837;39,430625000000006;39,430625000000006;39,430625000000006;50,348568501015606;0,005156187582761051;0,005156187582761051
2024-04-09 09:00:00;98,8738980425616;47,800325;47,800325;47,800325;51,06841685497885;0,005156187582761051;0,005156187582761051
2024-04-09 10:00:00;91,80835915359744;48,44375;48,44375;48,44375;43,35945296601468;0,005156187582761051;0,005156187582761051
2024-04-09 11:00:00;99,89699931818065;49,9261;49,9261;49,9261;49,96574313059789;0,005156187582761051;0,005156187582761051
2024-04-09 12:00:00;91,52724672790313;46,447925;46,447925;46,447925;45,07416554032038;0,005156187582761051;0,005156187582761051
2024-04-09 13:00:00;130,26527875812076;39,559999999999995;39,559999999999995;39,559999999999995;90,70012257053799;0,005156187582761051;0,005156187582761051
2024-04-09 14:00:00;78,52283796137594;37,3658;37,3658;37,3658;41,151881773793185;0,005156187582761051;0,005156187582761051
2024-04-09 15:00:00;41,26878363100776;40,447799999999994;40,447799999999994;40,447799999999994;0,8158274434250004;0,005156187582761051;0,005156187582761051
2024-04-09 16:00:00;50,820022155696826;41,36435;41,36435;41,36435;9,450515968114061;0,005156187582761051;0,005156187582761051
2024-04-09 17:00:00;28,220950392406216;40,595575;28,220950392406216;28,215794204823457;0,0;0,005156187582761051;0,005156187582761051
2024-04-09 18:00:00;5,573297963338386;32,605374999999995;5,573297963338386;5,568141775755625;0,0;0,005156187582761051;0,005156187582761051
2024-04-09 19:00:00;0,0;22,969582499999998;0,0;0,0;0,0;0,0;0,005156187582761051
2024-04-09 20:00:00;0,0;20,6058725;0,0;0,0;0,0;0,0;0,005156187582761051
2024-04-09 21:00:00;0,0;19,486232499999996;0,0;0,0;0,0;0,0;0,005156187582761051
2024-04-09 22:00:00;0,0;18,4740025;0,0;0,0;0,0;0,0;0,005156187582761051
2024-04-09 23:00:00;0,0;17,7389225;0,0;0,0;0,0;0,0;0,005156187582761051
2024-04-10 00:00:00;0,0;15,5335675;0,0;0,0;0,0;0,0;0,005156187582761051
2024-04-10 01:00:00;0,0;13,57138;0,0;0,0;0,0;0,0;0,005156187582761051
2024-04-10 02:00:00;0,0;12,50832;0,0;0,0;0,0;0,0;0,005156187582761051
2024-04-10 03:00:00;0,0;12,576170000000001;0,0;0,0;0,0;0,0;0,005156187582761051
2024-04-10 04:00:00;0,0;14,945457499999998;0,0;0,0;0,0;0,0;0,005156187582761051
2024-04-10 05:00:00;0,0;16,975495;0,0;0,0;0,0;0,0;0,005156187582761051
2024-04-10 06:00:00;5,838853035579143;18,3722275;5,838853035579143;5,833696847996381;0,0;0,005156187582761051;0,005156187582761051
2024-04-10 07:00:00;19,444620462229764;24,388855;19,444620462229764;19,439464274647005;0,0;0,005156187582761051;0,005156187582761051
2024-04-10 08:00:00;45,65191816321513;39,430625000000006;39,430625000000006;39,430625000000006;6,2161369756323595;0,005156187582761051;0,005156187582761051
2024-04-10 09:00:00;61,41048893200529;47,800325;47,800325;47,800325;13,60500774442253;0,005156187582761051;0,005156187582761051
2024-04-10 10:00:00;41,102483438123336;48,44375;41,102483438123336;41,09732725054057;0,0;0,005156187582761051;0,005156187582761051
2024-04-10 11:00:00;39,78081117563528;49,9261;39,78081117563528;39,775654988052516;0,0;0,005156187582761051;0,005156187582761051
2024-04-10 12:00:00;60,678117086117474;46,447925;46,447925;46,447925;14,225035898534713;0,005156187582761051;0,005156187582761051
2024-04-10 13:00:00;53,2500911219159;39,559999999999995;39,559999999999995;39,559999999999995;13,684934934333143;0,005156187582761051;0,005156187582761051
2024-04-10 14:00:00;31,496280036515614;37,3658;31,496280036515614;31,491123848932855;0,0;0,005156187582761051;0,005156187582761051
2024-04-10 15:00:00;42,01040259616183;40,447799999999994;40,447799999999994;40,447799999999994;1,5574464085790751;0,005156187582761051;0,005156187582761051
2024-04-10 16:00:00;41,55063582624337;41,36435;41,36435;41,36435;0,18112963866060738;0,005156187582761051;0,005156187582761051
2024-04-10 17:00:00;30,77411701029775;40,595575;30,77411701029775;30,76896082271499;0,0;0,005156187582761051;0,005156187582761051
2024-04-10 18:00:00;2,6962676379607644;32,605374999999995;2,6962676379607644;2,691111450378003;0,0;0,005156187582761051;0,005156187582761051
2024-04-10 19:00:00;0,0;22,969582499999998;0,0;0,0;0,0;0,0;0,005156187582761051
2024-04-10 20:00:00;0,0;20,6058725;0,0;0,0;0,0;0,0;0,005156187582761051
2024-04-10 21:00:00;0,0;19,486232499999996;0,0;0,0;0,0;0,0;0,005156187582761051
2024-04-10 22:00:00;0,0;18,4740025;0,0;0,0;0,0;0,0;0,005156187582761051
2024-04-10 23:00:00;0,0;17,7389225;0,0;0,0;0,0;0,0;0,005156187582761051
2024-04-11 00:00:00;0,0;15,5335675;0,0;0,0;0,0;0,0;0,005156187582761051
2024-04-11 01:00:00;0,0;13,57138;0,0;0,0;0,0;0,0;0,005156187582761051
2024-04-11 02:00:00;0,0;12,50832;0,0;0,0;0,0;0,0;0,005156187582761051
2024-04-11 03:00:00;0,0;12,576170000000001;0,0;0,0;0,0;0,0;0,005156187582761051
2024-04-11 04:00:00;0,0;14,945457499999998;0,0;0,0;0,0;0,0;0,005156187582761051
2024-04-11 05:00:00;3,2406048618407373;16,975495;3,2406048618407373;3,235448674257976;0,0;0,005156187582761051;0,005156187582761051
2024-04-11 06:00:00;22,31781138368803;18,3722275;18,3722275;18,3722275;3,940427696105271;0,005156187582761051;0,005156187582761051
2024-04-11 07:00:00;58,75841512644183;24,388855;24,388855;24,388855;34,36440393885907;0,005156187582761051;0,005156187582761051
2024-04-11 08:00:00;59,63578180242462;39,430625000000006;39,430625000000006;39,430625000000006;20,200000614841848;0,005156187582761051;0,005156187582761051
2024-04-11 09:00:00;112,28074143955644;47,800325;47,800325;47,800325;64,47526025197368;0,005156187582761051;0,005156187582761051
2024-04-11 10:00:00;171,20634448233227;48,44375;48,44375;48,44375;122,7574382947495;0,005156187582761051;0,005156187582761051
2024-04-11 11:00:00;197,42007817832695;49,9261;49,9261;49,9261;147,48882199074419;0,005156187582761051;0,005156187582761051
2024-04-11 12:00:00;180,87735169575797;46,447925;46,447925;46,447925;134,4242705081752;0,005156187582761051;0,005156187582761051
2024-04-11 13:00:00;74,81437325083492;39,559999999999995;39,559999999999995;39,559999999999995;35,24921706325217;0,005156187582761051;0,005156187582761051
2024-04-11 14:00:00;57,21599563282961;37,3658;37,3658;37,3658;19,845039445246847;0,005156187582761051;0,005156187582761051
2024-04-11 15:00:00;82,40440874458136;40,447799999999994;40,447799999999994;40,447799999999994;41,95145255699861;0,005156187582761051;0,005156187582761051
2024-04-11 16:00:00;77,96135287952862;41,36435;41,36435;41,36435;36,59184669194586;0,005156187582761051;0,005156187582761051
2024-04-11 17:00:00;43,44296631289088;40,595575;40,595575;40,595575;2,8422351253081217;0,005156187582761051;0,005156187582761051
2024-04-11 18:00:00;4,908962722164007;32,605374999999995;4,908962722164007;4,903806534581245;0,0;0,005156187582761051;0,005156187582761051
2024-04-11 19:00:00;0,0;22,969582499999998;0,0;0,0;0,0;0,0;0,005156187582761051
2024-04-11 20:00:00;0,0;20,6058725;0,0;0,0;0,0;0,0;0,005156187582761051
2024-04-11 21:00:00;0,0;19,486232499999996;0,0;0,0;0,0;0,0;0,005156187582761051
2024-04-11 22:00:00;0,0;18,4740025;0,0;0,0;0,0;0,0;0,005156187582761051
2024-04-11 23:00:00;0,0;17,7389225;0,0;0,0;0,0;0,0;0,005156187582761051
2024-04-12 00:00:00;0,0;17,4561375;0,0;0,0;0,0;0,0;0,005156187582761051
2024-04-12 01:00:00;0,0;17,3939225;0,0;0,0;0,0;0,0;0,005156187582761051
2024-04-12 02:00:00;0,0;15,765407500000002;0,0;0,0;0,0;0,0;0,005156187582761051
2024-04-12 03:00:00;0,0;15,375212499999998;0,0;0,0;0,0;0,0;0,005156187582761051
2024-04-12 04:00:00;0,0;15,906800000000002;0,0;0,0;0,0;0,0;0,005156187582761051
2024-04-12 05:00:00;1,1202478117826635;16,410040000000002;1,1202478117826635;1,1150916241999025;0,0;0,005156187582761051;0,005156187582761051
2024-04-12 06:00:00;16,673813645287527;16,9189725;16,673813645287527;16,668657457704768;0,0;0,005156187582761051;0,005156187582761051
2024-04-12 07:00:00;60,817193759882024;25,717564999999997;25,717564999999997;25,717564999999997;35,09447257229927;0,005156187582761051;0,005156187582761051
2024-04-12 08:00:00;121,36215232856536;38,12997499999999;38,12997499999999;38,12997499999999;83,22702114098261;0,005156187582761051;0,005156187582761051
2024-04-12 09:00:00;145,71018724139938;42,359675;42,359675;42,359675;103,3453560538166;0,005156187582761051;0,005156187582761051
2024-04-12 10:00:00;173,20594155246835;43,2078;43,2078;43,2078;129,99298536488558;0,005156187582761051;0,005156187582761051
2024-04-12 11:00:00;187,55673088416302;44,118025;44,118025;44,118025;143,43354969658026;0,005156187582761051;0,005156187582761051
2024-04-12 12:00:00;196,07147830453553;43,445275;43,445275;43,445275;152,62104711695275;0,005156187582761051;0,005156187582761051
2024-04-12 13:00:00;164,38271023337344;38,170224999999995;38,170224999999995;38,170224999999995;126,20732904579069;0,005156187582761051;0,005156187582761051
2024-04-12 14:00:00;107,06462640384433;28,477450000000005;28,477450000000005;28,477450000000005;78,58202021626157;0,005156187582761051;0,005156187582761051
2024-04-12 15:00:00;69,48063485805596;21,459805;21,459805;21,459805;48,015673670473205;0,005156187582761051;0,005156187582761051
2024-04-12 16:00:00;42,636913420689496;17,863352499999998;17,863352499999998;17,863352499999998;24,768404733106735;0,005156187582761051;0,005156187582761051
2024-04-12 17:00:00;20,426812482214867;18,061267500000003;18,061267500000003;18,061267500000003;2,3603887946321045;0,005156187582761051;0,005156187582761051
2024-04-12 18:00:00;2,216068433311574;19,03388;2,216068433311574;2,210912245728813;0,0;0,005156187582761051;0,005156187582761051
2024-04-12 19:00:00;0,0;19,599335;0,0;0,0;0,0;0,0;0,005156187582761051
2024-04-12 20:00:00;0,0;20,6171425;0,0;0,0;0,0;0,0;0,005156187582761051
2024-04-12 21:00:00;0,0;19,8876975;0,0;0,0;0,0;0,0;0,005156187582761051
2024-04-12 22:00:00;0,0;18,1686775;0,0;0,0;0,0;0,0;0,005156187582761051
2024-04-12 23:00:00;0,0;16,4835825;0,0;0,0;0,0;0,0;0,005156187582761051
2024-04-13 00:00:00;0,0;14,8153925;0,0;0,0;0,0;0,0;0,005156187582761051
2024-04-13 01:00:00;0,0;12,836242499999999;0,0;0,0;0,0;0,0;0,005156187582761051
2024-04-13 02:00:00;0,0;11,0493725;0,0;0,0;0,0;0,0;0,005156187582761051
2024-04-13 03:00:00;0,0;10,110685;0,0;0,0;0,0;0,0;0,005156187582761051
2024-04-13 04:00:00;0,0;9,87321;0,0;0,0;0,0;0,0;0,005156187582761051
2024-04-13 05:00:00;5,600314346986692;10,235115;5,600314346986692;5,595158159403931;0,0;0,005156187582761051;0,005156187582761051
2024-04-13 06:00:00;35,27583659997565;10,285945;10,285945;10,285945;24,984735412392887;0,005156187582761051;0,005156187582761051
2024-04-13 07:00:00;78,71739735073805;11,286905;11,286905;11,286905;67,4253361631553;0,005156187582761051;0,005156187582761051
2024-04-13 08:00:00;89,40040929666327;12,0445825;12,0445825;12,0445825;77,35067060908051;0,005156187582761051;0,005156187582761051
2024-04-13 09:00:00;35,734567692536295;13,797527500000001;13,797527500000001;13,797527500000001;21,93188400495353;0,005156187582761051;0,005156187582761051
2024-04-13 10:00:00;60,432513598405606;15,624072499999999;15,624072499999999;15,624072499999999;44,803284910822846;0,005156187582761051;0,005156187582761051
2024-04-13 11:00:00;60,16915564170252;17,37696;17,37696;17,37696;42,78703945411975;0,005156187582761051;0,005156187582761051
2024-04-13 12:00:00;60,91558310887503;18,722862499999998;18,722862499999998;18,722862499999998;42,18756442129227;0,005156187582761051;0,005156187582761051
2024-04-13 13:00:00;47,975386338532765;18,3892475;18,3892475;18,3892475;29,580982650950002;0,005156187582761051;0,005156187582761051
2024-04-13 14:00:00;119,09179960631313;16,7889075;16,7889075;16,7889075;102,29773591873038;0,005156187582761051;0,005156187582761051
2024-04-13 15:00:00;101,1117009049966;15,120775;15,120775;15,120775;85,98576971741385;0,005156187582761051;0,005156187582761051
2024-04-13 16:00:00;34,10936798725252;14,029425;14,029425;14,029425;20,074786799669756;0,005156187582761051;0,005156187582761051
2024-04-13 17:00:00;15,723949554257269;16,387385000000002;15,723949554257269;15,718793366674507;0,0;0,005156187582761051;0,005156187582761051
2024-04-13 18:00:00;1,899942715227493;18,15735;1,899942715227493;1,894786527644732;0,0;0,005156187582761051;0,005156187582761051
2024-04-13 19:00:00;0,0;19,028129999999997;0,0;0,0;0,0;0,0;0,005156187582761051
2024-04-13 20:00:00;0,0;19,972452500000003;0,0;0,0;0,0;0,0;0,005156187582761051
2024-04-13 21:00:00;0,0;18,7850775;0,0;0,0;0,0;0,0;0,005156187582761051
2024-04-13 22:00:00;0,0;16,4778325;0,0;0,0;0,0;0,0;0,005156187582761051
2024-04-13 23:00:00;0,0;14,696655;0,0;0,0;0,0;0,0;0,005156187582761051
2024-04-14 00:00:00;0,0;15,5335675;0,0;0,0;0,0;0,0;0,005156187582761051
2024-04-14 01:00:00;0,0;13,57138;0,0;0,0;0,0;0,0;0,005156187582761051
2024-04-14 02:00:00;0,0;12,50832;0,0;0,0;0,0;0,0;0,005156187582761051
2024-04-14 03:00:00;0,0;12,576170000000001;0,0;0,0;0,0;0,0;0,005156187582761051
2024-04-14 04:00:00;0,0;14,945457499999998;0,0;0,0;0,0;0,0;0,005156187582761051
2024-04-14 05:00:00;1,095680065316063;16,975495;1,095680065316063;1,090523877733302;0,0;0,005156187582761051;0,005156187582761051
2024-04-14 06:00:00;5,49589587623208;18,3722275;5,49589587623208;5,4907396886493185;0,0;0,005156187582761051;0,005156187582761051
2024-04-14 07:00:00;26,71108075861124;24,388855;24,388855;24,388855;2,3170695710284797;0,005156187582761051;0,005156187582761051
2024-04-14 08:00:00;40,923681139990926;39,430625000000006;39,430625000000006;39,430625000000006;1,4878999524081564;0,005156187582761051;0,005156187582761051
2024-04-14 09:00:00;52,1692878220754;47,800325;47,800325;47,800325;4,363806634492633;0,005156187582761051;0,005156187582761051
2024-04-14 10:00:00;42,447976279841264;48,44375;42,447976279841264;42,4428200922585;0,0;0,005156187582761051;0,005156187582761051
2024-04-14 11:00:00;26,2439902702339;49,9261;26,2439902702339;26,23883408265114;0,0;0,005156187582761051;0,005156187582761051
2024-04-14 12:00:00;30,030352713473903;46,447925;30,030352713473903;30,025196525891143;0,0;0,005156187582761051;0,005156187582761051
2024-04-14 13:00:00;34,4853188681416;39,559999999999995;34,4853188681416;34,480162680558834;0,0;0,005156187582761051;0,005156187582761051
2024-04-14 14:00:00;42,45441227485059;37,3658;37,3658;37,3658;5,083456087267827;0,005156187582761051;0,005156187582761051
2024-04-14 15:00:00;48,79889779190885;40,447799999999994;40,447799999999994;40,447799999999994;8,345941604326093;0,005156187582761051;0,005156187582761051
2024-04-14 16:00:00;37,78432113757262;41,36435;37,78432113757262;37,779164949989855;0,0;0,005156187582761051;0,005156187582761051
2024-04-14 17:00:00;21,273922583958445;40,595575;21,273922583958445;21,268766396375685;0,0;0,005156187582761051;0,005156187582761051
2024-04-14 18:00:00;4,0350729630253435;32,605374999999995;4,0350729630253435;4,029916775442582;0,0;0,005156187582761051;0,005156187582761051
2024-04-14 19:00:00;0,0;22,969582499999998;0,0;0,0;0,0;0,0;0,005156187582761051
2024-04-14 20:00:00;0,0;20,6058725;0,0;0,0;0,0;0,0;0,005156187582761051
2024-04-14 21:00:00;0,0;19,486232499999996;0,0;0,0;0,0;0,0;0,005156187582761051
2024-04-14 22:00:00;0,0;18,4740025;0,0;0,0;0,0;0,0;0,005156187582761051
2024-04-14 23:00:00;0,0;17,7389225;0,0;0,0;0,0;0,0;0,005156187582761051
2024-04-15 00:00:00;0,0;15,5335675;0,0;0,0;0,0;0,0;0,005156187582761051
2024-04-15 01:00:00;0,0;13,57138;0,0;0,0;0,0;0,0;0,005156187582761051
2024-04-15 02:00:00;0,0;12,50832;0,0;0,0;0,0;0,0;0,005156187582761051
2024-04-15 03:00:00;0,0;12,576170000000001;0,0;0,0;0,0;0,0;0,005156187582761051
2024-04-15 04:00:00;0,0;14,945457499999998;0,0;0,0;0,0;0,0;0,005156187582761051
2024-04-15 05:00:00;4,283931436718941;16,975495;4,283931436718941;4,27877524913618;0,0;0,005156187582761051;0,005156187582761051
2024-04-15 06:00:00;23,376717505106033;18,3722275;18,3722275;18,3722275;4,999333817523272;0,005156187582761051;0,005156187582761051
2024-04-15 07:00:00;57,39812689389788;24,388855;24,388855;24,388855;33,00411570631512;0,005156187582761051;0,005156187582761051
2024-04-15 08:00:00;61,01101337970284;39,430625000000006;39,430625000000006;39,430625000000006;21,57523219212007;0,005156187582761051;0,005156187582761051
2024-04-15 09:00:00;85,0394678506949;47,800325;47,800325;47,800325;37,23398666311215;0,005156187582761051;0,005156187582761051
2024-04-15 10:00:00;141,47204753928693;48,44375;48,44375;48,44375;93,02314135170417;0,005156187582761051;0,005156187582761051
2024-04-15 11:00:00;134,5278308550961;49,9261;49,9261;49,9261;84,59657466751335;0,005156187582761051;0,005156187582761051
2024-04-15 12:00:00;144,14631443108942;46,447925;46,447925;46,447925;97,69323324350665;0,005156187582761051;0,005156187582761051
2024-04-15 13:00:00;170,85865279792085;39,559999999999995;39,559999999999995;39,559999999999995;131,29349661033808;0,005156187582761051;0,005156187582761051
2024-04-15 14:00:00;158,9380064093994;37,3658;37,3658;37,3658;121,56705022181663;0,005156187582761051;0,005156187582761051
2024-04-15 15:00:00;133,2657840176369;40,447799999999994;40,447799999999994;40,447799999999994;92,81282783005412;0,005156187582761051;0,005156187582761051
2024-04-15 16:00:00;94,2880666560378;41,36435;41,36435;41,36435;52,91856046845504;0,005156187582761051;0,005156187582761051
2024-04-15 17:00:00;50,79183693617327;40,595575;40,595575;40,595575;10,191105748590509;0,005156187582761051;0,005156187582761051
2024-04-15 18:00:00;9,197858012505076;32,605374999999995;9,197858012505076;9,192701824922315;0,0;0,005156187582761051;0,005156187582761051
2024-04-15 19:00:00;0,0;22,969582499999998;0,0;0,0;0,0;0,0;0,005156187582761051
2024-04-15 20:00:00;0,0;20,6058725;0,0;0,0;0,0;0,0;0,005156187582761051
2024-04-15 21:00:00;0,0;19,486232499999996;0,0;0,0;0,0;0,0;0,005156187582761051
2024-04-15 22:00:00;0,0;18,4740025;0,0;0,0;0,0;0,0;0,005156187582761051
2024-04-15 23:00:00;0,0;17,7389225;0,0;0,0;0,0;0,0;0,005156187582761051
2024-04-16 00:00:00;0,0;15,5335675;0,0;0,0;0,0;0,0;0,005156187582761051
2024-04-16 01:00:00;0,0;13,57138;0,0;0,0;0,0;0,0;0,005156187582761051
2024-04-16 02:00:00;0,0;12,50832;0,0;0,0;0,0;0,0;0,005156187582761051
2024-04-16 03:00:00;0,0;12,576170000000001;0,0;0,0;0,0;0,0;0,005156187582761051
2024-04-16 04:00:00;0,0;14,945457499999998;0,0;0,0;0,0;0,0;0,005156187582761051
2024-04-16 05:00:00;11,778677215850433;16,975495;11,778677215850433;11,773521028267671;0,0;0,005156187582761051;0,005156187582761051
2024-04-16 06:00:00;46,10317758340864;18,3722275;18,3722275;18,3722275;27,725793895825873;0,005156187582761051;0,005156187582761051
2024-04-16 07:00:00;90,69796507210489;24,388855;24,388855;24,388855;66,30395388452214;0,005156187582761051;0,005156187582761051
2024-04-16 08:00:00;131,86244119778922;39,430625000000006;39,430625000000006;39,430625000000006;92,42666001020645;0,005156187582761051;0,005156187582761051
2024-04-16 09:00:00;168,8420410283348;47,800325;47,800325;47,800325;121,03655984075202;0,005156187582761051;0,005156187582761051
2024-04-16 10:00:00;196,80828876767117;48,44375;48,44375;48,44375;148,3593825800884;0,005156187582761051;0,005156187582761051
2024-04-16 11:00:00;207,99878261892874;49,9261;49,9261;49,9261;158,06752643134598;0,005156187582761051;0,005156187582761051
2024-04-16 12:00:00;208,24216679801668;46,447925;46,447925;46,447925;161,78908561043392;0,005156187582761051;0,005156187582761051
2024-04-16 13:00:00;194,65999801973362;39,559999999999995;39,559999999999995;39,559999999999995;155,09484183215085;0,005156187582761051;0,005156187582761051
2024-04-16 14:00:00;172,10146562730625;37,3658;37,3658;37,3658;134,73050943972348;0,005156187582761051;0,005156187582761051
2024-04-16 15:00:00;138,93315847354253;40,447799999999994;40,447799999999994;40,447799999999994;98,48020228595976;0,005156187582761051;0,005156187582761051
2024-04-16 16:00:00;96,61316232434628;41,36435;41,36435;41,36435;55,24365613676352;0,005156187582761051;0,005156187582761051
2024-04-16 17:00:00;51,252713360403675;40,595575;40,595575;40,595575;10,651982172820915;0,005156187582761051;0,005156187582761051
2024-04-16 18:00:00;9,454765178808026;32,605374999999995;9,454765178808026;9,449608991225265;0,0;0,005156187582761051;0,005156187582761051
2024-04-16 19:00:00;0,0;22,969582499999998;0,0;0,0;0,0;0,0;0,005156187582761051
2024-04-16 20:00:00;0,0;20,6058725;0,0;0,0;0,0;0,0;0,005156187582761051
2024-04-16 21:00:00;0,0;19,486232499999996;0,0;0,0;0,0;0,0;0,005156187582761051
2024-04-16 22:00:00;0,0;18,4740025;0,0;0,0;0,0;0,0;0,005156187582761051
2024-04-16 23:00:00;0,0;17,7389225;0,0;0,0;0,0;0,0;0,005156187582761051
2024-04-17 00:00:00;0,0;15,5335675;0,0;0,0;0,0;0,0;0,005156187582761051
2024-04-17 01:00:00;0,0;13,57138;0,0;0,0;0,0;0,0;0,005156187582761051
2024-04-17 02:00:00;0,0;12,50832;0,0;0,0;0,0;0,0;0,005156187582761051
2024-04-17 03:00:00;0,0;12,576170000000001;0,0;0,0;0,0;0,0;0,005156187582761051
2024-04-17 04:00:00;0,0;14,945457499999998;0,0;0,0;0,0;0,0;0,005156187582761051
2024-04-17 05:00:00;11,325657144148638;16,975495;11,325657144148638;11,320500956565876;0,0;0,005156187582761051;0,005156187582761051
2024-04-17 06:00:00;48,87657359374543;18,3722275;18,3722275;18,3722275;30,499189906162663;0,005156187582761051;0,005156187582761051
2024-04-17 07:00:00;95,50424778193634;24,388855;24,388855;24,388855;71,11023659435358;0,005156187582761051;0,005156187582761051
2024-04-17 08:00:00;137,8316416265456;39,430625000000006;39,430625000000006;39,430625000000006;98,39586043896283;0,005156187582761051;0,005156187582761051
2024-04-17 09:00:00;170,59677438030042;47,800325;47,800325;47,800325;122,79129319271765;0,005156187582761051;0,005156187582761051
2024-04-17 10:00:00;195,97234918600125;48,44375;48,44375;48,44375;147,5234429984185;0,005156187582761051;0,005156187582761051
2024-04-17 11:00:00;206,8077536574344;49,9261;49,9261;49,9261;156,87649746985164;0,005156187582761051;0,005156187582761051
2024-04-17 12:00:00;206,70862453890012;46,447925;46,447925;46,447925;160,25554335131736;0,005156187582761051;0,005156187582761051
2024-04-17 13:00:00;193,25369612172074;39,559999999999995;39,559999999999995;39,559999999999995;153,68853993413796;0,005156187582761051;0,005156187582761051
2024-04-17 14:00:00;171,66056298069094;37,3658;37,3658;37,3658;134,28960679310816;0,005156187582761051;0,005156187582761051
2024-04-17 15:00:00;138,58398725004852;40,447799999999994;40,447799999999994;40,447799999999994;98,13103106246575;0,005156187582761051;0,005156187582761051
2024-04-17 16:00:00;96,94162000068386;41,36435;41,36435;41,36435;55,5721138131011;0,005156187582761051;0,005156187582761051
2024-04-17 17:00:00;52,24770339345328;40,595575;40,595575;40,595575;11,646972205870519;0,005156187582761051;0,005156187582761051
2024-04-17 18:00:00;10,637079655105827;32,605374999999995;10,637079655105827;10,631923467523066;0,0;0,005156187582761051;0,005156187582761051
2024-04-17 19:00:00;0,0;22,969582499999998;0,0;0,0;0,0;0,0;0,005156187582761051
2024-04-17 20:00:00;0,0;20,6058725;0,0;0,0;0,0;0,0;0,005156187582761051
2024-04-17 21:00:00;0,0;19,486232499999996;0,0;0,0;0,0;0,0;0,005156187582761051
2024-04-17 22:00:00;0,0;18,4740025;0,0;0,0;0,0;0,0;0,005156187582761051
2024-04-17 23:00:00;0,0;17,7389225;0,0;0,0;0,0;0,0;0,005156187582761051
2024-04-18 00:00:00;0,0;15,5335675;0,0;0,0;0,0;0,0;0,005156187582761051
2024-04-18 01:00:00;0,0;13,57138;0,0;0,0;0,0;0,0;0,005156187582761051
2024-04-18 02:00:00;0,0;12,50832;0,0;0,0;0,0;0,0;0,005156187582761051
2024-04-18 03:00:00;0,0;12,576170000000001;0,0;0,0;0,0;0,0;0,005156187582761051
2024-04-18 04:00:00;0,0;14,945457499999998;0,0;0,0;0,0;0,0;0,005156187582761051
2024-04-18 05:00:00;8,398204126835951;16,975495;8,398204126835951;8,39304793925319;0,0;0,005156187582761051;0,005156187582761051
2024-04-18 06:00:00;42,60036880534925;18,3722275;18,3722275;18,3722275;24,222985117766484;0,005156187582761051;0,005156187582761051
2024-04-18 07:00:00;87,52879235717216;24,388855;24,388855;24,388855;63,13478116958941;0,005156187582761051;0,005156187582761051
2024-04-18 08:00:00;130,79865259739867;39,430625000000006;39,430625000000006;39,430625000000006;91,3628714098159;0,005156187582761051;0,005156187582761051
2024-04-18 09:00:00;158,67168937453113;47,800325;47,800325;47,800325;110,86620818694836;0,005156187582761051;0,005156187582761051
2024-04-18 10:00:00;145,5703707980935;48,44375;48,44375;48,44375;97,12146461051074;0,005156187582761051;0,005156187582761051
2024-04-18 11:00:00;151,26659626610987;49,9261;49,9261;49,9261;101,33534007852711;0,005156187582761051;0,005156187582761051
2024-04-18 12:00:00;171,01400440159404;46,447925;46,447925;46,447925;124,56092321401127;0,005156187582761051;0,005156187582761051
2024-04-18 13:00:00;159,52242434702706;39,559999999999995;39,559999999999995;39,559999999999995;119,95726815944428;0,005156187582761051;0,005156187582761051
2024-04-18 14:00:00;133,27022263488473;37,3658;37,3658;37,3658;95,89926644730195;0,005156187582761051;0,005156187582761051
2024-04-18 15:00:00;108,81344159947949;40,447799999999994;40,447799999999994;40,447799999999994;68,36048541189675;0,005156187582761051;0,005156187582761051
2024-04-18 16:00:00;81,49227290015746;41,36435;41,36435;41,36435;40,1227667125747;0,005156187582761051;0,005156187582761051
2024-04-18 17:00:00;45,046046908889764;40,595575;40,595575;40,595575;4,445315721307004;0,005156187582761051;0,005156187582761051
2024-04-18 18:00:00;10,490472127410833;32,605374999999995;10,490472127410833;10,485315939828071;0,0;0,005156187582761051;0,005156187582761051
2024-04-18 19:00:00;0,0;22,969582499999998;0,0;0,0;0,0;0,0;0,005156187582761051
2024-04-18 20:00:00;0,0;20,6058725;0,0;0,0;0,0;0,0;0,005156187582761051
2024-04-18 21:00:00;0,0;19,486232499999996;0,0;0,0;0,0;0,0;0,005156187582761051
2024-04-18 22:00:00;0,0;18,4740025;0,0;0,0;0,0;0,0;0,005156187582761051
2024-04-18 23:00:00;0,0;17,7389225;0,0;0,0;0,0;0,0;0,005156187582761051
2024-04-19 00:00:00;0,0;17,4561375;0,0;0,0;0,0;0,0;0,005156187582761051
2024-04-19 01:00:00;0,0;17,3939225;0,0;0,0;0,0;0,0;0,005156187582761051
2024-04-19 02:00:00;0,0;15,765407500000002;0,0;0,0;0,0;0,0;0,005156187582761051
2024-04-19 03:00:00;0,0;15,375212499999998;0,0;0,0;0,0;0,0;0,005156187582761051
2024-04-19 04:00:00;0,0;15,906800000000002;0,0;0,0;0,0;0,0;0,005156187582761051
2024-04-19 05:00:00;10,986073333909903;16,410040000000002;10,986073333909903;10,980917146327142;0,0;0,005156187582761051;0,005156187582761051
2024-04-19 06:00:00;47,76174089500509;16,9189725;16,9189725;16,9189725;30,83761220742233;0,005156187582761051;0,005156187582761051
2024-04-19 07:00:00;92,63394196168915;25,717564999999997;25,717564999999997;25,717564999999997;66,9112207741064;0,005156187582761051;0,005156187582761051
2024-04-19 08:00:00;133,92713798755983;38,12997499999999;38,12997499999999;38,12997499999999;95,79200679997707;0,005156187582761051;0,005156187582761051
2024-04-19 09:00:00;170,20469652341095;42,359675;42,359675;42,359675;127,83986533582816;0,005156187582761051;0,005156187582761051
2024-04-19 10:00:00;194,43436830963685;43,2078;43,2078;43,2078;151,2214121220541;0,005156187582761051;0,005156187582761051
2024-04-19 11:00:00;205,14327218950757;44,118025;44,118025;44,118025;161,0200910019248;0,005156187582761051;0,005156187582761051
2024-04-19 12:00:00;190,82281340900624;43,445275;43,445275;43,445275;147,37238222142346;0,005156187582761051;0,005156187582761051
2024-04-19 13:00:00;175,7337340750933;38,170224999999995;38,170224999999995;38,170224999999995;137,55835288751055;0,005156187582761051;0,005156187582761051
2024-04-19 14:00:00;138,5595748551856;28,477450000000005;28,477450000000005;28,477450000000005;110,07696866760281;0,005156187582761051;0,005156187582761051
2024-04-19 15:00:00;129,62907695260205;21,459805;21,459805;21,459805;108,16411576501928;0,005156187582761051;0,005156187582761051
2024-04-19 16:00:00;89,05937553812358;17,863352499999998;17,863352499999998;17,863352499999998;71,19086685054083;0,005156187582761051;0,005156187582761051
2024-04-19 17:00:00;36,57501986840816;18,061267500000003;18,061267500000003;18,061267500000003;18,508596180825396;0,005156187582761051;0,005156187582761051
2024-04-19 18:00:00;1,607178919257692;19,03388;1,607178919257692;1,602022731674931;0,0;0,005156187582761051;0,005156187582761051
2024-04-19 19:00:00;0,0;19,599335;0,0;0,0;0,0;0,0;0,005156187582761051
2024-04-19 20:00:00;0,0;20,6171425;0,0;0,0;0,0;0,0;0,005156187582761051
2024-04-19 21:00:00;0,0;19,8876975;0,0;0,0;0,0;0,0;0,005156187582761051
2024-04-19 22:00:00;0,0;18,1686775;0,0;0,0;0,0;0,0;0,005156187582761051
2024-04-19 23:00:00;0,0;16,4835825;0,0;0,0;0,0;0,0;0,005156187582761051
2024-04-20 00:00:00;0,0;14,8153925;0,0;0,0;0,0;0,0;0,005156187582761051
2024-04-20 01:00:00;0,0;12,836242499999999;0,0;0,0;0,0;0,0;0,005156187582761051
2024-04-20 02:00:00;0,0;11,0493725;0,0;0,0;0,0;0,0;0,005156187582761051
2024-04-20 03:00:00;0,0;10,110685;0,0;0,0;0,0;0,0;0,005156187582761051
2024-04-20 04:00:00;0,0;9,87321;0,0;0,0;0,0;0,0;0,005156187582761051
2024-04-20 05:00:00;2,298042296183118;10,235115;2,298042296183118;2,292886108600357;0,0;0,005156187582761051;0,005156187582761051
2024-04-20 06:00:00;22,469981978333614;10,285945;10,285945;10,285945;12,178880790750855;0,005156187582761051;0,005156187582761051
2024-04-20 07:00:00;31,878666912414012;11,286905;11,286905;11,286905;20,58660572483125;0,005156187582761051;0,005156187582761051
2024-04-20 08:00:00;66,34571347288548;12,0445825;12,0445825;12,0445825;54,29597478530272;0,005156187582761051;0,005156187582761051
2024-04-20 09:00:00;120,20145391826436;13,797527500000001;13,797527500000001;13,797527500000001;106,3987702306816;0,005156187582761051;0,005156187582761051
2024-04-20 10:00:00;129,68308012911703;15,624072499999999;15,624072499999999;15,624072499999999;114,05385144153426;0,005156187582761051;0,005156187582761051
2024-04-20 11:00:00;122,12411495610522;17,37696;17,37696;17,37696;104,74199876852246;0,005156187582761051;0,005156187582761051
2024-04-20 12:00:00;150,83161177582497;18,722862499999998;18,722862499999998;18,722862499999998;132,1035930882422;0,005156187582761051;0,005156187582761051
2024-04-20 13:00:00;112,85406283406459;18,3892475;18,3892475;18,3892475;94,45965914648184;0,005156187582761051;0,005156187582761051
2024-04-20 14:00:00;106,51867648236433;16,7889075;16,7889075;16,7889075;89,72461279478156;0,005156187582761051;0,005156187582761051
2024-04-20 15:00:00;81,49449220878137;15,120775;15,120775;15,120775;66,36856102119862;0,005156187582761051;0,005156187582761051
2024-04-20 16:00:00;69,80909253439354;14,029425;14,029425;14,029425;55,77451134681078;0,005156187582761051;0,005156187582761051
2024-04-20 17:00:00;26,807028868117957;16,387385000000002;16,387385000000002;16,387385000000002;10,414487680535196;0,005156187582761051;0,005156187582761051
2024-04-20 18:00:00;17,29647766820043;18,15735;17,29647766820043;17,291321480617672;0,0;0,005156187582761051;0,005156187582761051
2024-04-20 19:00:00;0,0;19,028129999999997;0,0;0,0;0,0;0,0;0,005156187582761051
2024-04-20 20:00:00;0,0;19,972452500000003;0,0;0,0;0,0;0,0;0,005156187582761051
2024-04-20 21:00:00;0,0;18,7850775;0,0;0,0;0,0;0,0;0,005156187582761051
2024-04-20 22:00:00;0,0;16,4778325;0,0;0,0;0,0;0,0;0,005156187582761051
2024-04-20 23:00:00;0,0;14,696655;0,0;0,0;0,0;0,0;0,005156187582761051
2024-04-21 00:00:00;0,0;15,5335675;0,0;0,0;0,0;0,0;0,005156187582761051
2024-04-21 01:00:00;0,0;13,57138;0,0;0,0;0,0;0,0;0,005156187582761051
2024-04-21 02:00:00;0,0;12,50832;0,0;0,0;0,0;0,0;0,005156187582761051
2024-04-21 03:00:00;0,0;12,576170000000001;0,0;0,0;0,0;0,0;0,005156187582761051
2024-04-21 04:00:00;0,0;14,945457499999998;0,0;0,0;0,0;0,0;0,005156187582761051
2024-04-21 05:00:00;0,8264853269321064;16,975495;0,8264853269321064;0,8213291393493454;0,0;0,005156187582761051;0,005156187582761051
2024-04-21 06:00:00;38,59303720012268;18,3722275;18,3722275;18,3722275;20,215653512539916;0,005156187582761051;0,005156187582761051
2024-04-21 07:00:00;67,56759082425204;24,388855;24,388855;24,388855;43,17357963666928;0,005156187582761051;0,005156187582761051
2024-04-21 08:00:00;63,282845641037675;39,430625000000006;39,430625000000006;39,430625000000006;23,847064453454905;0,005156187582761051;0,005156187582761051
2024-04-21 09:00:00;86,98802082248127;47,800325;47,800325;47,800325;39,18253963489852;0,005156187582761051;0,005156187582761051
2024-04-21 10:00:00;98,3279481210816;48,44375;48,44375;48,44375;49,87904193349885;0,005156187582761051;0,005156187582761051
2024-04-21 11:00:00;100,47401956039529;49,9261;49,9261;49,9261;50,54276337281254;0,005156187582761051;0,005156187582761051
2024-04-21 12:00:00;125,64467820315582;46,447925;46,447925;46,447925;79,19159701557307;0,005156187582761051;0,005156187582761051
2024-04-21 13:00:00;99,69652177248811;39,559999999999995;39,559999999999995;39,559999999999995;60,13136558490536;0,005156187582761051;0,005156187582761051
2024-04-21 14:00:00;96,33944759406499;37,3658;37,3658;37,3658;58,96849140648224;0,005156187582761051;0,005156187582761051
2024-04-21 15:00:00;91,91488596754476;40,447799999999994;40,447799999999994;40,447799999999994;51,46192977996201;0,005156187582761051;0,005156187582761051
2024-04-21 16:00:00;88,02961633663281;41,36435;41,36435;41,36435;46,660110149050055;0,005156187582761051;0,005156187582761051
2024-04-21 17:00:00;59,8910022941734;40,595575;40,595575;40,595575;19,290271106590637;0,005156187582761051;0,005156187582761051
2024-04-21 18:00:00;17,5338327255268;32,605374999999995;17,5338327255268;17,52867653794404;0,0;0,005156187582761051;0,005156187582761051
2024-04-21 19:00:00;0,0;22,969582499999998;0,0;0,0;0,0;0,0;0,005156187582761051
2024-04-21 20:00:00;0,0;20,6058725;0,0;0,0;0,0;0,0;0,005156187582761051
2024-04-21 21:00:00;0,0;19,486232499999996;0,0;0,0;0,0;0,0;0,005156187582761051
2024-04-21 22:00:00;0,0;18,4740025;0,0;0,0;0,0;0,0;0,005156187582761051
2024-04-21 23:00:00;0,0;17,7389225;0,0;0,0;0,0;0,0;0,005156187582761051
2024-04-22 00:00:00;0,0;15,5335675;0,0;0,0;0,0;0,0;0,005156187582761051
2024-04-22 01:00:00;0,0;13,57138;0,0;0,0;0,0;0,0;0,005156187582761051
2024-04-22 02:00:00;0,0;12,50832;0,0;0,0;0,0;0,0;0,005156187582761051
2024-04-22 03:00:00;0,0;12,576170000000001;0,0;0,0;0,0;0,0;0,005156187582761051
2024-04-22 04:00:00;0,0;14,945457499999998;0,0;0,0;0,0;0,0;0,005156187582761051
2024-04-22 05:00:00;13,207956355816101;16,975495;13,207956355816101;13,20280016823334;0,0;0,005156187582761051;0,005156187582761051
2024-04-22 06:00:00;54,406055007152574;18,3722275;18,3722275;18,3722275;36,02867131956981;0,005156187582761051;0,005156187582761051
2024-04-22 07:00:00;100,01758175341268;24,388855;24,388855;24,388855;75,62357056582994;0,005156187582761051;0,005156187582761051
2024-04-22 08:00:00;146,22358730306215;39,430625000000006;39,430625000000006;39,430625000000006;106,78780611547937;0,005156187582761051;0,005156187582761051
2024-04-22 09:00:00;177,55504668577592;47,800325;47,800325;47,800325;129,74956549819314;0,005156187582761051;0,005156187582761051
2024-04-22 10:00:00;196,1913209702263;48,44375;48,44375;48,44375;147,74241478264352;0,005156187582761051;0,005156187582761051
2024-04-22 11:00:00;211,87887386305158;49,9261;49,9261;49,9261;161,94761767546882;0,005156187582761051;0,005156187582761051
2024-04-22 12:00:00;215,54961032698628;46,447925;46,447925;46,447925;169,09652913940351;0,005156187582761051;0,005156187582761051
2024-04-22 13:00:00;204,2030251025142;39,559999999999995;39,559999999999995;39,559999999999995;164,63786891493143;0,005156187582761051;0,005156187582761051
2024-04-22 14:00:00;182,48635044808722;37,3658;37,3658;37,3658;145,11539426050444;0,005156187582761051;0,005156187582761051
2024-04-22 15:00:00;148,82461701027583;40,447799999999994;40,447799999999994;40,447799999999994;108,37166082269306;0,005156187582761051;0,005156187582761051
2024-04-22 16:00:00;105,79148302326563;41,36435;41,36435;41,36435;64,42197683568287;0,005156187582761051;0,005156187582761051
2024-04-22 17:00:00;60,056710671424774;40,595575;40,595575;40,595575;19,455979483842015;0,005156187582761051;0,005156187582761051
2024-04-22 18:00:00;15,978215743297776;32,605374999999995;15,978215743297776;15,973059555715015;0,0;0,005156187582761051;0,005156187582761051
2024-04-22 19:00:00;0,0;22,969582499999998;0,0;0,0;0,0;0,0;0,005156187582761051
2024-04-22 20:00:00;0,0;20,6058725;0,0;0,0;0,0;0,0;0,005156187582761051
2024-04-22 21:00:00;0,0;19,486232499999996;0,0;0,0;0,0;0,0;0,005156187582761051
2024-04-22 22:00:00;0,0;18,4740025;0,0;0,0;0,0;0,0;0,005156187582761051
2024-04-22 23:00:00;0,0;17,7389225;0,0;0,0;0,0;0,0;0,005156187582761051
2024-04-23 00:00:00;0,0;15,5335675;0,0;0,0;0,0;0,0;0,005156187582761051
2024-04-23 01:00:00;0,0;13,57138;0,0;0,0;0,0;0,0;0,005156187582761051
2024-04-23 02:00:00;0,0;12,50832;0,0;0,0;0,0;0,0;0,005156187582761051
2024-04-23 03:00:00;0,0;12,576170000000001;0,0;0,0;0,0;0,0;0,005156187582761051
2024-04-23 04:00:00;0,0;14,945457499999998;0,0;0,0;0,0;0,0;0,005156187582761051
2024-04-23 05:00:00;0,7708250666446324;16,975495;0,7708250666446324;0,7656688790618713;0,0;0,005156187582761051;0,005156187582761051
2024-04-23 06:00:00;17,673101739372093;18,3722275;17,673101739372093;17,667945551789334;0,0;0,005156187582761051;0,005156187582761051
2024-04-23 07:00:00;43,95488683547105;24,388855;24,388855;24,388855;19,560875647888288;0,005156187582761051;0,005156187582761051
2024-04-23 08:00:00;74,20480314880304;39,430625000000006;39,430625000000006;39,430625000000006;34,769021961220275;0,005156187582761051;0,005156187582761051
2024-04-23 09:00:00;125,05434210919778;47,800325;47,800325;47,800325;77,24886092161502;0,005156187582761051;0,005156187582761051
2024-04-23 10:00:00;164,53140391117492;48,44375;48,44375;48,44375;116,08249772359216;0,005156187582761051;0,005156187582761051
2024-04-23 11:00:00;190,23469662367205;49,9261;49,9261;49,9261;140,3034404360893;0,005156187582761051;0,005156187582761051
2024-04-23 12:00:00;207,0829479267983;46,447925;46,447925;46,447925;160,62986673921554;0,005156187582761051;0,005156187582761051
2024-04-23 13:00:00;199,77698393691136;39,559999999999995;39,559999999999995;39,559999999999995;160,2118277493286;0,005156187582761051;0,005156187582761051
2024-04-23 14:00:00;177,40413369935055;37,3658;37,3658;37,3658;140,03317751176778;0,005156187582761051;0,005156187582761051
2024-04-23 15:00:00;145,07324566633935;40,447799999999994;40,447799999999994;40,447799999999994;104,62028947875658;0,005156187582761051;0,005156187582761051
2024-04-23 16:00:00;103,98570557295031;41,36435;41,36435;41,36435;62,61619938536755;0,005156187582761051;0,005156187582761051
2024-04-23 17:00:00;58,50985256056476;40,595575;40,595575;40,595575;17,909121372982;0,005156187582761051;0,005156187582761051
2024-04-23 18:00:00;18,400435754683652;32,605374999999995;18,400435754683652;18,395279567100893;0,0;0,005156187582761051;0,005156187582761051
2024-04-23 19:00:00;0,0;22,969582499999998;0,0;0,0;0,0;0,0;0,005156187582761051
2024-04-23 20:00:00;0,0;20,6058725;0,0;0,0;0,0;0,0;0,005156187582761051
2024-04-23 21:00:00;0,0;19,486232499999996;0,0;0,0;0,0;0,0;0,005156187582761051
2024-04-23 22:00:00;0,0;18,4740025;0,0;0,0;0,0;0,0;0,005156187582761051
2024-04-23 23:00:00;0,0;17,7389225;0,0;0,0;0,0;0,0;0,005156187582761051
2024-04-24 00:00:00;0,0;15,5335675;0,0;0,0;0,0;0,0;0,005156187582761051
2024-04-24 01:00:00;0,0;13,57138;0,0;0,0;0,0;0,0;0,005156187582761051
2024-04-24 02:00:00;0,0;12,50832;0,0;0,0;0,0;0,0;0,005156187582761051
2024-04-24 03:00:00;0,0;12,576170000000001;0,0;0,0;0,0;0,0;0,005156187582761051
2024-04-24 04:00:00;0,0;14,945457499999998;0,0;0,0;0,0;0,0;0,005156187582761051
2024-04-24 05:00:00;14,492233267991397;16,975495;14,492233267991397;14,487077080408636;0,0;0,005156187582761051;0,005156187582761051
2024-04-24 06:00:00;59,00335282156654;18,3722275;18,3722275;18,3722275;40,62596913398377;0,005156187582761051;0,005156187582761051
2024-04-24 07:00:00;103,46712712449843;24,388855;24,388855;24,388855;79,07311593691568;0,005156187582761051;0,005156187582761051
2024-04-24 08:00:00;144,63900094559577;39,430625000000006;39,430625000000006;39,430625000000006;105,20321975801299;0,005156187582761051;0,005156187582761051
2024-04-24 09:00:00;176,95731289640483;47,800325;47,800325;47,800325;129,15183170882204;0,005156187582761051;0,005156187582761051
2024-04-24 10:00:00;202,81891629074042;48,44375;48,44375;48,44375;154,37001010315765;0,005156187582761051;0,005156187582761051
2024-04-24 11:00:00;213,77934181465335;49,9261;49,9261;49,9261;163,8480856270706;0,005156187582761051;0,005156187582761051
2024-04-24 12:00:00;214,69443673724248;46,447925;46,447925;46,447925;168,24135554965972;0,005156187582761051;0,005156187582761051
2024-04-24 13:00:00;201,1492564360244;39,559999999999995;39,559999999999995;39,559999999999995;161,58410024844162;0,005156187582761051;0,005156187582761051
2024-04-24 14:00:00;178,92509987626508;37,3658;37,3658;37,3658;141,5541436886823;0,005156187582761051;0,005156187582761051
2024-04-24 15:00:00;145,89882847443107;40,447799999999994;40,447799999999994;40,447799999999994;105,4458722868483;0,005156187582761051;0,005156187582761051
2024-04-24 16:00:00;104,29492924121406;41,36435;41,36435;41,36435;62,925423053631306;0,005156187582761051;0,005156187582761051
2024-04-24 17:00:00;59,38721923654753;40,595575;40,595575;40,595575;18,78648804896477;0,005156187582761051;0,005156187582761051
2024-04-24 18:00:00;15,971994281455435;32,605374999999995;15,971994281455435;15,966838093872674;0,0;0,005156187582761051;0,005156187582761051
2024-04-24 19:00:00;0,0;22,969582499999998;0,0;0,0;0,0;0,0;0,005156187582761051
2024-04-24 20:00:00;0,0;20,6058725;0,0;0,0;0,0;0,0;0,005156187582761051
2024-04-24 21:00:00;0,0;19,486232499999996;0,0;0,0;0,0;0,0;0,005156187582761051
2024-04-24 22:00:00;0,0;18,4740025;0,0;0,0;0,0;0,0;0,005156187582761051
2024-04-24 23:00:00;0,0;17,7389225;0,0;0,0;0,0;0,0;0,005156187582761051
2024-04-25 00:00:00;0,0;15,5335675;0,0;0,0;0,0;0,0;0,005156187582761051
2024-04-25 01:00:00;0,0;13,57138;0,0;0,0;0,0;0,0;0,005156187582761051
2024-04-25 02:00:00;0,0;12,50832;0,0;0,0;0,0;0,0;0,005156187582761051
2024-04-25 03:00:00;0,0;12,576170000000001;0,0;0,0;0,0;0,0;0,005156187582761051
2024-04-25 04:00:00;0,0;14,945457499999998;0,0;0,0;0,0;0,0;0,005156187582761051
2024-04-25 05:00:00;15,79639518543686;16,975495;15,79639518543686;15,791238997854098;0,0;0,005156187582761051;0,005156187582761051
2024-04-25 06:00:00;48,92391884438869;18,3722275;18,3722275;18,3722275;30,546535156805923;0,005156187582761051;0,005156187582761051
2024-04-25 07:00:00;92,93280885637469;24,388855;24,388855;24,388855;68,53879766879194;0,005156187582761051;0,005156187582761051
2024-04-25 08:00:00;124,27610455174928;39,430625000000006;39,430625000000006;39,430625000000006;84,84032336416652;0,005156187582761051;0,005156187582761051
2024-04-25 09:00:00;127,01547116318625;47,800325;47,800325;47,800325;79,20998997560349;0,005156187582761051;0,005156187582761051
2024-04-25 10:00:00;161,34299718816837;48,44375;48,44375;48,44375;112,8940910005856;0,005156187582761051;0,005156187582761051
2024-04-25 11:00:00;130,44430298711558;49,9261;49,9261;49,9261;80,51304679953282;0,005156187582761051;0,005156187582761051
2024-04-25 12:00:00;77,88589638631593;46,447925;46,447925;46,447925;31,43281519873318;0,005156187582761051;0,005156187582761051
2024-04-25 13:00:00;33,840905620714445;39,559999999999995;33,840905620714445;33,83574943313168;0,0;0,005156187582761051;0,005156187582761051
2024-04-25 14:00:00;22,630955830520673;37,3658;22,630955830520673;22,625799642937913;0,0;0,005156187582761051;0,005156187582761051
2024-04-25 15:00:00;20,686323637303197;40,447799999999994;20,686323637303197;20,681167449720437;0,0;0,005156187582761051;0,005156187582761051
2024-04-25 16:00:00;14,230132919508518;41,36435;14,230132919508518;14,224976731925757;0,0;0,005156187582761051;0,005156187582761051
2024-04-25 17:00:00;12,939604954709228;40,595575;12,939604954709228;12,934448767126467;0,0;0,005156187582761051;0,005156187582761051
2024-04-25 18:00:00;1,7648164108134843;32,605374999999995;1,7648164108134843;1,7596602232307232;0,0;0,005156187582761051;0,005156187582761051
2024-04-25 19:00:00;0,0;22,969582499999998;0,0;0,0;0,0;0,0;0,005156187582761051
2024-04-25 20:00:00;0,0;20,6058725;0,0;0,0;0,0;0,0;0,005156187582761051
2024-04-25 21:00:00;0,0;19,486232499999996;0,0;0,0;0,0;0,0;0,005156187582761051
2024-04-25 22:00:00;0,0;18,4740025;0,0;0,0;0,0;0,0;0,005156187582761051
2024-04-25 23:00:00;0,0;17,7389225;0,0;0,0;0,0;0,0;0,005156187582761051
2024-04-26 00:00:00;0,0;17,4561375;0,0;0,0;0,0;0,0;0,005156187582761051
2024-04-26 01:00:00;0,0;17,3939225;0,0;0,0;0,0;0,0;0,005156187582761051
2024-04-26 02:00:00;0,0;15,765407500000002;0,0;0,0;0,0;0,0;0,005156187582761051
2024-04-26 03:00:00;0,0;15,375212499999998;0,0;0,0;0,0;0,0;0,005156187582761051
2024-04-26 04:00:00;0,0;15,906800000000002;0,0;0,0;0,0;0,0;0,005156187582761051
2024-04-26 05:00:00;7,556279809576896;16,410040000000002;7,556279809576896;7,551123621994135;0,0;0,005156187582761051;0,005156187582761051
2024-04-26 06:00:00;48,437150486212744;16,9189725;16,9189725;16,9189725;31,513021798629982;0,005156187582761051;0,005156187582761051
2024-04-26 07:00:00;92,66131343471729;25,717564999999997;25,717564999999997;25,717564999999997;66,93859224713454;0,005156187582761051;0,005156187582761051
2024-04-26 08:00:00;100,64268701581189;38,12997499999999;38,12997499999999;38,12997499999999;62,507555828229144;0,005156187582761051;0,005156187582761051
2024-04-26 09:00:00;107,73781668642808;42,359675;42,359675;42,359675;65,37298549884531;0,005156187582761051;0,005156187582761051
2024-04-26 10:00:00;93,88489225602885;43,2078;43,2078;43,2078;50,671936068446094;0,005156187582761051;0,005156187582761051
2024-04-26 11:00:00;44,14870645529187;44,118025;44,118025;44,118025;0,02552526770910646;0,005156187582761051;0,005156187582761051
2024-04-26 12:00:00;38,26309998470251;43,445275;38,26309998470251;38,257943797119744;0,0;0,005156187582761051;0,005156187582761051
2024-04-26 13:00:00;42,35106646993086;38,170224999999995;38,170224999999995;38,170224999999995;4,175685282348105;0,005156187582761051;0,005156187582761051
2024-04-26 14:00:00;37,087384252713115;28,477450000000005;28,477450000000005;28,477450000000005;8,604778065130347;0,005156187582761051;0,005156187582761051
2024-04-26 15:00:00;71,82422476489698;21,459805;21,459805;21,459805;50,35926357731422;0,005156187582761051;0,005156187582761051
2024-04-26 16:00:00;80,40851052215174;17,863352499999998;17,863352499999998;17,863352499999998;62,54000183456899;0,005156187582761051;0,005156187582761051
2024-04-26 17:00:00;30,21825417696431;18,061267500000003;18,061267500000003;18,061267500000003;12,151830489381549;0,005156187582761051;0,005156187582761051
2024-04-26 18:00:00;6,454430066286382;19,03388;6,454430066286382;6,449273878703621;0,0;0,005156187582761051;0,005156187582761051
2024-04-26 19:00:00;0,0;19,599335;0,0;0,0;0,0;0,0;0,005156187582761051
2024-04-26 20:00:00;0,0;20,6171425;0,0;0,0;0,0;0,0;0,005156187582761051
2024-04-26 21:00:00;0,0;19,8876975;0,0;0,0;0,0;0,0;0,005156187582761051
2024-04-26 22:00:00;0,0;18,1686775;0,0;0,0;0,0;0,0;0,005156187582761051
2024-04-26 23:00:00;0,0;16,4835825;0,0;0,0;0,0;0,0;0,005156187582761051
2024-04-27 00:00:00;0,0;14,8153925;0,0;0,0;0,0;0,0;0,005156187582761051
2024-04-27 01:00:00;0,0;12,836242499999999;0,0;0,0;0,0;0,0;0,005156187582761051
2024-04-27 02:00:00;0,0;11,0493725;0,0;0,0;0,0;0,0;0,005156187582761051
2024-04-27 03:00:00;0,0;10,110685;0,0;0,0;0,0;0,0;0,005156187582761051
2024-04-27 04:00:00;0,0;9,87321;0,0;0,0;0,0;0,0;0,005156187582761051
2024-04-27 05:00:00;11,50297250550303;10,235115;10,235115;10,235115;1,2627013179202677;0,005156187582761051;0,005156187582761051
2024-04-27 06:00:00;60,343001483908196;10,285945;10,285945;10,285945;50,051900296325435;0,005156187582761051;0,005156187582761051
2024-04-27 07:00:00;108,6477332222281;11,286905;11,286905;11,286905;97,35567203464534;0,005156187582761051;0,005156187582761051
2024-04-27 08:00:00;150,24201545140818;12,0445825;12,0445825;12,0445825;138,19227676382542;0,005156187582761051;0,005156187582761051
2024-04-27 09:00:00;180,36099255592993;13,797527500000001;13,797527500000001;13,797527500000001;166,55830886834715;0,005156187582761051;0,005156187582761051
2024-04-27 10:00:00;201,90825998539904;15,624072499999999;15,624072499999999;15,624072499999999;186,27903129781626;0,005156187582761051;0,005156187582761051
2024-04-27 11:00:00;216,16657812443117;17,37696;17,37696;17,37696;198,7844619368484;0,005156187582761051;0,005156187582761051
2024-04-27 12:00:00;217,60764919088513;18,722862499999998;18,722862499999998;18,722862499999998;198,87963050330237;0,005156187582761051;0,005156187582761051
2024-04-27 13:00:00;203,48174979974593;18,3892475;18,3892475;18,3892475;185,08734611216315;0,005156187582761051;0,005156187582761051
2024-04-27 14:00:00;172,53571034804983;16,7889075;16,7889075;16,7889075;155,74164666046707;0,005156187582761051;0,005156187582761051
2024-04-27 15:00:00;134,18457778793254;15,120775;15,120775;15,120775;119,05864660034977;0,005156187582761051;0,005156187582761051
2024-04-27 16:00:00;90,0684211924579;14,029425;14,029425;14,029425;76,03384000487515;0,005156187582761051;0,005156187582761051
2024-04-27 17:00:00;53,50087299641688;16,387385000000002;16,387385000000002;16,387385000000002;37,108331808834116;0,005156187582761051;0,005156187582761051
2024-04-27 18:00:00;19,791868284916372;18,15735;18,15735;18,15735;1,6293620973336118;0,005156187582761051;0,005156187582761051
2024-04-27 19:00:00;0,0;19,028129999999997;0,0;0,0;0,0;0,0;0,005156187582761051
2024-04-27 20:00:00;0,0;19,972452500000003;0,0;0,0;0,0;0,0;0,005156187582761051
2024-04-27 21:00:00;0,0;18,7850775;0,0;0,0;0,0;0,0;0,005156187582761051
2024-04-27 22:00:00;0,0;16,4778325;0,0;0,0;0,0;0,0;0,005156187582761051
2024-04-27 23:00:00;0,0;14,696655;0,0;0,0;0,0;0,0;0,005156187582761051
2024-04-28 00:00:00;0,0;15,5335675;0,0;0,0;0,0;0,0;0,005156187582761051
2024-04-28 01:00:00;0,0;13,57138;0,0;0,0;0,0;0,0;0,005156187582761051
2024-04-28 02:00:00;0,0;12,50832;0,0;0,0;0,0;0,0;0,005156187582761051
2024-04-28 03:00:00;0,0;12,576170000000001;0,0;0,0;0,0;0,0;0,005156187582761051
2024-04-28 04:00:00;0,0;14,945457499999998;0,0;0,0;0,0;0,0;0,005156187582761051
2024-04-28 05:00:00;16,527191322201706;16,975495;16,527191322201706;16,522035134618946;0,0;0,005156187582761051;0,005156187582761051
2024-04-28 06:00:00;44,70945176759789;18,3722275;18,3722275;18,3722275;26,332068080015127;0,005156187582761051;0,005156187582761051
2024-04-28 07:00:00;86,99393897881168;24,388855;24,388855;24,388855;62,59992779122893;0,005156187582761051;0,005156187582761051
2024-04-28 08:00:00;129,54474322489375;39,430625000000006;39,430625000000006;39,430625000000006;90,10896203731097;0,005156187582761051;0,005156187582761051
2024-04-28 09:00:00;163,23754698343978;47,800325;47,800325;47,800325;115,43206579585701;0,005156187582761051;0,005156187582761051
2024-04-28 10:00:00;163,44838130271052;48,44375;48,44375;48,44375;114,99947511512775;0,005156187582761051;0,005156187582761051
2024-04-28 11:00:00;162,51553191113018;49,9261;49,9261;49,9261;112,58427572354742;0,005156187582761051;0,005156187582761051
2024-04-28 12:00:00;165,09954691889396;46,447925;46,447925;46,447925;118,6464657313112;0,005156187582761051;0,005156187582761051
2024-04-28 13:00:00;175,57098477600712;39,559999999999995;39,559999999999995;39,559999999999995;136,00582858842435;0,005156187582761051;0,005156187582761051
2024-04-28 14:00:00;150,07038891782642;37,3658;37,3658;37,3658;112,69943273024364;0,005156187582761051;0,005156187582761051
2024-04-28 15:00:00;98,62607524622584;40,447799999999994;40,447799999999994;40,447799999999994;58,17311905864309;0,005156187582761051;0,005156187582761051
2024-04-28 16:00:00;56,05529722252862;41,36435;41,36435;41,36435;14,685791034945858;0,005156187582761051;0,005156187582761051
2024-04-28 17:00:00;35,709193597269675;40,595575;35,709193597269675;35,70403740968691;0,0;0,005156187582761051;0,005156187582761051
2024-04-28 18:00:00;12,08687260445177;32,605374999999995;12,08687260445177;12,081716416869009;0,0;0,005156187582761051;0,005156187582761051
2024-04-28 19:00:00;0,0;22,969582499999998;0,0;0,0;0,0;0,0;0,005156187582761051
2024-04-28 20:00:00;0,0;20,6058725;0,0;0,0;0,0;0,0;0,005156187582761051
2024-04-28 21:00:00;0,0;19,486232499999996;0,0;0,0;0,0;0,0;0,005156187582761051
2024-04-28 22:00:00;0,0;18,4740025;0,0;0,0;0,0;0,0;0,005156187582761051
2024-04-28 23:00:00;0,0;17,7389225;0,0;0,0;0,0;0,0;0,005156187582761051
2024-04-29 00:00:00;0,0;15,5335675;0,0;0,0;0,0;0,0;0,005156187582761051
2024-04-29 01:00:00;0,0;13,57138;0,0;0,0;0,0;0,0;0,005156187582761051
2024-04-29 02:00:00;0,0;12,50832;0,0;0,0;0,0;0,0;0,005156187582761051
2024-04-29 03:00:00;0,0;12,576170000000001;0,0;0,0;0,0;0,0;0,005156187582761051
2024-04-29 04:00:00;0,0;14,945457499999998;0,0;0,0;0,0;0,0;0,005156187582761051
2024-04-29 05:00:00;4,979462759449976;16,975495;4,979462759449976;4,974306571867214;0,0;0,005156187582761051;0,005156187582761051
2024-04-29 06:00:00;46,99563555803395;18,3722275;18,3722275;18,3722275;28,61825187045119;0,005156187582761051;0,005156187582761051
2024-04-29 07:00:00;40,02745034070497;24,388855;24,388855;24,388855;15,633439153122211;0,005156187582761051;0,005156187582761051
2024-04-29 08:00:00;115,3648406572396;39,430625000000006;39,430625000000006;39,430625000000006;75,92905946965683;0,005156187582761051;0,005156187582761051
2024-04-29 09:00:00;163,8522954722608;47,800325;47,800325;47,800325;116,04681428467804;0,005156187582761051;0,005156187582761051
2024-04-29 10:00:00;136,1286921424711;48,44375;48,44375;48,44375;87,67978595488833;0,005156187582761051;0,005156187582761051
2024-04-29 11:00:00;167,38913364922;49,9261;49,9261;49,9261;117,45787746163725;0,005156187582761051;0,005156187582761051
2024-04-29 12:00:00;173,93017593340187;46,447925;46,447925;46,447925;127,4770947458191;0,005156187582761051;0,005156187582761051
2024-04-29 13:00:00;98,72964298200795;39,559999999999995;39,559999999999995;39,559999999999995;59,164486794425194;0,005156187582761051;0,005156187582761051
2024-04-29 14:00:00;53,56893179421655;37,3658;37,3658;37,3658;16,19797560663379;0,005156187582761051;0,005156187582761051
2024-04-29 15:00:00;62,43285043808302;40,447799999999994;40,447799999999994;40,447799999999994;21,979894250500266;0,005156187582761051;0,005156187582761051
2024-04-29 16:00:00;67,3471395009444;41,36435;41,36435;41,36435;25,977633313361636;0,005156187582761051;0,005156187582761051
2024-04-29 17:00:00;30,236452507680312;40,595575;30,236452507680312;30,231296320097552;0,0;0,005156187582761051;0,005156187582761051
2024-04-29 18:00:00;2,5083291859932904;32,605374999999995;2,5083291859932904;2,503172998410529;0,0;0,005156187582761051;0,005156187582761051
2024-04-29 19:00:00;0,0;22,969582499999998;0,0;0,0;0,0;0,0;0,005156187582761051
2024-04-29 20:00:00;0,0;20,6058725;0,0;0,0;0,0;0,0;0,005156187582761051
2024-04-29 21:00:00;0,0;19,486232499999996;0,0;0,0;0,0;0,0;0,005156187582761051
2024-04-29 22:00:00;0,0;18,4740025;0,0;0,0;0,0;0,0;0,005156187582761051
2024-04-29 23:00:00;0,0;17,7389225;0,0;0,0;0,0;0,0;0,005156187582761051
2024-04-30 00:00:00;0,0;15,5335675;0,0;0,0;0,0;0,0;0,005156187582761051
2024-04-30 01:00:00;0,0;13,57138;0,0;0,0;0,0;0,0;0,005156187582761051
2024-04-30 02:00:00;0,0;12,50832;0,0;0,0;0,0;0,0;0,005156187582761051
2024-04-30 03:00:00;0,0;12,576170000000001;0,0;0,0;0,0;0,0;0,005156187582761051
2024-04-30 04:00:00;0,08918661589922733;14,945457499999998;0,08918661589922733;0,08403042831646627;0,0;0,005156187582761051;0,005156187582761051
2024-04-30 05:00:00;15,815029980182228;16,975495;15,815029980182228;15,809873792599467;0,0;0,005156187582761051;0,005156187582761051
2024-04-30 06:00:00;52,024514922842826;18,3722275;18,3722275;18,3722275;33,64713123526006;0,005156187582761051;0,005156187582761051
2024-04-30 07:00:00;95,70324578854628;24,388855;24,388855;24,388855;71,30923460096352;0,005156187582761051;0,005156187582761051
2024-04-30 08:00:00;142,43300817343672;39,430625000000006;39,430625000000006;39,430625000000006;102,99722698585394;0,005156187582761051;0,005156187582761051
2024-04-30 09:00:00;177,36640545274417;47,800325;47,800325;47,800325;129,56092426516142;0,005156187582761051;0,005156187582761051
2024-04-30 10:00:00;201,2476457850174;48,44375;48,44375;48,44375;152,79873959743463;0,005156187582761051;0,005156187582761051
2024-04-30 11:00:00;212,22508600838032;49,9261;49,9261;49,9261;162,29382982079755;0,005156187582761051;0,005156187582761051
2024-04-30 12:00:00;213,0343938865634;46,447925;46,447925;46,447925;166,58131269898064;0,005156187582761051;0,005156187582761051
2024-04-30 13:00:00;202,1531237035696;39,559999999999995;39,559999999999995;39,559999999999995;162,58796751598683;0,005156187582761051;0,005156187582761051
2024-04-30 14:00:00;178,40060327148277;37,3658;37,3658;37,3658;141,0296470839;0,005156187582761051;0,005156187582761051
2024-04-30 15:00:00;146,0223699878283;40,447799999999994;40,447799999999994;40,447799999999994;105,56941380024554;0,005156187582761051;0,005156187582761051
2024-04-30 16:00:00;107,1223284280658;41,36435;41,36435;41,36435;65,75282224048304;0,005156187582761051;0,005156187582761051
2024-04-30 17:00:00;62,1362028520214;40,595575;40,595575;40,595575;21,53547166443864;0,005156187582761051;0,005156187582761051
2024-04-30 18:00:00;19,2829068405014;32,605374999999995;19,2829068405014;19,27775065291864;0,0;0,005156187582761051;0,005156187582761051
2024-04-30 19:00:00;0,0;22,969582499999998;0,0;0,0;0,0;0,0;0,005156187582761051
2024-04-30 20:00:00;0,0;20,6058725;0,0;0,0;0,0;0,0;0,005156187582761051
2024-04-30 21:00:00;0,0;19,486232499999996;0,0;0,0;0,0;0,0;0,005156187582761051
2024-04-30 22:00:00;0,0;18,4740025;0,0;0,0;0,0;0,0;0,005156187582761051
2024-04-30 23:00:00;0,0;17,7389225;0,0;0,0;0,0;0,0;0,005156187582761051
2024-05-01 00:00:00;0,0;15,5335675;0,0;0,0;0,0;0,0;0,005156187582761051
2024-05-01 01:00:00;0,0;13,57138;0,0;0,0;0,0;0,0;0,005156187582761051
2024-05-01 02:00:00;0,0;12,50832;0,0;0,0;0,0;0,0;0,005156187582761051
2024-05-01 03:00:00;0,0;12,576170000000001;0,0;0,0;0,0;0,0;0,005156187582761051
2024-05-01 04:00:00;0,9114922449229841;14,945457499999998;0,9114922449229841;0,906336057340223;0,0;0,005156187582761051;0,005156187582761051
2024-05-01 05:00:00;23,22987325115782;16,975495;16,975495;16,975495;6,249222063575061;0,005156187582761051;0,005156187582761051
2024-05-01 06:00:00;64,75868587593281;18,3722275;18,3722275;18,3722275;46,381302188350055;0,005156187582761051;0,005156187582761051
2024-05-01 07:00:00;110,81599774778081;24,388855;24,388855;24,388855;86,42198656019806;0,005156187582761051;0,005156187582761051
2024-05-01 08:00:00;152,3762505780611;39,430625000000006;39,430625000000006;39,430625000000006;112,94046939047833;0,005156187582761051;0,005156187582761051
2024-05-01 09:00:00;185,60151998650497;47,800325;47,800325;47,800325;137,7960387989222;0,005156187582761051;0,005156187582761051
2024-05-01 10:00:00;207,7302462754365;48,44375;48,44375;48,44375;159,28134008785375;0,005156187582761051;0,005156187582761051
2024-05-01 11:00:00;218,1691342727325;49,9261;49,9261;49,9261;168,23787808514973;0,005156187582761051;0,005156187582761051
2024-05-01 12:00:00;220,28117631314632;46,447925;46,447925;46,447925;173,82809512556355;0,005156187582761051;0,005156187582761051
2024-05-01 13:00:00;209,79420329566585;39,559999999999995;39,559999999999995;39,559999999999995;170,22904710808308;0,005156187582761051;0,005156187582761051
2024-05-01 14:00:00;184,3698037002391;37,3658;37,3658;37,3658;146,9988475126563;0,005156187582761051;0,005156187582761051
2024-05-01 15:00:00;150,38331143379665;40,447799999999994;40,447799999999994;40,447799999999994;109,93035524621388;0,005156187582761051;0,005156187582761051
2024-05-01 16:00:00;109,67675265417755;41,36435;41,36435;41,36435;68,30724646659479;0,005156187582761051;0,005156187582761051
2024-05-01 17:00:00;63,14672804543832;40,595575;40,595575;40,595575;22,545996857855563;0,005156187582761051;0,005156187582761051
2024-05-01 18:00:00;21,45368658249454;32,605374999999995;21,45368658249454;21,44853039491178;0,0;0,005156187582761051;0,005156187582761051
2024-05-01 19:00:00;0,0;22,969582499999998;0,0;0,0;0,0;0,0;0,005156187582761051
2024-05-01 20:00:00;0,0;20,6058725;0,0;0,0;0,0;0,0;0,005156187582761051
2024-05-01 21:00:00;0,0;19,486232499999996;0,0;0,0;0,0;0,0;0,005156187582761051
2024-05-01 22:00:00;0,0;18,4740025;0,0;0,0;0,0;0,0;0,005156187582761051
2024-05-01 23:00:00;0,0;17,7389225;0,0;0,0;0,0;0,0;0,005156187582761051
2024-05-02 00:00:00;0,0;15,5335675;0,0;0,0;0,0;0,0;0,005156187582761051
2024-05-02 01:00:00;0,0;13,57138;0,0;0,0;0,0;0,0;0,005156187582761051
2024-05-02 02:00:00;0,0;12,50832;0,0;0,0;0,0;0,0;0,005156187582761051
2024-05-02 03:00:00;0,0;12,576170000000001;0,0;0,0;0,0;0,0;0,005156187582761051
2024-05-02 04:00:00;0,5492714867204487;14,945457499999998;0,5492714867204487;0,5441152991376876;0,0;0,005156187582761051;0,005156187582761051
2024-05-02 05:00:00;11,832317905290155;16,975495;11,832317905290155;11,827161717707394;0,0;0,005156187582761051;0,005156187582761051
2024-05-02 06:00:00;25,952151186190722;18,3722275;18,3722275;18,3722275;7,574767498607962;0,005156187582761051;0,005156187582761051
2024-05-02 07:00:00;65,9045888954078;24,388855;24,388855;24,388855;41,51057770782504;0,005156187582761051;0,005156187582761051
2024-05-02 08:00:00;112,4316544259818;39,430625000000006;39,430625000000006;39,430625000000006;72,99587323839904;0,005156187582761051;0,005156187582761051
2024-05-02 09:00:00;151,59209486428225;47,800325;47,800325;47,800325;103,78661367669947;0,005156187582761051;0,005156187582761051
2024-05-02 10:00:00;196,50350371665527;48,44375;48,44375;48,44375;148,0545975290725;0,005156187582761051;0,005156187582761051
2024-05-02 11:00:00;178,74089726048112;49,9261;49,9261;49,9261;128,80964107289836;0,005156187582761051;0,005156187582761051
2024-05-02 12:00:00;178,60477966488182;46,447925;46,447925;46,447925;132,15169847729905;0,005156187582761051;0,005156187582761051
2024-05-02 13:00:00;162,69899475737276;39,559999999999995;39,559999999999995;39,559999999999995;123,13383856978999;0,005156187582761051;0,005156187582761051
2024-05-02 14:00:00;135,35489320227043;37,3658;37,3658;37,3658;97,98393701468765;0,005156187582761051;0,005156187582761051
2024-05-02 15:00:00;132,0962083728403;40,447799999999994;40,447799999999994;40,447799999999994;91,64325218525752;0,005156187582761051;0,005156187582761051
2024-05-02 16:00:00;89,52764965776701;41,36435;41,36435;41,36435;48,15814347018426;0,005156187582761051;0,005156187582761051
2024-05-02 17:00:00;38,83716114875195;40,595575;38,83716114875195;38,83200496116919;0,0;0,005156187582761051;0,005156187582761051
2024-05-02 18:00:00;13,201557349283851;32,605374999999995;13,201557349283851;13,19640116170109;0,0;0,005156187582761051;0,005156187582761051
2024-05-02 19:00:00;0,0;22,969582499999998;0,0;0,0;0,0;0,0;0,005156187582761051
2024-05-02 20:00:00;0,0;20,6058725;0,0;0,0;0,0;0,0;0,005156187582761051
2024-05-02 21:00:00;0,0;19,486232499999996;0,0;0,0;0,0;0,0;0,005156187582761051
2024-05-02 22:00:00;0,0;18,4740025;0,0;0,0;0,0;0,0;0,005156187582761051
2024-05-02 23:00:00;0,0;17,7389225;0,0;0,0;0,0;0,0;0,005156187582761051
2024-05-03 00:00:00;0,0;17,4561375;0,0;0,0;0,0;0,0;0,005156187582761051
2024-05-03 01:00:00;0,0;17,3939225;0,0;0,0;0,0;0,0;0,005156187582761051
2024-05-03 02:00:00;0,0;15,765407500000002;0,0;0,0;0,0;0,0;0,005156187582761051
2024-05-03 03:00:00;0,0;15,375212499999998;0,0;0,0;0,0;0,0;0,005156187582761051
2024-05-03 04:00:00;0,0;15,906800000000002;0,0;0,0;0,0;0,0;0,005156187582761051
2024-05-03 05:00:00;3,154828583526906;16,410040000000002;3,154828583526906;3,149672395944145;0,0;0,005156187582761051;0,005156187582761051
2024-05-03 06:00:00;13,06477396109733;16,9189725;13,06477396109733;13,059617773514569;0,0;0,005156187582761051;0,005156187582761051
2024-05-03 07:00:00;38,20613773002235;25,717564999999997;25,717564999999997;25,717564999999997;12,483416542439588;0,005156187582761051;0,005156187582761051
2024-05-03 08:00:00;57,416473178522146;38,12997499999999;38,12997499999999;38,12997499999999;19,281341990939396;0,005156187582761051;0,005156187582761051
2024-05-03 09:00:00;35,923726764246915;42,359675;35,923726764246915;35,91857057666415;0,0;0,005156187582761051;0,005156187582761051
2024-05-03 10:00:00;108,25417582625606;43,2078;43,2078;43,2078;65,04121963867331;0,005156187582761051;0,005156187582761051
2024-05-03 11:00:00;93,22057920794072;44,118025;44,118025;44,118025;49,09739802035796;0,005156187582761051;0,005156187582761051
2024-05-03 12:00:00;151,45449772960026;43,445275;43,445275;43,445275;108,00406654201748;0,005156187582761051;0,005156187582761051
2024-05-03 13:00:00;123,84777798733612;38,170224999999995;38,170224999999995;38,170224999999995;85,67239679975336;0,005156187582761051;0,005156187582761051
2024-05-03 14:00:00;85,60835062795523;28,477450000000005;28,477450000000005;28,477450000000005;57,12574444037247;0,005156187582761051;0,005156187582761051
2024-05-03 15:00:00;67,28130001176862;21,459805;21,459805;21,459805;45,81633882418586;0,005156187582761051;0,005156187582761051
2024-05-03 16:00:00;45,25244261091269;17,863352499999998;17,863352499999998;17,863352499999998;27,383933923329927;0,005156187582761051;0,005156187582761051
2024-05-03 17:00:00;39,127890578483175;18,061267500000003;18,061267500000003;18,061267500000003;21,06146689090041;0,005156187582761051;0,005156187582761051
2024-05-03 18:00:00;10,510127804123195;19,03388;10,510127804123195;10,504971616540434;0,0;0,005156187582761051;0,005156187582761051
2024-05-03 19:00:00;0,0;19,599335;0,0;0,0;0,0;0,0;0,005156187582761051
2024-05-03 20:00:00;0,0;20,6171425;0,0;0,0;0,0;0,0;0,005156187582761051
2024-05-03 21:00:00;0,0;19,8876975;0,0;0,0;0,0;0,0;0,005156187582761051
2024-05-03 22:00:00;0,0;18,1686775;0,0;0,0;0,0;0,0;0,005156187582761051
2024-05-03 23:00:00;0,0;16,4835825;0,0;0,0;0,0;0,0;0,005156187582761051
2024-05-04 00:00:00;0,0;14,8153925;0,0;0,0;0,0;0,0;0,005156187582761051
2024-05-04 01:00:00;0,0;12,836242499999999;0,0;0,0;0,0;0,0;0,005156187582761051
2024-05-04 02:00:00;0,0;11,0493725;0,0;0,0;0,0;0,0;0,005156187582761051
2024-05-04 03:00:00;0,0;10,110685;0,0;0,0;0,0;0,0;0,005156187582761051
2024-05-04 04:00:00;0,0;9,87321;0,0;0,0;0,0;0,0;0,005156187582761051
2024-05-04 05:00:00;3,935278051903863;10,235115;3,935278051903863;3,9301218643211016;0,0;0,005156187582761051;0,005156187582761051
2024-05-04 06:00:00;11,900154772227443;10,285945;10,285945;10,285945;1,6090535846446823;0,005156187582761051;0,005156187582761051
2024-05-04 07:00:00;17,32969332060484;11,286905;11,286905;11,286905;6,037632133022079;0,005156187582761051;0,005156187582761051
2024-05-04 08:00:00;66,91511408882471;12,0445825;12,0445825;12,0445825;54,86537540124195;0,005156187582761051;0,005156187582761051
2024-05-04 09:00:00;78,76474260138131;13,797527500000001;13,797527500000001;13,797527500000001;64,96205891379856;0,005156187582761051;0,005156187582761051
2024-05-04 10:00:00;78,34455350192243;15,624072499999999;15,624072499999999;15,624072499999999;62,71532481433968;0,005156187582761051;0,005156187582761051
2024-05-04 11:00:00;42,88910085731895;17,37696;17,37696;17,37696;25,506984669736187;0,005156187582761051;0,005156187582761051
2024-05-04 12:00:00;39,29359895573456;18,722862499999998;18,722862499999998;18,722862499999998;20,5655802681518;0,005156187582761051;0,005156187582761051
2024-05-04 13:00:00;32,730511539221915;18,3892475;18,3892475;18,3892475;14,336107851639152;0,005156187582761051;0,005156187582761051
2024-05-04 14:00:00;30,36842739384838;16,7889075;16,7889075;16,7889075;13,574363706265618;0,005156187582761051;0,005156187582761051
2024-05-04 15:00:00;43,89163653968983;15,120775;15,120775;15,120775;28,765705352107062;0,005156187582761051;0,005156187582761051
2024-05-04 16:00:00;30,197466652853755;14,029425;14,029425;14,029425;16,162885465270996;0,005156187582761051;0,005156187582761051
2024-05-04 17:00:00;18,978047812531333;16,387385000000002;16,387385000000002;16,387385000000002;2,5855066249485716;0,005156187582761051;0,005156187582761051
2024-05-04 18:00:00;13,905374090877455;18,15735;13,905374090877455;13,900217903294694;0,0;0,005156187582761051;0,005156187582761051
2024-05-04 19:00:00;0,44585910254200656;19,028129999999997;0,44585910254200656;0,4407029149592455;0,0;0,005156187582761051;0,005156187582761051
2024-05-04 20:00:00;0,0;19,972452500000003;0,0;0,0;0,0;0,0;0,005156187582761051
2024-05-04 21:00:00;0,0;18,7850775;0,0;0,0;0,0;0,0;0,005156187582761051
2024-05-04 22:00:00;0,0;16,4778325;0,0;0,0;0,0;0,0;0,005156187582761051
2024-05-04 23:00:00;0,0;14,696655;0,0;0,0;0,0;0,0;0,005156187582761051
2024-05-05 00:00:00;0,0;15,5335675;0,0;0,0;0,0;0,0;0,005156187582761051
2024-05-05 01:00:00;0,0;13,57138;0,0;0,0;0,0;0,0;0,005156187582761051
2024-05-05 02:00:00;0,0;12,50832;0,0;0,0;0,0;0,0;0,005156187582761051
2024-05-05 03:00:00;0,0;12,576170000000001;0,0;0,0;0,0;0,0;0,005156187582761051
2024-05-05 04:00:00;0,0;14,945457499999998;0,0;0,0;0,0;0,0;0,005156187582761051
2024-05-05 05:00:00;2,987041453864466;16,975495;2,987041453864466;2,981885266281705;0,0;0,005156187582761051;0,005156187582761051
2024-05-05 06:00:00;7,77667934901665;18,3722275;7,77667934901665;7,771523161433889;0,0;0,005156187582761051;0,005156187582761051
2024-05-05 07:00:00;16,542874436477284;24,388855;16,542874436477284;16,537718248894524;0,0;0,005156187582761051;0,005156187582761051
2024-05-05 08:00:00;28,417877044300493;39,430625000000006;28,417877044300493;28,412720856717733;0,0;0,005156187582761051;0,005156187582761051
2024-05-05 09:00:00;43,2861351701351;47,800325;43,2861351701351;43,280978982552334;0,0;0,005156187582761051;0,005156187582761051
2024-05-05 10:00:00;47,62266422124054;48,44375;47,62266422124054;47,61750803365778;0,0;0,005156187582761051;0,005156187582761051
2024-05-05 11:00:00;62,60447697166481;49,9261;49,9261;49,9261;12,673220784082048;0,005156187582761051;0,005156187582761051
2024-05-05 12:00:00;45,48916886412895;46,447925;45,48916886412895;45,484012676546186;0,0;0,005156187582761051;0,005156187582761051
2024-05-05 13:00:00;72,19795633716217;39,559999999999995;39,559999999999995;39,559999999999995;32,63280014957942;0,005156187582761051;0,005156187582761051
2024-05-05 14:00:00;120,87390443130681;37,3658;37,3658;37,3658;83,50294824372406;0,005156187582761051;0,005156187582761051
2024-05-05 15:00:00;146,25391785425546;40,447799999999994;40,447799999999994;40,447799999999994;105,80096166667269;0,005156187582761051;0,005156187582761051
2024-05-05 16:00:00;95,6159529826728;41,36435;41,36435;41,36435;54,24644679509004;0,005156187582761051;0,005156187582761051
2024-05-05 17:00:00;63,77997077279182;40,595575;40,595575;40,595575;23,17923958520906;0,005156187582761051;0,005156187582761051
2024-05-05 18:00:00;32,761877767773065;32,605374999999995;32,605374999999995;32,605374999999995;0,15134658019030667;0,005156187582761051;0,005156187582761051
2024-05-05 19:00:00;0,8379295617360301;22,969582499999998;0,8379295617360301;0,832773374153269;0,0;0,005156187582761051;0,005156187582761051
2024-05-05 20:00:00;0,0;20,6058725;0,0;0,0;0,0;0,0;0,005156187582761051
2024-05-05 21:00:00;0,0;19,486232499999996;0,0;0,0;0,0;0,0;0,005156187582761051
2024-05-05 22:00:00;0,0;18,4740025;0,0;0,0;0,0;0,0;0,005156187582761051
2024-05-05 23:00:00;0,0;17,7389225;0,0;0,0;0,0;0,0;0,005156187582761051
2024-05-06 00:00:00;0,0;15,5335675;0,0;0,0;0,0;0,0;0,005156187582761051
2024-05-06 01:00:00;0,0;13,57138;0,0;0,0;0,0;0,0;0,005156187582761051
2024-05-06 02:00:00;0,0;12,50832;0,0;0,0;0,0;0,0;0,005156187582761051
2024-05-06 03:00:00;0,0;12,576170000000001;0,0;0,0;0,0;0,0;0,005156187582761051
2024-05-06 04:00:00;0,0;14,945457499999998;0,0;0,0;0,0;0,0;0,005156187582761051
2024-05-06 05:00:00;1,0710753303723977;16,975495;1,0710753303723977;1,0659191427896366;0,0;0,005156187582761051;0,005156187582761051
2024-05-06 06:00:00;13,051901971078696;18,3722275;13,051901971078696;13,046745783495934;0,0;0,005156187582761051;0,005156187582761051
2024-05-06 07:00:00;46,37911162231385;24,388855;24,388855;24,388855;21,985100434731088;0,005156187582761051;0,005156187582761051
2024-05-06 08:00:00;101,73310731968931;39,430625000000006;39,430625000000006;39,430625000000006;62,29732613210655;0,005156187582761051;0,005156187582761051
2024-05-06 09:00:00;160,6453945107217;47,800325;47,800325;47,800325;112,83991332313893;0,005156187582761051;0,005156187582761051
2024-05-06 10:00:00;171,96830710987211;48,44375;48,44375;48,44375;123,51940092228935;0,005156187582761051;0,005156187582761051
2024-05-06 11:00:00;143,20384803547216;49,9261;49,9261;49,9261;93,2725918478894;0,005156187582761051;0,005156187582761051
2024-05-06 12:00:00;151,45005911235248;46,447925;46,447925;46,447925;104,99697792476971;0,005156187582761051;0,005156187582761051
2024-05-06 13:00:00;123,01701679245528;39,559999999999995;39,559999999999995;39,559999999999995;83,45186060487254;0,005156187582761051;0,005156187582761051
2024-05-06 14:00:00;112,83408905644946;37,3658;37,3658;37,3658;75,4631328688667;0,005156187582761051;0,005156187582761051
2024-05-06 15:00:00;101,13685306940084;40,447799999999994;40,447799999999994;40,447799999999994;60,68389688181809;0,005156187582761051;0,005156187582761051
2024-05-06 16:00:00;107,86431727799051;41,36435;41,36435;41,36435;66,49481109040775;0,005156187582761051;0,005156187582761051
2024-05-06 17:00:00;49,66812700293731;40,595575;40,595575;40,595575;9,067395815354551;0,005156187582761051;0,005156187582761051
2024-05-06 18:00:00;27,57187659686887;32,605374999999995;27,57187659686887;27,56672040928611;0,0;0,005156187582761051;0,005156187582761051
2024-05-06 19:00:00;0,7835565004504197;22,969582499999998;0,7835565004504197;0,7784003128676587;0,0;0,005156187582761051;0,005156187582761051
2024-05-06 20:00:00;0,0;20,6058725;0,0;0,0;0,0;0,0;0,005156187582761051
2024-05-06 21:00:00;0,0;19,486232499999996;0,0;0,0;0,0;0,0;0,005156187582761051
2024-05-06 22:00:00;0,0;18,4740025;0,0;0,0;0,0;0,0;0,005156187582761051
2024-05-06 23:00:00;0,0;17,7389225;0,0;0,0;0,0;0,0;0,005156187582761051
2024-05-07 00:00:00;0,0;15,5335675;0,0;0,0;0,0;0,0;0,005156187582761051
2024-05-07 01:00:00;0,0;13,57138;0,0;0,0;0,0;0,0;0,005156187582761051
2024-05-07 02:00:00;0,0;12,50832;0,0;0,0;0,0;0,0;0,005156187582761051
2024-05-07 03:00:00;0,0;12,576170000000001;0,0;0,0;0,0;0,0;0,005156187582761051
2024-05-07 04:00:00;1,8518281042612874;14,945457499999998;1,8518281042612874;1,8466719166785264;0,0;0,005156187582761051;0,005156187582761051
2024-05-07 05:00:00;27,555453713052;16,975495;16,975495;16,975495;10,574802525469241;0,005156187582761051;0,005156187582761051
2024-05-07 06:00:00;69,35117518832834;18,3722275;18,3722275;18,3722275;50,973791500745584;0,005156187582761051;0,005156187582761051
2024-05-07 07:00:00;99,48346814459349;24,388855;24,388855;24,388855;75,08945695701073;0,005156187582761051;0,005156187582761051
2024-05-07 08:00:00;130,44578252619817;39,430625000000006;39,430625000000006;39,430625000000006;91,0100013386154;0,005156187582761051;0,005156187582761051
2024-05-07 09:00:00;126,21430074995745;47,800325;47,800325;47,800325;78,40881956237469;0,005156187582761051;0,005156187582761051
2024-05-07 10:00:00;78,70556103807724;48,44375;48,44375;48,44375;30,256654850494478;0,005156187582761051;0,005156187582761051
2024-05-07 11:00:00;58,44845168863679;49,9261;49,9261;49,9261;8,517195501054026;0,005156187582761051;0,005156187582761051
2024-05-07 12:00:00;63,417483697554424;46,447925;46,447925;46,447925;16,964402509971663;0,005156187582761051;0,005156187582761051
2024-05-07 13:00:00;62,249387591840424;39,559999999999995;39,559999999999995;39,559999999999995;22,684231404257666;0,005156187582761051;0,005156187582761051
2024-05-07 14:00:00;138,97976395464445;37,3658;37,3658;37,3658;101,60880776706168;0,005156187582761051;0,005156187582761051
2024-05-07 15:00:00;154,66879638655234;40,447799999999994;40,447799999999994;40,447799999999994;114,21584019896957;0,005156187582761051;0,005156187582761051
2024-05-07 16:00:00;94,33097328943325;41,36435;41,36435;41,36435;52,96146710185049;0,005156187582761051;0,005156187582761051
2024-05-07 17:00:00;63,55212175407118;40,595575;40,595575;40,595575;22,95139056648842;0,005156187582761051;0,005156187582761051
2024-05-07 18:00:00;29,64345324337358;32,605374999999995;29,64345324337358;29,63829705579082;0,0;0,005156187582761051;0,005156187582761051
2024-05-07 19:00:00;1,5772404459212477;22,969582499999998;1,5772404459212477;1,5720842583384866;0,0;0,005156187582761051;0,005156187582761051
2024-05-07 20:00:00;0,0;20,6058725;0,0;0,0;0,0;0,0;0,005156187582761051
2024-05-07 21:00:00;0,0;19,486232499999996;0,0;0,0;0,0;0,0;0,005156187582761051
2024-05-07 22:00:00;0,0;18,4740025;0,0;0,0;0,0;0,0;0,005156187582761051
2024-05-07 23:00:00;0,0;17,7389225;0,0;0,0;0,0;0,0;0,005156187582761051
2024-05-08 00:00:00;0,0;15,5335675;0,0;0,0;0,0;0,0;0,005156187582761051
2024-05-08 01:00:00;0,0;13,57138;0,0;0,0;0,0;0,0;0,005156187582761051
2024-05-08 02:00:00;0,0;12,50832;0,0;0,0;0,0;0,0;0,005156187582761051
2024-05-08 03:00:00;0,0;12,576170000000001;0,0;0,0;0,0;0,0;0,005156187582761051
2024-05-08 04:00:00;2,8840803291062174;14,945457499999998;2,8840803291062174;2,878924141523456;0,0;0,005156187582761051;0,005156187582761051
2024-05-08 05:00:00;29,740584984146373;16,975495;16,975495;16,975495;12,759933796563615;0,005156187582761051;0,005156187582761051
2024-05-08 06:00:00;72,73857991794479;18,3722275;18,3722275;18,3722275;54,36119623036203;0,005156187582761051;0,005156187582761051
2024-05-08 07:00:00;113,9748136891353;24,388855;24,388855;24,388855;89,58080250155254;0,005156187582761051;0,005156187582761051
2024-05-08 08:00:00;148,18841520475712;39,430625000000006;39,430625000000006;39,430625000000006;108,75263401717434;0,005156187582761051;0,005156187582761051
2024-05-08 09:00:00;151,45967611638937;47,800325;47,800325;47,800325;103,6541949288066;0,005156187582761051;0,005156187582761051
2024-05-08 10:00:00;174,98360776021426;48,44375;48,44375;48,44375;126,53470157263149;0,005156187582761051;0,005156187582761051
2024-05-08 11:00:00;192,9762825437329;49,9261;49,9261;49,9261;143,04502635615015;0,005156187582761051;0,005156187582761051
2024-05-08 12:00:00;197,24253348841472;46,447925;46,447925;46,447925;150,78945230083195;0,005156187582761051;0,005156187582761051
2024-05-08 13:00:00;201,15221551418958;39,559999999999995;39,559999999999995;39,559999999999995;161,5870593266068;0,005156187582761051;0,005156187582761051
2024-05-08 14:00:00;174,45615207726675;37,3658;37,3658;37,3658;137,08519588968397;0,005156187582761051;0,005156187582761051
2024-05-08 15:00:00;127,99788511403375;40,447799999999994;40,447799999999994;40,447799999999994;87,544928926451;0,005156187582761051;0,005156187582761051
2024-05-08 16:00:00;108,8304562989294;41,36435;41,36435;41,36435;67,46095011134665;0,005156187582761051;0,005156187582761051
2024-05-08 17:00:00;56,09302546913497;40,595575;40,595575;40,595575;15,492294281552212;0,005156187582761051;0,005156187582761051
2024-05-08 18:00:00;13,377030684480408;32,605374999999995;13,377030684480408;13,371874496897647;0,0;0,005156187582761051;0,005156187582761051
2024-05-08 19:00:00;0,21079733079366972;22,969582499999998;0,21079733079366972;0,20564114321090868;0,0;0,005156187582761051;0,005156187582761051
2024-05-08 20:00:00;0,0;20,6058725;0,0;0,0;0,0;0,0;0,005156187582761051
2024-05-08 21:00:00;0,0;19,486232499999996;0,0;0,0;0,0;0,0;0,005156187582761051
2024-05-08 22:00:00;0,0;18,4740025;0,0;0,0;0,0;0,0;0,005156187582761051
2024-05-08 23:00:00;0,0;17,7389225;0,0;0,0;0,0;0,0;0,005156187582761051
2024-05-09 00:00:00;0,0;15,5335675;0,0;0,0;0,0;0,0;0,005156187582761051
2024-05-09 01:00:00;0,0;13,57138;0,0;0,0;0,0;0,0;0,005156187582761051
2024-05-09 02:00:00;0,0;12,50832;0,0;0,0;0,0;0,0;0,005156187582761051
2024-05-09 03:00:00;0,0;12,576170000000001;0,0;0,0;0,0;0,0;0,005156187582761051
2024-05-09 04:00:00;0,0;14,945457499999998;0,0;0,0;0,0;0,0;0,005156187582761051
2024-05-09 05:00:00;3,411262297323424;16,975495;3,411262297323424;3,4061061097406626;0,0;0,005156187582761051;0,005156187582761051
2024-05-09 06:00:00;25,72814896908483;18,3722275;18,3722275;18,3722275;7,3507652815020705;0,005156187582761051;0,005156187582761051
2024-05-09 07:00:00;34,303113630119206;24,388855;24,388855;24,388855;9,909102442536444;0,005156187582761051;0,005156187582761051
2024-05-09 08:00:00;85,22367046647881;39,430625000000006;39,430625000000006;39,430625000000006;45,787889278896046;0,005156187582761051;0,005156187582761051
2024-05-09 09:00:00;155,54542329299383;47,800325;47,800325;47,800325;107,73994210541106;0,005156187582761051;0,005156187582761051
2024-05-09 10:00:00;197,93199870090712;48,44375;48,44375;48,44375;149,48309251332435;0,005156187582761051;0,005156187582761051
2024-05-09 11:00:00;220,48683224562794;49,9261;49,9261;49,9261;170,55557605804518;0,005156187582761051;0,005156187582761051
2024-05-09 12:00:00;211,6229136017615;46,447925;46,447925;46,447925;165,16983241417873;0,005156187582761051;0,005156187582761051
2024-05-09 13:00:00;211,04515359000553;39,559999999999995;39,559999999999995;39,559999999999995;171,47999740242275;0,005156187582761051;0,005156187582761051
2024-05-09 14:00:00;177,45295848907642;37,3658;37,3658;37,3658;140,08200230149365;0,005156187582761051;0,005156187582761051
2024-05-09 15:00:00;136,7804291083571;40,447799999999994;40,447799999999994;40,447799999999994;96,32747292077434;0,005156187582761051;0,005156187582761051
2024-05-09 16:00:00;102,52835957658769;41,36435;41,36435;41,36435;61,15885338900493;0,005156187582761051;0,005156187582761051
2024-05-09 17:00:00;64,60999219813135;40,595575;40,595575;40,595575;24,0092610105486;0,005156187582761051;0,005156187582761051
2024-05-09 18:00:00;23,475994577548605;32,605374999999995;23,475994577548605;23,470838389965845;0,0;0,005156187582761051;0,005156187582761051
2024-05-09 19:00:00;1,6767986307895122;22,969582499999998;1,6767986307895122;1,6716424432067511;0,0;0,005156187582761051;0,005156187582761051
2024-05-09 20:00:00;0,0;20,6058725;0,0;0,0;0,0;0,0;0,005156187582761051
2024-05-09 21:00:00;0,0;19,486232499999996;0,0;0,0;0,0;0,0;0,005156187582761051
2024-05-09 22:00:00;0,0;18,4740025;0,0;0,0;0,0;0,0;0,005156187582761051
2024-05-09 23:00:00;0,0;17,7389225;0,0;0,0;0,0;0,0;0,005156187582761051
2024-05-10 00:00:00;0,0;17,4561375;0,0;0,0;0,0;0,0;0,005156187582761051
2024-05-10 01:00:00;0,0;17,3939225;0,0;0,0;0,0;0,0;0,005156187582761051
2024-05-10 02:00:00;0,0;15,765407500000002;0,0;0,0;0,0;0,0;0,005156187582761051
2024-05-10 03:00:00;0,0;15,375212499999998;0,0;0,0;0,0;0,0;0,005156187582761051
2024-05-10 04:00:00;0,0;15,906800000000002;0,0;0,0;0,0;0,0;0,005156187582761051
2024-05-10 05:00:00;2,1445549117540232;16,410040000000002;2,1445549117540232;2,139398724171262;0,0;0,005156187582761051;0,005156187582761051
2024-05-10 06:00:00;6,486521268988014;16,9189725;6,486521268988014;6,481365081405253;0,0;0,005156187582761051;0,005156187582761051
2024-05-10 07:00:00;15,316632444817035;25,717564999999997;15,316632444817035;15,311476257234274;0,0;0,005156187582761051;0,005156187582761051
2024-05-10 08:00:00;28,562649943533067;38,12997499999999;28,562649943533067;28,557493755950308;0,0;0,005156187582761051;0,005156187582761051
2024-05-10 09:00:00;31,478155682753744;42,359675;31,478155682753744;31,472999495170985;0,0;0,005156187582761051;0,005156187582761051
2024-05-10 10:00:00;33,01125408014557;43,2078;33,01125408014557;33,006097892562806;0,0;0,005156187582761051;0,005156187582761051
2024-05-10 11:00:00;32,97041880146577;44,118025;32,97041880146577;32,965262613883006;0,0;0,005156187582761051;0,005156187582761051
2024-05-10 12:00:00;37,9812477894669;43,445275;37,9812477894669;37,976091601884136;0,0;0,005156187582761051;0,005156187582761051
2024-05-10 13:00:00;36,49357124191094;38,170224999999995;36,49357124191094;36,48841505432818;0,0;0,005156187582761051;0,005156187582761051
2024-05-10 14:00:00;45,57794120908505;28,477450000000005;28,477450000000005;28,477450000000005;17,09533502150228;0,005156187582761051;0,005156187582761051
2024-05-10 15:00:00;70,38759231569078;21,459805;21,459805;21,459805;48,92263112810802;0,005156187582761051;0,005156187582761051
2024-05-10 16:00:00;26,181775651810497;17,863352499999998;17,863352499999998;17,863352499999998;8,31326696422774;0,005156187582761051;0,005156187582761051
2024-05-10 17:00:00;22,40036966449721;18,061267500000003;18,061267500000003;18,061267500000003;4,333945976914446;0,005156187582761051;0,005156187582761051
2024-05-10 18:00:00;5,527979681238298;19,03388;5,527979681238298;5,522823493655537;0,0;0,005156187582761051;0,005156187582761051
2024-05-10 19:00:00;0,07241604039793764;19,599335;0,07241604039793764;0,06725985281517659;0,0;0,005156187582761051;0,005156187582761051
2024-05-10 20:00:00;0,0;20,6171425;0,0;0,0;0,0;0,0;0,005156187582761051
2024-05-10 21:00:00;0,0;19,8876975;0,0;0,0;0,0;0,0;0,005156187582761051
2024-05-10 22:00:00;0,0;18,1686775;0,0;0,0;0,0;0,0;0,005156187582761051
2024-05-10 23:00:00;0,0;16,4835825;0,0;0,0;0,0;0,0;0,005156187582761051
2024-05-11 00:00:00;0,0;14,8153925;0,0;0,0;0,0;0,0;0,005156187582761051
2024-05-11 01:00:00;0,0;12,836242499999999;0,0;0,0;0,0;0,0;0,005156187582761051
2024-05-11 02:00:00;0,0;11,0493725;0,0;0,0;0,0;0,0;0,005156187582761051
2024-05-11 03:00:00;0,0;10,110685;0,0;0,0;0,0;0,0;0,005156187582761051
2024-05-11 04:00:00;5,07850310563933;9,87321;5,07850310563933;5,0733469180565685;0,0;0,005156187582761051;0,005156187582761051
2024-05-11 05:00:00;38,11351858345149;10,235115;10,235115;10,235115;27,873247395868724;0,005156187582761051;0,005156187582761051
2024-05-11 06:00:00;82,6973574829365;10,285945;10,285945;10,285945;72,40625629535374;0,005156187582761051;0,005156187582761051
2024-05-11 07:00:00;129,80736141205554;11,286905;11,286905;11,286905;118,51530022447277;0,005156187582761051;0,005156187582761051
2024-05-11 08:00:00;169,24521542834376;12,0445825;12,0445825;12,0445825;157,195476740761;0,005156187582761051;0,005156187582761051
2024-05-11 09:00:00;168,89530443530847;13,797527500000001;13,797527500000001;13,797527500000001;155,0926207477257;0,005156187582761051;0,005156187582761051
2024-05-11 10:00:00;173,34131937852646;15,624072499999999;15,624072499999999;15,624072499999999;157,71209069094368;0,005156187582761051;0,005156187582761051
2024-05-11 11:00:00;166,69744912810373;17,37696;17,37696;17,37696;149,31533294052096;0,005156187582761051;0,005156187582761051
2024-05-11 12:00:00;186,00765346467915;18,722862499999998;18,722862499999998;18,722862499999998;167,2796347770964;0,005156187582761051;0,005156187582761051
2024-05-11 13:00:00;194,7694839118461;18,3892475;18,3892475;18,3892475;176,37508022426331;0,005156187582761051;0,005156187582761051
2024-05-11 14:00:00;175,02059623727928;16,7889075;16,7889075;16,7889075;158,22653254969651;0,005156187582761051;0,005156187582761051
2024-05-11 15:00:00;132,24046343339396;15,120775;15,120775;15,120775;117,11453224581119;0,005156187582761051;0,005156187582761051
2024-05-11 16:00:00;86,35403832558646;14,029425;14,029425;14,029425;72,3194571380037;0,005156187582761051;0,005156187582761051
2024-05-11 17:00:00;63,1274940373645;16,387385000000002;16,387385000000002;16,387385000000002;46,734952849781735;0,005156187582761051;0,005156187582761051
2024-05-11 18:00:00;34,907727276224364;18,15735;18,15735;18,15735;16,7452210886416;0,005156187582761051;0,005156187582761051
2024-05-11 19:00:00;2,396779336860539;19,028129999999997;2,396779336860539;2,3916231492777777;0,0;0,005156187582761051;0,005156187582761051
2024-05-11 20:00:00;0,0;19,972452500000003;0,0;0,0;0,0;0,0;0,005156187582761051
2024-05-11 21:00:00;0,0;18,7850775;0,0;0,0;0,0;0,0;0,005156187582761051
2024-05-11 22:00:00;0,0;16,4778325;0,0;0,0;0,0;0,0;0,005156187582761051
2024-05-11 23:00:00;0,0;14,696655;0,0;0,0;0,0;0,0;0,005156187582761051
2024-05-12 00:00:00;0,0;15,5335675;0,0;0,0;0,0;0,0;0,005156187582761051
2024-05-12 01:00:00;0,0;13,57138;0,0;0,0;0,0;0,0;0,005156187582761051
2024-05-12 02:00:00;0,0;12,50832;0,0;0,0;0,0;0,0;0,005156187582761051
2024-05-12 03:00:00;0,0;12,576170000000001;0,0;0,0;0,0;0,0;0,005156187582761051
2024-05-12 04:00:00;5,495422423725648;14,945457499999998;5,495422423725648;5,490266236142887;0,0;0,005156187582761051;0,005156187582761051
2024-05-12 05:00:00;37,054538485079355;16,975495;16,975495;16,975495;20,073887297496594;0,005156187582761051;0,005156187582761051
2024-05-12 06:00:00;80,41960706527126;18,3722275;18,3722275;18,3722275;62,04222337768851;0,005156187582761051;0,005156187582761051
2024-05-12 07:00:00;125,0905908167215;24,388855;24,388855;24,388855;100,69657962913874;0,005156187582761051;0,005156187582761051
2024-05-12 08:00:00;164,9501134715512;39,430625000000006;39,430625000000006;39,430625000000006;125,51433228396841;0,005156187582761051;0,005156187582761051
2024-05-12 09:00:00;197,36089661502288;47,800325;47,800325;47,800325;149,5554154274401;0,005156187582761051;0,005156187582761051
2024-05-12 10:00:00;218,13954349108045;48,44375;48,44375;48,44375;169,69063730349768;0,005156187582761051;0,005156187582761051
2024-05-12 11:00:00;228,14862538488052;49,9261;49,9261;49,9261;178,21736919729776;0,005156187582761051;0,005156187582761051
2024-05-12 12:00:00;227,67887172615454;46,447925;46,447925;46,447925;181,22579053857177;0,005156187582761051;0,005156187582761051
2024-05-12 13:00:00;209,64329030924046;39,559999999999995;39,559999999999995;39,559999999999995;170,07813412165768;0,005156187582761051;0,005156187582761051
2024-05-12 14:00:00;183,86602064261322;37,3658;37,3658;37,3658;146,49506445503044;0,005156187582761051;0,005156187582761051
2024-05-12 15:00:00;156,3399357803509;40,447799999999994;40,447799999999994;40,447799999999994;115,88697959276814;0,005156187582761051;0,005156187582761051
2024-05-12 16:00:00;113,88382203555533;41,36435;41,36435;41,36435;72,51431584797257;0,005156187582761051;0,005156187582761051
2024-05-12 17:00:00;72,68383697188854;40,595575;40,595575;40,595575;32,083105784305786;0,005156187582761051;0,005156187582761051
2024-05-12 18:00:00;33,731123820785406;32,605374999999995;32,605374999999995;32,605374999999995;1,120592633202648;0,005156187582761051;0,005156187582761051
2024-05-12 19:00:00;3,1463138361065335;22,969582499999998;3,1463138361065335;3,141157648523772;0,0;0,005156187582761051;0,005156187582761051
2024-05-12 20:00:00;0,0;20,6058725;0,0;0,0;0,0;0,0;0,005156187582761051
2024-05-12 21:00:00;0,0;19,486232499999996;0,0;0,0;0,0;0,0;0,005156187582761051
2024-05-12 22:00:00;0,0;18,4740025;0,0;0,0;0,0;0,0;0,005156187582761051
2024-05-12 23:00:00;0,0;17,7389225;0,0;0,0;0,0;0,0;0,005156187582761051
2024-05-13 00:00:00;0,0;15,5335675;0,0;0,0;0,0;0,0;0,005156187582761051
2024-05-13 01:00:00;0,0;13,57138;0,0;0,0;0,0;0,0;0,005156187582761051
2024-05-13 02:00:00;0,0;12,50832;0,0;0,0;0,0;0,0;0,005156187582761051
2024-05-13 03:00:00;0,0;12,576170000000001;0,0;0,0;0,0;0,0;0,005156187582761051
2024-05-13 04:00:00;0,18827134826105965;14,945457499999998;0,18827134826105965;0,1831151606782986;0,0;0,005156187582761051;0,005156187582761051
2024-05-13 05:00:00;15,774727335572159;16,975495;15,774727335572159;15,769571147989398;0,0;0,005156187582761051;0,005156187582761051
2024-05-13 06:00:00;42,90589362590648;18,3722275;18,3722275;18,3722275;24,528509938323715;0,005156187582761051;0,005156187582761051
2024-05-13 07:00:00;83,90466137433945;24,388855;24,388855;24,388855;59,5106501867567;0,005156187582761051;0,005156187582761051
2024-05-13 08:00:00;107,14378174476352;39,430625000000006;39,430625000000006;39,430625000000006;67,70800055718075;0,005156187582761051;0,005156187582761051
2024-05-13 09:00:00;126,59676160280999;47,800325;47,800325;47,800325;78,79128041522723;0,005156187582761051;0,005156187582761051
2024-05-13 10:00:00;195,08018711919246;48,44375;48,44375;48,44375;146,6312809316097;0,005156187582761051;0,005156187582761051
2024-05-13 11:00:00;209,06405075840192;49,9261;49,9261;49,9261;159,13279457081916;0,005156187582761051;0,005156187582761051
2024-05-13 12:00:00;214,21950469172737;46,447925;46,447925;46,447925;167,7664235041446;0,005156187582761051;0,005156187582761051
2024-05-13 13:00:00;194,32784149568954;39,559999999999995;39,559999999999995;39,559999999999995;154,76268530810677;0,005156187582761051;0,005156187582761051
2024-05-13 14:00:00;172,5098184141043;37,3658;37,3658;37,3658;135,13886222652152;0,005156187582761051;0,005156187582761051
2024-05-13 15:00:00;144,71297789972587;40,447799999999994;40,447799999999994;40,447799999999994;104,2600217121431;0,005156187582761051;0,005156187582761051
2024-05-13 16:00:00;122,51101442620553;41,36435;41,36435;41,36435;81,14150823862278;0,005156187582761051;0,005156187582761051
2024-05-13 17:00:00;77,18755393932797;40,595575;40,595575;40,595575;36,58682275174522;0,005156187582761051;0,005156187582761051
2024-05-13 18:00:00;32,629976858559125;32,605374999999995;32,605374999999995;32,605374999999995;0,01944567097636707;0,005156187582761051;0,005156187582761051
2024-05-13 19:00:00;2,4247278301308843;22,969582499999998;2,4247278301308843;2,419571642548123;0,0;0,005156187582761051;0,005156187582761051
2024-05-13 20:00:00;0,0;20,6058725;0,0;0,0;0,0;0,0;0,005156187582761051
2024-05-13 21:00:00;0,0;19,486232499999996;0,0;0,0;0,0;0,0;0,005156187582761051
2024-05-13 22:00:00;0,0;18,4740025;0,0;0,0;0,0;0,0;0,005156187582761051
2024-05-13 23:00:00;0,0;17,7389225;0,0;0,0;0,0;0,0;0,005156187582761051
2024-05-14 00:00:00;0,0;15,5335675;0,0;0,0;0,0;0,0;0,005156187582761051
2024-05-14 01:00:00;0,0;13,57138;0,0;0,0;0,0;0,0;0,005156187582761051
2024-05-14 02:00:00;0,0;12,50832;0,0;0,0;0,0;0,0;0,005156187582761051
2024-05-14 03:00:00;0,0;12,576170000000001;0,0;0,0;0,0;0,0;0,005156187582761051
2024-05-14 04:00:00;1,7694251750557886;14,945457499999998;1,7694251750557886;1,7642689874730275;0,0;0,005156187582761051;0,005156187582761051
2024-05-14 05:00:00;26,776550363016362;16,975495;16,975495;16,975495;9,795899175433604;0,005156187582761051;0,005156187582761051
2024-05-14 06:00:00;52,531183081679764;18,3722275;18,3722275;18,3722275;34,153799394097;0,005156187582761051;0,005156187582761051
2024-05-14 07:00:00;91,46510608643385;24,388855;24,388855;24,388855;67,0710948988511;0,005156187582761051;0,005156187582761051
2024-05-14 08:00:00;88,96246572821317;39,430625000000006;39,430625000000006;39,430625000000006;49,52668454063041;0,005156187582761051;0,005156187582761051
2024-05-14 09:00:00;132,76422026863492;47,800325;47,800325;47,800325;84,95873908105214;0,005156187582761051;0,005156187582761051
2024-05-14 10:00:00;179,25873593939176;48,44375;48,44375;48,44375;130,809829751809;0,005156187582761051;0,005156187582761051
2024-05-14 11:00:00;167,5282103229846;49,9261;49,9261;49,9261;117,59695413540183;0,005156187582761051;0,005156187582761051
2024-05-14 12:00:00;153,8402545002954;46,447925;46,447925;46,447925;107,38717331271263;0,005156187582761051;0,005156187582761051
2024-05-14 13:00:00;133,1858889071764;39,559999999999995;39,559999999999995;39,559999999999995;93,62073271959363;0,005156187582761051;0,005156187582761051
2024-05-14 14:00:00;121,34587739865673;37,3658;37,3658;37,3658;83,97492121107396;0,005156187582761051;0,005156187582761051
2024-05-14 15:00:00;122,68338072932863;40,447799999999994;40,447799999999994;40,447799999999994;82,23042454174589;0,005156187582761051;0,005156187582761051
2024-05-14 16:00:00;91,18547319982216;41,36435;41,36435;41,36435;49,8159670122394;0,005156187582761051;0,005156187582761051
2024-05-14 17:00:00;49,43509959742755;40,595575;40,595575;40,595575;8,834368409844792;0,005156187582761051;0,005156187582761051
2024-05-14 18:00:00;17,34219542585282;32,605374999999995;17,34219542585282;17,337039238270062;0,0;0,005156187582761051;0,005156187582761051
2024-05-14 19:00:00;0,8208556807228071;22,969582499999998;0,8208556807228071;0,8156994931400461;0,0;0,005156187582761051;0,005156187582761051
2024-05-14 20:00:00;0,0;20,6058725;0,0;0,0;0,0;0,0;0,005156187582761051
2024-05-14 21:00:00;0,0;19,486232499999996;0,0;0,0;0,0;0,0;0,005156187582761051
2024-05-14 22:00:00;0,0;18,4740025;0,0;0,0;0,0;0,0;0,005156187582761051
2024-05-14 23:00:00;0,0;17,7389225;0,0;0,0;0,0;0,0;0,005156187582761051
2024-05-15 00:00:00;0,0;15,5335675;0,0;0,0;0,0;0,0;0,005156187582761051
2024-05-15 01:00:00;0,0;13,57138;0,0;0,0;0,0;0,0;0,005156187582761051
2024-05-15 02:00:00;0,0;12,50832;0,0;0,0;0,0;0,0;0,005156187582761051
2024-05-15 03:00:00;0,0;12,576170000000001;0,0;0,0;0,0;0,0;0,005156187582761051
2024-05-15 04:00:00;0,0;14,945457499999998;0,0;0,0;0,0;0,0;0,005156187582761051
2024-05-15 05:00:00;1,7629595892648193;16,975495;1,7629595892648193;1,7578034016820583;0,0;0,005156187582761051;0,005156187582761051
2024-05-15 06:00:00;8,150928759960737;18,3722275;8,150928759960737;8,145772572377975;0,0;0,005156187582761051;0,005156187582761051
2024-05-15 07:00:00;19,022212054146994;24,388855;19,022212054146994;19,017055866564235;0,0;0,005156187582761051;0,005156187582761051
2024-05-15 08:00:00;24,063223639433197;39,430625000000006;24,063223639433197;24,058067451850437;0,0;0,005156187582761051;0,005156187582761051
2024-05-15 09:00:00;51,28156437251441;47,800325;47,800325;47,800325;3,476083184931646;0,005156187582761051;0,005156187582761051
2024-05-15 10:00:00;106,62816237447684;48,44375;48,44375;48,44375;58,17925618689409;0,005156187582761051;0,005156187582761051
2024-05-15 11:00:00;171,1634378489368;49,9261;49,9261;49,9261;121,23218166135405;0,005156187582761051;0,005156187582761051
2024-05-15 12:00:00;175,49330897417053;46,447925;46,447925;46,447925;129,04022778658776;0,005156187582761051;0,005156187582761051
2024-05-15 13:00:00;138,07724511425747;39,559999999999995;39,559999999999995;39,559999999999995;98,51208892667469;0,005156187582761051;0,005156187582761051
2024-05-15 14:00:00;133,2517283963522;37,3658;37,3658;37,3658;95,88077220876943;0,005156187582761051;0,005156187582761051
2024-05-15 15:00:00;79,60734010892297;40,447799999999994;40,447799999999994;40,447799999999994;39,15438392134022;0,005156187582761051;0,005156187582761051
2024-05-15 16:00:00;79,1960282439597;41,36435;41,36435;41,36435;37,826522056376945;0,005156187582761051;0,005156187582761051
2024-05-15 17:00:00;57,486011515404414;40,595575;40,595575;40,595575;16,885280327821654;0,005156187582761051;0,005156187582761051
2024-05-15 18:00:00;15,259596213182745;32,605374999999995;15,259596213182745;15,254440025599983;0,0;0,005156187582761051;0,005156187582761051
2024-05-15 19:00:00;0,25766912893048993;22,969582499999998;0,25766912893048993;0,2525129413477289;0,0;0,005156187582761051;0,005156187582761051
2024-05-15 20:00:00;0,0;20,6058725;0,0;0,0;0,0;0,0;0,005156187582761051
2024-05-15 21:00:00;0,0;19,486232499999996;0,0;0,0;0,0;0,0;0,005156187582761051
2024-05-15 22:00:00;0,0;18,4740025;0,0;0,0;0,0;0,0;0,005156187582761051
2024-05-15 23:00:00;0,0;17,7389225;0,0;0,0;0,0;0,0;0,005156187582761051
2024-05-16 00:00:00;0,0;15,5335675;0,0;0,0;0,0;0,0;0,005156187582761051
2024-05-16 01:00:00;0,0;13,57138;0,0;0,0;0,0;0,0;0,005156187582761051
2024-05-16 02:00:00;0,0;12,50832;0,0;0,0;0,0;0,0;0,005156187582761051
2024-05-16 03:00:00;0,0;12,576170000000001;0,0;0,0;0,0;0,0;0,005156187582761051
2024-05-16 04:00:00;2,694233271722187;14,945457499999998;2,694233271722187;2,689077084139426;0,0;0,005156187582761051;0,005156187582761051
2024-05-16 05:00:00;23,605824132046898;16,975495;16,975495;16,975495;6,62517294446414;0,005156187582761051;0,005156187582761051
2024-05-16 06:00:00;76,0601451583855;18,3722275;18,3722275;18,3722275;57,68276147080274;0,005156187582761051;0,005156187582761051
2024-05-16 07:00:00;114,46454112547649;24,388855;24,388855;24,388855;90,07052993789372;0,005156187582761051;0,005156187582761051
2024-05-16 08:00:00;153,59095216487705;39,430625000000006;39,430625000000006;39,430625000000006;114,15517097729428;0,005156187582761051;0,005156187582761051
2024-05-16 09:00:00;190,48621826771435;47,800325;47,800325;47,800325;142,68073708013156;0,005156187582761051;0,005156187582761051
2024-05-16 10:00:00;205,0974064779469;48,44375;48,44375;48,44375;156,64850029036413;0,005156187582761051;0,005156187582761051
2024-05-16 11:00:00;213,1616342476672;49,9261;49,9261;49,9261;163,23037806008443;0,005156187582761051;0,005156187582761051
2024-05-16 12:00:00;210,3150010527416;46,447925;46,447925;46,447925;163,86191986515882;0,005156187582761051;0,005156187582761051
2024-05-16 13:00:00;196,80311038088206;39,559999999999995;39,559999999999995;39,559999999999995;157,2379541932993;0,005156187582761051;0,005156187582761051
2024-05-16 14:00:00;189,76124411723953;37,3658;37,3658;37,3658;152,39028792965675;0,005156187582761051;0,005156187582761051
2024-05-16 15:00:00;153,19517546028112;40,447799999999994;40,447799999999994;40,447799999999994;112,74221927269835;0,005156187582761051;0,005156187582761051
2024-05-16 16:00:00;121,08473875057754;41,36435;41,36435;41,36435;79,71523256299479;0,005156187582761051;0,005156187582761051
2024-05-16 17:00:00;79,01996309313009;40,595575;40,595575;40,595575;38,419231905547335;0,005156187582761051;0,005156187582761051
2024-05-16 18:00:00;37,80037413661884;32,605374999999995;32,605374999999995;32,605374999999995;5,189842949036084;0,005156187582761051;0,005156187582761051
2024-05-16 19:00:00;4,7276378098957625;22,969582499999998;4,7276378098957625;4,722481622313001;0,0;0,005156187582761051;0,005156187582761051
2024-05-16 20:00:00;0,0;20,6058725;0,0;0,0;0,0;0,0;0,005156187582761051
2024-05-16 21:00:00;0,0;19,486232499999996;0,0;0,0;0,0;0,0;0,005156187582761051
2024-05-16 22:00:00;0,0;18,4740025;0,0;0,0;0,0;0,0;0,005156187582761051
2024-05-16 23:00:00;0,0;17,7389225;0,0;0,0;0,0;0,0;0,005156187582761051
2024-05-17 00:00:00;0,0;17,4561375;0,0;0,0;0,0;0,0;0,005156187582761051
2024-05-17 01:00:00;0,0;17,3939225;0,0;0,0;0,0;0,0;0,005156187582761051
2024-05-17 02:00:00;0,0;15,765407500000002;0,0;0,0;0,0;0,0;0,005156187582761051
2024-05-17 03:00:00;0,0;15,375212499999998;0,0;0,0;0,0;0,0;0,005156187582761051
2024-05-17 04:00:00;0,17443026014332125;15,906800000000002;0,17443026014332125;0,1692740725605602;0,0;0,005156187582761051;0,005156187582761051
2024-05-17 05:00:00;1,5102839047381098;16,410040000000002;1,5102839047381098;1,5051277171553488;0,0;0,005156187582761051;0,005156187582761051
2024-05-17 06:00:00;8,099033926638484;16,9189725;8,099033926638484;8,093877739055722;0,0;0,005156187582761051;0,005156187582761051
2024-05-17 07:00:00;49,1155191555856;25,717564999999997;25,717564999999997;25,717564999999997;23,392797968002842;0,005156187582761051;0,005156187582761051
2024-05-17 08:00:00;63,274708176083365;38,12997499999999;38,12997499999999;38,12997499999999;25,139576988500615;0,005156187582761051;0,005156187582761051
2024-05-17 09:00:00;133,6060780066353;42,359675;42,359675;42,359675;91,24124681905252;0,005156187582761051;0,005156187582761051
2024-05-17 10:00:00;125,19045970479714;43,2078;43,2078;43,2078;81,97750351721439;0,005156187582761051;0,005156187582761051
2024-05-17 11:00:00;93,62301383840837;44,118025;44,118025;44,118025;49,49983265082561;0,005156187582761051;0,005156187582761051
2024-05-17 12:00:00;122,18847490619838;43,445275;43,445275;43,445275;78,73804371861561;0,005156187582761051;0,005156187582761051
2024-05-17 13:00:00;188,42743963427415;38,170224999999995;38,170224999999995;38,170224999999995;150,2520584466914;0,005156187582761051;0,005156187582761051
2024-05-17 14:00:00;150,56677428003928;28,477450000000005;28,477450000000005;28,477450000000005;122,08416809245651;0,005156187582761051;0,005156187582761051
2024-05-17 15:00:00;114,80335557539223;21,459805;21,459805;21,459805;93,33839438780947;0,005156187582761051;0,005156187582761051
2024-05-17 16:00:00;106,24718106070692;17,863352499999998;17,863352499999998;17,863352499999998;88,37867237312418;0,005156187582761051;0,005156187582761051
2024-05-17 17:00:00;57,861074672843934;18,061267500000003;18,061267500000003;18,061267500000003;39,79465098526117;0,005156187582761051;0,005156187582761051
2024-05-17 18:00:00;17,02675769344215;19,03388;17,02675769344215;17,02160150585939;0,0;0,005156187582761051;0,005156187582761051
2024-05-17 19:00:00;2,3832045657776693;19,599335;2,3832045657776693;2,378048378194908;0,0;0,005156187582761051;0,005156187582761051
2024-05-17 20:00:00;0,0;20,6171425;0,0;0,0;0,0;0,0;0,005156187582761051
2024-05-17 21:00:00;0,0;19,8876975;0,0;0,0;0,0;0,0;0,005156187582761051
2024-05-17 22:00:00;0,0;18,1686775;0,0;0,0;0,0;0,0;0,005156187582761051
2024-05-17 23:00:00;0,0;16,4835825;0,0;0,0;0,0;0,0;0,005156187582761051
2024-05-18 00:00:00;0,0;14,8153925;0,0;0,0;0,0;0,0;0,005156187582761051
2024-05-18 01:00:00;0,0;12,836242499999999;0,0;0,0;0,0;0,0;0,005156187582761051
2024-05-18 02:00:00;0,0;11,0493725;0,0;0,0;0,0;0,0;0,005156187582761051
2024-05-18 03:00:00;0,0;10,110685;0,0;0,0;0,0;0,0;0,005156187582761051
2024-05-18 04:00:00;0,016363702253574225;9,87321;0,016363702253574225;0,011207514670813174;0,0;0,005156187582761051;0,005156187582761051
2024-05-18 05:00:00;14,72123632719648;10,235115;10,235115;10,235115;4,480965139613719;0,005156187582761051;0,005156187582761051
2024-05-18 06:00:00;64,78531757941965;10,285945;10,285945;10,285945;54,4942163918369;0,005156187582761051;0,005156187582761051
2024-05-18 07:00:00;118,11456404225471;11,286905;11,286905;11,286905;106,82250285467195;0,005156187582761051;0,005156187582761051
2024-05-18 08:00:00;150,54088234609375;12,0445825;12,0445825;12,0445825;138,491143658511;0,005156187582761051;0,005156187582761051
2024-05-18 09:00:00;176,13468916647832;13,797527500000001;13,797527500000001;13,797527500000001;162,33200547889555;0,005156187582761051;0,005156187582761051
2024-05-18 10:00:00;190,59496439028555;15,624072499999999;15,624072499999999;15,624072499999999;174,96573570270277;0,005156187582761051;0,005156187582761051
2024-05-18 11:00:00;190,70814913010454;17,37696;17,37696;17,37696;173,32603294252178;0,005156187582761051;0,005156187582761051
2024-05-18 12:00:00;146,41888646196557;18,722862499999998;18,722862499999998;18,722862499999998;127,69086777438281;0,005156187582761051;0,005156187582761051
2024-05-18 13:00:00;128,90410280212726;18,3892475;18,3892475;18,3892475;110,50969911454449;0,005156187582761051;0,005156187582761051
2024-05-18 14:00:00;152,16615602833167;16,7889075;16,7889075;16,7889075;135,3720923407489;0,005156187582761051;0,005156187582761051
2024-05-18 15:00:00;155,1563045142696;15,120775;15,120775;15,120775;140,03037332668683;0,005156187582761051;0,005156187582761051
2024-05-18 16:00:00;118,85877220080339;14,029425;14,029425;14,029425;104,82419101322063;0,005156187582761051;0,005156187582761051
2024-05-18 17:00:00;57,61317789955402;16,387385000000002;16,387385000000002;16,387385000000002;41,22063671197125;0,005156187582761051;0,005156187582761051
2024-05-18 18:00:00;17,13135370888667;18,15735;17,13135370888667;17,12619752130391;0,0;0,005156187582761051;0,005156187582761051
2024-05-18 19:00:00;1,3507600008520002;19,028129999999997;1,3507600008520002;1,3456038132692392;0,0;0,005156187582761051;0,005156187582761051
2024-05-18 20:00:00;0,0;19,972452500000003;0,0;0,0;0,0;0,0;0,005156187582761051
2024-05-18 21:00:00;0,0;18,7850775;0,0;0,0;0,0;0,0;0,005156187582761051
2024-05-18 22:00:00;0,0;16,4778325;0,0;0,0;0,0;0,0;0,005156187582761051
2024-05-18 23:00:00;0,0;14,696655;0,0;0,0;0,0;0,0;0,005156187582761051
2024-05-19 00:00:00;0,0;15,5335675;0,0;0,0;0,0;0,0;0,005156187582761051
2024-05-19 01:00:00;0,0;13,57138;0,0;0,0;0,0;0,0;0,005156187582761051
2024-05-19 02:00:00;0,0;12,50832;0,0;0,0;0,0;0,0;0,005156187582761051
2024-05-19 03:00:00;0,0;12,576170000000001;0,0;0,0;0,0;0,0;0,005156187582761051
2024-05-19 04:00:00;0,08066447078344183;14,945457499999998;0,08066447078344183;0,07550828320068077;0,0;0,005156187582761051;0,005156187582761051
2024-05-19 05:00:00;3,6876771864304767;16,975495;3,6876771864304767;3,6825209988477154;0,0;0,005156187582761051;0,005156187582761051
2024-05-19 06:00:00;38,22278254470162;18,3722275;18,3722275;18,3722275;19,84539885711886;0,005156187582761051;0,005156187582761051
2024-05-19 07:00:00;81,638747269335;24,388855;24,388855;24,388855;57,244736081752244;0,005156187582761051;0,005156187582761051
2024-05-19 08:00:00;135,3452761982335;39,430625000000006;39,430625000000006;39,430625000000006;95,90949501065073;0,005156187582761051;0,005156187582761051
2024-05-19 09:00:00;172,28196939538367;47,800325;47,800325;47,800325;124,4764882078009;0,005156187582761051;0,005156187582761051
2024-05-19 10:00:00;185,23163521585454;48,44375;48,44375;48,44375;136,78272902827177;0,005156187582761051;0,005156187582761051
2024-05-19 11:00:00;179,6034685456379;49,9261;49,9261;49,9261;129,67221235805513;0,005156187582761051;0,005156187582761051
2024-05-19 12:00:00;178,46126437386945;46,447925;46,447925;46,447925;132,0081831862867;0,005156187582761051;0,005156187582761051
2024-05-19 13:00:00;171,55551570582622;39,559999999999995;39,559999999999995;39,559999999999995;131,99035951824345;0,005156187582761051;0,005156187582761051
2024-05-19 14:00:00;147,39834133464782;37,3658;37,3658;37,3658;110,02738514706505;0,005156187582761051;0,005156187582761051
2024-05-19 15:00:00;122,7521792966696;40,447799999999994;40,447799999999994;40,447799999999994;82,29922310908685;0,005156187582761051;0,005156187582761051
2024-05-19 16:00:00;88,60885588747138;41,36435;41,36435;41,36435;47,23934969988862;0,005156187582761051;0,005156187582761051
2024-05-19 17:00:00;56,71443188382765;40,595575;40,595575;40,595575;16,11370069624489;0,005156187582761051;0,005156187582761051
2024-05-19 18:00:00;36,61933206393208;32,605374999999995;32,605374999999995;32,605374999999995;4,008800876349319;0,005156187582761051;0,005156187582761051
2024-05-19 19:00:00;3,6073604073314467;22,969582499999998;3,6073604073314467;3,6022042197486854;0,0;0,005156187582761051;0,005156187582761051
2024-05-19 20:00:00;0,0;20,6058725;0,0;0,0;0,0;0,0;0,005156187582761051
2024-05-19 21:00:00;0,0;19,486232499999996;0,0;0,0;0,0;0,0;0,005156187582761051
2024-05-19 22:00:00;0,0;18,4740025;0,0;0,0;0,0;0,0;0,005156187582761051
2024-05-19 23:00:00;0,0;17,7389225;0,0;0,0;0,0;0,0;0,005156187582761051
2024-05-20 00:00:00;0,0;15,5335675;0,0;0,0;0,0;0,0;0,005156187582761051
2024-05-20 01:00:00;0,0;13,57138;0,0;0,0;0,0;0,0;0,005156187582761051
2024-05-20 02:00:00;0,0;12,50832;0,0;0,0;0,0;0,0;0,005156187582761051
2024-05-20 03:00:00;0,0;12,576170000000001;0,0;0,0;0,0;0,0;0,005156187582761051
2024-05-20 04:00:00;4,2653558235368765;14,945457499999998;4,2653558235368765;4,260199635954115;0,0;0,005156187582761051;0,005156187582761051
2024-05-20 05:00:00;24,062261939029504;16,975495;16,975495;16,975495;7,081610751446746;0,005156187582761051;0,005156187582761051
2024-05-20 06:00:00;58,10519862147321;18,3722275;18,3722275;18,3722275;39,72781493389044;0,005156187582761051;0,005156187582761051
2024-05-20 07:00:00;82,435479065316;24,388855;24,388855;24,388855;58,04146787773325;0,005156187582761051;0,005156187582761051
2024-05-20 08:00:00;103,89619345845288;39,430625000000006;39,430625000000006;39,430625000000006;64,46041227087012;0,005156187582761051;0,005156187582761051
2024-05-20 09:00:00;147,7386353236462;47,800325;47,800325;47,800325;99,93315413606344;0,005156187582761051;0,005156187582761051
2024-05-20 10:00:00;124,9056484313963;48,44375;48,44375;48,44375;76,45674224381355;0,005156187582761051;0,005156187582761051
2024-05-20 11:00:00;43,078999698570875;49,9261;43,078999698570875;43,07384351098811;0,0;0,005156187582761051;0,005156187582761051
2024-05-20 12:00:00;30,09227142408078;46,447925;30,09227142408078;30,087115236498022;0,0;0,005156187582761051;0,005156187582761051
2024-05-20 13:00:00;28,538533456486658;39,559999999999995;28,538533456486658;28,533377268903898;0,0;0,005156187582761051;0,005156187582761051
2024-05-20 14:00:00;19,756877185612844;37,3658;19,756877185612844;19,751720998030084;0,0;0,005156187582761051;0,005156187582761051
2024-05-20 15:00:00;39,01374413826045;40,447799999999994;39,01374413826045;39,008587950677686;0,0;0,005156187582761051;0,005156187582761051
2024-05-20 16:00:00;49,874522704960235;41,36435;41,36435;41,36435;8,50501651737747;0,005156187582761051;0,005156187582761051
2024-05-20 17:00:00;23,809778594583534;40,595575;23,809778594583534;23,804622407000775;0,0;0,005156187582761051;0,005156187582761051
2024-05-20 18:00:00;17,44931405543318;32,605374999999995;17,44931405543318;17,44415786785042;0,0;0,005156187582761051;0,005156187582761051
2024-05-20 19:00:00;2,1410853926053224;22,969582499999998;2,1410853926053224;2,135929205022561;0,0;0,005156187582761051;0,005156187582761051
2024-05-20 20:00:00;0,0;20,6058725;0,0;0,0;0,0;0,0;0,005156187582761051
2024-05-20 21:00:00;0,0;19,486232499999996;0,0;0,0;0,0;0,0;0,005156187582761051
2024-05-20 22:00:00;0,0;18,4740025;0,0;0,0;0,0;0,0;0,005156187582761051
2024-05-20 23:00:00;0,0;17,7389225;0,0;0,0;0,0;0,0;0,005156187582761051
2024-05-21 00:00:00;0,0;15,5335675;0,0;0,0;0,0;0,0;0,005156187582761051
2024-05-21 01:00:00;0,0;13,57138;0,0;0,0;0,0;0,0;0,005156187582761051
2024-05-21 02:00:00;0,0;12,50832;0,0;0,0;0,0;0,0;0,005156187582761051
2024-05-21 03:00:00;0,0;12,576170000000001;0,0;0,0;0,0;0,0;0,005156187582761051
2024-05-21 04:00:00;0,49822738837069186;14,945457499999998;0,49822738837069186;0,4930712007879308;0,0;0,005156187582761051;0,005156187582761051
2024-05-21 05:00:00;15,255520083010177;16,975495;15,255520083010177;15,250363895427416;0,0;0,005156187582761051;0,005156187582761051
2024-05-21 06:00:00;43,06938269453396;18,3722275;18,3722275;18,3722275;24,691999006951193;0,005156187582761051;0,005156187582761051
2024-05-21 07:00:00;43,307588486832834;24,388855;24,388855;24,388855;18,913577299250072;0,005156187582761051;0,005156187582761051
2024-05-21 08:00:00;66,87590630313578;39,430625000000006;39,430625000000006;39,430625000000006;27,440125115553016;0,005156187582761051;0,005156187582761051
2024-05-21 09:00:00;59,09796934589891;47,800325;47,800325;47,800325;11,292488158316146;0,005156187582761051;0,005156187582761051
2024-05-21 10:00:00;91,14996426183971;48,44375;48,44375;48,44375;42,701058074256956;0,005156187582761051;0,005156187582761051
2024-05-21 11:00:00;188,9356613091478;49,9261;49,9261;49,9261;139,00440512156504;0,005156187582761051;0,005156187582761051
2024-05-21 12:00:00;149,52295945726382;46,447925;46,447925;46,447925;103,06987826968106;0,005156187582761051;0,005156187582761051
2024-05-21 13:00:00;192,01384237050053;39,559999999999995;39,559999999999995;39,559999999999995;152,44868618291775;0,005156187582761051;0,005156187582761051
2024-05-21 14:00:00;141,29302331029217;37,3658;37,3658;37,3658;103,9220671227094;0,005156187582761051;0,005156187582761051
2024-05-21 15:00:00;87,30908080340583;40,447799999999994;40,447799999999994;40,447799999999994;46,856124615823084;0,005156187582761051;0,005156187582761051
2024-05-21 16:00:00;75,02890641781215;41,36435;41,36435;41,36435;33,659400230229394;0,005156187582761051;0,005156187582761051
2024-05-21 17:00:00;50,710462286630175;40,595575;40,595575;40,595575;10,109731099047416;0,005156187582761051;0,005156187582761051
2024-05-21 18:00:00;26,3524404849886;32,605374999999995;26,3524404849886;26,34728429740584;0,0;0,005156187582761051;0,005156187582761051
2024-05-21 19:00:00;0,31219014412436064;22,969582499999998;0,31219014412436064;0,3070339565415996;0,0;0,005156187582761051;0,005156187582761051
2024-05-21 20:00:00;0,0;20,6058725;0,0;0,0;0,0;0,0;0,005156187582761051
2024-05-21 21:00:00;0,0;19,486232499999996;0,0;0,0;0,0;0,0;0,005156187582761051
2024-05-21 22:00:00;0,0;18,4740025;0,0;0,0;0,0;0,0;0,005156187582761051
2024-05-21 23:00:00;0,0;17,7389225;0,0;0,0;0,0;0,0;0,005156187582761051
2024-05-22 00:00:00;0,0;15,5335675;0,0;0,0;0,0;0,0;0,005156187582761051
2024-05-22 01:00:00;0,0;13,57138;0,0;0,0;0,0;0,0;0,005156187582761051
2024-05-22 02:00:00;0,0;12,50832;0,0;0,0;0,0;0,0;0,005156187582761051
2024-05-22 03:00:00;0,0;12,576170000000001;0,0;0,0;0,0;0,0;0,005156187582761051
2024-05-22 04:00:00;9,533054989363892;14,945457499999998;9,533054989363892;9,52789880178113;0,0;0,005156187582761051;0,005156187582761051
2024-05-22 05:00:00;37,48538026593295;16,975495;16,975495;16,975495;20,50472907835019;0,005156187582761051;0,005156187582761051
2024-05-22 06:00:00;77,90956901163757;18,3722275;18,3722275;18,3722275;59,532185324054815;0,005156187582761051;0,005156187582761051
2024-05-22 07:00:00;113,89269927005093;24,388855;24,388855;24,388855;89,49868808246816;0,005156187582761051;0,005156187582761051
2024-05-22 08:00:00;143,73352302704356;39,430625000000006;39,430625000000006;39,430625000000006;104,29774183946078;0,005156187582761051;0,005156187582761051
2024-05-22 09:00:00;185,441729765584;47,800325;47,800325;47,800325;137,63624857800124;0,005156187582761051;0,005156187582761051
2024-05-22 10:00:00;197,55989462163282;48,44375;48,44375;48,44375;149,11098843405006;0,005156187582761051;0,005156187582761051
2024-05-22 11:00:00;198,8996172609286;49,9261;49,9261;49,9261;148,96836107334585;0,005156187582761051;0,005156187582761051
2024-05-22 12:00:00;206,82032973963652;46,447925;46,447925;46,447925;160,36724855205375;0,005156187582761051;0,005156187582761051
2024-05-22 13:00:00;201,7447709167716;39,559999999999995;39,559999999999995;39,559999999999995;162,17961472918884;0,005156187582761051;0,005156187582761051
2024-05-22 14:00:00;174,8289959260824;37,3658;37,3658;37,3658;137,45803973849962;0,005156187582761051;0,005156187582761051
2024-05-22 15:00:00;153,41636655313002;40,447799999999994;40,447799999999994;40,447799999999994;112,96341036554725;0,005156187582761051;0,005156187582761051
2024-05-22 16:00:00;127,90171507366465;41,36435;41,36435;41,36435;86,53220888608189;0,005156187582761051;0,005156187582761051
2024-05-22 17:00:00;85,33537566721523;40,595575;40,595575;40,595575;44,73464447963248;0,005156187582761051;0,005156187582761051
2024-05-22 18:00:00;41,405493042240145;32,605374999999995;32,605374999999995;32,605374999999995;8,794961854657387;0,005156187582761051;0,005156187582761051
2024-05-22 19:00:00;5,039176956823778;22,969582499999998;5,039176956823778;5,034020769241017;0,0;0,005156187582761051;0,005156187582761051
2024-05-22 20:00:00;0,0;20,6058725;0,0;0,0;0,0;0,0;0,005156187582761051
2024-05-22 21:00:00;0,0;19,486232499999996;0,0;0,0;0,0;0,0;0,005156187582761051
2024-05-22 22:00:00;0,0;18,4740025;0,0;0,0;0,0;0,0;0,005156187582761051
2024-05-22 23:00:00;0,0;17,7389225;0,0;0,0;0,0;0,0;0,005156187582761051
2024-05-23 00:00:00;0,0;15,5335675;0,0;0,0;0,0;0,0;0,005156187582761051
2024-05-23 01:00:00;0,0;13,57138;0,0;0,0;0,0;0,0;0,005156187582761051
2024-05-23 02:00:00;0,0;12,50832;0,0;0,0;0,0;0,0;0,005156187582761051
2024-05-23 03:00:00;0,0;12,576170000000001;0,0;0,0;0,0;0,0;0,005156187582761051
2024-05-23 04:00:00;5,113368444120837;14,945457499999998;5,113368444120837;5,108212256538076;0,0;0,005156187582761051;0,005156187582761051
2024-05-23 05:00:00;39,84324772492107;16,975495;16,975495;16,975495;22,86259653733831;0,005156187582761051;0,005156187582761051
2024-05-23 06:00:00;86,0485135050292;18,3722275;18,3722275;18,3722275;67,67112981744646;0,005156187582761051;0,005156187582761051
2024-05-23 07:00:00;128,3056292432149;24,388855;24,388855;24,388855;103,91161805563212;0,005156187582761051;0,005156187582761051
2024-05-23 08:00:00;167,79526712739417;39,430625000000006;39,430625000000006;39,430625000000006;128,3594859398114;0,005156187582761051;0,005156187582761051
2024-05-23 09:00:00;200,12245631269883;47,800325;47,800325;47,800325;152,31697512511607;0,005156187582761051;0,005156187582761051
2024-05-23 10:00:00;221,59204794033135;48,44375;48,44375;48,44375;173,1431417527486;0,005156187582761051;0,005156187582761051
2024-05-23 11:00:00;229,41215176142236;49,9261;49,9261;49,9261;179,4808955738396;0,005156187582761051;0,005156187582761051
2024-05-23 12:00:00;219,97639126213036;46,447925;46,447925;46,447925;173,5233100745476;0,005156187582761051;0,005156187582761051
2024-05-23 13:00:00;201,8616545042971;39,559999999999995;39,559999999999995;39,559999999999995;162,29649831671432;0,005156187582761051;0,005156187582761051
2024-05-23 14:00:00;181,10889956218512;37,3658;37,3658;37,3658;143,73794337460234;0,005156187582761051;0,005156187582761051
2024-05-23 15:00:00;140,0857194188892;40,447799999999994;40,447799999999994;40,447799999999994;99,63276323130643;0,005156187582761051;0,005156187582761051
2024-05-23 16:00:00;94,75560100613991;41,36435;41,36435;41,36435;53,386094818557154;0,005156187582761051;0,005156187582761051
2024-05-23 17:00:00;60,047833436929174;40,595575;40,595575;40,595575;19,447102249346415;0,005156187582761051;0,005156187582761051
2024-05-23 18:00:00;26,60374019816849;32,605374999999995;26,60374019816849;26,598584010585732;0,0;0,005156187582761051;0,005156187582761051
2024-05-23 19:00:00;3,6936175358471224;22,969582499999998;3,6936175358471224;3,688461348264361;0,0;0,005156187582761051;0,005156187582761051
2024-05-23 20:00:00;0,0;20,6058725;0,0;0,0;0,0;0,0;0,005156187582761051
2024-05-23 21:00:00;0,0;19,486232499999996;0,0;0,0;0,0;0,0;0,005156187582761051
2024-05-23 22:00:00;0,0;18,4740025;0,0;0,0;0,0;0,0;0,005156187582761051
2024-05-23 23:00:00;0,0;17,7389225;0,0;0,0;0,0;0,0;0,005156187582761051
2024-05-24 00:00:00;0,0;17,4561375;0,0;0,0;0,0;0,0;0,005156187582761051
2024-05-24 01:00:00;0,0;17,3939225;0,0;0,0;0,0;0,0;0,005156187582761051
2024-05-24 02:00:00;0,0;15,765407500000002;0,0;0,0;0,0;0,0;0,005156187582761051
2024-05-24 03:00:00;0,0;15,375212499999998;0,0;0,0;0,0;0,0;0,005156187582761051
2024-05-24 04:00:00;8,530748635550818;15,906800000000002;8,530748635550818;8,525592447968057;0,0;0,005156187582761051;0,005156187582761051
2024-05-24 05:00:00;40,152397416230684;16,410040000000002;16,410040000000002;16,410040000000002;23,73720122864792;0,005156187582761051;0,005156187582761051
2024-05-24 06:00:00;83,22037454863619;16,9189725;16,9189725;16,9189725;66,29624586105344;0,005156187582761051;0,005156187582761051
2024-05-24 07:00:00;126,29863447766576;25,717564999999997;25,717564999999997;25,717564999999997;100,57591329008301;0,005156187582761051;0,005156187582761051
2024-05-24 08:00:00;164,96934747962501;38,12997499999999;38,12997499999999;38,12997499999999;126,83421629204226;0,005156187582761051;0,005156187582761051
2024-05-24 09:00:00;196,35924865610158;42,359675;42,359675;42,359675;153,9944174685188;0,005156187582761051;0,005156187582761051
2024-05-24 10:00:00;218,35407665805766;43,2078;43,2078;43,2078;175,1411204704749;0,005156187582761051;0,005156187582761051
2024-05-24 11:00:00;228,59100757057845;44,118025;44,118025;44,118025;184,46782638299567;0,005156187582761051;0,005156187582761051
2024-05-24 12:00:00;231,29856409173948;43,445275;43,445275;43,445275;187,8481329041567;0,005156187582761051;0,005156187582761051
2024-05-24 13:00:00;221,3641989216107;38,170224999999995;38,170224999999995;38,170224999999995;183,18881773402794;0,005156187582761051;0,005156187582761051
2024-05-24 14:00:00;197,46964273759409;28,477450000000005;28,477450000000005;28,477450000000005;168,9870365500113;0,005156187582761051;0,005156187582761051
2024-05-24 15:00:00;165,9510216609312;21,459805;21,459805;21,459805;144,48606047334843;0,005156187582761051;0,005156187582761051
2024-05-24 16:00:00;128,3366995639495;17,863352499999998;17,863352499999998;17,863352499999998;110,46819087636675;0,005156187582761051;0,005156187582761051
2024-05-24 17:00:00;84,70805109619214;18,061267500000003;18,061267500000003;18,061267500000003;66,64162740860938;0,005156187582761051;0,005156187582761051
2024-05-24 18:00:00;41,91304892452665;19,03388;19,03388;19,03388;22,874012736943886;0,005156187582761051;0,005156187582761051
2024-05-24 19:00:00;7,1592380990653295;19,599335;7,1592380990653295;7,154081911482568;0,0;0,005156187582761051;0,005156187582761051
2024-05-24 20:00:00;0,0;20,6171425;0,0;0,0;0,0;0,0;0,005156187582761051
2024-05-24 21:00:00;0,0;19,8876975;0,0;0,0;0,0;0,0;0,005156187582761051
2024-05-24 22:00:00;0,0;18,1686775;0,0;0,0;0,0;0,0;0,005156187582761051
2024-05-24 23:00:00;0,0;16,4835825;0,0;0,0;0,0;0,0;0,005156187582761051
2024-05-25 00:00:00;0,0;14,8153925;0,0;0,0;0,0;0,0;0,005156187582761051
2024-05-25 01:00:00;0,0;12,836242499999999;0,0;0,0;0,0;0,0;0,005156187582761051
2024-05-25 02:00:00;0,0;11,0493725;0,0;0,0;0,0;0,0;0,005156187582761051
2024-05-25 03:00:00;0,0;10,110685;0,0;0,0;0,0;0,0;0,005156187582761051
2024-05-25 04:00:00;6,464675874433399;9,87321;6,464675874433399;6,459519686850638;0,0;0,005156187582761051;0,005156187582761051
2024-05-25 05:00:00;36,87595811780933;10,235115;10,235115;10,235115;26,63568693022657;0,005156187582761051;0,005156187582761051
2024-05-25 06:00:00;70,50077705550981;10,285945;10,285945;10,285945;60,20967586792706;0,005156187582761051;0,005156187582761051
2024-05-25 07:00:00;120,8487522669026;11,286905;11,286905;11,286905;109,55669107931983;0,005156187582761051;0,005156187582761051
2024-05-25 08:00:00;163,54233203445574;12,0445825;12,0445825;12,0445825;151,49259334687298;0,005156187582761051;0,005156187582761051
2024-05-25 09:00:00;193,48154514044137;13,797527500000001;13,797527500000001;13,797527500000001;179,6788614528586;0,005156187582761051;0,005156187582761051
2024-05-25 10:00:00;207,91222958259655;15,624072499999999;15,624072499999999;15,624072499999999;192,28300089501377;0,005156187582761051;0,005156187582761051
2024-05-25 11:00:00;149,5717842469897;17,37696;17,37696;17,37696;132,18966805940693;0,005156187582761051;0,005156187582761051
2024-05-25 12:00:00;41,586144764225814;18,722862499999998;18,722862499999998;18,722862499999998;22,858126076643053;0,005156187582761051;0,005156187582761051
2024-05-25 13:00:00;18,859314801152554;18,3892475;18,3892475;18,3892475;0,4649111135697943;0,005156187582761051;0,005156187582761051
2024-05-25 14:00:00;17,7781416165414;16,7889075;16,7889075;16,7889075;0,9840779289586408;0,005156187582761051;0,005156187582761051
2024-05-25 15:00:00;19,872799072734676;15,120775;15,120775;15,120775;4,746867885151916;0,005156187582761051;0,005156187582761051
2024-05-25 16:00:00;51,425967386976325;14,029425;14,029425;14,029425;37,391386199393565;0,005156187582761051;0,005156187582761051
2024-05-25 17:00:00;39,77296961849749;16,387385000000002;16,387385000000002;16,387385000000002;23,380428430914726;0,005156187582761051;0,005156187582761051
2024-05-25 18:00:00;4,98375342278952;18,15735;4,98375342278952;4,978597235206759;0,0;0,005156187582761051;0,005156187582761051
2024-05-25 19:00:00;2,892817007388981;19,028129999999997;2,892817007388981;2,8876608198062197;0,0;0,005156187582761051;0,005156187582761051
2024-05-25 20:00:00;0,0;19,972452500000003;0,0;0,0;0,0;0,0;0,005156187582761051
2024-05-25 21:00:00;0,0;18,7850775;0,0;0,0;0,0;0,0;0,005156187582761051
2024-05-25 22:00:00;0,0;16,4778325;0,0;0,0;0,0;0,0;0,005156187582761051
2024-05-25 23:00:00;0,0;14,696655;0,0;0,0;0,0;0,0;0,005156187582761051
2024-05-26 00:00:00;0,0;15,5335675;0,0;0,0;0,0;0,0;0,005156187582761051
2024-05-26 01:00:00;0,0;13,57138;0,0;0,0;0,0;0,0;0,005156187582761051
2024-05-26 02:00:00;0,0;12,50832;0,0;0,0;0,0;0,0;0,005156187582761051
2024-05-26 03:00:00;0,0;12,576170000000001;0,0;0,0;0,0;0,0;0,005156187582761051
2024-05-26 04:00:00;3,3407178738649783;14,945457499999998;3,3407178738649783;3,335561686282217;0,0;0,005156187582761051;0,005156187582761051
2024-05-26 05:00:00;19,128664891140183;16,975495;16,975495;16,975495;2,1480137035574245;0,005156187582761051;0,005156187582761051
2024-05-26 06:00:00;56,73884427869058;18,3722275;18,3722275;18,3722275;38,361460591107814;0,005156187582761051;0,005156187582761051
2024-05-26 07:00:00;101,72201077656977;24,388855;24,388855;24,388855;77,32799958898701;0,005156187582761051;0,005156187582761051
2024-05-26 08:00:00;146,279809788201;39,430625000000006;39,430625000000006;39,430625000000006;106,84402860061822;0,005156187582761051;0,005156187582761051
2024-05-26 09:00:00;149,54959116075065;47,800325;47,800325;47,800325;101,74410997316788;0,005156187582761051;0,005156187582761051
2024-05-26 10:00:00;140,4489462636679;48,44375;48,44375;48,44375;92,00004007608513;0,005156187582761051;0,005156187582761051
2024-05-26 11:00:00;168,39669976447172;49,9261;49,9261;49,9261;118,46544357688896;0,005156187582761051;0,005156187582761051
2024-05-26 12:00:00;191,64839621709794;46,447925;46,447925;46,447925;145,19531502951517;0,005156187582761051;0,005156187582761051
2024-05-26 13:00:00;96,20776861571343;39,559999999999995;39,559999999999995;39,559999999999995;56,64261242813068;0,005156187582761051;0,005156187582761051
2024-05-26 14:00:00;88,36547170838341;37,3658;37,3658;37,3658;50,994515520800654;0,005156187582761051;0,005156187582761051
2024-05-26 15:00:00;107,16523506146125;40,447799999999994;40,447799999999994;40,447799999999994;66,71227887387849;0,005156187582761051;0,005156187582761051
2024-05-26 16:00:00;112,97908388654443;41,36435;41,36435;41,36435;71,60957769896167;0,005156187582761051;0,005156187582761051
2024-05-26 17:00:00;65,49016999837107;40,595575;40,595575;40,595575;24,88943881078832;0,005156187582761051;0,005156187582761051
2024-05-26 18:00:00;27,028737799645814;32,605374999999995;27,028737799645814;27,023581612063055;0,0;0,005156187582761051;0,005156187582761051
2024-05-26 19:00:00;6,518775220988729;22,969582499999998;6,518775220988729;6,513619033405968;0,0;0,005156187582761051;0,005156187582761051
2024-05-26 20:00:00;0,0;20,6058725;0,0;0,0;0,0;0,0;0,005156187582761051
2024-05-26 21:00:00;0,0;19,486232499999996;0,0;0,0;0,0;0,0;0,005156187582761051
2024-05-26 22:00:00;0,0;18,4740025;0,0;0,0;0,0;0,0;0,005156187582761051
2024-05-26 23:00:00;0,0;17,7389225;0,0;0,0;0,0;0,0;0,005156187582761051
2024-05-27 00:00:00;0,0;15,5335675;0,0;0,0;0,0;0,0;0,005156187582761051
2024-05-27 01:00:00;0,0;13,57138;0,0;0,0;0,0;0,0;0,005156187582761051
2024-05-27 02:00:00;0,0;12,50832;0,0;0,0;0,0;0,0;0,005156187582761051
2024-05-27 03:00:00;0,0;12,576170000000001;0,0;0,0;0,0;0,0;0,005156187582761051
2024-05-27 04:00:00;0,1588507136035259;14,945457499999998;0,1588507136035259;0,15369452602076486;0,0;0,005156187582761051;0,005156187582761051
2024-05-27 05:00:00;2,1932021567899658;16,975495;2,1932021567899658;2,1880459692072045;0,0;0,005156187582761051;0,005156187582761051
2024-05-27 06:00:00;12,461343946258248;18,3722275;12,461343946258248;12,456187758675487;0,0;0,005156187582761051;0,005156187582761051
2024-05-27 07:00:00;23,98288466724793;24,388855;23,98288466724793;23,97772847966517;0,0;0,005156187582761051;0,005156187582761051
2024-05-27 08:00:00;34,681949612219356;39,430625000000006;34,681949612219356;34,67679342463659;0,0;0,005156187582761051;0,005156187582761051
2024-05-27 09:00:00;43,15667550040746;47,800325;43,15667550040746;43,151519312824696;0,0;0,005156187582761051;0,005156187582761051
2024-05-27 10:00:00;77,23637872905381;48,44375;48,44375;48,44375;28,787472541471054;0,005156187582761051;0,005156187582761051
2024-05-27 11:00:00;150,00011081140286;49,9261;49,9261;49,9261;100,0688546238201;0,005156187582761051;0,005156187582761051
2024-05-27 12:00:00;134,00629332847902;46,447925;46,447925;46,447925;87,55321214089625;0,005156187582761051;0,005156187582761051
2024-05-27 13:00:00;137,98403415205354;39,559999999999995;39,559999999999995;39,559999999999995;98,41887796447077;0,005156187582761051;0,005156187582761051
2024-05-27 14:00:00;159,78282322556495;37,3658;37,3658;37,3658;122,41186703798218;0,005156187582761051;0,005156187582761051
2024-05-27 15:00:00;137,23686691533973;40,447799999999994;40,447799999999994;40,447799999999994;96,78391072775696;0,005156187582761051;0,005156187582761051
2024-05-27 16:00:00;108,40434904314013;41,36435;41,36435;41,36435;67,03484285555737;0,005156187582761051;0,005156187582761051
2024-05-27 17:00:00;74,38234783871523;40,595575;40,595575;40,595575;33,78161665113248;0,005156187582761051;0,005156187582761051
2024-05-27 18:00:00;40,89379445052237;32,605374999999995;32,605374999999995;32,605374999999995;8,283263262939613;0,005156187582761051;0,005156187582761051
2024-05-27 19:00:00;8,952587421086788;22,969582499999998;8,952587421086788;8,947431233504027;0,0;0,005156187582761051;0,005156187582761051
2024-05-27 20:00:00;0,0;20,6058725;0,0;0,0;0,0;0,0;0,005156187582761051
2024-05-27 21:00:00;0,0;19,486232499999996;0,0;0,0;0,0;0,0;0,005156187582761051
2024-05-27 22:00:00;0,0;18,4740025;0,0;0,0;0,0;0,0;0,005156187582761051
2024-05-27 23:00:00;0,0;17,7389225;0,0;0,0;0,0;0,0;0,005156187582761051
2024-05-28 00:00:00;0,0;15,5335675;0,0;0,0;0,0;0,0;0,005156187582761051
2024-05-28 01:00:00;0,0;13,57138;0,0;0,0;0,0;0,0;0,005156187582761051
2024-05-28 02:00:00;0,0;12,50832;0,0;0,0;0,0;0,0;0,005156187582761051
2024-05-28 03:00:00;0,0;12,576170000000001;0,0;0,0;0,0;0,0;0,005156187582761051
2024-05-28 04:00:00;4,527670705186736;14,945457499999998;4,527670705186736;4,522514517603975;0,0;0,005156187582761051;0,005156187582761051
2024-05-28 05:00:00;15,247094107934762;16,975495;15,247094107934762;15,241937920352001;0,0;0,005156187582761051;0,005156187582761051
2024-05-28 06:00:00;22,030262962984406;18,3722275;18,3722275;18,3722275;3,652879275401645;0,005156187582761051;0,005156187582761051
2024-05-28 07:00:00;75,92180825416226;24,388855;24,388855;24,388855;51,5277970665795;0,005156187582761051;0,005156187582761051
2024-05-28 08:00:00;134,082489591233;39,430625000000006;39,430625000000006;39,430625000000006;94,64670840365024;0,005156187582761051;0,005156187582761051
2024-05-28 09:00:00;159,23835284316755;47,800325;47,800325;47,800325;111,43287165558478;0,005156187582761051;0,005156187582761051
2024-05-28 10:00:00;176,83377138300762;48,44375;48,44375;48,44375;128,38486519542485;0,005156187582761051;0,005156187582761051
2024-05-28 11:00:00;181,34414627631872;49,9261;49,9261;49,9261;131,41289008873596;0,005156187582761051;0,005156187582761051
2024-05-28 12:00:00;204,4501081293087;46,447925;46,447925;46,447925;157,99702694172592;0,005156187582761051;0,005156187582761051
2024-05-28 13:00:00;206,1841279341178;39,559999999999995;39,559999999999995;39,559999999999995;166,61897174653504;0,005156187582761051;0,005156187582761051
2024-05-28 14:00:00;196,16394949719816;37,3658;37,3658;37,3658;158,79299330961538;0,005156187582761051;0,005156187582761051
2024-05-28 15:00:00;175,11824581673102;40,447799999999994;40,447799999999994;40,447799999999994;134,66528962914825;0,005156187582761051;0,005156187582761051
2024-05-28 16:00:00;137,6518776280095;41,36435;41,36435;41,36435;96,28237144042672;0,005156187582761051;0,005156187582761051
2024-05-28 17:00:00;92,54369007765047;40,595575;40,595575;40,595575;51,942958890067715;0,005156187582761051;0,005156187582761051
2024-05-28 18:00:00;47,66971356406727;32,605374999999995;32,605374999999995;32,605374999999995;15,059182376484515;0,005156187582761051;0,005156187582761051
2024-05-28 19:00:00;10,629304677226758;22,969582499999998;10,629304677226758;10,624148489643996;0,0;0,005156187582761051;0,005156187582761051
2024-05-28 20:00:00;0,0;20,6058725;0,0;0,0;0,0;0,0;0,005156187582761051
2024-05-28 21:00:00;0,0;19,486232499999996;0,0;0,0;0,0;0,0;0,005156187582761051
2024-05-28 22:00:00;0,0;18,4740025;0,0;0,0;0,0;0,0;0,005156187582761051
2024-05-28 23:00:00;0,0;17,7389225;0,0;0,0;0,0;0,0;0,005156187582761051
2024-05-29 00:00:00;0,0;15,5335675;0,0;0,0;0,0;0,0;0,005156187582761051
2024-05-29 01:00:00;0,0;13,57138;0,0;0,0;0,0;0,0;0,005156187582761051
2024-05-29 02:00:00;0,0;12,50832;0,0;0,0;0,0;0,0;0,005156187582761051
2024-05-29 03:00:00;0,0;12,576170000000001;0,0;0,0;0,0;0,0;0,005156187582761051
2024-05-29 04:00:00;0,1376415208544313;14,945457499999998;0,1376415208544313;0,13248533327167025;0,0;0,005156187582761051;0,005156187582761051
2024-05-29 05:00:00;2,7609604843475215;16,975495;2,7609604843475215;2,7558042967647602;0,0;0,005156187582761051;0,005156187582761051
2024-05-29 06:00:00;22,762708785826348;18,3722275;18,3722275;18,3722275;4,385325098243587;0,005156187582761051;0,005156187582761051
2024-05-29 07:00:00;51,303017689212126;24,388855;24,388855;24,388855;26,909006501629364;0,005156187582761051;0,005156187582761051
2024-05-29 08:00:00;70,5791926268877;39,430625000000006;39,430625000000006;39,430625000000006;31,14341143930494;0,005156187582761051;0,005156187582761051
2024-05-29 09:00:00;65,12265249025282;47,800325;47,800325;47,800325;17,31717130267006;0,005156187582761051;0,005156187582761051
2024-05-29 10:00:00;76,78881815656682;48,44375;48,44375;48,44375;28,33991196898406;0,005156187582761051;0,005156187582761051
2024-05-29 11:00:00;78,28907078632488;49,9261;49,9261;49,9261;28,35781459874213;0,005156187582761051;0,005156187582761051
2024-05-29 12:00:00;48,14568128694021;46,447925;46,447925;46,447925;1,692600099357449;0,005156187582761051;0,005156187582761051
2024-05-29 13:00:00;90,48639098329285;39,559999999999995;39,559999999999995;39,559999999999995;50,9212347957101;0,005156187582761051;0,005156187582761051
2024-05-29 14:00:00;65,92826152072942;37,3658;37,3658;37,3658;28,557305333146665;0,005156187582761051;0,005156187582761051
2024-05-29 15:00:00;68,80004688005921;40,447799999999994;40,447799999999994;40,447799999999994;28,347090692476463;0,005156187582761051;0,005156187582761051
2024-05-29 16:00:00;26,052611889899374;41,36435;26,052611889899374;26,047455702316615;0,0;0,005156187582761051;0,005156187582761051
2024-05-29 17:00:00;25,120872152630987;40,595575;25,120872152630987;25,115715965048228;0,0;0,005156187582761051;0,005156187582761051
2024-05-29 18:00:00;5,115143891019959;32,605374999999995;5,115143891019959;5,109987703437198;0,0;0,005156187582761051;0,005156187582761051
2024-05-29 19:00:00;2,7026444514067776;22,969582499999998;2,7026444514067776;2,6974882638240163;0,0;0,005156187582761051;0,005156187582761051
2024-05-29 20:00:00;0,0;20,6058725;0,0;0,0;0,0;0,0;0,005156187582761051
2024-05-29 21:00:00;0,0;19,486232499999996;0,0;0,0;0,0;0,0;0,005156187582761051
2024-05-29 22:00:00;0,0;18,4740025;0,0;0,0;0,0;0,0;0,005156187582761051
2024-05-29 23:00:00;0,0;17,7389225;0,0;0,0;0,0;0,0;0,005156187582761051
2024-05-30 00:00:00;0,0;15,5335675;0,0;0,0;0,0;0,0;0,005156187582761051
2024-05-30 01:00:00;0,0;13,57138;0,0;0,0;0,0;0,0;0,005156187582761051
2024-05-30 02:00:00;0,0;12,50832;0,0;0,0;0,0;0,0;0,005156187582761051
2024-05-30 03:00:00;0,0;12,576170000000001;0,0;0,0;0,0;0,0;0,005156187582761051
2024-05-30 04:00:00;8,665749179142807;14,945457499999998;8,665749179142807;8,660592991560046;0,0;0,005156187582761051;0,005156187582761051
2024-05-30 05:00:00;30,806888800977376;16,975495;16,975495;16,975495;13,826237613394618;0,005156187582761051;0,005156187582761051
2024-05-30 06:00:00;47,527973719954026;18,3722275;18,3722275;18,3722275;29,150590032371262;0,005156187582761051;0,005156187582761051
2024-05-30 07:00:00;66,52673507964178;24,388855;24,388855;24,388855;42,132723892059026;0,005156187582761051;0,005156187582761051
2024-05-30 08:00:00;115,17915850237307;39,430625000000006;39,430625000000006;39,430625000000006;75,74337731479031;0,005156187582761051;0,005156187582761051
2024-05-30 09:00:00;140,11235112237605;47,800325;47,800325;47,800325;92,30686993479328;0,005156187582761051;0,005156187582761051
2024-05-30 10:00:00;146,41370807517646;48,44375;48,44375;48,44375;97,9648018875937;0,005156187582761051;0,005156187582761051
2024-05-30 11:00:00;167,25597513178585;49,9261;49,9261;49,9261;117,32471894420308;0,005156187582761051;0,005156187582761051
2024-05-30 12:00:00;158,41055072645193;46,447925;46,447925;46,447925;111,95746953886916;0,005156187582761051;0,005156187582761051
2024-05-30 13:00:00;173,89244768679552;39,559999999999995;39,559999999999995;39,559999999999995;134,32729149921275;0,005156187582761051;0,005156187582761051
2024-05-30 14:00:00;119,72504233366664;37,3658;37,3658;37,3658;82,35408614608389;0,005156187582761051;0,005156187582761051
2024-05-30 15:00:00;14,608525039883887;40,447799999999994;14,608525039883887;14,603368852301125;0,0;0,005156187582761051;0,005156187582761051
2024-05-30 16:00:00;32,153491297007264;41,36435;32,153491297007264;32,1483351094245;0,0;0,005156187582761051;0,005156187582761051
2024-05-30 17:00:00;40,83010029301637;40,595575;40,595575;40,595575;0,22936910543361222;0,005156187582761051;0,005156187582761051
2024-05-30 18:00:00;4,17341726494401;32,605374999999995;4,17341726494401;4,168261077361249;0,0;0,005156187582761051;0,005156187582761051
2024-05-30 19:00:00;0,7258988624014333;22,969582499999998;0,7258988624014333;0,7207426748186723;0,0;0,005156187582761051;0,005156187582761051
2024-05-30 20:00:00;0,0;20,6058725;0,0;0,0;0,0;0,0;0,005156187582761051
2024-05-30 21:00:00;0,0;19,486232499999996;0,0;0,0;0,0;0,0;0,005156187582761051
2024-05-30 22:00:00;0,0;18,4740025;0,0;0,0;0,0;0,0;0,005156187582761051
2024-05-30 23:00:00;0,0;17,7389225;0,0;0,0;0,0;0,0;0,005156187582761051
2024-05-31 00:00:00;0,0;17,4561375;0,0;0,0;0,0;0,0;0,005156187582761051
2024-05-31 01:00:00;0,0;17,3939225;0,0;0,0;0,0;0,0;0,005156187582761051
2024-05-31 02:00:00;0,0;15,765407500000002;0,0;0,0;0,0;0,0;0,005156187582761051
2024-05-31 03:00:00;0,0;15,375212499999998;0,0;0,0;0,0;0,0;0,005156187582761051
2024-05-31 04:00:00;2,716981185117188;15,906800000000002;2,716981185117188;2,7118249975344266;0,0;0,005156187582761051;0,005156187582761051
2024-05-31 05:00:00;22,257520166072016;16,410040000000002;16,410040000000002;16,410040000000002;5,842323978489254;0,005156187582761051;0,005156187582761051
2024-05-31 06:00:00;62,402519886889685;16,9189725;16,9189725;16,9189725;45,47839119930693;0,005156187582761051;0,005156187582761051
2024-05-31 07:00:00;64,62256828033347;25,717564999999997;25,717564999999997;25,717564999999997;38,89984709275072;0,005156187582761051;0,005156187582761051
2024-05-31 08:00:00;98,97524646971982;38,12997499999999;38,12997499999999;38,12997499999999;60,84011528213708;0,005156187582761051;0,005156187582761051
2024-05-31 09:00:00;98,90052974604845;42,359675;42,359675;42,359675;56,53569855846569;0,005156187582761051;0,005156187582761051
2024-05-31 10:00:00;51,726165866836205;43,2078;43,2078;43,2078;8,513209679253443;0,005156187582761051;0,005156187582761051
2024-05-31 11:00:00;65,22326114786975;44,118025;44,118025;44,118025;21,10007996028699;0,005156187582761051;0,005156187582761051
2024-05-31 12:00:00;72,89171221299408;43,445275;43,445275;43,445275;29,44128102541132;0,005156187582761051;0,005156187582761051
2024-05-31 13:00:00;151,77629748006612;38,170224999999995;38,170224999999995;38,170224999999995;113,60091629248336;0,005156187582761051;0,005156187582761051
2024-05-31 14:00:00;76,63716540060015;28,477450000000005;28,477450000000005;28,477450000000005;48,15455921301739;0,005156187582761051;0,005156187582761051
2024-05-31 15:00:00;28,030607689429512;21,459805;21,459805;21,459805;6,565646501846754;0,005156187582761051;0,005156187582761051
2024-05-31 16:00:00;41,78580856342291;17,863352499999998;17,863352499999998;17,863352499999998;23,91729987584015;0,005156187582761051;0,005156187582761051
2024-05-31 17:00:00;40,12184493417496;18,061267500000003;18,061267500000003;18,061267500000003;22,055421246592193;0,005156187582761051;0,005156187582761051
2024-05-31 18:00:00;22,39541320857049;19,03388;19,03388;19,03388;3,356377020987729;0,005156187582761051;0,005156187582761051
2024-05-31 19:00:00;3,26427008946695;19,599335;3,26427008946695;3,259113901884189;0,0;0,005156187582761051;0,005156187582761051
2024-05-31 20:00:00;0,0;20,6171425;0,0;0,0;0,0;0,0;0,005156187582761051
2024-05-31 21:00:00;0,0;19,8876975;0,0;0,0;0,0;0,0;0,005156187582761051
2024-05-31 22:00:00;0,0;18,1686775;0,0;0,0;0,0;0,0;0,005156187582761051
2024-05-31 23:00:00;0,0;16,4835825;0,0;0,0;0,0;0,0;0,005156187582761051
2024-06-01 00:00:00;0,0;14,8153925;0,0;0,0;0,0;0,0;0,005156187582761051
2024-06-01 01:00:00;0,0;12,836242499999999;0,0;0,0;0,0;0,0;0,005156187582761051
2024-06-01 02:00:00;0,0;11,0493725;0,0;0,0;0,0;0,0;0,005156187582761051
2024-06-01 03:00:00;0,0;10,110685;0,0;0,0;0,0;0,0;0,005156187582761051
2024-06-01 04:00:00;0,1653310947853211;9,87321;0,1653310947853211;0,16017490720256006;0,0;0,005156187582761051;0,005156187582761051
2024-06-01 05:00:00;16,704048026440493;10,235115;10,235115;10,235115;6,463776838857733;0,005156187582761051;0,005156187582761051
2024-06-01 06:00:00;30,4793928250435;10,285945;10,285945;10,285945;20,188291637460743;0,005156187582761051;0,005156187582761051
2024-06-01 07:00:00;90,5174613040275;11,286905;11,286905;11,286905;79,22540011644475;0,005156187582761051;0,005156187582761051
2024-06-01 08:00:00;140,8831909844115;12,0445825;12,0445825;12,0445825;128,83345229682874;0,005156187582761051;0,005156187582761051
2024-06-01 09:00:00;152,59744167091003;13,797527500000001;13,797527500000001;13,797527500000001;138,79475798332726;0,005156187582761051;0,005156187582761051
2024-06-01 10:00:00;179,12409788287496;15,624072499999999;15,624072499999999;15,624072499999999;163,49486919529218;0,005156187582761051;0,005156187582761051
2024-06-01 11:00:00;170,65151732635664;17,37696;17,37696;17,37696;153,26940113877387;0,005156187582761051;0,005156187582761051
2024-06-01 12:00:00;193,93428409971744;18,722862499999998;18,722862499999998;18,722862499999998;175,20626541213468;0,005156187582761051;0,005156187582761051
2024-06-01 13:00:00;173,36943062109586;18,3892475;18,3892475;18,3892475;154,97502693351308;0,005156187582761051;0,005156187582761051
2024-06-01 14:00:00;143,73944118337397;16,7889075;16,7889075;16,7889075;126,9453774957912;0,005156187582761051;0,005156187582761051
2024-06-01 15:00:00;89,6164220027231;15,120775;15,120775;15,120775;74,49049081514035;0,005156187582761051;0,005156187582761051
2024-06-01 16:00:00;36,134783014380034;14,029425;14,029425;14,029425;22,10020182679727;0,005156187582761051;0,005156187582761051
2024-06-01 17:00:00;14,529739583735347;16,387385000000002;14,529739583735347;14,524583396152586;0,0;0,005156187582761051;0,005156187582761051
2024-06-01 18:00:00;12,886193593827311;18,15735;12,886193593827311;12,88103740624455;0,0;0,005156187582761051;0,005156187582761051
2024-06-01 19:00:00;3,946574332799526;19,028129999999997;3,946574332799526;3,941418145216765;0,0;0,005156187582761051;0,005156187582761051
2024-06-01 20:00:00;0,0;19,972452500000003;0,0;0,0;0,0;0,0;0,005156187582761051
2024-06-01 21:00:00;0,0;18,7850775;0,0;0,0;0,0;0,0;0,005156187582761051
2024-06-01 22:00:00;0,0;16,4778325;0,0;0,0;0,0;0,0;0,005156187582761051
2024-06-01 23:00:00;0,0;14,696655;0,0;0,0;0,0;0,0;0,005156187582761051
2024-06-02 00:00:00;0,0;15,5335675;0,0;0,0;0,0;0,0;0,005156187582761051
2024-06-02 01:00:00;0,0;13,57138;0,0;0,0;0,0;0,0;0,005156187582761051
2024-06-02 02:00:00;0,0;12,50832;0,0;0,0;0,0;0,0;0,005156187582761051
2024-06-02 03:00:00;0,0;12,576170000000001;0,0;0,0;0,0;0,0;0,005156187582761051
2024-06-02 04:00:00;0,1956024644153508;14,945457499999998;0,1956024644153508;0,19044627683258977;0,0;0,005156187582761051;0,005156187582761051
2024-06-02 05:00:00;1,9342014426851342;16,975495;1,9342014426851342;1,9290452551023731;0,0;0,005156187582761051;0,005156187582761051
2024-06-02 06:00:00;5,936132730260201;18,3722275;5,936132730260201;5,93097654267744;0,0;0,005156187582761051;0,005156187582761051
2024-06-02 07:00:00;26,38772749210864;24,388855;24,388855;24,388855;1,9937163045258828;0,005156187582761051;0,005156187582761051
2024-06-02 08:00:00;38,96736058802089;39,430625000000006;38,96736058802089;38,962204400438125;0,0;0,005156187582761051;0,005156187582761051
2024-06-02 09:00:00;46,503688813068905;47,800325;46,503688813068905;46,49853262548614;0,0;0,005156187582761051;0,005156187582761051
2024-06-02 10:00:00;189,3728651080566;48,44375;48,44375;48,44375;140,92395892047384;0,005156187582761051;0,005156187582761051
2024-06-02 11:00:00;189,79231443797417;49,9261;49,9261;49,9261;139,8610582503914;0,005156187582761051;0,005156187582761051
2024-06-02 12:00:00;187,94067127609821;46,447925;46,447925;46,447925;141,48759008851545;0,005156187582761051;0,005156187582761051
2024-06-02 13:00:00;60,49095539216837;39,559999999999995;39,559999999999995;39,559999999999995;20,92579920458561;0,005156187582761051;0,005156187582761051
2024-06-02 14:00:00;85,44486155932775;37,3658;37,3658;37,3658;48,07390537174499;0,005156187582761051;0,005156187582761051
2024-06-02 15:00:00;171,31952922215132;40,447799999999994;40,447799999999994;40,447799999999994;130,86657303456855;0,005156187582761051;0,005156187582761051
2024-06-02 16:00:00;131,101958109332;41,36435;41,36435;41,36435;89,73245192174923;0,005156187582761051;0,005156187582761051
2024-06-02 17:00:00;92,81962411655566;40,595575;40,595575;40,595575;52,218892928972906;0,005156187582761051;0,005156187582761051
2024-06-02 18:00:00;46,50117359662849;32,605374999999995;32,605374999999995;32,605374999999995;13,890642409045732;0,005156187582761051;0,005156187582761051
2024-06-02 19:00:00;11,062883605383169;22,969582499999998;11,062883605383169;11,057727417800407;0,0;0,005156187582761051;0,005156187582761051
2024-06-02 20:00:00;0,41999675937812975;20,6058725;0,41999675937812975;0,4148405717953687;0,0;0,005156187582761051;0,005156187582761051
2024-06-02 21:00:00;0,0;19,486232499999996;0,0;0,0;0,0;0,0;0,005156187582761051
2024-06-02 22:00:00;0,0;18,4740025;0,0;0,0;0,0;0,0;0,005156187582761051
2024-06-02 23:00:00;0,0;17,7389225;0,0;0,0;0,0;0,0;0,005156187582761051
2024-06-03 00:00:00;0,0;15,5335675;0,0;0,0;0,0;0,0;0,005156187582761051
2024-06-03 01:00:00;0,0;13,57138;0,0;0,0;0,0;0,0;0,005156187582761051
2024-06-03 02:00:00;0,0;12,50832;0,0;0,0;0,0;0,0;0,005156187582761051
2024-06-03 03:00:00;0,0;12,576170000000001;0,0;0,0;0,0;0,0;0,005156187582761051
2024-06-03 04:00:00;5,348193489615958;14,945457499999998;5,348193489615958;5,3430373020331965;0,0;0,005156187582761051;0,005156187582761051
2024-06-03 05:00:00;32,656386631183565;16,975495;16,975495;16,975495;15,675735443600804;0,005156187582761051;0,005156187582761051
2024-06-03 06:00:00;83,69604636369262;18,3722275;18,3722275;18,3722275;65,31866267610985;0,005156187582761051;0,005156187582761051
2024-06-03 07:00:00;139,11292247207862;24,388855;24,388855;24,388855;114,71891128449585;0,005156187582761051;0,005156187582761051
2024-06-03 08:00:00;180,3868844898755;39,430625000000006;39,430625000000006;39,430625000000006;140,95110330229272;0,005156187582761051;0,005156187582761051
2024-06-03 09:00:00;203,24132469882315;47,800325;47,800325;47,800325;155,43584351124036;0,005156187582761051;0,005156187582761051
2024-06-03 10:00:00;215,26849790129197;48,44375;48,44375;48,44375;166,8195917137092;0,005156187582761051;0,005156187582761051
2024-06-03 11:00:00;193,854388989257;49,9261;49,9261;49,9261;143,92313280167423;0,005156187582761051;0,005156187582761051
2024-06-03 12:00:00;185,7931202977019;46,447925;46,447925;46,447925;139,34003911011914;0,005156187582761051;0,005156187582761051
2024-06-03 13:00:00;179,13889327370097;39,559999999999995;39,559999999999995;39,559999999999995;139,5737370861182;0,005156187582761051;0,005156187582761051
2024-06-03 14:00:00;144,1219020362265;37,3658;37,3658;37,3658;106,75094584864371;0,005156187582761051;0,005156187582761051
2024-06-03 15:00:00;121,64400452380096;40,447799999999994;40,447799999999994;40,447799999999994;81,19104833621822;0,005156187582761051;0,005156187582761051
2024-06-03 16:00:00;100,79803861948506;41,36435;41,36435;41,36435;59,4285324319023;0,005156187582761051;0,005156187582761051
2024-06-03 17:00:00;65,57909029723542;40,595575;40,595575;40,595575;24,978359109652672;0,005156187582761051;0,005156187582761051
2024-06-03 18:00:00;28,207116701983896;32,605374999999995;28,207116701983896;28,201960514401136;0,0;0,005156187582761051;0,005156187582761051
2024-06-03 19:00:00;5,529555390361269;22,969582499999998;5,529555390361269;5,524399202778508;0,0;0,005156187582761051;0,005156187582761051
2024-06-03 20:00:00;0,0;20,6058725;0,0;0,0;0,0;0,0;0,005156187582761051
2024-06-03 21:00:00;0,0;19,486232499999996;0,0;0,0;0,0;0,0;0,005156187582761051
2024-06-03 22:00:00;0,0;18,4740025;0,0;0,0;0,0;0,0;0,005156187582761051
2024-06-03 23:00:00;0,0;17,7389225;0,0;0,0;0,0;0,0;0,005156187582761051
2024-06-04 00:00:00;0,0;15,5335675;0,0;0,0;0,0;0,0;0,005156187582761051
2024-06-04 01:00:00;0,0;13,57138;0,0;0,0;0,0;0,0;0,005156187582761051
2024-06-04 02:00:00;0,0;12,50832;0,0;0,0;0,0;0,0;0,005156187582761051
2024-06-04 03:00:00;0,0;12,576170000000001;0,0;0,0;0,0;0,0;0,005156187582761051
2024-06-04 04:00:00;0,8843574981480699;14,945457499999998;0,8843574981480699;0,8792013105653088;0,0;0,005156187582761051;0,005156187582761051
2024-06-04 05:00:00;23,568487963297443;16,975495;16,975495;16,975495;6,587836775714685;0,005156187582761051;0,005156187582761051
2024-06-04 06:00:00;72,54623983720658;18,3722275;18,3722275;18,3722275;54,16885614962383;0,005156187582761051;0,005156187582761051
2024-06-04 07:00:00;126,28088000867454;24,388855;24,388855;24,388855;101,88686882109178;0,005156187582761051;0,005156187582761051
2024-06-04 08:00:00;167,46754922059787;39,430625000000006;39,430625000000006;39,430625000000006;128,0317680330151;0,005156187582761051;0,005156187582761051
2024-06-04 09:00:00;198,05627998384563;47,800325;47,800325;47,800325;150,25079879626287;0,005156187582761051;0,005156187582761051
2024-06-04 10:00:00;216,48689833581437;48,44375;48,44375;48,44375;168,0379921482316;0,005156187582761051;0,005156187582761051
2024-06-04 11:00:00;228,21076602634986;49,9261;49,9261;49,9261;178,2795098387671;0,005156187582761051;0,005156187582761051
2024-06-04 12:00:00;215,87214984699338;46,447925;46,447925;46,447925;169,4190686594106;0,005156187582761051;0,005156187582761051
2024-06-04 13:00:00;216,063010388649;39,559999999999995;39,559999999999995;39,559999999999995;176,49785420106622;0,005156187582761051;0,005156187582761051
2024-06-04 14:00:00;176,48903877676145;37,3658;37,3658;37,3658;139,11808258917867;0,005156187582761051;0,005156187582761051
2024-06-04 15:00:00;163,56896373794257;40,447799999999994;40,447799999999994;40,447799999999994;123,1160075503598;0,005156187582761051;0,005156187582761051
2024-06-04 16:00:00;128,19614335110236;41,36435;41,36435;41,36435;86,82663716351959;0,005156187582761051;0,005156187582761051
2024-06-04 17:00:00;85,92127314392548;40,595575;40,595575;40,595575;45,32054195634272;0,005156187582761051;0,005156187582761051
2024-06-04 18:00:00;40,3174400008949;32,605374999999995;32,605374999999995;32,605374999999995;7,70690881331214;0,005156187582761051;0,005156187582761051
2024-06-04 19:00:00;9,005939600405403;22,969582499999998;9,005939600405403;9,000783412822642;0,0;0,005156187582761051;0,005156187582761051
2024-06-04 20:00:00;0,5900771746186021;20,6058725;0,5900771746186021;0,5849209870358411;0,0;0,005156187582761051;0,005156187582761051
2024-06-04 21:00:00;0,0;19,486232499999996;0,0;0,0;0,0;0,0;0,005156187582761051
2024-06-04 22:00:00;0,0;18,4740025;0,0;0,0;0,0;0,0;0,005156187582761051
2024-06-04 23:00:00;0,0;17,7389225;0,0;0,0;0,0;0,0;0,005156187582761051
2024-06-05 00:00:00;0,0;15,5335675;0,0;0,0;0,0;0,0;0,005156187582761051
2024-06-05 01:00:00;0,0;13,57138;0,0;0,0;0,0;0,0;0,005156187582761051
2024-06-05 02:00:00;0,0;12,50832;0,0;0,0;0,0;0,0;0,005156187582761051
2024-06-05 03:00:00;0,0;12,576170000000001;0,0;0,0;0,0;0,0;0,005156187582761051
2024-06-05 04:00:00;4,722237492244266;14,945457499999998;4,722237492244266;4,717081304661504;0,0;0,005156187582761051;0,005156187582761051
2024-06-05 05:00:00;30,64754244178118;16,975495;16,975495;16,975495;13,666891254198422;0,005156187582761051;0,005156187582761051
2024-06-05 06:00:00;73,58783535135815;18,3722275;18,3722275;18,3722275;55,210451663775395;0,005156187582761051;0,005156187582761051
2024-06-05 07:00:00;121,3976612665478;24,388855;24,388855;24,388855;97,00365007896505;0,005156187582761051;0,005156187582761051
2024-06-05 08:00:00;160,28364720502557;39,430625000000006;39,430625000000006;39,430625000000006;120,8478660174428;0,005156187582761051;0,005156187582761051
2024-06-05 09:00:00;189,9158559513714;47,800325;47,800325;47,800325;142,11037476378863;0,005156187582761051;0,005156187582761051
2024-06-05 10:00:00;209,56635427694516;48,44375;48,44375;48,44375;161,1174480893624;0,005156187582761051;0,005156187582761051
2024-06-05 11:00:00;216,16139973764206;49,9261;49,9261;49,9261;166,2301435500593;0,005156187582761051;0,005156187582761051
2024-06-05 12:00:00;214,62489840036022;46,447925;46,447925;46,447925;168,17181721277746;0,005156187582761051;0,005156187582761051
2024-06-05 13:00:00;210,313521513659;39,559999999999995;39,559999999999995;39,559999999999995;170,74836532607623;0,005156187582761051;0,005156187582761051
2024-06-05 14:00:00;191,5130183910399;37,3658;37,3658;37,3658;154,14206220345713;0,005156187582761051;0,005156187582761051
2024-06-05 15:00:00;152,021900967778;40,447799999999994;40,447799999999994;40,447799999999994;111,56894478019524;0,005156187582761051;0,005156187582761051
2024-06-05 16:00:00;91,97184822222492;41,36435;41,36435;41,36435;50,60234203464216;0,005156187582761051;0,005156187582761051
2024-06-05 17:00:00;18,932551985741334;40,595575;18,932551985741334;18,927395798158575;0,0;0,005156187582761051;0,005156187582761051
2024-06-05 18:00:00;15,018357365764544;32,605374999999995;15,018357365764544;15,013201178181783;0,0;0,005156187582761051;0,005156187582761051
2024-06-05 19:00:00;13,624483596045533;22,969582499999998;13,624483596045533;13,619327408462771;0,0;0,005156187582761051;0,005156187582761051
2024-06-05 20:00:00;0,5963430226334201;20,6058725;0,5963430226334201;0,591186835050659;0,0;0,005156187582761051;0,005156187582761051
2024-06-05 21:00:00;0,0;19,486232499999996;0,0;0,0;0,0;0,0;0,005156187582761051
2024-06-05 22:00:00;0,0;18,4740025;0,0;0,0;0,0;0,0;0,005156187582761051
2024-06-05 23:00:00;0,0;17,7389225;0,0;0,0;0,0;0,0;0,005156187582761051
2024-06-06 00:00:00;0,0;15,5335675;0,0;0,0;0,0;0,0;0,005156187582761051
2024-06-06 01:00:00;0,0;13,57138;0,0;0,0;0,0;0,0;0,005156187582761051
2024-06-06 02:00:00;0,0;12,50832;0,0;0,0;0,0;0,0;0,005156187582761051
2024-06-06 03:00:00;0,0;12,576170000000001;0,0;0,0;0,0;0,0;0,005156187582761051
2024-06-06 04:00:00;2,5464569081519346;14,945457499999998;2,5464569081519346;2,5413007205691733;0,0;0,005156187582761051;0,005156187582761051
2024-06-06 05:00:00;18,934179478732197;16,975495;16,975495;16,975495;1,9535282911494392;0,005156187582761051;0,005156187582761051
2024-06-06 06:00:00;59,91911353674282;18,3722275;18,3722275;18,3722275;41,541729849160056;0,005156187582761051;0,005156187582761051
2024-06-06 07:00:00;109,29651110994892;24,388855;24,388855;24,388855;84,90249992236616;0,005156187582761051;0,005156187582761051
2024-06-06 08:00:00;161,32894156688366;39,430625000000006;39,430625000000006;39,430625000000006;121,89316037930088;0,005156187582761051;0,005156187582761051
2024-06-06 09:00:00;187,70764387058847;47,800325;47,800325;47,800325;139,9021626830057;0,005156187582761051;0,005156187582761051
2024-06-06 10:00:00;199,54395653140162;48,44375;48,44375;48,44375;151,09505034381885;0,005156187582761051;0,005156187582761051
2024-06-06 11:00:00;207,90779096534874;49,9261;49,9261;49,9261;157,97653477776598;0,005156187582761051;0,005156187582761051
2024-06-06 12:00:00;85,76296246208712;46,447925;46,447925;46,447925;39,30988127450436;0,005156187582761051;0,005156187582761051
2024-06-06 13:00:00;56,385974207490094;39,559999999999995;39,559999999999995;39,559999999999995;16,820818019907335;0,005156187582761051;0,005156187582761051
2024-06-06 14:00:00;163,49498678381246;37,3658;37,3658;37,3658;126,12403059622969;0,005156187582761051;0,005156187582761051
2024-06-06 15:00:00;130,72171656510335;40,447799999999994;40,447799999999994;40,447799999999994;90,26876037752058;0,005156187582761051;0,005156187582761051
2024-06-06 16:00:00;24,882370452515598;41,36435;24,882370452515598;24,87721426493284;0,0;0,005156187582761051;0,005156187582761051
2024-06-06 17:00:00;6,656927182826658;40,595575;6,656927182826658;6,651770995243897;0,0;0,005156187582761051;0,005156187582761051
2024-06-06 18:00:00;2,960150831038182;32,605374999999995;2,960150831038182;2,9549946434554206;0,0;0,005156187582761051;0,005156187582761051
2024-06-06 19:00:00;0,5215005381400157;22,969582499999998;0,5215005381400157;0,5163443505572547;0,0;0,005156187582761051;0,005156187582761051
2024-06-06 20:00:00;0,0;20,6058725;0,0;0,0;0,0;0,0;0,005156187582761051
2024-06-06 21:00:00;0,0;19,486232499999996;0,0;0,0;0,0;0,0;0,005156187582761051
2024-06-06 22:00:00;0,0;18,4740025;0,0;0,0;0,0;0,0;0,005156187582761051
2024-06-06 23:00:00;0,0;17,7389225;0,0;0,0;0,0;0,0;0,005156187582761051
2024-06-07 00:00:00;0,0;17,4561375;0,0;0,0;0,0;0,0;0,005156187582761051
2024-06-07 01:00:00;0,0;17,3939225;0,0;0,0;0,0;0,0;0,005156187582761051
2024-06-07 02:00:00;0,0;15,765407500000002;0,0;0,0;0,0;0,0;0,005156187582761051
2024-06-07 03:00:00;0,0;15,375212499999998;0,0;0,0;0,0;0,0;0,005156187582761051
2024-06-07 04:00:00;0,12421470367982133;15,906800000000002;0,12421470367982133;0,11905851609706028;0,0;0,005156187582761051;0,005156187582761051
2024-06-07 05:00:00;22,70059773513873;16,410040000000002;16,410040000000002;16,410040000000002;6,285401547555967;0,005156187582761051;0,005156187582761051
2024-06-07 06:00:00;27,896191563775158;16,9189725;16,9189725;16,9189725;10,9720628761924;0,005156187582761051;0,005156187582761051
2024-06-07 07:00:00;53,70393973550395;25,717564999999997;25,717564999999997;25,717564999999997;27,98121854792119;0,005156187582761051;0,005156187582761051
2024-06-07 08:00:00;98,10453771960876;38,12997499999999;38,12997499999999;38,12997499999999;59,969406532026014;0,005156187582761051;0,005156187582761051
2024-06-07 09:00:00;113,08413116140915;42,359675;42,359675;42,359675;70,7192999738264;0,005156187582761051;0,005156187582761051
2024-06-07 10:00:00;113,60049030123713;43,2078;43,2078;43,2078;70,38753411365437;0,005156187582761051;0,005156187582761051
2024-06-07 11:00:00;123,80117250623417;44,118025;44,118025;44,118025;79,67799131865141;0,005156187582761051;0,005156187582761051
2024-06-07 12:00:00;123,69908430953464;43,445275;43,445275;43,445275;80,24865312195189;0,005156187582761051;0,005156187582761051
2024-06-07 13:00:00;142,8702119723455;38,170224999999995;38,170224999999995;38,170224999999995;104,69483078476273;0,005156187582761051;0,005156187582761051
2024-06-07 14:00:00;123,39577879760131;28,477450000000005;28,477450000000005;28,477450000000005;94,91317261001855;0,005156187582761051;0,005156187582761051
2024-06-07 15:00:00;54,40413160634518;21,459805;21,459805;21,459805;32,939170418762416;0,005156187582761051;0,005156187582761051
2024-06-07 16:00:00;61,22924539438659;17,863352499999998;17,863352499999998;17,863352499999998;43,36073670680383;0,005156187582761051;0,005156187582761051
2024-06-07 17:00:00;85,7452079930959;18,061267500000003;18,061267500000003;18,061267500000003;67,67878430551315;0,005156187582761051;0,005156187582761051
2024-06-07 18:00:00;34,570910204070096;19,03388;19,03388;19,03388;15,531874016487333;0,005156187582761051;0,005156187582761051
2024-06-07 19:00:00;9,089289434623767;19,599335;9,089289434623767;9,084133247041006;0,0;0,005156187582761051;0,005156187582761051
2024-06-07 20:00:00;0,3362844380845285;20,6171425;0,3362844380845285;0,3311282505017675;0,0;0,005156187582761051;0,005156187582761051
2024-06-07 21:00:00;0,0;19,8876975;0,0;0,0;0,0;0,0;0,005156187582761051
2024-06-07 22:00:00;0,0;18,1686775;0,0;0,0;0,0;0,0;0,005156187582761051
2024-06-07 23:00:00;0,0;16,4835825;0,0;0,0;0,0;0,0;0,005156187582761051
2024-06-08 00:00:00;0,0;14,8153925;0,0;0,0;0,0;0,0;0,005156187582761051
2024-06-08 01:00:00;0,0;12,836242499999999;0,0;0,0;0,0;0,0;0,005156187582761051
2024-06-08 02:00:00;0,0;11,0493725;0,0;0,0;0,0;0,0;0,005156187582761051
2024-06-08 03:00:00;0,0;10,110685;0,0;0,0;0,0;0,0;0,005156187582761051
2024-06-08 04:00:00;8,80887978999369;9,87321;8,80887978999369;8,803723602410928;0,0;0,005156187582761051;0,005156187582761051
2024-06-08 05:00:00;42,437545529308935;10,235115;10,235115;10,235115;32,19727434172617;0,005156187582761051;0,005156187582761051
2024-06-08 06:00:00;89,18069774289694;10,285945;10,285945;10,285945;78,88959655531418;0,005156187582761051;0,005156187582761051
2024-06-08 07:00:00;133,32718488956488;11,286905;11,286905;11,286905;122,0351237019821;0,005156187582761051;0,005156187582761051
2024-06-08 08:00:00;172,1724835032711;12,0445825;12,0445825;12,0445825;160,12274481568835;0,005156187582761051;0,005156187582761051
2024-06-08 09:00:00;199,42855248295868;13,797527500000001;13,797527500000001;13,797527500000001;185,6258687953759;0,005156187582761051;0,005156187582761051
2024-06-08 10:00:00;212,34049005682326;15,624072499999999;15,624072499999999;15,624072499999999;196,71126136924048;0,005156187582761051;0,005156187582761051
2024-06-08 11:00:00;197,73374046383847;17,37696;17,37696;17,37696;180,3516242762557;0,005156187582761051;0,005156187582761051
2024-06-08 12:00:00;161,30674848064464;18,722862499999998;18,722862499999998;18,722862499999998;142,57872979306188;0,005156187582761051;0,005156187582761051
2024-06-08 13:00:00;165,50272131890293;18,3892475;18,3892475;18,3892475;147,10831763132015;0,005156187582761051;0,005156187582761051
2024-06-08 14:00:00;182,8111092767183;16,7889075;16,7889075;16,7889075;166,01704558913553;0,005156187582761051;0,005156187582761051
2024-06-08 15:00:00;168,70888251090068;15,120775;15,120775;15,120775;153,5829513233179;0,005156187582761051;0,005156187582761051
2024-06-08 16:00:00;133,32570535048228;14,029425;14,029425;14,029425;119,29112416289951;0,005156187582761051;0,005156187582761051
2024-06-08 17:00:00;92,576979707009;16,387385000000002;16,387385000000002;16,387385000000002;76,18443851942624;0,005156187582761051;0,005156187582761051
2024-06-08 18:00:00;47,851253009502486;18,15735;18,15735;18,15735;29,68874682191972;0,005156187582761051;0,005156187582761051
2024-06-08 19:00:00;8,860582283235203;19,028129999999997;8,860582283235203;8,855426095652442;0,0;0,005156187582761051;0,005156187582761051
2024-06-08 20:00:00;1,2350156584200733;19,972452500000003;1,2350156584200733;1,2298594708373123;0,0;0,005156187582761051;0,005156187582761051
2024-06-08 21:00:00;0,0;18,7850775;0,0;0,0;0,0;0,0;0,005156187582761051
2024-06-08 22:00:00;0,0;16,4778325;0,0;0,0;0,0;0,0;0,005156187582761051
2024-06-08 23:00:00;0,0;14,696655;0,0;0,0;0,0;0,0;0,005156187582761051
2024-06-09 00:00:00;0,0;15,5335675;0,0;0,0;0,0;0,0;0,005156187582761051
2024-06-09 01:00:00;0,0;13,57138;0,0;0,0;0,0;0,0;0,005156187582761051
2024-06-09 02:00:00;0,0;12,50832;0,0;0,0;0,0;0,0;0,005156187582761051
2024-06-09 03:00:00;0,0;12,576170000000001;0,0;0,0;0,0;0,0;0,005156187582761051
2024-06-09 04:00:00;0,13259629258275968;14,945457499999998;0,13259629258275968;0,12744010499999864;0,0;0,005156187582761051;0,005156187582761051
2024-06-09 05:00:00;3,6718239251604;16,975495;3,6718239251604;3,666667737577639;0,0;0,005156187582761051;0,005156187582761051
2024-06-09 06:00:00;19,857337889321492;18,3722275;18,3722275;18,3722275;1,4799542017387317;0,005156187582761051;0,005156187582761051
2024-06-09 07:00:00;44,57259440245724;24,388855;24,388855;24,388855;20,17858321487448;0,005156187582761051;0,005156187582761051
2024-06-09 08:00:00;40,377731218510924;39,430625000000006;39,430625000000006;39,430625000000006;0,9419500309281545;0,005156187582761051;0,005156187582761051
2024-06-09 09:00:00;79,11169451625139;47,800325;47,800325;47,800325;31,306213328668633;0,005156187582761051;0,005156187582761051
2024-06-09 10:00:00;95,49463077789943;48,44375;48,44375;48,44375;47,045724590316674;0,005156187582761051;0,005156187582761051
2024-06-09 11:00:00;90,98233248378094;49,9261;49,9261;49,9261;41,05107629619818;0,005156187582761051;0,005156187582761051
2024-06-09 12:00:00;75,31889607800206;46,447925;46,447925;46,447925;28,8658148904193;0,005156187582761051;0,005156187582761051
2024-06-09 13:00:00;44,92768378228163;39,559999999999995;39,559999999999995;39,559999999999995;5,362527594698875;0,005156187582761051;0,005156187582761051
2024-06-09 14:00:00;20,370442043167746;37,3658;20,370442043167746;20,365285855584986;0,0;0,005156187582761051;0,005156187582761051
2024-06-09 15:00:00;19,411478786779487;40,447799999999994;19,411478786779487;19,406322599196727;0,0;0,005156187582761051;0,005156187582761051
2024-06-09 16:00:00;14,75403770865776;41,36435;14,75403770865776;14,748881521074999;0,0;0,005156187582761051;0,005156187582761051
2024-06-09 17:00:00;10,00419941482756;40,595575;10,00419941482756;9,9990432272448;0,0;0,005156187582761051;0,005156187582761051
2024-06-09 18:00:00;4,625852918708182;32,605374999999995;4,625852918708182;4,62069673112542;0,0;0,005156187582761051;0,005156187582761051
2024-06-09 19:00:00;0,7222074123903423;22,969582499999998;0,7222074123903423;0,7170512248075812;0,0;0,005156187582761051;0,005156187582761051
2024-06-09 20:00:00;0,0;20,6058725;0,0;0,0;0,0;0,0;0,005156187582761051
2024-06-09 21:00:00;0,0;19,486232499999996;0,0;0,0;0,0;0,0;0,005156187582761051
2024-06-09 22:00:00;0,0;18,4740025;0,0;0,0;0,0;0,0;0,005156187582761051
2024-06-09 23:00:00;0,0;17,7389225;0,0;0,0;0,0;0,0;0,005156187582761051
2024-06-10 00:00:00;0,0;15,5335675;0,0;0,0;0,0;0,0;0,005156187582761051
2024-06-10 01:00:00;0,0;13,57138;0,0;0,0;0,0;0,0;0,005156187582761051
2024-06-10 02:00:00;0,0;12,50832;0,0;0,0;0,0;0,0;0,005156187582761051
2024-06-10 03:00:00;0,0;12,576170000000001;0,0;0,0;0,0;0,0;0,005156187582761051
2024-06-10 04:00:00;0,3587142505767695;14,945457499999998;0,3587142505767695;0,35355806299400844;0,0;0,005156187582761051;0,005156187582761051
2024-06-10 05:00:00;2,677285151530985;16,975495;2,677285151530985;2,6721289639482237;0,0;0,005156187582761051;0,005156187582761051
2024-06-10 06:00:00;9,826580747961234;18,3722275;9,826580747961234;9,821424560378473;0,0;0,005156187582761051;0,005156187582761051
2024-06-10 07:00:00;48,512311071608906;24,388855;24,388855;24,388855;24,118299884026143;0,005156187582761051;0,005156187582761051
2024-06-10 08:00:00;70,02066662320559;39,430625000000006;39,430625000000006;39,430625000000006;30,584885435622823;0,005156187582761051;0,005156187582761051
2024-06-10 09:00:00;74,10049564347962;47,800325;47,800325;47,800325;26,29501445589686;0,005156187582761051;0,005156187582761051
2024-06-10 10:00:00;58,16659949340118;48,44375;48,44375;48,44375;9,717693305818415;0,005156187582761051;0,005156187582761051
2024-06-10 11:00:00;70,37131738578216;49,9261;49,9261;49,9261;20,44006119819941;0,005156187582761051;0,005156187582761051
2024-06-10 12:00:00;138,59508379316804;46,447925;46,447925;46,447925;92,14200260558528;0,005156187582761051;0,005156187582761051
2024-06-10 13:00:00;197,11455335776972;39,559999999999995;39,559999999999995;39,559999999999995;157,54939717018695;0,005156187582761051;0,005156187582761051
2024-06-10 14:00:00;164,1718759141027;37,3658;37,3658;37,3658;126,80091972651994;0,005156187582761051;0,005156187582761051
2024-06-10 15:00:00;134,63287812996083;40,447799999999994;40,447799999999994;40,447799999999994;94,17992194237806;0,005156187582761051;0,005156187582761051
2024-06-10 16:00:00;97,54897079409182;41,36435;41,36435;41,36435;56,17946460650906;0,005156187582761051;0,005156187582761051
2024-06-10 17:00:00;45,61714899477399;40,595575;40,595575;40,595575;5,016417807191232;0,005156187582761051;0,005156187582761051
2024-06-10 18:00:00;14,949114936698786;32,605374999999995;14,949114936698786;14,943958749116025;0,0;0,005156187582761051;0,005156187582761051
2024-06-10 19:00:00;2,094450320721718;22,969582499999998;2,094450320721718;2,089294133138957;0,0;0,005156187582761051;0,005156187582761051
2024-06-10 20:00:00;0,0;20,6058725;0,0;0,0;0,0;0,0;0,005156187582761051
2024-06-10 21:00:00;0,0;19,486232499999996;0,0;0,0;0,0;0,0;0,005156187582761051
2024-06-10 22:00:00;0,0;18,4740025;0,0;0,0;0,0;0,0;0,005156187582761051
2024-06-10 23:00:00;0,0;17,7389225;0,0;0,0;0,0;0,0;0,005156187582761051
2024-06-11 00:00:00;0,0;15,5335675;0,0;0,0;0,0;0,0;0,005156187582761051
2024-06-11 01:00:00;0,0;13,57138;0,0;0,0;0,0;0,0;0,005156187582761051
2024-06-11 02:00:00;0,0;12,50832;0,0;0,0;0,0;0,0;0,005156187582761051
2024-06-11 03:00:00;0,0;12,576170000000001;0,0;0,0;0,0;0,0;0,005156187582761051
2024-06-11 04:00:00;0,11000373079143251;14,945457499999998;0,11000373079143251;0,10484754320867146;0,0;0,005156187582761051;0,005156187582761051
2024-06-11 05:00:00;1,889785679425433;16,975495;1,889785679425433;1,884629491842672;0,0;0,005156187582761051;0,005156187582761051
2024-06-11 06:00:00;9,754305263776143;18,3722275;9,754305263776143;9,749149076193381;0,0;0,005156187582761051;0,005156187582761051
2024-06-11 07:00:00;24,830290676808026;24,388855;24,388855;24,388855;0,43627948922526727;0,005156187582761051;0,005156187582761051
2024-06-11 08:00:00;43,74457035487923;39,430625000000006;39,430625000000006;39,430625000000006;4,30878916729646;0,005156187582761051;0,005156187582761051
2024-06-11 09:00:00;59,27551403581113;47,800325;47,800325;47,800325;11,470032848228364;0,005156187582761051;0,005156187582761051
2024-06-11 10:00:00;56,2957223234514;48,44375;48,44375;48,44375;7,846816135868636;0,005156187582761051;0,005156187582761051
2024-06-11 11:00:00;90,81706796825435;49,9261;49,9261;49,9261;40,885811780671595;0,005156187582761051;0,005156187582761051
2024-06-11 12:00:00;118,92091284227266;46,447925;46,447925;46,447925;72,4678316546899;0,005156187582761051;0,005156187582761051
2024-06-11 13:00:00;90,32660076237188;39,559999999999995;39,559999999999995;39,559999999999995;50,76144457478913;0,005156187582761051;0,005156187582761051
2024-06-11 14:00:00;99,67210937762519;37,3658;37,3658;37,3658;62,301153190042434;0,005156187582761051;0,005156187582761051
2024-06-11 15:00:00;63,81178086306776;40,447799999999994;40,447799999999994;40,447799999999994;23,358824675485003;0,005156187582761051;0,005156187582761051
2024-06-11 16:00:00;20,01402107816901;41,36435;20,01402107816901;20,00886489058625;0,0;0,005156187582761051;0,005156187582761051
2024-06-11 17:00:00;10,059978038241644;40,595575;10,059978038241644;10,054821850658882;0,0;0,005156187582761051;0,005156187582761051
2024-06-11 18:00:00;5,474812444305007;32,605374999999995;5,474812444305007;5,469656256722246;0,0;0,005156187582761051;0,005156187582761051
2024-06-11 19:00:00;0,2863499940467229;22,969582499999998;0,2863499940467229;0,28119380646396186;0,0;0,005156187582761051;0,005156187582761051
2024-06-11 20:00:00;0,0;20,6058725;0,0;0,0;0,0;0,0;0,005156187582761051
2024-06-11 21:00:00;0,0;19,486232499999996;0,0;0,0;0,0;0,0;0,005156187582761051
2024-06-11 22:00:00;0,0;18,4740025;0,0;0,0;0,0;0,0;0,005156187582761051
2024-06-11 23:00:00;0,0;17,7389225;0,0;0,0;0,0;0,0;0,005156187582761051
2024-06-12 00:00:00;0,0;15,5335675;0,0;0,0;0,0;0,0;0,005156187582761051
2024-06-12 01:00:00;0,0;13,57138;0,0;0,0;0,0;0,0;0,005156187582761051
2024-06-12 02:00:00;0,0;12,50832;0,0;0,0;0,0;0,0;0,005156187582761051
2024-06-12 03:00:00;0,0;12,576170000000001;0,0;0,0;0,0;0,0;0,005156187582761051
2024-06-12 04:00:00;0,13107976502309296;14,945457499999998;0,13107976502309296;0,12592357744033192;0,0;0,005156187582761051;0,005156187582761051
2024-06-12 05:00:00;3,1497537644735827;16,975495;3,1497537644735827;3,1445975768908214;0,0;0,005156187582761051;0,005156187582761051
2024-06-12 06:00:00;25,294052202249507;18,3722275;18,3722275;18,3722275;6,916668514666746;0,005156187582761051;0,005156187582761051
2024-06-12 07:00:00;43,37490751509121;24,388855;24,388855;24,388855;18,980896327508447;0,005156187582761051;0,005156187582761051
2024-06-12 08:00:00;80,79984860949989;39,430625000000006;39,430625000000006;39,430625000000006;41,36406742191713;0,005156187582761051;0,005156187582761051
2024-06-12 09:00:00;106,8708067840235;47,800325;47,800325;47,800325;59,06532559644074;0,005156187582761051;0,005156187582761051
2024-06-12 10:00:00;137,670371866542;48,44375;48,44375;48,44375;89,22146567895925;0,005156187582761051;0,005156187582761051
2024-06-12 11:00:00;124,9973798545176;49,9261;49,9261;49,9261;75,06612366693486;0,005156187582761051;0,005156187582761051
2024-06-12 12:00:00;98,79918131889022;46,447925;46,447925;46,447925;52,346100131307466;0,005156187582761051;0,005156187582761051
2024-06-12 13:00:00;137,06893922946443;39,559999999999995;39,559999999999995;39,559999999999995;97,50378304188166;0,005156187582761051;0,005156187582761051
2024-06-12 14:00:00;131,03981746786272;37,3658;37,3658;37,3658;93,66886128027994;0,005156187582761051;0,005156187582761051
2024-06-12 15:00:00;121,30445030434387;40,447799999999994;40,447799999999994;40,447799999999994;80,85149411676113;0,005156187582761051;0,005156187582761051
2024-06-12 16:00:00;94,39385370044383;41,36435;41,36435;41,36435;53,02434751286107;0,005156187582761051;0,005156187582761051
2024-06-12 17:00:00;67,54243865984782;40,595575;40,595575;40,595575;26,941707472265065;0,005156187582761051;0,005156187582761051
2024-06-12 18:00:00;50,55999316192958;32,605374999999995;32,605374999999995;32,605374999999995;17,949461974346825;0,005156187582761051;0,005156187582761051
2024-06-12 19:00:00;15,150554182795002;22,969582499999998;15,150554182795002;15,14539799521224;0,0;0,005156187582761051;0,005156187582761051
2024-06-12 20:00:00;0,7621253768389347;20,6058725;0,7621253768389347;0,7569691892561736;0,0;0,005156187582761051;0,005156187582761051
2024-06-12 21:00:00;0,0;19,486232499999996;0,0;0,0;0,0;0,0;0,005156187582761051
2024-06-12 22:00:00;0,0;18,4740025;0,0;0,0;0,0;0,0;0,005156187582761051
2024-06-12 23:00:00;0,0;17,7389225;0,0;0,0;0,0;0,0;0,005156187582761051
2024-06-13 00:00:00;0,0;15,5335675;0,0;0,0;0,0;0,0;0,005156187582761051
2024-06-13 01:00:00;0,0;13,57138;0,0;0,0;0,0;0,0;0,005156187582761051
2024-06-13 02:00:00;0,0;12,50832;0,0;0,0;0,0;0,0;0,005156187582761051
2024-06-13 03:00:00;0,0;12,576170000000001;0,0;0,0;0,0;0,0;0,005156187582761051
2024-06-13 04:00:00;0,13781906554434345;14,945457499999998;0,13781906554434345;0,1326628779615824;0,0;0,005156187582761051;0,005156187582761051
2024-06-13 05:00:00;7,935988719735784;16,975495;7,935988719735784;7,930832532153023;0,0;0,005156187582761051;0,005156187582761051
2024-06-13 06:00:00;42,30815983653542;18,3722275;18,3722275;18,3722275;23,930776148952653;0,005156187582761051;0,005156187582761051
2024-06-13 07:00:00;107,88503082514693;24,388855;24,388855;24,388855;83,49101963756416;0,005156187582761051;0,005156187582761051
2024-06-13 08:00:00;159,50688918665972;39,430625000000006;39,430625000000006;39,430625000000006;120,07110799907694;0,005156187582761051;0,005156187582761051
2024-06-13 09:00:00;169,50265522871646;47,800325;47,800325;47,800325;121,69717404113369;0,005156187582761051;0,005156187582761051
2024-06-13 10:00:00;130,53233556253036;48,44375;48,44375;48,44375;82,0834293749476;0,005156187582761051;0,005156187582761051
2024-06-13 11:00:00;100,97484353985595;49,9261;49,9261;49,9261;51,0435873522732;0,005156187582761051;0,005156187582761051
2024-06-13 12:00:00;90,4272094199888;46,447925;46,447925;46,447925;43,974128232406045;0,005156187582761051;0,005156187582761051
2024-06-13 13:00:00;100,38302790681527;39,559999999999995;39,559999999999995;39,559999999999995;60,81787171923252;0,005156187582761051;0,005156187582761051
2024-06-13 14:00:00;101,55852170794229;37,3658;37,3658;37,3658;64,18756552035953;0,005156187582761051;0,005156187582761051
2024-06-13 15:00:00;99,90291747451106;40,447799999999994;40,447799999999994;40,447799999999994;59,44996128692831;0,005156187582761051;0,005156187582761051
2024-06-13 16:00:00;83,21963477909489;41,36435;41,36435;41,36435;41,85012859151213;0,005156187582761051;0,005156187582761051
2024-06-13 17:00:00;47,3331184227754;40,595575;40,595575;40,595575;6,73238723519264;0,005156187582761051;0,005156187582761051
2024-06-13 18:00:00;20,026153298646346;32,605374999999995;20,026153298646346;20,020997111063586;0,0;0,005156187582761051;0,005156187582761051
2024-06-13 19:00:00;9,24973065274109;22,969582499999998;9,24973065274109;9,244574465158328;0,0;0,005156187582761051;0,005156187582761051
2024-06-13 20:00:00;0,7369140308714026;20,6058725;0,7369140308714026;0,7317578432886416;0,0;0,005156187582761051;0,005156187582761051
2024-06-13 21:00:00;0,0;19,486232499999996;0,0;0,0;0,0;0,0;0,005156187582761051
2024-06-13 22:00:00;0,0;18,4740025;0,0;0,0;0,0;0,0;0,005156187582761051
2024-06-13 23:00:00;0,0;17,7389225;0,0;0,0;0,0;0,0;0,005156187582761051
2024-06-14 00:00:00;0,0;17,4561375;0,0;0,0;0,0;0,0;0,005156187582761051
2024-06-14 01:00:00;0,0;17,3939225;0,0;0,0;0,0;0,0;0,005156187582761051
2024-06-14 02:00:00;0,0;15,765407500000002;0,0;0,0;0,0;0,0;0,005156187582761051
2024-06-14 03:00:00;0,0;15,375212499999998;0,0;0,0;0,0;0,0;0,005156187582761051
2024-06-14 04:00:00;12,886563478597958;15,906800000000002;12,886563478597958;12,881407291015197;0,0;0,005156187582761051;0,005156187582761051
2024-06-14 05:00:00;45,499525637707166;16,410040000000002;16,410040000000002;16,410040000000002;29,0843294501244;0,005156187582761051;0,005156187582761051
2024-06-14 06:00:00;85,02393269032758;16,9189725;16,9189725;16,9189725;68,09980400274483;0,005156187582761051;0,005156187582761051
2024-06-14 07:00:00;112,33178553790617;25,717564999999997;25,717564999999997;25,717564999999997;86,60906435032342;0,005156187582761051;0,005156187582761051
2024-06-14 08:00:00;144,97855516505285;38,12997499999999;38,12997499999999;38,12997499999999;106,8434239774701;0,005156187582761051;0,005156187582761051
2024-06-14 09:00:00;181,35080420219046;42,359675;42,359675;42,359675;138,98597301460768;0,005156187582761051;0,005156187582761051
2024-06-14 10:00:00;205,74766390475034;43,2078;43,2078;43,2078;162,53470771716758;0,005156187582761051;0,005156187582761051
2024-06-14 11:00:00;212,5306108289376;44,118025;44,118025;44,118025;168,40742964135484;0,005156187582761051;0,005156187582761051
2024-06-14 12:00:00;204,7179047032596;43,445275;43,445275;43,445275;161,2674735156768;0,005156187582761051;0,005156187582761051
2024-06-14 13:00:00;174,71211233855686;38,170224999999995;38,170224999999995;38,170224999999995;136,5367311509741;0,005156187582761051;0,005156187582761051
2024-06-14 14:00:00;150,52312787710252;28,477450000000005;28,477450000000005;28,477450000000005;122,04052168951975;0,005156187582761051;0,005156187582761051
2024-06-14 15:00:00;118,95050362392466;21,459805;21,459805;21,459805;97,4855424363419;0,005156187582761051;0,005156187582761051
2024-06-14 16:00:00;82,75801858532316;17,863352499999998;17,863352499999998;17,863352499999998;64,8895098977404;0,005156187582761051;0,005156187582761051
2024-06-14 17:00:00;61,845473422290176;18,061267500000003;18,061267500000003;18,061267500000003;43,779049734707414;0,005156187582761051;0,005156187582761051
2024-06-14 18:00:00;23,288093114058196;19,03388;19,03388;19,03388;4,249056926475436;0,005156187582761051;0,005156187582761051
2024-06-14 19:00:00;2,0145626079566425;19,599335;2,0145626079566425;2,0094064203738813;0,0;0,005156187582761051;0,005156187582761051
2024-06-14 20:00:00;0,0;20,6171425;0,0;0,0;0,0;0,0;0,005156187582761051
2024-06-14 21:00:00;0,0;19,8876975;0,0;0,0;0,0;0,0;0,005156187582761051
2024-06-14 22:00:00;0,0;18,1686775;0,0;0,0;0,0;0,0;0,005156187582761051
2024-06-14 23:00:00;0,0;16,4835825;0,0;0,0;0,0;0,0;0,005156187582761051
2024-06-15 00:00:00;0,0;14,8153925;0,0;0,0;0,0;0,0;0,005156187582761051
2024-06-15 01:00:00;0,0;12,836242499999999;0,0;0,0;0,0;0,0;0,005156187582761051
2024-06-15 02:00:00;0,0;11,0493725;0,0;0,0;0,0;0,0;0,005156187582761051
2024-06-15 03:00:00;0,0;10,110685;0,0;0,0;0,0;0,0;0,005156187582761051
2024-06-15 04:00:00;1,8427215412078743;9,87321;1,8427215412078743;1,8375653536251133;0,0;0,005156187582761051;0,005156187582761051
2024-06-15 05:00:00;9,561299390450758;10,235115;9,561299390450758;9,556143202867997;0,0;0,005156187582761051;0,005156187582761051
2024-06-15 06:00:00;16,134447672725095;10,285945;10,285945;10,285945;5,843346485142336;0,005156187582761051;0,005156187582761051
2024-06-15 07:00:00;48,41051878272591;11,286905;11,286905;11,286905;37,11845759514314;0,005156187582761051;0,005156187582761051
2024-06-15 08:00:00;60,19504757564805;12,0445825;12,0445825;12,0445825;48,14530888806529;0,005156187582761051;0,005156187582761051
2024-06-15 09:00:00;66,90327777616392;13,797527500000001;13,797527500000001;13,797527500000001;53,10059408858116;0,005156187582761051;0,005156187582761051
2024-06-15 10:00:00;112,27852213093254;15,624072499999999;15,624072499999999;15,624072499999999;96,64929344334979;0,005156187582761051;0,005156187582761051
2024-06-15 11:00:00;153,93642454066452;17,37696;17,37696;17,37696;136,55430835308175;0,005156187582761051;0,005156187582761051
2024-06-15 12:00:00;117,71212941178709;18,722862499999998;18,722862499999998;18,722862499999998;98,98411072420433;0,005156187582761051;0,005156187582761051
2024-06-15 13:00:00;110,43131758630437;18,3892475;18,3892475;18,3892475;92,03691389872162;0,005156187582761051;0,005156187582761051
2024-06-15 14:00:00;46,22967817497108;16,7889075;16,7889075;16,7889075;29,435614487388314;0,005156187582761051;0,005156187582761051
2024-06-15 15:00:00;38,939249345451465;15,120775;15,120775;15,120775;23,8133181578687;0,005156187582761051;0,005156187582761051
2024-06-15 16:00:00;21,29411829243595;14,029425;14,029425;14,029425;7,259537104853191;0,005156187582761051;0,005156187582761051
2024-06-15 17:00:00;38,62026071924255;16,387385000000002;16,387385000000002;16,387385000000002;22,227719531659787;0,005156187582761051;0,005156187582761051
2024-06-15 18:00:00;20,928672139033345;18,15735;18,15735;18,15735;2,766165951450585;0,005156187582761051;0,005156187582761051
2024-06-15 19:00:00;7,0268489419541345;19,028129999999997;7,0268489419541345;7,021692754371373;0,0;0,005156187582761051;0,005156187582761051
2024-06-15 20:00:00;0,5151977016481327;19,972452500000003;0,5151977016481327;0,5100415140653717;0,0;0,005156187582761051;0,005156187582761051
2024-06-15 21:00:00;0,0;18,7850775;0,0;0,0;0,0;0,0;0,005156187582761051
2024-06-15 22:00:00;0,0;16,4778325;0,0;0,0;0,0;0,0;0,005156187582761051
2024-06-15 23:00:00;0,0;14,696655;0,0;0,0;0,0;0,0;0,005156187582761051
2024-06-16 00:00:00;0,0;15,5335675;0,0;0,0;0,0;0,0;0,005156187582761051
2024-06-16 01:00:00;0,0;13,57138;0,0;0,0;0,0;0,0;0,005156187582761051
2024-06-16 02:00:00;0,0;12,50832;0,0;0,0;0,0;0,0;0,005156187582761051
2024-06-16 03:00:00;0,0;12,576170000000001;0,0;0,0;0,0;0,0;0,005156187582761051
2024-06-16 04:00:00;2,960772237452874;14,945457499999998;2,960772237452874;2,955616049870113;0,0;0,005156187582761051;0,005156187582761051
2024-06-16 05:00:00;27,699486842743266;16,975495;16,975495;16,975495;10,718835655160508;0,005156187582761051;0,005156187582761051
2024-06-16 06:00:00;79,1050365903797;18,3722275;18,3722275;18,3722275;60,72765290279694;0,005156187582761051;0,005156187582761051
2024-06-16 07:00:00;125,04028648791306;24,388855;24,388855;24,388855;100,6462753003303;0,005156187582761051;0,005156187582761051
2024-06-16 08:00:00;149,86103413763828;39,430625000000006;39,430625000000006;39,430625000000006;110,42525295005551;0,005156187582761051;0,005156187582761051
2024-06-16 09:00:00;194,35151412101115;47,800325;47,800325;47,800325;146,54603293342836;0,005156187582761051;0,005156187582761051
2024-06-16 10:00:00;222,28077338328245;48,44375;48,44375;48,44375;173,8318671956997;0,005156187582761051;0,005156187582761051
2024-06-16 11:00:00;222,93990804458153;49,9261;49,9261;49,9261;173,00865185699877;0,005156187582761051;0,005156187582761051
2024-06-16 12:00:00;222,10544800199412;46,447925;46,447925;46,447925;175,65236681441135;0,005156187582761051;0,005156187582761051
2024-06-16 13:00:00;223,7987804820317;39,559999999999995;39,559999999999995;39,559999999999995;184,23362429444893;0,005156187582761051;0,005156187582761051
2024-06-16 14:00:00;202,70943039862786;37,3658;37,3658;37,3658;165,33847421104508;0,005156187582761051;0,005156187582761051
2024-06-16 15:00:00;133,35899497984082;40,447799999999994;40,447799999999994;40,447799999999994;92,90603879225804;0,005156187582761051;0,005156187582761051
2024-06-16 16:00:00;81,4530651144685;41,36435;41,36435;41,36435;40,08355892688574;0,005156187582761051;0,005156187582761051
2024-06-16 17:00:00;55,24672911388682;40,595575;40,595575;40,595575;14,645997926304062;0,005156187582761051;0,005156187582761051
2024-06-16 18:00:00;32,41196677473778;32,605374999999995;32,41196677473778;32,406810587155015;0,0;0,005156187582761051;0,005156187582761051
2024-06-16 19:00:00;15,099584061399378;22,969582499999998;15,099584061399378;15,094427873816617;0,0;0,005156187582761051;0,005156187582761051
2024-06-16 20:00:00;0,0;20,6058725;0,0;0,0;0,0;0,0;0,005156187582761051
2024-06-16 21:00:00;0,0;19,486232499999996;0,0;0,0;0,0;0,0;0,005156187582761051
2024-06-16 22:00:00;0,0;18,4740025;0,0;0,0;0,0;0,0;0,005156187582761051
2024-06-16 23:00:00;0,0;17,7389225;0,0;0,0;0,0;0,0;0,005156187582761051
2024-06-17 00:00:00;0,0;15,5335675;0,0;0,0;0,0;0,0;0,005156187582761051
2024-06-17 01:00:00;0,0;13,57138;0,0;0,0;0,0;0,0;0,005156187582761051
2024-06-17 02:00:00;0,0;12,50832;0,0;0,0;0,0;0,0;0,005156187582761051
2024-06-17 03:00:00;0,0;12,576170000000001;0,0;0,0;0,0;0,0;0,005156187582761051
2024-06-17 04:00:00;2,3636154683240234;14,945457499999998;2,3636154683240234;2,358459280741262;0,0;0,005156187582761051;0,005156187582761051
2024-06-17 05:00:00;11,575603079067946;16,975495;11,575603079067946;11,570446891485185;0,0;0,005156187582761051;0,005156187582761051
2024-06-17 06:00:00;55,63362858398715;18,3722275;18,3722275;18,3722275;37,25624489640438;0,005156187582761051;0,005156187582761051
2024-06-17 07:00:00;117,94071820004905;24,388855;24,388855;24,388855;93,5467070124663;0,005156187582761051;0,005156187582761051
2024-06-17 08:00:00;145,76271087883174;39,430625000000006;39,430625000000006;39,430625000000006;106,32692969124896;0,005156187582761051;0,005156187582761051
2024-06-17 09:00:00;141,86338562663508;47,800325;47,800325;47,800325;94,05790443905231;0,005156187582761051;0,005156187582761051
2024-06-17 10:00:00;156,2274908100732;48,44375;48,44375;48,44375;107,77858462249043;0,005156187582761051;0,005156187582761051
2024-06-17 11:00:00;167,29814199564004;49,9261;49,9261;49,9261;117,36688580805728;0,005156187582761051;0,005156187582761051
2024-06-17 12:00:00;124,6578256350605;46,447925;46,447925;46,447925;78,20474444747775;0,005156187582761051;0,005156187582761051
2024-06-17 13:00:00;133,28205894754552;39,559999999999995;39,559999999999995;39,559999999999995;93,71690275996275;0,005156187582761051;0,005156187582761051
2024-06-17 14:00:00;143,15650278482892;37,3658;37,3658;37,3658;105,78554659724614;0,005156187582761051;0,005156187582761051
2024-06-17 15:00:00;128,31820532541698;40,447799999999994;40,447799999999994;40,447799999999994;87,86524913783421;0,005156187582761051;0,005156187582761051
2024-06-17 16:00:00;91,18399366073956;41,36435;41,36435;41,36435;49,8144874731568;0,005156187582761051;0,005156187582761051
2024-06-17 17:00:00;69,0671036844688;40,595575;40,595575;40,595575;28,466372496886052;0,005156187582761051;0,005156187582761051
2024-06-17 18:00:00;38,45336871072508;32,605374999999995;32,605374999999995;32,605374999999995;5,842837523142322;0,005156187582761051;0,005156187582761051
2024-06-17 19:00:00;3,431376631151393;22,969582499999998;3,431376631151393;3,426220443568632;0,0;0,005156187582761051;0,005156187582761051
2024-06-17 20:00:00;0,0;20,6058725;0,0;0,0;0,0;0,0;0,005156187582761051
2024-06-17 21:00:00;0,0;19,486232499999996;0,0;0,0;0,0;0,0;0,005156187582761051
2024-06-17 22:00:00;0,0;18,4740025;0,0;0,0;0,0;0,0;0,005156187582761051
2024-06-17 23:00:00;0,0;17,7389225;0,0;0,0;0,0;0,0;0,005156187582761051
2024-06-18 00:00:00;0,0;15,5335675;0,0;0,0;0,0;0,0;0,005156187582761051
2024-06-18 01:00:00;0,0;13,57138;0,0;0,0;0,0;0,0;0,005156187582761051
2024-06-18 02:00:00;0,0;12,50832;0,0;0,0;0,0;0,0;0,005156187582761051
2024-06-18 03:00:00;0,0;12,576170000000001;0,0;0,0;0,0;0,0;0,005156187582761051
2024-06-18 04:00:00;0,08956389836529073;14,945457499999998;0,08956389836529073;0,08440771078252968;0,0;0,005156187582761051;0,005156187582761051
2024-06-18 05:00:00;12,644214976867811;16,975495;12,644214976867811;12,63905878928505;0,0;0,005156187582761051;0,005156187582761051
2024-06-18 06:00:00;52,78862288205244;18,3722275;18,3722275;18,3722275;34,41123919446967;0,005156187582761051;0,005156187582761051
2024-06-18 07:00:00;74,34314005302629;24,388855;24,388855;24,388855;49,949128865443534;0,005156187582761051;0,005156187582761051
2024-06-18 08:00:00;124,18807197633448;39,430625000000006;39,430625000000006;39,430625000000006;84,75229078875172;0,005156187582761051;0,005156187582761051
2024-06-18 09:00:00;148,6056452260508;47,800325;47,800325;47,800325;100,80016403846803;0,005156187582761051;0,005156187582761051
2024-06-18 10:00:00;122,96005453777514;48,44375;48,44375;48,44375;74,51114835019237;0,005156187582761051;0,005156187582761051
2024-06-18 11:00:00;107,78146308936483;49,9261;49,9261;49,9261;57,85020690178208;0,005156187582761051;0,005156187582761051
2024-06-18 12:00:00;161,15509572467795;46,447925;46,447925;46,447925;114,70201453709518;0,005156187582761051;0,005156187582761051
2024-06-18 13:00:00;135,82390709145517;39,559999999999995;39,559999999999995;39,559999999999995;96,2587509038724;0,005156187582761051;0,005156187582761051
2024-06-18 14:00:00;125,50338222076735;37,3658;37,3658;37,3658;88,1324260331846;0,005156187582761051;0,005156187582761051
2024-06-18 15:00:00;148,8586464091757;40,447799999999994;40,447799999999994;40,447799999999994;108,40569022159292;0,005156187582761051;0,005156187582761051
2024-06-18 16:00:00;75,3396096251585;41,36435;41,36435;41,36435;33,970103437575744;0,005156187582761051;0,005156187582761051
2024-06-18 17:00:00;39,18906951954875;40,595575;39,18906951954875;39,18391333196599;0,0;0,005156187582761051;0,005156187582761051
2024-06-18 18:00:00;17,89324975716781;32,605374999999995;17,89324975716781;17,88809356958505;0,0;0,005156187582761051;0,005156187582761051
2024-06-18 19:00:00;8,902164729151723;22,969582499999998;8,902164729151723;8,897008541568962;0,0;0,005156187582761051;0,005156187582761051
2024-06-18 20:00:00;0,0;20,6058725;0,0;0,0;0,0;0,0;0,005156187582761051
2024-06-18 21:00:00;0,0;19,486232499999996;0,0;0,0;0,0;0,0;0,005156187582761051
2024-06-18 22:00:00;0,0;18,4740025;0,0;0,0;0,0;0,0;0,005156187582761051
2024-06-18 23:00:00;0,0;17,7389225;0,0;0,0;0,0;0,0;0,005156187582761051
2024-06-19 00:00:00;0,0;15,5335675;0,0;0,0;0,0;0,0;0,005156187582761051
2024-06-19 01:00:00;0,0;13,57138;0,0;0,0;0,0;0,0;0,005156187582761051
2024-06-19 02:00:00;0,0;12,50832;0,0;0,0;0,0;0,0;0,005156187582761051
2024-06-19 03:00:00;0,0;12,576170000000001;0,0;0,0;0,0;0,0;0,005156187582761051
2024-06-19 04:00:00;0,3762245956193599;14,945457499999998;0,3762245956193599;0,37106840803659885;0,0;0,005156187582761051;0,005156187582761051
2024-06-19 05:00:00;20,05241511736252;16,975495;16,975495;16,975495;3,071763929779763;0,005156187582761051;0,005156187582761051
2024-06-19 06:00:00;33,76988774474957;18,3722275;18,3722275;18,3722275;15,392504057166803;0,005156187582761051;0,005156187582761051
2024-06-19 07:00:00;38,63520406397682;24,388855;24,388855;24,388855;14,24119287639406;0,005156187582761051;0,005156187582761051
2024-06-19 08:00:00;50,8288254132383;39,430625000000006;39,430625000000006;39,430625000000006;11,39304422565553;0,005156187582761051;0,005156187582761051
2024-06-19 09:00:00;54,16518604450501;47,800325;47,800325;47,800325;6,359704856922249;0,005156187582761051;0,005156187582761051
2024-06-19 10:00:00;102,3500751171342;48,44375;48,44375;48,44375;53,90116892955144;0,005156187582761051;0,005156187582761051
2024-06-19 11:00:00;149,0835363497311;49,9261;49,9261;49,9261;99,15228016214834;0,005156187582761051;0,005156187582761051
2024-06-19 12:00:00;172,98179138145423;46,447925;46,447925;46,447925;126,52871019387146;0,005156187582761051;0,005156187582761051
2024-06-19 13:00:00;163,02375358600386;39,559999999999995;39,559999999999995;39,559999999999995;123,45859739842109;0,005156187582761051;0,005156187582761051
2024-06-19 14:00:00;165,72687148991704;37,3658;37,3658;37,3658;128,35591530233427;0,005156187582761051;0,005156187582761051
2024-06-19 15:00:00;160,04470164318545;40,447799999999994;40,447799999999994;40,447799999999994;119,59174545560268;0,005156187582761051;0,005156187582761051
2024-06-19 16:00:00;131,3653160660351;41,36435;41,36435;41,36435;89,99580987845232;0,005156187582761051;0,005156187582761051
2024-06-19 17:00:00;90,80671119467613;40,595575;40,595575;40,595575;50,20598000709337;0,005156187582761051;0,005156187582761051
2024-06-19 18:00:00;51,33630731857066;32,605374999999995;32,605374999999995;32,605374999999995;18,725776130987903;0,005156187582761051;0,005156187582761051
2024-06-19 19:00:00;16,400246868914486;22,969582499999998;16,400246868914486;16,395090681331727;0,0;0,005156187582761051;0,005156187582761051
2024-06-19 20:00:00;0,7961399803479466;20,6058725;0,7961399803479466;0,7909837927651856;0,0;0,005156187582761051;0,005156187582761051
2024-06-19 21:00:00;0,0;19,486232499999996;0,0;0,0;0,0;0,0;0,005156187582761051
2024-06-19 22:00:00;0,0;18,4740025;0,0;0,0;0,0;0,0;0,005156187582761051
2024-06-19 23:00:00;0,0;17,7389225;0,0;0,0;0,0;0,0;0,005156187582761051
2024-06-20 00:00:00;0,0;15,284764999999998;0,0;0,0;0,0;0,0;0,005156187582761051
2024-06-20 01:00:00;0,0;13,073717499999999;0,0;0,0;0,0;0,0;0,005156187582761051
2024-06-20 02:00:00;0,0;12,13503;0,0;0,0;0,0;0,0;0,005156187582761051
2024-06-20 03:00:00;0,0;12,242555000000001;0,0;0,0;0,0;0,0;0,005156187582761051
2024-06-20 04:00:00;2,409037318159894;14,702347499999998;2,409037318159894;2,403881130577133;0,0;0,005156187582761051;0,005156187582761051
2024-06-20 05:00:00;7,525601566699152;16,1273125;7,525601566699152;7,52044537911639;0,0;0,005156187582761051;0,005156187582761051
2024-06-20 06:00:00;24,28855744171343;17,0151125;17,0151125;17,0151125;7,268288754130669;0,005156187582761051;0,005156187582761051
2024-06-20 07:00:00;60,6144969055656;23,099417499999998;23,099417499999998;23,099417499999998;37,509923217982845;0,005156187582761051;0,005156187582761051
2024-06-20 08:00:00;145,32180823221643;37,0047;37,0047;37,0047;108,31195204463366;0,005156187582761051;0,005156187582761051
2024-06-20 09:00:00;163,7627833577634;44,8707;44,8707;44,8707;118,88692717018063;0,005156187582761051;0,005156187582761051
2024-06-20 10:00:00;214,9215459864218;45,899375;45,899375;45,899375;169,01701479883903;0,005156187582761051;0,005156187582761051
2024-06-20 11:00:00;219,909072233872;47,200599999999994;47,200599999999994;47,200599999999994;172,70331604628922;0,005156187582761051;0,005156187582761051
2024-06-20 12:00:00;220,9410507439866;44,434850000000004;44,434850000000004;44,434850000000004;176,50104455640383;0,005156187582761051;0,005156187582761051
2024-06-20 13:00:00;216,16509858534855;38,7803;38,7803;38,7803;177,3796423977658;0,005156187582761051;0,005156187582761051
2024-06-20 14:00:00;203,17548520964735;37,326699999999995;37,326699999999995;37,326699999999995;165,8436290220646;0,005156187582761051;0,005156187582761051
2024-06-20 15:00:00;176,8522656215401;39,684774999999995;39,684774999999995;39,684774999999995;137,16233443395734;0,005156187582761051;0,005156187582761051
2024-06-20 16:00:00;138,49817398325763;39,803799999999995;39,803799999999995;39,803799999999995;98,68921779567486;0,005156187582761051;0,005156187582761051
2024-06-20 17:00:00;96,68048135260466;38,519825;38,519825;38,519825;58,155500165021905;0,005156187582761051;0,005156187582761051
2024-06-20 18:00:00;46,41905917754409;31,581874999999997;31,581874999999997;31,581874999999997;14,832027989961333;0,005156187582761051;0,005156187582761051
2024-06-20 19:00:00;10,180908165158087;22,20075;10,180908165158087;10,175751977575326;0,0;0,005156187582761051;0,005156187582761051
2024-06-20 20:00:00;1,0692998834732756;20,1139025;1,0692998834732756;1,0641436958905146;0,0;0,005156187582761051;0,005156187582761051
2024-06-20 21:00:00;0,0;19,7407275;0,0;0,0;0,0;0,0;0,005156187582761051
2024-06-20 22:00:00;0,0;18,281837499999998;0,0;0,0;0,0;0,0;0,005156187582761051
2024-06-20 23:00:00;0,0;17,252587499999997;0,0;0,0;0,0;0,0;0,005156187582761051
2024-06-21 00:00:00;0,0;17,360055000000003;0,0;0,0;0,0;0,0;0,005156187582761051
2024-06-21 01:00:00;0,0;16,975495;0,0;0,0;0,0;0,0;0,005156187582761051
2024-06-21 02:00:00;0,0;15,5109125;0,0;0,0;0,0;0,0;0,005156187582761051
2024-06-21 03:00:00;0,0;15,1377375;0,0;0,0;0,0;0,0;0,005156187582761051
2024-06-21 04:00:00;0,18703593312708727;15,720155;0,18703593312708727;0,18187974554432623;0,0;0,005156187582761051;0,005156187582761051
2024-06-21 05:00:00;2,0831466421306417;16,3930775;2,0831466421306417;2,0779904545478805;0,0;0,005156187582761051;0,005156187582761051
2024-06-21 06:00:00;32,867516858270825;17,3657475;17,3657475;17,3657475;15,496613170688061;0,005156187582761051;0,005156187582761051
2024-06-21 07:00:00;112,53374262268133;25,700429999999997;25,700429999999997;25,700429999999997;86,82815643509858;0,005156187582761051;0,005156187582761051
2024-06-21 08:00:00;154,66213846068067;36,365875;36,365875;36,365875;118,2911072730979;0,005156187582761051;0,005156187582761051
2024-06-21 09:00:00;163,09329192288612;39,808975000000004;39,808975000000004;39,808975000000004;123,27916073530335;0,005156187582761051;0,005156187582761051
2024-06-21 10:00:00;171,41643903206167;40,7997;40,7997;40,7997;130,6115828444789;0,005156187582761051;0,005156187582761051
2024-06-21 11:00:00;191,96797665893988;41,838725000000004;41,838725000000004;41,838725000000004;150,1240954713571;0,005156187582761051;0,005156187582761051
2024-06-21 12:00:00;179,09968548801206;40,82155;40,82155;40,82155;138,27297930042928;0,005156187582761051;0,005156187582761051
2024-06-21 13:00:00;131,0043085298803;35,7719;35,7719;35,7719;95,22725234229752;0,005156187582761051;0,005156187582761051
2024-06-21 14:00:00;59,49374605049485;26,656425;26,656425;26,656425;32,83216486291209;0,005156187582761051;0,005156187582761051
2024-06-21 15:00:00;103,28514381733842;20,1139025;20,1139025;20,1139025;83,16608512975567;0,005156187582761051;0,005156187582761051
2024-06-21 16:00:00;124,52762619579158;17,456195;17,456195;17,456195;107,06627500820883;0,005156187582761051;0,005156187582761051
2024-06-21 17:00:00;49,49783205452987;17,043345;17,043345;17,043345;32,44933086694711;0,005156187582761051;0,005156187582761051
2024-06-21 18:00:00;9,91254196866039;17,78981;9,91254196866039;9,907385781077629;0,0;0,005156187582761051;0,005156187582761051
2024-06-21 19:00:00;3,967398845387144;18,0273425;3,967398845387144;3,962242657804383;0,0;0,005156187582761051;0,005156187582761051
2024-06-21 20:00:00;0,427468431745268;19,1355975;0,427468431745268;0,42231224416250696;0,0;0,005156187582761051;0,005156187582761051
2024-06-21 21:00:00;0,0;19,305279999999996;0,0;0,0;0,0;0,0;0,005156187582761051
2024-06-21 22:00:00;0,0;17,7389225;0,0;0,0;0,0;0,0;0,005156187582761051
2024-06-21 23:00:00;0,0;16,296995000000003;0,0;0,0;0,0;0,0;0,005156187582761051
2024-06-22 00:00:00;0,0;15,0076725;0,0;0,0;0,0;0,0;0,005156187582761051
2024-06-22 01:00:00;0,0;12,870167499999999;0,0;0,0;0,0;0,0;0,005156187582761051
2024-06-22 02:00:00;0,0;11,58648;0,0;0,0;0,0;0,0;0,005156187582761051
2024-06-22 03:00:00;0,0;10,8739975;0,0;0,0;0,0;0,0;0,005156187582761051
2024-06-22 04:00:00;8,534033212314196;10,5291125;8,534033212314196;8,528877024731434;0,0;0,005156187582761051;0,005156187582761051
2024-06-22 05:00:00;17,062858447057636;10,4443;10,4443;10,4443;6,613402259474876;0,005156187582761051;0,005156187582761051
2024-06-22 06:00:00;59,347641566087944;10,630945;10,630945;10,630945;48,71154037850518;0,005156187582761051;0,005156187582761051
2024-06-22 07:00:00;108,35996287066209;12,0162925;12,0162925;12,0162925;96,33851418307933;0,005156187582761051;0,005156187582761051
2024-06-22 08:00:00;144,35640898081886;12,169012500000001;12,169012500000001;12,169012500000001;132,18224029323608;0,005156187582761051;0,005156187582761051
2024-06-22 09:00:00;158,17456424277694;13,2603625;13,2603625;13,2603625;144,90904555519415;0,005156187582761051;0,005156187582761051
2024-06-22 10:00:00;150,4143817545313;15,0189425;15,0189425;15,0189425;135,3902830669485;0,005156187582761051;0,005156187582761051
2024-06-22 11:00:00;109,9046016728982;16,342132499999998;16,342132499999998;16,342132499999998;93,55731298531543;0,005156187582761051;0,005156187582761051
2024-06-22 12:00:00;66,37656186275771;17,4900625;17,4900625;17,4900625;48,881343175174955;0,005156187582761051;0,005156187582761051
2024-06-22 13:00:00;29,522870808141537;17,891585000000003;17,891585000000003;17,891585000000003;11,626129620558775;0,005156187582761051;0,005156187582761051
2024-06-22 14:00:00;25,592549212164393;16,51745;16,51745;16,51745;9,069943024581633;0,005156187582761051;0,005156187582761051
2024-06-22 15:00:00;27,09553898922528;14,49874;14,49874;14,49874;12,59164280164252;0,005156187582761051;0,005156187582761051
2024-06-22 16:00:00;24,799812171706428;13,5996125;13,5996125;13,5996125;11,19504348412367;0,005156187582761051;0,005156187582761051
2024-06-22 17:00:00;16,569062278239333;15,273494999999999;15,273494999999999;15,273494999999999;1,2904110906565744;0,005156187582761051;0,005156187582761051
2024-06-22 18:00:00;8,243178021760949;17,05473;8,243178021760949;8,238021834178188;0,0;0,005156187582761051;0,005156187582761051
2024-06-22 19:00:00;1,1402067940069598;17,8180425;1,1402067940069598;1,1350506064241987;0,0;0,005156187582761051;0,005156187582761051
2024-06-22 20:00:00;0,11142408831073009;18,796405;0,11142408831073009;0,10626790072796903;0,0;0,005156187582761051;0,005156187582761051
2024-06-22 21:00:00;0,0;18,491022499999996;0,0;0,0;0,0;0,0;0,005156187582761051
2024-06-22 22:00:00;0,0;16,8115625;0,0;0,0;0,0;0,0;0,005156187582761051
2024-06-22 23:00:00;0,0;14,8776075;0,0;0,0;0,0;0,0;0,005156187582761051
2024-06-23 00:00:00;0,0;15,284764999999998;0,0;0,0;0,0;0,0;0,005156187582761051
2024-06-23 01:00:00;0,0;13,073717499999999;0,0;0,0;0,0;0,0;0,005156187582761051
2024-06-23 02:00:00;0,0;12,13503;0,0;0,0;0,0;0,0;0,005156187582761051
2024-06-23 03:00:00;0,0;12,242555000000001;0,0;0,0;0,0;0,0;0,005156187582761051
2024-06-23 04:00:00;1,6537991957504696;14,702347499999998;1,6537991957504696;1,6486430081677086;0,0;0,005156187582761051;0,005156187582761051
2024-06-23 05:00:00;4,581451950839306;16,1273125;4,581451950839306;4,576295763256545;0,0;0,005156187582761051;0,005156187582761051
2024-06-23 06:00:00;29,3636724028536;17,0151125;17,0151125;17,0151125;12,343403715270838;0,005156187582761051;0,005156187582761051
2024-06-23 07:00:00;32,05051537685819;23,099417499999998;23,099417499999998;23,099417499999998;8,945941689275433;0,005156187582761051;0,005156187582761051
2024-06-23 08:00:00;61,795908863023016;37,0047;37,0047;37,0047;24,786052675440253;0,005156187582761051;0,005156187582761051
2024-06-23 09:00:00;50,12086596221342;44,8707;44,8707;44,8707;5,24500977463066;0,005156187582761051;0,005156187582761051
2024-06-23 10:00:00;50,640184180206596;45,899375;45,899375;45,899375;4,735652992623834;0,005156187582761051;0,005156187582761051
2024-06-23 11:00:00;44,78490826081057;47,200599999999994;44,78490826081057;44,779752073227804;0,0;0,005156187582761051;0,005156187582761051
2024-06-23 12:00:00;41,182970364216864;44,434850000000004;41,182970364216864;41,1778141766341;0,0;0,005156187582761051;0,005156187582761051
2024-06-23 13:00:00;34,999828584116315;38,7803;34,999828584116315;34,99467239653355;0,0;0,005156187582761051;0,005156187582761051
2024-06-23 14:00:00;36,213938355299234;37,326699999999995;36,213938355299234;36,20878216771647;0,0;0,005156187582761051;0,005156187582761051
2024-06-23 15:00:00;33,87182798754082;39,684774999999995;33,87182798754082;33,866671799958056;0,0;0,005156187582761051;0,005156187582761051
2024-06-23 16:00:00;25,984701046007956;39,803799999999995;25,984701046007956;25,979544858425196;0,0;0,005156187582761051;0,005156187582761051
2024-06-23 17:00:00;28,615765396598466;38,519825;28,615765396598466;28,610609209015706;0,0;0,005156187582761051;0,005156187582761051
2024-06-23 18:00:00;15,764858809891207;31,581874999999997;15,764858809891207;15,759702622308446;0,0;0,005156187582761051;0,005156187582761051
2024-06-23 19:00:00;5,4274819890525805;22,20075;5,4274819890525805;5,422325801469819;0,0;0,005156187582761051;0,005156187582761051
2024-06-23 20:00:00;0,626710562303819;20,1139025;0,626710562303819;0,621554374721058;0,0;0,005156187582761051;0,005156187582761051
2024-06-23 21:00:00;0,0;19,7407275;0,0;0,0;0,0;0,0;0,005156187582761051
2024-06-23 22:00:00;0,0;18,281837499999998;0,0;0,0;0,0;0,0;0,005156187582761051
2024-06-23 23:00:00;0,0;17,252587499999997;0,0;0,0;0,0;0,0;0,005156187582761051
2024-06-24 00:00:00;0,0;15,284764999999998;0,0;0,0;0,0;0,0;0,005156187582761051
2024-06-24 01:00:00;0,0;13,073717499999999;0,0;0,0;0,0;0,0;0,005156187582761051
2024-06-24 02:00:00;0,0;12,13503;0,0;0,0;0,0;0,0;0,005156187582761051
2024-06-24 03:00:00;0,0;12,242555000000001;0,0;0,0;0,0;0,0;0,005156187582761051
2024-06-24 04:00:00;0,520901324811562;14,702347499999998;0,520901324811562;0,515745137228801;0,0;0,005156187582761051;0,005156187582761051
2024-06-24 05:00:00;14,700064122924454;16,1273125;14,700064122924454;14,694907935341693;0,0;0,005156187582761051;0,005156187582761051
2024-06-24 06:00:00;57,73309454219889;17,0151125;17,0151125;17,0151125;40,71282585461613;0,005156187582761051;0,005156187582761051
2024-06-24 07:00:00;101,09098735784018;23,099417499999998;23,099417499999998;23,099417499999998;77,98641367025742;0,005156187582761051;0,005156187582761051
2024-06-24 08:00:00;142,20072053746827;37,0047;37,0047;37,0047;105,1908643498855;0,005156187582761051;0,005156187582761051
2024-06-24 09:00:00;167,90105417180018;44,8707;44,8707;44,8707;123,02519798421741;0,005156187582761051;0,005156187582761051
2024-06-24 10:00:00;193,84625152430266;45,899375;45,899375;45,899375;147,9417203367199;0,005156187582761051;0,005156187582761051
2024-06-24 11:00:00;213,0343938865634;47,200599999999994;47,200599999999994;47,200599999999994;165,82863769898063;0,005156187582761051;0,005156187582761051
2024-06-24 12:00:00;201,27057864079777;44,434850000000004;44,434850000000004;44,434850000000004;156,83057245321498;0,005156187582761051;0,005156187582761051
2024-06-24 13:00:00;201,15221551418958;38,7803;38,7803;38,7803;162,36675932660683;0,005156187582761051;0,005156187582761051
2024-06-24 14:00:00;196,62852476913508;37,326699999999995;37,326699999999995;37,326699999999995;159,29666858155232;0,005156187582761051;0,005156187582761051
2024-06-24 15:00:00;173,12160782476008;39,684774999999995;39,684774999999995;39,684774999999995;133,4316766371773;0,005156187582761051;0,005156187582761051
2024-06-24 16:00:00;136,4024068727524;39,803799999999995;39,803799999999995;39,803799999999995;96,59345068516964;0,005156187582761051;0,005156187582761051
2024-06-24 17:00:00;96,86468396838856;38,519825;38,519825;38,519825;58,33970278080581;0,005156187582761051;0,005156187582761051
2024-06-24 18:00:00;54,46989711856683;31,581874999999997;31,581874999999997;31,581874999999997;22,882865930984067;0,005156187582761051;0,005156187582761051
2024-06-24 19:00:00;19,14523572886532;22,20075;19,14523572886532;19,14007954128256;0,0;0,005156187582761051;0,005156187582761051
2024-06-24 20:00:00;0,48554773843279575;20,1139025;0,48554773843279575;0,4803915508500347;0,0;0,005156187582761051;0,005156187582761051
2024-06-24 21:00:00;0,0;19,7407275;0,0;0,0;0,0;0,0;0,005156187582761051
2024-06-24 22:00:00;0,0;18,281837499999998;0,0;0,0;0,0;0,0;0,005156187582761051
2024-06-24 23:00:00;0,0;17,252587499999997;0,0;0,0;0,0;0,0;0,005156187582761051
2024-06-25 00:00:00;0,0;15,284764999999998;0,0;0,0;0,0;0,0;0,005156187582761051
2024-06-25 01:00:00;0,0;13,073717499999999;0,0;0,0;0,0;0,0;0,005156187582761051
2024-06-25 02:00:00;0,0;12,13503;0,0;0,0;0,0;0,0;0,005156187582761051
2024-06-25 03:00:00;0,0;12,242555000000001;0,0;0,0;0,0;0,0;0,005156187582761051
2024-06-25 04:00:00;0,13972767096089958;14,702347499999998;0,13972767096089958;0,13457148337813854;0,0;0,005156187582761051;0,005156187582761051
2024-06-25 05:00:00;10,868694100791704;16,1273125;10,868694100791704;10,863537913208942;0,0;0,005156187582761051;0,005156187582761051
2024-06-25 06:00:00;18,01412810021636;17,0151125;17,0151125;17,0151125;0,9938594126336007;0,005156187582761051;0,005156187582761051
2024-06-25 07:00:00;52,87761715787094;23,099417499999998;23,099417499999998;23,099417499999998;29,773043470288176;0,005156187582761051;0,005156187582761051
2024-06-25 08:00:00;109,78771808537265;37,0047;37,0047;37,0047;72,77786189778989;0,005156187582761051;0,005156187582761051
2024-06-25 09:00:00;147,70164684658118;44,8707;44,8707;44,8707;102,82579065899841;0,005156187582761051;0,005156187582761051
2024-06-25 10:00:00;194,99881246964935;45,899375;45,899375;45,899375;149,0942812820666;0,005156187582761051;0,005156187582761051
2024-06-25 11:00:00;214,21432630493825;47,200599999999994;47,200599999999994;47,200599999999994;167,00857011735548;0,005156187582761051;0,005156187582761051
2024-06-25 12:00:00;206,15453715246576;44,434850000000004;44,434850000000004;44,434850000000004;161,71453096488298;0,005156187582761051;0,005156187582761051
2024-06-25 13:00:00;183,1972689772773;38,7803;38,7803;38,7803;144,41181278969452;0,005156187582761051;0,005156187582761051
2024-06-25 14:00:00;149,83070358644497;37,326699999999995;37,326699999999995;37,326699999999995;112,49884739886221;0,005156187582761051;0,005156187582761051
2024-06-25 15:00:00;112,38504894487986;39,684774999999995;39,684774999999995;39,684774999999995;72,69511775729711;0,005156187582761051;0,005156187582761051
2024-06-25 16:00:00;84,45800899123246;39,803799999999995;39,803799999999995;39,803799999999995;44,64905280364971;0,005156187582761051;0,005156187582761051
2024-06-25 17:00:00;78,59829445458864;38,519825;38,519825;38,519825;40,07331326700589;0,005156187582761051;0,005156187582761051
2024-06-25 18:00:00;44,332169301534464;31,581874999999997;31,581874999999997;31,581874999999997;12,745138113951704;0,005156187582761051;0,005156187582761051
2024-06-25 19:00:00;9,17189949930083;22,20075;9,17189949930083;9,166743311718069;0,0;0,005156187582761051;0,005156187582761051
2024-06-25 20:00:00;0,129304318123971;20,1139025;0,129304318123971;0,12414813054120995;0,0;0,005156187582761051;0,005156187582761051
2024-06-25 21:00:00;0,0;19,7407275;0,0;0,0;0,0;0,0;0,005156187582761051
2024-06-25 22:00:00;0,0;18,281837499999998;0,0;0,0;0,0;0,0;0,005156187582761051
2024-06-25 23:00:00;0,0;17,252587499999997;0,0;0,0;0,0;0,0;0,005156187582761051
2024-06-26 00:00:00;0,0;15,284764999999998;0,0;0,0;0,0;0,0;0,005156187582761051
2024-06-26 01:00:00;0,0;13,073717499999999;0,0;0,0;0,0;0,0;0,005156187582761051
2024-06-26 02:00:00;0,0;12,13503;0,0;0,0;0,0;0,0;0,005156187582761051
2024-06-26 03:00:00;0,0;12,242555000000001;0,0;0,0;0,0;0,0;0,005156187582761051
2024-06-26 04:00:00;0,10020178436919658;14,702347499999998;0,10020178436919658;0,09504559678643552;0,0;0,005156187582761051;0,005156187582761051
2024-06-26 05:00:00;2,1394283088328088;16,1273125;2,1394283088328088;2,1342721212500475;0,0;0,005156187582761051;0,005156187582761051
2024-06-26 06:00:00;12,055062514175834;17,0151125;12,055062514175834;12,049906326593073;0,0;0,005156187582761051;0,005156187582761051
2024-06-26 07:00:00;37,09034333087832;23,099417499999998;23,099417499999998;23,099417499999998;13,985769643295558;0,005156187582761051;0,005156187582761051
2024-06-26 08:00:00;74,52290405156239;37,0047;37,0047;37,0047;37,51304786397964;0,005156187582761051;0,005156187582761051
2024-06-26 09:00:00;123,21971364677172;44,8707;44,8707;44,8707;78,34385745918897;0,005156187582761051;0,005156187582761051
2024-06-26 10:00:00;129,81771818563374;45,899375;45,899375;45,899375;83,91318699805097;0,005156187582761051;0,005156187582761051
2024-06-26 11:00:00;110,77826950117446;47,200599999999994;47,200599999999994;47,200599999999994;63,57251331359171;0,005156187582761051;0,005156187582761051
2024-06-26 12:00:00;74,13970342916856;44,434850000000004;44,434850000000004;44,434850000000004;29,699697241585802;0,005156187582761051;0,005156187582761051
2024-06-26 13:00:00;120,57873638432777;38,7803;38,7803;38,7803;81,79328019674502;0,005156187582761051;0,005156187582761051
2024-06-26 14:00:00;192,97184392648515;37,326699999999995;37,326699999999995;37,326699999999995;155,6399877389024;0,005156187582761051;0,005156187582761051
2024-06-26 15:00:00;147,76600679667436;39,684774999999995;39,684774999999995;39,684774999999995;108,07607560909159;0,005156187582761051;0,005156187582761051
2024-06-26 16:00:00;136,6517092081708;39,803799999999995;39,803799999999995;39,803799999999995;96,84275302058802;0,005156187582761051;0,005156187582761051
2024-06-26 17:00:00;76,1393004993047;38,519825;38,519825;38,519825;37,61431931172194;0,005156187582761051;0,005156187582761051
2024-06-26 18:00:00;33,968515866588845;31,581874999999997;31,581874999999997;31,581874999999997;2,3814846790060855;0,005156187582761051;0,005156187582761051
2024-06-26 19:00:00;6,407143997206434;22,20075;6,407143997206434;6,401987809623673;0,0;0,005156187582761051;0,005156187582761051
2024-06-26 20:00:00;0,13786345171682152;20,1139025;0,13786345171682152;0,13270726413406048;0,0;0,005156187582761051;0,005156187582761051
2024-06-26 21:00:00;0,0;19,7407275;0,0;0,0;0,0;0,0;0,005156187582761051
2024-06-26 22:00:00;0,0;18,281837499999998;0,0;0,0;0,0;0,0;0,005156187582761051
2024-06-26 23:00:00;0,0;17,252587499999997;0,0;0,0;0,0;0,0;0,005156187582761051
2024-06-27 00:00:00;0,0;15,284764999999998;0,0;0,0;0,0;0,0;0,005156187582761051
2024-06-27 01:00:00;0,0;13,073717499999999;0,0;0,0;0,0;0,0;0,005156187582761051
2024-06-27 02:00:00;0,0;12,13503;0,0;0,0;0,0;0,0;0,005156187582761051
2024-06-27 03:00:00;0,0;12,242555000000001;0,0;0,0;0,0;0,0;0,005156187582761051
2024-06-27 04:00:00;9,306226852610234;14,702347499999998;9,306226852610234;9,301070665027472;0,0;0,005156187582761051;0,005156187582761051
2024-06-27 05:00:00;39,574637404474736;16,1273125;16,1273125;16,1273125;23,442168716891974;0,005156187582761051;0,005156187582761051
2024-06-27 06:00:00;40,22030826012209;17,0151125;17,0151125;17,0151125;23,200039572539325;0,005156187582761051;0,005156187582761051
2024-06-27 07:00:00;33,52450618790009;23,099417499999998;23,099417499999998;23,099417499999998;10,419932500317326;0,005156187582761051;0,005156187582761051
2024-06-27 08:00:00;99,95100249469559;37,0047;37,0047;37,0047;62,94114630711283;0,005156187582761051;0,005156187582761051
2024-06-27 09:00:00;133,8760938892101;44,8707;44,8707;44,8707;89,00023770162733;0,005156187582761051;0,005156187582761051
2024-06-27 10:00:00;159,77320622152803;45,899375;45,899375;45,899375;113,86867503394527;0,005156187582761051;0,005156187582761051
2024-06-27 11:00:00;184,24626218684188;47,200599999999994;47,200599999999994;47,200599999999994;137,0405059992591;0,005156187582761051;0,005156187582761051
2024-06-27 12:00:00;199,0054043053346;44,434850000000004;44,434850000000004;44,434850000000004;154,5653981177518;0,005156187582761051;0,005156187582761051
2024-06-27 13:00:00;179,2491189353548;38,7803;38,7803;38,7803;140,46366274777205;0,005156187582761051;0,005156187582761051
2024-06-27 14:00:00;155,30573796161235;37,326699999999995;37,326699999999995;37,326699999999995;117,97388177402959;0,005156187582761051;0,005156187582761051
2024-06-27 15:00:00;143,64918929933526;39,684774999999995;39,684774999999995;39,684774999999995;103,95925811175249;0,005156187582761051;0,005156187582761051
2024-06-27 16:00:00;101,16348477288766;39,803799999999995;39,803799999999995;39,803799999999995;61,354528585304905;0,005156187582761051;0,005156187582761051
2024-06-27 17:00:00;94,22148739732073;38,519825;38,519825;38,519825;55,696506209737976;0,005156187582761051;0,005156187582761051
2024-06-27 18:00:00;57,816688500365885;31,581874999999997;31,581874999999997;31,581874999999997;26,229657312783125;0,005156187582761051;0,005156187582761051
2024-06-27 19:00:00;19,562169842342467;22,20075;19,562169842342467;19,557013654759707;0,0;0,005156187582761051;0,005156187582761051
2024-06-27 20:00:00;1,3847450135793602;20,1139025;1,3847450135793602;1,3795888259965992;0,0;0,005156187582761051;0,005156187582761051
2024-06-27 21:00:00;0,0;19,7407275;0,0;0,0;0,0;0,0;0,005156187582761051
2024-06-27 22:00:00;0,0;18,281837499999998;0,0;0,0;0,0;0,0;0,005156187582761051
2024-06-27 23:00:00;0,0;17,252587499999997;0,0;0,0;0,0;0,0;0,005156187582761051
2024-06-28 00:00:00;0,0;17,360055000000003;0,0;0,0;0,0;0,0;0,005156187582761051
2024-06-28 01:00:00;0,0;16,975495;0,0;0,0;0,0;0,0;0,005156187582761051
2024-06-28 02:00:00;0,0;15,5109125;0,0;0,0;0,0;0,0;0,005156187582761051
2024-06-28 03:00:00;0,0;15,1377375;0,0;0,0;0,0;0,0;0,005156187582761051
2024-06-28 04:00:00;3,8691500526069817;15,720155;3,8691500526069817;3,8639938650242205;0,0;0,005156187582761051;0,005156187582761051
2024-06-28 05:00:00;12,790023553458203;16,3930775;12,790023553458203;12,784867365875442;0,0;0,005156187582761051;0,005156187582761051
2024-06-28 06:00:00;52,0023218366038;17,3657475;17,3657475;17,3657475;34,63141814902103;0,005156187582761051;0,005156187582761051
2024-06-28 07:00:00;123,2922110618192;25,700429999999997;25,700429999999997;25,700429999999997;97,58662487423645;0,005156187582761051;0,005156187582761051
2024-06-28 08:00:00;151,60541071602563;36,365875;36,365875;36,365875;115,23437952844286;0,005156187582761051;0,005156187582761051
2024-06-28 09:00:00;150,02008458901796;39,808975000000004;39,808975000000004;39,808975000000004;110,20595340143518;0,005156187582761051;0,005156187582761051
2024-06-28 10:00:00;90,38208347796945;40,7997;40,7997;40,7997;49,57722729038669;0,005156187582761051;0,005156187582761051
2024-06-28 11:00:00;121,6506624496727;41,838725000000004;41,838725000000004;41,838725000000004;79,80678126208994;0,005156187582761051;0,005156187582761051
2024-06-28 12:00:00;109,56578722298241;40,82155;40,82155;40,82155;68,73908103539965;0,005156187582761051;0,005156187582761051
2024-06-28 13:00:00;109,80695209344648;35,7719;35,7719;35,7719;74,02989590586373;0,005156187582761051;0,005156187582761051
2024-06-28 14:00:00;128,29971108688449;26,656425;26,656425;26,656425;101,63812989930172;0,005156187582761051;0,005156187582761051
2024-06-28 15:00:00;161,1151481694477;20,1139025;20,1139025;20,1139025;140,99608948186494;0,005156187582761051;0,005156187582761051
2024-06-28 16:00:00;107,65200341963718;17,456195;17,456195;17,456195;90,19065223205442;0,005156187582761051;0,005156187582761051
2024-06-28 17:00:00;56,885318647868154;17,043345;17,043345;17,043345;39,83681746028539;0,005156187582761051;0,005156187582761051
2024-06-28 18:00:00;20,361268900855617;17,78981;17,78981;17,78981;2,566302713272858;0,005156187582761051;0,005156187582761051
2024-06-28 19:00:00;3,0970525823513118;18,0273425;3,0970525823513118;3,0918963947685505;0,0;0,005156187582761051;0,005156187582761051
2024-06-28 20:00:00;0,09331452993968592;19,1355975;0,09331452993968592;0,08815834235692487;0,0;0,005156187582761051;0,005156187582761051
2024-06-28 21:00:00;0,0;19,305279999999996;0,0;0,0;0,0;0,0;0,005156187582761051
2024-06-28 22:00:00;0,0;17,7389225;0,0;0,0;0,0;0,0;0,005156187582761051
2024-06-28 23:00:00;0,0;16,296995000000003;0,0;0,0;0,0;0,0;0,005156187582761051
2024-06-29 00:00:00;0,0;15,0076725;0,0;0,0;0,0;0,0;0,005156187582761051
2024-06-29 01:00:00;0,0;12,870167499999999;0,0;0,0;0,0;0,0;0,005156187582761051
2024-06-29 02:00:00;0,0;11,58648;0,0;0,0;0,0;0,0;0,005156187582761051
2024-06-29 03:00:00;0,0;10,8739975;0,0;0,0;0,0;0,0;0,005156187582761051
2024-06-29 04:00:00;0,028251798782278462;10,5291125;0,028251798782278462;0,02309561119951741;0,0;0,005156187582761051;0,005156187582761051
2024-06-29 05:00:00;3,4364366548138907;10,4443;3,4364366548138907;3,4312804672311294;0,0;0,005156187582761051;0,005156187582761051
2024-06-29 06:00:00;19,040780269633643;10,630945;10,630945;10,630945;8,404679082050883;0,005156187582761051;0,005156187582761051
2024-06-29 07:00:00;22,234439356383433;12,0162925;12,0162925;12,0162925;10,212990668800673;0,005156187582761051;0,005156187582761051
2024-06-29 08:00:00;33,89498277418353;12,169012500000001;12,169012500000001;12,169012500000001;21,720814086600768;0,005156187582761051;0,005156187582761051
2024-06-29 09:00:00;103,78300871863387;13,2603625;13,2603625;13,2603625;90,51749003105111;0,005156187582761051;0,005156187582761051
2024-06-29 10:00:00;121,19348487314876;15,0189425;15,0189425;15,0189425;106,16938618556601;0,005156187582761051;0,005156187582761051
2024-06-29 11:00:00;63,74742091297459;16,342132499999998;16,342132499999998;16,342132499999998;47,40013222539183;0,005156187582761051;0,005156187582761051
2024-06-29 12:00:00;51,0981015262718;17,4900625;17,4900625;17,4900625;33,602882838689034;0,005156187582761051;0,005156187582761051
2024-06-29 13:00:00;60,42067728574479;17,891585000000003;17,891585000000003;17,891585000000003;42,523936098162025;0,005156187582761051;0,005156187582761051
2024-06-29 14:00:00;31,280637215226427;16,51745;16,51745;16,51745;14,758031027643668;0,005156187582761051;0,005156187582761051
2024-06-29 15:00:00;29,55889758480289;14,49874;14,49874;14,49874;15,05500139722013;0,005156187582761051;0,005156187582761051
2024-06-29 16:00:00;27,1912651678696;13,5996125;13,5996125;13,5996125;13,58649648028684;0,005156187582761051;0,005156187582761051
2024-06-29 17:00:00;20,14688368778664;15,273494999999999;15,273494999999999;15,273494999999999;4,868232500203883;0,005156187582761051;0,005156187582761051
2024-06-29 18:00:00;10,607555452712514;17,05473;10,607555452712514;10,602399265129753;0,0;0,005156187582761051;0,005156187582761051
2024-06-29 19:00:00;1,6824800608667028;17,8180425;1,6824800608667028;1,6773238732839417;0,0;0,005156187582761051;0,005156187582761051
2024-06-29 20:00:00;0,0;18,796405;0,0;0,0;0,0;0,0;0,005156187582761051
2024-06-29 21:00:00;0,0;18,491022499999996;0,0;0,0;0,0;0,0;0,005156187582761051
2024-06-29 22:00:00;0,0;16,8115625;0,0;0,0;0,0;0,0;0,005156187582761051
2024-06-29 23:00:00;0,0;14,8776075;0,0;0,0;0,0;0,0;0,005156187582761051
2024-06-30 00:00:00;0,0;15,284764999999998;0,0;0,0;0,0;0,0;0,005156187582761051
2024-06-30 01:00:00;0,0;13,073717499999999;0,0;0,0;0,0;0,0;0,005156187582761051
2024-06-30 02:00:00;0,0;12,13503;0,0;0,0;0,0;0,0;0,005156187582761051
2024-06-30 03:00:00;0,0;12,242555000000001;0,0;0,0;0,0;0,0;0,005156187582761051
2024-06-30 04:00:00;4,041057698614468;14,702347499999998;4,041057698614468;4,035901511031707;0,0;0,005156187582761051;0,005156187582761051
2024-06-30 05:00:00;35,6283367864055;16,1273125;16,1273125;16,1273125;19,495868098822736;0,005156187582761051;0,005156187582761051
2024-06-30 06:00:00;75,20201249047656;17,0151125;17,0151125;17,0151125;58,181743802893806;0,005156187582761051;0,005156187582761051
2024-06-30 07:00:00;106,56306265484237;23,099417499999998;23,099417499999998;23,099417499999998;83,45848896725961;0,005156187582761051;0,005156187582761051
2024-06-30 08:00:00;130,5885580476692;37,0047;37,0047;37,0047;93,57870186008644;0,005156187582761051;0,005156187582761051
2024-06-30 09:00:00;99,87998461873072;44,8707;44,8707;44,8707;55,00412843114796;0,005156187582761051;0,005156187582761051
2024-06-30 10:00:00;65,98448400586828;45,899375;45,899375;45,899375;20,079952818285527;0,005156187582761051;0,005156187582761051
2024-06-30 11:00:00;52,84025879603525;47,200599999999994;47,200599999999994;47,200599999999994;5,634502608452493;0,005156187582761051;0,005156187582761051
2024-06-30 12:00:00;95,0108214978887;44,434850000000004;44,434850000000004;44,434850000000004;50,57081531030594;0,005156187582761051;0,005156187582761051
2024-06-30 13:00:00;121,97098266105593;38,7803;38,7803;38,7803;83,18552647347317;0,005156187582761051;0,005156187582761051
2024-06-30 14:00:00;125,72753239178154;37,326699999999995;37,326699999999995;37,326699999999995;88,3956762041988;0,005156187582761051;0,005156187582761051
2024-06-30 15:00:00;95,24828752064626;39,684774999999995;39,684774999999995;39,684774999999995;55,55835633306351;0,005156187582761051;0,005156187582761051
2024-06-30 16:00:00;44,85829339930761;39,803799999999995;39,803799999999995;39,803799999999995;5,049337211724854;0,005156187582761051;0,005156187582761051
2024-06-30 17:00:00;62,54766267089292;38,519825;38,519825;38,519825;24,02268148331016;0,005156187582761051;0,005156187582761051
2024-06-30 18:00:00;35,274283083938926;31,581874999999997;31,581874999999997;31,581874999999997;3,687251896356166;0,005156187582761051;0,005156187582761051
2024-06-30 19:00:00;12,833847501084865;22,20075;12,833847501084865;12,828691313502103;0,0;0,005156187582761051;0,005156187582761051
2024-06-30 20:00:00;0,8827004143755561;20,1139025;0,8827004143755561;0,8775442267927951;0,0;0,005156187582761051;0,005156187582761051
2024-06-30 21:00:00;0,0;19,7407275;0,0;0,0;0,0;0,0;0,005156187582761051
2024-06-30 22:00:00;0,0;18,281837499999998;0,0;0,0;0,0;0,0;0,005156187582761051
2024-06-30 23:00:00;0,0;17,252587499999997;0,0;0,0;0,0;0,0;0,005156187582761051
2024-07-01 00:00:00;0,0;15,284764999999998;0,0;0,0;0,0;0,0;0,005156187582761051
2024-07-01 01:00:00;0,0;13,073717499999999;0,0;0,0;0,0;0,0;0,005156187582761051
2024-07-01 02:00:00;0,0;12,13503;0,0;0,0;0,0;0,0;0,005156187582761051
2024-07-01 03:00:00;0,0;12,242555000000001;0,0;0,0;0,0;0,0;0,005156187582761051
2024-07-01 04:00:00;0,15336902130248678;14,702347499999998;0,15336902130248678;0,14821283371972574;0,0;0,005156187582761051;0,005156187582761051
2024-07-01 05:00:00;33,92277591585021;16,1273125;16,1273125;16,1273125;17,790307228267448;0,005156187582761051;0,005156187582761051
2024-07-01 06:00:00;83,43046909836562;17,0151125;17,0151125;17,0151125;66,41020041078286;0,005156187582761051;0,005156187582761051
2024-07-01 07:00:00;128,63704599771765;23,099417499999998;23,099417499999998;23,099417499999998;105,53247231013488;0,005156187582761051;0,005156187582761051
2024-07-01 08:00:00;151,52033721877604;37,0047;37,0047;37,0047;114,51048103119327;0,005156187582761051;0,005156187582761051
2024-07-01 09:00:00;151,5565859262998;44,8707;44,8707;44,8707;106,68072973871702;0,005156187582761051;0,005156187582761051
2024-07-01 10:00:00;161,87045287111587;45,899375;45,899375;45,899375;115,96592168353311;0,005156187582761051;0,005156187582761051
2024-07-01 11:00:00;153,099005419912;47,200599999999994;47,200599999999994;47,200599999999994;105,89324923232924;0,005156187582761051;0,005156187582761051
2024-07-01 12:00:00;112,07878435478132;44,434850000000004;44,434850000000004;44,434850000000004;67,63877816719855;0,005156187582761051;0,005156187582761051
2024-07-01 13:00:00;209,61074044942325;38,7803;38,7803;38,7803;170,82528426184047;0,005156187582761051;0,005156187582761051
2024-07-01 14:00:00;185,776105598252;37,326699999999995;37,326699999999995;37,326699999999995;148,44424941066924;0,005156187582761051;0,005156187582761051
2024-07-01 15:00:00;118,54584968483312;39,684774999999995;39,684774999999995;39,684774999999995;78,85591849725037;0,005156187582761051;0,005156187582761051
2024-07-01 16:00:00;105,3357849858243;39,803799999999995;39,803799999999995;39,803799999999995;65,52682879824155;0,005156187582761051;0,005156187582761051
2024-07-01 17:00:00;89,20289082913592;38,519825;38,519825;38,519825;50,67790964155317;0,005156187582761051;0,005156187582761051
2024-07-01 18:00:00;38,8512907469908;31,581874999999997;31,581874999999997;31,581874999999997;7,264259559408039;0,005156187582761051;0,005156187582761051
2024-07-01 19:00:00;13,970325856603667;22,20075;13,970325856603667;13,965169669020906;0,0;0,005156187582761051;0,005156187582761051
2024-07-01 20:00:00;0,4363530639362909;20,1139025;0,4363530639362909;0,4311968763535299;0,0;0,005156187582761051;0,005156187582761051
2024-07-01 21:00:00;0,0;19,7407275;0,0;0,0;0,0;0,0;0,005156187582761051
2024-07-01 22:00:00;0,0;18,281837499999998;0,0;0,0;0,0;0,0;0,005156187582761051
2024-07-01 23:00:00;0,0;17,252587499999997;0,0;0,0;0,0;0,0;0,005156187582761051
2024-07-02 00:00:00;0,0;15,284764999999998;0,0;0,0;0,0;0,0;0,005156187582761051
2024-07-02 01:00:00;0,0;13,073717499999999;0,0;0,0;0,0;0,0;0,005156187582761051
2024-07-02 02:00:00;0,0;12,13503;0,0;0,0;0,0;0,0;0,005156187582761051
2024-07-02 03:00:00;0,0;12,242555000000001;0,0;0,0;0,0;0,0;0,005156187582761051
2024-07-02 04:00:00;4,348010274386418;14,702347499999998;4,348010274386418;4,342854086803657;0,0;0,005156187582761051;0,005156187582761051
2024-07-02 05:00:00;31,420009796807502;16,1273125;16,1273125;16,1273125;15,287541109224744;0,005156187582761051;0,005156187582761051
2024-07-02 06:00:00;76,8701928061099;17,0151125;17,0151125;17,0151125;59,84992411852714;0,005156187582761051;0,005156187582761051
2024-07-02 07:00:00;108,90887187030728;23,099417499999998;23,099417499999998;23,099417499999998;85,80429818272452;0,005156187582761051;0,005156187582761051
2024-07-02 08:00:00;121,855578612613;37,0047;37,0047;37,0047;84,84572242503025;0,005156187582761051;0,005156187582761051
2024-07-02 09:00:00;90,99461265816655;44,8707;44,8707;44,8707;46,11875647058379;0,005156187582761051;0,005156187582761051
2024-07-02 10:00:00;118,48888743015297;45,899375;45,899375;45,899375;72,58435624257021;0,005156187582761051;0,005156187582761051
2024-07-02 11:00:00;167,15684601325157;47,200599999999994;47,200599999999994;47,200599999999994;119,9510898256688;0,005156187582761051;0,005156187582761051
2024-07-02 12:00:00;118,73597045694741;44,434850000000004;44,434850000000004;44,434850000000004;74,29596426936465;0,005156187582761051;0,005156187582761051
2024-07-02 13:00:00;147,40204018235434;38,7803;38,7803;38,7803;108,61658399477157;0,005156187582761051;0,005156187582761051
2024-07-02 14:00:00;102,35525350392328;37,326699999999995;37,326699999999995;37,326699999999995;65,02339731634052;0,005156187582761051;0,005156187582761051
2024-07-02 15:00:00;89,4314796173979;39,684774999999995;39,684774999999995;39,684774999999995;49,74154842981515;0,005156187582761051;0,005156187582761051
2024-07-02 16:00:00;21,597645735231684;39,803799999999995;21,597645735231684;21,592489547648924;0,0;0,005156187582761051;0,005156187582761051
2024-07-02 17:00:00;72,30729427536642;38,519825;38,519825;38,519825;33,78231308778366;0,005156187582761051;0,005156187582761051
2024-07-02 18:00:00;50,014339148266096;31,581874999999997;31,581874999999997;31,581874999999997;18,427307960683336;0,005156187582761051;0,005156187582761051
2024-07-02 19:00:00;18,45258950734536;22,20075;18,45258950734536;18,4474333197626;0,0;0,005156187582761051;0,005156187582761051
2024-07-02 20:00:00;0,5509655589700275;20,1139025;0,5509655589700275;0,5458093713872665;0,0;0,005156187582761051;0,005156187582761051
2024-07-02 21:00:00;0,0;19,7407275;0,0;0,0;0,0;0,0;0,005156187582761051
2024-07-02 22:00:00;0,0;18,281837499999998;0,0;0,0;0,0;0,0;0,005156187582761051
2024-07-02 23:00:00;0,0;17,252587499999997;0,0;0,0;0,0;0,0;0,005156187582761051
2024-07-03 00:00:00;0,0;15,284764999999998;0,0;0,0;0,0;0,0;0,005156187582761051
2024-07-03 01:00:00;0,0;13,073717499999999;0,0;0,0;0,0;0,0;0,005156187582761051
2024-07-03 02:00:00;0,0;12,13503;0,0;0,0;0,0;0,0;0,005156187582761051
2024-07-03 03:00:00;0,0;12,242555000000001;0,0;0,0;0,0;0,0;0,005156187582761051
2024-07-03 04:00:00;5,000597975244939;14,702347499999998;5,000597975244939;4,995441787662178;0,0;0,005156187582761051;0,005156187582761051
2024-07-03 05:00:00;20,631802622109326;16,1273125;16,1273125;16,1273125;4,499333934526568;0,005156187582761051;0,005156187582761051
2024-07-03 06:00:00;75,58965173011819;17,0151125;17,0151125;17,0151125;58,569383042535435;0,005156187582761051;0,005156187582761051
2024-07-03 07:00:00;121,31628661700469;23,099417499999998;23,099417499999998;23,099417499999998;98,21171292942194;0,005156187582761051;0,005156187582761051
2024-07-03 08:00:00;143,29927830629998;37,0047;37,0047;37,0047;106,28942211871721;0,005156187582761051;0,005156187582761051
2024-07-03 09:00:00;153,87428389919526;44,8707;44,8707;44,8707;108,99842771161249;0,005156187582761051;0,005156187582761051
2024-07-03 10:00:00;177,52989452137172;45,899375;45,899375;45,899375;131,62536333378895;0,005156187582761051;0,005156187582761051
2024-07-03 11:00:00;134,6935392323475;47,200599999999994;47,200599999999994;47,200599999999994;87,48778304476473;0,005156187582761051;0,005156187582761051
2024-07-03 12:00:00;83,7729823959879;44,434850000000004;44,434850000000004;44,434850000000004;39,332976208405135;0,005156187582761051;0,005156187582761051
2024-07-03 13:00:00;80,69776041280035;38,7803;38,7803;38,7803;41,912304225217596;0,005156187582761051;0,005156187582761051
2024-07-03 14:00:00;131,88019566678045;37,326699999999995;37,326699999999995;37,326699999999995;94,5483394791977;0,005156187582761051;0,005156187582761051
2024-07-03 15:00:00;116,1245839761555;39,684774999999995;39,684774999999995;39,684774999999995;76,43465278857275;0,005156187582761051;0,005156187582761051
2024-07-03 16:00:00;78,89050342340244;39,803799999999995;39,803799999999995;39,803799999999995;39,081547235819684;0,005156187582761051;0,005156187582761051
2024-07-03 17:00:00;33,01532281262272;38,519825;33,01532281262272;33,01016662503996;0,0;0,005156187582761051;0,005156187582761051
2024-07-03 18:00:00;17,291817120090236;31,581874999999997;17,291817120090236;17,286660932507477;0,0;0,005156187582761051;0,005156187582761051
2024-07-03 19:00:00;1,8708031929956537;22,20075;1,8708031929956537;1,8656470054128926;0,0;0,005156187582761051;0,005156187582761051
2024-07-03 20:00:00;0,09412087873970382;20,1139025;0,09412087873970382;0,08896469115694276;0,0;0,005156187582761051;0,005156187582761051
2024-07-03 21:00:00;0,0;19,7407275;0,0;0,0;0,0;0,0;0,005156187582761051
2024-07-03 22:00:00;0,0;18,281837499999998;0,0;0,0;0,0;0,0;0,005156187582761051
2024-07-03 23:00:00;0,0;17,252587499999997;0,0;0,0;0,0;0,0;0,005156187582761051
2024-07-04 00:00:00;0,0;15,284764999999998;0,0;0,0;0,0;0,0;0,005156187582761051
2024-07-04 01:00:00;0,0;13,073717499999999;0,0;0,0;0,0;0,0;0,005156187582761051
2024-07-04 02:00:00;0,0;12,13503;0,0;0,0;0,0;0,0;0,005156187582761051
2024-07-04 03:00:00;0,0;12,242555000000001;0,0;0,0;0,0;0,0;0,005156187582761051
2024-07-04 04:00:00;0,42749802252692015;14,702347499999998;0,42749802252692015;0,4223418349441591;0,0;0,005156187582761051;0,005156187582761051
2024-07-04 05:00:00;34,78359394719409;16,1273125;16,1273125;16,1273125;18,65112525961133;0,005156187582761051;0,005156187582761051
2024-07-04 06:00:00;84,77241104628531;17,0151125;17,0151125;17,0151125;67,75214235870256;0,005156187582761051;0,005156187582761051
2024-07-04 07:00:00;117,57453227710513;23,099417499999998;23,099417499999998;23,099417499999998;94,46995858952238;0,005156187582761051;0,005156187582761051
2024-07-04 08:00:00;151,69566260006434;37,0047;37,0047;37,0047;114,68580641248157;0,005156187582761051;0,005156187582761051
2024-07-04 09:00:00;142,3516335238936;44,8707;44,8707;44,8707;97,47577733631084;0,005156187582761051;0,005156187582761051
2024-07-04 10:00:00;90,73939216641776;45,899375;45,899375;45,899375;44,834860978835;0,005156187582761051;0,005156187582761051
2024-07-04 11:00:00;67,38412797800943;47,200599999999994;47,200599999999994;47,200599999999994;20,17837179042668;0,005156187582761051;0,005156187582761051
2024-07-04 12:00:00;74,67233749890516;44,434850000000004;44,434850000000004;44,434850000000004;30,232331311322405;0,005156187582761051;0,005156187582761051
2024-07-04 13:00:00;64,7453700241894;38,7803;38,7803;38,7803;25,959913836606646;0,005156187582761051;0,005156187582761051
2024-07-04 14:00:00;40,03336849703538;37,326699999999995;37,326699999999995;37,326699999999995;2,7015123094526245;0,005156187582761051;0,005156187582761051
2024-07-04 15:00:00;105,78112624968739;39,684774999999995;39,684774999999995;39,684774999999995;66,09119506210465;0,005156187582761051;0,005156187582761051
2024-07-04 16:00:00;130,96140189648483;39,803799999999995;39,803799999999995;39,803799999999995;91,15244570890206;0,005156187582761051;0,005156187582761051
2024-07-04 17:00:00;87,61608516304565;38,519825;38,519825;38,519825;49,0911039754629;0,005156187582761051;0,005156187582761051
2024-07-04 18:00:00;39,78776500932351;31,581874999999997;31,581874999999997;31,581874999999997;8,200733821740748;0,005156187582761051;0,005156187582761051
2024-07-04 19:00:00;20,057963388922275;22,20075;20,057963388922275;20,052807201339515;0,0;0,005156187582761051;0,005156187582761051
2024-07-04 20:00:00;0,9822438038529948;20,1139025;0,9822438038529948;0,9770876162702338;0,0;0,005156187582761051;0,005156187582761051
2024-07-04 21:00:00;0,0;19,7407275;0,0;0,0;0,0;0,0;0,005156187582761051
2024-07-04 22:00:00;0,0;18,281837499999998;0,0;0,0;0,0;0,0;0,005156187582761051
2024-07-04 23:00:00;0,0;17,252587499999997;0,0;0,0;0,0;0,0;0,005156187582761051
2024-07-05 00:00:00;0,0;17,360055000000003;0,0;0,0;0,0;0,0;0,005156187582761051
2024-07-05 01:00:00;0,0;16,975495;0,0;0,0;0,0;0,0;0,005156187582761051
2024-07-05 02:00:00;0,0;15,5109125;0,0;0,0;0,0;0,0;0,005156187582761051
2024-07-05 03:00:00;0,0;15,1377375;0,0;0,0;0,0;0,0;0,005156187582761051
2024-07-05 04:00:00;6,702630145088223;15,720155;6,702630145088223;6,697473957505462;0,0;0,005156187582761051;0,005156187582761051
2024-07-05 05:00:00;35,8496758331627;16,3930775;16,3930775;16,3930775;19,451442145579936;0,005156187582761051;0,005156187582761051
2024-07-05 06:00:00;79,43423403625856;17,3657475;17,3657475;17,3657475;62,063330348675805;0,005156187582761051;0,005156187582761051
2024-07-05 07:00:00;131,22549962272925;25,700429999999997;25,700429999999997;25,700429999999997;105,51991343514648;0,005156187582761051;0,005156187582761051
2024-07-05 08:00:00;167,27003075307059;36,365875;36,365875;36,365875;130,89899956548783;0,005156187582761051;0,005156187582761051
2024-07-05 09:00:00;171,64798689848885;39,808975000000004;39,808975000000004;39,808975000000004;131,83385571090608;0,005156187582761051;0,005156187582761051
2024-07-05 10:00:00;137,42624791791275;40,7997;40,7997;40,7997;96,62139173032998;0,005156187582761051;0,005156187582761051
2024-07-05 11:00:00;113,53021219481352;41,838725000000004;41,838725000000004;41,838725000000004;71,68633100723076;0,005156187582761051;0,005156187582761051
2024-07-05 12:00:00;128,6814321701957;40,82155;40,82155;40,82155;87,85472598261293;0,005156187582761051;0,005156187582761051
2024-07-05 13:00:00;161,16249342009095;35,7719;35,7719;35,7719;125,38543723250818;0,005156187582761051;0,005156187582761051
2024-07-05 14:00:00;157,38966875945678;26,656425;26,656425;26,656425;130,72808757187403;0,005156187582761051;0,005156187582761051
2024-07-05 15:00:00;145,26558574707758;20,1139025;20,1139025;20,1139025;125,14652705949482;0,005156187582761051;0,005156187582761051
2024-07-05 16:00:00;125,47601074773924;17,456195;17,456195;17,456195;108,01465956015647;0,005156187582761051;0,005156187582761051
2024-07-05 17:00:00;96,62573840654842;17,043345;17,043345;17,043345;79,57723721896566;0,005156187582761051;0,005156187582761051
2024-07-05 18:00:00;46,485046620628125;17,78981;17,78981;17,78981;28,690080433045363;0,005156187582761051;0,005156187582761051
2024-07-05 19:00:00;19,743265426052908;18,0273425;18,0273425;18,0273425;1,7107667384701486;0,005156187582761051;0,005156187582761051
2024-07-05 20:00:00;0,9989404024001545;19,1355975;0,9989404024001545;0,9937842148173934;0,0;0,005156187582761051;0,005156187582761051
2024-07-05 21:00:00;0,0;19,305279999999996;0,0;0,0;0,0;0,0;0,005156187582761051
2024-07-05 22:00:00;0,0;17,7389225;0,0;0,0;0,0;0,0;0,005156187582761051
2024-07-05 23:00:00;0,0;16,296995000000003;0,0;0,0;0,0;0,0;0,005156187582761051
2024-07-06 00:00:00;0,0;15,0076725;0,0;0,0;0,0;0,0;0,005156187582761051
2024-07-06 01:00:00;0,0;12,870167499999999;0,0;0,0;0,0;0,0;0,005156187582761051
2024-07-06 02:00:00;0,0;11,58648;0,0;0,0;0,0;0,0;0,005156187582761051
2024-07-06 03:00:00;0,0;10,8739975;0,0;0,0;0,0;0,0;0,005156187582761051
2024-07-06 04:00:00;3,0062680642428745;10,5291125;3,0062680642428745;3,0011118766601133;0,0;0,005156187582761051;0,005156187582761051
2024-07-06 05:00:00;37,73860337992023;10,4443;10,4443;10,4443;27,289147192337467;0,005156187582761051;0,005156187582761051
2024-07-06 06:00:00;82,53460818385031;10,630945;10,630945;10,630945;71,89850699626756;0,005156187582761051;0,005156187582761051
2024-07-06 07:00:00;126,19136789417712;12,0162925;12,0162925;12,0162925;114,16991920659436;0,005156187582761051;0,005156187582761051
2024-07-06 08:00:00;165,5086394752333;12,169012500000001;12,169012500000001;12,169012500000001;153,33447078765053;0,005156187582761051;0,005156187582761051
2024-07-06 09:00:00;194,92409574597795;13,2603625;13,2603625;13,2603625;181,65857705839517;0,005156187582761051;0,005156187582761051
2024-07-06 10:00:00;215,28921144844833;15,0189425;15,0189425;15,0189425;200,26511276086555;0,005156187582761051;0,005156187582761051
2024-07-06 11:00:00;226,6439341378747;16,342132499999998;16,342132499999998;16,342132499999998;210,29664545029195;0,005156187582761051;0,005156187582761051
2024-07-06 12:00:00;228,3283893834167;17,4900625;17,4900625;17,4900625;210,83317069583393;0,005156187582761051;0,005156187582761051
2024-07-06 13:00:00;215,7560060290092;17,891585000000003;17,891585000000003;17,891585000000003;197,85926484142644;0,005156187582761051;0,005156187582761051
2024-07-06 14:00:00;195,70455261205035;16,51745;16,51745;16,51745;179,18194642446758;0,005156187582761051;0,005156187582761051
2024-07-06 15:00:00;173,2089006306336;14,49874;14,49874;14,49874;158,70500444305083;0,005156187582761051;0,005156187582761051
2024-07-06 16:00:00;138,21410247939812;13,5996125;13,5996125;13,5996125;124,60933379181535;0,005156187582761051;0,005156187582761051
2024-07-06 17:00:00;96,35350321534969;15,273494999999999;15,273494999999999;15,273494999999999;81,07485202776694;0,005156187582761051;0,005156187582761051
2024-07-06 18:00:00;34,23653437140212;17,05473;17,05473;17,05473;17,17664818381936;0,005156187582761051;0,005156187582761051
2024-07-06 19:00:00;2,485640454161594;17,8180425;2,485640454161594;2,480484266578833;0,0;0,005156187582761051;0,005156187582761051
2024-07-06 20:00:00;0,0;18,796405;0,0;0,0;0,0;0,0;0,005156187582761051
2024-07-06 21:00:00;0,0;18,491022499999996;0,0;0,0;0,0;0,0;0,005156187582761051
2024-07-06 22:00:00;0,0;16,8115625;0,0;0,0;0,0;0,0;0,005156187582761051
2024-07-06 23:00:00;0,0;14,8776075;0,0;0,0;0,0;0,0;0,005156187582761051
2024-07-07 00:00:00;0,0;15,284764999999998;0,0;0,0;0,0;0,0;0,005156187582761051
2024-07-07 01:00:00;0,0;13,073717499999999;0,0;0,0;0,0;0,0;0,005156187582761051
2024-07-07 02:00:00;0,0;12,13503;0,0;0,0;0,0;0,0;0,005156187582761051
2024-07-07 03:00:00;0,0;12,242555000000001;0,0;0,0;0,0;0,0;0,005156187582761051
2024-07-07 04:00:00;1,2119052579498357;14,702347499999998;1,2119052579498357;1,2067490703670747;0,0;0,005156187582761051;0,005156187582761051
2024-07-07 05:00:00;17,63751142674011;16,1273125;16,1273125;16,1273125;1,5050427391573535;0,005156187582761051;0,005156187582761051
2024-07-07 06:00:00;34,46534509052647;17,0151125;17,0151125;17,0151125;17,445076402943705;0,005156187582761051;0,005156187582761051
2024-07-07 07:00:00;34,916382579857576;23,099417499999998;23,099417499999998;23,099417499999998;11,811808892274815;0,005156187582761051;0,005156187582761051
2024-07-07 08:00:00;69,88380925806493;37,0047;37,0047;37,0047;32,87395307048217;0,005156187582761051;0,005156187582761051
2024-07-07 09:00:00;157,6641232592794;44,8707;44,8707;44,8707;112,78826707169662;0,005156187582761051;0,005156187582761051
2024-07-07 10:00:00;149,1493758389069;45,899375;45,899375;45,899375;103,24484465132414;0,005156187582761051;0,005156187582761051
2024-07-07 11:00:00;99,89256070093282;47,200599999999994;47,200599999999994;47,200599999999994;52,68680451335007;0,005156187582761051;0,005156187582761051
2024-07-07 12:00:00;66,30480421725153;44,434850000000004;44,434850000000004;44,434850000000004;21,86479802966877;0,005156187582761051;0,005156187582761051
2024-07-07 13:00:00;57,563687317241005;38,7803;38,7803;38,7803;18,778231129658245;0,005156187582761051;0,005156187582761051
2024-07-07 14:00:00;47,88232333023712;37,326699999999995;37,326699999999995;37,326699999999995;10,550467142654362;0,005156187582761051;0,005156187582761051
2024-07-07 15:00:00;24,176038494481574;39,684774999999995;24,176038494481574;24,170882306898815;0,0;0,005156187582761051;0,005156187582761051
2024-07-07 16:00:00;54,33799620935288;39,803799999999995;39,803799999999995;39,803799999999995;14,529040021770122;0,005156187582761051;0,005156187582761051
2024-07-07 17:00:00;94,23998163585325;38,519825;38,519825;38,519825;55,7150004482705;0,005156187582761051;0,005156187582761051
2024-07-07 18:00:00;50,83651901646784;31,581874999999997;31,581874999999997;31,581874999999997;19,24948782888508;0,005156187582761051;0,005156187582761051
2024-07-07 19:00:00;9,139638149604702;22,20075;9,139638149604702;9,13448196202194;0,0;0,005156187582761051;0,005156187582761051
2024-07-07 20:00:00;0,0;20,1139025;0,0;0,0;0,0;0,0;0,005156187582761051
2024-07-07 21:00:00;0,0;19,7407275;0,0;0,0;0,0;0,0;0,005156187582761051
2024-07-07 22:00:00;0,0;18,281837499999998;0,0;0,0;0,0;0,0;0,005156187582761051
2024-07-07 23:00:00;0,0;17,252587499999997;0,0;0,0;0,0;0,0;0,005156187582761051
2024-07-08 00:00:00;0,0;15,284764999999998;0,0;0,0;0,0;0,0;0,005156187582761051
2024-07-08 01:00:00;0,0;13,073717499999999;0,0;0,0;0,0;0,0;0,005156187582761051
2024-07-08 02:00:00;0,0;12,13503;0,0;0,0;0,0;0,0;0,005156187582761051
2024-07-08 03:00:00;0,0;12,242555000000001;0,0;0,0;0,0;0,0;0,005156187582761051
2024-07-08 04:00:00;0,5773013546403369;14,702347499999998;0,5773013546403369;0,5721451670575759;0,0;0,005156187582761051;0,005156187582761051
2024-07-08 05:00:00;4,455772503467709;16,1273125;4,455772503467709;4,450616315884948;0,0;0,005156187582761051;0,005156187582761051
2024-07-08 06:00:00;11,810494703821782;17,0151125;11,810494703821782;11,80533851623902;0,0;0,005156187582761051;0,005156187582761051
2024-07-08 07:00:00;19,11926981796566;23,099417499999998;19,11926981796566;19,1141136303829;0,0;0,005156187582761051;0,005156187582761051
2024-07-08 08:00:00;44,35968872847086;37,0047;37,0047;37,0047;7,3498325408880945;0,005156187582761051;0,005156187582761051
2024-07-08 09:00:00;78,09081254925627;44,8707;44,8707;44,8707;33,214956361673515;0,005156187582761051;0,005156187582761051
2024-07-08 10:00:00;171,88175407353992;45,899375;45,899375;45,899375;125,97722288595716;0,005156187582761051;0,005156187582761051
2024-07-08 11:00:00;170,73363174544107;47,200599999999994;47,200599999999994;47,200599999999994;123,52787555785831;0,005156187582761051;0,005156187582761051
2024-07-08 12:00:00;149,5954568723113;44,434850000000004;44,434850000000004;44,434850000000004;105,15545068472852;0,005156187582761051;0,005156187582761051
2024-07-08 13:00:00;135,36746928447255;38,7803;38,7803;38,7803;96,58201309688978;0,005156187582761051;0,005156187582761051
2024-07-08 14:00:00;134,38727464224897;37,326699999999995;37,326699999999995;37,326699999999995;97,05541845466621;0,005156187582761051;0,005156187582761051
2024-07-08 15:00:00;89,13261272271235;39,684774999999995;39,684774999999995;39,684774999999995;49,4426815351296;0,005156187582761051;0,005156187582761051
2024-07-08 16:00:00;89,00093374436081;39,803799999999995;39,803799999999995;39,803799999999995;49,191977556778056;0,005156187582761051;0,005156187582761051
2024-07-08 17:00:00;65,7233453577891;38,519825;38,519825;38,519825;27,198364170206347;0,005156187582761051;0,005156187582761051
2024-07-08 18:00:00;39,771416102460755;31,581874999999997;31,581874999999997;31,581874999999997;8,184384914877995;0,005156187582761051;0,005156187582761051
2024-07-08 19:00:00;16,427647932724266;22,20075;16,427647932724266;16,422491745141507;0,0;0,005156187582761051;0,005156187582761051
2024-07-08 20:00:00;0,7601945783361396;20,1139025;0,7601945783361396;0,7550383907533785;0,0;0,005156187582761051;0,005156187582761051
2024-07-08 21:00:00;0,0;19,7407275;0,0;0,0;0,0;0,0;0,005156187582761051
2024-07-08 22:00:00;0,0;18,281837499999998;0,0;0,0;0,0;0,0;0,005156187582761051
2024-07-08 23:00:00;0,0;17,252587499999997;0,0;0,0;0,0;0,0;0,005156187582761051
2024-07-09 00:00:00;0,0;15,284764999999998;0,0;0,0;0,0;0,0;0,005156187582761051
2024-07-09 01:00:00;0,0;13,073717499999999;0,0;0,0;0,0;0,0;0,005156187582761051
2024-07-09 02:00:00;0,0;12,13503;0,0;0,0;0,0;0,0;0,005156187582761051
2024-07-09 03:00:00;0,0;12,242555000000001;0,0;0,0;0,0;0,0;0,005156187582761051
2024-07-09 04:00:00;0,0599879121040838;14,702347499999998;0,0599879121040838;0,05483172452132275;0,0;0,005156187582761051;0,005156187582761051
2024-07-09 05:00:00;2,114535063768036;16,1273125;2,114535063768036;2,1093788761852745;0,0;0,005156187582761051;0,005156187582761051
2024-07-09 06:00:00;21,738349901987103;17,0151125;17,0151125;17,0151125;4,718081214404343;0,005156187582761051;0,005156187582761051
2024-07-09 07:00:00;61,892078903392125;23,099417499999998;23,099417499999998;23,099417499999998;38,78750521580936;0,005156187582761051;0,005156187582761051
2024-07-09 08:00:00;91,74769805121078;37,0047;37,0047;37,0047;54,73784186362802;0,005156187582761051;0,005156187582761051
2024-07-09 09:00:00;106,64517707392676;44,8707;44,8707;44,8707;61,769320886344005;0,005156187582761051;0,005156187582761051
2024-07-09 10:00:00;67,53881378909544;45,899375;45,899375;45,899375;21,634282601512687;0,005156187582761051;0,005156187582761051
2024-07-09 11:00:00;75,94836598069494;47,200599999999994;47,200599999999994;47,200599999999994;28,742609793112194;0,005156187582761051;0,005156187582761051
2024-07-09 12:00:00;126,33266387656559;44,434850000000004;44,434850000000004;44,434850000000004;81,89265768898284;0,005156187582761051;0,005156187582761051
2024-07-09 13:00:00;137,76210328966332;38,7803;38,7803;38,7803;98,97664710208055;0,005156187582761051;0,005156187582761051
2024-07-09 14:00:00;88,77086541701625;37,326699999999995;37,326699999999995;37,326699999999995;51,4390092294335;0,005156187582761051;0,005156187582761051
2024-07-09 15:00:00;118,27065541546921;39,684774999999995;39,684774999999995;39,684774999999995;78,58072422788646;0,005156187582761051;0,005156187582761051
2024-07-09 16:00:00;55,710786547144835;39,803799999999995;39,803799999999995;39,803799999999995;15,901830359562076;0,005156187582761051;0,005156187582761051
2024-07-09 17:00:00;55,96356579940733;38,519825;38,519825;38,519825;17,438584611824567;0,005156187582761051;0,005156187582761051
2024-07-09 18:00:00;39,74855722363456;31,581874999999997;31,581874999999997;31,581874999999997;8,161526036051804;0,005156187582761051;0,005156187582761051
2024-07-09 19:00:00;8,54090567135288;22,20075;8,54090567135288;8,535749483770118;0,0;0,005156187582761051;0,005156187582761051
2024-07-09 20:00:00;0,7297308686253716;20,1139025;0,7297308686253716;0,7245746810426106;0,0;0,005156187582761051;0,005156187582761051
2024-07-09 21:00:00;0,0;19,7407275;0,0;0,0;0,0;0,0;0,005156187582761051
2024-07-09 22:00:00;0,0;18,281837499999998;0,0;0,0;0,0;0,0;0,005156187582761051
2024-07-09 23:00:00;0,0;17,252587499999997;0,0;0,0;0,0;0,0;0,005156187582761051
2024-07-10 00:00:00;0,0;15,284764999999998;0,0;0,0;0,0;0,0;0,005156187582761051
2024-07-10 01:00:00;0,0;13,073717499999999;0,0;0,0;0,0;0,0;0,005156187582761051
2024-07-10 02:00:00;0,0;12,13503;0,0;0,0;0,0;0,0;0,005156187582761051
2024-07-10 03:00:00;0,0;12,242555000000001;0,0;0,0;0,0;0,0;0,005156187582761051
2024-07-10 04:00:00;3,114008100237927;14,702347499999998;3,114008100237927;3,1088519126551657;0,0;0,005156187582761051;0,005156187582761051
2024-07-10 05:00:00;35,08283072665027;16,1273125;16,1273125;16,1273125;18,95036203906751;0,005156187582761051;0,005156187582761051
2024-07-10 06:00:00;79,14128529790342;17,0151125;17,0151125;17,0151125;62,121016610320666;0,005156187582761051;0,005156187582761051
2024-07-10 07:00:00;121,50418808049511;23,099417499999998;23,099417499999998;23,099417499999998;98,39961439291235;0,005156187582761051;0,005156187582761051
2024-07-10 08:00:00;157,42221861927402;37,0047;37,0047;37,0047;120,41236243169125;0,005156187582761051;0,005156187582761051
2024-07-10 09:00:00;157,7107287403813;44,8707;44,8707;44,8707;112,83487255279854;0,005156187582761051;0,005156187582761051
2024-07-10 10:00:00;167,0303454216891;45,899375;45,899375;45,899375;121,12581423410634;0,005156187582761051;0,005156187582761051
2024-07-10 11:00:00;169,6994339267025;47,200599999999994;47,200599999999994;47,200599999999994;122,49367773911975;0,005156187582761051;0,005156187582761051
2024-07-10 12:00:00;175,9822966409704;44,434850000000004;44,434850000000004;44,434850000000004;131,5422904533876;0,005156187582761051;0,005156187582761051
2024-07-10 13:00:00;116,3650090770783;38,7803;38,7803;38,7803;77,57955288949555;0,005156187582761051;0,005156187582761051
2024-07-10 14:00:00;127,58657324907048;37,326699999999995;37,326699999999995;37,326699999999995;90,25471706148772;0,005156187582761051;0,005156187582761051
2024-07-10 15:00:00;116,6542589677269;39,684774999999995;39,684774999999995;39,684774999999995;76,96432778014415;0,005156187582761051;0,005156187582761051
2024-07-10 16:00:00;95,03745320137553;39,803799999999995;39,803799999999995;39,803799999999995;55,228497013792776;0,005156187582761051;0,005156187582761051
2024-07-10 17:00:00;81,36355299997112;38,519825;38,519825;38,519825;42,838571812388366;0,005156187582761051;0,005156187582761051
2024-07-10 18:00:00;33,16616182209397;31,581874999999997;31,581874999999997;31,581874999999997;1,579130634511209;0,005156187582761051;0,005156187582761051
2024-07-10 19:00:00;8,229714216109276;22,20075;8,229714216109276;8,224558028526515;0,0;0,005156187582761051;0,005156187582761051
2024-07-10 20:00:00;0,4077387780787751;20,1139025;0,4077387780787751;0,4025825904960141;0,0;0,005156187582761051;0,005156187582761051
2024-07-10 21:00:00;0,0;19,7407275;0,0;0,0;0,0;0,0;0,005156187582761051
2024-07-10 22:00:00;0,0;18,281837499999998;0,0;0,0;0,0;0,0;0,005156187582761051
2024-07-10 23:00:00;0,0;17,252587499999997;0,0;0,0;0,0;0,0;0,005156187582761051
2024-07-11 00:00:00;0,0;15,284764999999998;0,0;0,0;0,0;0,0;0,005156187582761051
2024-07-11 01:00:00;0,0;13,073717499999999;0,0;0,0;0,0;0,0;0,005156187582761051
2024-07-11 02:00:00;0,0;12,13503;0,0;0,0;0,0;0,0;0,005156187582761051
2024-07-11 03:00:00;0,0;12,242555000000001;0,0;0,0;0,0;0,0;0,005156187582761051
2024-07-11 04:00:00;0,21360105735519988;14,702347499999998;0,21360105735519988;0,20844486977243884;0,0;0,005156187582761051;0,005156187582761051
2024-07-11 05:00:00;2,1134550002377366;16,1273125;2,1134550002377366;2,1082988126549753;0,0;0,005156187582761051;0,005156187582761051
2024-07-11 06:00:00;6,430594691665672;17,0151125;6,430594691665672;6,425438504082911;0,0;0,005156187582761051;0,005156187582761051
2024-07-11 07:00:00;15,052386764664384;23,099417499999998;15,052386764664384;15,047230577081622;0,0;0,005156187582761051;0,005156187582761051
2024-07-11 08:00:00;23,87495229117214;37,0047;23,87495229117214;23,86979610358938;0,0;0,005156187582761051;0,005156187582761051
2024-07-11 09:00:00;33,292070598023365;44,8707;33,292070598023365;33,2869144104406;0,0;0,005156187582761051;0,005156187582761051
2024-07-11 10:00:00;59,021773083144915;45,899375;45,899375;45,899375;13,117241895562152;0,005156187582761051;0,005156187582761051
2024-07-11 11:00:00;69,4281112206236;47,200599999999994;47,200599999999994;47,200599999999994;22,222355033040856;0,005156187582761051;0,005156187582761051
2024-07-11 12:00:00;63,45077332691296;44,434850000000004;44,434850000000004;44,434850000000004;19,01076713933019;0,005156187582761051;0,005156187582761051
2024-07-11 13:00:00;56,32605287464472;38,7803;38,7803;38,7803;17,540596687061964;0,005156187582761051;0,005156187582761051
2024-07-11 14:00:00;54,62236362102894;37,326699999999995;37,326699999999995;37,326699999999995;17,29050743344618;0,005156187582761051;0,005156187582761051
2024-07-11 15:00:00;83,39200108221796;39,684774999999995;39,684774999999995;39,684774999999995;43,70206989463521;0,005156187582761051;0,005156187582761051
2024-07-11 16:00:00;86,95990957991184;39,803799999999995;39,803799999999995;39,803799999999995;47,150953392329086;0,005156187582761051;0,005156187582761051
2024-07-11 17:00:00;37,587542439586606;38,519825;37,587542439586606;37,58238625200384;0,0;0,005156187582761051;0,005156187582761051
2024-07-11 18:00:00;25,40716296511441;31,581874999999997;25,40716296511441;25,40200677753165;0,0;0,005156187582761051;0,005156187582761051
2024-07-11 19:00:00;7,232734202993568;22,20075;7,232734202993568;7,227578015410807;0,0;0,005156187582761051;0,005156187582761051
2024-07-11 20:00:00;0,0;20,1139025;0,0;0,0;0,0;0,0;0,005156187582761051
2024-07-11 21:00:00;0,0;19,7407275;0,0;0,0;0,0;0,0;0,005156187582761051
2024-07-11 22:00:00;0,0;18,281837499999998;0,0;0,0;0,0;0,0;0,005156187582761051
2024-07-11 23:00:00;0,0;17,252587499999997;0,0;0,0;0,0;0,0;0,005156187582761051
2024-07-12 00:00:00;0,0;17,360055000000003;0,0;0,0;0,0;0,0;0,005156187582761051
2024-07-12 01:00:00;0,0;16,975495;0,0;0,0;0,0;0,0;0,005156187582761051
2024-07-12 02:00:00;0,0;15,5109125;0,0;0,0;0,0;0,0;0,005156187582761051
2024-07-12 03:00:00;0,0;15,1377375;0,0;0,0;0,0;0,0;0,005156187582761051
2024-07-12 04:00:00;0,0;15,720155;0,0;0,0;0,0;0,0;0,005156187582761051
2024-07-12 05:00:00;3,505397971453954;16,3930775;3,505397971453954;3,500241783871193;0,0;0,005156187582761051;0,005156187582761051
2024-07-12 06:00:00;18,861090248051674;17,3657475;17,3657475;17,3657475;1,4901865604689135;0,005156187582761051;0,005156187582761051
2024-07-12 07:00:00;54,18589959166144;25,700429999999997;25,700429999999997;25,700429999999997;28,48031340407868;0,005156187582761051;0,005156187582761051
2024-07-12 08:00:00;74,3490582093567;36,365875;36,365875;36,365875;37,97802702177394;0,005156187582761051;0,005156187582761051
2024-07-12 09:00:00;86,65290522027202;39,808975000000004;39,808975000000004;39,808975000000004;46,83877403268926;0,005156187582761051;0,005156187582761051
2024-07-12 10:00:00;108,22458504460404;40,7997;40,7997;40,7997;67,41972885702128;0,005156187582761051;0,005156187582761051
2024-07-12 11:00:00;136,51411207348883;41,838725000000004;41,838725000000004;41,838725000000004;94,67023088590605;0,005156187582761051;0,005156187582761051
2024-07-12 12:00:00;95,07592121752319;40,82155;40,82155;40,82155;54,24921502994043;0,005156187582761051;0,005156187582761051
2024-07-12 13:00:00;70,31731420926721;35,7719;35,7719;35,7719;34,54025802168445;0,005156187582761051;0,005156187582761051
2024-07-12 14:00:00;64,4598189812473;26,656425;26,656425;26,656425;37,79823779366454;0,005156187582761051;0,005156187582761051
2024-07-12 15:00:00;60,912624030709836;20,1139025;20,1139025;20,1139025;40,79356534312707;0,005156187582761051;0,005156187582761051
2024-07-12 16:00:00;57,75824670660311;17,456195;17,456195;17,456195;40,296895519020346;0,005156187582761051;0,005156187582761051
2024-07-12 17:00:00;37,78224978285697;17,043345;17,043345;17,043345;20,73374859527421;0,005156187582761051;0,005156187582761051
2024-07-12 18:00:00;23,10551799126515;17,78981;17,78981;17,78981;5,31055180368239;0,005156187582761051;0,005156187582761051
2024-07-12 19:00:00;4,790214915394398;18,0273425;4,790214915394398;4,785058727811637;0,0;0,005156187582761051;0,005156187582761051
2024-07-12 20:00:00;0,0;19,1355975;0,0;0,0;0,0;0,0;0,005156187582761051
2024-07-12 21:00:00;0,0;19,305279999999996;0,0;0,0;0,0;0,0;0,005156187582761051
2024-07-12 22:00:00;0,0;17,7389225;0,0;0,0;0,0;0,0;0,005156187582761051
2024-07-12 23:00:00;0,0;16,296995000000003;0,0;0,0;0,0;0,0;0,005156187582761051
2024-07-13 00:00:00;0,0;15,0076725;0,0;0,0;0,0;0,0;0,005156187582761051
2024-07-13 01:00:00;0,0;12,870167499999999;0,0;0,0;0,0;0,0;0,005156187582761051
2024-07-13 02:00:00;0,0;11,58648;0,0;0,0;0,0;0,0;0,005156187582761051
2024-07-13 03:00:00;0,0;10,8739975;0,0;0,0;0,0;0,0;0,005156187582761051
2024-07-13 04:00:00;0,0;10,5291125;0,0;0,0;0,0;0,0;0,005156187582761051
2024-07-13 05:00:00;1,4468264734853253;10,4443;1,4468264734853253;1,4416702859025643;0,0;0,005156187582761051;0,005156187582761051
2024-07-13 06:00:00;11,244585800117477;10,630945;10,630945;10,630945;0,6084846125347152;0,005156187582761051;0,005156187582761051
2024-07-13 07:00:00;35,95783014010088;12,0162925;12,0162925;12,0162925;23,93638145251812;0,005156187582761051;0,005156187582761051
2024-07-13 08:00:00;103,78078941000997;12,169012500000001;12,169012500000001;12,169012500000001;91,60662072242721;0,005156187582761051;0,005156187582761051
2024-07-13 09:00:00;120,26803317698142;13,2603625;13,2603625;13,2603625;107,00251448939866;0,005156187582761051;0,005156187582761051
2024-07-13 10:00:00;134,40133026353365;15,0189425;15,0189425;15,0189425;119,37723157595089;0,005156187582761051;0,005156187582761051
2024-07-13 11:00:00;149,11534644000704;16,342132499999998;16,342132499999998;16,342132499999998;132,76805775242428;0,005156187582761051;0,005156187582761051
2024-07-13 12:00:00;158,10428613635338;17,4900625;17,4900625;17,4900625;140,60906744877062;0,005156187582761051;0,005156187582761051
2024-07-13 13:00:00;145,25005058671024;17,891585000000003;17,891585000000003;17,891585000000003;127,35330939912747;0,005156187582761051;0,005156187582761051
2024-07-13 14:00:00;119,89518932816581;16,51745;16,51745;16,51745;103,37258314058306;0,005156187582761051;0,005156187582761051
2024-07-13 15:00:00;104,90745842141112;14,49874;14,49874;14,49874;90,40356223382837;0,005156187582761051;0,005156187582761051
2024-07-13 16:00:00;85,40121515639102;13,5996125;13,5996125;13,5996125;71,79644646880826;0,005156187582761051;0,005156187582761051
2024-07-13 17:00:00;41,87095603762663;15,273494999999999;15,273494999999999;15,273494999999999;26,592304850043867;0,005156187582761051;0,005156187582761051
2024-07-13 18:00:00;8,186511674897305;17,05473;8,186511674897305;8,181355487314544;0,0;0,005156187582761051;0,005156187582761051
2024-07-13 19:00:00;3,955488555772201;17,8180425;3,955488555772201;3,95033236818944;0,0;0,005156187582761051;0,005156187582761051
2024-07-13 20:00:00;0,3588696021804426;18,796405;0,3588696021804426;0,3537134145976816;0,0;0,005156187582761051;0,005156187582761051
2024-07-13 21:00:00;0,0;18,491022499999996;0,0;0,0;0,0;0,0;0,005156187582761051
2024-07-13 22:00:00;0,0;16,8115625;0,0;0,0;0,0;0,0;0,005156187582761051
2024-07-13 23:00:00;0,0;14,8776075;0,0;0,0;0,0;0,0;0,005156187582761051
2024-07-14 00:00:00;0,0;15,284764999999998;0,0;0,0;0,0;0,0;0,005156187582761051
2024-07-14 01:00:00;0,0;13,073717499999999;0,0;0,0;0,0;0,0;0,005156187582761051
2024-07-14 02:00:00;0,0;12,13503;0,0;0,0;0,0;0,0;0,005156187582761051
2024-07-14 03:00:00;0,0;12,242555000000001;0,0;0,0;0,0;0,0;0,005156187582761051
2024-07-14 04:00:00;0,01141464402227171;14,702347499999998;0,01141464402227171;0,0062584564395106596;0,0;0,005156187582761051;0,005156187582761051
2024-07-14 05:00:00;1,7157770879206529;16,1273125;1,7157770879206529;1,7106209003378918;0,0;0,005156187582761051;0,005156187582761051
2024-07-14 06:00:00;10,408853353919111;17,0151125;10,408853353919111;10,40369716633635;0,0;0,005156187582761051;0,005156187582761051
2024-07-14 07:00:00;33,37936340389687;23,099417499999998;23,099417499999998;23,099417499999998;10,274789716314107;0,005156187582761051;0,005156187582761051
2024-07-14 08:00:00;70,50743498138152;37,0047;37,0047;37,0047;33,497578793798766;0,005156187582761051;0,005156187582761051
2024-07-14 09:00:00;137,6341231590183;44,8707;44,8707;44,8707;92,75826697143552;0,005156187582761051;0,005156187582761051
2024-07-14 10:00:00;154,02593665516193;45,899375;45,899375;45,899375;108,12140546757917;0,005156187582761051;0,005156187582761051
2024-07-14 11:00:00;150,67034201582138;47,200599999999994;47,200599999999994;47,200599999999994;103,46458582823861;0,005156187582761051;0,005156187582761051
2024-07-14 12:00:00;129,52255013865474;44,434850000000004;44,434850000000004;44,434850000000004;85,08254395107195;0,005156187582761051;0,005156187582761051
2024-07-14 13:00:00;125,51817761159337;38,7803;38,7803;38,7803;86,73272142401062;0,005156187582761051;0,005156187582761051
2024-07-14 14:00:00;120,87316466176551;37,326699999999995;37,326699999999995;37,326699999999995;83,54130847418276;0,005156187582761051;0,005156187582761051
2024-07-14 15:00:00;96,12047580983993;39,684774999999995;39,684774999999995;39,684774999999995;56,43054462225718;0,005156187582761051;0,005156187582761051
2024-07-14 16:00:00;67,1658959633257;39,803799999999995;39,803799999999995;39,803799999999995;27,356939775742944;0,005156187582761051;0,005156187582761051
2024-07-14 17:00:00;47,277931614994344;38,519825;38,519825;38,519825;8,752950427411584;0,005156187582761051;0,005156187582761051
2024-07-14 18:00:00;18,104010099484412;31,581874999999997;18,104010099484412;18,098853911901653;0,0;0,005156187582761051;0,005156187582761051
2024-07-14 19:00:00;2,243950347323202;22,20075;2,243950347323202;2,238794159740441;0,0;0,005156187582761051;0,005156187582761051
2024-07-14 20:00:00;0,0;20,1139025;0,0;0,0;0,0;0,0;0,005156187582761051
2024-07-14 21:00:00;0,0;19,7407275;0,0;0,0;0,0;0,0;0,005156187582761051
2024-07-14 22:00:00;0,0;18,281837499999998;0,0;0,0;0,0;0,0;0,005156187582761051
2024-07-14 23:00:00;0,0;17,252587499999997;0,0;0,0;0,0;0,0;0,005156187582761051
2024-07-15 00:00:00;0,0;15,284764999999998;0,0;0,0;0,0;0,0;0,005156187582761051
2024-07-15 01:00:00;0,0;13,073717499999999;0,0;0,0;0,0;0,0;0,005156187582761051
2024-07-15 02:00:00;0,0;12,13503;0,0;0,0;0,0;0,0;0,005156187582761051
2024-07-15 03:00:00;0,0;12,242555000000001;0,0;0,0;0,0;0,0;0,005156187582761051
2024-07-15 04:00:00;0,022807094958304398;14,702347499999998;0,022807094958304398;0,017650907375543347;0,0;0,005156187582761051;0,005156187582761051
2024-07-15 05:00:00;1,288574973210253;16,1273125;1,288574973210253;1,283418785627492;0,0;0,005156187582761051;0,005156187582761051
2024-07-15 06:00:00;8,244065745210511;17,0151125;8,244065745210511;8,23890955762775;0,0;0,005156187582761051;0,005156187582761051
2024-07-15 07:00:00;23,609079118028625;23,099417499999998;23,099417499999998;23,099417499999998;0,5045054304458674;0,005156187582761051;0,005156187582761051
2024-07-15 08:00:00;33,2078108472692;37,0047;33,2078108472692;33,20265465968644;0,0;0,005156187582761051;0,005156187582761051
2024-07-15 09:00:00;42,726129627370376;44,8707;42,726129627370376;42,72097343978761;0,0;0,005156187582761051;0,005156187582761051
2024-07-15 10:00:00;51,91776617803311;45,899375;45,899375;45,899375;6,01323499045035;0,005156187582761051;0,005156187582761051
2024-07-15 11:00:00;52,34313366428108;47,200599999999994;47,200599999999994;47,200599999999994;5,137377476698326;0,005156187582761051;0,005156187582761051
2024-07-15 12:00:00;67,39300521250505;44,434850000000004;44,434850000000004;44,434850000000004;22,952999024922285;0,005156187582761051;0,005156187582761051
2024-07-15 13:00:00;46,777107635533696;38,7803;38,7803;38,7803;7,991651447950936;0,005156187582761051;0,005156187582761051
2024-07-15 14:00:00;55,88588999757074;37,326699999999995;37,326699999999995;37,326699999999995;18,554033809987985;0,005156187582761051;0,005156187582761051
2024-07-15 15:00:00;73,86894777705247;39,684774999999995;39,684774999999995;39,684774999999995;34,17901658946972;0,005156187582761051;0,005156187582761051
2024-07-15 16:00:00;43,47921502041462;39,803799999999995;39,803799999999995;39,803799999999995;3,6702588328318626;0,005156187582761051;0,005156187582761051
2024-07-15 17:00:00;33,78734630592427;38,519825;33,78734630592427;33,782190118341504;0,0;0,005156187582761051;0,005156187582761051
2024-07-15 18:00:00;36,170439906270744;31,581874999999997;31,581874999999997;31,581874999999997;4,583408718687984;0,005156187582761051;0,005156187582761051
2024-07-15 19:00:00;16,59473228132247;22,20075;16,59473228132247;16,589576093739712;0,0;0,005156187582761051;0,005156187582761051
2024-07-15 20:00:00;0,6033782309711909;20,1139025;0,6033782309711909;0,5982220433884299;0,0;0,005156187582761051;0,005156187582761051
2024-07-15 21:00:00;0,0;19,7407275;0,0;0,0;0,0;0,0;0,005156187582761051
2024-07-15 22:00:00;0,0;18,281837499999998;0,0;0,0;0,0;0,0;0,005156187582761051
2024-07-15 23:00:00;0,0;17,252587499999997;0,0;0,0;0,0;0,0;0,005156187582761051
2024-07-16 00:00:00;0,0;15,284764999999998;0,0;0,0;0,0;0,0;0,005156187582761051
2024-07-16 01:00:00;0,0;13,073717499999999;0,0;0,0;0,0;0,0;0,005156187582761051
2024-07-16 02:00:00;0,0;12,13503;0,0;0,0;0,0;0,0;0,005156187582761051
2024-07-16 03:00:00;0,0;12,242555000000001;0,0;0,0;0,0;0,0;0,005156187582761051
2024-07-16 04:00:00;1,4510283644799138;14,702347499999998;1,4510283644799138;1,4458721768971527;0,0;0,005156187582761051;0,005156187582761051
2024-07-16 05:00:00;24,609987307408637;16,1273125;16,1273125;16,1273125;8,47751861982588;0,005156187582761051;0,005156187582761051
2024-07-16 06:00:00;65,33718565723007;17,0151125;17,0151125;17,0151125;48,31691696964731;0,005156187582761051;0,005156187582761051
2024-07-16 07:00:00;104,30824509295745;23,099417499999998;23,099417499999998;23,099417499999998;81,20367140537469;0,005156187582761051;0,005156187582761051
2024-07-16 08:00:00;112,67577837461108;37,0047;37,0047;37,0047;75,66592218702833;0,005156187582761051;0,005156187582761051
2024-07-16 09:00:00;139,21575043831942;44,8707;44,8707;44,8707;94,33989425073665;0,005156187582761051;0,005156187582761051
2024-07-16 10:00:00;180,18788648326557;45,899375;45,899375;45,899375;134,2833552956828;0,005156187582761051;0,005156187582761051
2024-07-16 11:00:00;173,45968250513457;47,200599999999994;47,200599999999994;47,200599999999994;126,2539263175518;0,005156187582761051;0,005156187582761051
2024-07-16 12:00:00;168,1067101042818;44,434850000000004;44,434850000000004;44,434850000000004;123,66670391669902;0,005156187582761051;0,005156187582761051
2024-07-16 13:00:00;167,81154205730277;38,7803;38,7803;38,7803;129,02608586972002;0,005156187582761051;0,005156187582761051
2024-07-16 14:00:00;176,719107104106;37,326699999999995;37,326699999999995;37,326699999999995;139,38725091652324;0,005156187582761051;0,005156187582761051
2024-07-16 15:00:00;154,39434188672973;39,684774999999995;39,684774999999995;39,684774999999995;114,70441069914696;0,005156187582761051;0,005156187582761051
2024-07-16 16:00:00;124,3759734398249;39,803799999999995;39,803799999999995;39,803799999999995;84,56701725224215;0,005156187582761051;0,005156187582761051
2024-07-16 17:00:00;79,42461703222166;38,519825;38,519825;38,519825;40,89963584463891;0,005156187582761051;0,005156187582761051
2024-07-16 18:00:00;32,1776817610078;31,581874999999997;31,581874999999997;31,581874999999997;0,5906505734250374;0,005156187582761051;0,005156187582761051
2024-07-16 19:00:00;9,112592175174742;22,20075;9,112592175174742;9,10743598759198;0,0;0,005156187582761051;0,005156187582761051
2024-07-16 20:00:00;0,0;20,1139025;0,0;0,0;0,0;0,0;0,005156187582761051
2024-07-16 21:00:00;0,0;19,7407275;0,0;0,0;0,0;0,0;0,005156187582761051
2024-07-16 22:00:00;0,0;18,281837499999998;0,0;0,0;0,0;0,0;0,005156187582761051
2024-07-16 23:00:00;0,0;17,252587499999997;0,0;0,0;0,0;0,0;0,005156187582761051
2024-07-17 00:00:00;0,0;15,284764999999998;0,0;0,0;0,0;0,0;0,005156187582761051
2024-07-17 01:00:00;0,0;13,073717499999999;0,0;0,0;0,0;0,0;0,005156187582761051
2024-07-17 02:00:00;0,0;12,13503;0,0;0,0;0,0;0,0;0,005156187582761051
2024-07-17 03:00:00;0,0;12,242555000000001;0,0;0,0;0,0;0,0;0,005156187582761051
2024-07-17 04:00:00;0,13016984848729296;14,702347499999998;0,13016984848729296;0,12501366090453192;0,0;0,005156187582761051;0,005156187582761051
2024-07-17 05:00:00;20,747428601414644;16,1273125;16,1273125;16,1273125;4,6149599138318855;0,005156187582761051;0,005156187582761051
2024-07-17 06:00:00;47,17140480104703;17,0151125;17,0151125;17,0151125;30,15113611346427;0,005156187582761051;0,005156187582761051
2024-07-17 07:00:00;84,05409482168221;23,099417499999998;23,099417499999998;23,099417499999998;60,949521134099456;0,005156187582761051;0,005156187582761051
2024-07-17 08:00:00;133,09637679267902;37,0047;37,0047;37,0047;96,08652060509625;0,005156187582761051;0,005156187582761051
2024-07-17 09:00:00;179,8601685764693;44,8707;44,8707;44,8707;134,98431238888654;0,005156187582761051;0,005156187582761051
2024-07-17 10:00:00;204,84514506436332;45,899375;45,899375;45,899375;158,94061387678056;0,005156187582761051;0,005156187582761051
2024-07-17 11:00:00;197,29949574309492;47,200599999999994;47,200599999999994;47,200599999999994;150,09373955551217;0,005156187582761051;0,005156187582761051
2024-07-17 12:00:00;204,9095050144565;44,434850000000004;44,434850000000004;44,434850000000004;160,46949882687372;0,005156187582761051;0,005156187582761051
2024-07-17 13:00:00;207,19909174478255;38,7803;38,7803;38,7803;168,41363555719977;0,005156187582761051;0,005156187582761051
2024-07-17 14:00:00;183,42955661324578;37,326699999999995;37,326699999999995;37,326699999999995;146,09770042566302;0,005156187582761051;0,005156187582761051
2024-07-17 15:00:00;150,57491174499356;39,684774999999995;39,684774999999995;39,684774999999995;110,88498055741078;0,005156187582761051;0,005156187582761051
2024-07-17 16:00:00;121,73795525554618;39,803799999999995;39,803799999999995;39,803799999999995;81,92899906796343;0,005156187582761051;0,005156187582761051
2024-07-17 17:00:00;86,92366087238811;38,519825;38,519825;38,519825;48,39867968480536;0,005156187582761051;0,005156187582761051
2024-07-17 18:00:00;44,048097797674956;31,581874999999997;31,581874999999997;31,581874999999997;12,461066610092196;0,005156187582761051;0,005156187582761051
2024-07-17 19:00:00;11,265210574928945;22,20075;11,265210574928945;11,260054387346184;0,0;0,005156187582761051;0,005156187582761051
2024-07-17 20:00:00;0,0;20,1139025;0,0;0,0;0,0;0,0;0,005156187582761051
2024-07-17 21:00:00;0,0;19,7407275;0,0;0,0;0,0;0,0;0,005156187582761051
2024-07-17 22:00:00;0,0;18,281837499999998;0,0;0,0;0,0;0,0;0,005156187582761051
2024-07-17 23:00:00;0,0;17,252587499999997;0,0;0,0;0,0;0,0;0,005156187582761051
2024-07-18 00:00:00;0,0;15,284764999999998;0,0;0,0;0,0;0,0;0,005156187582761051
2024-07-18 01:00:00;0,0;13,073717499999999;0,0;0,0;0,0;0,0;0,005156187582761051
2024-07-18 02:00:00;0,0;12,13503;0,0;0,0;0,0;0,0;0,005156187582761051
2024-07-18 03:00:00;0,0;12,242555000000001;0,0;0,0;0,0;0,0;0,005156187582761051
2024-07-18 04:00:00;0,02951680469790287;14,702347499999998;0,02951680469790287;0,02436061711514182;0,0;0,005156187582761051;0,005156187582761051
2024-07-18 05:00:00;3,646005968169002;16,1273125;3,646005968169002;3,6408497805862408;0,0;0,005156187582761051;0,005156187582761051
2024-07-18 06:00:00;29,55727009181203;17,0151125;17,0151125;17,0151125;12,537001404229269;0,005156187582761051;0,005156187582761051
2024-07-18 07:00:00;72,7422787656513;23,099417499999998;23,099417499999998;23,099417499999998;49,63770507806855;0,005156187582761051;0,005156187582761051
2024-07-18 08:00:00;99,12911853431041;37,0047;37,0047;37,0047;62,11926234672765;0,005156187582761051;0,005156187582761051
2024-07-18 09:00:00;117,96882944261846;44,8707;44,8707;44,8707;73,0929732550357;0,005156187582761051;0,005156187582761051
2024-07-18 10:00:00;131,1899906847468;45,899375;45,899375;45,899375;85,28545949716403;0,005156187582761051;0,005156187582761051
2024-07-18 11:00:00;143,47534345712958;47,200599999999994;47,200599999999994;47,200599999999994;96,26958726954682;0,005156187582761051;0,005156187582761051
2024-07-18 12:00:00;165,65363430532824;44,434850000000004;44,434850000000004;44,434850000000004;121,21362811774546;0,005156187582761051;0,005156187582761051
2024-07-18 13:00:00;183,4709837075586;38,7803;38,7803;38,7803;144,68552751997584;0,005156187582761051;0,005156187582761051
2024-07-18 14:00:00;159,79539930776707;37,326699999999995;37,326699999999995;37,326699999999995;122,46354312018431;0,005156187582761051;0,005156187582761051
2024-07-18 15:00:00;147,35617447079372;39,684774999999995;39,684774999999995;39,684774999999995;107,66624328321095;0,005156187582761051;0,005156187582761051
2024-07-18 16:00:00;110,60886227621658;39,803799999999995;39,803799999999995;39,803799999999995;70,79990608863383;0,005156187582761051;0,005156187582761051
2024-07-18 17:00:00;72,27696372417309;38,519825;38,519825;38,519825;33,75198253659033;0,005156187582761051;0,005156187582761051
2024-07-18 18:00:00;37,91326296862135;31,581874999999997;31,581874999999997;31,581874999999997;6,326231781038594;0,005156187582761051;0,005156187582761051
2024-07-18 19:00:00;6,844702885495047;22,20075;6,844702885495047;6,839546697912286;0,0;0,005156187582761051;0,005156187582761051
2024-07-18 20:00:00;0,21543568581762593;20,1139025;0,21543568581762593;0,2102794982348649;0,0;0,005156187582761051;0,005156187582761051
2024-07-18 21:00:00;0,0;19,7407275;0,0;0,0;0,0;0,0;0,005156187582761051
2024-07-18 22:00:00;0,0;18,281837499999998;0,0;0,0;0,0;0,0;0,005156187582761051
2024-07-18 23:00:00;0,0;17,252587499999997;0,0;0,0;0,0;0,0;0,005156187582761051
2024-07-19 00:00:00;0,0;17,360055000000003;0,0;0,0;0,0;0,0;0,005156187582761051
2024-07-19 01:00:00;0,0;16,975495;0,0;0,0;0,0;0,0;0,005156187582761051
2024-07-19 02:00:00;0,0;15,5109125;0,0;0,0;0,0;0,0;0,005156187582761051
2024-07-19 03:00:00;0,0;15,1377375;0,0;0,0;0,0;0,0;0,005156187582761051
2024-07-19 04:00:00;1,128777354593862;15,720155;1,128777354593862;1,123621167011101;0,0;0,005156187582761051;0,005156187582761051
2024-07-19 05:00:00;16,88324240242979;16,3930775;16,3930775;16,3930775;0,4850087148470301;0,005156187582761051;0,005156187582761051
2024-07-19 06:00:00;50,59653777726984;17,3657475;17,3657475;17,3657475;33,22563408968708;0,005156187582761051;0,005156187582761051
2024-07-19 07:00:00;102,56978667090054;25,700429999999997;25,700429999999997;25,700429999999997;76,86420048331779;0,005156187582761051;0,005156187582761051
2024-07-19 08:00:00;146,3478685860007;36,365875;36,365875;36,365875;109,97683739841791;0,005156187582761051;0,005156187582761051
2024-07-19 09:00:00;149,76412432772787;39,808975000000004;39,808975000000004;39,808975000000004;109,9499931401451;0,005156187582761051;0,005156187582761051
2024-07-19 10:00:00;159,4824767917968;40,7997;40,7997;40,7997;118,67762060421404;0,005156187582761051;0,005156187582761051
2024-07-19 11:00:00;202,00812887347467;41,838725000000004;41,838725000000004;41,838725000000004;160,1642476858919;0,005156187582761051;0,005156187582761051
2024-07-19 12:00:00;221,57651277996405;40,82155;40,82155;40,82155;180,74980659238128;0,005156187582761051;0,005156187582761051
2024-07-19 13:00:00;206,20484148127423;35,7719;35,7719;35,7719;170,42778529369144;0,005156187582761051;0,005156187582761051
2024-07-19 14:00:00;172,486885558324;26,656425;26,656425;26,656425;145,8253043707412;0,005156187582761051;0,005156187582761051
2024-07-19 15:00:00;139,76835828567116;20,1139025;20,1139025;20,1139025;119,64929959808839;0,005156187582761051;0,005156187582761051
2024-07-19 16:00:00;100,40226191488911;17,456195;17,456195;17,456195;82,94091072730635;0,005156187582761051;0,005156187582761051
2024-07-19 17:00:00;34,34461470138618;17,043345;17,043345;17,043345;17,296113513803416;0,005156187582761051;0,005156187582761051
2024-07-19 18:00:00;6,619531832513902;17,78981;6,619531832513902;6,61437564493114;0,0;0,005156187582761051;0,005156187582761051
2024-07-19 19:00:00;1,7012406164340916;18,0273425;1,7012406164340916;1,6960844288513306;0,0;0,005156187582761051;0,005156187582761051
2024-07-19 20:00:00;0,0;19,1355975;0,0;0,0;0,0;0,0;0,005156187582761051
2024-07-19 21:00:00;0,0;19,305279999999996;0,0;0,0;0,0;0,0;0,005156187582761051
2024-07-19 22:00:00;0,0;17,7389225;0,0;0,0;0,0;0,0;0,005156187582761051
2024-07-19 23:00:00;0,0;16,296995000000003;0,0;0,0;0,0;0,0;0,005156187582761051
2024-07-20 00:00:00;0,0;15,0076725;0,0;0,0;0,0;0,0;0,005156187582761051
2024-07-20 01:00:00;0,0;12,870167499999999;0,0;0,0;0,0;0,0;0,005156187582761051
2024-07-20 02:00:00;0,0;11,58648;0,0;0,0;0,0;0,0;0,005156187582761051
2024-07-20 03:00:00;0,0;10,8739975;0,0;0,0;0,0;0,0;0,005156187582761051
2024-07-20 04:00:00;2,683062751648545;10,5291125;2,683062751648545;2,6779065640657835;0,0;0,005156187582761051;0,005156187582761051
2024-07-20 05:00:00;20,106714201694004;10,4443;10,4443;10,4443;9,657258014111244;0,005156187582761051;0,005156187582761051
2024-07-20 06:00:00;29,465612645644857;10,630945;10,630945;10,630945;18,829511458062097;0,005156187582761051;0,005156187582761051
2024-07-20 07:00:00;61,633825356524;12,0162925;12,0162925;12,0162925;49,61237666894124;0,005156187582761051;0,005156187582761051
2024-07-20 08:00:00;83,80923110351162;12,169012500000001;12,169012500000001;12,169012500000001;71,63506241592887;0,005156187582761051;0,005156187582761051
2024-07-20 09:00:00;100,55169536223187;13,2603625;13,2603625;13,2603625;87,28617667464911;0,005156187582761051;0,005156187582761051
2024-07-20 10:00:00;117,04929590278154;15,0189425;15,0189425;15,0189425;102,02519721519879;0,005156187582761051;0,005156187582761051
2024-07-20 11:00:00;92,65243620022169;16,342132499999998;16,342132499999998;16,342132499999998;76,30514751263894;0,005156187582761051;0,005156187582761051
2024-07-20 12:00:00;104,73805119645324;17,4900625;17,4900625;17,4900625;87,24283250887049;0,005156187582761051;0,005156187582761051
2024-07-20 13:00:00;110,34698385859608;17,891585000000003;17,891585000000003;17,891585000000003;92,45024267101331;0,005156187582761051;0,005156187582761051
2024-07-20 14:00:00;148,13293248915957;16,51745;16,51745;16,51745;131,6103263015768;0,005156187582761051;0,005156187582761051
2024-07-20 15:00:00;140,4289724860528;14,49874;14,49874;14,49874;125,92507629847003;0,005156187582761051;0,005156187582761051
2024-07-20 16:00:00;126,26830392647241;13,5996125;13,5996125;13,5996125;112,66353523888966;0,005156187582761051;0,005156187582761051
2024-07-20 17:00:00;88,78788011646617;15,273494999999999;15,273494999999999;15,273494999999999;73,50922892888342;0,005156187582761051;0,005156187582761051
2024-07-20 18:00:00;38,34920915930993;17,05473;17,05473;17,05473;21,289322971727167;0,005156187582761051;0,005156187582761051
2024-07-20 19:00:00;11,167117133752457;17,8180425;11,167117133752457;11,161960946169696;0,0;0,005156187582761051;0,005156187582761051
2024-07-20 20:00:00;0,2601325615030217;18,796405;0,2601325615030217;0,2549763739202607;0,0;0,005156187582761051;0,005156187582761051
2024-07-20 21:00:00;0,0;18,491022499999996;0,0;0,0;0,0;0,0;0,005156187582761051
2024-07-20 22:00:00;0,0;16,8115625;0,0;0,0;0,0;0,0;0,005156187582761051
2024-07-20 23:00:00;0,0;14,8776075;0,0;0,0;0,0;0,0;0,005156187582761051
2024-07-21 00:00:00;0,0;15,284764999999998;0,0;0,0;0,0;0,0;0,005156187582761051
2024-07-21 01:00:00;0,0;13,073717499999999;0,0;0,0;0,0;0,0;0,005156187582761051
2024-07-21 02:00:00;0,0;12,13503;0,0;0,0;0,0;0,0;0,005156187582761051
2024-07-21 03:00:00;0,0;12,242555000000001;0,0;0,0;0,0;0,0;0,005156187582761051
2024-07-21 04:00:00;2,395788045675196;14,702347499999998;2,395788045675196;2,390631858092435;0,0;0,005156187582761051;0,005156187582761051
2024-07-21 05:00:00;19,426422131513768;16,1273125;16,1273125;16,1273125;3,2939534439310094;0,005156187582761051;0,005156187582761051
2024-07-21 06:00:00;17,704608524136095;17,0151125;17,0151125;17,0151125;0,6843398365533346;0,005156187582761051;0,005156187582761051
2024-07-21 07:00:00;16,803939107602343;23,099417499999998;16,803939107602343;16,798782920019583;0,0;0,005156187582761051;0,005156187582761051
2024-07-21 08:00:00;22,00673829157104;37,0047;22,00673829157104;22,00158210398828;0,0;0,005156187582761051;0,005156187582761051
2024-07-21 09:00:00;27,22655217498965;44,8707;27,22655217498965;27,22139598740689;0,0;0,005156187582761051;0,005156187582761051
2024-07-21 10:00:00;32,423063317857284;45,899375;32,423063317857284;32,41790713027452;0,0;0,005156187582761051;0,005156187582761051
2024-07-21 11:00:00;37,45527164560202;47,200599999999994;37,45527164560202;37,450115458019255;0,0;0,005156187582761051;0,005156187582761051
2024-07-21 12:00:00;47,75508296913338;44,434850000000004;44,434850000000004;44,434850000000004;3,3150767815506157;0,005156187582761051;0,005156187582761051
2024-07-21 13:00:00;56,355643656296756;38,7803;38,7803;38,7803;17,570187468713996;0,005156187582761051;0,005156187582761051
2024-07-21 14:00:00;54,89933333729196;37,326699999999995;37,326699999999995;37,326699999999995;17,567477149709198;0,005156187582761051;0,005156187582761051
2024-07-21 15:00:00;61,15186550036651;39,684774999999995;39,684774999999995;39,684774999999995;21,461934312783754;0,005156187582761051;0,005156187582761051
2024-07-21 16:00:00;67,33234411011838;39,803799999999995;39,803799999999995;39,803799999999995;27,523387922535633;0,005156187582761051;0,005156187582761051
2024-07-21 17:00:00;75,96619442664029;38,519825;38,519825;38,519825;37,44121323905753;0,005156187582761051;0,005156187582761051
2024-07-21 18:00:00;46,40322810936026;31,581874999999997;31,581874999999997;31,581874999999997;14,816196921777504;0,005156187582761051;0,005156187582761051
2024-07-21 19:00:00;13,848581983191792;22,20075;13,848581983191792;13,843425795609031;0,0;0,005156187582761051;0,005156187582761051
2024-07-21 20:00:00;0,0;20,1139025;0,0;0,0;0,0;0,0;0,005156187582761051
2024-07-21 21:00:00;0,0;19,7407275;0,0;0,0;0,0;0,0;0,005156187582761051
2024-07-21 22:00:00;0,0;18,281837499999998;0,0;0,0;0,0;0,0;0,005156187582761051
2024-07-21 23:00:00;0,0;17,252587499999997;0,0;0,0;0,0;0,0;0,005156187582761051
2024-07-22 00:00:00;0,0;15,284764999999998;0,0;0,0;0,0;0,0;0,005156187582761051
2024-07-22 01:00:00;0,0;13,073717499999999;0,0;0,0;0,0;0,0;0,005156187582761051
2024-07-22 02:00:00;0,0;12,13503;0,0;0,0;0,0;0,0;0,005156187582761051
2024-07-22 03:00:00;0,0;12,242555000000001;0,0;0,0;0,0;0,0;0,005156187582761051
2024-07-22 04:00:00;0,0;14,702347499999998;0,0;0,0;0,0;0,0;0,005156187582761051
2024-07-22 05:00:00;8,762200331937606;16,1273125;8,762200331937606;8,757044144354845;0,0;0,005156187582761051;0,005156187582761051
2024-07-22 06:00:00;29,457919042415323;17,0151125;17,0151125;17,0151125;12,437650354832563;0,005156187582761051;0,005156187582761051
2024-07-22 07:00:00;60,34078217528431;23,099417499999998;23,099417499999998;23,099417499999998;37,236208487701546;0,005156187582761051;0,005156187582761051
2024-07-22 08:00:00;122,8498288761213;37,0047;37,0047;37,0047;85,83997268853854;0,005156187582761051;0,005156187582761051
2024-07-22 09:00:00;176,8019612927317;44,8707;44,8707;44,8707;131,92610510514893;0,005156187582761051;0,005156187582761051
2024-07-22 10:00:00;200,3577030268325;45,899375;45,899375;45,899375;154,45317183924973;0,005156187582761051;0,005156187582761051
2024-07-22 11:00:00;213,57146657354784;47,200599999999994;47,200599999999994;47,200599999999994;166,3657103859651;0,005156187582761051;0,005156187582761051
2024-07-22 12:00:00;211,62883175809188;44,434850000000004;44,434850000000004;44,434850000000004;167,1888255705091;0,005156187582761051;0,005156187582761051
2024-07-22 13:00:00;211,3284853243237;38,7803;38,7803;38,7803;172,54302913674093;0,005156187582761051;0,005156187582761051
2024-07-22 14:00:00;194,15695473164905;37,326699999999995;37,326699999999995;37,326699999999995;156,8250985440663;0,005156187582761051;0,005156187582761051
2024-07-22 15:00:00;159,1162908688529;39,684774999999995;39,684774999999995;39,684774999999995;119,42635968127013;0,005156187582761051;0,005156187582761051
2024-07-22 16:00:00;120,8679862749764;39,803799999999995;39,803799999999995;39,803799999999995;81,05903008739365;0,005156187582761051;0,005156187582761051
2024-07-22 17:00:00;80,87234602454735;38,519825;38,519825;38,519825;42,3473648369646;0,005156187582761051;0,005156187582761051
2024-07-22 18:00:00;33,97717117022206;31,581874999999997;31,581874999999997;31,581874999999997;2,3901399826392975;0,005156187582761051;0,005156187582761051
2024-07-22 19:00:00;2,8254905814351923;22,20075;2,8254905814351923;2,820334393852431;0,0;0,005156187582761051;0,005156187582761051
2024-07-22 20:00:00;0,0;20,1139025;0,0;0,0;0,0;0,0;0,005156187582761051
2024-07-22 21:00:00;0,0;19,7407275;0,0;0,0;0,0;0,0;0,005156187582761051
2024-07-22 22:00:00;0,0;18,281837499999998;0,0;0,0;0,0;0,0;0,005156187582761051
2024-07-22 23:00:00;0,0;17,252587499999997;0,0;0,0;0,0;0,0;0,005156187582761051
2024-07-23 00:00:00;0,0;15,284764999999998;0,0;0,0;0,0;0,0;0,005156187582761051
2024-07-23 01:00:00;0,0;13,073717499999999;0,0;0,0;0,0;0,0;0,005156187582761051
2024-07-23 02:00:00;0,0;12,13503;0,0;0,0;0,0;0,0;0,005156187582761051
2024-07-23 03:00:00;0,0;12,242555000000001;0,0;0,0;0,0;0,0;0,005156187582761051
2024-07-23 04:00:00;1,0350041675385697;14,702347499999998;1,0350041675385697;1,0298479799558087;0,0;0,005156187582761051;0,005156187582761051
2024-07-23 05:00:00;6,331095688360709;16,1273125;6,331095688360709;6,325939500777948;0,0;0,005156187582761051;0,005156187582761051
2024-07-23 06:00:00;17,620940589014975;17,0151125;17,0151125;17,0151125;0,6006719014322144;0,005156187582761051;0,005156187582761051
2024-07-23 07:00:00;19,62860114715128;23,099417499999998;19,62860114715128;19,62344495956852;0,0;0,005156187582761051;0,005156187582761051
2024-07-23 08:00:00;51,01465552201307;37,0047;37,0047;37,0047;14,00479933443031;0,005156187582761051;0,005156187582761051
2024-07-23 09:00:00;111,8908828912909;44,8707;44,8707;44,8707;67,01502670370814;0,005156187582761051;0,005156187582761051
2024-07-23 10:00:00;113,51837588215271;45,899375;45,899375;45,899375;67,61384469456996;0,005156187582761051;0,005156187582761051
2024-07-23 11:00:00;129,88503721389216;47,200599999999994;47,200599999999994;47,200599999999994;82,6792810263094;0,005156187582761051;0,005156187582761051
2024-07-23 12:00:00;157,91046651653258;44,434850000000004;44,434850000000004;44,434850000000004;113,4704603289498;0,005156187582761051;0,005156187582761051
2024-07-23 13:00:00;165,53601094826143;38,7803;38,7803;38,7803;126,75055476067867;0,005156187582761051;0,005156187582761051
2024-07-23 14:00:00;135,66041802282766;37,326699999999995;37,326699999999995;37,326699999999995;98,3285618352449;0,005156187582761051;0,005156187582761051
2024-07-23 15:00:00;114,66871751887551;39,684774999999995;39,684774999999995;39,684774999999995;74,97878633129275;0,005156187582761051;0,005156187582761051
2024-07-23 16:00:00;110,04737719436926;39,803799999999995;39,803799999999995;39,803799999999995;70,23842100678651;0,005156187582761051;0,005156187582761051
2024-07-23 17:00:00;73,30598315612254;38,519825;38,519825;38,519825;34,78100196853978;0,005156187582761051;0,005156187582761051
2024-07-23 18:00:00;35,43828999124531;31,581874999999997;31,581874999999997;31,581874999999997;3,851258803662553;0,005156187582761051;0,005156187582761051
2024-07-23 19:00:00;8,116374124686574;22,20075;8,116374124686574;8,111217937103813;0,0;0,005156187582761051;0,005156187582761051
2024-07-23 20:00:00;0,0;20,1139025;0,0;0,0;0,0;0,0;0,005156187582761051
2024-07-23 21:00:00;0,0;19,7407275;0,0;0,0;0,0;0,0;0,005156187582761051
2024-07-23 22:00:00;0,0;18,281837499999998;0,0;0,0;0,0;0,0;0,005156187582761051
2024-07-23 23:00:00;0,0;17,252587499999997;0,0;0,0;0,0;0,0;0,005156187582761051
2024-07-24 00:00:00;0,0;15,284764999999998;0,0;0,0;0,0;0,0;0,005156187582761051
2024-07-24 01:00:00;0,0;13,073717499999999;0,0;0,0;0,0;0,0;0,005156187582761051
2024-07-24 02:00:00;0,0;12,13503;0,0;0,0;0,0;0,0;0,005156187582761051
2024-07-24 03:00:00;0,0;12,242555000000001;0,0;0,0;0,0;0,0;0,005156187582761051
2024-07-24 04:00:00;0,43965983378590556;14,702347499999998;0,43965983378590556;0,4345036462031445;0,0;0,005156187582761051;0,005156187582761051
2024-07-24 05:00:00;19,715997520760563;16,1273125;16,1273125;16,1273125;3,5835288331778052;0,005156187582761051;0,005156187582761051
2024-07-24 06:00:00;55,2193576408587;17,0151125;17,0151125;17,0151125;38,19908895327594;0,005156187582761051;0,005156187582761051
2024-07-24 07:00:00;94,86804597641765;23,099417499999998;23,099417499999998;23,099417499999998;71,76347228883489;0,005156187582761051;0,005156187582761051
2024-07-24 08:00:00;138,110534743616;37,0047;37,0047;37,0047;101,10067855603323;0,005156187582761051;0,005156187582761051
2024-07-24 09:00:00;155,10008202913073;44,8707;44,8707;44,8707;110,22422584154796;0,005156187582761051;0,005156187582761051
2024-07-24 10:00:00;152,50349093916483;45,899375;45,899375;45,899375;106,59895975158207;0,005156187582761051;0,005156187582761051
2024-07-24 11:00:00;141,81825968461573;47,200599999999994;47,200599999999994;47,200599999999994;94,61250349703296;0,005156187582761051;0,005156187582761051
2024-07-24 12:00:00;134,8696043831771;44,434850000000004;44,434850000000004;44,434850000000004;90,42959819559431;0,005156187582761051;0,005156187582761051
2024-07-24 13:00:00;119,78792274467719;38,7803;38,7803;38,7803;81,00246655709444;0,005156187582761051;0,005156187582761051
2024-07-24 14:00:00;69,69072940778541;37,326699999999995;37,326699999999995;37,326699999999995;32,35887322020266;0,005156187582761051;0,005156187582761051
2024-07-24 15:00:00;70,579932396429;39,684774999999995;39,684774999999995;39,684774999999995;30,89000120884625;0,005156187582761051;0,005156187582761051
2024-07-24 16:00:00;50,77852108442985;39,803799999999995;39,803799999999995;39,803799999999995;10,96956489684709;0,005156187582761051;0,005156187582761051
2024-07-24 17:00:00;36,531817327196194;38,519825;36,531817327196194;36,52666113961343;0,0;0,005156187582761051;0,005156187582761051
2024-07-24 18:00:00;26,50742220389112;31,581874999999997;26,50742220389112;26,50226601630836;0,0;0,005156187582761051;0,005156187582761051
2024-07-24 19:00:00;7,666867958305957;22,20075;7,666867958305957;7,661711770723196;0,0;0,005156187582761051;0,005156187582761051
2024-07-24 20:00:00;0,0;20,1139025;0,0;0,0;0,0;0,0;0,005156187582761051
2024-07-24 21:00:00;0,0;19,7407275;0,0;0,0;0,0;0,0;0,005156187582761051
2024-07-24 22:00:00;0,0;18,281837499999998;0,0;0,0;0,0;0,0;0,005156187582761051
2024-07-24 23:00:00;0,0;17,252587499999997;0,0;0,0;0,0;0,0;0,005156187582761051
2024-07-25 00:00:00;0,0;15,284764999999998;0,0;0,0;0,0;0,0;0,005156187582761051
2024-07-25 01:00:00;0,0;13,073717499999999;0,0;0,0;0,0;0,0;0,005156187582761051
2024-07-25 02:00:00;0,0;12,13503;0,0;0,0;0,0;0,0;0,005156187582761051
2024-07-25 03:00:00;0,0;12,242555000000001;0,0;0,0;0,0;0,0;0,005156187582761051
2024-07-25 04:00:00;0,0;14,702347499999998;0,0;0,0;0,0;0,0;0,005156187582761051
2024-07-25 05:00:00;0,9192968135837077;16,1273125;0,9192968135837077;0,9141406260009467;0,0;0,005156187582761051;0,005156187582761051
2024-07-25 06:00:00;27,665161536026908;17,0151125;17,0151125;17,0151125;10,644892848444147;0,005156187582761051;0,005156187582761051
2024-07-25 07:00:00;44,516371917318374;23,099417499999998;23,099417499999998;23,099417499999998;21,411798229735613;0,005156187582761051;0,005156187582761051
2024-07-25 08:00:00;59,04766501709046;37,0047;37,0047;37,0047;22,037808829507696;0,005156187582761051;0,005156187582761051
2024-07-25 09:00:00;99,4057923427569;44,8707;44,8707;44,8707;54,52993615517414;0,005156187582761051;0,005156187582761051
2024-07-25 10:00:00;149,82034681286675;45,899375;45,899375;45,899375;103,91581562528398;0,005156187582761051;0,005156187582761051
2024-07-25 11:00:00;139,0100945058378;47,200599999999994;47,200599999999994;47,200599999999994;91,80433831825503;0,005156187582761051;0,005156187582761051
2024-07-25 12:00:00;115,03786251998461;44,434850000000004;44,434850000000004;44,434850000000004;70,59785633240185;0,005156187582761051;0,005156187582761051
2024-07-25 13:00:00;92,18786092828476;38,7803;38,7803;38,7803;53,40240474070201;0,005156187582761051;0,005156187582761051
2024-07-25 14:00:00;74,19962476201393;37,326699999999995;37,326699999999995;37,326699999999995;36,867768574431174;0,005156187582761051;0,005156187582761051
2024-07-25 15:00:00;66,43648319560309;39,684774999999995;39,684774999999995;39,684774999999995;26,746552008020338;0,005156187582761051;0,005156187582761051
2024-07-25 16:00:00;71,96774005590935;39,803799999999995;39,803799999999995;39,803799999999995;32,158783868326594;0,005156187582761051;0,005156187582761051
2024-07-25 17:00:00;67,95153121618718;38,519825;38,519825;38,519825;29,426550028604424;0,005156187582761051;0,005156187582761051
2024-07-25 18:00:00;22,587975220171096;31,581874999999997;22,587975220171096;22,582819032588336;0,0;0,005156187582761051;0,005156187582761051
2024-07-25 19:00:00;1,8710177261626308;22,20075;1,8710177261626308;1,8658615385798698;0,0;0,005156187582761051;0,005156187582761051
2024-07-25 20:00:00;0,0;20,1139025;0,0;0,0;0,0;0,0;0,005156187582761051
2024-07-25 21:00:00;0,0;19,7407275;0,0;0,0;0,0;0,0;0,005156187582761051
2024-07-25 22:00:00;0,0;18,281837499999998;0,0;0,0;0,0;0,0;0,005156187582761051
2024-07-25 23:00:00;0,0;17,252587499999997;0,0;0,0;0,0;0,0;0,005156187582761051
2024-07-26 00:00:00;0,0;17,360055000000003;0,0;0,0;0,0;0,0;0,005156187582761051
2024-07-26 01:00:00;0,0;16,975495;0,0;0,0;0,0;0,0;0,005156187582761051
2024-07-26 02:00:00;0,0;15,5109125;0,0;0,0;0,0;0,0;0,005156187582761051
2024-07-26 03:00:00;0,0;15,1377375;0,0;0,0;0,0;0,0;0,005156187582761051
2024-07-26 04:00:00;0,84407704662424;15,720155;0,84407704662424;0,838920859041479;0,0;0,005156187582761051;0,005156187582761051
2024-07-26 05:00:00;27,66486562821039;16,3930775;16,3930775;16,3930775;11,26663194062763;0,005156187582761051;0,005156187582761051
2024-07-26 06:00:00;68,7830321806093;17,3657475;17,3657475;17,3657475;51,41212849302654;0,005156187582761051;0,005156187582761051
2024-07-26 07:00:00;111,41077245898668;25,700429999999997;25,700429999999997;25,700429999999997;85,70518627140393;0,005156187582761051;0,005156187582761051
2024-07-26 08:00:00;143,48644000024908;36,365875;36,365875;36,365875;107,1154088126663;0,005156187582761051;0,005156187582761051
2024-07-26 09:00:00;155,95673515795707;39,808975000000004;39,808975000000004;39,808975000000004;116,1426039703743;0,005156187582761051;0,005156187582761051
2024-07-26 10:00:00;157,63231316900345;40,7997;40,7997;40,7997;116,82745698142068;0,005156187582761051;0,005156187582761051
2024-07-26 11:00:00;166,56798945837608;41,838725000000004;41,838725000000004;41,838725000000004;124,7241082707933;0,005156187582761051;0,005156187582761051
2024-07-26 12:00:00;158,67908706994407;40,82155;40,82155;40,82155;117,8523808823613;0,005156187582761051;0,005156187582761051
2024-07-26 13:00:00;123,09617213337448;35,7719;35,7719;35,7719;87,31911594579172;0,005156187582761051;0,005156187582761051
2024-07-26 14:00:00;79,4593862006628;26,656425;26,656425;26,656425;52,79780501308005;0,005156187582761051;0,005156187582761051
2024-07-26 15:00:00;53,077280957068034;20,1139025;20,1139025;20,1139025;32,958222269485276;0,005156187582761051;0,005156187582761051
2024-07-26 16:00:00;79,76572476771547;17,456195;17,456195;17,456195;62,30437358013271;0,005156187582761051;0,005156187582761051
2024-07-26 17:00:00;38,99917067829683;17,043345;17,043345;17,043345;21,950669490714066;0,005156187582761051;0,005156187582761051
2024-07-26 18:00:00;14,048519497119166;17,78981;14,048519497119166;14,043363309536405;0,0;0,005156187582761051;0,005156187582761051
2024-07-26 19:00:00;3,7179189652788542;18,0273425;3,7179189652788542;3,712762777696093;0,0;0,005156187582761051;0,005156187582761051
2024-07-26 20:00:00;0,0;19,1355975;0,0;0,0;0,0;0,0;0,005156187582761051
2024-07-26 21:00:00;0,0;19,305279999999996;0,0;0,0;0,0;0,0;0,005156187582761051
2024-07-26 22:00:00;0,0;17,7389225;0,0;0,0;0,0;0,0;0,005156187582761051
2024-07-26 23:00:00;0,0;16,296995000000003;0,0;0,0;0,0;0,0;0,005156187582761051
2024-07-27 00:00:00;0,0;15,0076725;0,0;0,0;0,0;0,0;0,005156187582761051
2024-07-27 01:00:00;0,0;12,870167499999999;0,0;0,0;0,0;0,0;0,005156187582761051
2024-07-27 02:00:00;0,0;11,58648;0,0;0,0;0,0;0,0;0,005156187582761051
2024-07-27 03:00:00;0,0;10,8739975;0,0;0,0;0,0;0,0;0,005156187582761051
2024-07-27 04:00:00;0,0;10,5291125;0,0;0,0;0,0;0,0;0,005156187582761051
2024-07-27 05:00:00;11,018349478996859;10,4443;10,4443;10,4443;0,5688932914140974;0,005156187582761051;0,005156187582761051
2024-07-27 06:00:00;63,88043147650048;10,630945;10,630945;10,630945;53,24433028891772;0,005156187582761051;0,005156187582761051
2024-07-27 07:00:00;113,03234729351807;12,0162925;12,0162925;12,0162925;101,01089860593531;0,005156187582761051;0,005156187582761051
2024-07-27 08:00:00;154,2101392709458;12,169012500000001;12,169012500000001;12,169012500000001;142,03597058336302;0,005156187582761051;0,005156187582761051
2024-07-27 09:00:00;175,73669315325853;13,2603625;13,2603625;13,2603625;162,47117446567574;0,005156187582761051;0,005156187582761051
2024-07-27 10:00:00;174,9325636618645;15,0189425;15,0189425;15,0189425;159,9084649742817;0,005156187582761051;0,005156187582761051
2024-07-27 11:00:00;163,7124790289549;16,342132499999998;16,342132499999998;16,342132499999998;147,36519034137214;0,005156187582761051;0,005156187582761051
2024-07-27 12:00:00;173,25994472898336;17,4900625;17,4900625;17,4900625;155,7647260414006;0,005156187582761051;0,005156187582761051
2024-07-27 13:00:00;153,71153460010908;17,891585000000003;17,891585000000003;17,891585000000003;135,8147934125263;0,005156187582761051;0,005156187582761051
2024-07-27 14:00:00;147,33620069317857;16,51745;16,51745;16,51745;130,8135945055958;0,005156187582761051;0,005156187582761051
2024-07-27 15:00:00;112,13204776175498;14,49874;14,49874;14,49874;97,62815157417222;0,005156187582761051;0,005156187582761051
2024-07-27 16:00:00;74,18334983210532;13,5996125;13,5996125;13,5996125;60,578581144522566;0,005156187582761051;0,005156187582761051
2024-07-27 17:00:00;61,09164825970463;15,273494999999999;15,273494999999999;15,273494999999999;45,81299707212187;0,005156187582761051;0,005156187582761051
2024-07-27 18:00:00;39,51323653254677;17,05473;17,05473;17,05473;22,453350344964008;0,005156187582761051;0,005156187582761051
2024-07-27 19:00:00;8,911567200021658;17,8180425;8,911567200021658;8,906411012438896;0,0;0,005156187582761051;0,005156187582761051
2024-07-27 20:00:00;0,0;18,796405;0,0;0,0;0,0;0,0;0,005156187582761051
2024-07-27 21:00:00;0,0;18,491022499999996;0,0;0,0;0,0;0,0;0,005156187582761051
2024-07-27 22:00:00;0,0;16,8115625;0,0;0,0;0,0;0,0;0,005156187582761051
2024-07-27 23:00:00;0,0;14,8776075;0,0;0,0;0,0;0,0;0,005156187582761051
2024-07-28 00:00:00;0,0;15,284764999999998;0,0;0,0;0,0;0,0;0,005156187582761051
2024-07-28 01:00:00;0,0;13,073717499999999;0,0;0,0;0,0;0,0;0,005156187582761051
2024-07-28 02:00:00;0,0;12,13503;0,0;0,0;0,0;0,0;0,005156187582761051
2024-07-28 03:00:00;0,0;12,242555000000001;0,0;0,0;0,0;0,0;0,005156187582761051
2024-07-28 04:00:00;0,7040830586284722;14,702347499999998;0,7040830586284722;0,6989268710457112;0,0;0,005156187582761051;0,005156187582761051
2024-07-28 05:00:00;25,463607381115658;16,1273125;16,1273125;16,1273125;9,3311386935329;0,005156187582761051;0,005156187582761051
2024-07-28 06:00:00;67,30053401984244;17,0151125;17,0151125;17,0151125;50,28026533225969;0,005156187582761051;0,005156187582761051
2024-07-28 07:00:00;111,22804938228535;23,099417499999998;23,099417499999998;23,099417499999998;88,12347569470259;0,005156187582761051;0,005156187582761051
2024-07-28 08:00:00;151,80810757034206;37,0047;37,0047;37,0047;114,79825138275929;0,005156187582761051;0,005156187582761051
2024-07-28 09:00:00;182,9176360906656;44,8707;44,8707;44,8707;138,04177990308284;0,005156187582761051;0,005156187582761051
2024-07-28 10:00:00;204,78004534472888;45,899375;45,899375;45,899375;158,8755141571461;0,005156187582761051;0,005156187582761051
2024-07-28 11:00:00;217,15491023160902;47,200599999999994;47,200599999999994;47,200599999999994;169,94915404402627;0,005156187582761051;0,005156187582761051
2024-07-28 12:00:00;218,93183666981366;44,434850000000004;44,434850000000004;44,434850000000004;174,49183048223088;0,005156187582761051;0,005156187582761051
2024-07-28 13:00:00;210,74554692577868;38,7803;38,7803;38,7803;171,9600907381959;0,005156187582761051;0,005156187582761051
2024-07-28 14:00:00;191,83851698921222;37,326699999999995;37,326699999999995;37,326699999999995;154,50666080162947;0,005156187582761051;0,005156187582761051
2024-07-28 15:00:00;162,10052119846043;39,684774999999995;39,684774999999995;39,684774999999995;122,41059001087766;0,005156187582761051;0,005156187582761051
2024-07-28 16:00:00;125,92653039839144;39,803799999999995;39,803799999999995;39,803799999999995;86,11757421080868;0,005156187582761051;0,005156187582761051
2024-07-28 17:00:00;83,69900544185779;38,519825;38,519825;38,519825;45,17402425427504;0,005156187582761051;0,005156187582761051
2024-07-28 18:00:00;37,97525565618236;31,581874999999997;31,581874999999997;31,581874999999997;6,388224468599603;0,005156187582761051;0,005156187582761051
2024-07-28 19:00:00;7,723608282123729;22,20075;7,723608282123729;7,718452094540968;0,0;0,005156187582761051;0,005156187582761051
2024-07-28 20:00:00;0,0;20,1139025;0,0;0,0;0,0;0,0;0,005156187582761051
2024-07-28 21:00:00;0,0;19,7407275;0,0;0,0;0,0;0,0;0,005156187582761051
2024-07-28 22:00:00;0,0;18,281837499999998;0,0;0,0;0,0;0,0;0,005156187582761051
2024-07-28 23:00:00;0,0;17,252587499999997;0,0;0,0;0,0;0,0;0,005156187582761051
2024-07-29 00:00:00;0,0;15,284764999999998;0,0;0,0;0,0;0,0;0,005156187582761051
2024-07-29 01:00:00;0,0;13,073717499999999;0,0;0,0;0,0;0,0;0,005156187582761051
2024-07-29 02:00:00;0,0;12,13503;0,0;0,0;0,0;0,0;0,005156187582761051
2024-07-29 03:00:00;0,0;12,242555000000001;0,0;0,0;0,0;0,0;0,005156187582761051
2024-07-29 04:00:00;0,3544013941509857;14,702347499999998;0,3544013941509857;0,34924520656822466;0,0;0,005156187582761051;0,005156187582761051
2024-07-29 05:00:00;23,342466175343805;16,1273125;16,1273125;16,1273125;7,209997487761047;0,005156187582761051;0,005156187582761051
2024-07-29 06:00:00;65,23361792144794;17,0151125;17,0151125;17,0151125;48,21334923386519;0,005156187582761051;0,005156187582761051
2024-07-29 07:00:00;108,4775862277289;23,099417499999998;23,099417499999998;23,099417499999998;85,37301254014615;0,005156187582761051;0,005156187582761051
2024-07-29 08:00:00;148,09150539484673;37,0047;37,0047;37,0047;111,08164920726396;0,005156187582761051;0,005156187582761051
2024-07-29 09:00:00;180,30403030124978;44,8707;44,8707;44,8707;135,428174113667;0,005156187582761051;0,005156187582761051
2024-07-29 10:00:00;202,06805020631998;45,899375;45,899375;45,899375;156,16351901873722;0,005156187582761051;0,005156187582761051
2024-07-29 11:00:00;214,84313041504396;47,200599999999994;47,200599999999994;47,200599999999994;167,63737422746118;0,005156187582761051;0,005156187582761051
2024-07-29 12:00:00;216,19173028883537;44,434850000000004;44,434850000000004;44,434850000000004;171,7517241012526;0,005156187582761051;0,005156187582761051
2024-07-29 13:00:00;207,96771229819407;38,7803;38,7803;38,7803;169,18225611061132;0,005156187582761051;0,005156187582761051
2024-07-29 14:00:00;189,7316533355875;37,326699999999995;37,326699999999995;37,326699999999995;152,39979714800475;0,005156187582761051;0,005156187582761051
2024-07-29 15:00:00;161,07520061421747;39,684774999999995;39,684774999999995;39,684774999999995;121,3852694266347;0,005156187582761051;0,005156187582761051
2024-07-29 16:00:00;125,45455743104152;39,803799999999995;39,803799999999995;39,803799999999995;85,64560124345877;0,005156187582761051;0,005156187582761051
2024-07-29 17:00:00;82,71363241284512;38,519825;38,519825;38,519825;44,18865122526236;0,005156187582761051;0,005156187582761051
2024-07-29 18:00:00;36,657282241400814;31,581874999999997;31,581874999999997;31,581874999999997;5,070251053818055;0,005156187582761051;0,005156187582761051
2024-07-29 19:00:00;7,504333192386752;22,20075;7,504333192386752;7,4991770048039905;0,0;0,005156187582761051;0,005156187582761051
2024-07-29 20:00:00;0,0;20,1139025;0,0;0,0;0,0;0,0;0,005156187582761051
2024-07-29 21:00:00;0,0;19,7407275;0,0;0,0;0,0;0,0;0,005156187582761051
2024-07-29 22:00:00;0,0;18,281837499999998;0,0;0,0;0,0;0,0;0,005156187582761051
2024-07-29 23:00:00;0,0;17,252587499999997;0,0;0,0;0,0;0,0;0,005156187582761051
2024-07-30 00:00:00;0,0;15,284764999999998;0,0;0,0;0,0;0,0;0,005156187582761051
2024-07-30 01:00:00;0,0;13,073717499999999;0,0;0,0;0,0;0,0;0,005156187582761051
2024-07-30 02:00:00;0,0;12,13503;0,0;0,0;0,0;0,0;0,005156187582761051
2024-07-30 03:00:00;0,0;12,242555000000001;0,0;0,0;0,0;0,0;0,005156187582761051
2024-07-30 04:00:00;0,0;14,702347499999998;0,0;0,0;0,0;0,0;0,005156187582761051
2024-07-30 05:00:00;18,699894465002224;16,1273125;16,1273125;16,1273125;2,5674257774194658;0,005156187582761051;0,005156187582761051
2024-07-30 06:00:00;60,3555775661103;17,0151125;17,0151125;17,0151125;43,335308878527535;0,005156187582761051;0,005156187582761051
2024-07-30 07:00:00;107,04465262622921;23,099417499999998;23,099417499999998;23,099417499999998;83,94007893864645;0,005156187582761051;0,005156187582761051
2024-07-30 08:00:00;146,53577004949108;37,0047;37,0047;37,0047;109,52591386190831;0,005156187582761051;0,005156187582761051
2024-07-30 09:00:00;177,9744960156935;44,8707;44,8707;44,8707;133,09863982811072;0,005156187582761051;0,005156187582761051
2024-07-30 10:00:00;201,02349561400328;45,899375;45,899375;45,899375;155,11896442642052;0,005156187582761051;0,005156187582761051
2024-07-30 11:00:00;206,86175683394936;47,200599999999994;47,200599999999994;47,200599999999994;159,65600064636658;0,005156187582761051;0,005156187582761051
2024-07-30 12:00:00;154,6281090617808;44,434850000000004;44,434850000000004;44,434850000000004;110,18810287419802;0,005156187582761051;0,005156187582761051
2024-07-30 13:00:00;166,24249086020373;38,7803;38,7803;38,7803;127,45703467262096;0,005156187582761051;0,005156187582761051
2024-07-30 14:00:00;159,78356299510625;37,326699999999995;37,326699999999995;37,326699999999995;122,4517068075235;0,005156187582761051;0,005156187582761051
2024-07-30 15:00:00;132,60516981725527;39,684774999999995;39,684774999999995;39,684774999999995;92,9152386296725;0,005156187582761051;0,005156187582761051
2024-07-30 16:00:00;96,18039714268532;39,803799999999995;39,803799999999995;39,803799999999995;56,37144095510257;0,005156187582761051;0,005156187582761051
2024-07-30 17:00:00;43,39029472155026;38,519825;38,519825;38,519825;4,865313533967502;0,005156187582761051;0,005156187582761051
2024-07-30 18:00:00;8,765529294873462;31,581874999999997;8,765529294873462;8,7603731072907;0,0;0,005156187582761051;0,005156187582761051
2024-07-30 19:00:00;3,0650723450808774;22,20075;3,0650723450808774;3,059916157498116;0,0;0,005156187582761051;0,005156187582761051
2024-07-30 20:00:00;0,0;20,1139025;0,0;0,0;0,0;0,0;0,005156187582761051
2024-07-30 21:00:00;0,0;19,7407275;0,0;0,0;0,0;0,0;0,005156187582761051
2024-07-30 22:00:00;0,0;18,281837499999998;0,0;0,0;0,0;0,0;0,005156187582761051
2024-07-30 23:00:00;0,0;17,252587499999997;0,0;0,0;0,0;0,0;0,005156187582761051
2024-07-31 00:00:00;0,0;15,284764999999998;0,0;0,0;0,0;0,0;0,005156187582761051
2024-07-31 01:00:00;0,0;13,073717499999999;0,0;0,0;0,0;0,0;0,005156187582761051
2024-07-31 02:00:00;0,0;12,13503;0,0;0,0;0,0;0,0;0,005156187582761051
2024-07-31 03:00:00;0,0;12,242555000000001;0,0;0,0;0,0;0,0;0,005156187582761051
2024-07-31 04:00:00;0,0;14,702347499999998;0,0;0,0;0,0;0,0;0,005156187582761051
2024-07-31 05:00:00;3,0071927761695005;16,1273125;3,0071927761695005;3,0020365885867393;0,0;0,005156187582761051;0,005156187582761051
2024-07-31 06:00:00;22,518362906334684;17,0151125;17,0151125;17,0151125;5,498094218751923;0,005156187582761051;0,005156187582761051
2024-07-31 07:00:00;43,26986024022649;23,099417499999998;23,099417499999998;23,099417499999998;20,16528655264373;0,005156187582761051;0,005156187582761051
2024-07-31 08:00:00;71,54237256966137;37,0047;37,0047;37,0047;34,53251638207861;0,005156187582761051;0,005156187582761051
2024-07-31 09:00:00;124,59420545450865;44,8707;44,8707;44,8707;79,7183492669259;0,005156187582761051;0,005156187582761051
2024-07-31 10:00:00;141,75315996498125;45,899375;45,899375;45,899375;95,84862877739849;0,005156187582761051;0,005156187582761051
2024-07-31 11:00:00;135,01681852189597;47,200599999999994;47,200599999999994;47,200599999999994;87,8110623343132;0,005156187582761051;0,005156187582761051
2024-07-31 12:00:00;128,80275437496903;44,434850000000004;44,434850000000004;44,434850000000004;84,36274818738625;0,005156187582761051;0,005156187582761051
2024-07-31 13:00:00;133,0764030150639;38,7803;38,7803;38,7803;94,29094682748114;0,005156187582761051;0,005156187582761051
2024-07-31 14:00:00;117,84084931197343;37,326699999999995;37,326699999999995;37,326699999999995;80,50899312439068;0,005156187582761051;0,005156187582761051
2024-07-31 15:00:00;123,33215861704946;39,684774999999995;39,684774999999995;39,684774999999995;83,64222742946671;0,005156187582761051;0,005156187582761051
2024-07-31 16:00:00;105,83291011757848;39,803799999999995;39,803799999999995;39,803799999999995;66,02395392999573;0,005156187582761051;0,005156187582761051
2024-07-31 17:00:00;72,23649833026393;38,519825;38,519825;38,519825;33,711517142681174;0,005156187582761051;0,005156187582761051
2024-07-31 18:00:00;38,964993325488734;31,581874999999997;31,581874999999997;31,581874999999997;7,377962137905975;0,005156187582761051;0,005156187582761051
2024-07-31 19:00:00;5,514523273282034;22,20075;5,514523273282034;5,509367085699273;0,0;0,005156187582761051;0,005156187582761051
2024-07-31 20:00:00;0,0;20,1139025;0,0;0,0;0,0;0,0;0,005156187582761051
2024-07-31 21:00:00;0,0;19,7407275;0,0;0,0;0,0;0,0;0,005156187582761051
2024-07-31 22:00:00;0,0;18,281837499999998;0,0;0,0;0,0;0,0;0,005156187582761051
2024-07-31 23:00:00;0,0;17,252587499999997;0,0;0,0;0,0;0,0;0,005156187582761051
2024-08-01 00:00:00;0,0;15,284764999999998;0,0;0,0;0,0;0,0;0,005156187582761051
2024-08-01 01:00:00;0,0;13,073717499999999;0,0;0,0;0,0;0,0;0,005156187582761051
2024-08-01 02:00:00;0,0;12,13503;0,0;0,0;0,0;0,0;0,005156187582761051
2024-08-01 03:00:00;0,0;12,242555000000001;0,0;0,0;0,0;0,0;0,005156187582761051
2024-08-01 04:00:00;0,0;14,702347499999998;0,0;0,0;0,0;0,0;0,005156187582761051
2024-08-01 05:00:00;19,095967077414688;16,1273125;16,1273125;16,1273125;2,96349838983193;0,005156187582761051;0,005156187582761051
2024-08-01 06:00:00;62,538637482489044;17,0151125;17,0151125;17,0151125;45,51836879490628;0,005156187582761051;0,005156187582761051
2024-08-01 07:00:00;107,04243331760532;23,099417499999998;23,099417499999998;23,099417499999998;83,93785963002256;0,005156187582761051;0,005156187582761051
2024-08-01 08:00:00;112,70536915626312;37,0047;37,0047;37,0047;75,69551296868036;0,005156187582761051;0,005156187582761051
2024-08-01 09:00:00;152,25270906466386;44,8707;44,8707;44,8707;107,37685287708109;0,005156187582761051;0,005156187582761051
2024-08-01 10:00:00;203,47657141295676;45,899375;45,899375;45,899375;157,572040225374;0,005156187582761051;0,005156187582761051
2024-08-01 11:00:00;212,3012822711343;47,200599999999994;47,200599999999994;47,200599999999994;165,09552608355153;0,005156187582761051;0,005156187582761051
2024-08-01 12:00:00;206,7234199297261;44,434850000000004;44,434850000000004;44,434850000000004;162,28341374214332;0,005156187582761051;0,005156187582761051
2024-08-01 13:00:00;203,98331354874787;38,7803;38,7803;38,7803;165,19785736116512;0,005156187582761051;0,005156187582761051
2024-08-01 14:00:00;178,05365135661265;37,326699999999995;37,326699999999995;37,326699999999995;140,7217951690299;0,005156187582761051;0,005156187582761051
2024-08-01 15:00:00;130,5819001217975;39,684774999999995;39,684774999999995;39,684774999999995;90,89196893421473;0,005156187582761051;0,005156187582761051
2024-08-01 16:00:00;60,92815919107716;39,803799999999995;39,803799999999995;39,803799999999995;21,1192030034944;0,005156187582761051;0,005156187582761051
2024-08-01 17:00:00;34,11143934196816;38,519825;34,11143934196816;34,106283154385395;0,0;0,005156187582761051;0,005156187582761051
2024-08-01 18:00:00;14,920633809358707;31,581874999999997;14,920633809358707;14,915477621775945;0,0;0,005156187582761051;0,005156187582761051
2024-08-01 19:00:00;0,8970371480859659;22,20075;0,8970371480859659;0,8918809605032049;0,0;0,005156187582761051;0,005156187582761051
2024-08-01 20:00:00;0,0;20,1139025;0,0;0,0;0,0;0,0;0,005156187582761051
2024-08-01 21:00:00;0,0;19,7407275;0,0;0,0;0,0;0,0;0,005156187582761051
2024-08-01 22:00:00;0,0;18,281837499999998;0,0;0,0;0,0;0,0;0,005156187582761051
2024-08-01 23:00:00;0,0;17,252587499999997;0,0;0,0;0,0;0,0;0,005156187582761051
2024-08-02 00:00:00;0,0;17,360055000000003;0,0;0,0;0,0;0,0;0,005156187582761051
2024-08-02 01:00:00;0,0;16,975495;0,0;0,0;0,0;0,0;0,005156187582761051
2024-08-02 02:00:00;0,0;15,5109125;0,0;0,0;0,0;0,0;0,005156187582761051
2024-08-02 03:00:00;0,0;15,1377375;0,0;0,0;0,0;0,0;0,005156187582761051
2024-08-02 04:00:00;0,0;15,720155;0,0;0,0;0,0;0,0;0,005156187582761051
2024-08-02 05:00:00;5,507584234984632;16,3930775;5,507584234984632;5,502428047401871;0,0;0,005156187582761051;0,005156187582761051
2024-08-02 06:00:00;9,36555636982256;17,3657475;9,36555636982256;9,360400182239799;0,0;0,005156187582761051;0,005156187582761051
2024-08-02 07:00:00;30,476137839061785;25,700429999999997;25,700429999999997;25,700429999999997;4,770551651479028;0,005156187582761051;0,005156187582761051
2024-08-02 08:00:00;48,3017726601547;36,365875;36,365875;36,365875;11,930741472571931;0,005156187582761051;0,005156187582761051
2024-08-02 09:00:00;105,90022914583686;39,808975000000004;39,808975000000004;39,808975000000004;66,0860979582541;0,005156187582761051;0,005156187582761051
2024-08-02 10:00:00;156,01739626034376;40,7997;40,7997;40,7997;115,21254007276099;0,005156187582761051;0,005156187582761051
2024-08-02 11:00:00;175,76406462628663;41,838725000000004;41,838725000000004;41,838725000000004;133,92018343870384;0,005156187582761051;0,005156187582761051
2024-08-02 12:00:00;173,02025939760188;40,82155;40,82155;40,82155;132,1935532100191;0,005156187582761051;0,005156187582761051
2024-08-02 13:00:00;148,9888458484446;35,7719;35,7719;35,7719;113,21178966086184;0,005156187582761051;0,005156187582761051
2024-08-02 14:00:00;62,03559419440449;26,656425;26,656425;26,656425;35,37401300682173;0,005156187582761051;0,005156187582761051
2024-08-02 15:00:00;32,606600141054024;20,1139025;20,1139025;20,1139025;12,487541453471263;0,005156187582761051;0,005156187582761051
2024-08-02 16:00:00;36,85383900852444;17,456195;17,456195;17,456195;19,392487820941675;0,005156187582761051;0,005156187582761051
2024-08-02 17:00:00;30,96793663011857;17,043345;17,043345;17,043345;13,91943544253581;0,005156187582761051;0,005156187582761051
2024-08-02 18:00:00;22,792595475294902;17,78981;17,78981;17,78981;4,997629287712144;0,005156187582761051;0,005156187582761051
2024-08-02 19:00:00;5,409697929279708;18,0273425;5,409697929279708;5,404541741696947;0,0;0,005156187582761051;0,005156187582761051
2024-08-02 20:00:00;0,0;19,1355975;0,0;0,0;0,0;0,0;0,005156187582761051
2024-08-02 21:00:00;0,0;19,305279999999996;0,0;0,0;0,0;0,0;0,005156187582761051
2024-08-02 22:00:00;0,0;17,7389225;0,0;0,0;0,0;0,0;0,005156187582761051
2024-08-02 23:00:00;0,0;16,296995000000003;0,0;0,0;0,0;0,0;0,005156187582761051
2024-08-03 00:00:00;0,0;15,0076725;0,0;0,0;0,0;0,0;0,005156187582761051
2024-08-03 01:00:00;0,0;12,870167499999999;0,0;0,0;0,0;0,0;0,005156187582761051
2024-08-03 02:00:00;0,0;11,58648;0,0;0,0;0,0;0,0;0,005156187582761051
2024-08-03 03:00:00;0,0;10,8739975;0,0;0,0;0,0;0,0;0,005156187582761051
2024-08-03 04:00:00;0,0;10,5291125;0,0;0,0;0,0;0,0;0,005156187582761051
2024-08-03 05:00:00;2,7846996889278652;10,4443;2,7846996889278652;2,779543501345104;0,0;0,005156187582761051;0,005156187582761051
2024-08-03 06:00:00;31,038658598266924;10,630945;10,630945;10,630945;20,402557410684164;0,005156187582761051;0,005156187582761051
2024-08-03 07:00:00;84,61557990352952;12,0162925;12,0162925;12,0162925;72,59413121594676;0,005156187582761051;0,005156187582761051
2024-08-03 08:00:00;99,10174706128225;12,169012500000001;12,169012500000001;12,169012500000001;86,9275783736995;0,005156187582761051;0,005156187582761051
2024-08-03 09:00:00;60,914843339333736;13,2603625;13,2603625;13,2603625;47,64932465175097;0,005156187582761051;0,005156187582761051
2024-08-03 10:00:00;77,30073867914697;15,0189425;15,0189425;15,0189425;62,27663999156422;0,005156187582761051;0,005156187582761051
2024-08-03 11:00:00;87,99262785956779;16,342132499999998;16,342132499999998;16,342132499999998;71,64533917198503;0,005156187582761051;0,005156187582761051
2024-08-03 12:00:00;121,7660664981156;17,4900625;17,4900625;17,4900625;104,27084781053284;0,005156187582761051;0,005156187582761051
2024-08-03 13:00:00;120,9737733193824;17,891585000000003;17,891585000000003;17,891585000000003;103,07703213179964;0,005156187582761051;0,005156187582761051
2024-08-03 14:00:00;98,98708278238064;16,51745;16,51745;16,51745;82,46447659479789;0,005156187582761051;0,005156187582761051
2024-08-03 15:00:00;90,50044660457759;14,49874;14,49874;14,49874;75,99655041699484;0,005156187582761051;0,005156187582761051
2024-08-03 16:00:00;52,8664466377973;13,5996125;13,5996125;13,5996125;39,26167795021454;0,005156187582761051;0,005156187582761051
2024-08-03 17:00:00;38,345214403786905;15,273494999999999;15,273494999999999;15,273494999999999;23,066563216204145;0,005156187582761051;0,005156187582761051
2024-08-03 18:00:00;8,237896067236061;17,05473;8,237896067236061;8,2327398796533;0,0;0,005156187582761051;0,005156187582761051
2024-08-03 19:00:00;0,008499952029546466;17,8180425;0,008499952029546466;0,003343764446785415;0,0;0,005156187582761051;0,005156187582761051
2024-08-03 20:00:00;0,0;18,796405;0,0;0,0;0,0;0,0;0,005156187582761051
2024-08-03 21:00:00;0,0;18,491022499999996;0,0;0,0;0,0;0,0;0,005156187582761051
2024-08-03 22:00:00;0,0;16,8115625;0,0;0,0;0,0;0,0;0,005156187582761051
2024-08-03 23:00:00;0,0;14,8776075;0,0;0,0;0,0;0,0;0,005156187582761051
2024-08-04 00:00:00;0,0;15,284764999999998;0,0;0,0;0,0;0,0;0,005156187582761051
2024-08-04 01:00:00;0,0;13,073717499999999;0,0;0,0;0,0;0,0;0,005156187582761051
2024-08-04 02:00:00;0,0;12,13503;0,0;0,0;0,0;0,0;0,005156187582761051
2024-08-04 03:00:00;0,0;12,242555000000001;0,0;0,0;0,0;0,0;0,005156187582761051
2024-08-04 04:00:00;0,0;14,702347499999998;0,0;0,0;0,0;0,0;0,005156187582761051
2024-08-04 05:00:00;2,3637190360598055;16,1273125;2,3637190360598055;2,3585628484770442;0,0;0,005156187582761051;0,005156187582761051
2024-08-04 06:00:00;30,40452814746386;17,0151125;17,0151125;17,0151125;13,3842594598811;0,005156187582761051;0,005156187582761051
2024-08-04 07:00:00;70,24777587238493;23,099417499999998;23,099417499999998;23,099417499999998;47,14320218480218;0,005156187582761051;0,005156187582761051
2024-08-04 08:00:00;106,7709378959479;37,0047;37,0047;37,0047;69,76108170836514;0,005156187582761051;0,005156187582761051
2024-08-04 09:00:00;150,0681696092025;44,8707;44,8707;44,8707;105,19231342161973;0,005156187582761051;0,005156187582761051
2024-08-04 10:00:00;185,34925857292143;45,899375;45,899375;45,899375;139,44472738533867;0,005156187582761051;0,005156187582761051
2024-08-04 11:00:00;176,9721082872309;47,200599999999994;47,200599999999994;47,200599999999994;129,76635209964815;0,005156187582761051;0,005156187582761051
2024-08-04 12:00:00;136,89731269588265;44,434850000000004;44,434850000000004;44,434850000000004;92,45730650829987;0,005156187582761051;0,005156187582761051
2024-08-04 13:00:00;142,25250440535933;38,7803;38,7803;38,7803;103,46704821777656;0,005156187582761051;0,005156187582761051
2024-08-04 14:00:00;137,63634246764218;37,326699999999995;37,326699999999995;37,326699999999995;100,30448628005942;0,005156187582761051;0,005156187582761051
2024-08-04 15:00:00;65,60202315301576;39,684774999999995;39,684774999999995;39,684774999999995;25,912091965433014;0,005156187582761051;0,005156187582761051
2024-08-04 16:00:00;64,70468269941786;39,803799999999995;39,803799999999995;39,803799999999995;24,895726511835107;0,005156187582761051;0,005156187582761051
2024-08-04 17:00:00;50,08165817652447;38,519825;38,519825;38,519825;11,55667698894171;0,005156187582761051;0,005156187582761051
2024-08-04 18:00:00;34,895669032701164;31,581874999999997;31,581874999999997;31,581874999999997;3,3086378451184046;0,005156187582761051;0,005156187582761051
2024-08-04 19:00:00;7,6572509542690455;22,20075;7,6572509542690455;7,652094766686284;0,0;0,005156187582761051;0,005156187582761051
2024-08-04 20:00:00;0,0;20,1139025;0,0;0,0;0,0;0,0;0,005156187582761051
2024-08-04 21:00:00;0,0;19,7407275;0,0;0,0;0,0;0,0;0,005156187582761051
2024-08-04 22:00:00;0,0;18,281837499999998;0,0;0,0;0,0;0,0;0,005156187582761051
2024-08-04 23:00:00;0,0;17,252587499999997;0,0;0,0;0,0;0,0;0,005156187582761051
2024-08-05 00:00:00;0,0;15,284764999999998;0,0;0,0;0,0;0,0;0,005156187582761051
2024-08-05 01:00:00;0,0;13,073717499999999;0,0;0,0;0,0;0,0;0,005156187582761051
2024-08-05 02:00:00;0,0;12,13503;0,0;0,0;0,0;0,0;0,005156187582761051
2024-08-05 03:00:00;0,0;12,242555000000001;0,0;0,0;0,0;0,0;0,005156187582761051
2024-08-05 04:00:00;0,0;14,702347499999998;0,0;0,0;0,0;0,0;0,005156187582761051
2024-08-05 05:00:00;13,396634577324878;16,1273125;13,396634577324878;13,391478389742117;0,0;0,005156187582761051;0,005156187582761051
2024-08-05 06:00:00;42,04036326258451;17,0151125;17,0151125;17,0151125;25,02009457500175;0,005156187582761051;0,005156187582761051
2024-08-05 07:00:00;79,90768654269108;23,099417499999998;23,099417499999998;23,099417499999998;56,803112855108324;0,005156187582761051;0,005156187582761051
2024-08-05 08:00:00;117,07370829764447;37,0047;37,0047;37,0047;80,06385211006172;0,005156187582761051;0,005156187582761051
2024-08-05 09:00:00;159,48395633087944;44,8707;44,8707;44,8707;114,60810014329667;0,005156187582761051;0,005156187582761051
2024-08-05 10:00:00;162,1678402267188;45,899375;45,899375;45,899375;116,26330903913603;0,005156187582761051;0,005156187582761051
2024-08-05 11:00:00;161,86305517570287;47,200599999999994;47,200599999999994;47,200599999999994;114,6572989881201;0,005156187582761051;0,005156187582761051
2024-08-05 12:00:00;113,15736834599791;44,434850000000004;44,434850000000004;44,434850000000004;68,71736215841514;0,005156187582761051;0,005156187582761051
2024-08-05 13:00:00;90,90658008275174;38,7803;38,7803;38,7803;52,12112389516899;0,005156187582761051;0,005156187582761051
2024-08-05 14:00:00;55,14612045626992;37,326699999999995;37,326699999999995;37,326699999999995;17,81426426868716;0,005156187582761051;0,005156187582761051
2024-08-05 15:00:00;73,85119330806124;39,684774999999995;39,684774999999995;39,684774999999995;34,16126212047849;0,005156187582761051;0,005156187582761051
2024-08-05 16:00:00;32,88216429518858;39,803799999999995;32,88216429518858;32,87700810760582;0,0;0,005156187582761051;0,005156187582761051
2024-08-05 17:00:00;35,28774688959061;38,519825;35,28774688959061;35,282590702007845;0,0;0,005156187582761051;0,005156187582761051
2024-08-05 18:00:00;18,728301615388176;31,581874999999997;18,728301615388176;18,723145427805417;0,0;0,005156187582761051;0,005156187582761051
2024-08-05 19:00:00;2,0667903375724808;22,20075;2,0667903375724808;2,0616341499897195;0,0;0,005156187582761051;0,005156187582761051
2024-08-05 20:00:00;0,0;20,1139025;0,0;0,0;0,0;0,0;0,005156187582761051
2024-08-05 21:00:00;0,0;19,7407275;0,0;0,0;0,0;0,0;0,005156187582761051
2024-08-05 22:00:00;0,0;18,281837499999998;0,0;0,0;0,0;0,0;0,005156187582761051
2024-08-05 23:00:00;0,0;17,252587499999997;0,0;0,0;0,0;0,0;0,005156187582761051
2024-08-06 00:00:00;0,0;15,284764999999998;0,0;0,0;0,0;0,0;0,005156187582761051
2024-08-06 01:00:00;0,0;13,073717499999999;0,0;0,0;0,0;0,0;0,005156187582761051
2024-08-06 02:00:00;0,0;12,13503;0,0;0,0;0,0;0,0;0,005156187582761051
2024-08-06 03:00:00;0,0;12,242555000000001;0,0;0,0;0,0;0,0;0,005156187582761051
2024-08-06 04:00:00;0,0;14,702347499999998;0,0;0,0;0,0;0,0;0,005156187582761051
2024-08-06 05:00:00;0,5098121793874627;16,1273125;0,5098121793874627;0,5046559918047017;0,0;0,005156187582761051;0,005156187582761051
2024-08-06 06:00:00;8,643615274467086;17,0151125;8,643615274467086;8,638459086884325;0,0;0,005156187582761051;0,005156187582761051
2024-08-06 07:00:00;22,413759493194753;23,099417499999998;22,413759493194753;22,408603305611994;0,0;0,005156187582761051;0,005156187582761051
2024-08-06 08:00:00;50,14143155546157;37,0047;37,0047;37,0047;13,13157536787881;0,005156187582761051;0,005156187582761051
2024-08-06 09:00:00;110,0865849800582;44,8707;44,8707;44,8707;65,21072879247545;0,005156187582761051;0,005156187582761051
2024-08-06 10:00:00;93,36927288574218;45,899375;45,899375;45,899375;47,46474169815942;0,005156187582761051;0,005156187582761051
2024-08-06 11:00:00;123,27889521007577;47,200599999999994;47,200599999999994;47,200599999999994;76,07313902249302;0,005156187582761051;0,005156187582761051
2024-08-06 12:00:00;139,9170519634726;44,434850000000004;44,434850000000004;44,434850000000004;95,47704577588982;0,005156187582761051;0,005156187582761051
2024-08-06 13:00:00;116,91391807672349;38,7803;38,7803;38,7803;78,12846188914074;0,005156187582761051;0,005156187582761051
2024-08-06 14:00:00;101,53558885216195;37,326699999999995;37,326699999999995;37,326699999999995;64,2037326645792;0,005156187582761051;0,005156187582761051
2024-08-06 15:00:00;118,07239717840059;39,684774999999995;39,684774999999995;39,684774999999995;78,38246599081785;0,005156187582761051;0,005156187582761051
2024-08-06 16:00:00;78,17810535512976;39,803799999999995;39,803799999999995;39,803799999999995;38,36914916754701;0,005156187582761051;0,005156187582761051
2024-08-06 17:00:00;50,142245301957004;38,519825;38,519825;38,519825;11,617264114374244;0,005156187582761051;0,005156187582761051
2024-08-06 18:00:00;17,777105939183578;31,581874999999997;17,777105939183578;17,77194975160082;0,0;0,005156187582761051;0,005156187582761051
2024-08-06 19:00:00;0,5753779538329549;22,20075;0,5753779538329549;0,5702217662501938;0,0;0,005156187582761051;0,005156187582761051
2024-08-06 20:00:00;0,0;20,1139025;0,0;0,0;0,0;0,0;0,005156187582761051
2024-08-06 21:00:00;0,0;19,7407275;0,0;0,0;0,0;0,0;0,005156187582761051
2024-08-06 22:00:00;0,0;18,281837499999998;0,0;0,0;0,0;0,0;0,005156187582761051
2024-08-06 23:00:00;0,0;17,252587499999997;0,0;0,0;0,0;0,0;0,005156187582761051
2024-08-07 00:00:00;0,0;15,284764999999998;0,0;0,0;0,0;0,0;0,005156187582761051
2024-08-07 01:00:00;0,0;13,073717499999999;0,0;0,0;0,0;0,0;0,005156187582761051
2024-08-07 02:00:00;0,0;12,13503;0,0;0,0;0,0;0,0;0,005156187582761051
2024-08-07 03:00:00;0,0;12,242555000000001;0,0;0,0;0,0;0,0;0,005156187582761051
2024-08-07 04:00:00;0,0;14,702347499999998;0,0;0,0;0,0;0,0;0,005156187582761051
2024-08-07 05:00:00;0,5308660205328843;16,1273125;0,5308660205328843;0,5257098329501233;0,0;0,005156187582761051;0,005156187582761051
2024-08-07 06:00:00;13,815935953334185;17,0151125;13,815935953334185;13,810779765751423;0,0;0,005156187582761051;0,005156187582761051
2024-08-07 07:00:00;38,940950815396455;23,099417499999998;23,099417499999998;23,099417499999998;15,836377127813694;0,005156187582761051;0,005156187582761051
2024-08-07 08:00:00;39,752256071341066;37,0047;37,0047;37,0047;2,742399883758303;0,005156187582761051;0,005156187582761051
2024-08-07 09:00:00;98,66306372329089;44,8707;44,8707;44,8707;53,787207535708134;0,005156187582761051;0,005156187582761051
2024-08-07 10:00:00;148,1662221185181;45,899375;45,899375;45,899375;102,26169093093534;0,005156187582761051;0,005156187582761051
2024-08-07 11:00:00;84,01192795782806;47,200599999999994;47,200599999999994;47,200599999999994;36,806171770245314;0,005156187582761051;0,005156187582761051
2024-08-07 12:00:00;162,1730186135079;44,434850000000004;44,434850000000004;44,434850000000004;117,73301242592512;0,005156187582761051;0,005156187582761051
2024-08-07 13:00:00;184,76853948300024;38,7803;38,7803;38,7803;145,9830832954175;0,005156187582761051;0,005156187582761051
2024-08-07 14:00:00;144,53691274889627;37,326699999999995;37,326699999999995;37,326699999999995;107,20505656131351;0,005156187582761051;0,005156187582761051
2024-08-07 15:00:00;121,25266643645283;39,684774999999995;39,684774999999995;39,684774999999995;81,56273524887007;0,005156187582761051;0,005156187582761051
2024-08-07 16:00:00;91,03308067431416;39,803799999999995;39,803799999999995;39,803799999999995;51,22412448673141;0,005156187582761051;0,005156187582761051
2024-08-07 17:00:00;66,37952094092292;38,519825;38,519825;38,519825;27,854539753340163;0,005156187582761051;0,005156187582761051
2024-08-07 18:00:00;33,2176497821685;31,581874999999997;31,581874999999997;31,581874999999997;1,6306185945857408;0,005156187582761051;0,005156187582761051
2024-08-07 19:00:00;3,1401663512183244;22,20075;3,1401663512183244;3,135010163635563;0,0;0,005156187582761051;0,005156187582761051
2024-08-07 20:00:00;0,0;20,1139025;0,0;0,0;0,0;0,0;0,005156187582761051
2024-08-07 21:00:00;0,0;19,7407275;0,0;0,0;0,0;0,0;0,005156187582761051
2024-08-07 22:00:00;0,0;18,281837499999998;0,0;0,0;0,0;0,0;0,005156187582761051
2024-08-07 23:00:00;0,0;17,252587499999997;0,0;0,0;0,0;0,0;0,005156187582761051
2024-08-08 00:00:00;0,0;15,284764999999998;0,0;0,0;0,0;0,0;0,005156187582761051
2024-08-08 01:00:00;0,0;13,073717499999999;0,0;0,0;0,0;0,0;0,005156187582761051
2024-08-08 02:00:00;0,0;12,13503;0,0;0,0;0,0;0,0;0,005156187582761051
2024-08-08 03:00:00;0,0;12,242555000000001;0,0;0,0;0,0;0,0;0,005156187582761051
2024-08-08 04:00:00;0,0;14,702347499999998;0,0;0,0;0,0;0,0;0,005156187582761051
2024-08-08 05:00:00;18,25462717809326;16,1273125;16,1273125;16,1273125;2,1221584905105004;0,005156187582761051;0,005156187582761051
2024-08-08 06:00:00;58,6341338435033;17,0151125;17,0151125;17,0151125;41,613865155920536;0,005156187582761051;0,005156187582761051
2024-08-08 07:00:00;102,71995988778458;23,099417499999998;23,099417499999998;23,099417499999998;79,61538620020183;0,005156187582761051;0,005156187582761051
2024-08-08 08:00:00;141,44023744901102;37,0047;37,0047;37,0047;104,43038126142825;0,005156187582761051;0,005156187582761051
2024-08-08 09:00:00;169,55369932706623;44,8707;44,8707;44,8707;124,67784313948346;0,005156187582761051;0,005156187582761051
2024-08-08 10:00:00;126,81425384795241;45,899375;45,899375;45,899375;80,90972266036965;0,005156187582761051;0,005156187582761051
2024-08-08 11:00:00;127,94018308981228;47,200599999999994;47,200599999999994;47,200599999999994;80,73442690222953;0,005156187582761051;0,005156187582761051
2024-08-08 12:00:00;144,81136724871888;44,434850000000004;44,434850000000004;44,434850000000004;100,3713610611361;0,005156187582761051;0,005156187582761051
2024-08-08 13:00:00;82,46063122972024;38,7803;38,7803;38,7803;43,67517504213748;0,005156187582761051;0,005156187582761051
2024-08-08 14:00:00;55,87479345445122;37,326699999999995;37,326699999999995;37,326699999999995;18,542937266868464;0,005156187582761051;0,005156187582761051
2024-08-08 15:00:00;40,79355567767611;39,684774999999995;39,684774999999995;39,684774999999995;1,1036244900933525;0,005156187582761051;0,005156187582761051
2024-08-08 16:00:00;70,19636188926452;39,803799999999995;39,803799999999995;39,803799999999995;30,38740570168177;0,005156187582761051;0,005156187582761051
2024-08-08 17:00:00;59,495225589577466;38,519825;38,519825;38,519825;20,970244401994705;0,005156187582761051;0,005156187582761051
2024-08-08 18:00:00;30,77389507943536;31,581874999999997;30,77389507943536;30,7687388918526;0,0;0,005156187582761051;0,005156187582761051
2024-08-08 19:00:00;1,3753055542323618;22,20075;1,3753055542323618;1,3701493666496007;0,0;0,005156187582761051;0,005156187582761051
2024-08-08 20:00:00;0,0;20,1139025;0,0;0,0;0,0;0,0;0,005156187582761051
2024-08-08 21:00:00;0,0;19,7407275;0,0;0,0;0,0;0,0;0,005156187582761051
2024-08-08 22:00:00;0,0;18,281837499999998;0,0;0,0;0,0;0,0;0,005156187582761051
2024-08-08 23:00:00;0,0;17,252587499999997;0,0;0,0;0,0;0,0;0,005156187582761051
2024-08-09 00:00:00;0,0;17,360055000000003;0,0;0,0;0,0;0,0;0,005156187582761051
2024-08-09 01:00:00;0,0;16,975495;0,0;0,0;0,0;0,0;0,005156187582761051
2024-08-09 02:00:00;0,0;15,5109125;0,0;0,0;0,0;0,0;0,005156187582761051
2024-08-09 03:00:00;0,0;15,1377375;0,0;0,0;0,0;0,0;0,005156187582761051
2024-08-09 04:00:00;0,0;15,720155;0,0;0,0;0,0;0,0;0,005156187582761051
2024-08-09 05:00:00;4,762340399078184;16,3930775;4,762340399078184;4,757184211495423;0,0;0,005156187582761051;0,005156187582761051
2024-08-09 06:00:00;39,066415729601076;17,3657475;17,3657475;17,3657475;21,69551204201831;0,005156187582761051;0,005156187582761051
2024-08-09 07:00:00;56,815040541444574;25,700429999999997;25,700429999999997;25,700429999999997;31,109454353861814;0,005156187582761051;0,005156187582761051
2024-08-09 08:00:00;126,78466306630038;36,365875;36,365875;36,365875;90,41363187871762;0,005156187582761051;0,005156187582761051
2024-08-09 09:00:00;159,37299089968428;39,808975000000004;39,808975000000004;39,808975000000004;119,55885971210151;0,005156187582761051;0,005156187582761051
2024-08-09 10:00:00;154,54969349040292;40,7997;40,7997;40,7997;113,74483730282014;0,005156187582761051;0,005156187582761051
2024-08-09 11:00:00;163,31448301573508;41,838725000000004;41,838725000000004;41,838725000000004;121,4706018281523;0,005156187582761051;0,005156187582761051
2024-08-09 12:00:00;128,6858707874435;40,82155;40,82155;40,82155;87,85916459986072;0,005156187582761051;0,005156187582761051
2024-08-09 13:00:00;143,63587344759188;35,7719;35,7719;35,7719;107,8588172600091;0,005156187582761051;0,005156187582761051
2024-08-09 14:00:00;145,51414831295463;26,656425;26,656425;26,656425;118,85256712537186;0,005156187582761051;0,005156187582761051
2024-08-09 15:00:00;135,75584829365548;20,1139025;20,1139025;20,1139025;115,63678960607271;0,005156187582761051;0,005156187582761051
2024-08-09 16:00:00;98,38860922346828;17,456195;17,456195;17,456195;80,92725803588553;0,005156187582761051;0,005156187582761051
2024-08-09 17:00:00;59,01940582061276;17,043345;17,043345;17,043345;41,97090463303;0,005156187582761051;0,005156187582761051
2024-08-09 18:00:00;18,110889956218507;17,78981;17,78981;17,78981;0,31592376863574856;0,005156187582761051;0,005156187582761051
2024-08-09 19:00:00;2,1069450282742896;18,0273425;2,1069450282742896;2,1017888406915284;0,0;0,005156187582761051;0,005156187582761051
2024-08-09 20:00:00;0,0;19,1355975;0,0;0,0;0,0;0,0;0,005156187582761051
2024-08-09 21:00:00;0,0;19,305279999999996;0,0;0,0;0,0;0,0;0,005156187582761051
2024-08-09 22:00:00;0,0;17,7389225;0,0;0,0;0,0;0,0;0,005156187582761051
2024-08-09 23:00:00;0,0;16,296995000000003;0,0;0,0;0,0;0,0;0,005156187582761051
2024-08-10 00:00:00;0,0;15,0076725;0,0;0,0;0,0;0,0;0,005156187582761051
2024-08-10 01:00:00;0,0;12,870167499999999;0,0;0,0;0,0;0,0;0,005156187582761051
2024-08-10 02:00:00;0,0;11,58648;0,0;0,0;0,0;0,0;0,005156187582761051
2024-08-10 03:00:00;0,0;10,8739975;0,0;0,0;0,0;0,0;0,005156187582761051
2024-08-10 04:00:00;0,0;10,5291125;0,0;0,0;0,0;0,0;0,005156187582761051
2024-08-10 05:00:00;15,77891443117592;10,4443;10,4443;10,4443;5,329458243593159;0,005156187582761051;0,005156187582761051
2024-08-10 06:00:00;56,136671872071716;10,630945;10,630945;10,630945;45,50057068448895;0,005156187582761051;0,005156187582761051
2024-08-10 07:00:00;94,94128316100642;12,0162925;12,0162925;12,0162925;82,91983447342366;0,005156187582761051;0,005156187582761051
2024-08-10 08:00:00;107,05574916934872;12,169012500000001;12,169012500000001;12,169012500000001;94,88158048176595;0,005156187582761051;0,005156187582761051
2024-08-10 09:00:00;110,58297034227107;13,2603625;13,2603625;13,2603625;97,31745165468831;0,005156187582761051;0,005156187582761051
2024-08-10 10:00:00;120,07865217440842;15,0189425;15,0189425;15,0189425;105,05455348682567;0,005156187582761051;0,005156187582761051
2024-08-10 11:00:00;110,74571964135723;16,342132499999998;16,342132499999998;16,342132499999998;94,39843095377447;0,005156187582761051;0,005156187582761051
2024-08-10 12:00:00;62,46761960652417;17,4900625;17,4900625;17,4900625;44,9724009189414;0,005156187582761051;0,005156187582761051
2024-08-10 13:00:00;137,95888198764933;17,891585000000003;17,891585000000003;17,891585000000003;120,06214080006656;0,005156187582761051;0,005156187582761051
2024-08-10 14:00:00;174,88817748938646;16,51745;16,51745;16,51745;158,3655713018037;0,005156187582761051;0,005156187582761051
2024-08-10 15:00:00;89,77177360639627;14,49874;14,49874;14,49874;75,26787741881351;0,005156187582761051;0,005156187582761051
2024-08-10 16:00:00;98,38195129759656;13,5996125;13,5996125;13,5996125;84,7771826100138;0,005156187582761051;0,005156187582761051
2024-08-10 17:00:00;72,85028511868123;15,273494999999999;15,273494999999999;15,273494999999999;57,571633931098475;0,005156187582761051;0,005156187582761051
2024-08-10 18:00:00;26,9728851992776;17,05473;17,05473;17,05473;9,91299901169484;0,005156187582761051;0,005156187582761051
2024-08-10 19:00:00;2,9468941608580703;17,8180425;2,9468941608580703;2,941737973275309;0,0;0,005156187582761051;0,005156187582761051
2024-08-10 20:00:00;0,0;18,796405;0,0;0,0;0,0;0,0;0,005156187582761051
2024-08-10 21:00:00;0,0;18,491022499999996;0,0;0,0;0,0;0,0;0,005156187582761051
2024-08-10 22:00:00;0,0;16,8115625;0,0;0,0;0,0;0,0;0,005156187582761051
2024-08-10 23:00:00;0,0;14,8776075;0,0;0,0;0,0;0,0;0,005156187582761051
2024-08-11 00:00:00;0,0;15,284764999999998;0,0;0,0;0,0;0,0;0,005156187582761051
2024-08-11 01:00:00;0,0;13,073717499999999;0,0;0,0;0,0;0,0;0,005156187582761051
2024-08-11 02:00:00;0,0;12,13503;0,0;0,0;0,0;0,0;0,005156187582761051
2024-08-11 03:00:00;0,0;12,242555000000001;0,0;0,0;0,0;0,0;0,005156187582761051
2024-08-11 04:00:00;0,0;14,702347499999998;0,0;0,0;0,0;0,0;0,005156187582761051
2024-08-11 05:00:00;2,4155176993416885;16,1273125;2,4155176993416885;2,410361511758927;0,0;0,005156187582761051;0,005156187582761051
2024-08-11 06:00:00;22,861246088727615;17,0151125;17,0151125;17,0151125;5,840977401144855;0,005156187582761051;0,005156187582761051
2024-08-11 07:00:00;20,161605101658527;23,099417499999998;20,161605101658527;20,156448914075767;0,0;0,005156187582761051;0,005156187582761051
2024-08-11 08:00:00;47,23347146556217;37,0047;37,0047;37,0047;10,223615277979405;0,005156187582761051;0,005156187582761051
2024-08-11 09:00:00;75,0673744339598;44,8707;44,8707;44,8707;30,191518246377044;0,005156187582761051;0,005156187582761051
2024-08-11 10:00:00;70,83145404047129;45,899375;45,899375;45,899375;24,92692285288853;0,005156187582761051;0,005156187582761051
2024-08-11 11:00:00;72,50629228197634;47,200599999999994;47,200599999999994;47,200599999999994;25,300536094393593;0,005156187582761051;0,005156187582761051
2024-08-11 12:00:00;118,75298515639734;44,434850000000004;44,434850000000004;44,434850000000004;74,31297896881458;0,005156187582761051;0,005156187582761051
2024-08-11 13:00:00;146,9692750006934;38,7803;38,7803;38,7803;108,18381881311062;0,005156187582761051;0,005156187582761051
2024-08-11 14:00:00;112,30589360396068;37,326699999999995;37,326699999999995;37,326699999999995;74,97403741637794;0,005156187582761051;0,005156187582761051
2024-08-11 15:00:00;76,59795761491121;39,684774999999995;39,684774999999995;39,684774999999995;36,90802642732846;0,005156187582761051;0,005156187582761051
2024-08-11 16:00:00;59,90283860683421;39,803799999999995;39,803799999999995;39,803799999999995;20,09388241925145;0,005156187582761051;0,005156187582761051
2024-08-11 17:00:00;34,20420644244728;38,519825;34,20420644244728;34,19905025486452;0,0;0,005156187582761051;0,005156187582761051
2024-08-11 18:00:00;15,936559320427127;31,581874999999997;15,936559320427127;15,931403132844366;0,0;0,005156187582761051;0,005156187582761051
2024-08-11 19:00:00;1,9692813143336192;22,20075;1,9692813143336192;1,9641251267508582;0,0;0,005156187582761051;0,005156187582761051
2024-08-11 20:00:00;0,0;20,1139025;0,0;0,0;0,0;0,0;0,005156187582761051
2024-08-11 21:00:00;0,0;19,7407275;0,0;0,0;0,0;0,0;0,005156187582761051
2024-08-11 22:00:00;0,0;18,281837499999998;0,0;0,0;0,0;0,0;0,005156187582761051
2024-08-11 23:00:00;0,0;17,252587499999997;0,0;0,0;0,0;0,0;0,005156187582761051
2024-08-12 00:00:00;0,0;15,284764999999998;0,0;0,0;0,0;0,0;0,005156187582761051
2024-08-12 01:00:00;0,0;13,073717499999999;0,0;0,0;0,0;0,0;0,005156187582761051
2024-08-12 02:00:00;0,0;12,13503;0,0;0,0;0,0;0,0;0,005156187582761051
2024-08-12 03:00:00;0,0;12,242555000000001;0,0;0,0;0,0;0,0;0,005156187582761051
2024-08-12 04:00:00;0,0;14,702347499999998;0,0;0,0;0,0;0,0;0,005156187582761051
2024-08-12 05:00:00;1,4366398469016128;16,1273125;1,4366398469016128;1,4314836593188518;0,0;0,005156187582761051;0,005156187582761051
2024-08-12 06:00:00;3,700549176449111;17,0151125;3,700549176449111;3,6953929888663497;0,0;0,005156187582761051;0,005156187582761051
2024-08-12 07:00:00;10,432829284752671;23,099417499999998;10,432829284752671;10,42767309716991;0,0;0,005156187582761051;0,005156187582761051
2024-08-12 08:00:00;20,96928548685076;37,0047;20,96928548685076;20,964129299268002;0,0;0,005156187582761051;0,005156187582761051
2024-08-12 09:00:00;34,09190942607782;44,8707;34,09190942607782;34,08675323849506;0,0;0,005156187582761051;0,005156187582761051
2024-08-12 10:00:00;33,58035878826829;45,899375;33,58035878826829;33,57520260068553;0,0;0,005156187582761051;0,005156187582761051
2024-08-12 11:00:00;39,069596738628675;47,200599999999994;39,069596738628675;39,06444055104591;0,0;0,005156187582761051;0,005156187582761051
2024-08-12 12:00:00;29,521243315150674;44,434850000000004;29,521243315150674;29,516087127567914;0,0;0,005156187582761051;0,005156187582761051
2024-08-12 13:00:00;25,24759467505582;38,7803;25,24759467505582;25,24243848747306;0,0;0,005156187582761051;0,005156187582761051
2024-08-12 14:00:00;22,04424460731499;37,326699999999995;22,04424460731499;22,03908841973223;0,0;0,005156187582761051;0,005156187582761051
2024-08-12 15:00:00;19,3937982947424;39,684774999999995;19,3937982947424;19,38864210715964;0,0;0,005156187582761051;0,005156187582761051
2024-08-12 16:00:00;26,360651926897038;39,803799999999995;26,360651926897038;26,35549573931428;0,0;0,005156187582761051;0,005156187582761051
2024-08-12 17:00:00;17,944663740288213;38,519825;17,944663740288213;17,939507552705454;0,0;0,005156187582761051;0,005156187582761051
2024-08-12 18:00:00;6,846167629186822;31,581874999999997;6,846167629186822;6,841011441604061;0,0;0,005156187582761051;0,005156187582761051
2024-08-12 19:00:00;0,19642360860619473;22,20075;0,19642360860619473;0,1912674210234337;0,0;0,005156187582761051;0,005156187582761051
2024-08-12 20:00:00;0,0;20,1139025;0,0;0,0;0,0;0,0;0,005156187582761051
2024-08-12 21:00:00;0,0;19,7407275;0,0;0,0;0,0;0,0;0,005156187582761051
2024-08-12 22:00:00;0,0;18,281837499999998;0,0;0,0;0,0;0,0;0,005156187582761051
2024-08-12 23:00:00;0,0;17,252587499999997;0,0;0,0;0,0;0,0;0,005156187582761051
2024-08-13 00:00:00;0,0;15,284764999999998;0,0;0,0;0,0;0,0;0,005156187582761051
2024-08-13 01:00:00;0,0;13,073717499999999;0,0;0,0;0,0;0,0;0,005156187582761051
2024-08-13 02:00:00;0,0;12,13503;0,0;0,0;0,0;0,0;0,005156187582761051
2024-08-13 03:00:00;0,0;12,242555000000001;0,0;0,0;0,0;0,0;0,005156187582761051
2024-08-13 04:00:00;0,0;14,702347499999998;0,0;0,0;0,0;0,0;0,005156187582761051
2024-08-13 05:00:00;1,4230502804279166;16,1273125;1,4230502804279166;1,4178940928451556;0,0;0,005156187582761051;0,005156187582761051
2024-08-13 06:00:00;11,546855634692996;17,0151125;11,546855634692996;11,541699447110235;0,0;0,005156187582761051;0,005156187582761051
2024-08-13 07:00:00;25,12627247028248;23,099417499999998;23,099417499999998;23,099417499999998;2,0216987826997226;0,005156187582761051;0,005156187582761051
2024-08-13 08:00:00;41,70598742991655;37,0047;37,0047;37,0047;4,696131242333784;0,005156187582761051;0,005156187582761051
2024-08-13 09:00:00;58,54166265084069;44,8707;44,8707;44,8707;13,66580646325793;0,005156187582761051;0,005156187582761051
2024-08-13 10:00:00;73,47760968970432;45,899375;45,899375;45,899375;27,573078502121568;0,005156187582761051;0,005156187582761051
2024-08-13 11:00:00;110,08510544097558;47,200599999999994;47,200599999999994;47,200599999999994;62,87934925339283;0,005156187582761051;0,005156187582761051
2024-08-13 12:00:00;137,2975280177264;44,434850000000004;44,434850000000004;44,434850000000004;92,85752183014361;0,005156187582761051;0,005156187582761051
2024-08-13 13:00:00;135,7573278327381;38,7803;38,7803;38,7803;96,97187164515533;0,005156187582761051;0,005156187582761051
2024-08-13 14:00:00;147,73419670639842;37,326699999999995;37,326699999999995;37,326699999999995;110,40234051881566;0,005156187582761051;0,005156187582761051
2024-08-13 15:00:00;132,94102518900584;39,684774999999995;39,684774999999995;39,684774999999995;93,25109400142307;0,005156187582761051;0,005156187582761051
2024-08-13 16:00:00;101,21600841032001;39,803799999999995;39,803799999999995;39,803799999999995;61,40705222273726;0,005156187582761051;0,005156187582761051
2024-08-13 17:00:00;61,89355844247472;38,519825;38,519825;38,519825;23,36857725489196;0,005156187582761051;0,005156187582761051
2024-08-13 18:00:00;24,343226410815557;31,581874999999997;24,343226410815557;24,338070223232798;0,0;0,005156187582761051;0,005156187582761051
2024-08-13 19:00:00;1,1067248245676846;22,20075;1,1067248245676846;1,1015686369849236;0,0;0,005156187582761051;0,005156187582761051
2024-08-13 20:00:00;0,0;20,1139025;0,0;0,0;0,0;0,0;0,005156187582761051
2024-08-13 21:00:00;0,0;19,7407275;0,0;0,0;0,0;0,0;0,005156187582761051
2024-08-13 22:00:00;0,0;18,281837499999998;0,0;0,0;0,0;0,0;0,005156187582761051
2024-08-13 23:00:00;0,0;17,252587499999997;0,0;0,0;0,0;0,0;0,005156187582761051
2024-08-14 00:00:00;0,0;15,284764999999998;0,0;0,0;0,0;0,0;0,005156187582761051
2024-08-14 01:00:00;0,0;13,073717499999999;0,0;0,0;0,0;0,0;0,005156187582761051
2024-08-14 02:00:00;0,0;12,13503;0,0;0,0;0,0;0,0;0,005156187582761051
2024-08-14 03:00:00;0,0;12,242555000000001;0,0;0,0;0,0;0,0;0,005156187582761051
2024-08-14 04:00:00;0,0;14,702347499999998;0,0;0,0;0,0;0,0;0,005156187582761051
2024-08-14 05:00:00;7,961251849571205;16,1273125;7,961251849571205;7,956095661988444;0,0;0,005156187582761051;0,005156187582761051
2024-08-14 06:00:00;42,82733010062033;17,0151125;17,0151125;17,0151125;25,807061413037566;0,005156187582761051;0,005156187582761051
2024-08-14 07:00:00;86,58854527017883;23,099417499999998;23,099417499999998;23,099417499999998;63,48397158259607;0,005156187582761051;0,005156187582761051
2024-08-14 08:00:00;127,84179374081926;37,0047;37,0047;37,0047;90,8319375532365;0,005156187582761051;0,005156187582761051
2024-08-14 09:00:00;161,1965228189908;44,8707;44,8707;44,8707;116,32066663140802;0,005156187582761051;0,005156187582761051
2024-08-14 10:00:00;183,7217655820596;45,899375;45,899375;45,899375;137,81723439447683;0,005156187582761051;0,005156187582761051
2024-08-14 11:00:00;196,16838811444597;47,200599999999994;47,200599999999994;47,200599999999994;148,9626319268632;0,005156187582761051;0,005156187582761051
2024-08-14 12:00:00;196,71211872730208;44,434850000000004;44,434850000000004;44,434850000000004;152,2721125397193;0,005156187582761051;0,005156187582761051
2024-08-14 13:00:00;188,14336813041461;38,7803;38,7803;38,7803;149,35791194283183;0,005156187582761051;0,005156187582761051
2024-08-14 14:00:00;168,4595801754823;37,326699999999995;37,326699999999995;37,326699999999995;131,12772398789954;0,005156187582761051;0,005156187582761051
2024-08-14 15:00:00;140,11604997008254;39,684774999999995;39,684774999999995;39,684774999999995;100,42611878249977;0,005156187582761051;0,005156187582761051
2024-08-14 16:00:00;105,27364434435506;39,803799999999995;39,803799999999995;39,803799999999995;65,46468815677231;0,005156187582761051;0,005156187582761051
2024-08-14 17:00:00;64,48645068473411;38,519825;38,519825;38,519825;25,961469497151356;0,005156187582761051;0,005156187582761051
2024-08-14 18:00:00;26,607882907599766;31,581874999999997;26,607882907599766;26,602726720017007;0,0;0,005156187582761051;0,005156187582761051
2024-08-14 19:00:00;1,038776992199204;22,20075;1,038776992199204;1,033620804616443;0,0;0,005156187582761051;0,005156187582761051
2024-08-14 20:00:00;0,0;20,1139025;0,0;0,0;0,0;0,0;0,005156187582761051
2024-08-14 21:00:00;0,0;19,7407275;0,0;0,0;0,0;0,0;0,005156187582761051
2024-08-14 22:00:00;0,0;18,281837499999998;0,0;0,0;0,0;0,0;0,005156187582761051
2024-08-14 23:00:00;0,0;17,252587499999997;0,0;0,0;0,0;0,0;0,005156187582761051
2024-08-15 00:00:00;0,0;15,284764999999998;0,0;0,0;0,0;0,0;0,005156187582761051
2024-08-15 01:00:00;0,0;13,073717499999999;0,0;0,0;0,0;0,0;0,005156187582761051
2024-08-15 02:00:00;0,0;12,13503;0,0;0,0;0,0;0,0;0,005156187582761051
2024-08-15 03:00:00;0,0;12,242555000000001;0,0;0,0;0,0;0,0;0,005156187582761051
2024-08-15 04:00:00;0,0;14,702347499999998;0,0;0,0;0,0;0,0;0,005156187582761051
2024-08-15 05:00:00;9,878971226876155;16,1273125;9,878971226876155;9,873815039293394;0,0;0,005156187582761051;0,005156187582761051
2024-08-15 06:00:00;46,03312140784745;17,0151125;17,0151125;17,0151125;29,01285272026469;0,005156187582761051;0,005156187582761051
2024-08-15 07:00:00;89,36564012822214;23,099417499999998;23,099417499999998;23,099417499999998;66,26106644063938;0,005156187582761051;0,005156187582761051
2024-08-15 08:00:00;129,8665429753596;37,0047;37,0047;37,0047;92,85668678777684;0,005156187582761051;0,005156187582761051
2024-08-15 09:00:00;162,73968208214433;44,8707;44,8707;44,8707;117,86382589456156;0,005156187582761051;0,005156187582761051
2024-08-15 10:00:00;184,92537062575602;45,899375;45,899375;45,899375;139,02083943817325;0,005156187582761051;0,005156187582761051
2024-08-15 11:00:00;196,33113741353213;47,200599999999994;47,200599999999994;47,200599999999994;149,12538122594935;0,005156187582761051;0,005156187582761051
2024-08-15 12:00:00;197,71376668622338;44,434850000000004;44,434850000000004;44,434850000000004;153,2737604986406;0,005156187582761051;0,005156187582761051
2024-08-15 13:00:00;188,0516367072933;38,7803;38,7803;38,7803;149,26618051971053;0,005156187582761051;0,005156187582761051
2024-08-15 14:00:00;146,67188764509044;37,326699999999995;37,326699999999995;37,326699999999995;109,34003145750768;0,005156187582761051;0,005156187582761051
2024-08-15 15:00:00;91,43181645707531;39,684774999999995;39,684774999999995;39,684774999999995;51,74188526949256;0,005156187582761051;0,005156187582761051
2024-08-15 16:00:00;83,34243652295082;39,803799999999995;39,803799999999995;39,803799999999995;43,53348033536807;0,005156187582761051;0,005156187582761051
2024-08-15 17:00:00;60,23129628317178;38,519825;38,519825;38,519825;21,70631509558902;0,005156187582761051;0,005156187582761051
2024-08-15 18:00:00;23,78588403839952;31,581874999999997;23,78588403839952;23,78072785081676;0,0;0,005156187582761051;0,005156187582761051
2024-08-15 19:00:00;0,9387601502153325;22,20075;0,9387601502153325;0,9336039626325715;0,0;0,005156187582761051;0,005156187582761051
2024-08-15 20:00:00;0,0;20,1139025;0,0;0,0;0,0;0,0;0,005156187582761051
2024-08-15 21:00:00;0,0;19,7407275;0,0;0,0;0,0;0,0;0,005156187582761051
2024-08-15 22:00:00;0,0;18,281837499999998;0,0;0,0;0,0;0,0;0,005156187582761051
2024-08-15 23:00:00;0,0;17,252587499999997;0,0;0,0;0,0;0,0;0,005156187582761051
2024-08-16 00:00:00;0,0;17,360055000000003;0,0;0,0;0,0;0,0;0,005156187582761051
2024-08-16 01:00:00;0,0;16,975495;0,0;0,0;0,0;0,0;0,005156187582761051
2024-08-16 02:00:00;0,0;15,5109125;0,0;0,0;0,0;0,0;0,005156187582761051
2024-08-16 03:00:00;0,0;15,1377375;0,0;0,0;0,0;0,0;0,005156187582761051
2024-08-16 04:00:00;0,0;15,720155;0,0;0,0;0,0;0,0;0,005156187582761051
2024-08-16 05:00:00;0,948288381907287;16,3930775;0,948288381907287;0,943132194324526;0,0;0,005156187582761051;0,005156187582761051
2024-08-16 06:00:00;3,8008249377724375;17,3657475;3,8008249377724375;3,795668750189676;0,0;0,005156187582761051;0,005156187582761051
2024-08-16 07:00:00;12,67151247294181;25,700429999999997;12,67151247294181;12,666356285359049;0,0;0,005156187582761051;0,005156187582761051
2024-08-16 08:00:00;17,106208942177858;36,365875;17,106208942177858;17,1010527545951;0,0;0,005156187582761051;0,005156187582761051
2024-08-16 09:00:00;41,178013908290154;39,808975000000004;39,808975000000004;39,808975000000004;1,3638827207073874;0,005156187582761051;0,005156187582761051
2024-08-16 10:00:00;43,89792458079089;40,7997;40,7997;40,7997;3,093068393208128;0,005156187582761051;0,005156187582761051
2024-08-16 11:00:00;106,00083780345372;41,838725000000004;41,838725000000004;41,838725000000004;64,15695661587097;0,005156187582761051;0,005156187582761051
2024-08-16 12:00:00;170,2572201608433;40,82155;40,82155;40,82155;129,43051397326053;0,005156187582761051;0,005156187582761051
2024-08-16 13:00:00;179,3334526630631;35,7719;35,7719;35,7719;143,5563964754803;0,005156187582761051;0,005156187582761051
2024-08-16 14:00:00;176,5460010314416;26,656425;26,656425;26,656425;149,88441984385884;0,005156187582761051;0,005156187582761051
2024-08-16 15:00:00;145,86405930598994;20,1139025;20,1139025;20,1139025;125,74500061840718;0,005156187582761051;0,005156187582761051
2024-08-16 16:00:00;108,62480036644777;17,456195;17,456195;17,456195;91,16344917886502;0,005156187582761051;0,005156187582761051
2024-08-16 17:00:00;66,56076447854163;17,043345;17,043345;17,043345;49,51226329095887;0,005156187582761051;0,005156187582761051
2024-08-16 18:00:00;25,04230862734484;17,78981;17,78981;17,78981;7,2473424397620825;0,005156187582761051;0,005156187582761051
2024-08-16 19:00:00;0,5121498511379734;18,0273425;0,5121498511379734;0,5069936635552124;0,0;0,005156187582761051;0,005156187582761051
2024-08-16 20:00:00;0,0;19,1355975;0,0;0,0;0,0;0,0;0,005156187582761051
2024-08-16 21:00:00;0,0;19,305279999999996;0,0;0,0;0,0;0,0;0,005156187582761051
2024-08-16 22:00:00;0,0;17,7389225;0,0;0,0;0,0;0,0;0,005156187582761051
2024-08-16 23:00:00;0,0;16,296995000000003;0,0;0,0;0,0;0,0;0,005156187582761051
2024-08-17 00:00:00;0,0;15,0076725;0,0;0,0;0,0;0,0;0,005156187582761051
2024-08-17 01:00:00;0,0;12,870167499999999;0,0;0,0;0,0;0,0;0,005156187582761051
2024-08-17 02:00:00;0,0;11,58648;0,0;0,0;0,0;0,0;0,005156187582761051
2024-08-17 03:00:00;0,0;10,8739975;0,0;0,0;0,0;0,0;0,005156187582761051
2024-08-17 04:00:00;0,0;10,5291125;0,0;0,0;0,0;0,0;0,005156187582761051
2024-08-17 05:00:00;0,905270783080644;10,4443;0,905270783080644;0,900114595497883;0,0;0,005156187582761051;0,005156187582761051
2024-08-17 06:00:00;6,459490089948881;10,630945;6,459490089948881;6,45433390236612;0,0;0,005156187582761051;0,005156187582761051
2024-08-17 07:00:00;14,563177167002149;12,0162925;12,0162925;12,0162925;2,541728479419387;0,005156187582761051;0,005156187582761051
2024-08-17 08:00:00;21,73923762543666;12,169012500000001;12,169012500000001;12,169012500000001;9,565068937853901;0,005156187582761051;0,005156187582761051
2024-08-17 09:00:00;33,12303325783613;13,2603625;13,2603625;13,2603625;19,857514570253365;0,005156187582761051;0,005156187582761051
2024-08-17 10:00:00;36,36425952609156;15,0189425;15,0189425;15,0189425;21,340160838508794;0,005156187582761051;0,005156187582761051
2024-08-17 11:00:00;24,151034283985602;16,342132499999998;16,342132499999998;16,342132499999998;7,803745596402845;0,005156187582761051;0,005156187582761051
2024-08-17 12:00:00;30,574749118917182;17,4900625;17,4900625;17,4900625;13,079530431334423;0,005156187582761051;0,005156187582761051
2024-08-17 13:00:00;38,90152109884512;17,891585000000003;17,891585000000003;17,891585000000003;21,004779911262357;0,005156187582761051;0,005156187582761051
2024-08-17 14:00:00;29,56355813291308;16,51745;16,51745;16,51745;13,04095194533032;0,005156187582761051;0,005156187582761051
2024-08-17 15:00:00;31,8781490737351;14,49874;14,49874;14,49874;17,37425288615234;0,005156187582761051;0,005156187582761051
2024-08-17 16:00:00;41,38196837082678;13,5996125;13,5996125;13,5996125;27,77719968324402;0,005156187582761051;0,005156187582761051
2024-08-17 17:00:00;32,32963042479099;15,273494999999999;15,273494999999999;15,273494999999999;17,05097923720823;0,005156187582761051;0,005156187582761051
2024-08-17 18:00:00;8,205227844292217;17,05473;8,205227844292217;8,200071656709456;0,0;0,005156187582761051;0,005156187582761051
2024-08-17 19:00:00;0,0;17,8180425;0,0;0,0;0,0;0,0;0,005156187582761051
2024-08-17 20:00:00;0,0;18,796405;0,0;0,0;0,0;0,0;0,005156187582761051
2024-08-17 21:00:00;0,0;18,491022499999996;0,0;0,0;0,0;0,0;0,005156187582761051
2024-08-17 22:00:00;0,0;16,8115625;0,0;0,0;0,0;0,0;0,005156187582761051
2024-08-17 23:00:00;0,0;14,8776075;0,0;0,0;0,0;0,0;0,005156187582761051
2024-08-18 00:00:00;0,0;15,284764999999998;0,0;0,0;0,0;0,0;0,005156187582761051
2024-08-18 01:00:00;0,0;13,073717499999999;0,0;0,0;0,0;0,0;0,005156187582761051
2024-08-18 02:00:00;0,0;12,13503;0,0;0,0;0,0;0,0;0,005156187582761051
2024-08-18 03:00:00;0,0;12,242555000000001;0,0;0,0;0,0;0,0;0,005156187582761051
2024-08-18 04:00:00;0,0;14,702347499999998;0,0;0,0;0,0;0,0;0,005156187582761051
2024-08-18 05:00:00;0,0;16,1273125;0,0;0,0;0,0;0,0;0,005156187582761051
2024-08-18 06:00:00;18,111992212835045;17,0151125;17,0151125;17,0151125;1,0917235252522843;0,005156187582761051;0,005156187582761051
2024-08-18 07:00:00;31,77236202932908;23,099417499999998;23,099417499999998;23,099417499999998;8,667788341746324;0,005156187582761051;0,005156187582761051
2024-08-18 08:00:00;49,95737689358594;37,0047;37,0047;37,0047;12,947520706003175;0,005156187582761051;0,005156187582761051
2024-08-18 09:00:00;75,53490878406191;44,8707;44,8707;44,8707;30,659052596479157;0,005156187582761051;0,005156187582761051
2024-08-18 10:00:00;110,75533664539414;45,899375;45,899375;45,899375;64,85080545781139;0,005156187582761051;0,005156187582761051
2024-08-18 11:00:00;128,40993674853829;47,200599999999994;47,200599999999994;47,200599999999994;81,20418056095552;0,005156187582761051;0,005156187582761051
2024-08-18 12:00:00;144,6656326490826;44,434850000000004;44,434850000000004;44,434850000000004;100,22562646149981;0,005156187582761051;0,005156187582761051
2024-08-18 13:00:00;135,64784194062557;38,7803;38,7803;38,7803;96,8623857530428;0,005156187582761051;0,005156187582761051
2024-08-18 14:00:00;133,2576465526826;37,326699999999995;37,326699999999995;37,326699999999995;95,92579036509983;0,005156187582761051;0,005156187582761051
2024-08-18 15:00:00;101,31587729839563;39,684774999999995;39,684774999999995;39,684774999999995;61,62594611081288;0,005156187582761051;0,005156187582761051
2024-08-18 16:00:00;62,45733680990009;39,803799999999995;39,803799999999995;39,803799999999995;22,648380622317333;0,005156187582761051;0,005156187582761051
2024-08-18 17:00:00;11,256999133020505;38,519825;11,256999133020505;11,251842945437744;0,0;0,005156187582761051;0,005156187582761051
2024-08-18 18:00:00;4,451533623996054;31,581874999999997;4,451533623996054;4,446377436413293;0,0;0,005156187582761051;0,005156187582761051
2024-08-18 19:00:00;0,0;22,20075;0,0;0,0;0,0;0,0;0,005156187582761051
2024-08-18 20:00:00;0,0;20,1139025;0,0;0,0;0,0;0,0;0,005156187582761051
2024-08-18 21:00:00;0,0;19,7407275;0,0;0,0;0,0;0,0;0,005156187582761051
2024-08-18 22:00:00;0,0;18,281837499999998;0,0;0,0;0,0;0,0;0,005156187582761051
2024-08-18 23:00:00;0,0;17,252587499999997;0,0;0,0;0,0;0,0;0,005156187582761051
2024-08-19 00:00:00;0,0;15,284764999999998;0,0;0,0;0,0;0,0;0,005156187582761051
2024-08-19 01:00:00;0,0;13,073717499999999;0,0;0,0;0,0;0,0;0,005156187582761051
2024-08-19 02:00:00;0,0;12,13503;0,0;0,0;0,0;0,0;0,005156187582761051
2024-08-19 03:00:00;0,0;12,242555000000001;0,0;0,0;0,0;0,0;0,005156187582761051
2024-08-19 04:00:00;0,0;14,702347499999998;0,0;0,0;0,0;0,0;0,005156187582761051
2024-08-19 05:00:00;7,366025878945151;16,1273125;7,366025878945151;7,36086969136239;0,0;0,005156187582761051;0,005156187582761051
2024-08-19 06:00:00;39,21769860079709;17,0151125;17,0151125;17,0151125;22,19742991321433;0,005156187582761051;0,005156187582761051
2024-08-19 07:00:00;57,13905960053433;23,099417499999998;23,099417499999998;23,099417499999998;34,03448591295157;0,005156187582761051;0,005156187582761051
2024-08-19 08:00:00;70,82701542322349;37,0047;37,0047;37,0047;33,81715923564073;0,005156187582761051;0,005156187582761051
2024-08-19 09:00:00;114,98090026530443;44,8707;44,8707;44,8707;70,10504407772167;0,005156187582761051;0,005156187582761051
2024-08-19 10:00:00;170,57088244635486;45,899375;45,899375;45,899375;124,6663512587721;0,005156187582761051;0,005156187582761051
2024-08-19 11:00:00;180,42165365831664;47,200599999999994;47,200599999999994;47,200599999999994;133,21589747073386;0,005156187582761051;0,005156187582761051
2024-08-19 12:00:00;192,3393409686729;44,434850000000004;44,434850000000004;44,434850000000004;147,89933478109012;0,005156187582761051;0,005156187582761051
2024-08-19 13:00:00;183,09887962828432;38,7803;38,7803;38,7803;144,31342344070157;0,005156187582761051;0,005156187582761051
2024-08-19 14:00:00;155,56909591831547;37,326699999999995;37,326699999999995;37,326699999999995;118,23723973073271;0,005156187582761051;0,005156187582761051
2024-08-19 15:00:00;122,45035332381887;39,684774999999995;39,684774999999995;39,684774999999995;82,76042213623612;0,005156187582761051;0,005156187582761051
2024-08-19 16:00:00;85,04316669840142;39,803799999999995;39,803799999999995;39,803799999999995;45,23421051081867;0,005156187582761051;0,005156187582761051
2024-08-19 17:00:00;46,27754126429325;38,519825;38,519825;38,519825;7,752560076710488;0,005156187582761051;0,005156187582761051
2024-08-19 18:00:00;18,814706697812113;31,581874999999997;18,814706697812113;18,809550510229354;0,0;0,005156187582761051;0,005156187582761051
2024-08-19 19:00:00;0,3692633642357192;22,20075;0,3692633642357192;0,36410717665295816;0,0;0,005156187582761051;0,005156187582761051
2024-08-19 20:00:00;0,0;20,1139025;0,0;0,0;0,0;0,0;0,005156187582761051
2024-08-19 21:00:00;0,0;19,7407275;0,0;0,0;0,0;0,0;0,005156187582761051
2024-08-19 22:00:00;0,0;18,281837499999998;0,0;0,0;0,0;0,0;0,005156187582761051
2024-08-19 23:00:00;0,0;17,252587499999997;0,0;0,0;0,0;0,0;0,005156187582761051
2024-08-20 00:00:00;0,0;15,284764999999998;0,0;0,0;0,0;0,0;0,005156187582761051
2024-08-20 01:00:00;0,0;13,073717499999999;0,0;0,0;0,0;0,0;0,005156187582761051
2024-08-20 02:00:00;0,0;12,13503;0,0;0,0;0,0;0,0;0,005156187582761051
2024-08-20 03:00:00;0,0;12,242555000000001;0,0;0,0;0,0;0,0;0,005156187582761051
2024-08-20 04:00:00;0,0;14,702347499999998;0,0;0,0;0,0;0,0;0,005156187582761051
2024-08-20 05:00:00;0,3001097075149182;16,1273125;0,3001097075149182;0,2949535199321572;0,0;0,005156187582761051;0,005156187582761051
2024-08-20 06:00:00;3,3285264718243397;17,0151125;3,3285264718243397;3,3233702842415784;0,0;0,005156187582761051;0,005156187582761051
2024-08-20 07:00:00;14,343687544098191;23,099417499999998;14,343687544098191;14,33853135651543;0,0;0,005156187582761051;0,005156187582761051
2024-08-20 08:00:00;33,836984842145554;37,0047;33,836984842145554;33,83182865456279;0,0;0,005156187582761051;0,005156187582761051
2024-08-20 09:00:00;38,09739160745113;44,8707;38,09739160745113;38,092235419868366;0,0;0,005156187582761051;0,005156187582761051
2024-08-20 10:00:00;61,80922471476643;45,899375;45,899375;45,899375;15,904693527183667;0,005156187582761051;0,005156187582761051
2024-08-20 11:00:00;75,23900096754159;47,200599999999994;47,200599999999994;47,200599999999994;28,033244779958835;0,005156187582761051;0,005156187582761051
2024-08-20 12:00:00;69,46583946722996;44,434850000000004;44,434850000000004;44,434850000000004;25,025833279647195;0,005156187582761051;0,005156187582761051
2024-08-20 13:00:00;46,843686894250766;38,7803;38,7803;38,7803;8,058230706668006;0,005156187582761051;0,005156187582761051
2024-08-20 14:00:00;28,592166748230976;37,326699999999995;28,592166748230976;28,587010560648217;0,0;0,005156187582761051;0,005156187582761051
2024-08-20 15:00:00;24,304980325530305;39,684774999999995;24,304980325530305;24,299824137947546;0,0;0,005156187582761051;0,005156187582761051
2024-08-20 16:00:00;24,602071773316716;39,803799999999995;24,602071773316716;24,596915585733957;0,0;0,005156187582761051;0,005156187582761051
2024-08-20 17:00:00;19,068299696570033;38,519825;19,068299696570033;19,063143508987274;0,0;0,005156187582761051;0,005156187582761051
2024-08-20 18:00:00;10,484605754948316;31,581874999999997;10,484605754948316;10,479449567365554;0,0;0,005156187582761051;0,005156187582761051
2024-08-20 19:00:00;0,0;22,20075;0,0;0,0;0,0;0,0;0,005156187582761051
2024-08-20 20:00:00;0,0;20,1139025;0,0;0,0;0,0;0,0;0,005156187582761051
2024-08-20 21:00:00;0,0;19,7407275;0,0;0,0;0,0;0,0;0,005156187582761051
2024-08-20 22:00:00;0,0;18,281837499999998;0,0;0,0;0,0;0,0;0,005156187582761051
2024-08-20 23:00:00;0,0;17,252587499999997;0,0;0,0;0,0;0,0;0,005156187582761051
2024-08-21 00:00:00;0,0;15,284764999999998;0,0;0,0;0,0;0,0;0,005156187582761051
2024-08-21 01:00:00;0,0;13,073717499999999;0,0;0,0;0,0;0,0;0,005156187582761051
2024-08-21 02:00:00;0,0;12,13503;0,0;0,0;0,0;0,0;0,005156187582761051
2024-08-21 03:00:00;0,0;12,242555000000001;0,0;0,0;0,0;0,0;0,005156187582761051
2024-08-21 04:00:00;0,0;14,702347499999998;0,0;0,0;0,0;0,0;0,005156187582761051
2024-08-21 05:00:00;1,8142552092586182;16,1273125;1,8142552092586182;1,8090990216758571;0,0;0,005156187582761051;0,005156187582761051
2024-08-21 06:00:00;21,948888313441312;17,0151125;17,0151125;17,0151125;4,928619625858552;0,005156187582761051;0,005156187582761051
2024-08-21 07:00:00;36,908877862397226;23,099417499999998;23,099417499999998;23,099417499999998;13,804304174814465;0,005156187582761051;0,005156187582761051
2024-08-21 08:00:00;76,27245901673884;37,0047;37,0047;37,0047;39,26260282915608;0,005156187582761051;0,005156187582761051
2024-08-21 09:00:00;135,29719117804896;44,8707;44,8707;44,8707;90,42133499046619;0,005156187582761051;0,005156187582761051
2024-08-21 10:00:00;171,11905167645875;45,899375;45,899375;45,899375;125,21452048887599;0,005156187582761051;0,005156187582761051
2024-08-21 11:00:00;188,28170503463787;47,200599999999994;47,200599999999994;47,200599999999994;141,0759488470551;0,005156187582761051;0,005156187582761051
2024-08-21 12:00:00;188,45998949409136;44,434850000000004;44,434850000000004;44,434850000000004;144,01998330650858;0,005156187582761051;0,005156187582761051
2024-08-21 13:00:00;180,09837436876816;38,7803;38,7803;38,7803;141,3129181811854;0,005156187582761051;0,005156187582761051
2024-08-21 14:00:00;161,61745168799098;37,326699999999995;37,326699999999995;37,326699999999995;124,28559550040822;0,005156187582761051;0,005156187582761051
2024-08-21 15:00:00;131,03611862015623;39,684774999999995;39,684774999999995;39,684774999999995;91,34618743257346;0,005156187582761051;0,005156187582761051
2024-08-21 16:00:00;94,11791966153861;39,803799999999995;39,803799999999995;39,803799999999995;54,308963473955856;0,005156187582761051;0,005156187582761051
2024-08-21 17:00:00;53,73464017146794;38,519825;38,519825;38,519825;15,209658983885177;0,005156187582761051;0,005156187582761051
2024-08-21 18:00:00;16,997018957881856;31,581874999999997;16,997018957881856;16,991862770299097;0,0;0,005156187582761051;0,005156187582761051
2024-08-21 19:00:00;0,22478637281966835;22,20075;0,22478637281966835;0,2196301852369073;0,0;0,005156187582761051;0,005156187582761051
2024-08-21 20:00:00;0,0;20,1139025;0,0;0,0;0,0;0,0;0,005156187582761051
2024-08-21 21:00:00;0,0;19,7407275;0,0;0,0;0,0;0,0;0,005156187582761051
2024-08-21 22:00:00;0,0;18,281837499999998;0,0;0,0;0,0;0,0;0,005156187582761051
2024-08-21 23:00:00;0,0;17,252587499999997;0,0;0,0;0,0;0,0;0,005156187582761051
2024-08-22 00:00:00;0,0;15,284764999999998;0,0;0,0;0,0;0,0;0,005156187582761051
2024-08-22 01:00:00;0,0;13,073717499999999;0,0;0,0;0,0;0,0;0,005156187582761051
2024-08-22 02:00:00;0,0;12,13503;0,0;0,0;0,0;0,0;0,005156187582761051
2024-08-22 03:00:00;0,0;12,242555000000001;0,0;0,0;0,0;0,0;0,005156187582761051
2024-08-22 04:00:00;0,0;14,702347499999998;0,0;0,0;0,0;0,0;0,005156187582761051
2024-08-22 05:00:00;3,426856639254045;16,1273125;3,426856639254045;3,421700451671284;0,0;0,005156187582761051;0,005156187582761051
2024-08-22 06:00:00;31,43709847321155;17,0151125;17,0151125;17,0151125;14,416829785628789;0,005156187582761051;0,005156187582761051
2024-08-22 07:00:00;72,86286120088334;23,099417499999998;23,099417499999998;23,099417499999998;49,75828751330059;0,005156187582761051;0,005156187582761051
2024-08-22 08:00:00;114,95574810090022;37,0047;37,0047;37,0047;77,94589191331747;0,005156187582761051;0,005156187582761051
2024-08-22 09:00:00;150,3026765537949;44,8707;44,8707;44,8707;105,42682036621213;0,005156187582761051;0,005156187582761051
2024-08-22 10:00:00;172,654073474658;45,899375;45,899375;45,899375;126,74954228707523;0,005156187582761051;0,005156187582761051
2024-08-22 11:00:00;182,10610890385863;47,200599999999994;47,200599999999994;47,200599999999994;134,90035271627585;0,005156187582761051;0,005156187582761051
2024-08-22 12:00:00;187,4050781281964;44,434850000000004;44,434850000000004;44,434850000000004;142,96507194061363;0,005156187582761051;0,005156187582761051
2024-08-22 13:00:00;178,73349956506812;38,7803;38,7803;38,7803;139,94804337748536;0,005156187582761051;0,005156187582761051
2024-08-22 14:00:00;159,21985860463505;37,326699999999995;37,326699999999995;37,326699999999995;121,88800241705229;0,005156187582761051;0,005156187582761051
2024-08-22 15:00:00;129,92424499958108;39,684774999999995;39,684774999999995;39,684774999999995;90,2343138119983;0,005156187582761051;0,005156187582761051
2024-08-22 16:00:00;93,60304006079323;39,803799999999995;39,803799999999995;39,803799999999995;53,79408387321048;0,005156187582761051;0,005156187582761051
2024-08-22 17:00:00;52,93716860594565;38,519825;38,519825;38,519825;14,41218741836289;0,005156187582761051;0,005156187582761051
2024-08-22 18:00:00;16,279960341498967;31,581874999999997;16,279960341498967;16,274804153916207;0,0;0,005156187582761051;0,005156187582761051
2024-08-22 19:00:00;0,23370799348775623;22,20075;0,23370799348775623;0,2285518059049952;0,0;0,005156187582761051;0,005156187582761051
2024-08-22 20:00:00;0,0;20,1139025;0,0;0,0;0,0;0,0;0,005156187582761051
2024-08-22 21:00:00;0,0;19,7407275;0,0;0,0;0,0;0,0;0,005156187582761051
2024-08-22 22:00:00;0,0;18,281837499999998;0,0;0,0;0,0;0,0;0,005156187582761051
2024-08-22 23:00:00;0,0;17,252587499999997;0,0;0,0;0,0;0,0;0,005156187582761051
2024-08-23 00:00:00;0,0;17,360055000000003;0,0;0,0;0,0;0,0;0,005156187582761051
2024-08-23 01:00:00;0,0;16,975495;0,0;0,0;0,0;0,0;0,005156187582761051
2024-08-23 02:00:00;0,0;15,5109125;0,0;0,0;0,0;0,0;0,005156187582761051
2024-08-23 03:00:00;0,0;15,1377375;0,0;0,0;0,0;0,0;0,005156187582761051
2024-08-23 04:00:00;0,0;15,720155;0,0;0,0;0,0;0,0;0,005156187582761051
2024-08-23 05:00:00;7,2056808308681966;16,3930775;7,2056808308681966;7,200524643285435;0,0;0,005156187582761051;0,005156187582761051
2024-08-23 06:00:00;35,387763731574466;17,3657475;17,3657475;17,3657475;18,016860043991702;0,005156187582761051;0,005156187582761051
2024-08-23 07:00:00;61,74708407329717;25,700429999999997;25,700429999999997;25,700429999999997;36,041497885714406;0,005156187582761051;0,005156187582761051
2024-08-23 08:00:00;94,92648777018043;36,365875;36,365875;36,365875;58,55545658259767;0,005156187582761051;0,005156187582761051
2024-08-23 09:00:00;116,79629471965667;39,808975000000004;39,808975000000004;39,808975000000004;76,98216353207391;0,005156187582761051;0,005156187582761051
2024-08-23 10:00:00;158,54814786113386;40,7997;40,7997;40,7997;117,74329167355108;0,005156187582761051;0,005156187582761051
2024-08-23 11:00:00;175,61463117894388;41,838725000000004;41,838725000000004;41,838725000000004;133,7707499913611;0,005156187582761051;0,005156187582761051
2024-08-23 12:00:00;182,06024319229797;40,82155;40,82155;40,82155;141,2335370047152;0,005156187582761051;0,005156187582761051
2024-08-23 13:00:00;157,90084951249565;35,7719;35,7719;35,7719;122,12379332491288;0,005156187582761051;0,005156187582761051
2024-08-23 14:00:00;139,1839403480435;26,656425;26,656425;26,656425;112,52235916046074;0,005156187582761051;0,005156187582761051
2024-08-23 15:00:00;113,7758156825254;20,1139025;20,1139025;20,1139025;93,65675699494265;0,005156187582761051;0,005156187582761051
2024-08-23 16:00:00;76,951567455653;17,456195;17,456195;17,456195;59,49021626807025;0,005156187582761051;0,005156187582761051
2024-08-23 17:00:00;36,83009240624868;17,043345;17,043345;17,043345;19,78159121866592;0,005156187582761051;0,005156187582761051
2024-08-23 18:00:00;2,816391416077192;17,78981;2,816391416077192;2,811235228494431;0,0;0,005156187582761051;0,005156187582761051
2024-08-23 19:00:00;0,0;18,0273425;0,0;0,0;0,0;0,0;0,005156187582761051
2024-08-23 20:00:00;0,0;19,1355975;0,0;0,0;0,0;0,0;0,005156187582761051
2024-08-23 21:00:00;0,0;19,305279999999996;0,0;0,0;0,0;0,0;0,005156187582761051
2024-08-23 22:00:00;0,0;17,7389225;0,0;0,0;0,0;0,0;0,005156187582761051
2024-08-23 23:00:00;0,0;16,296995000000003;0,0;0,0;0,0;0,0;0,005156187582761051
2024-08-24 00:00:00;0,0;15,0076725;0,0;0,0;0,0;0,0;0,005156187582761051
2024-08-24 01:00:00;0,0;12,870167499999999;0,0;0,0;0,0;0,0;0,005156187582761051
2024-08-24 02:00:00;0,0;11,58648;0,0;0,0;0,0;0,0;0,005156187582761051
2024-08-24 03:00:00;0,0;10,8739975;0,0;0,0;0,0;0,0;0,005156187582761051
2024-08-24 04:00:00;0,0;10,5291125;0,0;0,0;0,0;0,0;0,005156187582761051
2024-08-24 05:00:00;2,3224177025689805;10,4443;2,3224177025689805;2,3172615149862192;0,0;0,005156187582761051;0,005156187582761051
2024-08-24 06:00:00;24,711187780658587;10,630945;10,630945;10,630945;14,075086593075827;0,005156187582761051;0,005156187582761051
2024-08-24 07:00:00;62,43506974670693;12,0162925;12,0162925;12,0162925;50,41362105912417;0,005156187582761051;0,005156187582761051
2024-08-24 08:00:00;104,68034917223176;12,169012500000001;12,169012500000001;12,169012500000001;92,50618048464901;0,005156187582761051;0,005156187582761051
2024-08-24 09:00:00;143,71206971034584;13,2603625;13,2603625;13,2603625;130,44655102276306;0,005156187582761051;0,005156187582761051
2024-08-24 10:00:00;167,5333887097737;15,0189425;15,0189425;15,0189425;152,50929002219092;0,005156187582761051;0,005156187582761051
2024-08-24 11:00:00;180,06582450895093;16,342132499999998;16,342132499999998;16,342132499999998;163,71853582136816;0,005156187582761051;0,005156187582761051
2024-08-24 12:00:00;180,52300208547487;17,4900625;17,4900625;17,4900625;163,0277833978921;0,005156187582761051;0,005156187582761051
2024-08-24 13:00:00;168,11040895198835;17,891585000000003;17,891585000000003;17,891585000000003;150,21366776440559;0,005156187582761051;0,005156187582761051
2024-08-24 14:00:00;151,88874245034384;16,51745;16,51745;16,51745;135,36613626276107;0,005156187582761051;0,005156187582761051
2024-08-24 15:00:00;124,69407434258426;14,49874;14,49874;14,49874;110,1901781550015;0,005156187582761051;0,005156187582761051
2024-08-24 16:00:00;90,5145022258623;13,5996125;13,5996125;13,5996125;76,90973353827954;0,005156187582761051;0,005156187582761051
2024-08-24 17:00:00;50,570645843324314;15,273494999999999;15,273494999999999;15,273494999999999;35,291994655741554;0,005156187582761051;0,005156187582761051
2024-08-24 18:00:00;14,183823346223088;17,05473;14,183823346223088;14,178667158640327;0,0;0,005156187582761051;0,005156187582761051
2024-08-24 19:00:00;0,0;17,8180425;0,0;0,0;0,0;0,0;0,005156187582761051
2024-08-24 20:00:00;0,0;18,796405;0,0;0,0;0,0;0,0;0,005156187582761051
2024-08-24 21:00:00;0,0;18,491022499999996;0,0;0,0;0,0;0,0;0,005156187582761051
2024-08-24 22:00:00;0,0;16,8115625;0,0;0,0;0,0;0,0;0,005156187582761051
2024-08-24 23:00:00;0,0;14,8776075;0,0;0,0;0,0;0,0;0,005156187582761051
2024-08-25 00:00:00;0,0;15,284764999999998;0,0;0,0;0,0;0,0;0,005156187582761051
2024-08-25 01:00:00;0,0;13,073717499999999;0,0;0,0;0,0;0,0;0,005156187582761051
2024-08-25 02:00:00;0,0;12,13503;0,0;0,0;0,0;0,0;0,005156187582761051
2024-08-25 03:00:00;0,0;12,242555000000001;0,0;0,0;0,0;0,0;0,005156187582761051
2024-08-25 04:00:00;0,0;14,702347499999998;0,0;0,0;0,0;0,0;0,005156187582761051
2024-08-25 05:00:00;0,0;16,1273125;0,0;0,0;0,0;0,0;0,005156187582761051
2024-08-25 06:00:00;14,778524080474817;17,0151125;14,778524080474817;14,773367892892056;0,0;0,005156187582761051;0,005156187582761051
2024-08-25 07:00:00;67,50692972186538;23,099417499999998;23,099417499999998;23,099417499999998;44,40235603428262;0,005156187582761051;0,005156187582761051
2024-08-25 08:00:00;107,83620603542107;37,0047;37,0047;37,0047;70,82634984783832;0,005156187582761051;0,005156187582761051
2024-08-25 09:00:00;150,55715727600236;44,8707;44,8707;44,8707;105,68130108841959;0,005156187582761051;0,005156187582761051
2024-08-25 10:00:00;170,45030001112283;45,899375;45,899375;45,899375;124,54576882354007;0,005156187582761051;0,005156187582761051
2024-08-25 11:00:00;182,98939373617182;47,200599999999994;47,200599999999994;47,200599999999994;135,78363754858907;0,005156187582761051;0,005156187582761051
2024-08-25 12:00:00;182,67277237249502;44,434850000000004;44,434850000000004;44,434850000000004;138,23276618491224;0,005156187582761051;0,005156187582761051
2024-08-25 13:00:00;171,5185272287612;38,7803;38,7803;38,7803;132,73307104117845;0,005156187582761051;0,005156187582761051
2024-08-25 14:00:00;154,19090526287204;37,326699999999995;37,326699999999995;37,326699999999995;116,85904907528928;0,005156187582761051;0,005156187582761051
2024-08-25 15:00:00;125,05952049598686;39,684774999999995;39,684774999999995;39,684774999999995;85,3695893084041;0,005156187582761051;0,005156187582761051
2024-08-25 16:00:00;89,91011051061952;39,803799999999995;39,803799999999995;39,803799999999995;50,101154323036766;0,005156187582761051;0,005156187582761051
2024-08-25 17:00:00;49,2967626932043;38,519825;38,519825;38,519825;10,77178150562154;0,005156187582761051;0,005156187582761051
2024-08-25 18:00:00;13,00995703808694;31,581874999999997;13,00995703808694;13,004800850504179;0,0;0,005156187582761051;0,005156187582761051
2024-08-25 19:00:00;0,0;22,20075;0,0;0,0;0,0;0,0;0,005156187582761051
2024-08-25 20:00:00;0,0;20,1139025;0,0;0,0;0,0;0,0;0,005156187582761051
2024-08-25 21:00:00;0,0;19,7407275;0,0;0,0;0,0;0,0;0,005156187582761051
2024-08-25 22:00:00;0,0;18,281837499999998;0,0;0,0;0,0;0,0;0,005156187582761051
2024-08-25 23:00:00;0,0;17,252587499999997;0,0;0,0;0,0;0,0;0,005156187582761051
2024-08-26 00:00:00;0,0;15,284764999999998;0,0;0,0;0,0;0,0;0,005156187582761051
2024-08-26 01:00:00;0,0;13,073717499999999;0,0;0,0;0,0;0,0;0,005156187582761051
2024-08-26 02:00:00;0,0;12,13503;0,0;0,0;0,0;0,0;0,005156187582761051
2024-08-26 03:00:00;0,0;12,242555000000001;0,0;0,0;0,0;0,0;0,005156187582761051
2024-08-26 04:00:00;0,0;14,702347499999998;0,0;0,0;0,0;0,0;0,005156187582761051
2024-08-26 05:00:00;0,24926534694131253;16,1273125;0,24926534694131253;0,2441091593585515;0,0;0,005156187582761051;0,005156187582761051
2024-08-26 06:00:00;19,37651727825761;17,0151125;17,0151125;17,0151125;2,3562485906748485;0,005156187582761051;0,005156187582761051
2024-08-26 07:00:00;43,13226310554453;23,099417499999998;23,099417499999998;23,099417499999998;20,02768941796177;0,005156187582761051;0,005156187582761051
2024-08-26 08:00:00;73,51977655355847;37,0047;37,0047;37,0047;36,50992036597572;0,005156187582761051;0,005156187582761051
2024-08-26 09:00:00;65,90458889540778;44,8707;44,8707;44,8707;21,02873270782503;0,005156187582761051;0,005156187582761051
2024-08-26 10:00:00;79,09615935588408;45,899375;45,899375;45,899375;33,19162816830133;0,005156187582761051;0,005156187582761051
2024-08-26 11:00:00;92,64577827434998;47,200599999999994;47,200599999999994;47,200599999999994;45,44002208676723;0,005156187582761051;0,005156187582761051
2024-08-26 12:00:00;24,141047395178045;44,434850000000004;24,141047395178045;24,135891207595286;0,0;0,005156187582761051;0,005156187582761051
2024-08-26 13:00:00;16,897963816301676;38,7803;16,897963816301676;16,892807628718916;0,0;0,005156187582761051;0,005156187582761051
2024-08-26 14:00:00;34,73994754425734;37,326699999999995;34,73994754425734;34,73479135667458;0,0;0,005156187582761051;0,005156187582761051
2024-08-26 15:00:00;99,55966440734748;39,684774999999995;39,684774999999995;39,684774999999995;59,86973321976473;0,005156187582761051;0,005156187582761051
2024-08-26 16:00:00;80,18140127297241;39,803799999999995;39,803799999999995;39,803799999999995;40,37244508538966;0,005156187582761051;0,005156187582761051
2024-08-26 17:00:00;25,504146751978944;38,519825;25,504146751978944;25,498990564396184;0,0;0,005156187582761051;0,005156187582761051
2024-08-26 18:00:00;8,371513241785816;31,581874999999997;8,371513241785816;8,366357054203055;0,0;0,005156187582761051;0,005156187582761051
2024-08-26 19:00:00;0,0;22,20075;0,0;0,0;0,0;0,0;0,005156187582761051
2024-08-26 20:00:00;0,0;20,1139025;0,0;0,0;0,0;0,0;0,005156187582761051
2024-08-26 21:00:00;0,0;19,7407275;0,0;0,0;0,0;0,0;0,005156187582761051
2024-08-26 22:00:00;0,0;18,281837499999998;0,0;0,0;0,0;0,0;0,005156187582761051
2024-08-26 23:00:00;0,0;17,252587499999997;0,0;0,0;0,0;0,0;0,005156187582761051
2024-08-27 00:00:00;0,0;15,284764999999998;0,0;0,0;0,0;0,0;0,005156187582761051
2024-08-27 01:00:00;0,0;13,073717499999999;0,0;0,0;0,0;0,0;0,005156187582761051
2024-08-27 02:00:00;0,0;12,13503;0,0;0,0;0,0;0,0;0,005156187582761051
2024-08-27 03:00:00;0,0;12,242555000000001;0,0;0,0;0,0;0,0;0,005156187582761051
2024-08-27 04:00:00;0,0;14,702347499999998;0,0;0,0;0,0;0,0;0,005156187582761051
2024-08-27 05:00:00;1,6971127023936328;16,1273125;1,6971127023936328;1,6919565148108717;0,0;0,005156187582761051;0,005156187582761051
2024-08-27 06:00:00;36,62865316015247;17,0151125;17,0151125;17,0151125;19,608384472569703;0,005156187582761051;0,005156187582761051
2024-08-27 07:00:00;83,141219207717;23,099417499999998;23,099417499999998;23,099417499999998;60,03664552013424;0,005156187582761051;0,005156187582761051
2024-08-27 08:00:00;112,02034256101854;37,0047;37,0047;37,0047;75,01048637343578;0,005156187582761051;0,005156187582761051
2024-08-27 09:00:00;146,62010377719938;44,8707;44,8707;44,8707;101,7442475896166;0,005156187582761051;0,005156187582761051
2024-08-27 10:00:00;134,28888529325596;45,899375;45,899375;45,899375;88,3843541056732;0,005156187582761051;0,005156187582761051
2024-08-27 11:00:00;98,01428583557004;47,200599999999994;47,200599999999994;47,200599999999994;50,808529647987285;0,005156187582761051;0,005156187582761051
2024-08-27 12:00:00;121,85261953444778;44,434850000000004;44,434850000000004;44,434850000000004;77,41261334686502;0,005156187582761051;0,005156187582761051
2024-08-27 13:00:00;97,31076500179297;38,7803;38,7803;38,7803;58,52530881421022;0,005156187582761051;0,005156187582761051
2024-08-27 14:00:00;59,7141973738025;37,326699999999995;37,326699999999995;37,326699999999995;22,38234118621974;0,005156187582761051;0,005156187582761051
2024-08-27 15:00:00;52,81880547933752;39,684774999999995;39,684774999999995;39,684774999999995;13,128874291754762;0,005156187582761051;0,005156187582761051
2024-08-27 16:00:00;42,43170134993265;39,803799999999995;39,803799999999995;39,803799999999995;2,6227451623498936;0,005156187582761051;0,005156187582761051
2024-08-27 17:00:00;28,44458272474146;38,519825;28,44458272474146;28,4394265371587;0,0;0,005156187582761051;0,005156187582761051
2024-08-27 18:00:00;5,192153900269375;31,581874999999997;5,192153900269375;5,186997712686614;0,0;0,005156187582761051;0,005156187582761051
2024-08-27 19:00:00;0,0;22,20075;0,0;0,0;0,0;0,0;0,005156187582761051
2024-08-27 20:00:00;0,0;20,1139025;0,0;0,0;0,0;0,0;0,005156187582761051
2024-08-27 21:00:00;0,0;19,7407275;0,0;0,0;0,0;0,0;0,005156187582761051
2024-08-27 22:00:00;0,0;18,281837499999998;0,0;0,0;0,0;0,0;0,005156187582761051
2024-08-27 23:00:00;0,0;17,252587499999997;0,0;0,0;0,0;0,0;0,005156187582761051
2024-08-28 00:00:00;0,0;15,284764999999998;0,0;0,0;0,0;0,0;0,005156187582761051
2024-08-28 01:00:00;0,0;13,073717499999999;0,0;0,0;0,0;0,0;0,005156187582761051
2024-08-28 02:00:00;0,0;12,13503;0,0;0,0;0,0;0,0;0,005156187582761051
2024-08-28 03:00:00;0,0;12,242555000000001;0,0;0,0;0,0;0,0;0,005156187582761051
2024-08-28 04:00:00;0,0;14,702347499999998;0,0;0,0;0,0;0,0;0,005156187582761051
2024-08-28 05:00:00;2,2724610654449355;16,1273125;2,2724610654449355;2,2673048778621743;0,0;0,005156187582761051;0,005156187582761051
2024-08-28 06:00:00;34,52082780612403;17,0151125;17,0151125;17,0151125;17,50055911854127;0,005156187582761051;0,005156187582761051
2024-08-28 07:00:00;74,99931563616012;23,099417499999998;23,099417499999998;23,099417499999998;51,89474194857736;0,005156187582761051;0,005156187582761051
2024-08-28 08:00:00;89,22878276308145;37,0047;37,0047;37,0047;52,2189265754987;0,005156187582761051;0,005156187582761051
2024-08-28 09:00:00;134,10986106426114;44,8707;44,8707;44,8707;89,23400487667837;0,005156187582761051;0,005156187582761051
2024-08-28 10:00:00;123,02367471832702;45,899375;45,899375;45,899375;77,11914353074425;0,005156187582761051;0,005156187582761051
2024-08-28 11:00:00;119,49645354540466;47,200599999999994;47,200599999999994;47,200599999999994;72,29069735782191;0,005156187582761051;0,005156187582761051
2024-08-28 12:00:00;145,34178200983158;44,434850000000004;44,434850000000004;44,434850000000004;100,9017758222488;0,005156187582761051;0,005156187582761051
2024-08-28 13:00:00;115,21096859264901;38,7803;38,7803;38,7803;76,42551240506626;0,005156187582761051;0,005156187582761051
2024-08-28 14:00:00;87,42300531276615;37,326699999999995;37,326699999999995;37,326699999999995;50,0911491251834;0,005156187582761051;0,005156187582761051
2024-08-28 15:00:00;76,40561753417298;39,684774999999995;39,684774999999995;39,684774999999995;36,715686346590225;0,005156187582761051;0,005156187582761051
2024-08-28 16:00:00;75,85966761269297;39,803799999999995;39,803799999999995;39,803799999999995;36,05071142511022;0,005156187582761051;0,005156187582761051
2024-08-28 17:00:00;50,6490614147022;38,519825;38,519825;38,519825;12,124080227119443;0,005156187582761051;0,005156187582761051
2024-08-28 18:00:00;13,952127525887667;31,581874999999997;13,952127525887667;13,946971338304905;0,0;0,005156187582761051;0,005156187582761051
2024-08-28 19:00:00;0,0;22,20075;0,0;0,0;0,0;0,0;0,005156187582761051
2024-08-28 20:00:00;0,0;20,1139025;0,0;0,0;0,0;0,0;0,005156187582761051
2024-08-28 21:00:00;0,0;19,7407275;0,0;0,0;0,0;0,0;0,005156187582761051
2024-08-28 22:00:00;0,0;18,281837499999998;0,0;0,0;0,0;0,0;0,005156187582761051
2024-08-28 23:00:00;0,0;17,252587499999997;0,0;0,0;0,0;0,0;0,005156187582761051
2024-08-29 00:00:00;0,0;15,284764999999998;0,0;0,0;0,0;0,0;0,005156187582761051
2024-08-29 01:00:00;0,0;13,073717499999999;0,0;0,0;0,0;0,0;0,005156187582761051
2024-08-29 02:00:00;0,0;12,13503;0,0;0,0;0,0;0,0;0,005156187582761051
2024-08-29 03:00:00;0,0;12,242555000000001;0,0;0,0;0,0;0,0;0,005156187582761051
2024-08-29 04:00:00;0,0;14,702347499999998;0,0;0,0;0,0;0,0;0,005156187582761051
2024-08-29 05:00:00;3,8908326978625087;16,1273125;3,8908326978625087;3,8856765102797475;0,0;0,005156187582761051;0,005156187582761051
2024-08-29 06:00:00;38,48414312364319;17,0151125;17,0151125;17,0151125;21,46387443606043;0,005156187582761051;0,005156187582761051
2024-08-29 07:00:00;82,78908890605781;23,099417499999998;23,099417499999998;23,099417499999998;59,684515218475056;0,005156187582761051;0,005156187582761051
2024-08-29 08:00:00;124,01200682550488;37,0047;37,0047;37,0047;87,00215063792213;0,005156187582761051;0,005156187582761051
2024-08-29 09:00:00;159,28051970702165;44,8707;44,8707;44,8707;114,40466351943888;0,005156187582761051;0,005156187582761051
2024-08-29 10:00:00;171,6834958364713;45,899375;45,899375;45,899375;125,77896464888855;0,005156187582761051;0,005156187582761051
2024-08-29 11:00:00;132,04590404403186;47,200599999999994;47,200599999999994;47,200599999999994;84,8401478564491;0,005156187582761051;0,005156187582761051
2024-08-29 12:00:00;111,29314910191984;44,434850000000004;44,434850000000004;44,434850000000004;66,85314291433707;0,005156187582761051;0,005156187582761051
2024-08-29 13:00:00;147,39094363923485;38,7803;38,7803;38,7803;108,60548745165208;0,005156187582761051;0,005156187582761051
2024-08-29 14:00:00;136,3883512514677;37,326699999999995;37,326699999999995;37,326699999999995;99,05649506388494;0,005156187582761051;0,005156187582761051
2024-08-29 15:00:00;117,0115676561752;39,684774999999995;39,684774999999995;39,684774999999995;77,32163646859246;0,005156187582761051;0,005156187582761051
2024-08-29 16:00:00;90,44940250622783;39,803799999999995;39,803799999999995;39,803799999999995;50,640446318645076;0,005156187582761051;0,005156187582761051
2024-08-29 17:00:00;46,40574332580067;38,519825;38,519825;38,519825;7,880762138217911;0,005156187582761051;0,005156187582761051
2024-08-29 18:00:00;10,250143196528432;31,581874999999997;10,250143196528432;10,244987008945671;0,0;0,005156187582761051;0,005156187582761051
2024-08-29 19:00:00;0,0;22,20075;0,0;0,0;0,0;0,0;0,005156187582761051
2024-08-29 20:00:00;0,0;20,1139025;0,0;0,0;0,0;0,0;0,005156187582761051
2024-08-29 21:00:00;0,0;19,7407275;0,0;0,0;0,0;0,0;0,005156187582761051
2024-08-29 22:00:00;0,0;18,281837499999998;0,0;0,0;0,0;0,0;0,005156187582761051
2024-08-29 23:00:00;0,0;17,252587499999997;0,0;0,0;0,0;0,0;0,005156187582761051
2024-08-30 00:00:00;0,0;17,360055000000003;0,0;0,0;0,0;0,0;0,005156187582761051
2024-08-30 01:00:00;0,0;16,975495;0,0;0,0;0,0;0,0;0,005156187582761051
2024-08-30 02:00:00;0,0;15,5109125;0,0;0,0;0,0;0,0;0,005156187582761051
2024-08-30 03:00:00;0,0;15,1377375;0,0;0,0;0,0;0,0;0,005156187582761051
2024-08-30 04:00:00;0,0;15,720155;0,0;0,0;0,0;0,0;0,005156187582761051
2024-08-30 05:00:00;0,1410518584398281;16,3930775;0,1410518584398281;0,13589567085706705;0,0;0,005156187582761051;0,005156187582761051
2024-08-30 06:00:00;29,63716520227252;17,3657475;17,3657475;17,3657475;12,26626151468976;0,005156187582761051;0,005156187582761051
2024-08-30 07:00:00;54,09564770762274;25,700429999999997;25,700429999999997;25,700429999999997;28,39006152003998;0,005156187582761051;0,005156187582761051
2024-08-30 08:00:00;94,13789343915374;36,365875;36,365875;36,365875;57,766862251570984;0,005156187582761051;0,005156187582761051
2024-08-30 09:00:00;97,40323619445557;39,808975000000004;39,808975000000004;39,808975000000004;57,58910500687281;0,005156187582761051;0,005156187582761051
2024-08-30 10:00:00;87,62792147570649;40,7997;40,7997;40,7997;46,82306528812373;0,005156187582761051;0,005156187582761051
2024-08-30 11:00:00;61,03394623548316;41,838725000000004;41,838725000000004;41,838725000000004;19,19006504790039;0,005156187582761051;0,005156187582761051
2024-08-30 12:00:00;62,26566252174905;40,82155;40,82155;40,82155;21,438956334166285;0,005156187582761051;0,005156187582761051
2024-08-30 13:00:00;57,53039768788247;35,7719;35,7719;35,7719;21,753341500299705;0,005156187582761051;0,005156187582761051
2024-08-30 14:00:00;39,050362730554845;26,656425;26,656425;26,656425;12,388781542972083;0,005156187582761051;0,005156187582761051
2024-08-30 15:00:00;20,52912260977677;20,1139025;20,1139025;20,1139025;0,4100639221940128;0,005156187582761051;0,005156187582761051
2024-08-30 16:00:00;10,014186303635123;17,456195;10,014186303635123;10,009030116052362;0,0;0,005156187582761051;0,005156187582761051
2024-08-30 17:00:00;2,5085511168556804;17,043345;2,5085511168556804;2,503394929272919;0,0;0,005156187582761051;0,005156187582761051
2024-08-30 18:00:00;0,5418294051349625;17,78981;0,5418294051349625;0,5366732175522014;0,0;0,005156187582761051;0,005156187582761051
2024-08-30 19:00:00;0,0;18,0273425;0,0;0,0;0,0;0,0;0,005156187582761051
2024-08-30 20:00:00;0,0;19,1355975;0,0;0,0;0,0;0,0;0,005156187582761051
2024-08-30 21:00:00;0,0;19,305279999999996;0,0;0,0;0,0;0,0;0,005156187582761051
2024-08-30 22:00:00;0,0;17,7389225;0,0;0,0;0,0;0,0;0,005156187582761051
2024-08-30 23:00:00;0,0;16,296995000000003;0,0;0,0;0,0;0,0;0,005156187582761051
2024-08-31 00:00:00;0,0;15,0076725;0,0;0,0;0,0;0,0;0,005156187582761051
2024-08-31 01:00:00;0,0;12,870167499999999;0,0;0,0;0,0;0,0;0,005156187582761051
2024-08-31 02:00:00;0,0;11,58648;0,0;0,0;0,0;0,0;0,005156187582761051
2024-08-31 03:00:00;0,0;10,8739975;0,0;0,0;0,0;0,0;0,005156187582761051
2024-08-31 04:00:00;0,0;10,5291125;0,0;0,0;0,0;0,0;0,005156187582761051
2024-08-31 05:00:00;0,8754506728708079;10,4443;0,8754506728708079;0,8702944852880469;0,0;0,005156187582761051;0,005156187582761051
2024-08-31 06:00:00;22,955418751335216;10,630945;10,630945;10,630945;12,319317563752456;0,005156187582761051;0,005156187582761051
2024-08-31 07:00:00;73,33705347685718;12,0162925;12,0162925;12,0162925;61,315604789274424;0,005156187582761051;0,005156187582761051
2024-08-31 08:00:00;116,66609528038772;12,169012500000001;12,169012500000001;12,169012500000001;104,49192659280496;0,005156187582761051;0,005156187582761051
2024-08-31 09:00:00;151,40567293987442;13,2603625;13,2603625;13,2603625;138,14015425229167;0,005156187582761051;0,005156187582761051
2024-08-31 10:00:00;173,54253669376024;15,0189425;15,0189425;15,0189425;158,51843800617746;0,005156187582761051;0,005156187582761051
2024-08-31 11:00:00;177,1688869852169;16,342132499999998;16,342132499999998;16,342132499999998;160,82159829763413;0,005156187582761051;0,005156187582761051
2024-08-31 12:00:00;174,6381353844268;17,4900625;17,4900625;17,4900625;157,14291669684403;0,005156187582761051;0,005156187582761051
2024-08-31 13:00:00;179,74328498894377;17,891585000000003;17,891585000000003;17,891585000000003;161,846543801361;0,005156187582761051;0,005156187582761051
2024-08-31 14:00:00;126,19136789417712;16,51745;16,51745;16,51745;109,66876170659437;0,005156187582761051;0,005156187582761051
2024-08-31 15:00:00;106,6969609418178;14,49874;14,49874;14,49874;92,19306475423505;0,005156187582761051;0,005156187582761051
2024-08-31 16:00:00;58,38409173854361;13,5996125;13,5996125;13,5996125;44,77932305096085;0,005156187582761051;0,005156187582761051
2024-08-31 17:00:00;31,806687336045435;15,273494999999999;15,273494999999999;15,273494999999999;16,528036148462675;0,005156187582761051;0,005156187582761051
2024-08-31 18:00:00;3,514704272283518;17,05473;3,514704272283518;3,5095480847007567;0,0;0,005156187582761051;0,005156187582761051
2024-08-31 19:00:00;0,0;17,8180425;0,0;0,0;0,0;0,0;0,005156187582761051
2024-08-31 20:00:00;0,0;18,796405;0,0;0,0;0,0;0,0;0,005156187582761051
2024-08-31 21:00:00;0,0;18,491022499999996;0,0;0,0;0,0;0,0;0,005156187582761051
2024-08-31 22:00:00;0,0;16,8115625;0,0;0,0;0,0;0,0;0,005156187582761051
2024-08-31 23:00:00;0,0;14,8776075;0,0;0,0;0,0;0,0;0,005156187582761051
2024-09-01 00:00:00;0,0;15,284764999999998;0,0;0,0;0,0;0,0;0,005156187582761051
2024-09-01 01:00:00;0,0;13,073717499999999;0,0;0,0;0,0;0,0;0,005156187582761051
2024-09-01 02:00:00;0,0;12,13503;0,0;0,0;0,0;0,0;0,005156187582761051
2024-09-01 03:00:00;0,0;12,242555000000001;0,0;0,0;0,0;0,0;0,005156187582761051
2024-09-01 04:00:00;0,0;14,702347499999998;0,0;0,0;0,0;0,0;0,005156187582761051
2024-09-01 05:00:00;2,9106306579435044;16,1273125;2,9106306579435044;2,905474470360743;0,0;0,005156187582761051;0,005156187582761051
2024-09-01 06:00:00;21,314609908729988;17,0151125;17,0151125;17,0151125;4,294341221147228;0,005156187582761051;0,005156187582761051
2024-09-01 07:00:00;36,65609861013473;23,099417499999998;23,099417499999998;23,099417499999998;13,551524922551966;0,005156187582761051;0,005156187582761051
2024-09-01 08:00:00;43,89644504170828;37,0047;37,0047;37,0047;6,88658885412552;0,005156187582761051;0,005156187582761051
2024-09-01 09:00:00;94,93536500467603;44,8707;44,8707;44,8707;50,059508817093274;0,005156187582761051;0,005156187582761051
2024-09-01 10:00:00;109,85429734408973;45,899375;45,899375;45,899375;63,949766156506975;0,005156187582761051;0,005156187582761051
2024-09-01 11:00:00;124,07266792789157;47,200599999999994;47,200599999999994;47,200599999999994;76,86691174030882;0,005156187582761051;0,005156187582761051
2024-09-01 12:00:00;102,5542515105332;44,434850000000004;44,434850000000004;44,434850000000004;58,114245322950445;0,005156187582761051;0,005156187582761051
2024-09-01 13:00:00;54,9508212973665;38,7803;38,7803;38,7803;16,165365109783743;0,005156187582761051;0,005156187582761051
2024-09-01 14:00:00;24,794855715779715;37,326699999999995;24,794855715779715;24,789699528196955;0,0;0,005156187582761051;0,005156187582761051
2024-09-01 15:00:00;49,89893509982317;39,684774999999995;39,684774999999995;39,684774999999995;10,209003912240412;0,005156187582761051;0,005156187582761051
2024-09-01 16:00:00;43,50066833711234;39,803799999999995;39,803799999999995;39,803799999999995;3,691712149529579;0,005156187582761051;0,005156187582761051
2024-09-01 17:00:00;14,712166752620135;38,519825;14,712166752620135;14,707010565037374;0,0;0,005156187582761051;0,005156187582761051
2024-09-01 18:00:00;0,2996806411809637;31,581874999999997;0,2996806411809637;0,2945244535982027;0,0;0,005156187582761051;0,005156187582761051
2024-09-01 19:00:00;0,0;22,20075;0,0;0,0;0,0;0,0;0,005156187582761051
2024-09-01 20:00:00;0,0;20,1139025;0,0;0,0;0,0;0,0;0,005156187582761051
2024-09-01 21:00:00;0,0;19,7407275;0,0;0,0;0,0;0,0;0,005156187582761051
2024-09-01 22:00:00;0,0;18,281837499999998;0,0;0,0;0,0;0,0;0,005156187582761051
2024-09-01 23:00:00;0,0;17,252587499999997;0,0;0,0;0,0;0,0;0,005156187582761051
2024-09-02 00:00:00;0,0;15,284764999999998;0,0;0,0;0,0;0,0;0,005156187582761051
2024-09-02 01:00:00;0,0;13,073717499999999;0,0;0,0;0,0;0,0;0,005156187582761051
2024-09-02 02:00:00;0,0;12,13503;0,0;0,0;0,0;0,0;0,005156187582761051
2024-09-02 03:00:00;0,0;12,242555000000001;0,0;0,0;0,0;0,0;0,005156187582761051
2024-09-02 04:00:00;0,0;14,702347499999998;0,0;0,0;0,0;0,0;0,005156187582761051
2024-09-02 05:00:00;0,050015818687348695;16,1273125;0,050015818687348695;0,04485963110458764;0,0;0,005156187582761051;0,005156187582761051
2024-09-02 06:00:00;2,0384867549223116;17,0151125;2,0384867549223116;2,0333305673395503;0,0;0,005156187582761051;0,005156187582761051
2024-09-02 07:00:00;9,168555740974151;23,099417499999998;9,168555740974151;9,16339955339139;0,0;0,005156187582761051;0,005156187582761051
2024-09-02 08:00:00;24,72753668752134;37,0047;24,72753668752134;24,72238049993858;0,0;0,005156187582761051;0,005156187582761051
2024-09-02 09:00:00;27,07097864045409;44,8707;27,07097864045409;27,06582245287133;0,0;0,005156187582761051;0,005156187582761051
2024-09-02 10:00:00;27,64592752795309;45,899375;27,64592752795309;27,640771340370332;0,0;0,005156187582761051;0,005156187582761051
2024-09-02 11:00:00;32,01944505612356;47,200599999999994;32,01944505612356;32,014288868540795;0,0;0,005156187582761051;0,005156187582761051
2024-09-02 12:00:00;39,37571337481895;44,434850000000004;39,37571337481895;39,37055718723619;0,0;0,005156187582761051;0,005156187582761051
2024-09-02 13:00:00;31,13216546828735;38,7803;31,13216546828735;31,12700928070459;0,0;0,005156187582761051;0,005156187582761051
2024-09-02 14:00:00;19,49292741327671;37,326699999999995;19,49292741327671;19,48777122569395;0,0;0,005156187582761051;0,005156187582761051
2024-09-02 15:00:00;22,328685995945154;39,684774999999995;22,328685995945154;22,323529808362395;0,0;0,005156187582761051;0,005156187582761051
2024-09-02 16:00:00;23,7536300863988;39,803799999999995;23,7536300863988;23,74847389881604;0,0;0,005156187582761051;0,005156187582761051
2024-09-02 17:00:00;11,360418914894362;38,519825;11,360418914894362;11,355262727311601;0,0;0,005156187582761051;0,005156187582761051
2024-09-02 18:00:00;0,27762071345937317;31,581874999999997;0,27762071345937317;0,27246452587661213;0,0;0,005156187582761051;0,005156187582761051
2024-09-02 19:00:00;0,0;22,20075;0,0;0,0;0,0;0,0;0,005156187582761051
2024-09-02 20:00:00;0,0;20,1139025;0,0;0,0;0,0;0,0;0,005156187582761051
2024-09-02 21:00:00;0,0;19,7407275;0,0;0,0;0,0;0,0;0,005156187582761051
2024-09-02 22:00:00;0,0;18,281837499999998;0,0;0,0;0,0;0,0;0,005156187582761051
2024-09-02 23:00:00;0,0;17,252587499999997;0,0;0,0;0,0;0,0;0,005156187582761051
2024-09-03 00:00:00;0,0;15,284764999999998;0,0;0,0;0,0;0,0;0,005156187582761051
2024-09-03 01:00:00;0,0;13,073717499999999;0,0;0,0;0,0;0,0;0,005156187582761051
2024-09-03 02:00:00;0,0;12,13503;0,0;0,0;0,0;0,0;0,005156187582761051
2024-09-03 03:00:00;0,0;12,242555000000001;0,0;0,0;0,0;0,0;0,005156187582761051
2024-09-03 04:00:00;0,0;14,702347499999998;0,0;0,0;0,0;0,0;0,005156187582761051
2024-09-03 05:00:00;0,30104181713695716;16,1273125;0,30104181713695716;0,2958856295541961;0,0;0,005156187582761051;0,005156187582761051
2024-09-03 06:00:00;9,972115609821344;17,0151125;9,972115609821344;9,966959422238583;0,0;0,005156187582761051;0,005156187582761051
2024-09-03 07:00:00;21,28494515012383;23,099417499999998;21,28494515012383;21,27978896254107;0,0;0,005156187582761051;0,005156187582761051
2024-09-03 08:00:00;33,710336296674846;37,0047;33,710336296674846;33,70518010909208;0,0;0,005156187582761051;0,005156187582761051
2024-09-03 09:00:00;51,15876262865848;44,8707;44,8707;44,8707;6,282906441075717;0,005156187582761051;0,005156187582761051
2024-09-03 10:00:00;49,62226129137667;45,899375;45,899375;45,899375;3,7177301037939046;0,005156187582761051;0,005156187582761051
2024-09-03 11:00:00;35,459225469264126;47,200599999999994;35,459225469264126;35,45406928168136;0,0;0,005156187582761051;0,005156187582761051
2024-09-03 12:00:00;34,49034930102244;44,434850000000004;34,49034930102244;34,48519311343968;0,0;0,005156187582761051;0,005156187582761051
2024-09-03 13:00:00;63,945975057859734;38,7803;38,7803;38,7803;25,160518870276974;0,005156187582761051;0,005156187582761051
2024-09-03 14:00:00;73,63961921924921;37,326699999999995;37,326699999999995;37,326699999999995;36,30776303166646;0,005156187582761051;0,005156187582761051
2024-09-03 15:00:00;63,91682813793247;39,684774999999995;39,684774999999995;39,684774999999995;24,226896950349712;0,005156187582761051;0,005156187582761051
2024-09-03 16:00:00;62,91961879625897;39,803799999999995;39,803799999999995;39,803799999999995;23,110662608676215;0,005156187582761051;0,005156187582761051
2024-09-03 17:00:00;36,87270313182761;38,519825;36,87270313182761;36,86754694424485;0,0;0,005156187582761051;0,005156187582761051
2024-09-03 18:00:00;5,156770723108957;31,581874999999997;5,156770723108957;5,151614535526195;0,0;0,005156187582761051;0,005156187582761051
2024-09-03 19:00:00;0,0;22,20075;0,0;0,0;0,0;0,0;0,005156187582761051
2024-09-03 20:00:00;0,0;20,1139025;0,0;0,0;0,0;0,0;0,005156187582761051
2024-09-03 21:00:00;0,0;19,7407275;0,0;0,0;0,0;0,0;0,005156187582761051
2024-09-03 22:00:00;0,0;18,281837499999998;0,0;0,0;0,0;0,0;0,005156187582761051
2024-09-03 23:00:00;0,0;17,252587499999997;0,0;0,0;0,0;0,0;0,005156187582761051
2024-09-04 00:00:00;0,0;15,284764999999998;0,0;0,0;0,0;0,0;0,005156187582761051
2024-09-04 01:00:00;0,0;13,073717499999999;0,0;0,0;0,0;0,0;0,005156187582761051
2024-09-04 02:00:00;0,0;12,13503;0,0;0,0;0,0;0,0;0,005156187582761051
2024-09-04 03:00:00;0,0;12,242555000000001;0,0;0,0;0,0;0,0;0,005156187582761051
2024-09-04 04:00:00;0,0;14,702347499999998;0,0;0,0;0,0;0,0;0,005156187582761051
2024-09-04 05:00:00;0,0;16,1273125;0,0;0,0;0,0;0,0;0,005156187582761051
2024-09-04 06:00:00;5,750154667577172;17,0151125;5,750154667577172;5,744998479994411;0,0;0,005156187582761051;0,005156187582761051
2024-09-04 07:00:00;17,150077275976997;23,099417499999998;17,150077275976997;17,144921088394238;0,0;0,005156187582761051;0,005156187582761051
2024-09-04 08:00:00;35,53704922500897;37,0047;35,53704922500897;35,53189303742621;0,0;0,005156187582761051;0,005156187582761051
2024-09-04 09:00:00;85,45891718061247;44,8707;44,8707;44,8707;40,58306099302972;0,005156187582761051;0,005156187582761051
2024-09-04 10:00:00;109,19960130003851;45,899375;45,899375;45,899375;63,295070112455754;0,005156187582761051;0,005156187582761051
2024-09-04 11:00:00;101,93728371308832;47,200599999999994;47,200599999999994;47,200599999999994;54,73152752550557;0,005156187582761051;0,005156187582761051
2024-09-04 12:00:00;65,22178160878713;44,434850000000004;44,434850000000004;44,434850000000004;20,781775421204365;0,005156187582761051;0,005156187582761051
2024-09-04 13:00:00;82,20245165980623;38,7803;38,7803;38,7803;43,416995472223476;0,005156187582761051;0,005156187582761051
2024-09-04 14:00:00;53,713926624311526;37,326699999999995;37,326699999999995;37,326699999999995;16,382070436728768;0,005156187582761051;0,005156187582761051
2024-09-04 15:00:00;29,793478506349377;39,684774999999995;29,793478506349377;29,788322318766618;0,0;0,005156187582761051;0,005156187582761051
2024-09-04 16:00:00;15,91421828027984;39,803799999999995;15,91421828027984;15,909062092697079;0,0;0,005156187582761051;0,005156187582761051
2024-09-04 17:00:00;8,634220201292566;38,519825;8,634220201292566;8,629064013709804;0,0;0,005156187582761051;0,005156187582761051
2024-09-04 18:00:00;1,8290506000846347;31,581874999999997;1,8290506000846347;1,8238944125018737;0,0;0,005156187582761051;0,005156187582761051
2024-09-04 19:00:00;0,0;22,20075;0,0;0,0;0,0;0,0;0,005156187582761051
2024-09-04 20:00:00;0,0;20,1139025;0,0;0,0;0,0;0,0;0,005156187582761051
2024-09-04 21:00:00;0,0;19,7407275;0,0;0,0;0,0;0,0;0,005156187582761051
2024-09-04 22:00:00;0,0;18,281837499999998;0,0;0,0;0,0;0,0;0,005156187582761051
2024-09-04 23:00:00;0,0;17,252587499999997;0,0;0,0;0,0;0,0;0,005156187582761051
2024-09-05 00:00:00;0,0;15,284764999999998;0,0;0,0;0,0;0,0;0,005156187582761051
2024-09-05 01:00:00;0,0;13,073717499999999;0,0;0,0;0,0;0,0;0,005156187582761051
2024-09-05 02:00:00;0,0;12,13503;0,0;0,0;0,0;0,0;0,005156187582761051
2024-09-05 03:00:00;0,0;12,242555000000001;0,0;0,0;0,0;0,0;0,005156187582761051
2024-09-05 04:00:00;0,0;14,702347499999998;0,0;0,0;0,0;0,0;0,005156187582761051
2024-09-05 05:00:00;0,7805086499402603;16,1273125;0,7805086499402603;0,7753524623574992;0,0;0,005156187582761051;0,005156187582761051
2024-09-05 06:00:00;28,2297536499477;17,0151125;17,0151125;17,0151125;11,20948496236494;0,005156187582761051;0,005156187582761051
2024-09-05 07:00:00;71,19985927203909;23,099417499999998;23,099417499999998;23,099417499999998;48,095285584456335;0,005156187582761051;0,005156187582761051
2024-09-05 08:00:00;113,4199865331597;37,0047;37,0047;37,0047;76,41013034557695;0,005156187582761051;0,005156187582761051
2024-09-05 09:00:00;147,3502563144633;44,8707;44,8707;44,8707;102,47440012688054;0,005156187582761051;0,005156187582761051
2024-09-05 10:00:00;170,4414227766272;45,899375;45,899375;45,899375;124,53689158904444;0,005156187582761051;0,005156187582761051
2024-09-05 11:00:00;171,58214740931308;47,200599999999994;47,200599999999994;47,200599999999994;124,37639122173032;0,005156187582761051;0,005156187582761051
2024-09-05 12:00:00;166,2328738561668;44,434850000000004;44,434850000000004;44,434850000000004;121,79286766858402;0,005156187582761051;0,005156187582761051
2024-09-05 13:00:00;140,91130222698092;38,7803;38,7803;38,7803;102,12584603939816;0,005156187582761051;0,005156187582761051
2024-09-05 14:00:00;132,66657068918323;37,326699999999995;37,326699999999995;37,326699999999995;95,33471450160047;0,005156187582761051;0,005156187582761051
2024-09-05 15:00:00;98,07124809025021;39,684774999999995;39,684774999999995;39,684774999999995;58,38131690266746;0,005156187582761051;0,005156187582761051
2024-09-05 16:00:00;44,788311200700555;39,803799999999995;39,803799999999995;39,803799999999995;4,979355013117797;0,005156187582761051;0,005156187582761051
2024-09-05 17:00:00;15,458076381113756;38,519825;15,458076381113756;15,452920193530995;0,0;0,005156187582761051;0,005156187582761051
2024-09-05 18:00:00;0,7340659181373945;31,581874999999997;0,7340659181373945;0,7289097305546335;0,0;0,005156187582761051;0,005156187582761051
2024-09-05 19:00:00;0,0;22,20075;0,0;0,0;0,0;0,0;0,005156187582761051
2024-09-05 20:00:00;0,0;20,1139025;0,0;0,0;0,0;0,0;0,005156187582761051
2024-09-05 21:00:00;0,0;19,7407275;0,0;0,0;0,0;0,0;0,005156187582761051
2024-09-05 22:00:00;0,0;18,281837499999998;0,0;0,0;0,0;0,0;0,005156187582761051
2024-09-05 23:00:00;0,0;17,252587499999997;0,0;0,0;0,0;0,0;0,005156187582761051
2024-09-06 00:00:00;0,0;17,360055000000003;0,0;0,0;0,0;0,0;0,005156187582761051
2024-09-06 01:00:00;0,0;16,975495;0,0;0,0;0,0;0,0;0,005156187582761051
2024-09-06 02:00:00;0,0;15,5109125;0,0;0,0;0,0;0,0;0,005156187582761051
2024-09-06 03:00:00;0,0;15,1377375;0,0;0,0;0,0;0,0;0,005156187582761051
2024-09-06 04:00:00;0,0;15,720155;0,0;0,0;0,0;0,0;0,005156187582761051
2024-09-06 05:00:00;0,7212827004637163;16,3930775;0,7212827004637163;0,7161265128809553;0,0;0,005156187582761051;0,005156187582761051
2024-09-06 06:00:00;21,520265841211614;17,3657475;17,3657475;17,3657475;4,149362153628854;0,005156187582761051;0,005156187582761051
2024-09-06 07:00:00;33,64908337865514;25,700429999999997;25,700429999999997;25,700429999999997;7,943497191072382;0,005156187582761051;0,005156187582761051
2024-09-06 08:00:00;38,46365150734916;36,365875;36,365875;36,365875;2,0926203197663966;0,005156187582761051;0,005156187582761051
2024-09-06 09:00:00;44,06600022057443;39,808975000000004;39,808975000000004;39,808975000000004;4,251869032991664;0,005156187582761051;0,005156187582761051
2024-09-06 10:00:00;46,96197604390477;40,7997;40,7997;40,7997;6,157119856322005;0,005156187582761051;0,005156187582761051
2024-09-06 11:00:00;64,3806636403281;41,838725000000004;41,838725000000004;41,838725000000004;22,536782452745335;0,005156187582761051;0,005156187582761051
2024-09-06 12:00:00;76,36345067031884;40,82155;40,82155;40,82155;35,53674448273608;0,005156187582761051;0,005156187582761051
2024-09-06 13:00:00;111,99445062707301;35,7719;35,7719;35,7719;76,21739443949025;0,005156187582761051;0,005156187582761051
2024-09-06 14:00:00;106,83455807649976;26,656425;26,656425;26,656425;80,172976888917;0,005156187582761051;0,005156187582761051
2024-09-06 15:00:00;101,13537353031822;20,1139025;20,1139025;20,1139025;81,01631484273547;0,005156187582761051;0,005156187582761051
2024-09-06 16:00:00;82,35854303302072;17,456195;17,456195;17,456195;64,89719184543796;0,005156187582761051;0,005156187582761051
2024-09-06 17:00:00;33,15883810363509;17,043345;17,043345;17,043345;16,11033691605233;0,005156187582761051;0,005156187582761051
2024-09-06 18:00:00;1,7827558221900293;17,78981;1,7827558221900293;1,7775996346072682;0,0;0,005156187582761051;0,005156187582761051
2024-09-06 19:00:00;0,0;18,0273425;0,0;0,0;0,0;0,0;0,005156187582761051
2024-09-06 20:00:00;0,0;19,1355975;0,0;0,0;0,0;0,0;0,005156187582761051
2024-09-06 21:00:00;0,0;19,305279999999996;0,0;0,0;0,0;0,0;0,005156187582761051
2024-09-06 22:00:00;0,0;17,7389225;0,0;0,0;0,0;0,0;0,005156187582761051
2024-09-06 23:00:00;0,0;16,296995000000003;0,0;0,0;0,0;0,0;0,005156187582761051
2024-09-07 00:00:00;0,0;15,0076725;0,0;0,0;0,0;0,0;0,005156187582761051
2024-09-07 01:00:00;0,0;12,870167499999999;0,0;0,0;0,0;0,0;0,005156187582761051
2024-09-07 02:00:00;0,0;11,58648;0,0;0,0;0,0;0,0;0,005156187582761051
2024-09-07 03:00:00;0,0;10,8739975;0,0;0,0;0,0;0,0;0,005156187582761051
2024-09-07 04:00:00;0,0;10,5291125;0,0;0,0;0,0;0,0;0,005156187582761051
2024-09-07 05:00:00;0,0;10,4443;0,0;0,0;0,0;0,0;0,005156187582761051
2024-09-07 06:00:00;1,0428087361992933;10,630945;1,0428087361992933;1,0376525486165322;0,0;0,005156187582761051;0,005156187582761051
2024-09-07 07:00:00;14,238647666928888;12,0162925;12,0162925;12,0162925;2,2171989793461258;0,005156187582761051;0,005156187582761051
2024-09-07 08:00:00;49,53637404763163;12,169012500000001;12,169012500000001;12,169012500000001;37,36220536004887;0,005156187582761051;0,005156187582761051
2024-09-07 09:00:00;83,36144860016225;13,2603625;13,2603625;13,2603625;70,09592991257949;0,005156187582761051;0,005156187582761051
2024-09-07 10:00:00;96,39345077057996;15,0189425;15,0189425;15,0189425;81,36935208299721;0,005156187582761051;0,005156187582761051
2024-09-07 11:00:00;114,2226364854711;16,342132499999998;16,342132499999998;16,342132499999998;97,87534779788834;0,005156187582761051;0,005156187582761051
2024-09-07 12:00:00;100,63528932039888;17,4900625;17,4900625;17,4900625;83,14007063281613;0,005156187582761051;0,005156187582761051
2024-09-07 13:00:00;86,73058102210858;17,891585000000003;17,891585000000003;17,891585000000003;68,83383983452582;0,005156187582761051;0,005156187582761051
2024-09-07 14:00:00;78,43924400320896;16,51745;16,51745;16,51745;61,9166378156262;0,005156187582761051;0,005156187582761051
2024-09-07 15:00:00;41,33832196789004;14,49874;14,49874;14,49874;26,834425780307278;0,005156187582761051;0,005156187582761051
2024-09-07 16:00:00;31,56130577919596;13,5996125;13,5996125;13,5996125;17,9565370916132;0,005156187582761051;0,005156187582761051
2024-09-07 17:00:00;19,735349891960993;15,273494999999999;15,273494999999999;15,273494999999999;4,456698704378235;0,005156187582761051;0,005156187582761051
2024-09-07 18:00:00;1,9427753716688103;17,05473;1,9427753716688103;1,9376191840860493;0,0;0,005156187582761051;0,005156187582761051
2024-09-07 19:00:00;0,0;17,8180425;0,0;0,0;0,0;0,0;0,005156187582761051
2024-09-07 20:00:00;0,0;18,796405;0,0;0,0;0,0;0,0;0,005156187582761051
2024-09-07 21:00:00;0,0;18,491022499999996;0,0;0,0;0,0;0,0;0,005156187582761051
2024-09-07 22:00:00;0,0;16,8115625;0,0;0,0;0,0;0,0;0,005156187582761051
2024-09-07 23:00:00;0,0;14,8776075;0,0;0,0;0,0;0,0;0,005156187582761051
2024-09-08 00:00:00;0,0;15,284764999999998;0,0;0,0;0,0;0,0;0,005156187582761051
2024-09-08 01:00:00;0,0;13,073717499999999;0,0;0,0;0,0;0,0;0,005156187582761051
2024-09-08 02:00:00;0,0;12,13503;0,0;0,0;0,0;0,0;0,005156187582761051
2024-09-08 03:00:00;0,0;12,242555000000001;0,0;0,0;0,0;0,0;0,005156187582761051
2024-09-08 04:00:00;0,0;14,702347499999998;0,0;0,0;0,0;0,0;0,005156187582761051
2024-09-08 05:00:00;0,0;16,1273125;0,0;0,0;0,0;0,0;0,005156187582761051
2024-09-08 06:00:00;8,36020956319474;17,0151125;8,36020956319474;8,355053375611979;0,0;0,005156187582761051;0,005156187582761051
2024-09-08 07:00:00;34,46408748230626;23,099417499999998;23,099417499999998;23,099417499999998;11,359513794723501;0,005156187582761051;0,005156187582761051
2024-09-08 08:00:00;48,17601183813354;37,0047;37,0047;37,0047;11,166155650550778;0,005156187582761051;0,005156187582761051
2024-09-08 09:00:00;88,91216139940471;44,8707;44,8707;44,8707;44,036305211821954;0,005156187582761051;0,005156187582761051
2024-09-08 10:00:00;90,49748752641237;45,899375;45,899375;45,899375;44,592956338829616;0,005156187582761051;0,005156187582761051
2024-09-08 11:00:00;75,57559610883345;47,200599999999994;47,200599999999994;47,200599999999994;28,3698399212507;0,005156187582761051;0,005156187582761051
2024-09-08 12:00:00;72,81995456748791;44,434850000000004;44,434850000000004;44,434850000000004;28,37994837990515;0,005156187582761051;0,005156187582761051
2024-09-08 13:00:00;61,86470743036399;38,7803;38,7803;38,7803;23,079251242781233;0,005156187582761051;0,005156187582761051
2024-09-08 14:00:00;63,90721113389557;37,326699999999995;37,326699999999995;37,326699999999995;26,575354946312814;0,005156187582761051;0,005156187582761051
2024-09-08 15:00:00;54,78437315057381;39,684774999999995;39,684774999999995;39,684774999999995;15,094441962991056;0,005156187582761051;0,005156187582761051
2024-09-08 16:00:00;33,822633313044314;39,803799999999995;33,822633313044314;33,81747712546155;0,0;0,005156187582761051;0,005156187582761051
2024-09-08 17:00:00;11,290140808470783;38,519825;11,290140808470783;11,284984620888022;0,0;0,005156187582761051;0,005156187582761051
2024-09-08 18:00:00;1,3592377597953076;31,581874999999997;1,3592377597953076;1,3540815722125465;0,0;0,005156187582761051;0,005156187582761051
2024-09-08 19:00:00;0,0;22,20075;0,0;0,0;0,0;0,0;0,005156187582761051
2024-09-08 20:00:00;0,0;20,1139025;0,0;0,0;0,0;0,0;0,005156187582761051
2024-09-08 21:00:00;0,0;19,7407275;0,0;0,0;0,0;0,0;0,005156187582761051
2024-09-08 22:00:00;0,0;18,281837499999998;0,0;0,0;0,0;0,0;0,005156187582761051
2024-09-08 23:00:00;0,0;17,252587499999997;0,0;0,0;0,0;0,0;0,005156187582761051
2024-09-09 00:00:00;0,0;15,284764999999998;0,0;0,0;0,0;0,0;0,005156187582761051
2024-09-09 01:00:00;0,0;13,073717499999999;0,0;0,0;0,0;0,0;0,005156187582761051
2024-09-09 02:00:00;0,0;12,13503;0,0;0,0;0,0;0,0;0,005156187582761051
2024-09-09 03:00:00;0,0;12,242555000000001;0,0;0,0;0,0;0,0;0,005156187582761051
2024-09-09 04:00:00;0,0;14,702347499999998;0,0;0,0;0,0;0,0;0,005156187582761051
2024-09-09 05:00:00;0,0;16,1273125;0,0;0,0;0,0;0,0;0,005156187582761051
2024-09-09 06:00:00;12,58954600776568;17,0151125;12,58954600776568;12,584389820182919;0,0;0,005156187582761051;0,005156187582761051
2024-09-09 07:00:00;33,02242460021922;23,099417499999998;23,099417499999998;23,099417499999998;9,917850912636457;0,005156187582761051;0,005156187582761051
2024-09-09 08:00:00;58,42551883285646;37,0047;37,0047;37,0047;21,4156626452737;0,005156187582761051;0,005156187582761051
2024-09-09 09:00:00;104,95924228930217;44,8707;44,8707;44,8707;60,08338610171941;0,005156187582761051;0,005156187582761051
2024-09-09 10:00:00;143,52860686410324;45,899375;45,899375;45,899375;97,62407567652048;0,005156187582761051;0,005156187582761051
2024-09-09 11:00:00;174,16690218661816;47,200599999999994;47,200599999999994;47,200599999999994;126,9611459990354;0,005156187582761051;0,005156187582761051
2024-09-09 12:00:00;160,73268731659522;44,434850000000004;44,434850000000004;44,434850000000004;116,29268112901244;0,005156187582761051;0,005156187582761051
2024-09-09 13:00:00;117,74837811931083;38,7803;38,7803;38,7803;78,96292193172808;0,005156187582761051;0,005156187582761051
2024-09-09 14:00:00;85,87540743236484;37,326699999999995;37,326699999999995;37,326699999999995;48,54355124478209;0,005156187582761051;0,005156187582761051
2024-09-09 15:00:00;89,0667732335366;39,684774999999995;39,684774999999995;39,684774999999995;49,37684204595384;0,005156187582761051;0,005156187582761051
2024-09-09 16:00:00;62,29451353385977;39,803799999999995;39,803799999999995;39,803799999999995;22,485557346277012;0,005156187582761051;0,005156187582761051
2024-09-09 17:00:00;23,79572297329882;38,519825;23,79572297329882;23,79056678571606;0,0;0,005156187582761051;0,005156187582761051
2024-09-09 18:00:00;1,651328365482525;31,581874999999997;1,651328365482525;1,646172177899764;0,0;0,005156187582761051;0,005156187582761051
2024-09-09 19:00:00;0,0;22,20075;0,0;0,0;0,0;0,0;0,005156187582761051
2024-09-09 20:00:00;0,0;20,1139025;0,0;0,0;0,0;0,0;0,005156187582761051
2024-09-09 21:00:00;0,0;19,7407275;0,0;0,0;0,0;0,0;0,005156187582761051
2024-09-09 22:00:00;0,0;18,281837499999998;0,0;0,0;0,0;0,0;0,005156187582761051
2024-09-09 23:00:00;0,0;17,252587499999997;0,0;0,0;0,0;0,0;0,005156187582761051
2024-09-10 00:00:00;0,0;15,284764999999998;0,0;0,0;0,0;0,0;0,005156187582761051
2024-09-10 01:00:00;0,0;13,073717499999999;0,0;0,0;0,0;0,0;0,005156187582761051
2024-09-10 02:00:00;0,0;12,13503;0,0;0,0;0,0;0,0;0,005156187582761051
2024-09-10 03:00:00;0,0;12,242555000000001;0,0;0,0;0,0;0,0;0,005156187582761051
2024-09-10 04:00:00;0,0;14,702347499999998;0,0;0,0;0,0;0,0;0,005156187582761051
2024-09-10 05:00:00;0,0;16,1273125;0,0;0,0;0,0;0,0;0,005156187582761051
2024-09-10 06:00:00;9,569362878450937;17,0151125;9,569362878450937;9,564206690868176;0,0;0,005156187582761051;0,005156187582761051
2024-09-10 07:00:00;33,700497361775554;23,099417499999998;23,099417499999998;23,099417499999998;10,595923674192793;0,005156187582761051;0,005156187582761051
2024-09-10 08:00:00;61,253657789249516;37,0047;37,0047;37,0047;24,243801601666753;0,005156187582761051;0,005156187582761051
2024-09-10 09:00:00;76,15779473783721;44,8707;44,8707;44,8707;31,281938550254452;0,005156187582761051;0,005156187582761051
2024-09-10 10:00:00;61,9579183925679;45,899375;45,899375;45,899375;16,053387204985135;0,005156187582761051;0,005156187582761051
2024-09-10 11:00:00;24,6221935048401;47,200599999999994;24,6221935048401;24,617037317257342;0,0;0,005156187582761051;0,005156187582761051
2024-09-10 12:00:00;36,20535702862014;44,434850000000004;36,20535702862014;36,20020084103738;0,0;0,005156187582761051;0,005156187582761051
2024-09-10 13:00:00;53,71170731568761;38,7803;38,7803;38,7803;14,926251128104852;0,005156187582761051;0,005156187582761051
2024-09-10 14:00:00;39,930540530794566;37,326699999999995;37,326699999999995;37,326699999999995;2,598684343211808;0,005156187582761051;0,005156187582761051
2024-09-10 15:00:00;25,70750939888254;39,684774999999995;25,70750939888254;25,70235321129978;0,0;0,005156187582761051;0,005156187582761051
2024-09-10 16:00:00;30,336617303572442;39,803799999999995;30,336617303572442;30,331461115989683;0,0;0,005156187582761051;0,005156187582761051
2024-09-10 17:00:00;23,308436776443965;38,519825;23,308436776443965;23,303280588861206;0,0;0,005156187582761051;0,005156187582761051
2024-09-10 18:00:00;2,174175284187708;31,581874999999997;2,174175284187708;2,1690190966049467;0,0;0,005156187582761051;0,005156187582761051
2024-09-10 19:00:00;0,0;22,20075;0,0;0,0;0,0;0,0;0,005156187582761051
2024-09-10 20:00:00;0,0;20,1139025;0,0;0,0;0,0;0,0;0,005156187582761051
2024-09-10 21:00:00;0,0;19,7407275;0,0;0,0;0,0;0,0;0,005156187582761051
2024-09-10 22:00:00;0,0;18,281837499999998;0,0;0,0;0,0;0,0;0,005156187582761051
2024-09-10 23:00:00;0,0;17,252587499999997;0,0;0,0;0,0;0,0;0,005156187582761051
2024-09-11 00:00:00;0,0;15,284764999999998;0,0;0,0;0,0;0,0;0,005156187582761051
2024-09-11 01:00:00;0,0;13,073717499999999;0,0;0,0;0,0;0,0;0,005156187582761051
2024-09-11 02:00:00;0,0;12,13503;0,0;0,0;0,0;0,0;0,005156187582761051
2024-09-11 03:00:00;0,0;12,242555000000001;0,0;0,0;0,0;0,0;0,005156187582761051
2024-09-11 04:00:00;0,0;14,702347499999998;0,0;0,0;0,0;0,0;0,005156187582761051
2024-09-11 05:00:00;0,0;16,1273125;0,0;0,0;0,0;0,0;0,005156187582761051
2024-09-11 06:00:00;9,983633821579398;17,0151125;9,983633821579398;9,978477633996636;0,0;0,005156187582761051;0,005156187582761051
2024-09-11 07:00:00;48,81961133906526;23,099417499999998;23,099417499999998;23,099417499999998;25,7150376514825;0,005156187582761051;0,005156187582761051
2024-09-11 08:00:00;95,26160337238969;37,0047;37,0047;37,0047;58,25174718480693;0,005156187582761051;0,005156187582761051
2024-09-11 09:00:00;116,67423274534205;44,8707;44,8707;44,8707;71,7983765577593;0,005156187582761051;0,005156187582761051
2024-09-11 10:00:00;144,72925282963448;45,899375;45,899375;45,899375;98,82472164205171;0,005156187582761051;0,005156187582761051
2024-09-11 11:00:00;159,31380933638022;47,200599999999994;47,200599999999994;47,200599999999994;112,10805314879745;0,005156187582761051;0,005156187582761051
2024-09-11 12:00:00;173,70380645376383;44,434850000000004;44,434850000000004;44,434850000000004;129,26380026618105;0,005156187582761051;0,005156187582761051
2024-09-11 13:00:00;163,40473489977379;38,7803;38,7803;38,7803;124,61927871219102;0,005156187582761051;0,005156187582761051
2024-09-11 14:00:00;119,5245647879741;37,326699999999995;37,326699999999995;37,326699999999995;82,19270860039134;0,005156187582761051;0,005156187582761051
2024-09-11 15:00:00;75,48460445525346;39,684774999999995;39,684774999999995;39,684774999999995;35,79467326767071;0,005156187582761051;0,005156187582761051
2024-09-11 16:00:00;40,5527606919827;39,803799999999995;39,803799999999995;39,803799999999995;0,7438045043999395;0,005156187582761051;0,005156187582761051
2024-09-11 17:00:00;12,585255344426134;38,519825;12,585255344426134;12,580099156843373;0,0;0,005156187582761051;0,005156187582761051
2024-09-11 18:00:00;0,4051643800750482;31,581874999999997;0,4051643800750482;0,40000819249228714;0,0;0,005156187582761051;0,005156187582761051
2024-09-11 19:00:00;0,0;22,20075;0,0;0,0;0,0;0,0;0,005156187582761051
2024-09-11 20:00:00;0,0;20,1139025;0,0;0,0;0,0;0,0;0,005156187582761051
2024-09-11 21:00:00;0,0;19,7407275;0,0;0,0;0,0;0,0;0,005156187582761051
2024-09-11 22:00:00;0,0;18,281837499999998;0,0;0,0;0,0;0,0;0,005156187582761051
2024-09-11 23:00:00;0,0;17,252587499999997;0,0;0,0;0,0;0,0;0,005156187582761051
2024-09-12 00:00:00;0,0;15,284764999999998;0,0;0,0;0,0;0,0;0,005156187582761051
2024-09-12 01:00:00;0,0;13,073717499999999;0,0;0,0;0,0;0,0;0,005156187582761051
2024-09-12 02:00:00;0,0;12,13503;0,0;0,0;0,0;0,0;0,005156187582761051
2024-09-12 03:00:00;0,0;12,242555000000001;0,0;0,0;0,0;0,0;0,005156187582761051
2024-09-12 04:00:00;0,0;14,702347499999998;0,0;0,0;0,0;0,0;0,005156187582761051
2024-09-12 05:00:00;0,0;16,1273125;0,0;0,0;0,0;0,0;0,005156187582761051
2024-09-12 06:00:00;0,3529070596775579;17,0151125;0,3529070596775579;0,3477508720947969;0,0;0,005156187582761051;0,005156187582761051
2024-09-12 07:00:00;13,641557477058756;23,099417499999998;13,641557477058756;13,636401289475995;0,0;0,005156187582761051;0,005156187582761051
2024-09-12 08:00:00;33,70671142592248;37,0047;33,70671142592248;33,701555238339715;0,0;0,005156187582761051;0,005156187582761051
2024-09-12 09:00:00;42,08696874368646;44,8707;42,08696874368646;42,0818125561037;0,0;0,005156187582761051;0,005156187582761051
2024-09-12 10:00:00;80,34193126343467;45,899375;45,899375;45,899375;34,43740007585192;0,005156187582761051;0,005156187582761051
2024-09-12 11:00:00;97,08069667444839;47,200599999999994;47,200599999999994;47,200599999999994;49,87494048686564;0,005156187582761051;0,005156187582761051
2024-09-12 12:00:00;108,31335738956011;44,434850000000004;44,434850000000004;44,434850000000004;63,87335120197735;0,005156187582761051;0,005156187582761051
2024-09-12 13:00:00;120,5003208129499;38,7803;38,7803;38,7803;81,71486462536714;0,005156187582761051;0,005156187582761051
2024-09-12 14:00:00;114,51558522382622;37,326699999999995;37,326699999999995;37,326699999999995;77,18372903624348;0,005156187582761051;0,005156187582761051
2024-09-12 15:00:00;44,31877947283692;39,684774999999995;39,684774999999995;39,684774999999995;4,628848285254165;0,005156187582761051;0,005156187582761051
2024-09-12 16:00:00;30,22276677116625;39,803799999999995;30,22276677116625;30,21761058358349;0,0;0,005156187582761051;0,005156187582761051
2024-09-12 17:00:00;16,386709086308677;38,519825;16,386709086308677;16,381552898725918;0,0;0,005156187582761051;0,005156187582761051
2024-09-12 18:00:00;1,151998720495295;31,581874999999997;1,151998720495295;1,146842532912534;0,0;0,005156187582761051;0,005156187582761051
2024-09-12 19:00:00;0,0;22,20075;0,0;0,0;0,0;0,0;0,005156187582761051
2024-09-12 20:00:00;0,0;20,1139025;0,0;0,0;0,0;0,0;0,005156187582761051
2024-09-12 21:00:00;0,0;19,7407275;0,0;0,0;0,0;0,0;0,005156187582761051
2024-09-12 22:00:00;0,0;18,281837499999998;0,0;0,0;0,0;0,0;0,005156187582761051
2024-09-12 23:00:00;0,0;17,252587499999997;0,0;0,0;0,0;0,0;0,005156187582761051
2024-09-13 00:00:00;0,0;17,360055000000003;0,0;0,0;0,0;0,0;0,005156187582761051
2024-09-13 01:00:00;0,0;16,975495;0,0;0,0;0,0;0,0;0,005156187582761051
2024-09-13 02:00:00;0,0;15,5109125;0,0;0,0;0,0;0,0;0,005156187582761051
2024-09-13 03:00:00;0,0;15,1377375;0,0;0,0;0,0;0,0;0,005156187582761051
2024-09-13 04:00:00;0,0;15,720155;0,0;0,0;0,0;0,0;0,005156187582761051
2024-09-13 05:00:00;0,0;16,3930775;0,0;0,0;0,0;0,0;0,005156187582761051
2024-09-13 06:00:00;5,9437523565356;17,3657475;5,9437523565356;5,938596168952839;0,0;0,005156187582761051;0,005156187582761051
2024-09-13 07:00:00;25,17613293736616;25,700429999999997;25,17613293736616;25,1709767497834;0,0;0,005156187582761051;0,005156187582761051
2024-09-13 08:00:00;48,01992046491908;36,365875;36,365875;36,365875;11,648889277336316;0,005156187582761051;0,005156187582761051
2024-09-13 09:00:00;41,45594532495687;39,808975000000004;39,808975000000004;39,808975000000004;1,641814137374105;0,005156187582761051;0,005156187582761051
2024-09-13 10:00:00;39,41270185188399;40,7997;39,41270185188399;39,407545664301225;0,0;0,005156187582761051;0,005156187582761051
2024-09-13 11:00:00;42,001155476895576;41,838725000000004;41,838725000000004;41,838725000000004;0,1572742893128094;0,005156187582761051;0,005156187582761051
2024-09-13 12:00:00;50,1156875754243;40,82155;40,82155;40,82155;9,288981387841538;0,005156187582761051;0,005156187582761051
2024-09-13 13:00:00;41,29393579541198;35,7719;35,7719;35,7719;5,5168796078292175;0,005156187582761051;0,005156187582761051
2024-09-13 14:00:00;42,72317054920518;26,656425;26,656425;26,656425;16,061589361622417;0,005156187582761051;0,005156187582761051
2024-09-13 15:00:00;23,4860554433103;20,1139025;20,1139025;20,1139025;3,3669967557275413;0,005156187582761051;0,005156187582761051
2024-09-13 16:00:00;19,4476535173491;17,456195;17,456195;17,456195;1,986302329766339;0,005156187582761051;0,005156187582761051
2024-09-13 17:00:00;9,436196963321375;17,043345;9,436196963321375;9,431040775738614;0,0;0,005156187582761051;0,005156187582761051
2024-09-13 18:00:00;0,15179331217951605;17,78981;0,15179331217951605;0,14663712459675501;0,0;0,005156187582761051;0,005156187582761051
2024-09-13 19:00:00;0,0;18,0273425;0,0;0,0;0,0;0,0;0,005156187582761051
2024-09-13 20:00:00;0,0;19,1355975;0,0;0,0;0,0;0,0;0,005156187582761051
2024-09-13 21:00:00;0,0;19,305279999999996;0,0;0,0;0,0;0,0;0,005156187582761051
2024-09-13 22:00:00;0,0;17,7389225;0,0;0,0;0,0;0,0;0,005156187582761051
2024-09-13 23:00:00;0,0;16,296995000000003;0,0;0,0;0,0;0,0;0,005156187582761051
2024-09-14 00:00:00;0,0;15,0076725;0,0;0,0;0,0;0,0;0,005156187582761051
2024-09-14 01:00:00;0,0;12,870167499999999;0,0;0,0;0,0;0,0;0,005156187582761051
2024-09-14 02:00:00;0,0;11,58648;0,0;0,0;0,0;0,0;0,005156187582761051
2024-09-14 03:00:00;0,0;10,8739975;0,0;0,0;0,0;0,0;0,005156187582761051
2024-09-14 04:00:00;0,0;10,5291125;0,0;0,0;0,0;0,0;0,005156187582761051
2024-09-14 05:00:00;0,0;10,4443;0,0;0,0;0,0;0,0;0,005156187582761051
2024-09-14 06:00:00;1,2603971513821046;10,630945;1,2603971513821046;1,2552409637993436;0,0;0,005156187582761051;0,005156187582761051
2024-09-14 07:00:00;17,32976729755897;12,0162925;12,0162925;12,0162925;5,30831860997621;0,005156187582761051;0,005156187582761051
2024-09-14 08:00:00;40,35294893887733;12,169012500000001;12,169012500000001;12,169012500000001;28,17878025129457;0,005156187582761051;0,005156187582761051
2024-09-14 09:00:00;82,50960397335434;13,2603625;13,2603625;13,2603625;69,24408528577159;0,005156187582761051;0,005156187582761051
2024-09-14 10:00:00;115,66000870421861;15,0189425;15,0189425;15,0189425;100,63591001663586;0,005156187582761051;0,005156187582761051
2024-09-14 11:00:00;136,34396507898964;16,342132499999998;16,342132499999998;16,342132499999998;119,99667639140688;0,005156187582761051;0,005156187582761051
2024-09-14 12:00:00;135,1581145042844;17,4900625;17,4900625;17,4900625;117,66289581670165;0,005156187582761051;0,005156187582761051
2024-09-14 13:00:00;147,56478948144053;17,891585000000003;17,891585000000003;17,891585000000003;129,66804829385777;0,005156187582761051;0,005156187582761051
2024-09-14 14:00:00;124,8960314273594;16,51745;16,51745;16,51745;108,37342523977665;0,005156187582761051;0,005156187582761051
2024-09-14 15:00:00;88,20420194837983;14,49874;14,49874;14,49874;73,70030576079708;0,005156187582761051;0,005156187582761051
2024-09-14 16:00:00;62,08885760137815;13,5996125;13,5996125;13,5996125;48,48408891379539;0,005156187582761051;0,005156187582761051
2024-09-14 17:00:00;20,160791355163088;15,273494999999999;15,273494999999999;15,273494999999999;4,88214016758033;0,005156187582761051;0,005156187582761051
2024-09-14 18:00:00;0,3351156022092732;17,05473;0,3351156022092732;0,3299594146265122;0,0;0,005156187582761051;0,005156187582761051
2024-09-14 19:00:00;0,0;17,8180425;0,0;0,0;0,0;0,0;0,005156187582761051
2024-09-14 20:00:00;0,0;18,796405;0,0;0,0;0,0;0,0;0,005156187582761051
2024-09-14 21:00:00;0,0;18,491022499999996;0,0;0,0;0,0;0,0;0,005156187582761051
2024-09-14 22:00:00;0,0;16,8115625;0,0;0,0;0,0;0,0;0,005156187582761051
2024-09-14 23:00:00;0,0;14,8776075;0,0;0,0;0,0;0,0;0,005156187582761051
2024-09-15 00:00:00;0,0;15,284764999999998;0,0;0,0;0,0;0,0;0,005156187582761051
2024-09-15 01:00:00;0,0;13,073717499999999;0,0;0,0;0,0;0,0;0,005156187582761051
2024-09-15 02:00:00;0,0;12,13503;0,0;0,0;0,0;0,0;0,005156187582761051
2024-09-15 03:00:00;0,0;12,242555000000001;0,0;0,0;0,0;0,0;0,005156187582761051
2024-09-15 04:00:00;0,0;14,702347499999998;0,0;0,0;0,0;0,0;0,005156187582761051
2024-09-15 05:00:00;0,0;16,1273125;0,0;0,0;0,0;0,0;0,005156187582761051
2024-09-15 06:00:00;2,602472257819233;17,0151125;2,602472257819233;2,597316070236472;0,0;0,005156187582761051;0,005156187582761051
2024-09-15 07:00:00;13,43273533094036;23,099417499999998;13,43273533094036;13,4275791433576;0,0;0,005156187582761051;0,005156187582761051
2024-09-15 08:00:00;59,77189939802397;37,0047;37,0047;37,0047;22,762043210441206;0,005156187582761051;0,005156187582761051
2024-09-15 09:00:00;46,771929248744584;44,8707;44,8707;44,8707;1,8960730611618217;0,005156187582761051;0,005156187582761051
2024-09-15 10:00:00;16,16921684116624;45,899375;16,16921684116624;16,16406065358348;0,0;0,005156187582761051;0,005156187582761051
2024-09-15 11:00:00;18,28273842066269;47,200599999999994;18,28273842066269;18,27758223307993;0,0;0,005156187582761051;0,005156187582761051
2024-09-15 12:00:00;16,5348109484771;44,434850000000004;16,5348109484771;16,529654760894342;0,0;0,005156187582761051;0,005156187582761051
2024-09-15 13:00:00;31,85965483520258;38,7803;31,85965483520258;31,85449864761982;0,0;0,005156187582761051;0,005156187582761051
2024-09-15 14:00:00;47,45961901433782;37,326699999999995;37,326699999999995;37,326699999999995;10,12776282675506;0,005156187582761051;0,005156187582761051
2024-09-15 15:00:00;40,2439069084896;39,684774999999995;39,684774999999995;39,684774999999995;0,5539757209068412;0,005156187582761051;0,005156187582761051
2024-09-15 16:00:00;35,560647873376475;39,803799999999995;35,560647873376475;35,55549168579371;0,0;0,005156187582761051;0,005156187582761051
2024-09-15 17:00:00;15,201006465511718;38,519825;15,201006465511718;15,195850277928956;0,0;0,005156187582761051;0,005156187582761051
2024-09-15 18:00:00;0,21725551888922595;31,581874999999997;0,21725551888922595;0,2120993313064649;0,0;0,005156187582761051;0,005156187582761051
2024-09-15 19:00:00;0,0;22,20075;0,0;0,0;0,0;0,0;0,005156187582761051
2024-09-15 20:00:00;0,0;20,1139025;0,0;0,0;0,0;0,0;0,005156187582761051
2024-09-15 21:00:00;0,0;19,7407275;0,0;0,0;0,0;0,0;0,005156187582761051
2024-09-15 22:00:00;0,0;18,281837499999998;0,0;0,0;0,0;0,0;0,005156187582761051
2024-09-15 23:00:00;0,0;17,252587499999997;0,0;0,0;0,0;0,0;0,005156187582761051
2024-09-16 00:00:00;0,0;15,284764999999998;0,0;0,0;0,0;0,0;0,005156187582761051
2024-09-16 01:00:00;0,0;13,073717499999999;0,0;0,0;0,0;0,0;0,005156187582761051
2024-09-16 02:00:00;0,0;12,13503;0,0;0,0;0,0;0,0;0,005156187582761051
2024-09-16 03:00:00;0,0;12,242555000000001;0,0;0,0;0,0;0,0;0,005156187582761051
2024-09-16 04:00:00;0,0;14,702347499999998;0,0;0,0;0,0;0,0;0,005156187582761051
2024-09-16 05:00:00;0,0;16,1273125;0,0;0,0;0,0;0,0;0,005156187582761051
2024-09-16 06:00:00;16,014087168355456;17,0151125;16,014087168355456;16,008930980772696;0,0;0,005156187582761051;0,005156187582761051
2024-09-16 07:00:00;26,893877812266666;23,099417499999998;23,099417499999998;23,099417499999998;3,789304124683909;0,005156187582761051;0,005156187582761051
2024-09-16 08:00:00;27,881544126857403;37,0047;27,881544126857403;27,876387939274643;0,0;0,005156187582761051;0,005156187582761051
2024-09-16 09:00:00;30,201831293147432;44,8707;30,201831293147432;30,196675105564672;0,0;0,005156187582761051;0,005156187582761051
2024-09-16 10:00:00;40,587751791286216;45,899375;40,587751791286216;40,58259560370345;0,0;0,005156187582761051;0,005156187582761051
2024-09-16 11:00:00;42,504938534521436;47,200599999999994;42,504938534521436;42,49978234693867;0,0;0,005156187582761051;0,005156187582761051
2024-09-16 12:00:00;37,53849571899835;44,434850000000004;37,53849571899835;37,533339531415585;0,0;0,005156187582761051;0,005156187582761051
2024-09-16 13:00:00;30,746893491177886;38,7803;30,746893491177886;30,741737303595126;0,0;0,005156187582761051;0,005156187582761051
2024-09-16 14:00:00;13,81075756654508;37,326699999999995;13,81075756654508;13,805601378962319;0,0;0,005156187582761051;0,005156187582761051
2024-09-16 15:00:00;12,033609197478112;39,684774999999995;12,033609197478112;12,028453009895351;0,0;0,005156187582761051;0,005156187582761051
2024-09-16 16:00:00;4,808080349816813;39,803799999999995;4,808080349816813;4,802924162234052;0,0;0,005156187582761051;0,005156187582761051
2024-09-16 17:00:00;1,522157205875988;38,519825;1,522157205875988;1,517001018293227;0,0;0,005156187582761051;0,005156187582761051
2024-09-16 18:00:00;0,0;31,581874999999997;0,0;0,0;0,0;0,0;0,005156187582761051
2024-09-16 19:00:00;0,0;22,20075;0,0;0,0;0,0;0,0;0,005156187582761051
2024-09-16 20:00:00;0,0;20,1139025;0,0;0,0;0,0;0,0;0,005156187582761051
2024-09-16 21:00:00;0,0;19,7407275;0,0;0,0;0,0;0,0;0,005156187582761051
2024-09-16 22:00:00;0,0;18,281837499999998;0,0;0,0;0,0;0,0;0,005156187582761051
2024-09-16 23:00:00;0,0;17,252587499999997;0,0;0,0;0,0;0,0;0,005156187582761051
2024-09-17 00:00:00;0,0;15,284764999999998;0,0;0,0;0,0;0,0;0,005156187582761051
2024-09-17 01:00:00;0,0;13,073717499999999;0,0;0,0;0,0;0,0;0,005156187582761051
2024-09-17 02:00:00;0,0;12,13503;0,0;0,0;0,0;0,0;0,005156187582761051
2024-09-17 03:00:00;0,0;12,242555000000001;0,0;0,0;0,0;0,0;0,005156187582761051
2024-09-17 04:00:00;0,0;14,702347499999998;0,0;0,0;0,0;0,0;0,005156187582761051
2024-09-17 05:00:00;0,0;16,1273125;0,0;0,0;0,0;0,0;0,005156187582761051
2024-09-17 06:00:00;17,371349743475484;17,0151125;17,0151125;17,0151125;0,351081055892724;0,005156187582761051;0,005156187582761051
2024-09-17 07:00:00;58,8138978420394;23,099417499999998;23,099417499999998;23,099417499999998;35,70932415445664;0,005156187582761051;0,005156187582761051
2024-09-17 08:00:00;98,417460235579;37,0047;37,0047;37,0047;61,407604047996244;0,005156187582761051;0,005156187582761051
2024-09-17 09:00:00;133,94933107379887;44,8707;44,8707;44,8707;89,0734748862161;0,005156187582761051;0,005156187582761051
2024-09-17 10:00:00;158,98165281233614;45,899375;45,899375;45,899375;113,07712162475337;0,005156187582761051;0,005156187582761051
2024-09-17 11:00:00;169,95687372707516;47,200599999999994;47,200599999999994;47,200599999999994;122,7511175394924;0,005156187582761051;0,005156187582761051
2024-09-17 12:00:00;169,32289123018037;44,434850000000004;44,434850000000004;44,434850000000004;124,8828850425976;0,005156187582761051;0,005156187582761051
2024-09-17 13:00:00;157,18919121376427;38,7803;38,7803;38,7803;118,40373502618151;0,005156187582761051;0,005156187582761051
2024-09-17 14:00:00;133,01352260405332;37,326699999999995;37,326699999999995;37,326699999999995;95,68166641647056;0,005156187582761051;0,005156187582761051
2024-09-17 15:00:00;99,87924484918943;39,684774999999995;39,684774999999995;39,684774999999995;60,18931366160668;0,005156187582761051;0,005156187582761051
2024-09-17 16:00:00;57,64506196678409;39,803799999999995;39,803799999999995;39,803799999999995;17,836105779201333;0,005156187582761051;0,005156187582761051
2024-09-17 17:00:00;17,204820222033263;38,519825;17,204820222033263;17,199664034450503;0,0;0,005156187582761051;0,005156187582761051
2024-09-17 18:00:00;0,2282632896637822;31,581874999999997;0,2282632896637822;0,22310710208102116;0,0;0,005156187582761051;0,005156187582761051
2024-09-17 19:00:00;0,0;22,20075;0,0;0,0;0,0;0,0;0,005156187582761051
2024-09-17 20:00:00;0,0;20,1139025;0,0;0,0;0,0;0,0;0,005156187582761051
2024-09-17 21:00:00;0,0;19,7407275;0,0;0,0;0,0;0,0;0,005156187582761051
2024-09-17 22:00:00;0,0;18,281837499999998;0,0;0,0;0,0;0,0;0,005156187582761051
2024-09-17 23:00:00;0,0;17,252587499999997;0,0;0,0;0,0;0,0;0,005156187582761051
2024-09-18 00:00:00;0,0;15,284764999999998;0,0;0,0;0,0;0,0;0,005156187582761051
2024-09-18 01:00:00;0,0;13,073717499999999;0,0;0,0;0,0;0,0;0,005156187582761051
2024-09-18 02:00:00;0,0;12,13503;0,0;0,0;0,0;0,0;0,005156187582761051
2024-09-18 03:00:00;0,0;12,242555000000001;0,0;0,0;0,0;0,0;0,005156187582761051
2024-09-18 04:00:00;0,0;14,702347499999998;0,0;0,0;0,0;0,0;0,005156187582761051
2024-09-18 05:00:00;0,0;16,1273125;0,0;0,0;0,0;0,0;0,005156187582761051
2024-09-18 06:00:00;17,498945193959052;17,0151125;17,0151125;17,0151125;0,4786765063762921;0,005156187582761051;0,005156187582761051
2024-09-18 07:00:00;60,07076629270949;23,099417499999998;23,099417499999998;23,099417499999998;36,966192605126736;0,005156187582761051;0,005156187582761051
2024-09-18 08:00:00;101,07619196701417;37,0047;37,0047;37,0047;64,06633577943141;0,005156187582761051;0,005156187582761051
2024-09-18 09:00:00;103,86660267680087;44,8707;44,8707;44,8707;58,99074648921811;0,005156187582761051;0,005156187582761051
2024-09-18 10:00:00;75,17612055653103;45,899375;45,899375;45,899375;29,271589368948277;0,005156187582761051;0,005156187582761051
2024-09-18 11:00:00;53,859661223947775;47,200599999999994;47,200599999999994;47,200599999999994;6,653905036365018;0,005156187582761051;0,005156187582761051
2024-09-18 12:00:00;43,991875312536095;44,434850000000004;43,991875312536095;43,98671912495333;0,0;0,005156187582761051;0,005156187582761051
2024-09-18 13:00:00;38,00181338271506;38,7803;38,00181338271506;37,9966571951323;0,0;0,005156187582761051;0,005156187582761051
2024-09-18 14:00:00;39,220361771145775;37,326699999999995;37,326699999999995;37,326699999999995;1,888505583563017;0,005156187582761051;0,005156187582761051
2024-09-18 15:00:00;24,673681464914637;39,684774999999995;24,673681464914637;24,668525277331877;0,0;0,005156187582761051;0,005156187582761051
2024-09-18 16:00:00;16,97933846584477;39,803799999999995;16,97933846584477;16,97418227826201;0,0;0,005156187582761051;0,005156187582761051
2024-09-18 17:00:00;4,620889065086053;38,519825;4,620889065086053;4,615732877503292;0,0;0,005156187582761051;0,005156187582761051
2024-09-18 18:00:00;0,0;31,581874999999997;0,0;0,0;0,0;0,0;0,005156187582761051
2024-09-18 19:00:00;0,0;22,20075;0,0;0,0;0,0;0,0;0,005156187582761051
2024-09-18 20:00:00;0,0;20,1139025;0,0;0,0;0,0;0,0;0,005156187582761051
2024-09-18 21:00:00;0,0;19,7407275;0,0;0,0;0,0;0,0;0,005156187582761051
2024-09-18 22:00:00;0,0;18,281837499999998;0,0;0,0;0,0;0,0;0,005156187582761051
2024-09-18 23:00:00;0,0;17,252587499999997;0,0;0,0;0,0;0,0;0,005156187582761051
2024-09-19 00:00:00;0,0;15,284764999999998;0,0;0,0;0,0;0,0;0,005156187582761051
2024-09-19 01:00:00;0,0;13,073717499999999;0,0;0,0;0,0;0,0;0,005156187582761051
2024-09-19 02:00:00;0,0;12,13503;0,0;0,0;0,0;0,0;0,005156187582761051
2024-09-19 03:00:00;0,0;12,242555000000001;0,0;0,0;0,0;0,0;0,005156187582761051
2024-09-19 04:00:00;0,0;14,702347499999998;0,0;0,0;0,0;0,0;0,005156187582761051
2024-09-19 05:00:00;0,0;16,1273125;0,0;0,0;0,0;0,0;0,005156187582761051
2024-09-19 06:00:00;14,526410620799496;17,0151125;14,526410620799496;14,521254433216734;0,0;0,005156187582761051;0,005156187582761051
2024-09-19 07:00:00;44,545000998566714;23,099417499999998;23,099417499999998;23,099417499999998;21,440427310983953;0,005156187582761051;0,005156187582761051
2024-09-19 08:00:00;51,792005356011984;37,0047;37,0047;37,0047;14,782149168429221;0,005156187582761051;0,005156187582761051
2024-09-19 09:00:00;51,82603475491182;44,8707;44,8707;44,8707;6,950178567329054;0,005156187582761051;0,005156187582761051
2024-09-19 10:00:00;34,77146172671675;45,899375;34,77146172671675;34,76630553913399;0,0;0,005156187582761051;0,005156187582761051
2024-09-19 11:00:00;33,91798960691799;47,200599999999994;33,91798960691799;33,91283341933523;0,0;0,005156187582761051;0,005156187582761051
2024-09-19 12:00:00;33,57066780727725;44,434850000000004;33,57066780727725;33,56551161969449;0,0;0,005156187582761051;0,005156187582761051
2024-09-19 13:00:00;41,27840063504467;38,7803;38,7803;38,7803;2,492944447461909;0,005156187582761051;0,005156187582761051
2024-09-19 14:00:00;52,18408321290141;37,326699999999995;37,326699999999995;37,326699999999995;14,852227025318655;0,005156187582761051;0,005156187582761051
2024-09-19 15:00:00;47,672228780507695;39,684774999999995;39,684774999999995;39,684774999999995;7,982297592924937;0,005156187582761051;0,005156187582761051
2024-09-19 16:00:00;30,15959045233916;39,803799999999995;30,15959045233916;30,1544342647564;0,0;0,005156187582761051;0,005156187582761051
2024-09-19 17:00:00;5,476920787497715;38,519825;5,476920787497715;5,471764599914954;0,0;0,005156187582761051;0,005156187582761051
2024-09-19 18:00:00;0,0;31,581874999999997;0,0;0,0;0,0;0,0;0,005156187582761051
2024-09-19 19:00:00;0,0;22,20075;0,0;0,0;0,0;0,0;0,005156187582761051
2024-09-19 20:00:00;0,0;20,1139025;0,0;0,0;0,0;0,0;0,005156187582761051
2024-09-19 21:00:00;0,0;19,7407275;0,0;0,0;0,0;0,0;0,005156187582761051
2024-09-19 22:00:00;0,0;18,281837499999998;0,0;0,0;0,0;0,0;0,005156187582761051
2024-09-19 23:00:00;0,0;17,252587499999997;0,0;0,0;0,0;0,0;0,005156187582761051
2024-09-20 00:00:00;0,0;17,4561375;0,0;0,0;0,0;0,0;0,005156187582761051
2024-09-20 01:00:00;0,0;17,3939225;0,0;0,0;0,0;0,0;0,005156187582761051
2024-09-20 02:00:00;0,0;15,765407500000002;0,0;0,0;0,0;0,0;0,005156187582761051
2024-09-20 03:00:00;0,0;15,375212499999998;0,0;0,0;0,0;0,0;0,005156187582761051
2024-09-20 04:00:00;0,0;15,906800000000002;0,0;0,0;0,0;0,0;0,005156187582761051
2024-09-20 05:00:00;0,0;16,410040000000002;0,0;0,0;0,0;0,0;0,005156187582761051
2024-09-20 06:00:00;14,916860984698074;16,9189725;14,916860984698074;14,911704797115313;0,0;0,005156187582761051;0,005156187582761051
2024-09-20 07:00:00;53,98320273734502;25,717564999999997;25,717564999999997;25,717564999999997;28,260481549762257;0,005156187582761051;0,005156187582761051
2024-09-20 08:00:00;95,51608409459718;38,12997499999999;38,12997499999999;38,12997499999999;57,38095290701443;0,005156187582761051;0,005156187582761051
2024-09-20 09:00:00;127,70715568430252;42,359675;42,359675;42,359675;85,34232449671975;0,005156187582761051;0,005156187582761051
2024-09-20 10:00:00;147,29033498161792;43,2078;43,2078;43,2078;104,07737879403516;0,005156187582761051;0,005156187582761051
2024-09-20 11:00:00;160,33247199475144;44,118025;44,118025;44,118025;116,20929080716867;0,005156187582761051;0,005156187582761051
2024-09-20 12:00:00;163,64811907886173;43,445275;43,445275;43,445275;120,19768789127895;0,005156187582761051;0,005156187582761051
2024-09-20 13:00:00;150,0378390580092;38,170224999999995;38,170224999999995;38,170224999999995;111,86245787042645;0,005156187582761051;0,005156187582761051
2024-09-20 14:00:00;124,90416889231368;28,477450000000005;28,477450000000005;28,477450000000005;96,42156270473092;0,005156187582761051;0,005156187582761051
2024-09-20 15:00:00;90,94134925119288;21,459805;21,459805;21,459805;69,47638806361012;0,005156187582761051;0,005156187582761051
2024-09-20 16:00:00;46,8450184794251;17,863352499999998;17,863352499999998;17,863352499999998;28,97650979184234;0,005156187582761051;0,005156187582761051
2024-09-20 17:00:00;9,894565568806778;18,061267500000003;9,894565568806778;9,889409381224016;0,0;0,005156187582761051;0,005156187582761051
2024-09-20 18:00:00;0,0;19,03388;0,0;0,0;0,0;0,0;0,005156187582761051
2024-09-20 19:00:00;0,0;19,599335;0,0;0,0;0,0;0,0;0,005156187582761051
2024-09-20 20:00:00;0,0;20,6171425;0,0;0,0;0,0;0,0;0,005156187582761051
2024-09-20 21:00:00;0,0;19,8876975;0,0;0,0;0,0;0,0;0,005156187582761051
2024-09-20 22:00:00;0,0;18,1686775;0,0;0,0;0,0;0,0;0,005156187582761051
2024-09-20 23:00:00;0,0;16,4835825;0,0;0,0;0,0;0,0;0,005156187582761051
2024-09-21 00:00:00;0,0;14,8153925;0,0;0,0;0,0;0,0;0,005156187582761051
2024-09-21 01:00:00;0,0;12,836242499999999;0,0;0,0;0,0;0,0;0,005156187582761051
2024-09-21 02:00:00;0,0;11,0493725;0,0;0,0;0,0;0,0;0,005156187582761051
2024-09-21 03:00:00;0,0;10,110685;0,0;0,0;0,0;0,0;0,005156187582761051
2024-09-21 04:00:00;0,0;9,87321;0,0;0,0;0,0;0,0;0,005156187582761051
2024-09-21 05:00:00;0,0;10,235115;0,0;0,0;0,0;0,0;0,005156187582761051
2024-09-21 06:00:00;13,963497783737461;10,285945;10,285945;10,285945;3,6723965961547;0,005156187582761051;0,005156187582761051
2024-09-21 07:00:00;50,36817091987028;11,286905;11,286905;11,286905;39,07610973228752;0,005156187582761051;0,005156187582761051
2024-09-21 08:00:00;82,0678136032895;12,0445825;12,0445825;12,0445825;70,01807491570673;0,005156187582761051;0,005156187582761051
2024-09-21 09:00:00;114,11758921060638;13,797527500000001;13,797527500000001;13,797527500000001;100,31490552302363;0,005156187582761051;0,005156187582761051
2024-09-21 10:00:00;143,37325526043006;15,624072499999999;15,624072499999999;15,624072499999999;127,74402657284729;0,005156187582761051;0,005156187582761051
2024-09-21 11:00:00;159,56089236317467;17,37696;17,37696;17,37696;142,1787761755919;0,005156187582761051;0,005156187582761051
2024-09-21 12:00:00;140,21739839724077;18,722862499999998;18,722862499999998;18,722862499999998;121,48937970965801;0,005156187582761051;0,005156187582761051
2024-09-21 13:00:00;89,4470147777652;18,3892475;18,3892475;18,3892475;71,05261109018245;0,005156187582761051;0,005156187582761051
2024-09-21 14:00:00;73,16172809556888;16,7889075;16,7889075;16,7889075;56,36766440798612;0,005156187582761051;0,005156187582761051
2024-09-21 15:00:00;51,71506932371669;15,120775;15,120775;15,120775;36,589138136133926;0,005156187582761051;0,005156187582761051
2024-09-21 16:00:00;23,8060057699229;14,029425;14,029425;14,029425;9,771424582340142;0,005156187582761051;0,005156187582761051
2024-09-21 17:00:00;5,093091360993781;16,387385000000002;5,093091360993781;5,08793517341102;0,0;0,005156187582761051;0,005156187582761051
2024-09-21 18:00:00;0,0;18,15735;0,0;0,0;0,0;0,0;0,005156187582761051
2024-09-21 19:00:00;0,0;19,028129999999997;0,0;0,0;0,0;0,0;0,005156187582761051
2024-09-21 20:00:00;0,0;19,972452500000003;0,0;0,0;0,0;0,0;0,005156187582761051
2024-09-21 21:00:00;0,0;18,7850775;0,0;0,0;0,0;0,0;0,005156187582761051
2024-09-21 22:00:00;0,0;16,4778325;0,0;0,0;0,0;0,0;0,005156187582761051
2024-09-21 23:00:00;0,0;14,696655;0,0;0,0;0,0;0,0;0,005156187582761051
2024-09-22 00:00:00;0,0;15,5335675;0,0;0,0;0,0;0,0;0,005156187582761051
2024-09-22 01:00:00;0,0;13,57138;0,0;0,0;0,0;0,0;0,005156187582761051
2024-09-22 02:00:00;0,0;12,50832;0,0;0,0;0,0;0,0;0,005156187582761051
2024-09-22 03:00:00;0,0;12,576170000000001;0,0;0,0;0,0;0,0;0,005156187582761051
2024-09-22 04:00:00;0,0;14,945457499999998;0,0;0,0;0,0;0,0;0,005156187582761051
2024-09-22 05:00:00;0,0;16,975495;0,0;0,0;0,0;0,0;0,005156187582761051
2024-09-22 06:00:00;12,053738326696907;18,3722275;12,053738326696907;12,048582139114146;0,0;0,005156187582761051;0,005156187582761051
2024-09-22 07:00:00;50,006201683311794;24,388855;24,388855;24,388855;25,61219049572903;0,005156187582761051;0,005156187582761051
2024-09-22 08:00:00;91,80761938405612;39,430625000000006;39,430625000000006;39,430625000000006;52,37183819647336;0,005156187582761051;0,005156187582761051
2024-09-22 09:00:00;125,0979885121345;47,800325;47,800325;47,800325;77,29250732455175;0,005156187582761051;0,005156187582761051
2024-09-22 10:00:00;148,1839765875093;48,44375;48,44375;48,44375;99,73507039992654;0,005156187582761051;0,005156187582761051
2024-09-22 11:00:00;157,3267883484462;49,9261;49,9261;49,9261;107,39553216086344;0,005156187582761051;0,005156187582761051
2024-09-22 12:00:00;156,05438473740875;46,447925;46,447925;46,447925;109,60130354982599;0,005156187582761051;0,005156187582761051
2024-09-22 13:00:00;143,80010228576063;39,559999999999995;39,559999999999995;39,559999999999995;104,23494609817786;0,005156187582761051;0,005156187582761051
2024-09-22 14:00:00;122,23286107867641;37,3658;37,3658;37,3658;84,86190489109364;0,005156187582761051;0,005156187582761051
2024-09-22 15:00:00;87,62348285845869;40,447799999999994;40,447799999999994;40,447799999999994;47,17052667087594;0,005156187582761051;0,005156187582761051
2024-09-22 16:00:00;45,93007151074425;41,36435;41,36435;41,36435;4,560565323161484;0,005156187582761051;0,005156187582761051
2024-09-22 17:00:00;10,257851595148788;40,595575;10,257851595148788;10,252695407566026;0,0;0,005156187582761051;0,005156187582761051
2024-09-22 18:00:00;0,0;32,605374999999995;0,0;0,0;0,0;0,0;0,005156187582761051
2024-09-22 19:00:00;0,0;22,969582499999998;0,0;0,0;0,0;0,0;0,005156187582761051
2024-09-22 20:00:00;0,0;20,6058725;0,0;0,0;0,0;0,0;0,005156187582761051
2024-09-22 21:00:00;0,0;19,486232499999996;0,0;0,0;0,0;0,0;0,005156187582761051
2024-09-22 22:00:00;0,0;18,4740025;0,0;0,0;0,0;0,0;0,005156187582761051
2024-09-22 23:00:00;0,0;17,7389225;0,0;0,0;0,0;0,0;0,005156187582761051
2024-09-23 00:00:00;0,0;15,5335675;0,0;0,0;0,0;0,0;0,005156187582761051
2024-09-23 01:00:00;0,0;13,57138;0,0;0,0;0,0;0,0;0,005156187582761051
2024-09-23 02:00:00;0,0;12,50832;0,0;0,0;0,0;0,0;0,005156187582761051
2024-09-23 03:00:00;0,0;12,576170000000001;0,0;0,0;0,0;0,0;0,005156187582761051
2024-09-23 04:00:00;0,0;14,945457499999998;0,0;0,0;0,0;0,0;0,005156187582761051
2024-09-23 05:00:00;0,0;16,975495;0,0;0,0;0,0;0,0;0,005156187582761051
2024-09-23 06:00:00;12,10234118556037;18,3722275;12,10234118556037;12,097184997977608;0,0;0,005156187582761051;0,005156187582761051
2024-09-23 07:00:00;49,64105143772569;24,388855;24,388855;24,388855;25,24704025014293;0,005156187582761051;0,005156187582761051
2024-09-23 08:00:00;92,00217877341825;39,430625000000006;39,430625000000006;39,430625000000006;52,56639758583549;0,005156187582761051;0,005156187582761051
2024-09-23 09:00:00;126,33044456794168;47,800325;47,800325;47,800325;78,52496338035893;0,005156187582761051;0,005156187582761051
2024-09-23 10:00:00;149,80851050020593;48,44375;48,44375;48,44375;101,35960431262316;0,005156187582761051;0,005156187582761051
2024-09-23 11:00:00;160,15344776575668;49,9261;49,9261;49,9261;110,22219157817392;0,005156187582761051;0,005156187582761051
2024-09-23 12:00:00;157,85054518368716;46,447925;46,447925;46,447925;111,39746399610439;0,005156187582761051;0,005156187582761051
2024-09-23 13:00:00;144,9482246138595;39,559999999999995;39,559999999999995;39,559999999999995;105,38306842627674;0,005156187582761051;0,005156187582761051
2024-09-23 14:00:00;121,92881579720178;37,3658;37,3658;37,3658;84,55785960961902;0,005156187582761051;0,005156187582761051
2024-09-23 15:00:00;88,21381895241673;40,447799999999994;40,447799999999994;40,447799999999994;47,76086276483398;0,005156187582761051;0,005156187582761051
2024-09-23 16:00:00;46,64986727442996;41,36435;41,36435;41,36435;5,2803610868471935;0,005156187582761051;0,005156187582761051
2024-09-23 17:00:00;9,197931989459207;40,595575;9,197931989459207;9,192775801876445;0,0;0,005156187582761051;0,005156187582761051
2024-09-23 18:00:00;0,0;32,605374999999995;0,0;0,0;0,0;0,0;0,005156187582761051
2024-09-23 19:00:00;0,0;22,969582499999998;0,0;0,0;0,0;0,0;0,005156187582761051
2024-09-23 20:00:00;0,0;20,6058725;0,0;0,0;0,0;0,0;0,005156187582761051
2024-09-23 21:00:00;0,0;19,486232499999996;0,0;0,0;0,0;0,0;0,005156187582761051
2024-09-23 22:00:00;0,0;18,4740025;0,0;0,0;0,0;0,0;0,005156187582761051
2024-09-23 23:00:00;0,0;17,7389225;0,0;0,0;0,0;0,0;0,005156187582761051
2024-09-24 00:00:00;0,0;15,5335675;0,0;0,0;0,0;0,0;0,005156187582761051
2024-09-24 01:00:00;0,0;13,57138;0,0;0,0;0,0;0,0;0,005156187582761051
2024-09-24 02:00:00;0,0;12,50832;0,0;0,0;0,0;0,0;0,005156187582761051
2024-09-24 03:00:00;0,0;12,576170000000001;0,0;0,0;0,0;0,0;0,005156187582761051
2024-09-24 04:00:00;0,0;14,945457499999998;0,0;0,0;0,0;0,0;0,005156187582761051
2024-09-24 05:00:00;0,0;16,975495;0,0;0,0;0,0;0,0;0,005156187582761051
2024-09-24 06:00:00;10,327922566100801;18,3722275;10,327922566100801;10,32276637851804;0,0;0,005156187582761051;0,005156187582761051
2024-09-24 07:00:00;48,35059744988053;24,388855;24,388855;24,388855;23,95658626229777;0,005156187582761051;0,005156187582761051
2024-09-24 08:00:00;90,14757653337708;39,430625000000006;39,430625000000006;39,430625000000006;50,711795345794314;0,005156187582761051;0,005156187582761051
2024-09-24 09:00:00;124,50395357046995;47,800325;47,800325;47,800325;76,69847238288719;0,005156187582761051;0,005156187582761051
2024-09-24 10:00:00;146,98407039151937;48,44375;48,44375;48,44375;98,5351642039366;0,005156187582761051;0,005156187582761051
2024-09-24 11:00:00;157,73292182662036;49,9261;49,9261;49,9261;107,8016656390376;0,005156187582761051;0,005156187582761051
2024-09-24 12:00:00;155,55873914473725;46,447925;46,447925;46,447925;109,10565795715448;0,005156187582761051;0,005156187582761051
2024-09-24 13:00:00;142,22439316278988;39,559999999999995;39,559999999999995;39,559999999999995;102,65923697520711;0,005156187582761051;0,005156187582761051
2024-09-24 14:00:00;104,7003229498469;37,3658;37,3658;37,3658;67,32936676226416;0,005156187582761051;0,005156187582761051
2024-09-24 15:00:00;65,45406924475559;40,447799999999994;40,447799999999994;40,447799999999994;25,001113057172837;0,005156187582761051;0,005156187582761051
2024-09-24 16:00:00;19,73571977673164;41,36435;19,73571977673164;19,73056358914888;0,0;0,005156187582761051;0,005156187582761051
2024-09-24 17:00:00;3,255281889540145;40,595575;3,255281889540145;3,250125701957384;0,0;0,005156187582761051;0,005156187582761051
2024-09-24 18:00:00;0,0;32,605374999999995;0,0;0,0;0,0;0,0;0,005156187582761051
2024-09-24 19:00:00;0,0;22,969582499999998;0,0;0,0;0,0;0,0;0,005156187582761051
2024-09-24 20:00:00;0,0;20,6058725;0,0;0,0;0,0;0,0;0,005156187582761051
2024-09-24 21:00:00;0,0;19,486232499999996;0,0;0,0;0,0;0,0;0,005156187582761051
2024-09-24 22:00:00;0,0;18,4740025;0,0;0,0;0,0;0,0;0,005156187582761051
2024-09-24 23:00:00;0,0;17,7389225;0,0;0,0;0,0;0,0;0,005156187582761051
2024-09-25 00:00:00;0,0;15,5335675;0,0;0,0;0,0;0,0;0,005156187582761051
2024-09-25 01:00:00;0,0;13,57138;0,0;0,0;0,0;0,0;0,005156187582761051
2024-09-25 02:00:00;0,0;12,50832;0,0;0,0;0,0;0,0;0,005156187582761051
2024-09-25 03:00:00;0,0;12,576170000000001;0,0;0,0;0,0;0,0;0,005156187582761051
2024-09-25 04:00:00;0,0;14,945457499999998;0,0;0,0;0,0;0,0;0,005156187582761051
2024-09-25 05:00:00;0,0;16,975495;0,0;0,0;0,0;0,0;0,005156187582761051
2024-09-25 06:00:00;0,7971164761424637;18,3722275;0,7971164761424637;0,7919602885597027;0,0;0,005156187582761051;0,005156187582761051
2024-09-25 07:00:00;15,302280915715798;24,388855;15,302280915715798;15,297124728133037;0,0;0,005156187582761051;0,005156187582761051
2024-09-25 08:00:00;30,102332289842476;39,430625000000006;30,102332289842476;30,097176102259716;0,0;0,005156187582761051;0,005156187582761051
2024-09-25 09:00:00;41,81621309157037;47,800325;41,81621309157037;41,811056903987605;0,0;0,005156187582761051;0,005156187582761051
2024-09-25 10:00:00;59,59139562994657;48,44375;48,44375;48,44375;11,142489442363804;0,005156187582761051;0,005156187582761051
2024-09-25 11:00:00;79,86256060067174;49,9261;49,9261;49,9261;29,931304413088988;0,005156187582761051;0,005156187582761051
2024-09-25 12:00:00;91,45992769964475;46,447925;46,447925;46,447925;45,006846512062;0,005156187582761051;0,005156187582761051
2024-09-25 13:00:00;66,19457855559772;39,559999999999995;39,559999999999995;39,559999999999995;26,629422368014964;0,005156187582761051;0,005156187582761051
2024-09-25 14:00:00;56,14332979794342;37,3658;37,3658;37,3658;18,77237361036066;0,005156187582761051;0,005156187582761051
2024-09-25 15:00:00;55,98206003793985;40,447799999999994;40,447799999999994;40,447799999999994;15,529103850357096;0,005156187582761051;0,005156187582761051
2024-09-25 16:00:00;32,481579088574186;41,36435;32,481579088574186;32,47642290099142;0,0;0,005156187582761051;0,005156187582761051
2024-09-25 17:00:00;5,308601023765538;40,595575;5,308601023765538;5,303444836182777;0,0;0,005156187582761051;0,005156187582761051
2024-09-25 18:00:00;0,0;32,605374999999995;0,0;0,0;0,0;0,0;0,005156187582761051
2024-09-25 19:00:00;0,0;22,969582499999998;0,0;0,0;0,0;0,0;0,005156187582761051
2024-09-25 20:00:00;0,0;20,6058725;0,0;0,0;0,0;0,0;0,005156187582761051
2024-09-25 21:00:00;0,0;19,486232499999996;0,0;0,0;0,0;0,0;0,005156187582761051
2024-09-25 22:00:00;0,0;18,4740025;0,0;0,0;0,0;0,0;0,005156187582761051
2024-09-25 23:00:00;0,0;17,7389225;0,0;0,0;0,0;0,0;0,005156187582761051
2024-09-26 00:00:00;0,0;15,5335675;0,0;0,0;0,0;0,0;0,005156187582761051
2024-09-26 01:00:00;0,0;13,57138;0,0;0,0;0,0;0,0;0,005156187582761051
2024-09-26 02:00:00;0,0;12,50832;0,0;0,0;0,0;0,0;0,005156187582761051
2024-09-26 03:00:00;0,0;12,576170000000001;0,0;0,0;0,0;0,0;0,005156187582761051
2024-09-26 04:00:00;0,0;14,945457499999998;0,0;0,0;0,0;0,0;0,005156187582761051
2024-09-26 05:00:00;0,0;16,975495;0,0;0,0;0,0;0,0;0,005156187582761051
2024-09-26 06:00:00;7,601649875544875;18,3722275;7,601649875544875;7,596493687962114;0,0;0,005156187582761051;0,005156187582761051
2024-09-26 07:00:00;43,37490751509121;24,388855;24,388855;24,388855;18,980896327508447;0,005156187582761051;0,005156187582761051
2024-09-26 08:00:00;83,35945122240074;39,430625000000006;39,430625000000006;39,430625000000006;43,923670034817974;0,005156187582761051;0,005156187582761051
2024-09-26 09:00:00;116,9220555416778;47,800325;47,800325;47,800325;69,11657435409505;0,005156187582761051;0,005156187582761051
2024-09-26 10:00:00;139,9784528354006;48,44375;48,44375;48,44375;91,52954664781782;0,005156187582761051;0,005156187582761051
2024-09-26 11:00:00;151,76594070648792;49,9261;49,9261;49,9261;101,83468451890516;0,005156187582761051;0,005156187582761051
2024-09-26 12:00:00;152,0152430419063;46,447925;46,447925;46,447925;105,56216185432353;0,005156187582761051;0,005156187582761051
2024-09-26 13:00:00;138,5662327810573;39,559999999999995;39,559999999999995;39,559999999999995;99,00107659347452;0,005156187582761051;0,005156187582761051
2024-09-26 14:00:00;109,8365428750985;37,3658;37,3658;37,3658;72,46558668751575;0,005156187582761051;0,005156187582761051
2024-09-26 15:00:00;64,76090518455672;40,447799999999994;40,447799999999994;40,447799999999994;24,30794899697397;0,005156187582761051;0,005156187582761051
2024-09-26 16:00:00;25,64832783557847;41,36435;25,64832783557847;25,64317164799571;0,0;0,005156187582761051;0,005156187582761051
2024-09-26 17:00:00;2,3308954615122874;40,595575;2,3308954615122874;2,325739273929526;0,0;0,005156187582761051;0,005156187582761051
2024-09-26 18:00:00;0,0;32,605374999999995;0,0;0,0;0,0;0,0;0,005156187582761051
2024-09-26 19:00:00;0,0;22,969582499999998;0,0;0,0;0,0;0,0;0,005156187582761051
2024-09-26 20:00:00;0,0;20,6058725;0,0;0,0;0,0;0,0;0,005156187582761051
2024-09-26 21:00:00;0,0;19,486232499999996;0,0;0,0;0,0;0,0;0,005156187582761051
2024-09-26 22:00:00;0,0;18,4740025;0,0;0,0;0,0;0,0;0,005156187582761051
2024-09-26 23:00:00;0,0;17,7389225;0,0;0,0;0,0;0,0;0,005156187582761051
2024-09-27 00:00:00;0,0;17,4561375;0,0;0,0;0,0;0,0;0,005156187582761051
2024-09-27 01:00:00;0,0;17,3939225;0,0;0,0;0,0;0,0;0,005156187582761051
2024-09-27 02:00:00;0,0;15,765407500000002;0,0;0,0;0,0;0,0;0,005156187582761051
2024-09-27 03:00:00;0,0;15,375212499999998;0,0;0,0;0,0;0,0;0,005156187582761051
2024-09-27 04:00:00;0,0;15,906800000000002;0,0;0,0;0,0;0,0;0,005156187582761051
2024-09-27 05:00:00;0,0;16,410040000000002;0,0;0,0;0,0;0,0;0,005156187582761051
2024-09-27 06:00:00;2,206162919153556;16,9189725;2,206162919153556;2,2010067315707946;0,0;0,005156187582761051;0,005156187582761051
2024-09-27 07:00:00;22,795036714781197;25,717564999999997;22,795036714781197;22,789880527198438;0,0;0,005156187582761051;0,005156187582761051
2024-09-27 08:00:00;58,19693004459451;38,12997499999999;38,12997499999999;38,12997499999999;20,06179885701176;0,005156187582761051;0,005156187582761051
2024-09-27 09:00:00;96,45559141204922;42,359675;42,359675;42,359675;54,09076022446646;0,005156187582761051;0,005156187582761051
2024-09-27 10:00:00;103,79928364854248;43,2078;43,2078;43,2078;60,58632746095973;0,005156187582761051;0,005156187582761051
2024-09-27 11:00:00;111,85981257055627;44,118025;44,118025;44,118025;67,73663138297351;0,005156187582761051;0,005156187582761051
2024-09-27 12:00:00;127,85067097531486;43,445275;43,445275;43,445275;84,40023978773209;0,005156187582761051;0,005156187582761051
2024-09-27 13:00:00;119,49497400632207;38,170224999999995;38,170224999999995;38,170224999999995;81,31959281873932;0,005156187582761051;0,005156187582761051
2024-09-27 14:00:00;96,35350321534969;28,477450000000005;28,477450000000005;28,477450000000005;67,87089702776693;0,005156187582761051;0,005156187582761051
2024-09-27 15:00:00;57,431046638485775;21,459805;21,459805;21,459805;35,96608545090301;0,005156187582761051;0,005156187582761051
2024-09-27 16:00:00;19,30768912013498;17,863352499999998;17,863352499999998;17,863352499999998;1,4391804325522237;0,005156187582761051;0,005156187582761051
2024-09-27 17:00:00;3,2230501306256683;18,061267500000003;3,2230501306256683;3,217893943042907;0,0;0,005156187582761051;0,005156187582761051
2024-09-27 18:00:00;0,0;19,03388;0,0;0,0;0,0;0,0;0,005156187582761051
2024-09-27 19:00:00;0,0;19,599335;0,0;0,0;0,0;0,0;0,005156187582761051
2024-09-27 20:00:00;0,0;20,6171425;0,0;0,0;0,0;0,0;0,005156187582761051
2024-09-27 21:00:00;0,0;19,8876975;0,0;0,0;0,0;0,0;0,005156187582761051
2024-09-27 22:00:00;0,0;18,1686775;0,0;0,0;0,0;0,0;0,005156187582761051
2024-09-27 23:00:00;0,0;16,4835825;0,0;0,0;0,0;0,0;0,005156187582761051
2024-09-28 00:00:00;0,0;14,8153925;0,0;0,0;0,0;0,0;0,005156187582761051
2024-09-28 01:00:00;0,0;12,836242499999999;0,0;0,0;0,0;0,0;0,005156187582761051
2024-09-28 02:00:00;0,0;11,0493725;0,0;0,0;0,0;0,0;0,005156187582761051
2024-09-28 03:00:00;0,0;10,110685;0,0;0,0;0,0;0,0;0,005156187582761051
2024-09-28 04:00:00;0,0;9,87321;0,0;0,0;0,0;0,0;0,005156187582761051
2024-09-28 05:00:00;0,0;10,235115;0,0;0,0;0,0;0,0;0,005156187582761051
2024-09-28 06:00:00;5,697172373029208;10,285945;5,697172373029208;5,692016185446446;0,0;0,005156187582761051;0,005156187582761051
2024-09-28 07:00:00;41,53879951358257;11,286905;11,286905;11,286905;30,246738325999804;0,005156187582761051;0,005156187582761051
2024-09-28 08:00:00;81,44788672767942;12,0445825;12,0445825;12,0445825;69,39814804009666;0,005156187582761051;0,005156187582761051
2024-09-28 09:00:00;114,19304570381908;13,797527500000001;13,797527500000001;13,797527500000001;100,39036201623632;0,005156187582761051;0,005156187582761051
2024-09-28 10:00:00;137,30122686543288;15,624072499999999;15,624072499999999;15,624072499999999;121,67199817785011;0,005156187582761051;0,005156187582761051
2024-09-28 11:00:00;148,10630078567272;17,37696;17,37696;17,37696;130,72418459808995;0,005156187582761051;0,005156187582761051
2024-09-28 12:00:00;146,33381296471595;18,722862499999998;18,722862499999998;18,722862499999998;127,60579427713319;0,005156187582761051;0,005156187582761051
2024-09-28 13:00:00;133,34124051084962;18,3892475;18,3892475;18,3892475;114,94683682326685;0,005156187582761051;0,005156187582761051
2024-09-28 14:00:00;109,92753452867852;16,7889075;16,7889075;16,7889075;93,13347084109577;0,005156187582761051;0,005156187582761051
2024-09-28 15:00:00;75,9713728134294;15,120775;15,120775;15,120775;60,84544162584664;0,005156187582761051;0,005156187582761051
2024-09-28 16:00:00;36,5520130356737;14,029425;14,029425;14,029425;22,51743184809094;0,005156187582761051;0,005156187582761051
2024-09-28 17:00:00;5,454905245948602;16,387385000000002;5,454905245948602;5,449749058365841;0,0;0,005156187582761051;0,005156187582761051
2024-09-28 18:00:00;0,0;18,15735;0,0;0,0;0,0;0,0;0,005156187582761051
2024-09-28 19:00:00;0,0;19,028129999999997;0,0;0,0;0,0;0,0;0,005156187582761051
2024-09-28 20:00:00;0,0;19,972452500000003;0,0;0,0;0,0;0,0;0,005156187582761051
2024-09-28 21:00:00;0,0;18,7850775;0,0;0,0;0,0;0,0;0,005156187582761051
2024-09-28 22:00:00;0,0;16,4778325;0,0;0,0;0,0;0,0;0,005156187582761051
2024-09-28 23:00:00;0,0;14,696655;0,0;0,0;0,0;0,0;0,005156187582761051
2024-09-29 00:00:00;0,0;15,5335675;0,0;0,0;0,0;0,0;0,005156187582761051
2024-09-29 01:00:00;0,0;13,57138;0,0;0,0;0,0;0,0;0,005156187582761051
2024-09-29 02:00:00;0,0;12,50832;0,0;0,0;0,0;0,0;0,005156187582761051
2024-09-29 03:00:00;0,0;12,576170000000001;0,0;0,0;0,0;0,0;0,005156187582761051
2024-09-29 04:00:00;0,0;14,945457499999998;0,0;0,0;0,0;0,0;0,005156187582761051
2024-09-29 05:00:00;0,0;16,975495;0,0;0,0;0,0;0,0;0,005156187582761051
2024-09-29 06:00:00;5,953776233820225;18,3722275;5,953776233820225;5,948620046237464;0,0;0,005156187582761051;0,005156187582761051
2024-09-29 07:00:00;39,14061461459355;24,388855;24,388855;24,388855;14,74660342701079;0,005156187582761051;0,005156187582761051
2024-09-29 08:00:00;78,38967944394179;39,430625000000006;39,430625000000006;39,430625000000006;38,953898256359025;0,005156187582761051;0,005156187582761051
2024-09-29 09:00:00;111,0031594417299;47,800325;47,800325;47,800325;63,19767825414715;0,005156187582761051;0,005156187582761051
2024-09-29 10:00:00;133,93675499159676;48,44375;48,44375;48,44375;85,48784880401399;0,005156187582761051;0,005156187582761051
2024-09-29 11:00:00;143,47682299621218;49,9261;49,9261;49,9261;93,54556680862942;0,005156187582761051;0,005156187582761051
2024-09-29 12:00:00;140,78480163541846;46,447925;46,447925;46,447925;94,33172044783569;0,005156187582761051;0,005156187582761051
2024-09-29 13:00:00;128,1458390222939;39,559999999999995;39,559999999999995;39,559999999999995;88,58068283471113;0,005156187582761051;0,005156187582761051
2024-09-29 14:00:00;106,3233773234609;37,3658;37,3658;37,3658;68,95242113587815;0,005156187582761051;0,005156187582761051
2024-09-29 15:00:00;73,49240508053033;40,447799999999994;40,447799999999994;40,447799999999994;33,03944889294758;0,005156187582761051;0,005156187582761051
2024-09-29 16:00:00;34,95300117215197;41,36435;34,95300117215197;34,94784498456921;0,0;0,005156187582761051;0,005156187582761051
2024-09-29 17:00:00;4,603252959221441;40,595575;4,603252959221441;4,59809677163868;0,0;0,005156187582761051;0,005156187582761051
2024-09-29 18:00:00;0,0;32,605374999999995;0,0;0,0;0,0;0,0;0,005156187582761051
2024-09-29 19:00:00;0,0;22,969582499999998;0,0;0,0;0,0;0,0;0,005156187582761051
2024-09-29 20:00:00;0,0;20,6058725;0,0;0,0;0,0;0,0;0,005156187582761051
2024-09-29 21:00:00;0,0;19,486232499999996;0,0;0,0;0,0;0,0;0,005156187582761051
2024-09-29 22:00:00;0,0;18,4740025;0,0;0,0;0,0;0,0;0,005156187582761051
2024-09-29 23:00:00;0,0;17,7389225;0,0;0,0;0,0;0,0;0,005156187582761051
2024-09-30 00:00:00;0,0;15,5335675;0,0;0,0;0,0;0,0;0,005156187582761051
2024-09-30 01:00:00;0,0;13,57138;0,0;0,0;0,0;0,0;0,005156187582761051
2024-09-30 02:00:00;0,0;12,50832;0,0;0,0;0,0;0,0;0,005156187582761051
2024-09-30 03:00:00;0,0;12,576170000000001;0,0;0,0;0,0;0,0;0,005156187582761051
2024-09-30 04:00:00;0,0;14,945457499999998;0,0;0,0;0,0;0,0;0,005156187582761051
2024-09-30 05:00:00;0,0;16,975495;0,0;0,0;0,0;0,0;0,005156187582761051
2024-09-30 06:00:00;3,4985477055015077;18,3722275;3,4985477055015077;3,4933915179187465;0,0;0,005156187582761051;0,005156187582761051
2024-09-30 07:00:00;37,800448113572976;24,388855;24,388855;24,388855;13,406436925990214;0,005156187582761051;0,005156187582761051
2024-09-30 08:00:00;75,04592111726205;39,430625000000006;39,430625000000006;39,430625000000006;35,61013992967929;0,005156187582761051;0,005156187582761051
2024-09-30 09:00:00;106,07037614033604;47,800325;47,800325;47,800325;58,26489495275328;0,005156187582761051;0,005156187582761051
2024-09-30 10:00:00;121,62920913297495;48,44375;48,44375;48,44375;73,18030294539219;0,005156187582761051;0,005156187582761051
2024-09-30 11:00:00;132,6384594466138;49,9261;49,9261;49,9261;82,70720325903105;0,005156187582761051;0,005156187582761051
2024-09-30 12:00:00;135,14553842208232;46,447925;46,447925;46,447925;88,69245723449956;0,005156187582761051;0,005156187582761051
2024-09-30 13:00:00;102,92413628118362;39,559999999999995;39,559999999999995;39,559999999999995;63,35898009360087;0,005156187582761051;0,005156187582761051
2024-09-30 14:00:00;93,654084159143;37,3658;37,3658;37,3658;56,28312797156024;0,005156187582761051;0,005156187582761051
2024-09-30 15:00:00;58,35746003505679;40,447799999999994;40,447799999999994;40,447799999999994;17,904503847474032;0,005156187582761051;0,005156187582761051
2024-09-30 16:00:00;26,6625518767019;41,36435;26,6625518767019;26,65739568911914;0,0;0,005156187582761051;0,005156187582761051
2024-09-30 17:00:00;3,917752911470446;40,595575;3,917752911470446;3,9125967238876846;0,0;0,005156187582761051;0,005156187582761051
2024-09-30 18:00:00;0,0;32,605374999999995;0,0;0,0;0,0;0,0;0,005156187582761051
2024-09-30 19:00:00;0,0;22,969582499999998;0,0;0,0;0,0;0,0;0,005156187582761051
2024-09-30 20:00:00;0,0;20,6058725;0,0;0,0;0,0;0,0;0,005156187582761051
2024-09-30 21:00:00;0,0;19,486232499999996;0,0;0,0;0,0;0,0;0,005156187582761051
2024-09-30 22:00:00;0,0;18,4740025;0,0;0,0;0,0;0,0;0,005156187582761051
2024-09-30 23:00:00;0,0;17,7389225;0,0;0,0;0,0;0,0;0,005156187582761051
2024-10-01 00:00:00;0,0;15,5335675;0,0;0,0;0,0;0,0;0,005156187582761051
2024-10-01 01:00:00;0,0;13,57138;0,0;0,0;0,0;0,0;0,005156187582761051
2024-10-01 02:00:00;0,0;12,50832;0,0;0,0;0,0;0,0;0,005156187582761051
2024-10-01 03:00:00;0,0;12,576170000000001;0,0;0,0;0,0;0,0;0,005156187582761051
2024-10-01 04:00:00;0,0;14,945457499999998;0,0;0,0;0,0;0,0;0,005156187582761051
2024-10-01 05:00:00;0,0;16,975495;0,0;0,0;0,0;0,0;0,005156187582761051
2024-10-01 06:00:00;0,7386524892934595;18,3722275;0,7386524892934595;0,7334963017106985;0,0;0,005156187582761051;0,005156187582761051
2024-10-01 07:00:00;28,513603222944823;24,388855;24,388855;24,388855;4,119592035362064;0,005156187582761051;0,005156187582761051
2024-10-01 08:00:00;37,96415911306285;39,430625000000006;37,96415911306285;37,959002925480085;0,0;0,005156187582761051;0,005156187582761051
2024-10-01 09:00:00;20,81504353748954;47,800325;20,81504353748954;20,80988734990678;0,0;0,005156187582761051;0,005156187582761051
2024-10-01 10:00:00;14,91331009089983;48,44375;14,91331009089983;14,90815390331707;0,0;0,005156187582761051;0,005156187582761051
2024-10-01 11:00:00;48,7855079632113;49,9261;48,7855079632113;48,78035177562854;0,0;0,005156187582761051;0,005156187582761051
2024-10-01 12:00:00;74,1729930585271;46,447925;46,447925;46,447925;27,719911870944344;0,005156187582761051;0,005156187582761051
2024-10-01 13:00:00;86,81047613256908;39,559999999999995;39,559999999999995;39,559999999999995;47,24531994498633;0,005156187582761051;0,005156187582761051
2024-10-01 14:00:00;90,66245613412246;37,3658;37,3658;37,3658;53,29149994653971;0,005156187582761051;0,005156187582761051
2024-10-01 15:00:00;59,97977463912949;40,447799999999994;40,447799999999994;40,447799999999994;19,52681845154673;0,005156187582761051;0,005156187582761051
2024-10-01 16:00:00;27,016087740489564;41,36435;27,016087740489564;27,010931552906804;0,0;0,005156187582761051;0,005156187582761051
2024-10-01 17:00:00;1,7268662333447522;40,595575;1,7268662333447522;1,7217100457619912;0,0;0,005156187582761051;0,005156187582761051
2024-10-01 18:00:00;0,0;32,605374999999995;0,0;0,0;0,0;0,0;0,005156187582761051
2024-10-01 19:00:00;0,0;22,969582499999998;0,0;0,0;0,0;0,0;0,005156187582761051
2024-10-01 20:00:00;0,0;20,6058725;0,0;0,0;0,0;0,0;0,005156187582761051
2024-10-01 21:00:00;0,0;19,486232499999996;0,0;0,0;0,0;0,0;0,005156187582761051
2024-10-01 22:00:00;0,0;18,4740025;0,0;0,0;0,0;0,0;0,005156187582761051
2024-10-01 23:00:00;0,0;17,7389225;0,0;0,0;0,0;0,0;0,005156187582761051
2024-10-02 00:00:00;0,0;15,5335675;0,0;0,0;0,0;0,0;0,005156187582761051
2024-10-02 01:00:00;0,0;13,57138;0,0;0,0;0,0;0,0;0,005156187582761051
2024-10-02 02:00:00;0,0;12,50832;0,0;0,0;0,0;0,0;0,005156187582761051
2024-10-02 03:00:00;0,0;12,576170000000001;0,0;0,0;0,0;0,0;0,005156187582761051
2024-10-02 04:00:00;0,0;14,945457499999998;0,0;0,0;0,0;0,0;0,005156187582761051
2024-10-02 05:00:00;0,0;16,975495;0,0;0,0;0,0;0,0;0,005156187582761051
2024-10-02 06:00:00;4,188382802764527;18,3722275;4,188382802764527;4,183226615181765;0,0;0,005156187582761051;0,005156187582761051
2024-10-02 07:00:00;39,601491038823966;24,388855;24,388855;24,388855;15,207479851241203;0,005156187582761051;0,005156187582761051
2024-10-02 08:00:00;80,17326380801809;39,430625000000006;39,430625000000006;39,430625000000006;40,73748262043533;0,005156187582761051;0,005156187582761051
2024-10-02 09:00:00;114,66279936254507;47,800325;47,800325;47,800325;66,85731817496232;0,005156187582761051;0,005156187582761051
2024-10-02 10:00:00;137,95296383131893;48,44375;48,44375;48,44375;89,50405764373616;0,005156187582761051;0,005156187582761051
2024-10-02 11:00:00;147,81187250823498;49,9261;49,9261;49,9261;97,88061632065222;0,005156187582761051;0,005156187582761051
2024-10-02 12:00:00;145,35139901386847;46,447925;46,447925;46,447925;98,8983178262857;0,005156187582761051;0,005156187582761051
2024-10-02 13:00:00;110,16426078189478;39,559999999999995;39,559999999999995;39,559999999999995;70,59910459431202;0,005156187582761051;0,005156187582761051
2024-10-02 14:00:00;106,10440553923586;37,3658;37,3658;37,3658;68,73344935165309;0,005156187582761051;0,005156187582761051
2024-10-02 15:00:00;68,23930156775319;40,447799999999994;40,447799999999994;40,447799999999994;27,786345380170438;0,005156187582761051;0,005156187582761051
2024-10-02 16:00:00;22,73681685188082;41,36435;22,73681685188082;22,73166066429806;0,0;0,005156187582761051;0,005156187582761051
2024-10-02 17:00:00;2,510407938404346;40,595575;2,510407938404346;2,505251750821585;0,0;0,005156187582761051;0,005156187582761051
2024-10-02 18:00:00;0,0;32,605374999999995;0,0;0,0;0,0;0,0;0,005156187582761051
2024-10-02 19:00:00;0,0;22,969582499999998;0,0;0,0;0,0;0,0;0,005156187582761051
2024-10-02 20:00:00;0,0;20,6058725;0,0;0,0;0,0;0,0;0,005156187582761051
2024-10-02 21:00:00;0,0;19,486232499999996;0,0;0,0;0,0;0,0;0,005156187582761051
2024-10-02 22:00:00;0,0;18,4740025;0,0;0,0;0,0;0,0;0,005156187582761051
2024-10-02 23:00:00;0,0;17,7389225;0,0;0,0;0,0;0,0;0,005156187582761051
2024-10-03 00:00:00;0,0;15,5335675;0,0;0,0;0,0;0,0;0,005156187582761051
2024-10-03 01:00:00;0,0;13,57138;0,0;0,0;0,0;0,0;0,005156187582761051
2024-10-03 02:00:00;0,0;12,50832;0,0;0,0;0,0;0,0;0,005156187582761051
2024-10-03 03:00:00;0,0;12,576170000000001;0,0;0,0;0,0;0,0;0,005156187582761051
2024-10-03 04:00:00;0,0;14,945457499999998;0,0;0,0;0,0;0,0;0,005156187582761051
2024-10-03 05:00:00;0,0;16,975495;0,0;0,0;0,0;0,0;0,005156187582761051
2024-10-03 06:00:00;0,6477644034492402;18,3722275;0,6477644034492402;0,6426082158664792;0,0;0,005156187582761051;0,005156187582761051
2024-10-03 07:00:00;14,06146546409193;24,388855;14,06146546409193;14,056309276509168;0,0;0,005156187582761051;0,005156187582761051
2024-10-03 08:00:00;36,89474826415838;39,430625000000006;36,89474826415838;36,88959207657562;0,0;0,005156187582761051;0,005156187582761051
2024-10-03 09:00:00;51,65810706903653;47,800325;47,800325;47,800325;3,8526258814537684;0,005156187582761051;0,005156187582761051
2024-10-03 10:00:00;70,24777587238493;48,44375;48,44375;48,44375;21,798869684802177;0,005156187582761051;0,005156187582761051
2024-10-03 11:00:00;134,8784816176727;49,9261;49,9261;49,9261;84,94722543008993;0,005156187582761051;0,005156187582761051
2024-10-03 12:00:00;93,95517036245242;46,447925;46,447925;46,447925;47,50208917486967;0,005156187582761051;0,005156187582761051
2024-10-03 13:00:00;39,10865657040935;39,559999999999995;39,10865657040935;39,10350038282659;0,0;0,005156187582761051;0,005156187582761051
2024-10-03 14:00:00;22,814862538488057;37,3658;22,814862538488057;22,809706350905298;0,0;0,005156187582761051;0,005156187582761051
2024-10-03 15:00:00;7,791252808980277;40,447799999999994;7,791252808980277;7,786096621397515;0,0;0,005156187582761051;0,005156187582761051
2024-10-03 16:00:00;5,433977165625202;41,36435;5,433977165625202;5,428820978042441;0,0;0,005156187582761051;0,005156187582761051
2024-10-03 17:00:00;0,39560655760144153;40,595575;0,39560655760144153;0,3904503700186805;0,0;0,005156187582761051;0,005156187582761051
2024-10-03 18:00:00;0,0;32,605374999999995;0,0;0,0;0,0;0,0;0,005156187582761051
2024-10-03 19:00:00;0,0;22,969582499999998;0,0;0,0;0,0;0,0;0,005156187582761051
2024-10-03 20:00:00;0,0;20,6058725;0,0;0,0;0,0;0,0;0,005156187582761051
2024-10-03 21:00:00;0,0;19,486232499999996;0,0;0,0;0,0;0,0;0,005156187582761051
2024-10-03 22:00:00;0,0;18,4740025;0,0;0,0;0,0;0,0;0,005156187582761051
2024-10-03 23:00:00;0,0;17,7389225;0,0;0,0;0,0;0,0;0,005156187582761051
2024-10-04 00:00:00;0,0;17,4561375;0,0;0,0;0,0;0,0;0,005156187582761051
2024-10-04 01:00:00;0,0;17,3939225;0,0;0,0;0,0;0,0;0,005156187582761051
2024-10-04 02:00:00;0,0;15,765407500000002;0,0;0,0;0,0;0,0;0,005156187582761051
2024-10-04 03:00:00;0,0;15,375212499999998;0,0;0,0;0,0;0,0;0,005156187582761051
2024-10-04 04:00:00;0,0;15,906800000000002;0,0;0,0;0,0;0,0;0,005156187582761051
2024-10-04 05:00:00;0,0;16,410040000000002;0,0;0,0;0,0;0,0;0,005156187582761051
2024-10-04 06:00:00;0,8345784057139374;16,9189725;0,8345784057139374;0,8294222181311763;0,0;0,005156187582761051;0,005156187582761051
2024-10-04 07:00:00;14,922335279303699;25,717564999999997;14,922335279303699;14,917179091720937;0,0;0,005156187582761051;0,005156187582761051
2024-10-04 08:00:00;34,535549219995914;38,12997499999999;34,535549219995914;34,53039303241315;0,0;0,005156187582761051;0,005156187582761051
2024-10-04 09:00:00;39,359882306635114;42,359675;39,359882306635114;39,35472611905235;0,0;0,005156187582761051;0,005156187582761051
2024-10-04 10:00:00;79,7424960041186;43,2078;43,2078;43,2078;36,52953981653585;0,005156187582761051;0,005156187582761051
2024-10-04 11:00:00;89,1681216606948;44,118025;44,118025;44,118025;45,044940473112035;0,005156187582761051;0,005156187582761051
2024-10-04 12:00:00;63,43967678379345;43,445275;43,445275;43,445275;19,989245596210687;0,005156187582761051;0,005156187582761051
2024-10-04 13:00:00;44,38883564839811;38,170224999999995;38,170224999999995;38,170224999999995;6,213454460815349;0,005156187582761051;0,005156187582761051
2024-10-04 14:00:00;69,73363604118086;28,477450000000005;28,477450000000005;28,477450000000005;41,2510298535981;0,005156187582761051;0,005156187582761051
2024-10-04 15:00:00;44,74436888994729;21,459805;21,459805;21,459805;23,279407702364527;0,005156187582761051;0,005156187582761051
2024-10-04 16:00:00;23,10307675177886;17,863352499999998;17,863352499999998;17,863352499999998;5,234568064196104;0,005156187582761051;0,005156187582761051
2024-10-04 17:00:00;0,9472748976357049;18,061267500000003;0,9472748976357049;0,9421187100529439;0,0;0,005156187582761051;0,005156187582761051
2024-10-04 18:00:00;0,0;19,03388;0,0;0,0;0,0;0,0;0,005156187582761051
2024-10-04 19:00:00;0,0;19,599335;0,0;0,0;0,0;0,0;0,005156187582761051
2024-10-04 20:00:00;0,0;20,6171425;0,0;0,0;0,0;0,0;0,005156187582761051
2024-10-04 21:00:00;0,0;19,8876975;0,0;0,0;0,0;0,0;0,005156187582761051
2024-10-04 22:00:00;0,0;18,1686775;0,0;0,0;0,0;0,0;0,005156187582761051
2024-10-04 23:00:00;0,0;16,4835825;0,0;0,0;0,0;0,0;0,005156187582761051
2024-10-05 00:00:00;0,0;14,8153925;0,0;0,0;0,0;0,0;0,005156187582761051
2024-10-05 01:00:00;0,0;12,836242499999999;0,0;0,0;0,0;0,0;0,005156187582761051
2024-10-05 02:00:00;0,0;11,0493725;0,0;0,0;0,0;0,0;0,005156187582761051
2024-10-05 03:00:00;0,0;10,110685;0,0;0,0;0,0;0,0;0,005156187582761051
2024-10-05 04:00:00;0,0;9,87321;0,0;0,0;0,0;0,0;0,005156187582761051
2024-10-05 05:00:00;0,0;10,235115;0,0;0,0;0,0;0,0;0,005156187582761051
2024-10-05 06:00:00;0,0;10,285945;0,0;0,0;0,0;0,0;0,005156187582761051
2024-10-05 07:00:00;2,630820226641881;11,286905;2,630820226641881;2,62566403905912;0,0;0,005156187582761051;0,005156187582761051
2024-10-05 08:00:00;5,64373881906105;12,0445825;5,64373881906105;5,638582631478289;0,0;0,005156187582761051;0,005156187582761051
2024-10-05 09:00:00;20,918833204134046;13,797527500000001;13,797527500000001;13,797527500000001;7,116149516551285;0,005156187582761051;0,005156187582761051
2024-10-05 10:00:00;29,57820556983084;15,624072499999999;15,624072499999999;15,624072499999999;13,94897688224808;0,005156187582761051;0,005156187582761051
2024-10-05 11:00:00;29,32831141877942;17,37696;17,37696;17,37696;11,946195231196661;0,005156187582761051;0,005156187582761051
2024-10-05 12:00:00;16,282993396618302;18,722862499999998;16,282993396618302;16,277837209035543;0,0;0,005156187582761051;0,005156187582761051
2024-10-05 13:00:00;14,115838525377539;18,3892475;14,115838525377539;14,110682337794778;0,0;0,005156187582761051;0,005156187582761051
2024-10-05 14:00:00;22,21350387836462;16,7889075;16,7889075;16,7889075;5,4194401907818595;0,005156187582761051;0,005156187582761051
2024-10-05 15:00:00;11,124358454265268;15,120775;11,124358454265268;11,119202266682507;0,0;0,005156187582761051;0,005156187582761051
2024-10-05 16:00:00;13,013877816655832;14,029425;13,013877816655832;13,00872162907307;0,0;0,005156187582761051;0,005156187582761051
2024-10-05 17:00:00;2,665700360514214;16,387385000000002;2,665700360514214;2,660544172931453;0,0;0,005156187582761051;0,005156187582761051
2024-10-05 18:00:00;0,0;18,15735;0,0;0,0;0,0;0,0;0,005156187582761051
2024-10-05 19:00:00;0,0;19,028129999999997;0,0;0,0;0,0;0,0;0,005156187582761051
2024-10-05 20:00:00;0,0;19,972452500000003;0,0;0,0;0,0;0,0;0,005156187582761051
2024-10-05 21:00:00;0,0;18,7850775;0,0;0,0;0,0;0,0;0,005156187582761051
2024-10-05 22:00:00;0,0;16,4778325;0,0;0,0;0,0;0,0;0,005156187582761051
2024-10-05 23:00:00;0,0;14,696655;0,0;0,0;0,0;0,0;0,005156187582761051
2024-10-06 00:00:00;0,0;15,5335675;0,0;0,0;0,0;0,0;0,005156187582761051
2024-10-06 01:00:00;0,0;13,57138;0,0;0,0;0,0;0,0;0,005156187582761051
2024-10-06 02:00:00;0,0;12,50832;0,0;0,0;0,0;0,0;0,005156187582761051
2024-10-06 03:00:00;0,0;12,576170000000001;0,0;0,0;0,0;0,0;0,005156187582761051
2024-10-06 04:00:00;0,0;14,945457499999998;0,0;0,0;0,0;0,0;0,005156187582761051
2024-10-06 05:00:00;0,0;16,975495;0,0;0,0;0,0;0,0;0,005156187582761051
2024-10-06 06:00:00;0,16886719319273907;18,3722275;0,16886719319273907;0,16371100560997803;0,0;0,005156187582761051;0,005156187582761051
2024-10-06 07:00:00;12,255000028103208;24,388855;12,255000028103208;12,249843840520446;0,0;0,005156187582761051;0,005156187582761051
2024-10-06 08:00:00;23,194438290129508;39,430625000000006;23,194438290129508;23,18928210254675;0,0;0,005156187582761051;0,005156187582761051
2024-10-06 09:00:00;24,05959876868082;47,800325;24,05959876868082;24,054442581098062;0,0;0,005156187582761051;0,005156187582761051
2024-10-06 10:00:00;19,88655878620288;48,44375;19,88655878620288;19,88140259862012;0,0;0,005156187582761051;0,005156187582761051
2024-10-06 11:00:00;18,697601179424193;49,9261;18,697601179424193;18,692444991841434;0,0;0,005156187582761051;0,005156187582761051
2024-10-06 12:00:00;13,076699046103098;46,447925;13,076699046103098;13,071542858520337;0,0;0,005156187582761051;0,005156187582761051
2024-10-06 13:00:00;15,040557849698985;39,559999999999995;15,040557849698985;15,035401662116223;0,0;0,005156187582761051;0,005156187582761051
2024-10-06 14:00:00;13,212579915449233;37,3658;13,212579915449233;13,207423727866471;0,0;0,005156187582761051;0,005156187582761051
2024-10-06 15:00:00;6,784278509361595;40,447799999999994;6,784278509361595;6,779122321778834;0,0;0,005156187582761051;0,005156187582761051
2024-10-06 16:00:00;5,3406922264671675;41,36435;5,3406922264671675;5,335536038884406;0,0;0,005156187582761051;0,005156187582761051
2024-10-06 17:00:00;0,0;40,595575;0,0;0,0;0,0;0,0;0,005156187582761051
2024-10-06 18:00:00;0,0;32,605374999999995;0,0;0,0;0,0;0,0;0,005156187582761051
2024-10-06 19:00:00;0,0;22,969582499999998;0,0;0,0;0,0;0,0;0,005156187582761051
2024-10-06 20:00:00;0,0;20,6058725;0,0;0,0;0,0;0,0;0,005156187582761051
2024-10-06 21:00:00;0,0;19,486232499999996;0,0;0,0;0,0;0,0;0,005156187582761051
2024-10-06 22:00:00;0,0;18,4740025;0,0;0,0;0,0;0,0;0,005156187582761051
2024-10-06 23:00:00;0,0;17,7389225;0,0;0,0;0,0;0,0;0,005156187582761051
2024-10-07 00:00:00;0,0;15,5335675;0,0;0,0;0,0;0,0;0,005156187582761051
2024-10-07 01:00:00;0,0;13,57138;0,0;0,0;0,0;0,0;0,005156187582761051
2024-10-07 02:00:00;0,0;12,50832;0,0;0,0;0,0;0,0;0,005156187582761051
2024-10-07 03:00:00;0,0;12,576170000000001;0,0;0,0;0,0;0,0;0,005156187582761051
2024-10-07 04:00:00;0,0;14,945457499999998;0,0;0,0;0,0;0,0;0,005156187582761051
2024-10-07 05:00:00;0,0;16,975495;0,0;0,0;0,0;0,0;0,005156187582761051
2024-10-07 06:00:00;0,02942063465753376;18,3722275;0,02942063465753376;0,02426444707477271;0,0;0,005156187582761051;0,005156187582761051
2024-10-07 07:00:00;8,550729810861355;24,388855;8,550729810861355;8,545573623278594;0,0;0,005156187582761051;0,005156187582761051
2024-10-07 08:00:00;19,03937470750517;39,430625000000006;19,03937470750517;19,034218519922412;0,0;0,005156187582761051;0,005156187582761051
2024-10-07 09:00:00;27,759556129496893;47,800325;27,759556129496893;27,754399941914134;0,0;0,005156187582761051;0,005156187582761051
2024-10-07 10:00:00;17,589056521784908;48,44375;17,589056521784908;17,58390033420215;0,0;0,005156187582761051;0,005156187582761051
2024-10-07 11:00:00;26,248798772252346;49,9261;26,248798772252346;26,243642584669587;0,0;0,005156187582761051;0,005156187582761051
2024-10-07 12:00:00;25,28428724430434;46,447925;25,28428724430434;25,27913105672158;0,0;0,005156187582761051;0,005156187582761051
2024-10-07 13:00:00;19,323076326594038;39,559999999999995;19,323076326594038;19,317920139011278;0,0;0,005156187582761051;0,005156187582761051
2024-10-07 14:00:00;28,210963503598656;37,3658;28,210963503598656;28,205807316015896;0,0;0,005156187582761051;0,005156187582761051
2024-10-07 15:00:00;27,282404775357865;40,447799999999994;27,282404775357865;27,277248587775105;0,0;0,005156187582761051;0,005156187582761051
2024-10-07 16:00:00;10,617379592220987;41,36435;10,617379592220987;10,612223404638225;0,0;0,005156187582761051;0,005156187582761051
2024-10-07 17:00:00;0,46797821182690114;40,595575;0,46797821182690114;0,4628220242441401;0,0;0,005156187582761051;0,005156187582761051
2024-10-07 18:00:00;0,0;32,605374999999995;0,0;0,0;0,0;0,0;0,005156187582761051
2024-10-07 19:00:00;0,0;22,969582499999998;0,0;0,0;0,0;0,0;0,005156187582761051
2024-10-07 20:00:00;0,0;20,6058725;0,0;0,0;0,0;0,0;0,005156187582761051
2024-10-07 21:00:00;0,0;19,486232499999996;0,0;0,0;0,0;0,0;0,005156187582761051
2024-10-07 22:00:00;0,0;18,4740025;0,0;0,0;0,0;0,0;0,005156187582761051
2024-10-07 23:00:00;0,0;17,7389225;0,0;0,0;0,0;0,0;0,005156187582761051
2024-10-08 00:00:00;0,0;15,5335675;0,0;0,0;0,0;0,0;0,005156187582761051
2024-10-08 01:00:00;0,0;13,57138;0,0;0,0;0,0;0,0;0,005156187582761051
2024-10-08 02:00:00;0,0;12,50832;0,0;0,0;0,0;0,0;0,005156187582761051
2024-10-08 03:00:00;0,0;12,576170000000001;0,0;0,0;0,0;0,0;0,005156187582761051
2024-10-08 04:00:00;0,0;14,945457499999998;0,0;0,0;0,0;0,0;0,005156187582761051
2024-10-08 05:00:00;0,0;16,975495;0,0;0,0;0,0;0,0;0,005156187582761051
2024-10-08 06:00:00;0,0;18,3722275;0,0;0,0;0,0;0,0;0,005156187582761051
2024-10-08 07:00:00;10,765274318917847;24,388855;10,765274318917847;10,760118131335085;0,0;0,005156187582761051;0,005156187582761051
2024-10-08 08:00:00;12,123417219792033;39,430625000000006;12,123417219792033;12,118261032209272;0,0;0,005156187582761051;0,005156187582761051
2024-10-08 09:00:00;19,43278414956895;47,800325;19,43278414956895;19,42762796198619;0,0;0,005156187582761051;0,005156187582761051
2024-10-08 10:00:00;22,68732626956779;48,44375;22,68732626956779;22,68217008198503;0,0;0,005156187582761051;0,005156187582761051
2024-10-08 11:00:00;24,46735973984584;49,9261;24,46735973984584;24,46220355226308;0,0;0,005156187582761051;0,005156187582761051
2024-10-08 12:00:00;33,390977785695284;46,447925;33,390977785695284;33,38582159811252;0,0;0,005156187582761051;0,005156187582761051
2024-10-08 13:00:00;26,48574695633101;39,559999999999995;26,48574695633101;26,48059076874825;0,0;0,005156187582761051;0,005156187582761051
2024-10-08 14:00:00;31,520100615745495;37,3658;31,520100615745495;31,514944428162735;0,0;0,005156187582761051;0,005156187582761051
2024-10-08 15:00:00;18,709067607314356;40,447799999999994;18,709067607314356;18,703911419731597;0,0;0,005156187582761051;0,005156187582761051
2024-10-08 16:00:00;2,2717434889898738;41,36435;2,2717434889898738;2,2665873014071125;0,0;0,005156187582761051;0,005156187582761051
2024-10-08 17:00:00;0,1334544252506686;40,595575;0,1334544252506686;0,12829823766790757;0,0;0,005156187582761051;0,005156187582761051
2024-10-08 18:00:00;0,0;32,605374999999995;0,0;0,0;0,0;0,0;0,005156187582761051
2024-10-08 19:00:00;0,0;22,969582499999998;0,0;0,0;0,0;0,0;0,005156187582761051
2024-10-08 20:00:00;0,0;20,6058725;0,0;0,0;0,0;0,0;0,005156187582761051
2024-10-08 21:00:00;0,0;19,486232499999996;0,0;0,0;0,0;0,0;0,005156187582761051
2024-10-08 22:00:00;0,0;18,4740025;0,0;0,0;0,0;0,0;0,005156187582761051
2024-10-08 23:00:00;0,0;17,7389225;0,0;0,0;0,0;0,0;0,005156187582761051
2024-10-09 00:00:00;0,0;15,5335675;0,0;0,0;0,0;0,0;0,005156187582761051
2024-10-09 01:00:00;0,0;13,57138;0,0;0,0;0,0;0,0;0,005156187582761051
2024-10-09 02:00:00;0,0;12,50832;0,0;0,0;0,0;0,0;0,005156187582761051
2024-10-09 03:00:00;0,0;12,576170000000001;0,0;0,0;0,0;0,0;0,005156187582761051
2024-10-09 04:00:00;0,0;14,945457499999998;0,0;0,0;0,0;0,0;0,005156187582761051
2024-10-09 05:00:00;0,0;16,975495;0,0;0,0;0,0;0,0;0,005156187582761051
2024-10-09 06:00:00;0,0;18,3722275;0,0;0,0;0,0;0,0;0,005156187582761051
2024-10-09 07:00:00;21,40345623064022;24,388855;21,40345623064022;21,39830004305746;0,0;0,005156187582761051;0,005156187582761051
2024-10-09 08:00:00;29,57813159287671;39,430625000000006;29,57813159287671;29,57297540529395;0,0;0,005156187582761051;0,005156187582761051
2024-10-09 09:00:00;53,542226113775605;47,800325;47,800325;47,800325;5,736744926192841;0,005156187582761051;0,005156187582761051
2024-10-09 10:00:00;32,27104067711997;48,44375;32,27104067711997;32,26588448953721;0,0;0,005156187582761051;0,005156187582761051
2024-10-09 11:00:00;26,171936716911194;49,9261;26,171936716911194;26,166780529328435;0,0;0,005156187582761051;0,005156187582761051
2024-10-09 12:00:00;28,831408217887656;46,447925;28,831408217887656;28,826252030304897;0,0;0,005156187582761051;0,005156187582761051
2024-10-09 13:00:00;30,85467791334541;39,559999999999995;30,85467791334541;30,84952172576265;0,0;0,005156187582761051;0,005156187582761051
2024-10-09 14:00:00;28,18566338528617;37,3658;28,18566338528617;28,18050719770341;0,0;0,005156187582761051;0,005156187582761051
2024-10-09 15:00:00;17,157696902252397;40,447799999999994;17,157696902252397;17,152540714669637;0,0;0,005156187582761051;0,005156187582761051
2024-10-09 16:00:00;2,932794153400877;41,36435;2,932794153400877;2,9276379658181155;0,0;0,005156187582761051;0,005156187582761051
2024-10-09 17:00:00;0,33025531632292676;40,595575;0,33025531632292676;0,3250991287401657;0,0;0,005156187582761051;0,005156187582761051
2024-10-09 18:00:00;0,0;32,605374999999995;0,0;0,0;0,0;0,0;0,005156187582761051
2024-10-09 19:00:00;0,0;22,969582499999998;0,0;0,0;0,0;0,0;0,005156187582761051
2024-10-09 20:00:00;0,0;20,6058725;0,0;0,0;0,0;0,0;0,005156187582761051
2024-10-09 21:00:00;0,0;19,486232499999996;0,0;0,0;0,0;0,0;0,005156187582761051
2024-10-09 22:00:00;0,0;18,4740025;0,0;0,0;0,0;0,0;0,005156187582761051
2024-10-09 23:00:00;0,0;17,7389225;0,0;0,0;0,0;0,0;0,005156187582761051
2024-10-10 00:00:00;0,0;15,5335675;0,0;0,0;0,0;0,0;0,005156187582761051
2024-10-10 01:00:00;0,0;13,57138;0,0;0,0;0,0;0,0;0,005156187582761051
2024-10-10 02:00:00;0,0;12,50832;0,0;0,0;0,0;0,0;0,005156187582761051
2024-10-10 03:00:00;0,0;12,576170000000001;0,0;0,0;0,0;0,0;0,005156187582761051
2024-10-10 04:00:00;0,0;14,945457499999998;0,0;0,0;0,0;0,0;0,005156187582761051
2024-10-10 05:00:00;0,0;16,975495;0,0;0,0;0,0;0,0;0,005156187582761051
2024-10-10 06:00:00;0,2339891059134506;18,3722275;0,2339891059134506;0,22883291833068956;0,0;0,005156187582761051;0,005156187582761051
2024-10-10 07:00:00;15,95171719832838;24,388855;15,95171719832838;15,946561010745619;0,0;0,005156187582761051;0,005156187582761051
2024-10-10 08:00:00;43,07781606730479;39,430625000000006;39,430625000000006;39,430625000000006;3,6420348797220186;0,005156187582761051;0,005156187582761051
2024-10-10 09:00:00;62,65995968726238;47,800325;47,800325;47,800325;14,854478499679615;0,005156187582761051;0,005156187582761051
2024-10-10 10:00:00;54,63863855093755;48,44375;48,44375;48,44375;6,189732363354786;0,005156187582761051;0,005156187582761051
2024-10-10 11:00:00;36,92189780632412;49,9261;36,92189780632412;36,916741618741355;0,0;0,005156187582761051;0,005156187582761051
2024-10-10 12:00:00;47,77505674674849;46,447925;46,447925;46,447925;1,321975559165729;0,005156187582761051;0,005156187582761051
2024-10-10 13:00:00;49,70289617137845;39,559999999999995;39,559999999999995;39,559999999999995;10,13773998379569;0,005156187582761051;0,005156187582761051
2024-10-10 14:00:00;42,83613335816181;37,3658;37,3658;37,3658;5,465177170579047;0,005156187582761051;0,005156187582761051
2024-10-10 15:00:00;24,845381975450554;40,447799999999994;24,845381975450554;24,840225787867794;0,0;0,005156187582761051;0,005156187582761051
2024-10-10 16:00:00;6,002889533667187;41,36435;6,002889533667187;5,997733346084425;0,0;0,005156187582761051;0,005156187582761051
2024-10-10 17:00:00;0,5987546713380608;40,595575;0,5987546713380608;0,5935984837552998;0,0;0,005156187582761051;0,005156187582761051
2024-10-10 18:00:00;0,0;32,605374999999995;0,0;0,0;0,0;0,0;0,005156187582761051
2024-10-10 19:00:00;0,0;22,969582499999998;0,0;0,0;0,0;0,0;0,005156187582761051
2024-10-10 20:00:00;0,0;20,6058725;0,0;0,0;0,0;0,0;0,005156187582761051
2024-10-10 21:00:00;0,0;19,486232499999996;0,0;0,0;0,0;0,0;0,005156187582761051
2024-10-10 22:00:00;0,0;18,4740025;0,0;0,0;0,0;0,0;0,005156187582761051
2024-10-10 23:00:00;0,0;17,7389225;0,0;0,0;0,0;0,0;0,005156187582761051
2024-10-11 00:00:00;0,0;17,4561375;0,0;0,0;0,0;0,0;0,005156187582761051
2024-10-11 01:00:00;0,0;17,3939225;0,0;0,0;0,0;0,0;0,005156187582761051
2024-10-11 02:00:00;0,0;15,765407500000002;0,0;0,0;0,0;0,0;0,005156187582761051
2024-10-11 03:00:00;0,0;15,375212499999998;0,0;0,0;0,0;0,0;0,005156187582761051
2024-10-11 04:00:00;0,0;15,906800000000002;0,0;0,0;0,0;0,0;0,005156187582761051
2024-10-11 05:00:00;0,0;16,410040000000002;0,0;0,0;0,0;0,0;0,005156187582761051
2024-10-11 06:00:00;0,0;16,9189725;0,0;0,0;0,0;0,0;0,005156187582761051
2024-10-11 07:00:00;11,388234249647272;25,717564999999997;11,388234249647272;11,383078062064511;0,0;0,005156187582761051;0,005156187582761051
2024-10-11 08:00:00;19,603153074930532;38,12997499999999;19,603153074930532;19,597996887347772;0,0;0,005156187582761051;0,005156187582761051
2024-10-11 09:00:00;34,11121741110576;42,359675;34,11121741110576;34,106061223523;0,0;0,005156187582761051;0,005156187582761051
2024-10-11 10:00:00;102,68888956704996;43,2078;43,2078;43,2078;59,4759333794672;0,005156187582761051;0,005156187582761051
2024-10-11 11:00:00;125,69350299288166;44,118025;44,118025;44,118025;81,5703218052989;0,005156187582761051;0,005156187582761051
2024-10-11 12:00:00;113,93190705573986;43,445275;43,445275;43,445275;70,4814758681571;0,005156187582761051;0,005156187582761051
2024-10-11 13:00:00;68,30514105692896;38,170224999999995;38,170224999999995;38,170224999999995;30,12975986934621;0,005156187582761051;0,005156187582761051
2024-10-11 14:00:00;52,795872623557194;28,477450000000005;28,477450000000005;28,477450000000005;24,313266435974427;0,005156187582761051;0,005156187582761051
2024-10-11 15:00:00;30,805335284940647;21,459805;21,459805;21,459805;9,340374097357888;0,005156187582761051;0,005156187582761051
2024-10-11 16:00:00;13,761733039043074;17,863352499999998;13,761733039043074;13,756576851460313;0,0;0,005156187582761051;0,005156187582761051
2024-10-11 17:00:00;0,19961201532920134;18,061267500000003;0,19961201532920134;0,1944558277464403;0,0;0,005156187582761051;0,005156187582761051
2024-10-11 18:00:00;0,0;19,03388;0,0;0,0;0,0;0,0;0,005156187582761051
2024-10-11 19:00:00;0,0;19,599335;0,0;0,0;0,0;0,0;0,005156187582761051
2024-10-11 20:00:00;0,0;20,6171425;0,0;0,0;0,0;0,0;0,005156187582761051
2024-10-11 21:00:00;0,0;19,8876975;0,0;0,0;0,0;0,0;0,005156187582761051
2024-10-11 22:00:00;0,0;18,1686775;0,0;0,0;0,0;0,0;0,005156187582761051
2024-10-11 23:00:00;0,0;16,4835825;0,0;0,0;0,0;0,0;0,005156187582761051
2024-10-12 00:00:00;0,0;14,8153925;0,0;0,0;0,0;0,0;0,005156187582761051
2024-10-12 01:00:00;0,0;12,836242499999999;0,0;0,0;0,0;0,0;0,005156187582761051
2024-10-12 02:00:00;0,0;11,0493725;0,0;0,0;0,0;0,0;0,005156187582761051
2024-10-12 03:00:00;0,0;10,110685;0,0;0,0;0,0;0,0;0,005156187582761051
2024-10-12 04:00:00;0,0;9,87321;0,0;0,0;0,0;0,0;0,005156187582761051
2024-10-12 05:00:00;0,0;10,235115;0,0;0,0;0,0;0,0;0,005156187582761051
2024-10-12 06:00:00;0,0;10,285945;0,0;0,0;0,0;0,0;0,005156187582761051
2024-10-12 07:00:00;16,16211505356975;11,286905;11,286905;11,286905;4,870053865986989;0,005156187582761051;0,005156187582761051
2024-10-12 08:00:00;37,74230222762673;12,0445825;12,0445825;12,0445825;25,692563540043967;0,005156187582761051;0,005156187582761051
2024-10-12 09:00:00;83,24034832625131;13,797527500000001;13,797527500000001;13,797527500000001;69,43766463866855;0,005156187582761051;0,005156187582761051
2024-10-12 10:00:00;106,7568822746632;15,624072499999999;15,624072499999999;15,624072499999999;91,12765358708045;0,005156187582761051;0,005156187582761051
2024-10-12 11:00:00;109,12710388499102;17,37696;17,37696;17,37696;91,74498769740826;0,005156187582761051;0,005156187582761051
2024-10-12 12:00:00;82,93186442752885;18,722862499999998;18,722862499999998;18,722862499999998;64,2038457399461;0,005156187582761051;0,005156187582761051
2024-10-12 13:00:00;56,016829206380976;18,3892475;18,3892475;18,3892475;37,62242551879821;0,005156187582761051;0,005156187582761051
2024-10-12 14:00:00;39,6035623935396;16,7889075;16,7889075;16,7889075;22,809498705956834;0,005156187582761051;0,005156187582761051
2024-10-12 15:00:00;20,9942157203926;15,120775;15,120775;15,120775;5,86828453280984;0,005156187582761051;0,005156187582761051
2024-10-12 16:00:00;4,270534210325983;14,029425;4,270534210325983;4,265378022743222;0,0;0,005156187582761051;0,005156187582761051
2024-10-12 17:00:00;0,0;16,387385000000002;0,0;0,0;0,0;0,0;0,005156187582761051
2024-10-12 18:00:00;0,0;18,15735;0,0;0,0;0,0;0,0;0,005156187582761051
2024-10-12 19:00:00;0,0;19,028129999999997;0,0;0,0;0,0;0,0;0,005156187582761051
2024-10-12 20:00:00;0,0;19,972452500000003;0,0;0,0;0,0;0,0;0,005156187582761051
2024-10-12 21:00:00;0,0;18,7850775;0,0;0,0;0,0;0,0;0,005156187582761051
2024-10-12 22:00:00;0,0;16,4778325;0,0;0,0;0,0;0,0;0,005156187582761051
2024-10-12 23:00:00;0,0;14,696655;0,0;0,0;0,0;0,0;0,005156187582761051
2024-10-13 00:00:00;0,0;15,5335675;0,0;0,0;0,0;0,0;0,005156187582761051
2024-10-13 01:00:00;0,0;13,57138;0,0;0,0;0,0;0,0;0,005156187582761051
2024-10-13 02:00:00;0,0;12,50832;0,0;0,0;0,0;0,0;0,005156187582761051
2024-10-13 03:00:00;0,0;12,576170000000001;0,0;0,0;0,0;0,0;0,005156187582761051
2024-10-13 04:00:00;0,0;14,945457499999998;0,0;0,0;0,0;0,0;0,005156187582761051
2024-10-13 05:00:00;0,0;16,975495;0,0;0,0;0,0;0,0;0,005156187582761051
2024-10-13 06:00:00;0,2652147782517584;18,3722275;0,2652147782517584;0,26005859066899734;0,0;0,005156187582761051;0,005156187582761051
2024-10-13 07:00:00;23,089250459051947;24,388855;23,089250459051947;23,084094271469187;0,0;0,005156187582761051;0,005156187582761051
2024-10-13 08:00:00;59,748966542243636;39,430625000000006;39,430625000000006;39,430625000000006;20,313185354660867;0,005156187582761051;0,005156187582761051
2024-10-13 09:00:00;92,06727849305273;47,800325;47,800325;47,800325;44,26179730546997;0,005156187582761051;0,005156187582761051
2024-10-13 10:00:00;114,34839730749225;48,44375;48,44375;48,44375;65,8994911199095;0,005156187582761051;0,005156187582761051
2024-10-13 11:00:00;125,56626263177795;49,9261;49,9261;49,9261;75,6350064441952;0,005156187582761051;0,005156187582761051
2024-10-13 12:00:00;122,82763578988228;46,447925;46,447925;46,447925;76,37455460229953;0,005156187582761051;0,005156187582761051
2024-10-13 13:00:00;91,70331187873272;39,559999999999995;39,559999999999995;39,559999999999995;52,13815569114997;0,005156187582761051;0,005156187582761051
2024-10-13 14:00:00;82,14696894420868;37,3658;37,3658;37,3658;44,776012756625924;0,005156187582761051;0,005156187582761051
2024-10-13 15:00:00;44,430484673573346;40,447799999999994;40,447799999999994;40,447799999999994;3,9775284859905895;0,005156187582761051;0,005156187582761051
2024-10-13 16:00:00;10,890295371397688;41,36435;10,890295371397688;10,885139183814927;0,0;0,005156187582761051;0,005156187582761051
2024-10-13 17:00:00;0,0;40,595575;0,0;0,0;0,0;0,0;0,005156187582761051
2024-10-13 18:00:00;0,0;32,605374999999995;0,0;0,0;0,0;0,0;0,005156187582761051
2024-10-13 19:00:00;0,0;22,969582499999998;0,0;0,0;0,0;0,0;0,005156187582761051
2024-10-13 20:00:00;0,0;20,6058725;0,0;0,0;0,0;0,0;0,005156187582761051
2024-10-13 21:00:00;0,0;19,486232499999996;0,0;0,0;0,0;0,0;0,005156187582761051
2024-10-13 22:00:00;0,0;18,4740025;0,0;0,0;0,0;0,0;0,005156187582761051
2024-10-13 23:00:00;0,0;17,7389225;0,0;0,0;0,0;0,0;0,005156187582761051
2024-10-14 00:00:00;0,0;15,5335675;0,0;0,0;0,0;0,0;0,005156187582761051
2024-10-14 01:00:00;0,0;13,57138;0,0;0,0;0,0;0,0;0,005156187582761051
2024-10-14 02:00:00;0,0;12,50832;0,0;0,0;0,0;0,0;0,005156187582761051
2024-10-14 03:00:00;0,0;12,576170000000001;0,0;0,0;0,0;0,0;0,005156187582761051
2024-10-14 04:00:00;0,0;14,945457499999998;0,0;0,0;0,0;0,0;0,005156187582761051
2024-10-14 05:00:00;0,0;16,975495;0,0;0,0;0,0;0,0;0,005156187582761051
2024-10-14 06:00:00;0,0;18,3722275;0,0;0,0;0,0;0,0;0,005156187582761051
2024-10-14 07:00:00;8,042996383884946;24,388855;8,042996383884946;8,037840196302184;0,0;0,005156187582761051;0,005156187582761051
2024-10-14 08:00:00;31,050346957019478;39,430625000000006;31,050346957019478;31,04519076943672;0,0;0,005156187582761051;0,005156187582761051
2024-10-14 09:00:00;35,11774784899967;47,800325;35,11774784899967;35,11259166141691;0,0;0,005156187582761051;0,005156187582761051
2024-10-14 10:00:00;25,07004998514362;48,44375;25,07004998514362;25,06489379756086;0,0;0,005156187582761051;0,005156187582761051
2024-10-14 11:00:00;25,025589835711443;49,9261;25,025589835711443;25,020433648128684;0,0;0,005156187582761051;0,005156187582761051
2024-10-14 12:00:00;27,9543374497214;46,447925;27,9543374497214;27,94918126213864;0,0;0,005156187582761051;0,005156187582761051
2024-10-14 13:00:00;22,605063896575142;39,559999999999995;22,605063896575142;22,599907708992383;0,0;0,005156187582761051;0,005156187582761051
2024-10-14 14:00:00;26,119856941203622;37,3658;26,119856941203622;26,114700753620863;0,0;0,005156187582761051;0,005156187582761051
2024-10-14 15:00:00;16,02836472050256;40,447799999999994;16,02836472050256;16,0232085329198;0,0;0,005156187582761051;0,005156187582761051
2024-10-14 16:00:00;3,626239326025444;41,36435;3,626239326025444;3,6210831384426827;0,0;0,005156187582761051;0,005156187582761051
2024-10-14 17:00:00;0,0;40,595575;0,0;0,0;0,0;0,0;0,005156187582761051
2024-10-14 18:00:00;0,0;32,605374999999995;0,0;0,0;0,0;0,0;0,005156187582761051
2024-10-14 19:00:00;0,0;22,969582499999998;0,0;0,0;0,0;0,0;0,005156187582761051
2024-10-14 20:00:00;0,0;20,6058725;0,0;0,0;0,0;0,0;0,005156187582761051
2024-10-14 21:00:00;0,0;19,486232499999996;0,0;0,0;0,0;0,0;0,005156187582761051
2024-10-14 22:00:00;0,0;18,4740025;0,0;0,0;0,0;0,0;0,005156187582761051
2024-10-14 23:00:00;0,0;17,7389225;0,0;0,0;0,0;0,0;0,005156187582761051
2024-10-15 00:00:00;0,0;15,5335675;0,0;0,0;0,0;0,0;0,005156187582761051
2024-10-15 01:00:00;0,0;13,57138;0,0;0,0;0,0;0,0;0,005156187582761051
2024-10-15 02:00:00;0,0;12,50832;0,0;0,0;0,0;0,0;0,005156187582761051
2024-10-15 03:00:00;0,0;12,576170000000001;0,0;0,0;0,0;0,0;0,005156187582761051
2024-10-15 04:00:00;0,0;14,945457499999998;0,0;0,0;0,0;0,0;0,005156187582761051
2024-10-15 05:00:00;0,0;16,975495;0,0;0,0;0,0;0,0;0,005156187582761051
2024-10-15 06:00:00;0,0;18,3722275;0,0;0,0;0,0;0,0;0,005156187582761051
2024-10-15 07:00:00;22,309673918733726;24,388855;22,309673918733726;22,304517731150966;0,0;0,005156187582761051;0,005156187582761051
2024-10-15 08:00:00;54,59158920811082;39,430625000000006;39,430625000000006;39,430625000000006;15,155808020528049;0,005156187582761051;0,005156187582761051
2024-10-15 09:00:00;91,02494320935986;47,800325;47,800325;47,800325;43,219462021777105;0,005156187582761051;0,005156187582761051
2024-10-15 10:00:00;113,37116174343386;48,44375;48,44375;48,44375;64,92225555585111;0,005156187582761051;0,005156187582761051
2024-10-15 11:00:00;123,35731078145368;49,9261;49,9261;49,9261;73,42605459387093;0,005156187582761051;0,005156187582761051
2024-10-15 12:00:00;117,87709801949715;46,447925;46,447925;46,447925;71,4240168319144;0,005156187582761051;0,005156187582761051
2024-10-15 13:00:00;62,91887902671766;39,559999999999995;39,559999999999995;39,559999999999995;23,353722839134903;0,005156187582761051;0,005156187582761051
2024-10-15 14:00:00;42,85484952755673;37,3658;37,3658;37,3658;5,483893339973967;0,005156187582761051;0,005156187582761051
2024-10-15 15:00:00;23,47436708455774;40,447799999999994;23,47436708455774;23,46921089697498;0,0;0,005156187582761051;0,005156187582761051
2024-10-15 16:00:00;8,286084655156397;41,36435;8,286084655156397;8,280928467573636;0,0;0,005156187582761051;0,005156187582761051
2024-10-15 17:00:00;0,0;40,595575;0,0;0,0;0,0;0,0;0,005156187582761051
2024-10-15 18:00:00;0,0;32,605374999999995;0,0;0,0;0,0;0,0;0,005156187582761051
2024-10-15 19:00:00;0,0;22,969582499999998;0,0;0,0;0,0;0,0;0,005156187582761051
2024-10-15 20:00:00;0,0;20,6058725;0,0;0,0;0,0;0,0;0,005156187582761051
2024-10-15 21:00:00;0,0;19,486232499999996;0,0;0,0;0,0;0,0;0,005156187582761051
2024-10-15 22:00:00;0,0;18,4740025;0,0;0,0;0,0;0,0;0,005156187582761051
2024-10-15 23:00:00;0,0;17,7389225;0,0;0,0;0,0;0,0;0,005156187582761051
2024-10-16 00:00:00;0,0;15,5335675;0,0;0,0;0,0;0,0;0,005156187582761051
2024-10-16 01:00:00;0,0;13,57138;0,0;0,0;0,0;0,0;0,005156187582761051
2024-10-16 02:00:00;0,0;12,50832;0,0;0,0;0,0;0,0;0,005156187582761051
2024-10-16 03:00:00;0,0;12,576170000000001;0,0;0,0;0,0;0,0;0,005156187582761051
2024-10-16 04:00:00;0,0;14,945457499999998;0,0;0,0;0,0;0,0;0,005156187582761051
2024-10-16 05:00:00;0,0;16,975495;0,0;0,0;0,0;0,0;0,005156187582761051
2024-10-16 06:00:00;0,0;18,3722275;0,0;0,0;0,0;0,0;0,005156187582761051
2024-10-16 07:00:00;15,04025454418705;24,388855;15,04025454418705;15,035098356604289;0,0;0,005156187582761051;0,005156187582761051
2024-10-16 08:00:00;30,65220298989138;39,430625000000006;30,65220298989138;30,64704680230862;0,0;0,005156187582761051;0,005156187582761051
2024-10-16 09:00:00;65,34680266126696;47,800325;47,800325;47,800325;17,541321473684206;0,005156187582761051;0,005156187582761051
2024-10-16 10:00:00;63,64311340765117;48,44375;48,44375;48,44375;15,194207220068407;0,005156187582761051;0,005156187582761051
2024-10-16 11:00:00;45,410309431026285;49,9261;45,410309431026285;45,40515324344352;0,0;0,005156187582761051;0,005156187582761051
2024-10-16 12:00:00;45,31014463513416;46,447925;45,31014463513416;45,304988447551395;0,0;0,005156187582761051;0,005156187582761051
2024-10-16 13:00:00;28,351963578170597;39,559999999999995;28,351963578170597;28,346807390587838;0,0;0,005156187582761051;0,005156187582761051
2024-10-16 14:00:00;38,032439841724916;37,3658;37,3658;37,3658;0,6614836541421525;0,005156187582761051;0,005156187582761051
2024-10-16 15:00:00;36,02248599801058;40,447799999999994;36,02248599801058;36,01732981042782;0,0;0,005156187582761051;0,005156187582761051
2024-10-16 16:00:00;7,067203370432096;41,36435;7,067203370432096;7,0620471828493345;0,0;0,005156187582761051;0,005156187582761051
2024-10-16 17:00:00;0,0;40,595575;0,0;0,0;0,0;0,0;0,005156187582761051
2024-10-16 18:00:00;0,0;32,605374999999995;0,0;0,0;0,0;0,0;0,005156187582761051
2024-10-16 19:00:00;0,0;22,969582499999998;0,0;0,0;0,0;0,0;0,005156187582761051
2024-10-16 20:00:00;0,0;20,6058725;0,0;0,0;0,0;0,0;0,005156187582761051
2024-10-16 21:00:00;0,0;19,486232499999996;0,0;0,0;0,0;0,0;0,005156187582761051
2024-10-16 22:00:00;0,0;18,4740025;0,0;0,0;0,0;0,0;0,005156187582761051
2024-10-16 23:00:00;0,0;17,7389225;0,0;0,0;0,0;0,0;0,005156187582761051
2024-10-17 00:00:00;0,0;15,5335675;0,0;0,0;0,0;0,0;0,005156187582761051
2024-10-17 01:00:00;0,0;13,57138;0,0;0,0;0,0;0,0;0,005156187582761051
2024-10-17 02:00:00;0,0;12,50832;0,0;0,0;0,0;0,0;0,005156187582761051
2024-10-17 03:00:00;0,0;12,576170000000001;0,0;0,0;0,0;0,0;0,005156187582761051
2024-10-17 04:00:00;0,0;14,945457499999998;0,0;0,0;0,0;0,0;0,005156187582761051
2024-10-17 05:00:00;0,0;16,975495;0,0;0,0;0,0;0,0;0,005156187582761051
2024-10-17 06:00:00;0,0;18,3722275;0,0;0,0;0,0;0,0;0,005156187582761051
2024-10-17 07:00:00;7,041792286688413;24,388855;7,041792286688413;7,036636099105651;0,0;0,005156187582761051;0,005156187582761051
2024-10-17 08:00:00;15,418054848929378;39,430625000000006;15,418054848929378;15,412898661346617;0,0;0,005156187582761051;0,005156187582761051
2024-10-17 09:00:00;50,78813808846676;47,800325;47,800325;47,800325;2,9826569008839954;0,005156187582761051;0,005156187582761051
2024-10-17 10:00:00;83,77742101323571;48,44375;48,44375;48,44375;35,32851482565295;0,005156187582761051;0,005156187582761051
2024-10-17 11:00:00;103,7179089989994;49,9261;49,9261;49,9261;53,78665281141665;0,005156187582761051;0,005156187582761051
2024-10-17 12:00:00;93,85900032208333;46,447925;46,447925;46,447925;47,40591913450058;0,005156187582761051;0,005156187582761051
2024-10-17 13:00:00;48,176751607674845;39,559999999999995;39,559999999999995;39,559999999999995;8,611595420092087;0,005156187582761051;0,005156187582761051
2024-10-17 14:00:00;43,65823924940942;37,3658;37,3658;37,3658;6,287283061826656;0,005156187582761051;0,005156187582761051
2024-10-17 15:00:00;33,36774902209844;40,447799999999994;33,36774902209844;33,362592834515674;0,0;0,005156187582761051;0,005156187582761051
2024-10-17 16:00:00;5,795680085148827;41,36435;5,795680085148827;5,790523897566065;0,0;0,005156187582761051;0,005156187582761051
2024-10-17 17:00:00;0,0;40,595575;0,0;0,0;0,0;0,0;0,005156187582761051
2024-10-17 18:00:00;0,0;32,605374999999995;0,0;0,0;0,0;0,0;0,005156187582761051
2024-10-17 19:00:00;0,0;22,969582499999998;0,0;0,0;0,0;0,0;0,005156187582761051
2024-10-17 20:00:00;0,0;20,6058725;0,0;0,0;0,0;0,0;0,005156187582761051
2024-10-17 21:00:00;0,0;19,486232499999996;0,0;0,0;0,0;0,0;0,005156187582761051
2024-10-17 22:00:00;0,0;18,4740025;0,0;0,0;0,0;0,0;0,005156187582761051
2024-10-17 23:00:00;0,0;17,7389225;0,0;0,0;0,0;0,0;0,005156187582761051
2024-10-18 00:00:00;0,0;17,4561375;0,0;0,0;0,0;0,0;0,005156187582761051
2024-10-18 01:00:00;0,0;17,3939225;0,0;0,0;0,0;0,0;0,005156187582761051
2024-10-18 02:00:00;0,0;15,765407500000002;0,0;0,0;0,0;0,0;0,005156187582761051
2024-10-18 03:00:00;0,0;15,375212499999998;0,0;0,0;0,0;0,0;0,005156187582761051
2024-10-18 04:00:00;0,0;15,906800000000002;0,0;0,0;0,0;0,0;0,005156187582761051
2024-10-18 05:00:00;0,0;16,410040000000002;0,0;0,0;0,0;0,0;0,005156187582761051
2024-10-18 06:00:00;0,0;16,9189725;0,0;0,0;0,0;0,0;0,005156187582761051
2024-10-18 07:00:00;8,131620774932786;25,717564999999997;8,131620774932786;8,126464587350025;0,0;0,005156187582761051;0,005156187582761051
2024-10-18 08:00:00;18,403690740665375;38,12997499999999;18,403690740665375;18,398534553082616;0,0;0,005156187582761051;0,005156187582761051
2024-10-18 09:00:00;39,10473579184046;42,359675;39,10473579184046;39,0995796042577;0,0;0,005156187582761051;0,005156187582761051
2024-10-18 10:00:00;55,65212282251968;43,2078;43,2078;43,2078;12,439166634936917;0,005156187582761051;0,005156187582761051
2024-10-18 11:00:00;25,294126179203637;44,118025;25,294126179203637;25,288969991620878;0,0;0,005156187582761051;0,005156187582761051
2024-10-18 12:00:00;34,21804013286961;43,445275;34,21804013286961;34,21288394528685;0,0;0,005156187582761051;0,005156187582761051
2024-10-18 13:00:00;55,35924806111868;38,170224999999995;38,170224999999995;38,170224999999995;17,18386687353592;0,005156187582761051;0,005156187582761051
2024-10-18 14:00:00;65,5517188242073;28,477450000000005;28,477450000000005;28,477450000000005;37,06911263662454;0,005156187582761051;0,005156187582761051
2024-10-18 15:00:00;40,001188521988794;21,459805;21,459805;21,459805;18,536227334406032;0,005156187582761051;0,005156187582761051
2024-10-18 16:00:00;11,460665085436034;17,863352499999998;11,460665085436034;11,455508897853273;0,0;0,005156187582761051;0,005156187582761051
2024-10-18 17:00:00;0,0;18,061267500000003;0,0;0,0;0,0;0,0;0,005156187582761051
2024-10-18 18:00:00;0,0;19,03388;0,0;0,0;0,0;0,0;0,005156187582761051
2024-10-18 19:00:00;0,0;19,599335;0,0;0,0;0,0;0,0;0,005156187582761051
2024-10-18 20:00:00;0,0;20,6171425;0,0;0,0;0,0;0,0;0,005156187582761051
2024-10-18 21:00:00;0,0;19,8876975;0,0;0,0;0,0;0,0;0,005156187582761051
2024-10-18 22:00:00;0,0;18,1686775;0,0;0,0;0,0;0,0;0,005156187582761051
2024-10-18 23:00:00;0,0;16,4835825;0,0;0,0;0,0;0,0;0,005156187582761051
2024-10-19 00:00:00;0,0;14,8153925;0,0;0,0;0,0;0,0;0,005156187582761051
2024-10-19 01:00:00;0,0;12,836242499999999;0,0;0,0;0,0;0,0;0,005156187582761051
2024-10-19 02:00:00;0,0;11,0493725;0,0;0,0;0,0;0,0;0,005156187582761051
2024-10-19 03:00:00;0,0;10,110685;0,0;0,0;0,0;0,0;0,005156187582761051
2024-10-19 04:00:00;0,0;9,87321;0,0;0,0;0,0;0,0;0,005156187582761051
2024-10-19 05:00:00;0,0;10,235115;0,0;0,0;0,0;0,0;0,005156187582761051
2024-10-19 06:00:00;0,0;10,285945;0,0;0,0;0,0;0,0;0,005156187582761051
2024-10-19 07:00:00;7,242713694105715;11,286905;7,242713694105715;7,237557506522954;0,0;0,005156187582761051;0,005156187582761051
2024-10-19 08:00:00;23,826275455354544;12,0445825;12,0445825;12,0445825;11,776536767771784;0,005156187582761051;0,005156187582761051
2024-10-19 09:00:00;41,62313324129085;13,797527500000001;13,797527500000001;13,797527500000001;27,820449553708087;0,005156187582761051;0,005156187582761051
2024-10-19 10:00:00;51,298579071964326;15,624072499999999;15,624072499999999;15,624072499999999;35,669350384381566;0,005156187582761051;0,005156187582761051
2024-10-19 11:00:00;67,33752249690748;17,37696;17,37696;17,37696;49,95540630932473;0,005156187582761051;0,005156187582761051
2024-10-19 12:00:00;78,86905010670473;18,722862499999998;18,722862499999998;18,722862499999998;60,14103141912198;0,005156187582761051;0,005156187582761051
2024-10-19 13:00:00;63,284325180120284;18,3892475;18,3892475;18,3892475;44,889921492537525;0,005156187582761051;0,005156187582761051
2024-10-19 14:00:00;40,78778547525396;16,7889075;16,7889075;16,7889075;23,9937217876712;0,005156187582761051;0,005156187582761051
2024-10-19 15:00:00;14,529665606781219;15,120775;14,529665606781219;14,524509419198457;0,0;0,005156187582761051;0,005156187582761051
2024-10-19 16:00:00;6,235680212923731;14,029425;6,235680212923731;6,23052402534097;0,0;0,005156187582761051;0,005156187582761051
2024-10-19 17:00:00;0,0;16,387385000000002;0,0;0,0;0,0;0,0;0,005156187582761051
2024-10-19 18:00:00;0,0;18,15735;0,0;0,0;0,0;0,0;0,005156187582761051
2024-10-19 19:00:00;0,0;19,028129999999997;0,0;0,0;0,0;0,0;0,005156187582761051
2024-10-19 20:00:00;0,0;19,972452500000003;0,0;0,0;0,0;0,0;0,005156187582761051
2024-10-19 21:00:00;0,0;18,7850775;0,0;0,0;0,0;0,0;0,005156187582761051
2024-10-19 22:00:00;0,0;16,4778325;0,0;0,0;0,0;0,0;0,005156187582761051
2024-10-19 23:00:00;0,0;14,696655;0,0;0,0;0,0;0,0;0,005156187582761051
2024-10-20 00:00:00;0,0;15,5335675;0,0;0,0;0,0;0,0;0,005156187582761051
2024-10-20 01:00:00;0,0;13,57138;0,0;0,0;0,0;0,0;0,005156187582761051
2024-10-20 02:00:00;0,0;12,50832;0,0;0,0;0,0;0,0;0,005156187582761051
2024-10-20 03:00:00;0,0;12,576170000000001;0,0;0,0;0,0;0,0;0,005156187582761051
2024-10-20 04:00:00;0,0;14,945457499999998;0,0;0,0;0,0;0,0;0,005156187582761051
2024-10-20 05:00:00;0,0;16,975495;0,0;0,0;0,0;0,0;0,005156187582761051
2024-10-20 06:00:00;0,0;18,3722275;0,0;0,0;0,0;0,0;0,005156187582761051
2024-10-20 07:00:00;13,777246006324152;24,388855;13,777246006324152;13,77208981874139;0,0;0,005156187582761051;0,005156187582761051
2024-10-20 08:00:00;50,84584011268823;39,430625000000006;39,430625000000006;39,430625000000006;11,41005892510546;0,005156187582761051;0,005156187582761051
2024-10-20 09:00:00;84,91814564592158;47,800325;47,800325;47,800325;37,11266445833883;0,005156187582761051;0,005156187582761051
2024-10-20 10:00:00;106,49056523979489;48,44375;48,44375;48,44375;58,04165905221213;0,005156187582761051;0,005156187582761051
2024-10-20 11:00:00;110,98614474227999;49,9261;49,9261;49,9261;61,054888554697236;0,005156187582761051;0,005156187582761051
2024-10-20 12:00:00;93,80573691510966;46,447925;46,447925;46,447925;47,35265572752691;0,005156187582761051;0,005156187582761051
2024-10-20 13:00:00;80,06969607223596;39,559999999999995;39,559999999999995;39,559999999999995;40,504539884653205;0,005156187582761051;0,005156187582761051
2024-10-20 14:00:00;75,34182893378241;37,3658;37,3658;37,3658;37,97087274619965;0,005156187582761051;0,005156187582761051
2024-10-20 15:00:00;35,42016563748345;40,447799999999994;35,42016563748345;35,41500944990069;0,0;0,005156187582761051;0,005156187582761051
2024-10-20 16:00:00;3,922324687235685;41,36435;3,922324687235685;3,9171684996529237;0,0;0,005156187582761051;0,005156187582761051
2024-10-20 17:00:00;0,0;40,595575;0,0;0,0;0,0;0,0;0,005156187582761051
2024-10-20 18:00:00;0,0;32,605374999999995;0,0;0,0;0,0;0,0;0,005156187582761051
2024-10-20 19:00:00;0,0;22,969582499999998;0,0;0,0;0,0;0,0;0,005156187582761051
2024-10-20 20:00:00;0,0;20,6058725;0,0;0,0;0,0;0,0;0,005156187582761051
2024-10-20 21:00:00;0,0;19,486232499999996;0,0;0,0;0,0;0,0;0,005156187582761051
2024-10-20 22:00:00;0,0;18,4740025;0,0;0,0;0,0;0,0;0,005156187582761051
2024-10-20 23:00:00;0,0;17,7389225;0,0;0,0;0,0;0,0;0,005156187582761051
2024-10-21 00:00:00;0,0;15,5335675;0,0;0,0;0,0;0,0;0,005156187582761051
2024-10-21 01:00:00;0,0;13,57138;0,0;0,0;0,0;0,0;0,005156187582761051
2024-10-21 02:00:00;0,0;12,50832;0,0;0,0;0,0;0,0;0,005156187582761051
2024-10-21 03:00:00;0,0;12,576170000000001;0,0;0,0;0,0;0,0;0,005156187582761051
2024-10-21 04:00:00;0,0;14,945457499999998;0,0;0,0;0,0;0,0;0,005156187582761051
2024-10-21 05:00:00;0,0;16,975495;0,0;0,0;0,0;0,0;0,005156187582761051
2024-10-21 06:00:00;0,0;18,3722275;0,0;0,0;0,0;0,0;0,005156187582761051
2024-10-21 07:00:00;16,716498347820586;24,388855;16,716498347820586;16,711342160237827;0,0;0,005156187582761051;0,005156187582761051
2024-10-21 08:00:00;44,73386416246082;39,430625000000006;39,430625000000006;39,430625000000006;5,298082974878049;0,005156187582761051;0,005156187582761051
2024-10-21 09:00:00;79,17901354450977;47,800325;47,800325;47,800325;31,373532356927015;0,005156187582761051;0,005156187582761051
2024-10-21 10:00:00;105,9616300177648;48,44375;48,44375;48,44375;57,51272383018205;0,005156187582761051;0,005156187582761051
2024-10-21 11:00:00;115,65483031742951;49,9261;49,9261;49,9261;65,72357412984675;0,005156187582761051;0,005156187582761051
2024-10-21 12:00:00;112,57442994745287;46,447925;46,447925;46,447925;66,12134875987012;0,005156187582761051;0,005156187582761051
2024-10-21 13:00:00;83,73303484075764;39,559999999999995;39,559999999999995;39,559999999999995;44,16787865317489;0,005156187582761051;0,005156187582761051
2024-10-21 14:00:00;71,94554696967032;37,3658;37,3658;37,3658;34,57459078208756;0,005156187582761051;0,005156187582761051
2024-10-21 15:00:00;32,96242929041971;40,447799999999994;32,96242929041971;32,95727310283695;0,0;0,005156187582761051;0,005156187582761051
2024-10-21 16:00:00;3,8239945198059795;41,36435;3,8239945198059795;3,8188383322232182;0,0;0,005156187582761051;0,005156187582761051
2024-10-21 17:00:00;0,0;40,595575;0,0;0,0;0,0;0,0;0,005156187582761051
2024-10-21 18:00:00;0,0;32,605374999999995;0,0;0,0;0,0;0,0;0,005156187582761051
2024-10-21 19:00:00;0,0;22,969582499999998;0,0;0,0;0,0;0,0;0,005156187582761051
2024-10-21 20:00:00;0,0;20,6058725;0,0;0,0;0,0;0,0;0,005156187582761051
2024-10-21 21:00:00;0,0;19,486232499999996;0,0;0,0;0,0;0,0;0,005156187582761051
2024-10-21 22:00:00;0,0;18,4740025;0,0;0,0;0,0;0,0;0,005156187582761051
2024-10-21 23:00:00;0,0;17,7389225;0,0;0,0;0,0;0,0;0,005156187582761051
2024-10-22 00:00:00;0,0;15,5335675;0,0;0,0;0,0;0,0;0,005156187582761051
2024-10-22 01:00:00;0,0;13,57138;0,0;0,0;0,0;0,0;0,005156187582761051
2024-10-22 02:00:00;0,0;12,50832;0,0;0,0;0,0;0,0;0,005156187582761051
2024-10-22 03:00:00;0,0;12,576170000000001;0,0;0,0;0,0;0,0;0,005156187582761051
2024-10-22 04:00:00;0,0;14,945457499999998;0,0;0,0;0,0;0,0;0,005156187582761051
2024-10-22 05:00:00;0,0;16,975495;0,0;0,0;0,0;0,0;0,005156187582761051
2024-10-22 06:00:00;0,0;18,3722275;0,0;0,0;0,0;0,0;0,005156187582761051
2024-10-22 07:00:00;14,97042029948825;24,388855;14,97042029948825;14,965264111905489;0,0;0,005156187582761051;0,005156187582761051
2024-10-22 08:00:00;49,105384312869774;39,430625000000006;39,430625000000006;39,430625000000006;9,669603125287004;0,005156187582761051;0,005156187582761051
2024-10-22 09:00:00;81,80075679887989;47,800325;47,800325;47,800325;33,99527561129713;0,005156187582761051;0,005156187582761051
2024-10-22 10:00:00;103,04915733366343;48,44375;48,44375;48,44375;54,60025114608067;0,005156187582761051;0,005156187582761051
2024-10-22 11:00:00;111,1851427488899;49,9261;49,9261;49,9261;61,25388656130715;0,005156187582761051;0,005156187582761051
2024-10-22 12:00:00;108,73354648901899;46,447925;46,447925;46,447925;62,28046530143624;0,005156187582761051;0,005156187582761051
2024-10-22 13:00:00;82,41846436586609;39,559999999999995;39,559999999999995;39,559999999999995;42,853308178283335;0,005156187582761051;0,005156187582761051
2024-10-22 14:00:00;70,37057761624087;37,3658;37,3658;37,3658;32,99962142865811;0,005156187582761051;0,005156187582761051
2024-10-22 15:00:00;34,20642575107118;40,447799999999994;34,20642575107118;34,20126956348842;0,0;0,005156187582761051;0,005156187582761051
2024-10-22 16:00:00;5,823192114389804;41,36435;5,823192114389804;5,818035926807043;0,0;0,005156187582761051;0,005156187582761051
2024-10-22 17:00:00;0,0;40,595575;0,0;0,0;0,0;0,0;0,005156187582761051
2024-10-22 18:00:00;0,0;32,605374999999995;0,0;0,0;0,0;0,0;0,005156187582761051
2024-10-22 19:00:00;0,0;22,969582499999998;0,0;0,0;0,0;0,0;0,005156187582761051
2024-10-22 20:00:00;0,0;20,6058725;0,0;0,0;0,0;0,0;0,005156187582761051
2024-10-22 21:00:00;0,0;19,486232499999996;0,0;0,0;0,0;0,0;0,005156187582761051
2024-10-22 22:00:00;0,0;18,4740025;0,0;0,0;0,0;0,0;0,005156187582761051
2024-10-22 23:00:00;0,0;17,7389225;0,0;0,0;0,0;0,0;0,005156187582761051
2024-10-23 00:00:00;0,0;15,5335675;0,0;0,0;0,0;0,0;0,005156187582761051
2024-10-23 01:00:00;0,0;13,57138;0,0;0,0;0,0;0,0;0,005156187582761051
2024-10-23 02:00:00;0,0;12,50832;0,0;0,0;0,0;0,0;0,005156187582761051
2024-10-23 03:00:00;0,0;12,576170000000001;0,0;0,0;0,0;0,0;0,005156187582761051
2024-10-23 04:00:00;0,0;14,945457499999998;0,0;0,0;0,0;0,0;0,005156187582761051
2024-10-23 05:00:00;0,0;16,975495;0,0;0,0;0,0;0,0;0,005156187582761051
2024-10-23 06:00:00;0,0;18,3722275;0,0;0,0;0,0;0,0;0,005156187582761051
2024-10-23 07:00:00;5,399060043275802;24,388855;5,399060043275802;5,393903855693041;0,0;0,005156187582761051;0,005156187582761051
2024-10-23 08:00:00;20,42784815957269;39,430625000000006;20,42784815957269;20,42269197198993;0,0;0,005156187582761051;0,005156187582761051
2024-10-23 09:00:00;60,224638357300066;47,800325;47,800325;47,800325;12,419157169717302;0,005156187582761051;0,005156187582761051
2024-10-23 10:00:00;82,04636028659178;48,44375;48,44375;48,44375;33,59745409900902;0,005156187582761051;0,005156187582761051
2024-10-23 11:00:00;45,44574439205459;49,9261;45,44574439205459;45,44058820447183;0,0;0,005156187582761051;0,005156187582761051
2024-10-23 12:00:00;47,97612610807406;46,447925;46,447925;46,447925;1,5230449204913015;0,005156187582761051;0,005156187582761051
2024-10-23 13:00:00;49,62596013908317;39,559999999999995;39,559999999999995;39,559999999999995;10,06080395150041;0,005156187582761051;0,005156187582761051
2024-10-23 14:00:00;30,187405787092068;37,3658;30,187405787092068;30,18224959950931;0,0;0,005156187582761051;0,005156187582761051
2024-10-23 15:00:00;22,352358621266784;40,447799999999994;22,352358621266784;22,347202433684025;0,0;0,005156187582761051;0,005156187582761051
2024-10-23 16:00:00;3,9874392022609837;41,36435;3,9874392022609837;3,9822830146782224;0,0;0,005156187582761051;0,005156187582761051
2024-10-23 17:00:00;0,0;40,595575;0,0;0,0;0,0;0,0;0,005156187582761051
2024-10-23 18:00:00;0,0;32,605374999999995;0,0;0,0;0,0;0,0;0,005156187582761051
2024-10-23 19:00:00;0,0;22,969582499999998;0,0;0,0;0,0;0,0;0,005156187582761051
2024-10-23 20:00:00;0,0;20,6058725;0,0;0,0;0,0;0,0;0,005156187582761051
2024-10-23 21:00:00;0,0;19,486232499999996;0,0;0,0;0,0;0,0;0,005156187582761051
2024-10-23 22:00:00;0,0;18,4740025;0,0;0,0;0,0;0,0;0,005156187582761051
2024-10-23 23:00:00;0,0;17,7389225;0,0;0,0;0,0;0,0;0,005156187582761051
2024-10-24 00:00:00;0,0;15,5335675;0,0;0,0;0,0;0,0;0,005156187582761051
2024-10-24 01:00:00;0,0;13,57138;0,0;0,0;0,0;0,0;0,005156187582761051
2024-10-24 02:00:00;0,0;12,50832;0,0;0,0;0,0;0,0;0,005156187582761051
2024-10-24 03:00:00;0,0;12,576170000000001;0,0;0,0;0,0;0,0;0,005156187582761051
2024-10-24 04:00:00;0,0;14,945457499999998;0,0;0,0;0,0;0,0;0,005156187582761051
2024-10-24 05:00:00;0,0;16,975495;0,0;0,0;0,0;0,0;0,005156187582761051
2024-10-24 06:00:00;0,0;18,3722275;0,0;0,0;0,0;0,0;0,005156187582761051
2024-10-24 07:00:00;2,38986988934479;24,388855;2,38986988934479;2,3847137017620286;0,0;0,005156187582761051;0,005156187582761051
2024-10-24 08:00:00;25,020707356738853;39,430625000000006;25,020707356738853;25,015551169156094;0,0;0,005156187582761051;0,005156187582761051
2024-10-24 09:00:00;40,5844968053045;47,800325;40,5844968053045;40,57934061772173;0,0;0,005156187582761051;0,005156187582761051
2024-10-24 10:00:00;34,88901110682945;48,44375;34,88901110682945;34,88385491924669;0,0;0,005156187582761051;0,005156187582761051
2024-10-24 11:00:00;21,25372687548093;49,9261;21,25372687548093;21,24857068789817;0,0;0,005156187582761051;0,005156187582761051
2024-10-24 12:00:00;30,414810944087947;46,447925;30,414810944087947;30,409654756505187;0,0;0,005156187582761051;0,005156187582761051
2024-10-24 13:00:00;23,885087133887957;39,559999999999995;23,885087133887957;23,879930946305198;0,0;0,005156187582761051;0,005156187582761051
2024-10-24 14:00:00;15,629407006879026;37,3658;15,629407006879026;15,624250819296265;0,0;0,005156187582761051;0,005156187582761051
2024-10-24 15:00:00;4,512668178889156;40,447799999999994;4,512668178889156;4,507511991306394;0,0;0,005156187582761051;0,005156187582761051
2024-10-24 16:00:00;0,2901376140981831;41,36435;0,2901376140981831;0,2849814265154221;0,0;0,005156187582761051;0,005156187582761051
2024-10-24 17:00:00;0,0;40,595575;0,0;0,0;0,0;0,0;0,005156187582761051
2024-10-24 18:00:00;0,0;32,605374999999995;0,0;0,0;0,0;0,0;0,005156187582761051
2024-10-24 19:00:00;0,0;22,969582499999998;0,0;0,0;0,0;0,0;0,005156187582761051
2024-10-24 20:00:00;0,0;20,6058725;0,0;0,0;0,0;0,0;0,005156187582761051
2024-10-24 21:00:00;0,0;19,486232499999996;0,0;0,0;0,0;0,0;0,005156187582761051
2024-10-24 22:00:00;0,0;18,4740025;0,0;0,0;0,0;0,0;0,005156187582761051
2024-10-24 23:00:00;0,0;17,7389225;0,0;0,0;0,0;0,0;0,005156187582761051
2024-10-25 00:00:00;0,0;17,4561375;0,0;0,0;0,0;0,0;0,005156187582761051
2024-10-25 01:00:00;0,0;17,3939225;0,0;0,0;0,0;0,0;0,005156187582761051
2024-10-25 02:00:00;0,0;15,765407500000002;0,0;0,0;0,0;0,0;0,005156187582761051
2024-10-25 03:00:00;0,0;15,375212499999998;0,0;0,0;0,0;0,0;0,005156187582761051
2024-10-25 04:00:00;0,0;15,906800000000002;0,0;0,0;0,0;0,0;0,005156187582761051
2024-10-25 05:00:00;0,0;16,410040000000002;0,0;0,0;0,0;0,0;0,005156187582761051
2024-10-25 06:00:00;0,0;16,9189725;0,0;0,0;0,0;0,0;0,005156187582761051
2024-10-25 07:00:00;0,24256303489712713;25,717564999999997;0,24256303489712713;0,2374068473143661;0,0;0,005156187582761051;0,005156187582761051
2024-10-25 08:00:00;21,528625237028315;38,12997499999999;21,528625237028315;21,523469049445556;0,0;0,005156187582761051;0,005156187582761051
2024-10-25 09:00:00;35,733827922995;42,359675;35,733827922995;35,728671735412235;0,0;0,005156187582761051;0,005156187582761051
2024-10-25 10:00:00;27,211534853301245;43,2078;27,211534853301245;27,206378665718486;0,0;0,005156187582761051;0,005156187582761051
2024-10-25 11:00:00;31,622410743307405;44,118025;31,622410743307405;31,617254555724646;0,0;0,005156187582761051;0,005156187582761051
2024-10-25 12:00:00;17,043328531167287;43,445275;17,043328531167287;17,038172343584527;0,0;0,005156187582761051;0,005156187582761051
2024-10-25 13:00:00;54,4152281494647;38,170224999999995;38,170224999999995;38,170224999999995;16,239846961881945;0,005156187582761051;0,005156187582761051
2024-10-25 14:00:00;12,078261686991027;28,477450000000005;12,078261686991027;12,073105499408266;0,0;0,005156187582761051;0,005156187582761051
2024-10-25 15:00:00;2,8302768903674087;21,459805;2,8302768903674087;2,8251207027846474;0,0;0,005156187582761051;0,005156187582761051
2024-10-25 16:00:00;0,8645242767457947;17,863352499999998;0,8645242767457947;0,8593680891630336;0,0;0,005156187582761051;0,005156187582761051
2024-10-25 17:00:00;0,0;18,061267500000003;0,0;0,0;0,0;0,0;0,005156187582761051
2024-10-25 18:00:00;0,0;19,03388;0,0;0,0;0,0;0,0;0,005156187582761051
2024-10-25 19:00:00;0,0;19,599335;0,0;0,0;0,0;0,0;0,005156187582761051
2024-10-25 20:00:00;0,0;20,6171425;0,0;0,0;0,0;0,0;0,005156187582761051
2024-10-25 21:00:00;0,0;19,8876975;0,0;0,0;0,0;0,0;0,005156187582761051
2024-10-25 22:00:00;0,0;18,1686775;0,0;0,0;0,0;0,0;0,005156187582761051
2024-10-25 23:00:00;0,0;16,4835825;0,0;0,0;0,0;0,0;0,005156187582761051
2024-10-26 00:00:00;0,0;14,8153925;0,0;0,0;0,0;0,0;0,005156187582761051
2024-10-26 01:00:00;0,0;12,836242499999999;0,0;0,0;0,0;0,0;0,005156187582761051
2024-10-26 02:00:00;0,0;11,0493725;0,0;0,0;0,0;0,0;0,005156187582761051
2024-10-26 03:00:00;0,0;10,110685;0,0;0,0;0,0;0,0;0,005156187582761051
2024-10-26 04:00:00;0,0;9,87321;0,0;0,0;0,0;0,0;0,005156187582761051
2024-10-26 05:00:00;0,0;10,235115;0,0;0,0;0,0;0,0;0,005156187582761051
2024-10-26 06:00:00;0,0;10,285945;0,0;0,0;0,0;0,0;0,005156187582761051
2024-10-26 07:00:00;6,7118550712682445;11,286905;6,7118550712682445;6,706698883685483;0,0;0,005156187582761051;0,005156187582761051
2024-10-26 08:00:00;25,709876661414704;12,0445825;12,0445825;12,0445825;13,660137973831944;0,005156187582761051;0,005156187582761051
2024-10-26 09:00:00;36,12442624080183;13,797527500000001;13,797527500000001;13,797527500000001;22,321742553219067;0,005156187582761051;0,005156187582761051
2024-10-26 10:00:00;59,54848899655113;15,624072499999999;15,624072499999999;15,624072499999999;43,91926030896837;0,005156187582761051;0,005156187582761051
2024-10-26 11:00:00;74,25214839944628;17,37696;17,37696;17,37696;56,87003221186353;0,005156187582761051;0,005156187582761051
2024-10-26 12:00:00;41,32271283056859;18,722862499999998;18,722862499999998;18,722862499999998;22,59469414298583;0,005156187582761051;0,005156187582761051
2024-10-26 13:00:00;26,36427679764941;18,3892475;18,3892475;18,3892475;7,969873110066651;0,005156187582761051;0,005156187582761051
2024-10-26 14:00:00;19,534798369314338;16,7889075;16,7889075;16,7889075;2,7407346817315776;0,005156187582761051;0,005156187582761051
2024-10-26 15:00:00;6,9366488417833265;15,120775;6,9366488417833265;6,931492654200565;0,0;0,005156187582761051;0,005156187582761051
2024-10-26 16:00:00;0,6937114896594345;14,029425;0,6937114896594345;0,6885553020766735;0,0;0,005156187582761051;0,005156187582761051
2024-10-26 17:00:00;0,0;16,387385000000002;0,0;0,0;0,0;0,0;0,005156187582761051
2024-10-26 18:00:00;0,0;18,15735;0,0;0,0;0,0;0,0;0,005156187582761051
2024-10-26 19:00:00;0,0;19,028129999999997;0,0;0,0;0,0;0,0;0,005156187582761051
2024-10-26 20:00:00;0,0;19,972452500000003;0,0;0,0;0,0;0,0;0,005156187582761051
2024-10-26 21:00:00;0,0;18,7850775;0,0;0,0;0,0;0,0;0,005156187582761051
2024-10-26 22:00:00;0,0;16,4778325;0,0;0,0;0,0;0,0;0,005156187582761051
2024-10-26 23:00:00;0,0;14,696655;0,0;0,0;0,0;0,0;0,005156187582761051
2024-10-27 00:00:00;0,0;15,5335675;0,0;0,0;0,0;0,0;0,005156187582761051
2024-10-27 01:00:00;0,0;13,57138;0,0;0,0;0,0;0,0;0,005156187582761051
2024-10-27 02:00:00;0,0;12,50832;0,0;0,0;0,0;0,0;0,005156187582761051
2024-10-27 03:00:00;0,0;12,576170000000001;0,0;0,0;0,0;0,0;0,005156187582761051
2024-10-27 04:00:00;0,0;14,945457499999998;0,0;0,0;0,0;0,0;0,005156187582761051
2024-10-27 05:00:00;0,0;16,975495;0,0;0,0;0,0;0,0;0,005156187582761051
2024-10-27 06:00:00;0,0;18,3722275;0,0;0,0;0,0;0,0;0,005156187582761051
2024-10-27 07:00:00;2,6257676006747963;24,388855;2,6257676006747963;2,620611413092035;0,0;0,005156187582761051;0,005156187582761051
2024-10-27 08:00:00;11,207360596799221;39,430625000000006;11,207360596799221;11,20220440921646;0,0;0,005156187582761051;0,005156187582761051
2024-10-27 09:00:00;17,231451925520087;47,800325;17,231451925520087;17,226295737937328;0,0;0,005156187582761051;0,005156187582761051
2024-10-27 10:00:00;15,115193198720823;48,44375;15,115193198720823;15,110037011138061;0,0;0,005156187582761051;0,005156187582761051
2024-10-27 11:00:00;21,02587785676027;49,9261;21,02587785676027;21,02072166917751;0,0;0,005156187582761051;0,005156187582761051
2024-10-27 12:00:00;25,69663478662541;46,447925;25,69663478662541;25,69147859904265;0,0;0,005156187582761051;0,005156187582761051
2024-10-27 13:00:00;13,802472147682511;39,559999999999995;13,802472147682511;13,79731596009975;0,0;0,005156187582761051;0,005156187582761051
2024-10-27 14:00:00;16,52134714282543;37,3658;16,52134714282543;16,51619095524267;0,0;0,005156187582761051;0,005156187582761051
2024-10-27 15:00:00;9,926819520807495;40,447799999999994;9,926819520807495;9,921663333224734;0,0;0,005156187582761051;0,005156187582761051
2024-10-27 16:00:00;0,4695317278636329;41,36435;0,4695317278636329;0,46437554028087186;0,0;0,005156187582761051;0,005156187582761051
2024-10-27 17:00:00;0,0;40,595575;0,0;0,0;0,0;0,0;0,005156187582761051
2024-10-27 18:00:00;0,0;32,605374999999995;0,0;0,0;0,0;0,0;0,005156187582761051
2024-10-27 19:00:00;0,0;22,969582499999998;0,0;0,0;0,0;0,0;0,005156187582761051
2024-10-27 20:00:00;0,0;20,6058725;0,0;0,0;0,0;0,0;0,005156187582761051
2024-10-27 21:00:00;0,0;19,486232499999996;0,0;0,0;0,0;0,0;0,005156187582761051
2024-10-27 22:00:00;0,0;18,4740025;0,0;0,0;0,0;0,0;0,005156187582761051
2024-10-27 23:00:00;0,0;17,7389225;0,0;0,0;0,0;0,0;0,005156187582761051
2024-10-28 00:00:00;0,0;15,5335675;0,0;0,0;0,0;0,0;0,005156187582761051
2024-10-28 01:00:00;0,0;13,57138;0,0;0,0;0,0;0,0;0,005156187582761051
2024-10-28 02:00:00;0,0;12,50832;0,0;0,0;0,0;0,0;0,005156187582761051
2024-10-28 03:00:00;0,0;12,576170000000001;0,0;0,0;0,0;0,0;0,005156187582761051
2024-10-28 04:00:00;0,0;14,945457499999998;0,0;0,0;0,0;0,0;0,005156187582761051
2024-10-28 05:00:00;0,0;16,975495;0,0;0,0;0,0;0,0;0,005156187582761051
2024-10-28 06:00:00;0,0;18,3722275;0,0;0,0;0,0;0,0;0,005156187582761051
2024-10-28 07:00:00;0,2534228517634232;24,388855;0,2534228517634232;0,24826666418066218;0,0;0,005156187582761051;0,005156187582761051
2024-10-28 08:00:00;27,004443767909493;39,430625000000006;27,004443767909493;26,999287580326733;0,0;0,005156187582761051;0,005156187582761051
2024-10-28 09:00:00;28,614137903607606;47,800325;28,614137903607606;28,608981716024847;0,0;0,005156187582761051;0,005156187582761051
2024-10-28 10:00:00;69,07820022758833;48,44375;48,44375;48,44375;20,62929404000557;0,005156187582761051;0,005156187582761051
2024-10-28 11:00:00;85,40269469547361;49,9261;49,9261;49,9261;35,47143850789086;0,005156187582761051;0,005156187582761051
2024-10-28 12:00:00;64,46425759849508;46,447925;46,447925;46,447925;18,011176410912327;0,005156187582761051;0,005156187582761051
2024-10-28 13:00:00;66,55706563083513;39,559999999999995;39,559999999999995;39,559999999999995;26,991909443252375;0,005156187582761051;0,005156187582761051
2024-10-28 14:00:00;54,927148672044865;37,3658;37,3658;37,3658;17,556192484462102;0,005156187582761051;0,005156187582761051
2024-10-28 15:00:00;23,741645819829724;40,447799999999994;23,741645819829724;23,736489632246965;0,0;0,005156187582761051;0,005156187582761051
2024-10-28 16:00:00;1,4494082691844652;41,36435;1,4494082691844652;1,4442520816017042;0,0;0,005156187582761051;0,005156187582761051
2024-10-28 17:00:00;0,0;40,595575;0,0;0,0;0,0;0,0;0,005156187582761051
2024-10-28 18:00:00;0,0;32,605374999999995;0,0;0,0;0,0;0,0;0,005156187582761051
2024-10-28 19:00:00;0,0;22,969582499999998;0,0;0,0;0,0;0,0;0,005156187582761051
2024-10-28 20:00:00;0,0;20,6058725;0,0;0,0;0,0;0,0;0,005156187582761051
2024-10-28 21:00:00;0,0;19,486232499999996;0,0;0,0;0,0;0,0;0,005156187582761051
2024-10-28 22:00:00;0,0;18,4740025;0,0;0,0;0,0;0,0;0,005156187582761051
2024-10-28 23:00:00;0,0;17,7389225;0,0;0,0;0,0;0,0;0,005156187582761051
2024-10-29 00:00:00;0,0;15,5335675;0,0;0,0;0,0;0,0;0,005156187582761051
2024-10-29 01:00:00;0,0;13,57138;0,0;0,0;0,0;0,0;0,005156187582761051
2024-10-29 02:00:00;0,0;12,50832;0,0;0,0;0,0;0,0;0,005156187582761051
2024-10-29 03:00:00;0,0;12,576170000000001;0,0;0,0;0,0;0,0;0,005156187582761051
2024-10-29 04:00:00;0,0;14,945457499999998;0,0;0,0;0,0;0,0;0,005156187582761051
2024-10-29 05:00:00;0,0;16,975495;0,0;0,0;0,0;0,0;0,005156187582761051
2024-10-29 06:00:00;0,0;18,3722275;0,0;0,0;0,0;0,0;0,005156187582761051
2024-10-29 07:00:00;0,43029435139303723;24,388855;0,43029435139303723;0,4251381638102762;0,0;0,005156187582761051;0,005156187582761051
2024-10-29 08:00:00;6,149689401442922;39,430625000000006;6,149689401442922;6,144533213860161;0,0;0,005156187582761051;0,005156187582761051
2024-10-29 09:00:00;22,453411140608473;47,800325;22,453411140608473;22,448254953025714;0,0;0,005156187582761051;0,005156187582761051
2024-10-29 10:00:00;30,157962959348293;48,44375;30,157962959348293;30,152806771765533;0,0;0,005156187582761051;0,005156187582761051
2024-10-29 11:00:00;23,04152792594263;49,9261;23,04152792594263;23,036371738359872;0,0;0,005156187582761051;0,005156187582761051
2024-10-29 12:00:00;23,270486598975232;46,447925;23,270486598975232;23,265330411392473;0,0;0,005156187582761051;0,005156187582761051
2024-10-29 13:00:00;38,27086756488617;39,559999999999995;38,27086756488617;38,265711377303404;0,0;0,005156187582761051;0,005156187582761051
2024-10-29 14:00:00;27,027332237517335;37,3658;27,027332237517335;27,022176049934576;0,0;0,005156187582761051;0,005156187582761051
2024-10-29 15:00:00;6,5710029506045675;40,447799999999994;6,5710029506045675;6,565846763021806;0,0;0,005156187582761051;0,005156187582761051
2024-10-29 16:00:00;0,3055396159480662;41,36435;0,3055396159480662;0,3003834283653052;0,0;0,005156187582761051;0,005156187582761051
2024-10-29 17:00:00;0,0;40,595575;0,0;0,0;0,0;0,0;0,005156187582761051
2024-10-29 18:00:00;0,0;32,605374999999995;0,0;0,0;0,0;0,0;0,005156187582761051
2024-10-29 19:00:00;0,0;22,969582499999998;0,0;0,0;0,0;0,0;0,005156187582761051
2024-10-29 20:00:00;0,0;20,6058725;0,0;0,0;0,0;0,0;0,005156187582761051
2024-10-29 21:00:00;0,0;19,486232499999996;0,0;0,0;0,0;0,0;0,005156187582761051
2024-10-29 22:00:00;0,0;18,4740025;0,0;0,0;0,0;0,0;0,005156187582761051
2024-10-29 23:00:00;0,0;17,7389225;0,0;0,0;0,0;0,0;0,005156187582761051
2024-10-30 00:00:00;0,0;15,5335675;0,0;0,0;0,0;0,0;0,005156187582761051
2024-10-30 01:00:00;0,0;13,57138;0,0;0,0;0,0;0,0;0,005156187582761051
2024-10-30 02:00:00;0,0;12,50832;0,0;0,0;0,0;0,0;0,005156187582761051
2024-10-30 03:00:00;0,0;12,576170000000001;0,0;0,0;0,0;0,0;0,005156187582761051
2024-10-30 04:00:00;0,0;14,945457499999998;0,0;0,0;0,0;0,0;0,005156187582761051
2024-10-30 05:00:00;0,0;16,975495;0,0;0,0;0,0;0,0;0,005156187582761051
2024-10-30 06:00:00;0,0;18,3722275;0,0;0,0;0,0;0,0;0,005156187582761051
2024-10-30 07:00:00;0,3128115505390533;24,388855;0,3128115505390533;0,30765536295629226;0,0;0,005156187582761051;0,005156187582761051
2024-10-30 08:00:00;3,720937225007362;39,430625000000006;3,720937225007362;3,7157810374246005;0,0;0,005156187582761051;0,005156187582761051
2024-10-30 09:00:00;15,383581588304763;47,800325;15,383581588304763;15,378425400722001;0,0;0,005156187582761051;0,005156187582761051
2024-10-30 10:00:00;13,795296383131895;48,44375;13,795296383131895;13,790140195549133;0,0;0,005156187582761051;0,005156187582761051
2024-10-30 11:00:00;18,868635897372943;49,9261;18,868635897372943;18,863479709790184;0,0;0,005156187582761051;0,005156187582761051
2024-10-30 12:00:00;14,807597023447942;46,447925;14,807597023447942;14,80244083586518;0,0;0,005156187582761051;0,005156187582761051
2024-10-30 13:00:00;12,654867658262543;39,559999999999995;12,654867658262543;12,649711470679781;0,0;0,005156187582761051;0,005156187582761051
2024-10-30 14:00:00;7,5874758911335505;37,3658;7,5874758911335505;7,582319703550789;0,0;0,005156187582761051;0,005156187582761051
2024-10-30 15:00:00;2,81220432047343;40,447799999999994;2,81220432047343;2,8070481328906687;0,0;0,005156187582761051;0,005156187582761051
2024-10-30 16:00:00;0,08785503072488585;41,36435;0,08785503072488585;0,08269884314212479;0,0;0,005156187582761051;0,005156187582761051
2024-10-30 17:00:00;0,0;40,595575;0,0;0,0;0,0;0,0;0,005156187582761051
2024-10-30 18:00:00;0,0;32,605374999999995;0,0;0,0;0,0;0,0;0,005156187582761051
2024-10-30 19:00:00;0,0;22,969582499999998;0,0;0,0;0,0;0,0;0,005156187582761051
2024-10-30 20:00:00;0,0;20,6058725;0,0;0,0;0,0;0,0;0,005156187582761051
2024-10-30 21:00:00;0,0;19,486232499999996;0,0;0,0;0,0;0,0;0,005156187582761051
2024-10-30 22:00:00;0,0;18,4740025;0,0;0,0;0,0;0,0;0,005156187582761051
2024-10-30 23:00:00;0,0;17,7389225;0,0;0,0;0,0;0,0;0,005156187582761051
2024-10-31 00:00:00;0,0;15,5335675;0,0;0,0;0,0;0,0;0,005156187582761051
2024-10-31 01:00:00;0,0;13,57138;0,0;0,0;0,0;0,0;0,005156187582761051
2024-10-31 02:00:00;0,0;12,50832;0,0;0,0;0,0;0,0;0,005156187582761051
2024-10-31 03:00:00;0,0;12,576170000000001;0,0;0,0;0,0;0,0;0,005156187582761051
2024-10-31 04:00:00;0,0;14,945457499999998;0,0;0,0;0,0;0,0;0,005156187582761051
2024-10-31 05:00:00;0,0;16,975495;0,0;0,0;0,0;0,0;0,005156187582761051
2024-10-31 06:00:00;0,0;18,3722275;0,0;0,0;0,0;0,0;0,005156187582761051
2024-10-31 07:00:00;2,9837420817102647;24,388855;2,9837420817102647;2,9785858941275034;0,0;0,005156187582761051;0,005156187582761051
2024-10-31 08:00:00;6,323032200360531;39,430625000000006;6,323032200360531;6,31787601277777;0,0;0,005156187582761051;0,005156187582761051
2024-10-31 09:00:00;18,147952410237682;47,800325;18,147952410237682;18,142796222654923;0,0;0,005156187582761051;0,005156187582761051
2024-10-31 10:00:00;19,303102548978917;48,44375;19,303102548978917;19,297946361396157;0,0;0,005156187582761051;0,005156187582761051
2024-10-31 11:00:00;39,79516270473651;49,9261;39,79516270473651;39,79000651715375;0,0;0,005156187582761051;0,005156187582761051
2024-10-31 12:00:00;29,55149988938988;46,447925;29,55149988938988;29,54634370180712;0,0;0,005156187582761051;0,005156187582761051
2024-10-31 13:00:00;19,10891304438745;39,559999999999995;19,10891304438745;19,10375685680469;0,0;0,005156187582761051;0,005156187582761051
2024-10-31 14:00:00;23,37708738987668;37,3658;23,37708738987668;23,371931202293922;0,0;0,005156187582761051;0,005156187582761051
2024-10-31 15:00:00;18,525456807163494;40,447799999999994;18,525456807163494;18,520300619580734;0,0;0,005156187582761051;0,005156187582761051
2024-10-31 16:00:00;0,0;41,36435;0,0;0,0;0,0;0,0;0,005156187582761051
2024-10-31 17:00:00;0,0;40,595575;0,0;0,0;0,0;0,0;0,005156187582761051
2024-10-31 18:00:00;0,0;32,605374999999995;0,0;0,0;0,0;0,0;0,005156187582761051
2024-10-31 19:00:00;0,0;22,969582499999998;0,0;0,0;0,0;0,0;0,005156187582761051
2024-10-31 20:00:00;0,0;20,6058725;0,0;0,0;0,0;0,0;0,005156187582761051
2024-10-31 21:00:00;0,0;19,486232499999996;0,0;0,0;0,0;0,0;0,005156187582761051
2024-10-31 22:00:00;0,0;18,4740025;0,0;0,0;0,0;0,0;0,005156187582761051
2024-10-31 23:00:00;0,0;17,7389225;0,0;0,0;0,0;0,0;0,005156187582761051
2024-11-01 00:00:00;0,0;17,4561375;0,0;0,0;0,0;0,0;0,005156187582761051
2024-11-01 01:00:00;0,0;17,3939225;0,0;0,0;0,0;0,0;0,005156187582761051
2024-11-01 02:00:00;0,0;15,765407500000002;0,0;0,0;0,0;0,0;0,005156187582761051
2024-11-01 03:00:00;0,0;15,375212499999998;0,0;0,0;0,0;0,0;0,005156187582761051
2024-11-01 04:00:00;0,0;15,906800000000002;0,0;0,0;0,0;0,0;0,005156187582761051
2024-11-01 05:00:00;0,0;16,410040000000002;0,0;0,0;0,0;0,0;0,005156187582761051
2024-11-01 06:00:00;0,0;16,9189725;0,0;0,0;0,0;0,0;0,005156187582761051
2024-11-01 07:00:00;10,211889713547768;25,717564999999997;10,211889713547768;10,206733525965006;0,0;0,005156187582761051;0,005156187582761051
2024-11-01 08:00:00;40,75242449117978;38,12997499999999;38,12997499999999;38,12997499999999;2,6172933035970303;0,005156187582761051;0,005156187582761051
2024-11-01 09:00:00;75,49126238112517;42,359675;42,359675;42,359675;33,12643119354241;0,005156187582761051;0,005156187582761051
2024-11-01 10:00:00;99,27929175119448;43,2078;43,2078;43,2078;56,06633556361172;0,005156187582761051;0,005156187582761051
2024-11-01 11:00:00;108,89851509672908;44,118025;44,118025;44,118025;64,77533390914633;0,005156187582761051;0,005156187582761051
2024-11-01 12:00:00;105,1434449050861;43,445275;43,445275;43,445275;61,69301371750334;0,005156187582761051;0,005156187582761051
2024-11-01 13:00:00;85,50182381400792;38,170224999999995;38,170224999999995;38,170224999999995;47,32644262642517;0,005156187582761051;0,005156187582761051
2024-11-01 14:00:00;49,87156362679503;28,477450000000005;28,477450000000005;28,477450000000005;21,388957439212263;0,005156187582761051;0,005156187582761051
2024-11-01 15:00:00;18,124353761870182;21,459805;18,124353761870182;18,119197574287423;0,0;0,005156187582761051;0,005156187582761051
2024-11-01 16:00:00;0,0;17,863352499999998;0,0;0,0;0,0;0,0;0,005156187582761051
2024-11-01 17:00:00;0,0;18,061267500000003;0,0;0,0;0,0;0,0;0,005156187582761051
2024-11-01 18:00:00;0,0;19,03388;0,0;0,0;0,0;0,0;0,005156187582761051
2024-11-01 19:00:00;0,0;19,599335;0,0;0,0;0,0;0,0;0,005156187582761051
2024-11-01 20:00:00;0,0;20,6171425;0,0;0,0;0,0;0,0;0,005156187582761051
2024-11-01 21:00:00;0,0;19,8876975;0,0;0,0;0,0;0,0;0,005156187582761051
2024-11-01 22:00:00;0,0;18,1686775;0,0;0,0;0,0;0,0;0,005156187582761051
2024-11-01 23:00:00;0,0;16,4835825;0,0;0,0;0,0;0,0;0,005156187582761051
2024-11-02 00:00:00;0,0;14,8153925;0,0;0,0;0,0;0,0;0,005156187582761051
2024-11-02 01:00:00;0,0;12,836242499999999;0,0;0,0;0,0;0,0;0,005156187582761051
2024-11-02 02:00:00;0,0;11,0493725;0,0;0,0;0,0;0,0;0,005156187582761051
2024-11-02 03:00:00;0,0;10,110685;0,0;0,0;0,0;0,0;0,005156187582761051
2024-11-02 04:00:00;0,0;9,87321;0,0;0,0;0,0;0,0;0,005156187582761051
2024-11-02 05:00:00;0,0;10,235115;0,0;0,0;0,0;0,0;0,005156187582761051
2024-11-02 06:00:00;0,0;10,285945;0,0;0,0;0,0;0,0;0,005156187582761051
2024-11-02 07:00:00;9,75471953471927;11,286905;9,75471953471927;9,749563347136508;0,0;0,005156187582761051;0,005156187582761051
2024-11-02 08:00:00;39,13010988710708;12,0445825;12,0445825;12,0445825;27,08037119952432;0,005156187582761051;0,005156187582761051
2024-11-02 09:00:00;74,02725845889084;13,797527500000001;13,797527500000001;13,797527500000001;60,224574771308085;0,005156187582761051;0,005156187582761051
2024-11-02 10:00:00;95,20833996541602;15,624072499999999;15,624072499999999;15,624072499999999;79,57911127783326;0,005156187582761051;0,005156187582761051
2024-11-02 11:00:00;102,07857969547678;17,37696;17,37696;17,37696;84,69646350789402;0,005156187582761051;0,005156187582761051
2024-11-02 12:00:00;92,69164398591063;18,722862499999998;18,722862499999998;18,722862499999998;73,96362529832788;0,005156187582761051;0,005156187582761051
2024-11-02 13:00:00;72,60246232234545;18,3892475;18,3892475;18,3892475;54,20805863476269;0,005156187582761051;0,005156187582761051
2024-11-02 14:00:00;56,12705486803481;16,7889075;16,7889075;16,7889075;39,33299118045205;0,005156187582761051;0,005156187582761051
2024-11-02 15:00:00;22,92346070715102;15,120775;15,120775;15,120775;7,7975295195682595;0,005156187582761051;0,005156187582761051
2024-11-02 16:00:00;0,0;14,029425;0,0;0,0;0,0;0,0;0,005156187582761051
2024-11-02 17:00:00;0,0;16,387385000000002;0,0;0,0;0,0;0,0;0,005156187582761051
2024-11-02 18:00:00;0,0;18,15735;0,0;0,0;0,0;0,0;0,005156187582761051
2024-11-02 19:00:00;0,0;19,028129999999997;0,0;0,0;0,0;0,0;0,005156187582761051
2024-11-02 20:00:00;0,0;19,972452500000003;0,0;0,0;0,0;0,0;0,005156187582761051
2024-11-02 21:00:00;0,0;18,7850775;0,0;0,0;0,0;0,0;0,005156187582761051
2024-11-02 22:00:00;0,0;16,4778325;0,0;0,0;0,0;0,0;0,005156187582761051
2024-11-02 23:00:00;0,0;14,696655;0,0;0,0;0,0;0,0;0,005156187582761051
2024-11-03 00:00:00;0,0;15,5335675;0,0;0,0;0,0;0,0;0,005156187582761051
2024-11-03 01:00:00;0,0;13,57138;0,0;0,0;0,0;0,0;0,005156187582761051
2024-11-03 02:00:00;0,0;12,50832;0,0;0,0;0,0;0,0;0,005156187582761051
2024-11-03 03:00:00;0,0;12,576170000000001;0,0;0,0;0,0;0,0;0,005156187582761051
2024-11-03 04:00:00;0,0;14,945457499999998;0,0;0,0;0,0;0,0;0,005156187582761051
2024-11-03 05:00:00;0,0;16,975495;0,0;0,0;0,0;0,0;0,005156187582761051
2024-11-03 06:00:00;0,0;18,3722275;0,0;0,0;0,0;0,0;0,005156187582761051
2024-11-03 07:00:00;2,2766925472211765;24,388855;2,2766925472211765;2,2715363596384153;0,0;0,005156187582761051;0,005156187582761051
2024-11-03 08:00:00;11,268539537864799;39,430625000000006;11,268539537864799;11,263383350282037;0,0;0,005156187582761051;0,005156187582761051
2024-11-03 09:00:00;14,62102714513187;47,800325;14,62102714513187;14,61587095754911;0,0;0,005156187582761051;0,005156187582761051
2024-11-03 10:00:00;21,171464502488277;48,44375;21,171464502488277;21,166308314905518;0,0;0,005156187582761051;0,005156187582761051
2024-11-03 11:00:00;33,075835961101134;49,9261;33,075835961101134;33,07067977351837;0,0;0,005156187582761051;0,005156187582761051
2024-11-03 12:00:00;39,26622748270643;46,447925;39,26622748270643;39,261071295123664;0,0;0,005156187582761051;0,005156187582761051
2024-11-03 13:00:00;24,85277967086357;39,559999999999995;24,85277967086357;24,84762348328081;0,0;0,005156187582761051;0,005156187582761051
2024-11-03 14:00:00;9,049674775687109;37,3658;9,049674775687109;9,044518588104348;0,0;0,005156187582761051;0,005156187582761051
2024-11-03 15:00:00;5,344539028081932;40,447799999999994;5,344539028081932;5,33938284049917;0,0;0,005156187582761051;0,005156187582761051
2024-11-03 16:00:00;0,0;41,36435;0,0;0,0;0,0;0,0;0,005156187582761051
2024-11-03 17:00:00;0,0;40,595575;0,0;0,0;0,0;0,0;0,005156187582761051
2024-11-03 18:00:00;0,0;32,605374999999995;0,0;0,0;0,0;0,0;0,005156187582761051
2024-11-03 19:00:00;0,0;22,969582499999998;0,0;0,0;0,0;0,0;0,005156187582761051
2024-11-03 20:00:00;0,0;20,6058725;0,0;0,0;0,0;0,0;0,005156187582761051
2024-11-03 21:00:00;0,0;19,486232499999996;0,0;0,0;0,0;0,0;0,005156187582761051
2024-11-03 22:00:00;0,0;18,4740025;0,0;0,0;0,0;0,0;0,005156187582761051
2024-11-03 23:00:00;0,0;17,7389225;0,0;0,0;0,0;0,0;0,005156187582761051
2024-11-04 00:00:00;0,0;15,5335675;0,0;0,0;0,0;0,0;0,005156187582761051
2024-11-04 01:00:00;0,0;13,57138;0,0;0,0;0,0;0,0;0,005156187582761051
2024-11-04 02:00:00;0,0;12,50832;0,0;0,0;0,0;0,0;0,005156187582761051
2024-11-04 03:00:00;0,0;12,576170000000001;0,0;0,0;0,0;0,0;0,005156187582761051
2024-11-04 04:00:00;0,0;14,945457499999998;0,0;0,0;0,0;0,0;0,005156187582761051
2024-11-04 05:00:00;0,0;16,975495;0,0;0,0;0,0;0,0;0,005156187582761051
2024-11-04 06:00:00;0,0;18,3722275;0,0;0,0;0,0;0,0;0,005156187582761051
2024-11-04 07:00:00;0,15007704684369813;24,388855;0,15007704684369813;0,1449208592609371;0,0;0,005156187582761051;0,005156187582761051
2024-11-04 08:00:00;2,434625946593489;39,430625000000006;2,434625946593489;2,4294697590107277;0,0;0,005156187582761051;0,005156187582761051
2024-11-04 09:00:00;7,214158589811504;47,800325;7,214158589811504;7,209002402228743;0,0;0,005156187582761051;0,005156187582761051
2024-11-04 10:00:00;12,163956590655317;48,44375;12,163956590655317;12,158800403072556;0,0;0,005156187582761051;0,005156187582761051
2024-11-04 11:00:00;15,522214400344538;49,9261;15,522214400344538;15,517058212761777;0,0;0,005156187582761051;0,005156187582761051
2024-11-04 12:00:00;13,68329527457895;46,447925;13,68329527457895;13,678139086996188;0,0;0,005156187582761051;0,005156187582761051
2024-11-04 13:00:00;14,774529324951795;39,559999999999995;14,774529324951795;14,769373137369033;0,0;0,005156187582761051;0,005156187582761051
2024-11-04 14:00:00;12,77611588608175;37,3658;12,77611588608175;12,770959698498988;0,0;0,005156187582761051;0,005156187582761051
2024-11-04 15:00:00;2,652554655765299;40,447799999999994;2,652554655765299;2,6473984681825375;0,0;0,005156187582761051;0,005156187582761051
2024-11-04 16:00:00;0,0;41,36435;0,0;0,0;0,0;0,0;0,005156187582761051
2024-11-04 17:00:00;0,0;40,595575;0,0;0,0;0,0;0,0;0,005156187582761051
2024-11-04 18:00:00;0,0;32,605374999999995;0,0;0,0;0,0;0,0;0,005156187582761051
2024-11-04 19:00:00;0,0;22,969582499999998;0,0;0,0;0,0;0,0;0,005156187582761051
2024-11-04 20:00:00;0,0;20,6058725;0,0;0,0;0,0;0,0;0,005156187582761051
2024-11-04 21:00:00;0,0;19,486232499999996;0,0;0,0;0,0;0,0;0,005156187582761051
2024-11-04 22:00:00;0,0;18,4740025;0,0;0,0;0,0;0,0;0,005156187582761051
2024-11-04 23:00:00;0,0;17,7389225;0,0;0,0;0,0;0,0;0,005156187582761051
2024-11-05 00:00:00;0,0;15,5335675;0,0;0,0;0,0;0,0;0,005156187582761051
2024-11-05 01:00:00;0,0;13,57138;0,0;0,0;0,0;0,0;0,005156187582761051
2024-11-05 02:00:00;0,0;12,50832;0,0;0,0;0,0;0,0;0,005156187582761051
2024-11-05 03:00:00;0,0;12,576170000000001;0,0;0,0;0,0;0,0;0,005156187582761051
2024-11-05 04:00:00;0,0;14,945457499999998;0,0;0,0;0,0;0,0;0,005156187582761051
2024-11-05 05:00:00;0,0;16,975495;0,0;0,0;0,0;0,0;0,005156187582761051
2024-11-05 06:00:00;0,0;18,3722275;0,0;0,0;0,0;0,0;0,005156187582761051
2024-11-05 07:00:00;1,1999357867715883;24,388855;1,1999357867715883;1,1947795991888273;0,0;0,005156187582761051;0,005156187582761051
2024-11-05 08:00:00;6,875640047712247;39,430625000000006;6,875640047712247;6,870483860129486;0,0;0,005156187582761051;0,005156187582761051
2024-11-05 09:00:00;23,14613133908257;47,800325;23,14613133908257;23,14097515149981;0,0;0,005156187582761051;0,005156187582761051
2024-11-05 10:00:00;35,53852876409158;48,44375;35,53852876409158;35,53337257650882;0,0;0,005156187582761051;0,005156187582761051
2024-11-05 11:00:00;33,34873694488701;49,9261;33,34873694488701;33,343580757304245;0,0;0,005156187582761051;0,005156187582761051
2024-11-05 12:00:00;43,39340175362373;46,447925;43,39340175362373;43,388245566040965;0,0;0,005156187582761051;0,005156187582761051
2024-11-05 13:00:00;23,54094634327482;39,559999999999995;23,54094634327482;23,53579015569206;0,0;0,005156187582761051;0,005156187582761051
2024-11-05 14:00:00;18,27696821824054;37,3658;18,27696821824054;18,27181203065778;0,0;0,005156187582761051;0,005156187582761051
2024-11-05 15:00:00;7,474853376165915;40,447799999999994;7,474853376165915;7,469697188583154;0,0;0,005156187582761051;0,005156187582761051
2024-11-05 16:00:00;0,0;41,36435;0,0;0,0;0,0;0,0;0,005156187582761051
2024-11-05 17:00:00;0,0;40,595575;0,0;0,0;0,0;0,0;0,005156187582761051
2024-11-05 18:00:00;0,0;32,605374999999995;0,0;0,0;0,0;0,0;0,005156187582761051
2024-11-05 19:00:00;0,0;22,969582499999998;0,0;0,0;0,0;0,0;0,005156187582761051
2024-11-05 20:00:00;0,0;20,6058725;0,0;0,0;0,0;0,0;0,005156187582761051
2024-11-05 21:00:00;0,0;19,486232499999996;0,0;0,0;0,0;0,0;0,005156187582761051
2024-11-05 22:00:00;0,0;18,4740025;0,0;0,0;0,0;0,0;0,005156187582761051
2024-11-05 23:00:00;0,0;17,7389225;0,0;0,0;0,0;0,0;0,005156187582761051
2024-11-06 00:00:00;0,0;15,5335675;0,0;0,0;0,0;0,0;0,005156187582761051
2024-11-06 01:00:00;0,0;13,57138;0,0;0,0;0,0;0,0;0,005156187582761051
2024-11-06 02:00:00;0,0;12,50832;0,0;0,0;0,0;0,0;0,005156187582761051
2024-11-06 03:00:00;0,0;12,576170000000001;0,0;0,0;0,0;0,0;0,005156187582761051
2024-11-06 04:00:00;0,0;14,945457499999998;0,0;0,0;0,0;0,0;0,005156187582761051
2024-11-06 05:00:00;0,0;16,975495;0,0;0,0;0,0;0,0;0,005156187582761051
2024-11-06 06:00:00;0,0;18,3722275;0,0;0,0;0,0;0,0;0,005156187582761051
2024-11-06 07:00:00;0,43275778396556897;24,388855;0,43275778396556897;0,4276015963828079;0,0;0,005156187582761051;0,005156187582761051
2024-11-06 08:00:00;10,11834585505028;39,430625000000006;10,11834585505028;10,113189667467518;0,0;0,005156187582761051;0,005156187582761051
2024-11-06 09:00:00;16,9808919818815;47,800325;16,9808919818815;16,97573579429874;0,0;0,005156187582761051;0,005156187582761051
2024-11-06 10:00:00;18,771874041370797;48,44375;18,771874041370797;18,766717853788037;0,0;0,005156187582761051;0,005156187582761051
2024-11-06 11:00:00;24,97306619827908;49,9261;24,97306619827908;24,967910010696322;0,0;0,005156187582761051;0,005156187582761051
2024-11-06 12:00:00;27,929407216179563;46,447925;27,929407216179563;27,924251028596803;0,0;0,005156187582761051;0,005156187582761051
2024-11-06 13:00:00;41,24148613493375;39,559999999999995;39,559999999999995;39,559999999999995;1,6763299473509932;0,005156187582761051;0,005156187582761051
2024-11-06 14:00:00;37,88093503966651;37,3658;37,3658;37,3658;0,5099788520837478;0,005156187582761051;0,005156187582761051
2024-11-06 15:00:00;15,2681035629077;40,447799999999994;15,2681035629077;15,26294737532494;0,0;0,005156187582761051;0,005156187582761051
2024-11-06 16:00:00;0,0;41,36435;0,0;0,0;0,0;0,0;0,005156187582761051
2024-11-06 17:00:00;0,0;40,595575;0,0;0,0;0,0;0,0;0,005156187582761051
2024-11-06 18:00:00;0,0;32,605374999999995;0,0;0,0;0,0;0,0;0,005156187582761051
2024-11-06 19:00:00;0,0;22,969582499999998;0,0;0,0;0,0;0,0;0,005156187582761051
2024-11-06 20:00:00;0,0;20,6058725;0,0;0,0;0,0;0,0;0,005156187582761051
2024-11-06 21:00:00;0,0;19,486232499999996;0,0;0,0;0,0;0,0;0,005156187582761051
2024-11-06 22:00:00;0,0;18,4740025;0,0;0,0;0,0;0,0;0,005156187582761051
2024-11-06 23:00:00;0,0;17,7389225;0,0;0,0;0,0;0,0;0,005156187582761051
2024-11-07 00:00:00;0,0;15,5335675;0,0;0,0;0,0;0,0;0,005156187582761051
2024-11-07 01:00:00;0,0;13,57138;0,0;0,0;0,0;0,0;0,005156187582761051
2024-11-07 02:00:00;0,0;12,50832;0,0;0,0;0,0;0,0;0,005156187582761051
2024-11-07 03:00:00;0,0;12,576170000000001;0,0;0,0;0,0;0,0;0,005156187582761051
2024-11-07 04:00:00;0,0;14,945457499999998;0,0;0,0;0,0;0,0;0,005156187582761051
2024-11-07 05:00:00;0,0;16,975495;0,0;0,0;0,0;0,0;0,005156187582761051
2024-11-07 06:00:00;0,0;18,3722275;0,0;0,0;0,0;0,0;0,005156187582761051
2024-11-07 07:00:00;4,897274363411453;24,388855;4,897274363411453;4,892118175828692;0,0;0,005156187582761051;0,005156187582761051
2024-11-07 08:00:00;32,903913519702826;39,430625000000006;32,903913519702826;32,89875733212006;0,0;0,005156187582761051;0,005156187582761051
2024-11-07 09:00:00;60,144743246839575;47,800325;47,800325;47,800325;12,33926205925681;0,005156187582761051;0,005156187582761051
2024-11-07 10:00:00;78,50360395330212;48,44375;48,44375;48,44375;30,05469776571936;0,005156187582761051;0,005156187582761051
2024-11-07 11:00:00;90,80671119467613;49,9261;49,9261;49,9261;40,87545500709337;0,005156187582761051;0,005156187582761051
2024-11-07 12:00:00;93,33154463913584;46,447925;46,447925;46,447925;46,87846345155309;0,005156187582761051;0,005156187582761051
2024-11-07 13:00:00;76,93307321712047;39,559999999999995;39,559999999999995;39,559999999999995;37,367917029537715;0,005156187582761051;0,005156187582761051
2024-11-07 14:00:00;50,51590289726806;37,3658;37,3658;37,3658;13,1449467096853;0,005156187582761051;0,005156187582761051
2024-11-07 15:00:00;17,959902992839012;40,447799999999994;17,959902992839012;17,954746805256253;0,0;0,005156187582761051;0,005156187582761051
2024-11-07 16:00:00;0,0;41,36435;0,0;0,0;0,0;0,0;0,005156187582761051
2024-11-07 17:00:00;0,0;40,595575;0,0;0,0;0,0;0,0;0,005156187582761051
2024-11-07 18:00:00;0,0;32,605374999999995;0,0;0,0;0,0;0,0;0,005156187582761051
2024-11-07 19:00:00;0,0;22,969582499999998;0,0;0,0;0,0;0,0;0,005156187582761051
2024-11-07 20:00:00;0,0;20,6058725;0,0;0,0;0,0;0,0;0,005156187582761051
2024-11-07 21:00:00;0,0;19,486232499999996;0,0;0,0;0,0;0,0;0,005156187582761051
2024-11-07 22:00:00;0,0;18,4740025;0,0;0,0;0,0;0,0;0,005156187582761051
2024-11-07 23:00:00;0,0;17,7389225;0,0;0,0;0,0;0,0;0,005156187582761051
2024-11-08 00:00:00;0,0;17,4561375;0,0;0,0;0,0;0,0;0,005156187582761051
2024-11-08 01:00:00;0,0;17,3939225;0,0;0,0;0,0;0,0;0,005156187582761051
2024-11-08 02:00:00;0,0;15,765407500000002;0,0;0,0;0,0;0,0;0,005156187582761051
2024-11-08 03:00:00;0,0;15,375212499999998;0,0;0,0;0,0;0,0;0,005156187582761051
2024-11-08 04:00:00;0,0;15,906800000000002;0,0;0,0;0,0;0,0;0,005156187582761051
2024-11-08 05:00:00;0,0;16,410040000000002;0,0;0,0;0,0;0,0;0,005156187582761051
2024-11-08 06:00:00;0,0;16,9189725;0,0;0,0;0,0;0,0;0,005156187582761051
2024-11-08 07:00:00;3,5896429268172914;25,717564999999997;3,5896429268172914;3,58448673923453;0,0;0,005156187582761051;0,005156187582761051
2024-11-08 08:00:00;24,794263900146667;38,12997499999999;24,794263900146667;24,789107712563908;0,0;0,005156187582761051;0,005156187582761051
2024-11-08 09:00:00;40,20270174503914;42,359675;40,20270174503914;40,19754555745638;0,0;0,005156187582761051;0,005156187582761051
2024-11-08 10:00:00;31,52061845442441;43,2078;31,52061845442441;31,515462266841652;0,0;0,005156187582761051;0,005156187582761051
2024-11-08 11:00:00;28,525587489513896;44,118025;28,525587489513896;28,520431301931136;0,0;0,005156187582761051;0,005156187582761051
2024-11-08 12:00:00;26,174821818122272;43,445275;26,174821818122272;26,169665630539512;0,0;0,005156187582761051;0,005156187582761051
2024-11-08 13:00:00;32,75669938098396;38,170224999999995;32,75669938098396;32,7515431934012;0,0;0,005156187582761051;0,005156187582761051
2024-11-08 14:00:00;21,430013957172914;28,477450000000005;21,430013957172914;21,424857769590155;0,0;0,005156187582761051;0,005156187582761051
2024-11-08 15:00:00;14,409305102411578;21,459805;14,409305102411578;14,404148914828816;0,0;0,005156187582761051;0,005156187582761051
2024-11-08 16:00:00;0,0;17,863352499999998;0,0;0,0;0,0;0,0;0,005156187582761051
2024-11-08 17:00:00;0,0;18,061267500000003;0,0;0,0;0,0;0,0;0,005156187582761051
2024-11-08 18:00:00;0,0;19,03388;0,0;0,0;0,0;0,0;0,005156187582761051
2024-11-08 19:00:00;0,0;19,599335;0,0;0,0;0,0;0,0;0,005156187582761051
2024-11-08 20:00:00;0,0;20,6171425;0,0;0,0;0,0;0,0;0,005156187582761051
2024-11-08 21:00:00;0,0;19,8876975;0,0;0,0;0,0;0,0;0,005156187582761051
2024-11-08 22:00:00;0,0;18,1686775;0,0;0,0;0,0;0,0;0,005156187582761051
2024-11-08 23:00:00;0,0;16,4835825;0,0;0,0;0,0;0,0;0,005156187582761051
2024-11-09 00:00:00;0,0;14,8153925;0,0;0,0;0,0;0,0;0,005156187582761051
2024-11-09 01:00:00;0,0;12,836242499999999;0,0;0,0;0,0;0,0;0,005156187582761051
2024-11-09 02:00:00;0,0;11,0493725;0,0;0,0;0,0;0,0;0,005156187582761051
2024-11-09 03:00:00;0,0;10,110685;0,0;0,0;0,0;0,0;0,005156187582761051
2024-11-09 04:00:00;0,0;9,87321;0,0;0,0;0,0;0,0;0,005156187582761051
2024-11-09 05:00:00;0,0;10,235115;0,0;0,0;0,0;0,0;0,005156187582761051
2024-11-09 06:00:00;0,0;10,285945;0,0;0,0;0,0;0,0;0,005156187582761051
2024-11-09 07:00:00;1,611114493217412;11,286905;1,611114493217412;1,605958305634651;0,0;0,005156187582761051;0,005156187582761051
2024-11-09 08:00:00;24,20851437734468;12,0445825;12,0445825;12,0445825;12,15877568976192;0,005156187582761051;0,005156187582761051
2024-11-09 09:00:00;52,46149679088923;13,797527500000001;13,797527500000001;13,797527500000001;38,658813103306464;0,005156187582761051;0,005156187582761051
2024-11-09 10:00:00;81,3591143827233;15,624072499999999;15,624072499999999;15,624072499999999;65,72988569514055;0,005156187582761051;0,005156187582761051
2024-11-09 11:00:00;87,94750191754844;17,37696;17,37696;17,37696;70,56538572996568;0,005156187582761051;0,005156187582761051
2024-11-09 12:00:00;82,5242514102721;18,722862499999998;18,722862499999998;18,722862499999998;63,796232722689346;0,005156187582761051;0,005156187582761051
2024-11-09 13:00:00;60,60414013198739;18,3892475;18,3892475;18,3892475;42,209736444404626;0,005156187582761051;0,005156187582761051
2024-11-09 14:00:00;33,89239358078899;16,7889075;16,7889075;16,7889075;17,098329893206227;0,005156187582761051;0,005156187582761051
2024-11-09 15:00:00;11,985154292522907;15,120775;11,985154292522907;11,979998104940146;0,0;0,005156187582761051;0,005156187582761051
2024-11-09 16:00:00;0,0;14,029425;0,0;0,0;0,0;0,0;0,005156187582761051
2024-11-09 17:00:00;0,0;16,387385000000002;0,0;0,0;0,0;0,0;0,005156187582761051
2024-11-09 18:00:00;0,0;18,15735;0,0;0,0;0,0;0,0;0,005156187582761051
2024-11-09 19:00:00;0,0;19,028129999999997;0,0;0,0;0,0;0,0;0,005156187582761051
2024-11-09 20:00:00;0,0;19,972452500000003;0,0;0,0;0,0;0,0;0,005156187582761051
2024-11-09 21:00:00;0,0;18,7850775;0,0;0,0;0,0;0,0;0,005156187582761051
2024-11-09 22:00:00;0,0;16,4778325;0,0;0,0;0,0;0,0;0,005156187582761051
2024-11-09 23:00:00;0,0;14,696655;0,0;0,0;0,0;0,0;0,005156187582761051
2024-11-10 00:00:00;0,0;15,5335675;0,0;0,0;0,0;0,0;0,005156187582761051
2024-11-10 01:00:00;0,0;13,57138;0,0;0,0;0,0;0,0;0,005156187582761051
2024-11-10 02:00:00;0,0;12,50832;0,0;0,0;0,0;0,0;0,005156187582761051
2024-11-10 03:00:00;0,0;12,576170000000001;0,0;0,0;0,0;0,0;0,005156187582761051
2024-11-10 04:00:00;0,0;14,945457499999998;0,0;0,0;0,0;0,0;0,005156187582761051
2024-11-10 05:00:00;0,0;16,975495;0,0;0,0;0,0;0,0;0,005156187582761051
2024-11-10 06:00:00;0,0;18,3722275;0,0;0,0;0,0;0,0;0,005156187582761051
2024-11-10 07:00:00;0,7312178054033862;24,388855;0,7312178054033862;0,7260616178206252;0,0;0,005156187582761051;0,005156187582761051
2024-11-10 08:00:00;3,9675837877724693;39,430625000000006;3,9675837877724693;3,962427600189708;0,0;0,005156187582761051;0,005156187582761051
2024-11-10 09:00:00;8,53035655769393;47,800325;8,53035655769393;8,525200370111168;0,0;0,005156187582761051;0,005156187582761051
2024-11-10 10:00:00;11,561340322311667;48,44375;11,561340322311667;11,556184134728905;0,0;0,005156187582761051;0,005156187582761051
2024-11-10 11:00:00;11,40473111041828;49,9261;11,40473111041828;11,39957492283552;0,0;0,005156187582761051;0,005156187582761051
2024-11-10 12:00:00;13,258149719193366;46,447925;13,258149719193366;13,252993531610604;0,0;0,005156187582761051;0,005156187582761051
2024-11-10 13:00:00;6,068699432061308;39,559999999999995;6,068699432061308;6,063543244478547;0,0;0,005156187582761051;0,005156187582761051
2024-11-10 14:00:00;4,49765085720075;37,3658;4,49765085720075;4,492494669617988;0,0;0,005156187582761051;0,005156187582761051
2024-11-10 15:00:00;4,743491071165838;40,447799999999994;4,743491071165838;4,738334883583077;0,0;0,005156187582761051;0,005156187582761051
2024-11-10 16:00:00;0,0;41,36435;0,0;0,0;0,0;0,0;0,005156187582761051
2024-11-10 17:00:00;0,0;40,595575;0,0;0,0;0,0;0,0;0,005156187582761051
2024-11-10 18:00:00;0,0;32,605374999999995;0,0;0,0;0,0;0,0;0,005156187582761051
2024-11-10 19:00:00;0,0;22,969582499999998;0,0;0,0;0,0;0,0;0,005156187582761051
2024-11-10 20:00:00;0,0;20,6058725;0,0;0,0;0,0;0,0;0,005156187582761051
2024-11-10 21:00:00;0,0;19,486232499999996;0,0;0,0;0,0;0,0;0,005156187582761051
2024-11-10 22:00:00;0,0;18,4740025;0,0;0,0;0,0;0,0;0,005156187582761051
2024-11-10 23:00:00;0,0;17,7389225;0,0;0,0;0,0;0,0;0,005156187582761051
2024-11-11 00:00:00;0,0;15,5335675;0,0;0,0;0,0;0,0;0,005156187582761051
2024-11-11 01:00:00;0,0;13,57138;0,0;0,0;0,0;0,0;0,005156187582761051
2024-11-11 02:00:00;0,0;12,50832;0,0;0,0;0,0;0,0;0,005156187582761051
2024-11-11 03:00:00;0,0;12,576170000000001;0,0;0,0;0,0;0,0;0,005156187582761051
2024-11-11 04:00:00;0,0;14,945457499999998;0,0;0,0;0,0;0,0;0,005156187582761051
2024-11-11 05:00:00;0,0;16,975495;0,0;0,0;0,0;0,0;0,005156187582761051
2024-11-11 06:00:00;0,0;18,3722275;0,0;0,0;0,0;0,0;0,005156187582761051
2024-11-11 07:00:00;0,3249733617980388;24,388855;0,3249733617980388;0,3198171742152778;0,0;0,005156187582761051;0,005156187582761051
2024-11-11 08:00:00;10,572201866333744;39,430625000000006;10,572201866333744;10,567045678750983;0,0;0,005156187582761051;0,005156187582761051
2024-11-11 09:00:00;23,4722957298421;47,800325;23,4722957298421;23,46713954225934;0,0;0,005156187582761051;0,005156187582761051
2024-11-11 10:00:00;18,233765677028575;48,44375;18,233765677028575;18,228609489445816;0,0;0,005156187582761051;0,005156187582761051
2024-11-11 11:00:00;24,951538904627228;49,9261;24,951538904627228;24,946382717044468;0,0;0,005156187582761051;0,005156187582761051
2024-11-11 12:00:00;29,126206380096036;46,447925;29,126206380096036;29,121050192513277;0,0;0,005156187582761051;0,005156187582761051
2024-11-11 13:00:00;21,32785178351927;39,559999999999995;21,32785178351927;21,322695595936512;0,0;0,005156187582761051;0,005156187582761051
2024-11-11 14:00:00;8,125036826015208;37,3658;8,125036826015208;8,119880638432447;0,0;0,005156187582761051;0,005156187582761051
2024-11-11 15:00:00;5,518606801150016;40,447799999999994;5,518606801150016;5,5134506135672545;0,0;0,005156187582761051;0,005156187582761051
2024-11-11 16:00:00;0,0;41,36435;0,0;0,0;0,0;0,0;0,005156187582761051
2024-11-11 17:00:00;0,0;40,595575;0,0;0,0;0,0;0,0;0,005156187582761051
2024-11-11 18:00:00;0,0;32,605374999999995;0,0;0,0;0,0;0,0;0,005156187582761051
2024-11-11 19:00:00;0,0;22,969582499999998;0,0;0,0;0,0;0,0;0,005156187582761051
2024-11-11 20:00:00;0,0;20,6058725;0,0;0,0;0,0;0,0;0,005156187582761051
2024-11-11 21:00:00;0,0;19,486232499999996;0,0;0,0;0,0;0,0;0,005156187582761051
2024-11-11 22:00:00;0,0;18,4740025;0,0;0,0;0,0;0,0;0,005156187582761051
2024-11-11 23:00:00;0,0;17,7389225;0,0;0,0;0,0;0,0;0,005156187582761051
2024-11-12 00:00:00;0,0;15,5335675;0,0;0,0;0,0;0,0;0,005156187582761051
2024-11-12 01:00:00;0,0;13,57138;0,0;0,0;0,0;0,0;0,005156187582761051
2024-11-12 02:00:00;0,0;12,50832;0,0;0,0;0,0;0,0;0,005156187582761051
2024-11-12 03:00:00;0,0;12,576170000000001;0,0;0,0;0,0;0,0;0,005156187582761051
2024-11-12 04:00:00;0,0;14,945457499999998;0,0;0,0;0,0;0,0;0,005156187582761051
2024-11-12 05:00:00;0,0;16,975495;0,0;0,0;0,0;0,0;0,005156187582761051
2024-11-12 06:00:00;0,0;18,3722275;0,0;0,0;0,0;0,0;0,005156187582761051
2024-11-12 07:00:00;1,8610456327458955;24,388855;1,8610456327458955;1,8558894451631345;0,0;0,005156187582761051;0,005156187582761051
2024-11-12 08:00:00;11,96199950588019;39,430625000000006;11,96199950588019;11,956843318297429;0,0;0,005156187582761051;0,005156187582761051
2024-11-12 09:00:00;15,995444975914674;47,800325;15,995444975914674;15,990288788331913;0,0;0,005156187582761051;0,005156187582761051
2024-11-12 10:00:00;10,7663839732298;48,44375;10,7663839732298;10,761227785647039;0,0;0,005156187582761051;0,005156187582761051
2024-11-12 11:00:00;12,826938053569117;49,9261;12,826938053569117;12,821781865986356;0,0;0,005156187582761051;0,005156187582761051
2024-11-12 12:00:00;11,061034181529916;46,447925;11,061034181529916;11,055877993947155;0,0;0,005156187582761051;0,005156187582761051
2024-11-12 13:00:00;9,484807219880254;39,559999999999995;9,484807219880254;9,479651032297493;0,0;0,005156187582761051;0,005156187582761051
2024-11-12 14:00:00;7,240050523757033;37,3658;7,240050523757033;7,234894336174272;0,0;0,005156187582761051;0,005156187582761051
2024-11-12 15:00:00;3,090150532530975;40,447799999999994;3,090150532530975;3,0849943449482136;0,0;0,005156187582761051;0,005156187582761051
2024-11-12 16:00:00;0,0;41,36435;0,0;0,0;0,0;0,0;0,005156187582761051
2024-11-12 17:00:00;0,0;40,595575;0,0;0,0;0,0;0,0;0,005156187582761051
2024-11-12 18:00:00;0,0;32,605374999999995;0,0;0,0;0,0;0,0;0,005156187582761051
2024-11-12 19:00:00;0,0;22,969582499999998;0,0;0,0;0,0;0,0;0,005156187582761051
2024-11-12 20:00:00;0,0;20,6058725;0,0;0,0;0,0;0,0;0,005156187582761051
2024-11-12 21:00:00;0,0;19,486232499999996;0,0;0,0;0,0;0,0;0,005156187582761051
2024-11-12 22:00:00;0,0;18,4740025;0,0;0,0;0,0;0,0;0,005156187582761051
2024-11-12 23:00:00;0,0;17,7389225;0,0;0,0;0,0;0,0;0,005156187582761051
2024-11-13 00:00:00;0,0;15,5335675;0,0;0,0;0,0;0,0;0,005156187582761051
2024-11-13 01:00:00;0,0;13,57138;0,0;0,0;0,0;0,0;0,005156187582761051
2024-11-13 02:00:00;0,0;12,50832;0,0;0,0;0,0;0,0;0,005156187582761051
2024-11-13 03:00:00;0,0;12,576170000000001;0,0;0,0;0,0;0,0;0,005156187582761051
2024-11-13 04:00:00;0,0;14,945457499999998;0,0;0,0;0,0;0,0;0,005156187582761051
2024-11-13 05:00:00;0,0;16,975495;0,0;0,0;0,0;0,0;0,005156187582761051
2024-11-13 06:00:00;0,0;18,3722275;0,0;0,0;0,0;0,0;0,005156187582761051
2024-11-13 07:00:00;0,1667440546092057;24,388855;0,1667440546092057;0,16158786702644465;0,0;0,005156187582761051;0,005156187582761051
2024-11-13 08:00:00;15,315226882688565;39,430625000000006;15,315226882688565;15,310070695105804;0,0;0,005156187582761051;0,005156187582761051
2024-11-13 09:00:00;38,772801198658776;47,800325;38,772801198658776;38,76764501107601;0,0;0,005156187582761051;0,005156187582761051
2024-11-13 10:00:00;32,02114652606855;48,44375;32,02114652606855;32,015990338485786;0,0;0,005156187582761051;0,005156187582761051
2024-11-13 11:00:00;37,06585695906126;49,9261;37,06585695906126;37,060700771478494;0,0;0,005156187582761051;0,005156187582761051
2024-11-13 12:00:00;23,358519174390032;46,447925;23,358519174390032;23,353362986807273;0,0;0,005156187582761051;0,005156187582761051
2024-11-13 13:00:00;9,597400144066237;39,559999999999995;9,597400144066237;9,592243956483475;0,0;0,005156187582761051;0,005156187582761051
2024-11-13 14:00:00;7,740578595401169;37,3658;7,740578595401169;7,735422407818408;0,0;0,005156187582761051;0,005156187582761051
2024-11-13 15:00:00;4,135992323849602;40,447799999999994;4,135992323849602;4,130836136266841;0,0;0,005156187582761051;0,005156187582761051
2024-11-13 16:00:00;0,0;41,36435;0,0;0,0;0,0;0,0;0,005156187582761051
2024-11-13 17:00:00;0,0;40,595575;0,0;0,0;0,0;0,0;0,005156187582761051
2024-11-13 18:00:00;0,0;32,605374999999995;0,0;0,0;0,0;0,0;0,005156187582761051
2024-11-13 19:00:00;0,0;22,969582499999998;0,0;0,0;0,0;0,0;0,005156187582761051
2024-11-13 20:00:00;0,0;20,6058725;0,0;0,0;0,0;0,0;0,005156187582761051
2024-11-13 21:00:00;0,0;19,486232499999996;0,0;0,0;0,0;0,0;0,005156187582761051
2024-11-13 22:00:00;0,0;18,4740025;0,0;0,0;0,0;0,0;0,005156187582761051
2024-11-13 23:00:00;0,0;17,7389225;0,0;0,0;0,0;0,0;0,005156187582761051
2024-11-14 00:00:00;0,0;15,5335675;0,0;0,0;0,0;0,0;0,005156187582761051
2024-11-14 01:00:00;0,0;13,57138;0,0;0,0;0,0;0,0;0,005156187582761051
2024-11-14 02:00:00;0,0;12,50832;0,0;0,0;0,0;0,0;0,005156187582761051
2024-11-14 03:00:00;0,0;12,576170000000001;0,0;0,0;0,0;0,0;0,005156187582761051
2024-11-14 04:00:00;0,0;14,945457499999998;0,0;0,0;0,0;0,0;0,005156187582761051
2024-11-14 05:00:00;0,0;16,975495;0,0;0,0;0,0;0,0;0,005156187582761051
2024-11-14 06:00:00;0,0;18,3722275;0,0;0,0;0,0;0,0;0,005156187582761051
2024-11-14 07:00:00;2,1769938061400644;24,388855;2,1769938061400644;2,171837618557303;0,0;0,005156187582761051;0,005156187582761051
2024-11-14 08:00:00;26,038852176431178;39,430625000000006;26,038852176431178;26,033695988848418;0,0;0,005156187582761051;0,005156187582761051
2024-11-14 09:00:00;50,35515097594338;47,800325;47,800325;47,800325;2,5496697883606174;0,005156187582761051;0,005156187582761051
2024-11-14 10:00:00;36,342288370714925;48,44375;36,342288370714925;36,33713218313216;0,0;0,005156187582761051;0,005156187582761051
2024-11-14 11:00:00;51,498760709840326;49,9261;49,9261;49,9261;1,5675045222575648;0,005156187582761051;0,005156187582761051
2024-11-14 12:00:00;60,88673209676431;46,447925;46,447925;46,447925;14,433650909181551;0,005156187582761051;0,005156187582761051
2024-11-14 13:00:00;48,97940155998625;39,559999999999995;39,559999999999995;39,559999999999995;9,414245372403492;0,005156187582761051;0,005156187582761051
2024-11-14 14:00:00;41,33832196789004;37,3658;37,3658;37,3658;3,9673657803072757;0,005156187582761051;0,005156187582761051
2024-11-14 15:00:00;9,402300722938973;40,447799999999994;9,402300722938973;9,397144535356212;0,0;0,005156187582761051;0,005156187582761051
2024-11-14 16:00:00;0,0;41,36435;0,0;0,0;0,0;0,0;0,005156187582761051
2024-11-14 17:00:00;0,0;40,595575;0,0;0,0;0,0;0,0;0,005156187582761051
2024-11-14 18:00:00;0,0;32,605374999999995;0,0;0,0;0,0;0,0;0,005156187582761051
2024-11-14 19:00:00;0,0;22,969582499999998;0,0;0,0;0,0;0,0;0,005156187582761051
2024-11-14 20:00:00;0,0;20,6058725;0,0;0,0;0,0;0,0;0,005156187582761051
2024-11-14 21:00:00;0,0;19,486232499999996;0,0;0,0;0,0;0,0;0,005156187582761051
2024-11-14 22:00:00;0,0;18,4740025;0,0;0,0;0,0;0,0;0,005156187582761051
2024-11-14 23:00:00;0,0;17,7389225;0,0;0,0;0,0;0,0;0,005156187582761051
2024-11-15 00:00:00;0,0;17,4561375;0,0;0,0;0,0;0,0;0,005156187582761051
2024-11-15 01:00:00;0,0;17,3939225;0,0;0,0;0,0;0,0;0,005156187582761051
2024-11-15 02:00:00;0,0;15,765407500000002;0,0;0,0;0,0;0,0;0,005156187582761051
2024-11-15 03:00:00;0,0;15,375212499999998;0,0;0,0;0,0;0,0;0,005156187582761051
2024-11-15 04:00:00;0,0;15,906800000000002;0,0;0,0;0,0;0,0;0,005156187582761051
2024-11-15 05:00:00;0,0;16,410040000000002;0,0;0,0;0,0;0,0;0,005156187582761051
2024-11-15 06:00:00;0,0;16,9189725;0,0;0,0;0,0;0,0;0,005156187582761051
2024-11-15 07:00:00;1,5053866303746988;25,717564999999997;1,5053866303746988;1,5002304427919377;0,0;0,005156187582761051;0,005156187582761051
2024-11-15 08:00:00;20,86675342842647;38,12997499999999;20,86675342842647;20,86159724084371;0,0;0,005156187582761051;0,005156187582761051
2024-11-15 09:00:00;50,62538878938058;42,359675;42,359675;42,359675;8,260557601797814;0,005156187582761051;0,005156187582761051
2024-11-15 10:00:00;69,71514180264835;43,2078;43,2078;43,2078;26,502185615065592;0,005156187582761051;0,005156187582761051
2024-11-15 11:00:00;76,71706051106064;44,118025;44,118025;44,118025;32,59387932347788;0,005156187582761051;0,005156187582761051
2024-11-15 12:00:00;78,44886100724588;43,445275;43,445275;43,445275;34,99842981966312;0,005156187582761051;0,005156187582761051
2024-11-15 13:00:00;62,75908880579669;38,170224999999995;38,170224999999995;38,170224999999995;24,58370761821393;0,005156187582761051;0,005156187582761051
2024-11-15 14:00:00;38,91483695058854;28,477450000000005;28,477450000000005;28,477450000000005;10,43223076300577;0,005156187582761051;0,005156187582761051
2024-11-15 15:00:00;11,878183616850807;21,459805;11,878183616850807;11,873027429268046;0,0;0,005156187582761051;0,005156187582761051
2024-11-15 16:00:00;0,0;17,863352499999998;0,0;0,0;0,0;0,0;0,005156187582761051
2024-11-15 17:00:00;0,0;18,061267500000003;0,0;0,0;0,0;0,0;0,005156187582761051
2024-11-15 18:00:00;0,0;19,03388;0,0;0,0;0,0;0,0;0,005156187582761051
2024-11-15 19:00:00;0,0;19,599335;0,0;0,0;0,0;0,0;0,005156187582761051
2024-11-15 20:00:00;0,0;20,6171425;0,0;0,0;0,0;0,0;0,005156187582761051
2024-11-15 21:00:00;0,0;19,8876975;0,0;0,0;0,0;0,0;0,005156187582761051
2024-11-15 22:00:00;0,0;18,1686775;0,0;0,0;0,0;0,0;0,005156187582761051
2024-11-15 23:00:00;0,0;16,4835825;0,0;0,0;0,0;0,0;0,005156187582761051
2024-11-16 00:00:00;0,0;14,8153925;0,0;0,0;0,0;0,0;0,005156187582761051
2024-11-16 01:00:00;0,0;12,836242499999999;0,0;0,0;0,0;0,0;0,005156187582761051
2024-11-16 02:00:00;0,0;11,0493725;0,0;0,0;0,0;0,0;0,005156187582761051
2024-11-16 03:00:00;0,0;10,110685;0,0;0,0;0,0;0,0;0,005156187582761051
2024-11-16 04:00:00;0,0;9,87321;0,0;0,0;0,0;0,0;0,005156187582761051
2024-11-16 05:00:00;0,0;10,235115;0,0;0,0;0,0;0,0;0,005156187582761051
2024-11-16 06:00:00;0,0;10,285945;0,0;0,0;0,0;0,0;0,005156187582761051
2024-11-16 07:00:00;1,1057409310777544;11,286905;1,1057409310777544;1,1005847434949934;0,0;0,005156187582761051;0,005156187582761051
2024-11-16 08:00:00;16,059878902961973;12,0445825;12,0445825;12,0445825;4,010140215379213;0,005156187582761051;0,005156187582761051
2024-11-16 09:00:00;26,8666542931468;13,797527500000001;13,797527500000001;13,797527500000001;13,063970605564041;0,005156187582761051;0,005156187582761051
2024-11-16 10:00:00;22,915545173059098;15,624072499999999;15,624072499999999;15,624072499999999;7,286316485476339;0,005156187582761051;0,005156187582761051
2024-11-16 11:00:00;31,708297987052433;17,37696;17,37696;17,37696;14,326181799469673;0,005156187582761051;0,005156187582761051
2024-11-16 12:00:00;56,1196571726218;18,722862499999998;18,722862499999998;18,722862499999998;37,39163848503904;0,005156187582761051;0,005156187582761051
2024-11-16 13:00:00;39,64580323434788;18,3892475;18,3892475;18,3892475;21,251399546765118;0,005156187582761051;0,005156187582761051
2024-11-16 14:00:00;24,817492663743522;16,7889075;16,7889075;16,7889075;8,023428976160762;0,005156187582761051;0,005156187582761051
2024-11-16 15:00:00;4,670276079663297;15,120775;4,670276079663297;4,6651198920805355;0,0;0,005156187582761051;0,005156187582761051
2024-11-16 16:00:00;0,0;14,029425;0,0;0,0;0,0;0,0;0,005156187582761051
2024-11-16 17:00:00;0,0;16,387385000000002;0,0;0,0;0,0;0,0;0,005156187582761051
2024-11-16 18:00:00;0,0;18,15735;0,0;0,0;0,0;0,0;0,005156187582761051
2024-11-16 19:00:00;0,0;19,028129999999997;0,0;0,0;0,0;0,0;0,005156187582761051
2024-11-16 20:00:00;0,0;19,972452500000003;0,0;0,0;0,0;0,0;0,005156187582761051
2024-11-16 21:00:00;0,0;18,7850775;0,0;0,0;0,0;0,0;0,005156187582761051
2024-11-16 22:00:00;0,0;16,4778325;0,0;0,0;0,0;0,0;0,005156187582761051
2024-11-16 23:00:00;0,0;14,696655;0,0;0,0;0,0;0,0;0,005156187582761051
2024-11-17 00:00:00;0,0;15,5335675;0,0;0,0;0,0;0,0;0,005156187582761051
2024-11-17 01:00:00;0,0;13,57138;0,0;0,0;0,0;0,0;0,005156187582761051
2024-11-17 02:00:00;0,0;12,50832;0,0;0,0;0,0;0,0;0,005156187582761051
2024-11-17 03:00:00;0,0;12,576170000000001;0,0;0,0;0,0;0,0;0,005156187582761051
2024-11-17 04:00:00;0,0;14,945457499999998;0,0;0,0;0,0;0,0;0,005156187582761051
2024-11-17 05:00:00;0,0;16,975495;0,0;0,0;0,0;0,0;0,005156187582761051
2024-11-17 06:00:00;0,0;18,3722275;0,0;0,0;0,0;0,0;0,005156187582761051
2024-11-17 07:00:00;0,09619963115075912;24,388855;0,09619963115075912;0,09104344356799807;0,0;0,005156187582761051;0,005156187582761051
2024-11-17 08:00:00;6,7869934635781695;39,430625000000006;6,7869934635781695;6,781837275995408;0,0;0,005156187582761051;0,005156187582761051
2024-11-17 09:00:00;9,910248683082356;47,800325;9,910248683082356;9,905092495499595;0,0;0,005156187582761051;0,005156187582761051
2024-11-17 10:00:00;26,988568313553174;48,44375;26,988568313553174;26,983412125970414;0,0;0,005156187582761051;0,005156187582761051
2024-11-17 11:00:00;26,96067900184613;49,9261;26,96067900184613;26,95552281426337;0,0;0,005156187582761051;0,005156187582761051
2024-11-17 12:00:00;46,00012768630543;46,447925;46,00012768630543;45,99497149872267;0,0;0,005156187582761051;0,005156187582761051
2024-11-17 13:00:00;42,21568864387282;39,559999999999995;39,559999999999995;39,559999999999995;2,6505324562900583;0,005156187582761051;0,005156187582761051
2024-11-17 14:00:00;20,464022890142303;37,3658;20,464022890142303;20,458866702559543;0,0;0,005156187582761051;0,005156187582761051
2024-11-17 15:00:00;2,31764618902759;40,447799999999994;2,31764618902759;2,3124900014448286;0,0;0,005156187582761051;0,005156187582761051
2024-11-17 16:00:00;0,0;41,36435;0,0;0,0;0,0;0,0;0,005156187582761051
2024-11-17 17:00:00;0,0;40,595575;0,0;0,0;0,0;0,0;0,005156187582761051
2024-11-17 18:00:00;0,0;32,605374999999995;0,0;0,0;0,0;0,0;0,005156187582761051
2024-11-17 19:00:00;0,0;22,969582499999998;0,0;0,0;0,0;0,0;0,005156187582761051
2024-11-17 20:00:00;0,0;20,6058725;0,0;0,0;0,0;0,0;0,005156187582761051
2024-11-17 21:00:00;0,0;19,486232499999996;0,0;0,0;0,0;0,0;0,005156187582761051
2024-11-17 22:00:00;0,0;18,4740025;0,0;0,0;0,0;0,0;0,005156187582761051
2024-11-17 23:00:00;0,0;17,7389225;0,0;0,0;0,0;0,0;0,005156187582761051
2024-11-18 00:00:00;0,0;15,5335675;0,0;0,0;0,0;0,0;0,005156187582761051
2024-11-18 01:00:00;0,0;13,57138;0,0;0,0;0,0;0,0;0,005156187582761051
2024-11-18 02:00:00;0,0;12,50832;0,0;0,0;0,0;0,0;0,005156187582761051
2024-11-18 03:00:00;0,0;12,576170000000001;0,0;0,0;0,0;0,0;0,005156187582761051
2024-11-18 04:00:00;0,0;14,945457499999998;0,0;0,0;0,0;0,0;0,005156187582761051
2024-11-18 05:00:00;0,0;16,975495;0,0;0,0;0,0;0,0;0,005156187582761051
2024-11-18 06:00:00;0,0;18,3722275;0,0;0,0;0,0;0,0;0,005156187582761051
2024-11-18 07:00:00;0,0;24,388855;0,0;0,0;0,0;0,0;0,005156187582761051
2024-11-18 08:00:00;9,385382193529423;39,430625000000006;9,385382193529423;9,380226005946662;0,0;0,005156187582761051;0,005156187582761051
2024-11-18 09:00:00;31,87918475109292;47,800325;31,87918475109292;31,874028563510162;0,0;0,005156187582761051;0,005156187582761051
2024-11-18 10:00:00;37,24665663495518;48,44375;37,24665663495518;37,24150044737242;0,0;0,005156187582761051;0,005156187582761051
2024-11-18 11:00:00;48,07318387189274;49,9261;48,07318387189274;48,068027684309975;0,0;0,005156187582761051;0,005156187582761051
2024-11-18 12:00:00;38,08688687996465;46,447925;38,08688687996465;38,08173069238189;0,0;0,005156187582761051;0,005156187582761051
2024-11-18 13:00:00;27,24711776823781;39,559999999999995;27,24711776823781;27,24196158065505;0,0;0,005156187582761051;0,005156187582761051
2024-11-18 14:00:00;19,53886710179149;37,3658;19,53886710179149;19,53371091420873;0,0;0,005156187582761051;0,005156187582761051
2024-11-18 15:00:00;3,4061061036205573;40,447799999999994;3,4061061036205573;3,400949916037796;0,0;0,005156187582761051;0,005156187582761051
2024-11-18 16:00:00;0,0;41,36435;0,0;0,0;0,0;0,0;0,005156187582761051
2024-11-18 17:00:00;0,0;40,595575;0,0;0,0;0,0;0,0;0,005156187582761051
2024-11-18 18:00:00;0,0;32,605374999999995;0,0;0,0;0,0;0,0;0,005156187582761051
2024-11-18 19:00:00;0,0;22,969582499999998;0,0;0,0;0,0;0,0;0,005156187582761051
2024-11-18 20:00:00;0,0;20,6058725;0,0;0,0;0,0;0,0;0,005156187582761051
2024-11-18 21:00:00;0,0;19,486232499999996;0,0;0,0;0,0;0,0;0,005156187582761051
2024-11-18 22:00:00;0,0;18,4740025;0,0;0,0;0,0;0,0;0,005156187582761051
2024-11-18 23:00:00;0,0;17,7389225;0,0;0,0;0,0;0,0;0,005156187582761051
2024-11-19 00:00:00;0,0;15,5335675;0,0;0,0;0,0;0,0;0,005156187582761051
2024-11-19 01:00:00;0,0;13,57138;0,0;0,0;0,0;0,0;0,005156187582761051
2024-11-19 02:00:00;0,0;12,50832;0,0;0,0;0,0;0,0;0,005156187582761051
2024-11-19 03:00:00;0,0;12,576170000000001;0,0;0,0;0,0;0,0;0,005156187582761051
2024-11-19 04:00:00;0,0;14,945457499999998;0,0;0,0;0,0;0,0;0,005156187582761051
2024-11-19 05:00:00;0,0;16,975495;0,0;0,0;0,0;0,0;0,005156187582761051
2024-11-19 06:00:00;0,0;18,3722275;0,0;0,0;0,0;0,0;0,005156187582761051
2024-11-19 07:00:00;0,0;24,388855;0,0;0,0;0,0;0,0;0,005156187582761051
2024-11-19 08:00:00;5,292481445460593;39,430625000000006;5,292481445460593;5,287325257877832;0,0;0,005156187582761051;0,005156187582761051
2024-11-19 09:00:00;16,733734978132897;47,800325;16,733734978132897;16,728578790550138;0,0;0,005156187582761051;0,005156187582761051
2024-11-19 10:00:00;37,861405123776166;48,44375;37,861405123776166;37,8562489361934;0,0;0,005156187582761051;0,005156187582761051
2024-11-19 11:00:00;75,19239548643964;49,9261;49,9261;49,9261;25,261139298856882;0,005156187582761051;0,005156187582761051
2024-11-19 12:00:00;71,06522121552233;46,447925;46,447925;46,447925;24,612140027939574;0,005156187582761051;0,005156187582761051
2024-11-19 13:00:00;54,95969853186211;39,559999999999995;39,559999999999995;39,559999999999995;15,394542344279351;0,005156187582761051;0,005156187582761051
2024-11-19 14:00:00;23,828346810070187;37,3658;23,828346810070187;23,823190622487427;0,0;0,005156187582761051;0,005156187582761051
2024-11-19 15:00:00;3,1509817819121415;40,447799999999994;3,1509817819121415;3,1458255943293802;0,0;0,005156187582761051;0,005156187582761051
2024-11-19 16:00:00;0,0;41,36435;0,0;0,0;0,0;0,0;0,005156187582761051
2024-11-19 17:00:00;0,0;40,595575;0,0;0,0;0,0;0,0;0,005156187582761051
2024-11-19 18:00:00;0,0;32,605374999999995;0,0;0,0;0,0;0,0;0,005156187582761051
2024-11-19 19:00:00;0,0;22,969582499999998;0,0;0,0;0,0;0,0;0,005156187582761051
2024-11-19 20:00:00;0,0;20,6058725;0,0;0,0;0,0;0,0;0,005156187582761051
2024-11-19 21:00:00;0,0;19,486232499999996;0,0;0,0;0,0;0,0;0,005156187582761051
2024-11-19 22:00:00;0,0;18,4740025;0,0;0,0;0,0;0,0;0,005156187582761051
2024-11-19 23:00:00;0,0;17,7389225;0,0;0,0;0,0;0,0;0,005156187582761051
2024-11-20 00:00:00;0,0;15,5335675;0,0;0,0;0,0;0,0;0,005156187582761051
2024-11-20 01:00:00;0,0;13,57138;0,0;0,0;0,0;0,0;0,005156187582761051
2024-11-20 02:00:00;0,0;12,50832;0,0;0,0;0,0;0,0;0,005156187582761051
2024-11-20 03:00:00;0,0;12,576170000000001;0,0;0,0;0,0;0,0;0,005156187582761051
2024-11-20 04:00:00;0,0;14,945457499999998;0,0;0,0;0,0;0,0;0,005156187582761051
2024-11-20 05:00:00;0,0;16,975495;0,0;0,0;0,0;0,0;0,005156187582761051
2024-11-20 06:00:00;0,0;18,3722275;0,0;0,0;0,0;0,0;0,005156187582761051
2024-11-20 07:00:00;0,0;24,388855;0,0;0,0;0,0;0,0;0,005156187582761051
2024-11-20 08:00:00;7,111404600524819;39,430625000000006;7,111404600524819;7,106248412942057;0,0;0,005156187582761051;0,005156187582761051
2024-11-20 09:00:00;13,725388161478964;47,800325;13,725388161478964;13,720231973896203;0,0;0,005156187582761051;0,005156187582761051
2024-11-20 10:00:00;27,59695478431897;48,44375;27,59695478431897;27,59179859673621;0,0;0,005156187582761051;0,005156187582761051
2024-11-20 11:00:00;20,03554837182086;49,9261;20,03554837182086;20,0303921842381;0,0;0,005156187582761051;0,005156187582761051
2024-11-20 12:00:00;10,044220947011935;46,447925;10,044220947011935;10,039064759429174;0,0;0,005156187582761051;0,005156187582761051
2024-11-20 13:00:00;8,128513742859322;39,559999999999995;8,128513742859322;8,123357555276561;0,0;0,005156187582761051;0,005156187582761051
2024-11-20 14:00:00;10,364097296670412;37,3658;10,364097296670412;10,35894110908765;0,0;0,005156187582761051;0,005156187582761051
2024-11-20 15:00:00;0,14031948659394025;40,447799999999994;0,14031948659394025;0,1351632990111792;0,0;0,005156187582761051;0,005156187582761051
2024-11-20 16:00:00;0,0;41,36435;0,0;0,0;0,0;0,0;0,005156187582761051
2024-11-20 17:00:00;0,0;40,595575;0,0;0,0;0,0;0,0;0,005156187582761051
2024-11-20 18:00:00;0,0;32,605374999999995;0,0;0,0;0,0;0,0;0,005156187582761051
2024-11-20 19:00:00;0,0;22,969582499999998;0,0;0,0;0,0;0,0;0,005156187582761051
2024-11-20 20:00:00;0,0;20,6058725;0,0;0,0;0,0;0,0;0,005156187582761051
2024-11-20 21:00:00;0,0;19,486232499999996;0,0;0,0;0,0;0,0;0,005156187582761051
2024-11-20 22:00:00;0,0;18,4740025;0,0;0,0;0,0;0,0;0,005156187582761051
2024-11-20 23:00:00;0,0;17,7389225;0,0;0,0;0,0;0,0;0,005156187582761051
2024-11-21 00:00:00;0,0;15,5335675;0,0;0,0;0,0;0,0;0,005156187582761051
2024-11-21 01:00:00;0,0;13,57138;0,0;0,0;0,0;0,0;0,005156187582761051
2024-11-21 02:00:00;0,0;12,50832;0,0;0,0;0,0;0,0;0,005156187582761051
2024-11-21 03:00:00;0,0;12,576170000000001;0,0;0,0;0,0;0,0;0,005156187582761051
2024-11-21 04:00:00;0,0;14,945457499999998;0,0;0,0;0,0;0,0;0,005156187582761051
2024-11-21 05:00:00;0,0;16,975495;0,0;0,0;0,0;0,0;0,005156187582761051
2024-11-21 06:00:00;0,0;18,3722275;0,0;0,0;0,0;0,0;0,005156187582761051
2024-11-21 07:00:00;0,5049740865873554;24,388855;0,5049740865873554;0,4998178990045944;0,0;0,005156187582761051;0,005156187582761051
2024-11-21 08:00:00;9,924896120000113;39,430625000000006;9,924896120000113;9,919739932417352;0,0;0,005156187582761051;0,005156187582761051
2024-11-21 09:00:00;34,36303496296457;47,800325;34,36303496296457;34,357878775381806;0,0;0,005156187582761051;0,005156187582761051
2024-11-21 10:00:00;56,92230712493319;48,44375;48,44375;48,44375;8,473400937350426;0,005156187582761051;0,005156187582761051
2024-11-21 11:00:00;53,19904702356614;49,9261;49,9261;49,9261;3,2677908359833765;0,005156187582761051;0,005156187582761051
2024-11-21 12:00:00;49,96033597175114;46,447925;46,447925;46,447925;3,5072547841683814;0,005156187582761051;0,005156187582761051
2024-11-21 13:00:00;43,08255059236911;39,559999999999995;39,559999999999995;39,559999999999995;3,5173944047863515;0,005156187582761051;0,005156187582761051
2024-11-21 14:00:00;31,276494505795142;37,3658;31,276494505795142;31,271338318212383;0,0;0,005156187582761051;0,005156187582761051
2024-11-21 15:00:00;4,594967540358872;40,447799999999994;4,594967540358872;4,589811352776111;0,0;0,005156187582761051;0,005156187582761051
2024-11-21 16:00:00;0,0;41,36435;0,0;0,0;0,0;0,0;0,005156187582761051
2024-11-21 17:00:00;0,0;40,595575;0,0;0,0;0,0;0,0;0,005156187582761051
2024-11-21 18:00:00;0,0;32,605374999999995;0,0;0,0;0,0;0,0;0,005156187582761051
2024-11-21 19:00:00;0,0;22,969582499999998;0,0;0,0;0,0;0,0;0,005156187582761051
2024-11-21 20:00:00;0,0;20,6058725;0,0;0,0;0,0;0,0;0,005156187582761051
2024-11-21 21:00:00;0,0;19,486232499999996;0,0;0,0;0,0;0,0;0,005156187582761051
2024-11-21 22:00:00;0,0;18,4740025;0,0;0,0;0,0;0,0;0,005156187582761051
2024-11-21 23:00:00;0,0;17,7389225;0,0;0,0;0,0;0,0;0,005156187582761051
2024-11-22 00:00:00;0,0;17,4561375;0,0;0,0;0,0;0,0;0,005156187582761051
2024-11-22 01:00:00;0,0;17,3939225;0,0;0,0;0,0;0,0;0,005156187582761051
2024-11-22 02:00:00;0,0;15,765407500000002;0,0;0,0;0,0;0,0;0,005156187582761051
2024-11-22 03:00:00;0,0;15,375212499999998;0,0;0,0;0,0;0,0;0,005156187582761051
2024-11-22 04:00:00;0,0;15,906800000000002;0,0;0,0;0,0;0,0;0,005156187582761051
2024-11-22 05:00:00;0,0;16,410040000000002;0,0;0,0;0,0;0,0;0,005156187582761051
2024-11-22 06:00:00;0,0;16,9189725;0,0;0,0;0,0;0,0;0,005156187582761051
2024-11-22 07:00:00;0,0;25,717564999999997;0,0;0,0;0,0;0,0;0,005156187582761051
2024-11-22 08:00:00;2,3998789712385897;38,12997499999999;2,3998789712385897;2,3947227836558285;0,0;0,005156187582761051;0,005156187582761051
2024-11-22 09:00:00;15,977912437785843;42,359675;15,977912437785843;15,972756250203082;0,0;0,005156187582761051;0,005156187582761051
2024-11-22 10:00:00;24,162648665784026;43,2078;24,162648665784026;24,157492478201267;0,0;0,005156187582761051;0,005156187582761051
2024-11-22 11:00:00;28,58898573920338;44,118025;28,58898573920338;28,58382955162062;0,0;0,005156187582761051;0,005156187582761051
2024-11-22 12:00:00;23,702364057186653;43,445275;23,702364057186653;23,697207869603893;0,0;0,005156187582761051;0,005156187582761051
2024-11-22 13:00:00;12,935906107002726;38,170224999999995;12,935906107002726;12,930749919419965;0,0;0,005156187582761051;0,005156187582761051
2024-11-22 14:00:00;9,113738817963759;28,477450000000005;9,113738817963759;9,108582630380997;0,0;0,005156187582761051;0,005156187582761051
2024-11-22 15:00:00;1,03726786233495;21,459805;1,03726786233495;1,032111674752189;0,0;0,005156187582761051;0,005156187582761051
2024-11-22 16:00:00;0,0;17,863352499999998;0,0;0,0;0,0;0,0;0,005156187582761051
2024-11-22 17:00:00;0,0;18,061267500000003;0,0;0,0;0,0;0,0;0,005156187582761051
2024-11-22 18:00:00;0,0;19,03388;0,0;0,0;0,0;0,0;0,005156187582761051
2024-11-22 19:00:00;0,0;19,599335;0,0;0,0;0,0;0,0;0,005156187582761051
2024-11-22 20:00:00;0,0;20,6171425;0,0;0,0;0,0;0,0;0,005156187582761051
2024-11-22 21:00:00;0,0;19,8876975;0,0;0,0;0,0;0,0;0,005156187582761051
2024-11-22 22:00:00;0,0;18,1686775;0,0;0,0;0,0;0,0;0,005156187582761051
2024-11-22 23:00:00;0,0;16,4835825;0,0;0,0;0,0;0,0;0,005156187582761051
2024-11-23 00:00:00;0,0;14,8153925;0,0;0,0;0,0;0,0;0,005156187582761051
2024-11-23 01:00:00;0,0;12,836242499999999;0,0;0,0;0,0;0,0;0,005156187582761051
2024-11-23 02:00:00;0,0;11,0493725;0,0;0,0;0,0;0,0;0,005156187582761051
2024-11-23 03:00:00;0,0;10,110685;0,0;0,0;0,0;0,0;0,005156187582761051
2024-11-23 04:00:00;0,0;9,87321;0,0;0,0;0,0;0,0;0,005156187582761051
2024-11-23 05:00:00;0,0;10,235115;0,0;0,0;0,0;0,0;0,005156187582761051
2024-11-23 06:00:00;0,0;10,285945;0,0;0,0;0,0;0,0;0,005156187582761051
2024-11-23 07:00:00;0,0;11,286905;0,0;0,0;0,0;0,0;0,005156187582761051
2024-11-23 08:00:00;12,529920582736835;12,0445825;12,0445825;12,0445825;0,4801818951540735;0,005156187582761051;0,005156187582761051
2024-11-23 09:00:00;41,4058629270108;13,797527500000001;13,797527500000001;13,797527500000001;27,603179239428037;0,005156187582761051;0,005156187582761051
2024-11-23 10:00:00;62,48389453643278;15,624072499999999;15,624072499999999;15,624072499999999;46,85466584885002;0,005156187582761051;0,005156187582761051
2024-11-23 11:00:00;71,07409845001794;17,37696;17,37696;17,37696;53,69198226243519;0,005156187582761051;0,005156187582761051
2024-11-23 12:00:00;67,17329365873871;18,722862499999998;18,722862499999998;18,722862499999998;48,44527497115596;0,005156187582761051;0,005156187582761051
2024-11-23 13:00:00;49,962555280375035;18,3892475;18,3892475;18,3892475;31,568151592792272;0,005156187582761051;0,005156187582761051
2024-11-23 14:00:00;28,190471887304625;16,7889075;16,7889075;16,7889075;11,396408199721865;0,005156187582761051;0,005156187582761051
2024-11-23 15:00:00;4,112164346924303;15,120775;4,112164346924303;4,107008159341542;0,0;0,005156187582761051;0,005156187582761051
2024-11-23 16:00:00;0,0;14,029425;0,0;0,0;0,0;0,0;0,005156187582761051
2024-11-23 17:00:00;0,0;16,387385000000002;0,0;0,0;0,0;0,0;0,005156187582761051
2024-11-23 18:00:00;0,0;18,15735;0,0;0,0;0,0;0,0;0,005156187582761051
2024-11-23 19:00:00;0,0;19,028129999999997;0,0;0,0;0,0;0,0;0,005156187582761051
2024-11-23 20:00:00;0,0;19,972452500000003;0,0;0,0;0,0;0,0;0,005156187582761051
2024-11-23 21:00:00;0,0;18,7850775;0,0;0,0;0,0;0,0;0,005156187582761051
2024-11-23 22:00:00;0,0;16,4778325;0,0;0,0;0,0;0,0;0,005156187582761051
2024-11-23 23:00:00;0,0;14,696655;0,0;0,0;0,0;0,0;0,005156187582761051
2024-11-24 00:00:00;0,0;15,5335675;0,0;0,0;0,0;0,0;0,005156187582761051
2024-11-24 01:00:00;0,0;13,57138;0,0;0,0;0,0;0,0;0,005156187582761051
2024-11-24 02:00:00;0,0;12,50832;0,0;0,0;0,0;0,0;0,005156187582761051
2024-11-24 03:00:00;0,0;12,576170000000001;0,0;0,0;0,0;0,0;0,005156187582761051
2024-11-24 04:00:00;0,0;14,945457499999998;0,0;0,0;0,0;0,0;0,005156187582761051
2024-11-24 05:00:00;0,0;16,975495;0,0;0,0;0,0;0,0;0,005156187582761051
2024-11-24 06:00:00;0,0;18,3722275;0,0;0,0;0,0;0,0;0,005156187582761051
2024-11-24 07:00:00;0,0;24,388855;0,0;0,0;0,0;0,0;0,005156187582761051
2024-11-24 08:00:00;5,776564440201613;39,430625000000006;5,776564440201613;5,771408252618852;0,0;0,005156187582761051;0,005156187582761051
2024-11-24 09:00:00;19,363097858778413;47,800325;19,363097858778413;19,357941671195654;0,0;0,005156187582761051;0,005156187582761051
2024-11-24 10:00:00;27,383753202516075;48,44375;27,383753202516075;27,378597014933316;0,0;0,005156187582761051;0,005156187582761051
2024-11-24 11:00:00;24,313857560025916;49,9261;24,313857560025916;24,308701372443156;0,0;0,005156187582761051;0,005156187582761051
2024-11-24 12:00:00;17,49059319583777;46,447925;17,49059319583777;17,485437008255012;0,0;0,005156187582761051;0,005156187582761051
2024-11-24 13:00:00;14,508212290083495;39,559999999999995;14,508212290083495;14,503056102500734;0,0;0,005156187582761051;0,005156187582761051
2024-11-24 14:00:00;6,225974436541863;37,3658;6,225974436541863;6,220818248959102;0,0;0,005156187582761051;0,005156187582761051
2024-11-24 15:00:00;0,12126302321003106;40,447799999999994;0,12126302321003106;0,11610683562727;0,0;0,005156187582761051;0,005156187582761051
2024-11-24 16:00:00;0,0;41,36435;0,0;0,0;0,0;0,0;0,005156187582761051
2024-11-24 17:00:00;0,0;40,595575;0,0;0,0;0,0;0,0;0,005156187582761051
2024-11-24 18:00:00;0,0;32,605374999999995;0,0;0,0;0,0;0,0;0,005156187582761051
2024-11-24 19:00:00;0,0;22,969582499999998;0,0;0,0;0,0;0,0;0,005156187582761051
2024-11-24 20:00:00;0,0;20,6058725;0,0;0,0;0,0;0,0;0,005156187582761051
2024-11-24 21:00:00;0,0;19,486232499999996;0,0;0,0;0,0;0,0;0,005156187582761051
2024-11-24 22:00:00;0,0;18,4740025;0,0;0,0;0,0;0,0;0,005156187582761051
2024-11-24 23:00:00;0,0;17,7389225;0,0;0,0;0,0;0,0;0,005156187582761051
2024-11-25 00:00:00;0,0;15,5335675;0,0;0,0;0,0;0,0;0,005156187582761051
2024-11-25 01:00:00;0,0;13,57138;0,0;0,0;0,0;0,0;0,005156187582761051
2024-11-25 02:00:00;0,0;12,50832;0,0;0,0;0,0;0,0;0,005156187582761051
2024-11-25 03:00:00;0,0;12,576170000000001;0,0;0,0;0,0;0,0;0,005156187582761051
2024-11-25 04:00:00;0,0;14,945457499999998;0,0;0,0;0,0;0,0;0,005156187582761051
2024-11-25 05:00:00;0,0;16,975495;0,0;0,0;0,0;0,0;0,005156187582761051
2024-11-25 06:00:00;0,0;18,3722275;0,0;0,0;0,0;0,0;0,005156187582761051
2024-11-25 07:00:00;0,0;24,388855;0,0;0,0;0,0;0,0;0,005156187582761051
2024-11-25 08:00:00;7,856189779315664;39,430625000000006;7,856189779315664;7,851033591732903;0,0;0,005156187582761051;0,005156187582761051
2024-11-25 09:00:00;33,68244698496781;47,800325;33,68244698496781;33,67729079738505;0,0;0,005156187582761051;0,005156187582761051
2024-11-25 10:00:00;33,15536118679098;48,44375;33,15536118679098;33,15020499920821;0,0;0,005156187582761051;0,005156187582761051
2024-11-25 11:00:00;36,918198958617616;49,9261;36,918198958617616;36,91304277103485;0,0;0,005156187582761051;0,005156187582761051
2024-11-25 12:00:00;28,320597349619437;46,447925;28,320597349619437;28,315441162036677;0,0;0,005156187582761051;0,005156187582761051
2024-11-25 13:00:00;22,41094836893781;39,559999999999995;22,41094836893781;22,40579218135505;0,0;0,005156187582761051;0,005156187582761051
2024-11-25 14:00:00;3,8824733020458098;37,3658;3,8824733020458098;3,8773171144630485;0,0;0,005156187582761051;0,005156187582761051
2024-11-25 15:00:00;1,288604563991905;40,447799999999994;1,288604563991905;1,283448376409144;0,0;0,005156187582761051;0,005156187582761051
2024-11-25 16:00:00;0,0;41,36435;0,0;0,0;0,0;0,0;0,005156187582761051
2024-11-25 17:00:00;0,0;40,595575;0,0;0,0;0,0;0,0;0,005156187582761051
2024-11-25 18:00:00;0,0;32,605374999999995;0,0;0,0;0,0;0,0;0,005156187582761051
2024-11-25 19:00:00;0,0;22,969582499999998;0,0;0,0;0,0;0,0;0,005156187582761051
2024-11-25 20:00:00;0,0;20,6058725;0,0;0,0;0,0;0,0;0,005156187582761051
2024-11-25 21:00:00;0,0;19,486232499999996;0,0;0,0;0,0;0,0;0,005156187582761051
2024-11-25 22:00:00;0,0;18,4740025;0,0;0,0;0,0;0,0;0,005156187582761051
2024-11-25 23:00:00;0,0;17,7389225;0,0;0,0;0,0;0,0;0,005156187582761051
2024-11-26 00:00:00;0,0;15,5335675;0,0;0,0;0,0;0,0;0,005156187582761051
2024-11-26 01:00:00;0,0;13,57138;0,0;0,0;0,0;0,0;0,005156187582761051
2024-11-26 02:00:00;0,0;12,50832;0,0;0,0;0,0;0,0;0,005156187582761051
2024-11-26 03:00:00;0,0;12,576170000000001;0,0;0,0;0,0;0,0;0,005156187582761051
2024-11-26 04:00:00;0,0;14,945457499999998;0,0;0,0;0,0;0,0;0,005156187582761051
2024-11-26 05:00:00;0,0;16,975495;0,0;0,0;0,0;0,0;0,005156187582761051
2024-11-26 06:00:00;0,0;18,3722275;0,0;0,0;0,0;0,0;0,005156187582761051
2024-11-26 07:00:00;0,0;24,388855;0,0;0,0;0,0;0,0;0,005156187582761051
2024-11-26 08:00:00;4,6263855527779185;39,430625000000006;4,6263855527779185;4,621229365195157;0,0;0,005156187582761051;0,005156187582761051
2024-11-26 09:00:00;20,70629741491832;47,800325;20,70629741491832;20,70114122733556;0,0;0,005156187582761051;0,005156187582761051
2024-11-26 10:00:00;47,688503710416306;48,44375;47,688503710416306;47,68334752283354;0,0;0,005156187582761051;0,005156187582761051
2024-11-26 11:00:00;67,47955824883725;49,9261;49,9261;49,9261;17,548302061254496;0,005156187582761051;0,005156187582761051
2024-11-26 12:00:00;62,02967603807407;46,447925;46,447925;46,447925;15,576594850491311;0,005156187582761051;0,005156187582761051
2024-11-26 13:00:00;46,808177956268324;39,559999999999995;39,559999999999995;39,559999999999995;7,243021768685566;0,005156187582761051;0,005156187582761051
2024-11-26 14:00:00;26,502391771010274;37,3658;26,502391771010274;26,497235583427514;0,0;0,005156187582761051;0,005156187582761051
2024-11-26 15:00:00;2,6503131540551577;40,447799999999994;2,6503131540551577;2,6451569664723964;0,0;0,005156187582761051;0,005156187582761051
2024-11-26 16:00:00;0,0;41,36435;0,0;0,0;0,0;0,0;0,005156187582761051
2024-11-26 17:00:00;0,0;40,595575;0,0;0,0;0,0;0,0;0,005156187582761051
2024-11-26 18:00:00;0,0;32,605374999999995;0,0;0,0;0,0;0,0;0,005156187582761051
2024-11-26 19:00:00;0,0;22,969582499999998;0,0;0,0;0,0;0,0;0,005156187582761051
2024-11-26 20:00:00;0,0;20,6058725;0,0;0,0;0,0;0,0;0,005156187582761051
2024-11-26 21:00:00;0,0;19,486232499999996;0,0;0,0;0,0;0,0;0,005156187582761051
2024-11-26 22:00:00;0,0;18,4740025;0,0;0,0;0,0;0,0;0,005156187582761051
2024-11-26 23:00:00;0,0;17,7389225;0,0;0,0;0,0;0,0;0,005156187582761051
2024-11-27 00:00:00;0,0;15,5335675;0,0;0,0;0,0;0,0;0,005156187582761051
2024-11-27 01:00:00;0,0;13,57138;0,0;0,0;0,0;0,0;0,005156187582761051
2024-11-27 02:00:00;0,0;12,50832;0,0;0,0;0,0;0,0;0,005156187582761051
2024-11-27 03:00:00;0,0;12,576170000000001;0,0;0,0;0,0;0,0;0,005156187582761051
2024-11-27 04:00:00;0,0;14,945457499999998;0,0;0,0;0,0;0,0;0,005156187582761051
2024-11-27 05:00:00;0,0;16,975495;0,0;0,0;0,0;0,0;0,005156187582761051
2024-11-27 06:00:00;0,0;18,3722275;0,0;0,0;0,0;0,0;0,005156187582761051
2024-11-27 07:00:00;0,0;24,388855;0,0;0,0;0,0;0,0;0,005156187582761051
2024-11-27 08:00:00;7,940937777967084;39,430625000000006;7,940937777967084;7,935781590384323;0,0;0,005156187582761051;0,005156187582761051
2024-11-27 09:00:00;35,09984542610019;47,800325;35,09984542610019;35,094689238517425;0,0;0,005156187582761051;0,005156187582761051
2024-11-27 10:00:00;57,68352998293173;48,44375;48,44375;48,44375;9,234623795348966;0,005156187582761051;0,005156187582761051
2024-11-27 11:00:00;68,65357251088165;49,9261;49,9261;49,9261;18,72231632329889;0,005156187582761051;0,005156187582761051
2024-11-27 12:00:00;68,72237107822264;46,447925;46,447925;46,447925;22,269289890639882;0,005156187582761051;0,005156187582761051
2024-11-27 13:00:00;56,285365549873184;39,559999999999995;39,559999999999995;39,559999999999995;16,720209362290426;0,005156187582761051;0,005156187582761051
2024-11-27 14:00:00;28,29833028642628;37,3658;28,29833028642628;28,29317409884352;0,0;0,005156187582761051;0,005156187582761051
2024-11-27 15:00:00;2,3985251929780085;40,447799999999994;2,3985251929780085;2,393369005395247;0,0;0,005156187582761051;0,005156187582761051
2024-11-27 16:00:00;0,0;41,36435;0,0;0,0;0,0;0,0;0,005156187582761051
2024-11-27 17:00:00;0,0;40,595575;0,0;0,0;0,0;0,0;0,005156187582761051
2024-11-27 18:00:00;0,0;32,605374999999995;0,0;0,0;0,0;0,0;0,005156187582761051
2024-11-27 19:00:00;0,0;22,969582499999998;0,0;0,0;0,0;0,0;0,005156187582761051
2024-11-27 20:00:00;0,0;20,6058725;0,0;0,0;0,0;0,0;0,005156187582761051
2024-11-27 21:00:00;0,0;19,486232499999996;0,0;0,0;0,0;0,0;0,005156187582761051
2024-11-27 22:00:00;0,0;18,4740025;0,0;0,0;0,0;0,0;0,005156187582761051
2024-11-27 23:00:00;0,0;17,7389225;0,0;0,0;0,0;0,0;0,005156187582761051
2024-11-28 00:00:00;0,0;15,5335675;0,0;0,0;0,0;0,0;0,005156187582761051
2024-11-28 01:00:00;0,0;13,57138;0,0;0,0;0,0;0,0;0,005156187582761051
2024-11-28 02:00:00;0,0;12,50832;0,0;0,0;0,0;0,0;0,005156187582761051
2024-11-28 03:00:00;0,0;12,576170000000001;0,0;0,0;0,0;0,0;0,005156187582761051
2024-11-28 04:00:00;0,0;14,945457499999998;0,0;0,0;0,0;0,0;0,005156187582761051
2024-11-28 05:00:00;0,0;16,975495;0,0;0,0;0,0;0,0;0,005156187582761051
2024-11-28 06:00:00;0,0;18,3722275;0,0;0,0;0,0;0,0;0,005156187582761051
2024-11-28 07:00:00;0,0;24,388855;0,0;0,0;0,0;0,0;0,005156187582761051
2024-11-28 08:00:00;1,7412473532276398;39,430625000000006;1,7412473532276398;1,7360911656448788;0,0;0,005156187582761051;0,005156187582761051
2024-11-28 09:00:00;23,279881672149752;47,800325;23,279881672149752;23,274725484566993;0,0;0,005156187582761051;0,005156187582761051
2024-11-28 10:00:00;18,81995906155535;48,44375;18,81995906155535;18,81480287397259;0,0;0,005156187582761051;0,005156187582761051
2024-11-28 11:00:00;8,152704206859859;49,9261;8,152704206859859;8,147548019277098;0,0;0,005156187582761051;0,005156187582761051
2024-11-28 12:00:00;5,9172686069570295;46,447925;5,9172686069570295;5,912112419374268;0,0;0,005156187582761051;0,005156187582761051
2024-11-28 13:00:00;9,099905127541435;39,559999999999995;9,099905127541435;9,094748939958674;0,0;0,005156187582761051;0,005156187582761051
2024-11-28 14:00:00;6,867872467528588;37,3658;6,867872467528588;6,862716279945826;0,0;0,005156187582761051;0,005156187582761051
2024-11-28 15:00:00;0,0;40,447799999999994;0,0;0,0;0,0;0,0;0,005156187582761051
2024-11-28 16:00:00;0,0;41,36435;0,0;0,0;0,0;0,0;0,005156187582761051
2024-11-28 17:00:00;0,0;40,595575;0,0;0,0;0,0;0,0;0,005156187582761051
2024-11-28 18:00:00;0,0;32,605374999999995;0,0;0,0;0,0;0,0;0,005156187582761051
2024-11-28 19:00:00;0,0;22,969582499999998;0,0;0,0;0,0;0,0;0,005156187582761051
2024-11-28 20:00:00;0,0;20,6058725;0,0;0,0;0,0;0,0;0,005156187582761051
2024-11-28 21:00:00;0,0;19,486232499999996;0,0;0,0;0,0;0,0;0,005156187582761051
2024-11-28 22:00:00;0,0;18,4740025;0,0;0,0;0,0;0,0;0,005156187582761051
2024-11-28 23:00:00;0,0;17,7389225;0,0;0,0;0,0;0,0;0,005156187582761051
2024-11-29 00:00:00;0,0;17,4561375;0,0;0,0;0,0;0,0;0,005156187582761051
2024-11-29 01:00:00;0,0;17,3939225;0,0;0,0;0,0;0,0;0,005156187582761051
2024-11-29 02:00:00;0,0;15,765407500000002;0,0;0,0;0,0;0,0;0,005156187582761051
2024-11-29 03:00:00;0,0;15,375212499999998;0,0;0,0;0,0;0,0;0,005156187582761051
2024-11-29 04:00:00;0,0;15,906800000000002;0,0;0,0;0,0;0,0;0,005156187582761051
2024-11-29 05:00:00;0,0;16,410040000000002;0,0;0,0;0,0;0,0;0,005156187582761051
2024-11-29 06:00:00;0,0;16,9189725;0,0;0,0;0,0;0,0;0,005156187582761051
2024-11-29 07:00:00;0,0;25,717564999999997;0,0;0,0;0,0;0,0;0,005156187582761051
2024-11-29 08:00:00;7,474601854521872;38,12997499999999;7,474601854521872;7,4694456669391105;0,0;0,005156187582761051;0,005156187582761051
2024-11-29 09:00:00;34,31494994278002;42,359675;34,31494994278002;34,309793755197255;0,0;0,005156187582761051;0,005156187582761051
2024-11-29 10:00:00;56,44515577079416;43,2078;43,2078;43,2078;13,232199583211397;0,005156187582761051;0,005156187582761051
2024-11-29 11:00:00;64,85337637721933;44,118025;44,118025;44,118025;20,730195189636575;0,005156187582761051;0,005156187582761051
2024-11-29 12:00:00;64,84597868180632;43,445275;43,445275;43,445275;21,395547494223557;0,005156187582761051;0,005156187582761051
2024-11-29 13:00:00;48,79223986603713;38,170224999999995;38,170224999999995;38,170224999999995;10,61685867845437;0,005156187582761051;0,005156187582761051
2024-11-29 14:00:00;22,99499642179481;28,477450000000005;22,99499642179481;22,98984023421205;0,0;0,005156187582761051;0,005156187582761051
2024-11-29 15:00:00;2,248744053950831;21,459805;2,248744053950831;2,24358786636807;0,0;0,005156187582761051;0,005156187582761051
2024-11-29 16:00:00;0,0;17,863352499999998;0,0;0,0;0,0;0,0;0,005156187582761051
2024-11-29 17:00:00;0,0;18,061267500000003;0,0;0,0;0,0;0,0;0,005156187582761051
2024-11-29 18:00:00;0,0;19,03388;0,0;0,0;0,0;0,0;0,005156187582761051
2024-11-29 19:00:00;0,0;19,599335;0,0;0,0;0,0;0,0;0,005156187582761051
2024-11-29 20:00:00;0,0;20,6171425;0,0;0,0;0,0;0,0;0,005156187582761051
2024-11-29 21:00:00;0,0;19,8876975;0,0;0,0;0,0;0,0;0,005156187582761051
2024-11-29 22:00:00;0,0;18,1686775;0,0;0,0;0,0;0,0;0,005156187582761051
2024-11-29 23:00:00;0,0;16,4835825;0,0;0,0;0,0;0,0;0,005156187582761051
2024-11-30 00:00:00;0,0;14,8153925;0,0;0,0;0,0;0,0;0,005156187582761051
2024-11-30 01:00:00;0,0;12,836242499999999;0,0;0,0;0,0;0,0;0,005156187582761051
2024-11-30 02:00:00;0,0;11,0493725;0,0;0,0;0,0;0,0;0,005156187582761051
2024-11-30 03:00:00;0,0;10,110685;0,0;0,0;0,0;0,0;0,005156187582761051
2024-11-30 04:00:00;0,0;9,87321;0,0;0,0;0,0;0,0;0,005156187582761051
2024-11-30 05:00:00;0,0;10,235115;0,0;0,0;0,0;0,0;0,005156187582761051
2024-11-30 06:00:00;0,0;10,285945;0,0;0,0;0,0;0,0;0,005156187582761051
2024-11-30 07:00:00;0,0;11,286905;0,0;0,0;0,0;0,0;0,005156187582761051
2024-11-30 08:00:00;5,248613111661454;12,0445825;5,248613111661454;5,243456924078693;0,0;0,005156187582761051;0,005156187582761051
2024-11-30 09:00:00;32,04866595300494;13,797527500000001;13,797527500000001;13,797527500000001;18,245982265422178;0,005156187582761051;0,005156187582761051
2024-11-30 10:00:00;45,2576209977018;15,624072499999999;15,624072499999999;15,624072499999999;29,62839231011904;0,005156187582761051;0,005156187582761051
2024-11-30 11:00:00;46,73789984984476;17,37696;17,37696;17,37696;29,355783662261995;0,005156187582761051;0,005156187582761051
2024-11-30 12:00:00;59,347271681317295;18,722862499999998;18,722862499999998;18,722862499999998;40,619252993734534;0,005156187582761051;0,005156187582761051
2024-11-30 13:00:00;53,5201070044907;18,3892475;18,3892475;18,3892475;35,12570331690793;0,005156187582761051;0,005156187582761051
2024-11-30 14:00:00;32,52152664380442;16,7889075;16,7889075;16,7889075;15,727462956221657;0,005156187582761051;0,005156187582761051
2024-11-30 15:00:00;6,7447970089423706;15,120775;6,7447970089423706;6,739640821359609;0,0;0,005156187582761051;0,005156187582761051
2024-11-30 16:00:00;0,0;14,029425;0,0;0,0;0,0;0,0;0,005156187582761051
2024-11-30 17:00:00;0,0;16,387385000000002;0,0;0,0;0,0;0,0;0,005156187582761051
2024-11-30 18:00:00;0,0;18,15735;0,0;0,0;0,0;0,0;0,005156187582761051
2024-11-30 19:00:00;0,0;19,028129999999997;0,0;0,0;0,0;0,0;0,005156187582761051
2024-11-30 20:00:00;0,0;19,972452500000003;0,0;0,0;0,0;0,0;0,005156187582761051
2024-11-30 21:00:00;0,0;18,7850775;0,0;0,0;0,0;0,0;0,005156187582761051
2024-11-30 22:00:00;0,0;16,4778325;0,0;0,0;0,0;0,0;0,005156187582761051
2024-11-30 23:00:00;0,0;14,696655;0,0;0,0;0,0;0,0;0,005156187582761051
2024-12-01 00:00:00;0,0;15,5335675;0,0;0,0;0,0;0,0;0,005156187582761051
2024-12-01 01:00:00;0,0;13,57138;0,0;0,0;0,0;0,0;0,005156187582761051
2024-12-01 02:00:00;0,0;12,50832;0,0;0,0;0,0;0,0;0,005156187582761051
2024-12-01 03:00:00;0,0;12,576170000000001;0,0;0,0;0,0;0,0;0,005156187582761051
2024-12-01 04:00:00;0,0;14,945457499999998;0,0;0,0;0,0;0,0;0,005156187582761051
2024-12-01 05:00:00;0,0;16,975495;0,0;0,0;0,0;0,0;0,005156187582761051
2024-12-01 06:00:00;0,0;18,3722275;0,0;0,0;0,0;0,0;0,005156187582761051
2024-12-01 07:00:00;0,0;24,388855;0,0;0,0;0,0;0,0;0,005156187582761051
2024-12-01 08:00:00;1,4721783756657045;39,430625000000006;1,4721783756657045;1,4670221880829435;0,0;0,005156187582761051;0,005156187582761051
2024-12-01 09:00:00;8,300140276441114;47,800325;8,300140276441114;8,294984088858353;0,0;0,005156187582761051;0,005156187582761051
2024-12-01 10:00:00;5,286171211273296;48,44375;5,286171211273296;5,281015023690535;0,0;0,005156187582761051;0,005156187582761051
2024-12-01 11:00:00;5,524081095755642;49,9261;5,524081095755642;5,518924908172881;0,0;0,005156187582761051;0,005156187582761051
2024-12-01 12:00:00;5,543684988600114;46,447925;5,543684988600114;5,538528801017352;0,0;0,005156187582761051;0,005156187582761051
2024-12-01 13:00:00;4,985824777505162;39,559999999999995;4,985824777505162;4,9806685899224;0,0;0,005156187582761051;0,005156187582761051
2024-12-01 14:00:00;2,693131015105649;37,3658;2,693131015105649;2,6879748275228876;0,0;0,005156187582761051;0,005156187582761051
2024-12-01 15:00:00;0,41093458249719467;40,447799999999994;0,41093458249719467;0,4057783949144336;0,0;0,005156187582761051;0,005156187582761051
2024-12-01 16:00:00;0,0;41,36435;0,0;0,0;0,0;0,0;0,005156187582761051
2024-12-01 17:00:00;0,0;40,595575;0,0;0,0;0,0;0,0;0,005156187582761051
2024-12-01 18:00:00;0,0;32,605374999999995;0,0;0,0;0,0;0,0;0,005156187582761051
2024-12-01 19:00:00;0,0;22,969582499999998;0,0;0,0;0,0;0,0;0,005156187582761051
2024-12-01 20:00:00;0,0;20,6058725;0,0;0,0;0,0;0,0;0,005156187582761051
2024-12-01 21:00:00;0,0;19,486232499999996;0,0;0,0;0,0;0,0;0,005156187582761051
2024-12-01 22:00:00;0,0;18,4740025;0,0;0,0;0,0;0,0;0,005156187582761051
2024-12-01 23:00:00;0,0;17,7389225;0,0;0,0;0,0;0,0;0,005156187582761051
2024-12-02 00:00:00;0,0;15,5335675;0,0;0,0;0,0;0,0;0,005156187582761051
2024-12-02 01:00:00;0,0;13,57138;0,0;0,0;0,0;0,0;0,005156187582761051
2024-12-02 02:00:00;0,0;12,50832;0,0;0,0;0,0;0,0;0,005156187582761051
2024-12-02 03:00:00;0,0;12,576170000000001;0,0;0,0;0,0;0,0;0,005156187582761051
2024-12-02 04:00:00;0,0;14,945457499999998;0,0;0,0;0,0;0,0;0,005156187582761051
2024-12-02 05:00:00;0,0;16,975495;0,0;0,0;0,0;0,0;0,005156187582761051
2024-12-02 06:00:00;0,0;18,3722275;0,0;0,0;0,0;0,0;0,005156187582761051
2024-12-02 07:00:00;0,0;24,388855;0,0;0,0;0,0;0,0;0,005156187582761051
2024-12-02 08:00:00;2,3920152210145615;39,430625000000006;2,3920152210145615;2,3868590334318003;0,0;0,005156187582761051;0,005156187582761051
2024-12-02 09:00:00;15,540412731060536;47,800325;15,540412731060536;15,535256543477775;0,0;0,005156187582761051;0,005156187582761051
2024-12-02 10:00:00;17,423496098441785;48,44375;17,423496098441785;17,418339910859025;0,0;0,005156187582761051;0,005156187582761051
2024-12-02 11:00:00;17,418465665560937;49,9261;17,418465665560937;17,413309477978178;0,0;0,005156187582761051;0,005156187582761051
2024-12-02 12:00:00;16,095017956173763;46,447925;16,095017956173763;16,089861768591003;0,0;0,005156187582761051;0,005156187582761051
2024-12-02 13:00:00;12,843508891294253;39,559999999999995;12,843508891294253;12,838352703711491;0,0;0,005156187582761051;0,005156187582761051
2024-12-02 14:00:00;9,767103276840647;37,3658;9,767103276840647;9,761947089257886;0,0;0,005156187582761051;0,005156187582761051
2024-12-02 15:00:00;2,381858185212502;40,447799999999994;2,381858185212502;2,3767019976297408;0,0;0,005156187582761051;0,005156187582761051
2024-12-02 16:00:00;0,0;41,36435;0,0;0,0;0,0;0,0;0,005156187582761051
2024-12-02 17:00:00;0,0;40,595575;0,0;0,0;0,0;0,0;0,005156187582761051
2024-12-02 18:00:00;0,0;32,605374999999995;0,0;0,0;0,0;0,0;0,005156187582761051
2024-12-02 19:00:00;0,0;22,969582499999998;0,0;0,0;0,0;0,0;0,005156187582761051
2024-12-02 20:00:00;0,0;20,6058725;0,0;0,0;0,0;0,0;0,005156187582761051
2024-12-02 21:00:00;0,0;19,486232499999996;0,0;0,0;0,0;0,0;0,005156187582761051
2024-12-02 22:00:00;0,0;18,4740025;0,0;0,0;0,0;0,0;0,005156187582761051
2024-12-02 23:00:00;0,0;17,7389225;0,0;0,0;0,0;0,0;0,005156187582761051
2024-12-03 00:00:00;0,0;15,5335675;0,0;0,0;0,0;0,0;0,005156187582761051
2024-12-03 01:00:00;0,0;13,57138;0,0;0,0;0,0;0,0;0,005156187582761051
2024-12-03 02:00:00;0,0;12,50832;0,0;0,0;0,0;0,0;0,005156187582761051
2024-12-03 03:00:00;0,0;12,576170000000001;0,0;0,0;0,0;0,0;0,005156187582761051
2024-12-03 04:00:00;0,0;14,945457499999998;0,0;0,0;0,0;0,0;0,005156187582761051
2024-12-03 05:00:00;0,0;16,975495;0,0;0,0;0,0;0,0;0,005156187582761051
2024-12-03 06:00:00;0,0;18,3722275;0,0;0,0;0,0;0,0;0,005156187582761051
2024-12-03 07:00:00;0,0;24,388855;0,0;0,0;0,0;0,0;0,005156187582761051
2024-12-03 08:00:00;2,5593658866476345;39,430625000000006;2,5593658866476345;2,5542096990648733;0,0;0,005156187582761051;0,005156187582761051
2024-12-03 09:00:00;11,97834841274294;47,800325;11,97834841274294;11,97319222516018;0,0;0,005156187582761051;0,005156187582761051
2024-12-03 10:00:00;7,296524530539937;48,44375;7,296524530539937;7,291368342957176;0,0;0,005156187582761051;0,005156187582761051
2024-12-03 11:00:00;9,206350566839209;49,9261;9,206350566839209;9,201194379256448;0,0;0,005156187582761051;0,005156187582761051
2024-12-03 12:00:00;11,019237202446421;46,447925;11,019237202446421;11,01408101486366;0,0;0,005156187582761051;0,005156187582761051
2024-12-03 13:00:00;10,78480423480819;39,559999999999995;10,78480423480819;10,779648047225429;0,0;0,005156187582761051;0,005156187582761051
2024-12-03 14:00:00;4,788972102565014;37,3658;4,788972102565014;4,783815914982252;0,0;0,005156187582761051;0,005156187582761051
2024-12-03 15:00:00;0,336698709027657;40,447799999999994;0,336698709027657;0,33154252144489593;0,0;0,005156187582761051;0,005156187582761051
2024-12-03 16:00:00;0,0;41,36435;0,0;0,0;0,0;0,0;0,005156187582761051
2024-12-03 17:00:00;0,0;40,595575;0,0;0,0;0,0;0,0;0,005156187582761051
2024-12-03 18:00:00;0,0;32,605374999999995;0,0;0,0;0,0;0,0;0,005156187582761051
2024-12-03 19:00:00;0,0;22,969582499999998;0,0;0,0;0,0;0,0;0,005156187582761051
2024-12-03 20:00:00;0,0;20,6058725;0,0;0,0;0,0;0,0;0,005156187582761051
2024-12-03 21:00:00;0,0;19,486232499999996;0,0;0,0;0,0;0,0;0,005156187582761051
2024-12-03 22:00:00;0,0;18,4740025;0,0;0,0;0,0;0,0;0,005156187582761051
2024-12-03 23:00:00;0,0;17,7389225;0,0;0,0;0,0;0,0;0,005156187582761051
2024-12-04 00:00:00;0,0;15,5335675;0,0;0,0;0,0;0,0;0,005156187582761051
2024-12-04 01:00:00;0,0;13,57138;0,0;0,0;0,0;0,0;0,005156187582761051
2024-12-04 02:00:00;0,0;12,50832;0,0;0,0;0,0;0,0;0,005156187582761051
2024-12-04 03:00:00;0,0;12,576170000000001;0,0;0,0;0,0;0,0;0,005156187582761051
2024-12-04 04:00:00;0,0;14,945457499999998;0,0;0,0;0,0;0,0;0,005156187582761051
2024-12-04 05:00:00;0,0;16,975495;0,0;0,0;0,0;0,0;0,005156187582761051
2024-12-04 06:00:00;0,0;18,3722275;0,0;0,0;0,0;0,0;0,005156187582761051
2024-12-04 07:00:00;0,0;24,388855;0,0;0,0;0,0;0,0;0,005156187582761051
2024-12-04 08:00:00;5,051338768082763;39,430625000000006;5,051338768082763;5,046182580500002;0,0;0,005156187582761051;0,005156187582761051
2024-12-04 09:00:00;26,088120827881813;47,800325;26,088120827881813;26,082964640299053;0,0;0,005156187582761051;0,005156187582761051
2024-12-04 10:00:00;37,71825971753445;48,44375;37,71825971753445;37,71310352995169;0,0;0,005156187582761051;0,005156187582761051
2024-12-04 11:00:00;67,31237033250326;49,9261;49,9261;49,9261;17,38111414492051;0,005156187582761051;0,005156187582761051
2024-12-04 12:00:00;66,6273437372587;46,447925;46,447925;46,447925;20,174262549675944;0,005156187582761051;0,005156187582761051
2024-12-04 13:00:00;46,984243107097925;39,559999999999995;39,559999999999995;39,559999999999995;7,419086919515166;0,005156187582761051;0,005156187582761051
2024-12-04 14:00:00;22,465987222810586;37,3658;22,465987222810586;22,460831035227827;0,0;0,005156187582761051;0,005156187582761051
2024-12-04 15:00:00;2,9601582287335946;40,447799999999994;2,9601582287335946;2,9550020411508333;0,0;0,005156187582761051;0,005156187582761051
2024-12-04 16:00:00;0,0;41,36435;0,0;0,0;0,0;0,0;0,005156187582761051
2024-12-04 17:00:00;0,0;40,595575;0,0;0,0;0,0;0,0;0,005156187582761051
2024-12-04 18:00:00;0,0;32,605374999999995;0,0;0,0;0,0;0,0;0,005156187582761051
2024-12-04 19:00:00;0,0;22,969582499999998;0,0;0,0;0,0;0,0;0,005156187582761051
2024-12-04 20:00:00;0,0;20,6058725;0,0;0,0;0,0;0,0;0,005156187582761051
2024-12-04 21:00:00;0,0;19,486232499999996;0,0;0,0;0,0;0,0;0,005156187582761051
2024-12-04 22:00:00;0,0;18,4740025;0,0;0,0;0,0;0,0;0,005156187582761051
2024-12-04 23:00:00;0,0;17,7389225;0,0;0,0;0,0;0,0;0,005156187582761051
2024-12-05 00:00:00;0,0;15,5335675;0,0;0,0;0,0;0,0;0,005156187582761051
2024-12-05 01:00:00;0,0;13,57138;0,0;0,0;0,0;0,0;0,005156187582761051
2024-12-05 02:00:00;0,0;12,50832;0,0;0,0;0,0;0,0;0,005156187582761051
2024-12-05 03:00:00;0,0;12,576170000000001;0,0;0,0;0,0;0,0;0,005156187582761051
2024-12-05 04:00:00;0,0;14,945457499999998;0,0;0,0;0,0;0,0;0,005156187582761051
2024-12-05 05:00:00;0,0;16,975495;0,0;0,0;0,0;0,0;0,005156187582761051
2024-12-05 06:00:00;0,0;18,3722275;0,0;0,0;0,0;0,0;0,005156187582761051
2024-12-05 07:00:00;0,0;24,388855;0,0;0,0;0,0;0,0;0,005156187582761051
2024-12-05 08:00:00;0,7245228910546138;39,430625000000006;0,7245228910546138;0,7193667034718527;0,0;0,005156187582761051;0,005156187582761051
2024-12-05 09:00:00;11,863018341254142;47,800325;11,863018341254142;11,85786215367138;0,0;0,005156187582761051;0,005156187582761051
2024-12-05 10:00:00;35,286711212232774;48,44375;35,286711212232774;35,28155502465001;0,0;0,005156187582761051;0,005156187582761051
2024-12-05 11:00:00;41,36295629361536;49,9261;41,36295629361536;41,3578001060326;0,0;0,005156187582761051;0,005156187582761051
2024-12-05 12:00:00;25,65261849891802;46,447925;25,65261849891802;25,64746231133526;0,0;0,005156187582761051;0,005156187582761051
2024-12-05 13:00:00;14,081069356936402;39,559999999999995;14,081069356936402;14,07591316935364;0,0;0,005156187582761051;0,005156187582761051
2024-12-05 14:00:00;12,70539391793339;37,3658;12,70539391793339;12,70023773035063;0,0;0,005156187582761051;0,005156187582761051
2024-12-05 15:00:00;1,70529455352042;40,447799999999994;1,70529455352042;1,700138365937659;0,0;0,005156187582761051;0,005156187582761051
2024-12-05 16:00:00;0,0;41,36435;0,0;0,0;0,0;0,0;0,005156187582761051
2024-12-05 17:00:00;0,0;40,595575;0,0;0,0;0,0;0,0;0,005156187582761051
2024-12-05 18:00:00;0,0;32,605374999999995;0,0;0,0;0,0;0,0;0,005156187582761051
2024-12-05 19:00:00;0,0;22,969582499999998;0,0;0,0;0,0;0,0;0,005156187582761051
2024-12-05 20:00:00;0,0;20,6058725;0,0;0,0;0,0;0,0;0,005156187582761051
2024-12-05 21:00:00;0,0;19,486232499999996;0,0;0,0;0,0;0,0;0,005156187582761051
2024-12-05 22:00:00;0,0;18,4740025;0,0;0,0;0,0;0,0;0,005156187582761051
2024-12-05 23:00:00;0,0;17,7389225;0,0;0,0;0,0;0,0;0,005156187582761051
2024-12-06 00:00:00;0,0;17,4561375;0,0;0,0;0,0;0,0;0,005156187582761051
2024-12-06 01:00:00;0,0;17,3939225;0,0;0,0;0,0;0,0;0,005156187582761051
2024-12-06 02:00:00;0,0;15,765407500000002;0,0;0,0;0,0;0,0;0,005156187582761051
2024-12-06 03:00:00;0,0;15,375212499999998;0,0;0,0;0,0;0,0;0,005156187582761051
2024-12-06 04:00:00;0,0;15,906800000000002;0,0;0,0;0,0;0,0;0,005156187582761051
2024-12-06 05:00:00;0,0;16,410040000000002;0,0;0,0;0,0;0,0;0,005156187582761051
2024-12-06 06:00:00;0,0;16,9189725;0,0;0,0;0,0;0,0;0,005156187582761051
2024-12-06 07:00:00;0,0;25,717564999999997;0,0;0,0;0,0;0,0;0,005156187582761051
2024-12-06 08:00:00;2,095404623429997;38,12997499999999;2,095404623429997;2,0902484358472355;0,0;0,005156187582761051;0,005156187582761051
2024-12-06 09:00:00;17,908267078856213;42,359675;17,908267078856213;17,903110891273453;0,0;0,005156187582761051;0,005156187582761051
2024-12-06 10:00:00;15,242655490686957;43,2078;15,242655490686957;15,237499303104196;0,0;0,005156187582761051;0,005156187582761051
2024-12-06 11:00:00;9,826284840144712;44,118025;9,826284840144712;9,821128652561951;0,0;0,005156187582761051;0,005156187582761051
2024-12-06 12:00:00;6,289890524910254;43,445275;6,289890524910254;6,284734337327492;0,0;0,005156187582761051;0,005156187582761051
2024-12-06 13:00:00;4,468459551101018;38,170224999999995;4,468459551101018;4,463303363518257;0,0;0,005156187582761051;0,005156187582761051
2024-12-06 14:00:00;1,5481970937297773;28,477450000000005;1,5481970937297773;1,5430409061470163;0,0;0,005156187582761051;0,005156187582761051
2024-12-06 15:00:00;0,05208717340299101;21,459805;0,05208717340299101;0,04693098582022996;0,0;0,005156187582761051;0,005156187582761051
2024-12-06 16:00:00;0,0;17,863352499999998;0,0;0,0;0,0;0,0;0,005156187582761051
2024-12-06 17:00:00;0,0;18,061267500000003;0,0;0,0;0,0;0,0;0,005156187582761051
2024-12-06 18:00:00;0,0;19,03388;0,0;0,0;0,0;0,0;0,005156187582761051
2024-12-06 19:00:00;0,0;19,599335;0,0;0,0;0,0;0,0;0,005156187582761051
2024-12-06 20:00:00;0,0;20,6171425;0,0;0,0;0,0;0,0;0,005156187582761051
2024-12-06 21:00:00;0,0;19,8876975;0,0;0,0;0,0;0,0;0,005156187582761051
2024-12-06 22:00:00;0,0;18,1686775;0,0;0,0;0,0;0,0;0,005156187582761051
2024-12-06 23:00:00;0,0;16,4835825;0,0;0,0;0,0;0,0;0,005156187582761051
2024-12-07 00:00:00;0,0;14,8153925;0,0;0,0;0,0;0,0;0,005156187582761051
2024-12-07 01:00:00;0,0;12,836242499999999;0,0;0,0;0,0;0,0;0,005156187582761051
2024-12-07 02:00:00;0,0;11,0493725;0,0;0,0;0,0;0,0;0,005156187582761051
2024-12-07 03:00:00;0,0;10,110685;0,0;0,0;0,0;0,0;0,005156187582761051
2024-12-07 04:00:00;0,0;9,87321;0,0;0,0;0,0;0,0;0,005156187582761051
2024-12-07 05:00:00;0,0;10,235115;0,0;0,0;0,0;0,0;0,005156187582761051
2024-12-07 06:00:00;0,0;10,285945;0,0;0,0;0,0;0,0;0,005156187582761051
2024-12-07 07:00:00;0,0;11,286905;0,0;0,0;0,0;0,0;0,005156187582761051
2024-12-07 08:00:00;2,97268992476323;12,0445825;2,97268992476323;2,9675337371804686;0,0;0,005156187582761051;0,005156187582761051
2024-12-07 09:00:00;24,268731618006562;13,797527500000001;13,797527500000001;13,797527500000001;10,466047930423802;0,005156187582761051;0,005156187582761051
2024-12-07 10:00:00;51,87485954463767;15,624072499999999;15,624072499999999;15,624072499999999;36,24563085705491;0,005156187582761051;0,005156187582761051
2024-12-07 11:00:00;46,37911162231385;17,37696;17,37696;17,37696;28,996995434731087;0,005156187582761051;0,005156187582761051
2024-12-07 12:00:00;35,395679265666395;18,722862499999998;18,722862499999998;18,722862499999998;16,667660578083634;0,005156187582761051;0,005156187582761051
2024-12-07 13:00:00;26,316413708327246;18,3892475;18,3892475;18,3892475;7,922010020744487;0,005156187582761051;0,005156187582761051
2024-12-07 14:00:00;14,386224292722991;16,7889075;14,386224292722991;14,38106810514023;0,0;0,005156187582761051;0,005156187582761051
2024-12-07 15:00:00;1,9917037291304471;15,120775;1,9917037291304471;1,986547541547686;0,0;0,005156187582761051;0,005156187582761051
2024-12-07 16:00:00;0,0;14,029425;0,0;0,0;0,0;0,0;0,005156187582761051
2024-12-07 17:00:00;0,0;16,387385000000002;0,0;0,0;0,0;0,0;0,005156187582761051
2024-12-07 18:00:00;0,0;18,15735;0,0;0,0;0,0;0,0;0,005156187582761051
2024-12-07 19:00:00;0,0;19,028129999999997;0,0;0,0;0,0;0,0;0,005156187582761051
2024-12-07 20:00:00;0,0;19,972452500000003;0,0;0,0;0,0;0,0;0,005156187582761051
2024-12-07 21:00:00;0,0;18,7850775;0,0;0,0;0,0;0,0;0,005156187582761051
2024-12-07 22:00:00;0,0;16,4778325;0,0;0,0;0,0;0,0;0,005156187582761051
2024-12-07 23:00:00;0,0;14,696655;0,0;0,0;0,0;0,0;0,005156187582761051
2024-12-08 00:00:00;0,0;15,5335675;0,0;0,0;0,0;0,0;0,005156187582761051
2024-12-08 01:00:00;0,0;13,57138;0,0;0,0;0,0;0,0;0,005156187582761051
2024-12-08 02:00:00;0,0;12,50832;0,0;0,0;0,0;0,0;0,005156187582761051
2024-12-08 03:00:00;0,0;12,576170000000001;0,0;0,0;0,0;0,0;0,005156187582761051
2024-12-08 04:00:00;0,0;14,945457499999998;0,0;0,0;0,0;0,0;0,005156187582761051
2024-12-08 05:00:00;0,0;16,975495;0,0;0,0;0,0;0,0;0,005156187582761051
2024-12-08 06:00:00;0,0;18,3722275;0,0;0,0;0,0;0,0;0,005156187582761051
2024-12-08 07:00:00;0,0;24,388855;0,0;0,0;0,0;0,0;0,005156187582761051
2024-12-08 08:00:00;0,009757560249757867;39,430625000000006;0,009757560249757867;0,0046013726669968166;0,0;0,005156187582761051;0,005156187582761051
2024-12-08 09:00:00;10,441329236782217;47,800325;10,441329236782217;10,436173049199455;0,0;0,005156187582761051;0,005156187582761051
2024-12-08 10:00:00;11,967177892669296;48,44375;11,967177892669296;11,962021705086535;0,0;0,005156187582761051;0,005156187582761051
2024-12-08 11:00:00;9,953747132110845;49,9261;9,953747132110845;9,948590944528084;0,0;0,005156187582761051;0,005156187582761051
2024-12-08 12:00:00;8,060233014197255;46,447925;8,060233014197255;8,055076826614494;0,0;0,005156187582761051;0,005156187582761051
2024-12-08 13:00:00;5,200579875344792;39,559999999999995;5,200579875344792;5,19542368776203;0,0;0,005156187582761051;0,005156187582761051
2024-12-08 14:00:00;2,370702460529685;37,3658;2,370702460529685;2,365546272946924;0,0;0,005156187582761051;0,005156187582761051
2024-12-08 15:00:00;0,13360237915892878;40,447799999999994;0,13360237915892878;0,12844619157616774;0,0;0,005156187582761051;0,005156187582761051
2024-12-08 16:00:00;0,0;41,36435;0,0;0,0;0,0;0,0;0,005156187582761051
2024-12-08 17:00:00;0,0;40,595575;0,0;0,0;0,0;0,0;0,005156187582761051
2024-12-08 18:00:00;0,0;32,605374999999995;0,0;0,0;0,0;0,0;0,005156187582761051
2024-12-08 19:00:00;0,0;22,969582499999998;0,0;0,0;0,0;0,0;0,005156187582761051
2024-12-08 20:00:00;0,0;20,6058725;0,0;0,0;0,0;0,0;0,005156187582761051
2024-12-08 21:00:00;0,0;19,486232499999996;0,0;0,0;0,0;0,0;0,005156187582761051
2024-12-08 22:00:00;0,0;18,4740025;0,0;0,0;0,0;0,0;0,005156187582761051
2024-12-08 23:00:00;0,0;17,7389225;0,0;0,0;0,0;0,0;0,005156187582761051
2024-12-09 00:00:00;0,0;15,5335675;0,0;0,0;0,0;0,0;0,005156187582761051
2024-12-09 01:00:00;0,0;13,57138;0,0;0,0;0,0;0,0;0,005156187582761051
2024-12-09 02:00:00;0,0;12,50832;0,0;0,0;0,0;0,0;0,005156187582761051
2024-12-09 03:00:00;0,0;12,576170000000001;0,0;0,0;0,0;0,0;0,005156187582761051
2024-12-09 04:00:00;0,0;14,945457499999998;0,0;0,0;0,0;0,0;0,005156187582761051
2024-12-09 05:00:00;0,0;16,975495;0,0;0,0;0,0;0,0;0,005156187582761051
2024-12-09 06:00:00;0,0;18,3722275;0,0;0,0;0,0;0,0;0,005156187582761051
2024-12-09 07:00:00;0,0;24,388855;0,0;0,0;0,0;0,0;0,005156187582761051
2024-12-09 08:00:00;0,9106341122550752;39,430625000000006;0,9106341122550752;0,9054779246723141;0,0;0,005156187582761051;0,005156187582761051
2024-12-09 09:00:00;9,568127463316964;47,800325;9,568127463316964;9,562971275734203;0,0;0,005156187582761051;0,005156187582761051
2024-12-09 10:00:00;6,762677238755611;48,44375;6,762677238755611;6,75752105117285;0,0;0,005156187582761051;0,005156187582761051
2024-12-09 11:00:00;5,821912313083354;49,9261;5,821912313083354;5,816756125500593;0,0;0,005156187582761051;0,005156187582761051
2024-12-09 12:00:00;4,906225574861193;46,447925;4,906225574861193;4,901069387278432;0,0;0,005156187582761051;0,005156187582761051
2024-12-09 13:00:00;4,0571254930515215;39,559999999999995;4,0571254930515215;4,05196930546876;0,0;0,005156187582761051;0,005156187582761051
2024-12-09 14:00:00;2,48383541648082;37,3658;2,48383541648082;2,478679228898059;0,0;0,005156187582761051;0,005156187582761051
2024-12-09 15:00:00;1,036269173454194;40,447799999999994;1,036269173454194;1,031112985871433;0,0;0,005156187582761051;0,005156187582761051
2024-12-09 16:00:00;0,0;41,36435;0,0;0,0;0,0;0,0;0,005156187582761051
2024-12-09 17:00:00;0,0;40,595575;0,0;0,0;0,0;0,0;0,005156187582761051
2024-12-09 18:00:00;0,0;32,605374999999995;0,0;0,0;0,0;0,0;0,005156187582761051
2024-12-09 19:00:00;0,0;22,969582499999998;0,0;0,0;0,0;0,0;0,005156187582761051
2024-12-09 20:00:00;0,0;20,6058725;0,0;0,0;0,0;0,0;0,005156187582761051
2024-12-09 21:00:00;0,0;19,486232499999996;0,0;0,0;0,0;0,0;0,005156187582761051
2024-12-09 22:00:00;0,0;18,4740025;0,0;0,0;0,0;0,0;0,005156187582761051
2024-12-09 23:00:00;0,0;17,7389225;0,0;0,0;0,0;0,0;0,005156187582761051
2024-12-10 00:00:00;0,0;15,5335675;0,0;0,0;0,0;0,0;0,005156187582761051
2024-12-10 01:00:00;0,0;13,57138;0,0;0,0;0,0;0,0;0,005156187582761051
2024-12-10 02:00:00;0,0;12,50832;0,0;0,0;0,0;0,0;0,005156187582761051
2024-12-10 03:00:00;0,0;12,576170000000001;0,0;0,0;0,0;0,0;0,005156187582761051
2024-12-10 04:00:00;0,0;14,945457499999998;0,0;0,0;0,0;0,0;0,005156187582761051
2024-12-10 05:00:00;0,0;16,975495;0,0;0,0;0,0;0,0;0,005156187582761051
2024-12-10 06:00:00;0,0;18,3722275;0,0;0,0;0,0;0,0;0,005156187582761051
2024-12-10 07:00:00;0,0;24,388855;0,0;0,0;0,0;0,0;0,005156187582761051
2024-12-10 08:00:00;0,005156193702866742;39,430625000000006;0,005156193702866742;6,120105691329036e-09;0,0;0,005156187582761051;0,005156187582761051
2024-12-10 09:00:00;8,262774516910008;47,800325;8,262774516910008;8,257618329327247;0,0;0,005156187582761051;0,005156187582761051
2024-12-10 10:00:00;13,523874938428618;48,44375;13,523874938428618;13,518718750845856;0,0;0,005156187582761051;0,005156187582761051
2024-12-10 11:00:00;14,722227618381824;49,9261;14,722227618381824;14,717071430799063;0,0;0,005156187582761051;0,005156187582761051
2024-12-10 12:00:00;18,339404767526336;46,447925;18,339404767526336;18,334248579943576;0,0;0,005156187582761051;0,005156187582761051
2024-12-10 13:00:00;13,41246564550872;39,559999999999995;13,41246564550872;13,407309457925958;0,0;0,005156187582761051;0,005156187582761051
2024-12-10 14:00:00;4,105166127063597;37,3658;4,105166127063597;4,100009939480835;0,0;0,005156187582761051;0,005156187582761051
2024-12-10 15:00:00;0,2664427956903177;40,447799999999994;0,2664427956903177;0,26128660810755666;0,0;0,005156187582761051;0,005156187582761051
2024-12-10 16:00:00;0,0;41,36435;0,0;0,0;0,0;0,0;0,005156187582761051
2024-12-10 17:00:00;0,0;40,595575;0,0;0,0;0,0;0,0;0,005156187582761051
2024-12-10 18:00:00;0,0;32,605374999999995;0,0;0,0;0,0;0,0;0,005156187582761051
2024-12-10 19:00:00;0,0;22,969582499999998;0,0;0,0;0,0;0,0;0,005156187582761051
2024-12-10 20:00:00;0,0;20,6058725;0,0;0,0;0,0;0,0;0,005156187582761051
2024-12-10 21:00:00;0,0;19,486232499999996;0,0;0,0;0,0;0,0;0,005156187582761051
2024-12-10 22:00:00;0,0;18,4740025;0,0;0,0;0,0;0,0;0,005156187582761051
2024-12-10 23:00:00;0,0;17,7389225;0,0;0,0;0,0;0,0;0,005156187582761051
2024-12-11 00:00:00;0,0;15,5335675;0,0;0,0;0,0;0,0;0,005156187582761051
2024-12-11 01:00:00;0,0;13,57138;0,0;0,0;0,0;0,0;0,005156187582761051
2024-12-11 02:00:00;0,0;12,50832;0,0;0,0;0,0;0,0;0,005156187582761051
2024-12-11 03:00:00;0,0;12,576170000000001;0,0;0,0;0,0;0,0;0,005156187582761051
2024-12-11 04:00:00;0,0;14,945457499999998;0,0;0,0;0,0;0,0;0,005156187582761051
2024-12-11 05:00:00;0,0;16,975495;0,0;0,0;0,0;0,0;0,005156187582761051
2024-12-11 06:00:00;0,0;18,3722275;0,0;0,0;0,0;0,0;0,005156187582761051
2024-12-11 07:00:00;0,0;24,388855;0,0;0,0;0,0;0,0;0,005156187582761051
2024-12-11 08:00:00;0,7548608399433605;39,430625000000006;0,7548608399433605;0,7497046523605995;0,0;0,005156187582761051;0,005156187582761051
2024-12-11 09:00:00;9,95759393372561;47,800325;9,95759393372561;9,952437746142849;0,0;0,005156187582761051;0,005156187582761051
2024-12-11 10:00:00;6,294099813600256;48,44375;6,294099813600256;6,2889436260174945;0,0;0,005156187582761051;0,005156187582761051
2024-12-11 11:00:00;11,227408351368473;49,9261;11,227408351368473;11,222252163785711;0,0;0,005156187582761051;0,005156187582761051
2024-12-11 12:00:00;8,480799396122187;46,447925;8,480799396122187;8,475643208539426;0,0;0,005156187582761051;0,005156187582761051
2024-12-11 13:00:00;5,697305531546642;39,559999999999995;5,697305531546642;5,692149343963881;0,0;0,005156187582761051;0,005156187582761051
2024-12-11 14:00:00;4,375396542805374;37,3658;4,375396542805374;4,370240355222613;0,0;0,005156187582761051;0,005156187582761051
2024-12-11 15:00:00;0,17399379611395377;40,447799999999994;0,17399379611395377;0,16883760853119273;0,0;0,005156187582761051;0,005156187582761051
2024-12-11 16:00:00;0,0;41,36435;0,0;0,0;0,0;0,0;0,005156187582761051
2024-12-11 17:00:00;0,0;40,595575;0,0;0,0;0,0;0,0;0,005156187582761051
2024-12-11 18:00:00;0,0;32,605374999999995;0,0;0,0;0,0;0,0;0,005156187582761051
2024-12-11 19:00:00;0,0;22,969582499999998;0,0;0,0;0,0;0,0;0,005156187582761051
2024-12-11 20:00:00;0,0;20,6058725;0,0;0,0;0,0;0,0;0,005156187582761051
2024-12-11 21:00:00;0,0;19,486232499999996;0,0;0,0;0,0;0,0;0,005156187582761051
2024-12-11 22:00:00;0,0;18,4740025;0,0;0,0;0,0;0,0;0,005156187582761051
2024-12-11 23:00:00;0,0;17,7389225;0,0;0,0;0,0;0,0;0,005156187582761051
2024-12-12 00:00:00;0,0;15,5335675;0,0;0,0;0,0;0,0;0,005156187582761051
2024-12-12 01:00:00;0,0;13,57138;0,0;0,0;0,0;0,0;0,005156187582761051
2024-12-12 02:00:00;0,0;12,50832;0,0;0,0;0,0;0,0;0,005156187582761051
2024-12-12 03:00:00;0,0;12,576170000000001;0,0;0,0;0,0;0,0;0,005156187582761051
2024-12-12 04:00:00;0,0;14,945457499999998;0,0;0,0;0,0;0,0;0,005156187582761051
2024-12-12 05:00:00;0,0;16,975495;0,0;0,0;0,0;0,0;0,005156187582761051
2024-12-12 06:00:00;0,0;18,3722275;0,0;0,0;0,0;0,0;0,005156187582761051
2024-12-12 07:00:00;0,0;24,388855;0,0;0,0;0,0;0,0;0,005156187582761051
2024-12-12 08:00:00;1,1259366395552668;39,430625000000006;1,1259366395552668;1,1207804519725058;0,0;0,005156187582761051;0,005156187582761051
2024-12-12 09:00:00;10,413809809845826;47,800325;10,413809809845826;10,408653622263065;0,0;0,005156187582761051;0,005156187582761051
2024-12-12 10:00:00;14,528555952469267;48,44375;14,528555952469267;14,523399764886506;0,0;0,005156187582761051;0,005156187582761051
2024-12-12 11:00:00;12,447288324973535;49,9261;12,447288324973535;12,442132137390773;0,0;0,005156187582761051;0,005156187582761051
2024-12-12 12:00:00;6,75291228081044;46,447925;6,75291228081044;6,747756093227679;0,0;0,005156187582761051;0,005156187582761051
2024-12-12 13:00:00;5,552414269187462;39,559999999999995;5,552414269187462;5,547258081604701;0,0;0,005156187582761051;0,005156187582761051
2024-12-12 14:00:00;3,255821921305295;37,3658;3,255821921305295;3,2506657337225335;0,0;0,005156187582761051;0,005156187582761051
2024-12-12 15:00:00;0,2621373369599469;40,447799999999994;0,2621373369599469;0,25698114937718586;0,0;0,005156187582761051;0,005156187582761051
2024-12-12 16:00:00;0,0;41,36435;0,0;0,0;0,0;0,0;0,005156187582761051
2024-12-12 17:00:00;0,0;40,595575;0,0;0,0;0,0;0,0;0,005156187582761051
2024-12-12 18:00:00;0,0;32,605374999999995;0,0;0,0;0,0;0,0;0,005156187582761051
2024-12-12 19:00:00;0,0;22,969582499999998;0,0;0,0;0,0;0,0;0,005156187582761051
2024-12-12 20:00:00;0,0;20,6058725;0,0;0,0;0,0;0,0;0,005156187582761051
2024-12-12 21:00:00;0,0;19,486232499999996;0,0;0,0;0,0;0,0;0,005156187582761051
2024-12-12 22:00:00;0,0;18,4740025;0,0;0,0;0,0;0,0;0,005156187582761051
2024-12-12 23:00:00;0,0;17,7389225;0,0;0,0;0,0;0,0;0,005156187582761051
2024-12-13 00:00:00;0,0;17,4561375;0,0;0,0;0,0;0,0;0,005156187582761051
2024-12-13 01:00:00;0,0;17,3939225;0,0;0,0;0,0;0,0;0,005156187582761051
2024-12-13 02:00:00;0,0;15,765407500000002;0,0;0,0;0,0;0,0;0,005156187582761051
2024-12-13 03:00:00;0,0;15,375212499999998;0,0;0,0;0,0;0,0;0,005156187582761051
2024-12-13 04:00:00;0,0;15,906800000000002;0,0;0,0;0,0;0,0;0,005156187582761051
2024-12-13 05:00:00;0,0;16,410040000000002;0,0;0,0;0,0;0,0;0,005156187582761051
2024-12-13 06:00:00;0,0;16,9189725;0,0;0,0;0,0;0,0;0,005156187582761051
2024-12-13 07:00:00;0,0;25,717564999999997;0,0;0,0;0,0;0,0;0,005156187582761051
2024-12-13 08:00:00;0,6119225691732154;38,12997499999999;0,6119225691732154;0,6067663815904544;0,0;0,005156187582761051;0,005156187582761051
2024-12-13 09:00:00;9,3661481854556;42,359675;9,3661481854556;9,360991997872839;0,0;0,005156187582761051;0,005156187582761051
2024-12-13 10:00:00;8,025685776618507;43,2078;8,025685776618507;8,020529589035746;0,0;0,005156187582761051;0,005156187582761051
2024-12-13 11:00:00;11,014428700427967;44,118025;11,014428700427967;11,009272512845206;0,0;0,005156187582761051;0,005156187582761051
2024-12-13 12:00:00;9,693940069205995;43,445275;9,693940069205995;9,688783881623234;0,0;0,005156187582761051;0,005156187582761051
2024-12-13 13:00:00;6,434515470234565;38,170224999999995;6,434515470234565;6,429359282651804;0,0;0,005156187582761051;0,005156187582761051
2024-12-13 14:00:00;2,219752485627252;28,477450000000005;2,219752485627252;2,2145962980444907;0,0;0,005156187582761051;0,005156187582761051
2024-12-13 15:00:00;0,08345340195414594;21,459805;0,08345340195414594;0,07829721437138489;0,0;0,005156187582761051;0,005156187582761051
2024-12-13 16:00:00;0,0;17,863352499999998;0,0;0,0;0,0;0,0;0,005156187582761051
2024-12-13 17:00:00;0,0;18,061267500000003;0,0;0,0;0,0;0,0;0,005156187582761051
2024-12-13 18:00:00;0,0;19,03388;0,0;0,0;0,0;0,0;0,005156187582761051
2024-12-13 19:00:00;0,0;19,599335;0,0;0,0;0,0;0,0;0,005156187582761051
2024-12-13 20:00:00;0,0;20,6171425;0,0;0,0;0,0;0,0;0,005156187582761051
2024-12-13 21:00:00;0,0;19,8876975;0,0;0,0;0,0;0,0;0,005156187582761051
2024-12-13 22:00:00;0,0;18,1686775;0,0;0,0;0,0;0,0;0,005156187582761051
2024-12-13 23:00:00;0,0;16,4835825;0,0;0,0;0,0;0,0;0,005156187582761051
2024-12-14 00:00:00;0,0;14,8153925;0,0;0,0;0,0;0,0;0,005156187582761051
2024-12-14 01:00:00;0,0;12,836242499999999;0,0;0,0;0,0;0,0;0,005156187582761051
2024-12-14 02:00:00;0,0;11,0493725;0,0;0,0;0,0;0,0;0,005156187582761051
2024-12-14 03:00:00;0,0;10,110685;0,0;0,0;0,0;0,0;0,005156187582761051
2024-12-14 04:00:00;0,0;9,87321;0,0;0,0;0,0;0,0;0,005156187582761051
2024-12-14 05:00:00;0,0;10,235115;0,0;0,0;0,0;0,0;0,005156187582761051
2024-12-14 06:00:00;0,0;10,285945;0,0;0,0;0,0;0,0;0,005156187582761051
2024-12-14 07:00:00;0,0;11,286905;0,0;0,0;0,0;0,0;0,005156187582761051
2024-12-14 08:00:00;2,355145107076129;12,0445825;2,355145107076129;2,349988919493368;0,0;0,005156187582761051;0,005156187582761051
2024-12-14 09:00:00;26,10395189606565;13,797527500000001;13,797527500000001;13,797527500000001;12,301268208482888;0,005156187582761051;0,005156187582761051
2024-12-14 10:00:00;49,10368284292478;15,624072499999999;15,624072499999999;15,624072499999999;33,47445415534202;0,005156187582761051;0,005156187582761051
2024-12-14 11:00:00;56,05529722252862;17,37696;17,37696;17,37696;38,673181034945856;0,005156187582761051;0,005156187582761051
2024-12-14 12:00:00;51,044098349756844;18,722862499999998;18,722862499999998;18,722862499999998;32,31607966217408;0,005156187582761051;0,005156187582761051
2024-12-14 13:00:00;34,86681802059043;18,3892475;18,3892475;18,3892475;16,472414333007666;0,005156187582761051;0,005156187582761051
2024-12-14 14:00:00;14,525892782120588;16,7889075;14,525892782120588;14,520736594537826;0,0;0,005156187582761051;0,005156187582761051
2024-12-14 15:00:00;1,6107224153605226;15,120775;1,6107224153605226;1,6055662277777616;0,0;0,005156187582761051;0,005156187582761051
2024-12-14 16:00:00;0,0;14,029425;0,0;0,0;0,0;0,0;0,005156187582761051
2024-12-14 17:00:00;0,0;16,387385000000002;0,0;0,0;0,0;0,0;0,005156187582761051
2024-12-14 18:00:00;0,0;18,15735;0,0;0,0;0,0;0,0;0,005156187582761051
2024-12-14 19:00:00;0,0;19,028129999999997;0,0;0,0;0,0;0,0;0,005156187582761051
2024-12-14 20:00:00;0,0;19,972452500000003;0,0;0,0;0,0;0,0;0,005156187582761051
2024-12-14 21:00:00;0,0;18,7850775;0,0;0,0;0,0;0,0;0,005156187582761051
2024-12-14 22:00:00;0,0;16,4778325;0,0;0,0;0,0;0,0;0,005156187582761051
2024-12-14 23:00:00;0,0;14,696655;0,0;0,0;0,0;0,0;0,005156187582761051
2024-12-15 00:00:00;0,0;15,5335675;0,0;0,0;0,0;0,0;0,005156187582761051
2024-12-15 01:00:00;0,0;13,57138;0,0;0,0;0,0;0,0;0,005156187582761051
2024-12-15 02:00:00;0,0;12,50832;0,0;0,0;0,0;0,0;0,005156187582761051
2024-12-15 03:00:00;0,0;12,576170000000001;0,0;0,0;0,0;0,0;0,005156187582761051
2024-12-15 04:00:00;0,0;14,945457499999998;0,0;0,0;0,0;0,0;0,005156187582761051
2024-12-15 05:00:00;0,0;16,975495;0,0;0,0;0,0;0,0;0,005156187582761051
2024-12-15 06:00:00;0,0;18,3722275;0,0;0,0;0,0;0,0;0,005156187582761051
2024-12-15 07:00:00;0,0;24,388855;0,0;0,0;0,0;0,0;0,005156187582761051
2024-12-15 08:00:00;0,845889482000427;39,430625000000006;0,845889482000427;0,840733294417666;0,0;0,005156187582761051;0,005156187582761051
2024-12-15 09:00:00;13,994812228420724;47,800325;13,994812228420724;13,989656040837962;0,0;0,005156187582761051;0,005156187582761051
2024-12-15 10:00:00;18,073975456107597;48,44375;18,073975456107597;18,068819268524837;0,0;0,005156187582761051;0,005156187582761051
2024-12-15 11:00:00;16,913129091898345;49,9261;16,913129091898345;16,907972904315585;0,0;0,005156187582761051;0,005156187582761051
2024-12-15 12:00:00;13,344702755525562;46,447925;13,344702755525562;13,3395465679428;0,0;0,005156187582761051;0,005156187582761051
2024-12-15 13:00:00;18,060659604364183;39,559999999999995;18,060659604364183;18,055503416781423;0,0;0,005156187582761051;0,005156187582761051
2024-12-15 14:00:00;14,04711393499069;37,3658;14,04711393499069;14,04195774740793;0,0;0,005156187582761051;0,005156187582761051
2024-12-15 15:00:00;1,0571454699097034;40,447799999999994;1,0571454699097034;1,0519892823269423;0,0;0,005156187582761051;0,005156187582761051
2024-12-15 16:00:00;0,0;41,36435;0,0;0,0;0,0;0,0;0,005156187582761051
2024-12-15 17:00:00;0,0;40,595575;0,0;0,0;0,0;0,0;0,005156187582761051
2024-12-15 18:00:00;0,0;32,605374999999995;0,0;0,0;0,0;0,0;0,005156187582761051
2024-12-15 19:00:00;0,0;22,969582499999998;0,0;0,0;0,0;0,0;0,005156187582761051
2024-12-15 20:00:00;0,0;20,6058725;0,0;0,0;0,0;0,0;0,005156187582761051
2024-12-15 21:00:00;0,0;19,486232499999996;0,0;0,0;0,0;0,0;0,005156187582761051
2024-12-15 22:00:00;0,0;18,4740025;0,0;0,0;0,0;0,0;0,005156187582761051
2024-12-15 23:00:00;0,0;17,7389225;0,0;0,0;0,0;0,0;0,005156187582761051
2024-12-16 00:00:00;0,0;15,5335675;0,0;0,0;0,0;0,0;0,005156187582761051
2024-12-16 01:00:00;0,0;13,57138;0,0;0,0;0,0;0,0;0,005156187582761051
2024-12-16 02:00:00;0,0;12,50832;0,0;0,0;0,0;0,0;0,005156187582761051
2024-12-16 03:00:00;0,0;12,576170000000001;0,0;0,0;0,0;0,0;0,005156187582761051
2024-12-16 04:00:00;0,0;14,945457499999998;0,0;0,0;0,0;0,0;0,005156187582761051
2024-12-16 05:00:00;0,0;16,975495;0,0;0,0;0,0;0,0;0,005156187582761051
2024-12-16 06:00:00;0,0;18,3722275;0,0;0,0;0,0;0,0;0,005156187582761051
2024-12-16 07:00:00;0,0;24,388855;0,0;0,0;0,0;0,0;0,005156187582761051
2024-12-16 08:00:00;0,32853905098710884;39,430625000000006;0,32853905098710884;0,3233828634043478;0,0;0,005156187582761051;0,005156187582761051
2024-12-16 09:00:00;9,596749146869893;47,800325;9,596749146869893;9,591592959287132;0,0;0,005156187582761051;0,005156187582761051
2024-12-16 10:00:00;9,906549835375852;48,44375;9,906549835375852;9,90139364779309;0,0;0,005156187582761051;0,005156187582761051
2024-12-16 11:00:00;8,877678357334666;49,9261;8,877678357334666;8,872522169751905;0,0;0,005156187582761051;0,005156187582761051
2024-12-16 12:00:00;6,857737624812766;46,447925;6,857737624812766;6,852581437230005;0,0;0,005156187582761051;0,005156187582761051
2024-12-16 13:00:00;4,140778632781819;39,559999999999995;4,140778632781819;4,135622445199058;0,0;0,005156187582761051;0,005156187582761051
2024-12-16 14:00:00;2,0074238318830893;37,3658;2,0074238318830893;2,002267644300328;0,0;0,005156187582761051;0,005156187582761051
2024-12-16 15:00:00;0,04051717777704612;40,447799999999994;0,04051717777704612;0,03536099019428507;0,0;0,005156187582761051;0,005156187582761051
2024-12-16 16:00:00;0,0;41,36435;0,0;0,0;0,0;0,0;0,005156187582761051
2024-12-16 17:00:00;0,0;40,595575;0,0;0,0;0,0;0,0;0,005156187582761051
2024-12-16 18:00:00;0,0;32,605374999999995;0,0;0,0;0,0;0,0;0,005156187582761051
2024-12-16 19:00:00;0,0;22,969582499999998;0,0;0,0;0,0;0,0;0,005156187582761051
2024-12-16 20:00:00;0,0;20,6058725;0,0;0,0;0,0;0,0;0,005156187582761051
2024-12-16 21:00:00;0,0;19,486232499999996;0,0;0,0;0,0;0,0;0,005156187582761051
2024-12-16 22:00:00;0,0;18,4740025;0,0;0,0;0,0;0,0;0,005156187582761051
2024-12-16 23:00:00;0,0;17,7389225;0,0;0,0;0,0;0,0;0,005156187582761051
2024-12-17 00:00:00;0,0;15,5335675;0,0;0,0;0,0;0,0;0,005156187582761051
2024-12-17 01:00:00;0,0;13,57138;0,0;0,0;0,0;0,0;0,005156187582761051
2024-12-17 02:00:00;0,0;12,50832;0,0;0,0;0,0;0,0;0,005156187582761051
2024-12-17 03:00:00;0,0;12,576170000000001;0,0;0,0;0,0;0,0;0,005156187582761051
2024-12-17 04:00:00;0,0;14,945457499999998;0,0;0,0;0,0;0,0;0,005156187582761051
2024-12-17 05:00:00;0,0;16,975495;0,0;0,0;0,0;0,0;0,005156187582761051
2024-12-17 06:00:00;0,0;18,3722275;0,0;0,0;0,0;0,0;0,005156187582761051
2024-12-17 07:00:00;0,0;24,388855;0,0;0,0;0,0;0,0;0,005156187582761051
2024-12-17 08:00:00;0,0;39,430625000000006;0,0;0,0;0,0;0,0;0,005156187582761051
2024-12-17 09:00:00;7,253899009570183;47,800325;7,253899009570183;7,248742821987422;0,0;0,005156187582761051;0,005156187582761051
2024-12-17 10:00:00;6,2690290238455715;48,44375;6,2690290238455715;6,26387283626281;0,0;0,005156187582761051;0,005156187582761051
2024-12-17 11:00:00;3,6499045536516563;49,9261;3,6499045536516563;3,644748366068895;0,0;0,005156187582761051;0,005156187582761051
2024-12-17 12:00:00;3,2610964781347698;46,447925;3,2610964781347698;3,2559402905520085;0,0;0,005156187582761051;0,005156187582761051
2024-12-17 13:00:00;3,0332400617187028;39,559999999999995;3,0332400617187028;3,0280838741359415;0,0;0,005156187582761051;0,005156187582761051
2024-12-17 14:00:00;3,8051895780661127;37,3658;3,8051895780661127;3,8000333904833514;0,0;0,005156187582761051;0,005156187582761051
2024-12-17 15:00:00;0,06372374828765295;40,447799999999994;0,06372374828765295;0,0585675607048919;0,0;0,005156187582761051;0,005156187582761051
2024-12-17 16:00:00;0,0;41,36435;0,0;0,0;0,0;0,0;0,005156187582761051
2024-12-17 17:00:00;0,0;40,595575;0,0;0,0;0,0;0,0;0,005156187582761051
2024-12-17 18:00:00;0,0;32,605374999999995;0,0;0,0;0,0;0,0;0,005156187582761051
2024-12-17 19:00:00;0,0;22,969582499999998;0,0;0,0;0,0;0,0;0,005156187582761051
2024-12-17 20:00:00;0,0;20,6058725;0,0;0,0;0,0;0,0;0,005156187582761051
2024-12-17 21:00:00;0,0;19,486232499999996;0,0;0,0;0,0;0,0;0,005156187582761051
2024-12-17 22:00:00;0,0;18,4740025;0,0;0,0;0,0;0,0;0,005156187582761051
2024-12-17 23:00:00;0,0;17,7389225;0,0;0,0;0,0;0,0;0,005156187582761051
2024-12-18 00:00:00;0,0;15,5335675;0,0;0,0;0,0;0,0;0,005156187582761051
2024-12-18 01:00:00;0,0;13,57138;0,0;0,0;0,0;0,0;0,005156187582761051
2024-12-18 02:00:00;0,0;12,50832;0,0;0,0;0,0;0,0;0,005156187582761051
2024-12-18 03:00:00;0,0;12,576170000000001;0,0;0,0;0,0;0,0;0,005156187582761051
2024-12-18 04:00:00;0,0;14,945457499999998;0,0;0,0;0,0;0,0;0,005156187582761051
2024-12-18 05:00:00;0,0;16,975495;0,0;0,0;0,0;0,0;0,005156187582761051
2024-12-18 06:00:00;0,0;18,3722275;0,0;0,0;0,0;0,0;0,005156187582761051
2024-12-18 07:00:00;0,0;24,388855;0,0;0,0;0,0;0,0;0,005156187582761051
2024-12-18 08:00:00;1,1122730961274407;39,430625000000006;1,1122730961274407;1,1071169085446797;0,0;0,005156187582761051;0,005156187582761051
2024-12-18 09:00:00;11,312037986893287;47,800325;11,312037986893287;11,306881799310526;0,0;0,005156187582761051;0,005156187582761051
2024-12-18 10:00:00;6,506273115740745;48,44375;6,506273115740745;6,501116928157984;0,0;0,005156187582761051;0,005156187582761051
2024-12-18 11:00:00;7,56081459686507;49,9261;7,56081459686507;7,555658409282309;0,0;0,005156187582761051;0,005156187582761051
2024-12-18 12:00:00;9,712360330784385;46,447925;9,712360330784385;9,707204143201624;0,0;0,005156187582761051;0,005156187582761051
2024-12-18 13:00:00;5,502405848195528;39,559999999999995;5,502405848195528;5,497249660612766;0,0;0,005156187582761051;0,005156187582761051
2024-12-18 14:00:00;2,68710929103946;37,3658;2,68710929103946;2,681953103456699;0,0;0,005156187582761051;0,005156187582761051
2024-12-18 15:00:00;0,1604042296402576;40,447799999999994;0,1604042296402576;0,15524804205749657;0,0;0,005156187582761051;0,005156187582761051
2024-12-18 16:00:00;0,0;41,36435;0,0;0,0;0,0;0,0;0,005156187582761051
2024-12-18 17:00:00;0,0;40,595575;0,0;0,0;0,0;0,0;0,005156187582761051
2024-12-18 18:00:00;0,0;32,605374999999995;0,0;0,0;0,0;0,0;0,005156187582761051
2024-12-18 19:00:00;0,0;22,969582499999998;0,0;0,0;0,0;0,0;0,005156187582761051
2024-12-18 20:00:00;0,0;20,6058725;0,0;0,0;0,0;0,0;0,005156187582761051
2024-12-18 21:00:00;0,0;19,486232499999996;0,0;0,0;0,0;0,0;0,005156187582761051
2024-12-18 22:00:00;0,0;18,4740025;0,0;0,0;0,0;0,0;0,005156187582761051
2024-12-18 23:00:00;0,0;17,7389225;0,0;0,0;0,0;0,0;0,005156187582761051
2024-12-19 00:00:00;0,0;15,5335675;0,0;0,0;0,0;0,0;0,005156187582761051
2024-12-19 01:00:00;0,0;13,57138;0,0;0,0;0,0;0,0;0,005156187582761051
2024-12-19 02:00:00;0,0;12,50832;0,0;0,0;0,0;0,0;0,005156187582761051
2024-12-19 03:00:00;0,0;12,576170000000001;0,0;0,0;0,0;0,0;0,005156187582761051
2024-12-19 04:00:00;0,0;14,945457499999998;0,0;0,0;0,0;0,0;0,005156187582761051
2024-12-19 05:00:00;0,0;16,975495;0,0;0,0;0,0;0,0;0,005156187582761051
2024-12-19 06:00:00;0,0;18,3722275;0,0;0,0;0,0;0,0;0,005156187582761051
2024-12-19 07:00:00;0,0;24,388855;0,0;0,0;0,0;0,0;0,005156187582761051
2024-12-19 08:00:00;0,0;39,430625000000006;0,0;0,0;0,0;0,0;0,005156187582761051
2024-12-19 09:00:00;1,7297809253374774;47,800325;1,7297809253374774;1,7246247377547164;0,0;0,005156187582761051;0,005156187582761051
2024-12-19 10:00:00;12,837146873239064;48,44375;12,837146873239064;12,831990685656303;0,0;0,005156187582761051;0,005156187582761051
2024-12-19 11:00:00;12,471552765928198;49,9261;12,471552765928198;12,466396578345437;0,0;0,005156187582761051;0,005156187582761051
2024-12-19 12:00:00;11,81656081406045;46,447925;11,81656081406045;11,811404626477689;0,0;0,005156187582761051;0,005156187582761051
2024-12-19 13:00:00;10,90161384537959;39,559999999999995;10,90161384537959;10,896457657796828;0,0;0,005156187582761051;0,005156187582761051
2024-12-19 14:00:00;6,122184769897357;37,3658;6,122184769897357;6,117028582314596;0,0;0,005156187582761051;0,005156187582761051
2024-12-19 15:00:00;0,06363497594269686;40,447799999999994;0,06363497594269686;0,05847878835993581;0,0;0,005156187582761051;0,005156187582761051
2024-12-19 16:00:00;0,0;41,36435;0,0;0,0;0,0;0,0;0,005156187582761051
2024-12-19 17:00:00;0,0;40,595575;0,0;0,0;0,0;0,0;0,005156187582761051
2024-12-19 18:00:00;0,0;32,605374999999995;0,0;0,0;0,0;0,0;0,005156187582761051
2024-12-19 19:00:00;0,0;22,969582499999998;0,0;0,0;0,0;0,0;0,005156187582761051
2024-12-19 20:00:00;0,0;20,6058725;0,0;0,0;0,0;0,0;0,005156187582761051
2024-12-19 21:00:00;0,0;19,486232499999996;0,0;0,0;0,0;0,0;0,005156187582761051
2024-12-19 22:00:00;0,0;18,4740025;0,0;0,0;0,0;0,0;0,005156187582761051
2024-12-19 23:00:00;0,0;17,7389225;0,0;0,0;0,0;0,0;0,005156187582761051
2024-12-20 00:00:00;0,0;16,76631;0,0;0,0;0,0;0,0;0,005156187582761051
2024-12-20 01:00:00;0,0;16,5853;0,0;0,0;0,0;0,0;0,005156187582761051
2024-12-20 02:00:00;0,0;14,673999999999998;0,0;0,0;0,0;0,0;0,005156187582761051
2024-12-20 03:00:00;0,0;14,4478525;0,0;0,0;0,0;0,0;0,005156187582761051
2024-12-20 04:00:00;0,0;14,9398225;0,0;0,0;0,0;0,0;0,005156187582761051
2024-12-20 05:00:00;0,0;15,98592;0,0;0,0;0,0;0,0;0,005156187582761051
2024-12-20 06:00:00;0,0;18,095135;0,0;0,0;0,0;0,0;0,005156187582761051
2024-12-20 07:00:00;0,0;26,729795000000003;0,0;0,0;0,0;0,0;0,005156187582761051
2024-12-20 08:00:00;2,0934072456684842;38,362275000000004;2,0934072456684842;2,088251058085723;0,0;0,005156187582761051;0,005156187582761051
2024-12-20 09:00:00;22,175035862216976;43,796025;22,175035862216976;22,169879674634217;0,0;0,005156187582761051;0,005156187582761051
2024-12-20 10:00:00;45,66368049892182;46,102925;45,66368049892182;45,65852431133906;0,0;0,005156187582761051;0,005156187582761051
2024-12-20 11:00:00;56,195853435375774;46,917125;46,917125;46,917125;9,273572247793012;0,005156187582761051;0,005156187582761051
2024-12-20 12:00:00;43,43556861747788;44,610225;43,43556861747788;43,430412429895114;0,0;0,005156187582761051;0,005156187582761051
2024-12-20 13:00:00;35,21598924408442;39,006275;35,21598924408442;35,210833056501656;0,0;0,005156187582761051;0,005156187582761051
2024-12-20 14:00:00;17,22079924412536;29,223799999999997;17,22079924412536;17,2156430565426;0,0;0,005156187582761051;0,005156187582761051
2024-12-20 15:00:00;3,8521945347203674;21,6350075;3,8521945347203674;3,847038347137606;0,0;0,005156187582761051;0,005156187582761051
2024-12-20 16:00:00;0,0;18,915142499999998;0,0;0,0;0,0;0,0;0,005156187582761051
2024-12-20 17:00:00;0,0;20,634104999999998;0,0;0,0;0,0;0,0;0,005156187582761051
2024-12-20 18:00:00;0,0;21,929005;0,0;0,0;0,0;0,0;0,005156187582761051
2024-12-20 19:00:00;0,0;21,912157500000003;0,0;0,0;0,0;0,0;0,005156187582761051
2024-12-20 20:00:00;0,0;21,17702;0,0;0,0;0,0;0,0;0,005156187582761051
2024-12-20 21:00:00;0,0;19,305279999999996;0,0;0,0;0,0;0,0;0,005156187582761051
2024-12-20 22:00:00;0,0;17,4053075;0,0;0,0;0,0;0,0;0,005156187582761051
2024-12-20 23:00:00;0,0;15,516547499999998;0,0;0,0;0,0;0,0;0,005156187582761051
2024-12-21 00:00:00;0,0;13,577015000000001;0,0;0,0;0,0;0,0;0,005156187582761051
2024-12-21 01:00:00;0,0;11,965405;0,0;0,0;0,0;0,0;0,005156187582761051
2024-12-21 02:00:00;0,0;10,4443;0,0;0,0;0,0;0,0;0,005156187582761051
2024-12-21 03:00:00;0,0;9,5961175;0,0;0,0;0,0;0,0;0,005156187582761051
2024-12-21 04:00:00;0,0;9,47163;0,0;0,0;0,0;0,0;0,005156187582761051
2024-12-21 05:00:00;0,0;9,9636;0,0;0,0;0,0;0,0;0,005156187582761051
2024-12-21 06:00:00;0,0;11,207669999999998;0,0;0,0;0,0;0,0;0,005156187582761051
2024-12-21 07:00:00;0,0;11,6035;0,0;0,0;0,0;0,0;0,005156187582761051
2024-12-21 08:00:00;0,7084403012267338;11,134185;0,7084403012267338;0,7032841136439728;0,0;0,005156187582761051;0,005156187582761051
2024-12-21 09:00:00;10,897027274223523;12,5365525;10,897027274223523;10,891871086640762;0,0;0,005156187582761051;0,005156187582761051
2024-12-21 10:00:00;16,217079930488403;14,928495;14,928495;14,928495;1,2834287429056435;0,005156187582761051;0,005156187582761051
2024-12-21 11:00:00;14,656831990930833;16,466562500000002;14,656831990930833;14,651675803348072;0,0;0,005156187582761051;0,005156187582761051
2024-12-21 12:00:00;8,470065340077912;17,591894999999997;8,470065340077912;8,464909152495151;0,0;0,005156187582761051;0,005156187582761051
2024-12-21 13:00:00;5,542353403425772;18,112155;5,542353403425772;5,537197215843011;0,0;0,005156187582761051;0,005156187582761051
2024-12-21 14:00:00;2,575418885693862;16,8454875;2,575418885693862;2,5702626981111005;0,0;0,005156187582761051;0,005156187582761051
2024-12-21 15:00:00;0,0;14,962420000000002;0,0;0,0;0,0;0,0;0,005156187582761051
2024-12-21 16:00:00;0,0;14,108545000000001;0,0;0,0;0,0;0,0;0,005156187582761051
2024-12-21 17:00:00;0,0;17,863352499999998;0,0;0,0;0,0;0,0;0,005156187582761051
2024-12-21 18:00:00;0,0;20,792460000000002;0,0;0,0;0,0;0,0;0,005156187582761051
2024-12-21 19:00:00;0,0;21,267525;0,0;0,0;0,0;0,0;0,005156187582761051
2024-12-21 20:00:00;0,0;20,176117499999997;0,0;0,0;0,0;0,0;0,005156187582761051
2024-12-21 21:00:00;0,0;17,7049975;0,0;0,0;0,0;0,0;0,005156187582761051
2024-12-21 22:00:00;0,0;15,8615475;0,0;0,0;0,0;0,0;0,005156187582761051
2024-12-21 23:00:00;0,0;13,9615175;0,0;0,0;0,0;0,0;0,005156187582761051
2024-12-22 00:00:00;0,0;13,837202499999998;0,0;0,0;0,0;0,0;0,005156187582761051
2024-12-22 01:00:00;0,0;11,880535;0,0;0,0;0,0;0,0;0,005156187582761051
2024-12-22 02:00:00;0,0;10,941904999999998;0,0;0,0;0,0;0,0;0,005156187582761051
2024-12-22 03:00:00;0,0;11,2585575;0,0;0,0;0,0;0,0;0,005156187582761051
2024-12-22 04:00:00;0,0;13,4582775;0,0;0,0;0,0;0,0;0,005156187582761051
2024-12-22 05:00:00;0,0;15,1094475;0,0;0,0;0,0;0,0;0,005156187582761051
2024-12-22 06:00:00;0,0;18,2196225;0,0;0,0;0,0;0,0;0,005156187582761051
2024-12-22 07:00:00;0,0;26,0792975;0,0;0,0;0,0;0,0;0,005156187582761051
2024-12-22 08:00:00;0,16347427323665598;42,63165;0,16347427323665598;0,15831808565389494;0,0;0,005156187582761051;0,005156187582761051
2024-12-22 09:00:00;12,8333000716243;51,825325;12,8333000716243;12,82814388404154;0,0;0,005156187582761051;0,005156187582761051
2024-12-22 10:00:00;25,803827393159906;52,572250000000004;25,803827393159906;25,798671205577147;0,0;0,005156187582761051;0,005156187582761051
2024-12-22 11:00:00;13,27989894370761;54,104625;13,27989894370761;13,274742756124848;0,0;0,005156187582761051;0,005156187582761051
2024-12-22 12:00:00;3,9551556594786157;49,727725;3,9551556594786157;3,9499994718958544;0,0;0,005156187582761051;0,005156187582761051
2024-12-22 13:00:00;3,4850617067635943;41,58515;3,4850617067635943;3,479905519180833;0,0;0,005156187582761051;0,005156187582761051
2024-12-22 14:00:00;3,410670481690383;39,074125;3,410670481690383;3,4055142941076215;0,0;0,005156187582761051;0,005156187582761051
2024-12-22 15:00:00;0,40942545263294094;43,106025;0,40942545263294094;0,4042692650501799;0,0;0,005156187582761051;0,005156187582761051
2024-12-22 16:00:00;0,0;45,43535;0,0;0,0;0,0;0,0;0,005156187582761051
2024-12-22 17:00:00;0,0;46,15410000000001;0,0;0,0;0,0;0,0;0,005156187582761051
2024-12-22 18:00:00;0,0;38,03337500000001;0,0;0,0;0,0;0,0;0,005156187582761051
2024-12-22 19:00:00;0,0;26,4247;0,0;0,0;0,0;0,0;0,005156187582761051
2024-12-22 20:00:00;0,0;21,62368;0,0;0,0;0,0;0,0;0,005156187582761051
2024-12-22 21:00:00;0,0;18,9547025;0,0;0,0;0,0;0,0;0,005156187582761051
2024-12-22 22:00:00;0,0;17,2072775;0,0;0,0;0,0;0,0;0,005156187582761051
2024-12-22 23:00:00;0,0;16,0990225;0,0;0,0;0,0;0,0;0,005156187582761051
2024-12-23 00:00:00;0,0;13,837202499999998;0,0;0,0;0,0;0,0;0,005156187582761051
2024-12-23 01:00:00;0,0;11,880535;0,0;0,0;0,0;0,0;0,005156187582761051
2024-12-23 02:00:00;0,0;10,941904999999998;0,0;0,0;0,0;0,0;0,005156187582761051
2024-12-23 03:00:00;0,0;11,2585575;0,0;0,0;0,0;0,0;0,005156187582761051
2024-12-23 04:00:00;0,0;13,4582775;0,0;0,0;0,0;0,0;0,005156187582761051
2024-12-23 05:00:00;0,0;15,1094475;0,0;0,0;0,0;0,0;0,005156187582761051
2024-12-23 06:00:00;0,0;18,2196225;0,0;0,0;0,0;0,0;0,005156187582761051
2024-12-23 07:00:00;0,0;26,0792975;0,0;0,0;0,0;0,0;0,005156187582761051
2024-12-23 08:00:00;0,29803835279927593;42,63165;0,29803835279927593;0,2928821652165149;0,0;0,005156187582761051;0,005156187582761051
2024-12-23 09:00:00;8,566568276740606;51,825325;8,566568276740606;8,561412089157844;0,0;0,005156187582761051;0,005156187582761051
2024-12-23 10:00:00;3,6472487809983867;52,572250000000004;3,6472487809983867;3,6420925934156254;0,0;0,005156187582761051;0,005156187582761051
2024-12-23 11:00:00;3,6070275110378613;54,104625;3,6070275110378613;3,6018713234551;0,0;0,005156187582761051;0,005156187582761051
2024-12-23 12:00:00;7,182496453443829;49,727725;7,182496453443829;7,177340265861067;0,0;0,005156187582761051;0,005156187582761051
2024-12-23 13:00:00;7,739542918043348;41,58515;7,739542918043348;7,734386730460587;0,0;0,005156187582761051;0,005156187582761051
2024-12-23 14:00:00;12,634228088060253;39,074125;12,634228088060253;12,629071900477491;0,0;0,005156187582761051;0,005156187582761051
2024-12-23 15:00:00;4,228160211000271;43,106025;4,228160211000271;4,22300402341751;0,0;0,005156187582761051;0,005156187582761051
2024-12-23 16:00:00;0,0;45,43535;0,0;0,0;0,0;0,0;0,005156187582761051
2024-12-23 17:00:00;0,0;46,15410000000001;0,0;0,0;0,0;0,0;0,005156187582761051
2024-12-23 18:00:00;0,0;38,03337500000001;0,0;0,0;0,0;0,0;0,005156187582761051
2024-12-23 19:00:00;0,0;26,4247;0,0;0,0;0,0;0,0;0,005156187582761051
2024-12-23 20:00:00;0,0;21,62368;0,0;0,0;0,0;0,0;0,005156187582761051
2024-12-23 21:00:00;0,0;18,9547025;0,0;0,0;0,0;0,0;0,005156187582761051
2024-12-23 22:00:00;0,0;17,2072775;0,0;0,0;0,0;0,0;0,005156187582761051
2024-12-23 23:00:00;0,0;16,0990225;0,0;0,0;0,0;0,0;0,005156187582761051
2024-12-24 00:00:00;0,0;13,837202499999998;0,0;0,0;0,0;0,0;0,005156187582761051
2024-12-24 01:00:00;0,0;11,880535;0,0;0,0;0,0;0,0;0,005156187582761051
2024-12-24 02:00:00;0,0;10,941904999999998;0,0;0,0;0,0;0,0;0,005156187582761051
2024-12-24 03:00:00;0,0;11,2585575;0,0;0,0;0,0;0,0;0,005156187582761051
2024-12-24 04:00:00;0,0;13,4582775;0,0;0,0;0,0;0,0;0,005156187582761051
2024-12-24 05:00:00;0,0;15,1094475;0,0;0,0;0,0;0,0;0,005156187582761051
2024-12-24 06:00:00;0,0;18,2196225;0,0;0,0;0,0;0,0;0,005156187582761051
2024-12-24 07:00:00;0,0;26,0792975;0,0;0,0;0,0;0,0;0,005156187582761051
2024-12-24 08:00:00;0,1135990107621545;42,63165;0,1135990107621545;0,10844282317939345;0,0;0,005156187582761051;0,005156187582761051
2024-12-24 09:00:00;6,540073186082782;51,825325;6,540073186082782;6,53491699850002;0,0;0,005156187582761051;0,005156187582761051
2024-12-24 10:00:00;5,922668924608526;52,572250000000004;5,922668924608526;5,917512737025764;0,0;0,005156187582761051;0,005156187582761051
2024-12-24 11:00:00;4,67859848700293;54,104625;4,67859848700293;4,673442299420168;0,0;0,005156187582761051;0,005156187582761051
2024-12-24 12:00:00;4,626888596066003;49,727725;4,626888596066003;4,621732408483242;0,0;0,005156187582761051;0,005156187582761051
2024-12-24 13:00:00;3,2524707652832023;41,58515;3,2524707652832023;3,247314577700441;0,0;0,005156187582761051;0,005156187582761051
2024-12-24 14:00:00;1,31640510335399;39,074125;1,31640510335399;1,311248915771229;0,0;0,005156187582761051;0,005156187582761051
2024-12-24 15:00:00;0,07547868629892306;43,106025;0,07547868629892306;0,070322498716162;0,0;0,005156187582761051;0,005156187582761051
2024-12-24 16:00:00;0,0;45,43535;0,0;0,0;0,0;0,0;0,005156187582761051
2024-12-24 17:00:00;0,0;46,15410000000001;0,0;0,0;0,0;0,0;0,005156187582761051
2024-12-24 18:00:00;0,0;38,03337500000001;0,0;0,0;0,0;0,0;0,005156187582761051
2024-12-24 19:00:00;0,0;26,4247;0,0;0,0;0,0;0,0;0,005156187582761051
2024-12-24 20:00:00;0,0;21,62368;0,0;0,0;0,0;0,0;0,005156187582761051
2024-12-24 21:00:00;0,0;18,9547025;0,0;0,0;0,0;0,0;0,005156187582761051
2024-12-24 22:00:00;0,0;17,2072775;0,0;0,0;0,0;0,0;0,005156187582761051
2024-12-24 23:00:00;0,0;16,0990225;0,0;0,0;0,0;0,0;0,005156187582761051
2024-12-25 00:00:00;0,0;13,837202499999998;0,0;0,0;0,0;0,0;0,005156187582761051
2024-12-25 01:00:00;0,0;11,880535;0,0;0,0;0,0;0,0;0,005156187582761051
2024-12-25 02:00:00;0,0;10,941904999999998;0,0;0,0;0,0;0,0;0,005156187582761051
2024-12-25 03:00:00;0,0;11,2585575;0,0;0,0;0,0;0,0;0,005156187582761051
2024-12-25 04:00:00;0,0;13,4582775;0,0;0,0;0,0;0,0;0,005156187582761051
2024-12-25 05:00:00;0,0;15,1094475;0,0;0,0;0,0;0,0;0,005156187582761051
2024-12-25 06:00:00;0,0;18,2196225;0,0;0,0;0,0;0,0;0,005156187582761051
2024-12-25 07:00:00;0,0;26,0792975;0,0;0,0;0,0;0,0;0,005156187582761051
2024-12-25 08:00:00;0,37292522346515833;42,63165;0,37292522346515833;0,3677690358823973;0,0;0,005156187582761051;0,005156187582761051
2024-12-25 09:00:00;9,418006030300788;51,825325;9,418006030300788;9,412849842718026;0,0;0,005156187582761051;0,005156187582761051
2024-12-25 10:00:00;9,976753964845301;52,572250000000004;9,976753964845301;9,97159777726254;0,0;0,005156187582761051;0,005156187582761051
2024-12-25 11:00:00;10,122636518389823;54,104625;10,122636518389823;10,117480330807062;0,0;0,005156187582761051;0,005156187582761051
2024-12-25 12:00:00;27,090064694619652;49,727725;27,090064694619652;27,084908507036893;0,0;0,005156187582761051;0,005156187582761051
2024-12-25 13:00:00;21,526923767083325;41,58515;21,526923767083325;21,521767579500565;0,0;0,005156187582761051;0,005156187582761051
2024-12-25 14:00:00;7,184715762067731;39,074125;7,184715762067731;7,17955957448497;0,0;0,005156187582761051;0,005156187582761051
2024-12-25 15:00:00;0,7076709409037809;43,106025;0,7076709409037809;0,7025147533210199;0,0;0,005156187582761051;0,005156187582761051
2024-12-25 16:00:00;0,0;45,43535;0,0;0,0;0,0;0,0;0,005156187582761051
2024-12-25 17:00:00;0,0;46,15410000000001;0,0;0,0;0,0;0,0;0,005156187582761051
2024-12-25 18:00:00;0,0;38,03337500000001;0,0;0,0;0,0;0,0;0,005156187582761051
2024-12-25 19:00:00;0,0;26,4247;0,0;0,0;0,0;0,0;0,005156187582761051
2024-12-25 20:00:00;0,0;21,62368;0,0;0,0;0,0;0,0;0,005156187582761051
2024-12-25 21:00:00;0,0;18,9547025;0,0;0,0;0,0;0,0;0,005156187582761051
2024-12-25 22:00:00;0,0;17,2072775;0,0;0,0;0,0;0,0;0,005156187582761051
2024-12-25 23:00:00;0,0;16,0990225;0,0;0,0;0,0;0,0;0,005156187582761051
2024-12-26 00:00:00;0,0;13,837202499999998;0,0;0,0;0,0;0,0;0,005156187582761051
2024-12-26 01:00:00;0,0;11,880535;0,0;0,0;0,0;0,0;0,005156187582761051
2024-12-26 02:00:00;0,0;10,941904999999998;0,0;0,0;0,0;0,0;0,005156187582761051
2024-12-26 03:00:00;0,0;11,2585575;0,0;0,0;0,0;0,0;0,005156187582761051
2024-12-26 04:00:00;0,0;13,4582775;0,0;0,0;0,0;0,0;0,005156187582761051
2024-12-26 05:00:00;0,0;15,1094475;0,0;0,0;0,0;0,0;0,005156187582761051
2024-12-26 06:00:00;0,0;18,2196225;0,0;0,0;0,0;0,0;0,005156187582761051
2024-12-26 07:00:00;0,0;26,0792975;0,0;0,0;0,0;0,0;0,005156187582761051
2024-12-26 08:00:00;1,6467343966310468;42,63165;1,6467343966310468;1,6415782090482858;0,0;0,005156187582761051;0,005156187582761051
2024-12-26 09:00:00;22,167490212895707;51,825325;22,167490212895707;22,162334025312948;0,0;0,005156187582761051;0,005156187582761051
2024-12-26 10:00:00;44,97946765017269;52,572250000000004;44,97946765017269;44,974311462589924;0,0;0,005156187582761051;0,005156187582761051
2024-12-26 11:00:00;52,69082534869247;54,104625;52,69082534869247;52,68566916110971;0,0;0,005156187582761051;0,005156187582761051
2024-12-26 12:00:00;29,837494794056777;49,727725;29,837494794056777;29,832338606474018;0,0;0,005156187582761051;0,005156187582761051
2024-12-26 13:00:00;11,382833931995776;41,58515;11,382833931995776;11,377677744413015;0,0;0,005156187582761051;0,005156187582761051
2024-12-26 14:00:00;8,922064529812717;39,074125;8,922064529812717;8,916908342229956;0,0;0,005156187582761051;0,005156187582761051
2024-12-26 15:00:00;1,2537244301195711;43,106025;1,2537244301195711;1,24856824253681;0,0;0,005156187582761051;0,005156187582761051
2024-12-26 16:00:00;0,0;45,43535;0,0;0,0;0,0;0,0;0,005156187582761051
2024-12-26 17:00:00;0,0;46,15410000000001;0,0;0,0;0,0;0,0;0,005156187582761051
2024-12-26 18:00:00;0,0;38,03337500000001;0,0;0,0;0,0;0,0;0,005156187582761051
2024-12-26 19:00:00;0,0;26,4247;0,0;0,0;0,0;0,0;0,005156187582761051
2024-12-26 20:00:00;0,0;21,62368;0,0;0,0;0,0;0,0;0,005156187582761051
2024-12-26 21:00:00;0,0;18,9547025;0,0;0,0;0,0;0,0;0,005156187582761051
2024-12-26 22:00:00;0,0;17,2072775;0,0;0,0;0,0;0,0;0,005156187582761051
2024-12-26 23:00:00;0,0;16,0990225;0,0;0,0;0,0;0,0;0,005156187582761051
2024-12-27 00:00:00;0,0;16,76631;0,0;0,0;0,0;0,0;0,005156187582761051
2024-12-27 01:00:00;0,0;16,5853;0,0;0,0;0,0;0,0;0,005156187582761051
2024-12-27 02:00:00;0,0;14,673999999999998;0,0;0,0;0,0;0,0;0,005156187582761051
2024-12-27 03:00:00;0,0;14,4478525;0,0;0,0;0,0;0,0;0,005156187582761051
2024-12-27 04:00:00;0,0;14,9398225;0,0;0,0;0,0;0,0;0,005156187582761051
2024-12-27 05:00:00;0,0;15,98592;0,0;0,0;0,0;0,0;0,005156187582761051
2024-12-27 06:00:00;0,0;18,095135;0,0;0,0;0,0;0,0;0,005156187582761051
2024-12-27 07:00:00;0,0;26,729795000000003;0,0;0,0;0,0;0,0;0,005156187582761051
2024-12-27 08:00:00;0,06996000552081891;38,362275000000004;0,06996000552081891;0,06480381793805785;0,0;0,005156187582761051;0,005156187582761051
2024-12-27 09:00:00;9,098603133148744;43,796025;9,098603133148744;9,093446945565983;0,0;0,005156187582761051;0,005156187582761051
2024-12-27 10:00:00;24,968627581031278;46,102925;24,968627581031278;24,96347139344852;0,0;0,005156187582761051;0,005156187582761051
2024-12-27 11:00:00;22,512074865233632;46,917125;22,512074865233632;22,506918677650873;0,0;0,005156187582761051;0,005156187582761051
2024-12-27 12:00:00;11,067026314814456;44,610225;11,067026314814456;11,061870127231694;0,0;0,005156187582761051;0,005156187582761051
2024-12-27 13:00:00;14,093645439138516;39,006275;14,093645439138516;14,088489251555755;0,0;0,005156187582761051;0,005156187582761051
2024-12-27 14:00:00;6,56508479427416;29,223799999999997;6,56508479427416;6,559928606691399;0,0;0,005156187582761051;0,005156187582761051
2024-12-27 15:00:00;2,128213402586688;21,6350075;2,128213402586688;2,123057215003927;0,0;0,005156187582761051;0,005156187582761051
2024-12-27 16:00:00;0,0;18,915142499999998;0,0;0,0;0,0;0,0;0,005156187582761051
2024-12-27 17:00:00;0,0;20,634104999999998;0,0;0,0;0,0;0,0;0,005156187582761051
2024-12-27 18:00:00;0,0;21,929005;0,0;0,0;0,0;0,0;0,005156187582761051
2024-12-27 19:00:00;0,0;21,912157500000003;0,0;0,0;0,0;0,0;0,005156187582761051
2024-12-27 20:00:00;0,0;21,17702;0,0;0,0;0,0;0,0;0,005156187582761051
2024-12-27 21:00:00;0,0;19,305279999999996;0,0;0,0;0,0;0,0;0,005156187582761051
2024-12-27 22:00:00;0,0;17,4053075;0,0;0,0;0,0;0,0;0,005156187582761051
2024-12-27 23:00:00;0,0;15,516547499999998;0,0;0,0;0,0;0,0;0,005156187582761051
2024-12-28 00:00:00;0,0;13,577015000000001;0,0;0,0;0,0;0,0;0,005156187582761051
2024-12-28 01:00:00;0,0;11,965405;0,0;0,0;0,0;0,0;0,005156187582761051
2024-12-28 02:00:00;0,0;10,4443;0,0;0,0;0,0;0,0;0,005156187582761051
2024-12-28 03:00:00;0,0;9,5961175;0,0;0,0;0,0;0,0;0,005156187582761051
2024-12-28 04:00:00;0,0;9,47163;0,0;0,0;0,0;0,0;0,005156187582761051
2024-12-28 05:00:00;0,0;9,9636;0,0;0,0;0,0;0,0;0,005156187582761051
2024-12-28 06:00:00;0,0;11,207669999999998;0,0;0,0;0,0;0,0;0,005156187582761051
2024-12-28 07:00:00;0,0;11,6035;0,0;0,0;0,0;0,0;0,005156187582761051
2024-12-28 08:00:00;1,7945551463737774;11,134185;1,7945551463737774;1,7893989587910164;0,0;0,005156187582761051;0,005156187582761051
2024-12-28 09:00:00;25,372245842765004;12,5365525;12,5365525;12,5365525;12,830537155182244;0,005156187582761051;0,005156187582761051
2024-12-28 10:00:00;50,867293429385946;14,928495;14,928495;14,928495;35,933642241803184;0,005156187582761051;0,005156187582761051
2024-12-28 11:00:00;61,90539475513554;16,466562500000002;16,466562500000002;16,466562500000002;45,433676067552774;0,005156187582761051;0,005156187582761051
2024-12-28 12:00:00;52,821764557502725;17,591894999999997;17,591894999999997;17,591894999999997;35,22471336991997;0,005156187582761051;0,005156187582761051
2024-12-28 13:00:00;40,686585002004;18,112155;18,112155;18,112155;22,569273814421237;0,005156187582761051;0,005156187582761051
2024-12-28 14:00:00;24,00019527451437;16,8454875;16,8454875;16,8454875;7,149551586931608;0,005156187582761051;0,005156187582761051
2024-12-28 15:00:00;4,350044640624995;14,962420000000002;4,350044640624995;4,344888453042234;0,0;0,005156187582761051;0,005156187582761051
2024-12-28 16:00:00;0,0;14,108545000000001;0,0;0,0;0,0;0,0;0,005156187582761051
2024-12-28 17:00:00;0,0;17,863352499999998;0,0;0,0;0,0;0,0;0,005156187582761051
2024-12-28 18:00:00;0,0;20,792460000000002;0,0;0,0;0,0;0,0;0,005156187582761051
2024-12-28 19:00:00;0,0;21,267525;0,0;0,0;0,0;0,0;0,005156187582761051
2024-12-28 20:00:00;0,0;20,176117499999997;0,0;0,0;0,0;0,0;0,005156187582761051
2024-12-28 21:00:00;0,0;17,7049975;0,0;0,0;0,0;0,0;0,005156187582761051
2024-12-28 22:00:00;0,0;15,8615475;0,0;0,0;0,0;0,0;0,005156187582761051
2024-12-28 23:00:00;0,0;13,9615175;0,0;0,0;0,0;0,0;0,005156187582761051
2024-12-29 00:00:00;0,0;13,837202499999998;0,0;0,0;0,0;0,0;0,005156187582761051
2024-12-29 01:00:00;0,0;11,880535;0,0;0,0;0,0;0,0;0,005156187582761051
2024-12-29 02:00:00;0,0;10,941904999999998;0,0;0,0;0,0;0,0;0,005156187582761051
2024-12-29 03:00:00;0,0;11,2585575;0,0;0,0;0,0;0,0;0,005156187582761051
2024-12-29 04:00:00;0,0;13,4582775;0,0;0,0;0,0;0,0;0,005156187582761051
2024-12-29 05:00:00;0,0;15,1094475;0,0;0,0;0,0;0,0;0,005156187582761051
2024-12-29 06:00:00;0,0;18,2196225;0,0;0,0;0,0;0,0;0,005156187582761051
2024-12-29 07:00:00;0,0;26,0792975;0,0;0,0;0,0;0,0;0,005156187582761051
2024-12-29 08:00:00;1,783606557162525;42,63165;1,783606557162525;1,778450369579764;0,0;0,005156187582761051;0,005156187582761051
2024-12-29 09:00:00;25,593658866476343;51,825325;25,593658866476343;25,588502678893583;0,0;0,005156187582761051;0,005156187582761051
2024-12-29 10:00:00;53,30039545072435;52,572250000000004;52,572250000000004;52,572250000000004;0,7229892631415851;0,005156187582761051;0,005156187582761051
2024-12-29 11:00:00;65,62495600879608;54,104625;54,104625;54,104625;11,515174821213321;0,005156187582761051;0,005156187582761051
2024-12-29 12:00:00;59,55440715288151;49,727725;49,727725;49,727725;9,821525965298747;0,005156187582761051;0,005156187582761051
2024-12-29 13:00:00;46,447910189654834;41,58515;41,58515;41,58515;4,8576040020720725;0,005156187582761051;0,005156187582761051
2024-12-29 14:00:00;28,36809055417095;39,074125;28,36809055417095;28,362934366588192;0,0;0,005156187582761051;0,005156187582761051
2024-12-29 15:00:00;6,673246498907755;43,106025;6,673246498907755;6,668090311324994;0,0;0,005156187582761051;0,005156187582761051
2024-12-29 16:00:00;0,0;45,43535;0,0;0,0;0,0;0,0;0,005156187582761051
2024-12-29 17:00:00;0,0;46,15410000000001;0,0;0,0;0,0;0,0;0,005156187582761051
2024-12-29 18:00:00;0,0;38,03337500000001;0,0;0,0;0,0;0,0;0,005156187582761051
2024-12-29 19:00:00;0,0;26,4247;0,0;0,0;0,0;0,0;0,005156187582761051
2024-12-29 20:00:00;0,0;21,62368;0,0;0,0;0,0;0,0;0,005156187582761051
2024-12-29 21:00:00;0,0;18,9547025;0,0;0,0;0,0;0,0;0,005156187582761051
2024-12-29 22:00:00;0,0;17,2072775;0,0;0,0;0,0;0,0;0,005156187582761051
2024-12-29 23:00:00;0,0;16,0990225;0,0;0,0;0,0;0,0;0,005156187582761051
2024-12-30 00:00:00;0,0;13,837202499999998;0,0;0,0;0,0;0,0;0,005156187582761051
2024-12-30 01:00:00;0,0;11,880535;0,0;0,0;0,0;0,0;0,005156187582761051
2024-12-30 02:00:00;0,0;10,941904999999998;0,0;0,0;0,0;0,0;0,005156187582761051
2024-12-30 03:00:00;0,0;11,2585575;0,0;0,0;0,0;0,0;0,005156187582761051
2024-12-30 04:00:00;0,0;13,4582775;0,0;0,0;0,0;0,0;0,005156187582761051
2024-12-30 05:00:00;0,0;15,1094475;0,0;0,0;0,0;0,0;0,005156187582761051
2024-12-30 06:00:00;0,0;18,2196225;0,0;0,0;0,0;0,0;0,005156187582761051
2024-12-30 07:00:00;0,0;26,0792975;0,0;0,0;0,0;0,0;0,005156187582761051
2024-12-30 08:00:00;1,1695460540149503;42,63165;1,1695460540149503;1,1643898664321892;0,0;0,005156187582761051;0,005156187582761051
2024-12-30 09:00:00;21,876538852302094;51,825325;21,876538852302094;21,871382664719334;0,0;0,005156187582761051;0,005156187582761051
2024-12-30 10:00:00;49,74432326569129;52,572250000000004;49,74432326569129;49,73916707810853;0,0;0,005156187582761051;0,005156187582761051
2024-12-30 11:00:00;60,271243838402015;54,104625;54,104625;54,104625;6,161462650819253;0,005156187582761051;0,005156187582761051
2024-12-30 12:00:00;54,026109370740464;49,727725;49,727725;49,727725;4,2932281831577015;0,005156187582761051;0,005156187582761051
2024-12-30 13:00:00;34,70192338983448;41,58515;34,70192338983448;34,69676720225171;0,0;0,005156187582761051;0,005156187582761051
2024-12-30 14:00:00;19,310130359621276;39,074125;19,310130359621276;19,304974172038516;0,0;0,005156187582761051;0,005156187582761051
2024-12-30 15:00:00;6,425800985038042;43,106025;6,425800985038042;6,420644797455281;0,0;0,005156187582761051;0,005156187582761051
2024-12-30 16:00:00;0,0;45,43535;0,0;0,0;0,0;0,0;0,005156187582761051
2024-12-30 17:00:00;0,0;46,15410000000001;0,0;0,0;0,0;0,0;0,005156187582761051
2024-12-30 18:00:00;0,0;38,03337500000001;0,0;0,0;0,0;0,0;0,005156187582761051
2024-12-30 19:00:00;0,0;26,4247;0,0;0,0;0,0;0,0;0,005156187582761051
2024-12-30 20:00:00;0,0;21,62368;0,0;0,0;0,0;0,0;0,005156187582761051
2024-12-30 21:00:00;0,0;18,9547025;0,0;0,0;0,0;0,0;0,005156187582761051
2024-12-30 22:00:00;0,0;17,2072775;0,0;0,0;0,0;0,0;0,005156187582761051
2024-12-30 23:00:00;0,0;16,0990225;0,0;0,0;0,0;0,0;0,005156187582761051
